,time,qpos,qvel,qacc,ctrl
0,0.0,[0. 0.],[0. 0.],[  3.27535452 207.46654929],[0.01070812 0.24150141]
1,0.001,[3.27535452e-06 2.07466549e-04],[0.00327535 0.20746655],[  3.14246021 199.04068906],[0.01034221 0.23170939]
2,0.002,[9.69316926e-06 6.13973788e-04],[0.00641781 0.40650724],[  3.01449083 190.92806989],[0.00998246 0.22229866]
3,0.003,[1.91254748e-05 1.21140910e-03],[0.00943231 0.59743531],[  2.89126236 183.11718539],[0.00962866 0.21325517]
4,0.004,[3.14490428e-05 1.99196159e-03],[0.01232357 0.78055249],[  2.7725962  175.59694127],[0.00928056 0.20456541]
5,0.005,[4.65452069e-05 2.94811102e-03],[0.01509616 0.95614943],[  2.65831938 168.35664364],[0.00893797 0.19621634]
6,0.006,[6.42996904e-05 4.07261710e-03],[0.01775448 1.12450608],[  2.54826468 161.3859871 ],[0.00860067 0.1881954 ]
7,0.007,[8.46024386e-05 5.35850917e-03],[0.02030275 1.28589207],[  2.44227069 154.67504272],[0.00826846 0.18049052]
8,0.008,[0.00010735 0.00679908],[0.02274502 1.44056711],[  2.34018177 148.21424594],[0.00794116 0.17309005]
9,0.009000000000000001,[0.00013243 0.00838786],[0.0250852  1.58878135],[  2.24184807 141.99438455],[0.00761857 0.16598277]
10,0.010000000000000002,[0.00015976 0.01011863],[0.02732705 1.73077574],[  2.14712541 136.00658675],[0.00730053 0.15915788]
11,0.011000000000000003,[0.00018923 0.01198542],[0.02947417 1.86678233],[  2.05587521 130.24230936],[0.00698685 0.15260497]
12,0.012000000000000004,[0.00022076 0.01398244],[0.03153005 1.99702463],[  1.96796433 124.69332628],[0.00667739 0.14631402]
13,0.013000000000000005,[0.00025426 0.01610416],[0.03349801 2.12171796],[  1.88326493 119.35171713],[0.00637197 0.14027537]
14,0.014000000000000005,[0.00028964 0.01834523],[0.03538128 2.24106968],[  1.80165436 114.20985616],[0.00607045 0.13447972]
15,0.015000000000000006,[0.00032683 0.02070051],[0.03718293 2.35527953],[  1.72301493 109.26040149],[0.00577269 0.1289181 ]
16,0.016000000000000007,[0.00036573 0.02316505],[0.03890595 2.46453994],[  1.64723379 104.49628463],[0.00547854 0.1235819 ]
17,0.017000000000000008,[0.00040629 0.02573408],[0.04055318 2.56903622],[ 1.57420274 99.91070022],[0.00518787 0.11846279]
18,0.01800000000000001,[0.00044841 0.02840303],[0.04212738 2.66894692],[ 1.50381802 95.49709627],[0.00490055 0.11355276]
19,0.01900000000000001,[0.00049204 0.03116747],[0.0436312  2.76444402],[ 1.43598018 91.24916453],[0.00461646 0.1088441 ]
20,0.02000000000000001,[0.00053711 0.03402317],[0.04506718 2.85569318],[ 1.37059391 87.1608313 ],[0.00433547 0.10432936]
21,0.02100000000000001,[0.00058355 0.03696602],[0.04643778 2.94285401],[ 1.30756779 83.2262485 ],[0.00405748 0.10000139]
22,0.022000000000000013,[0.00063129 0.0399921 ],[0.04774534 3.02608026],[ 1.24681423 79.43978513],[0.00378237 0.09585329]
23,0.023000000000000013,[0.00068029 0.04309762],[0.04899216 3.10552005],[ 1.18824921 75.79601894],[0.00351003 0.09187841]
24,0.024000000000000014,[0.00073047 0.04627894],[0.05018041 3.18131607],[ 1.1317922  72.28972848],[0.00324036 0.08807033]
25,0.025000000000000015,[0.00078178 0.04953254],[0.0513122  3.25360579],[ 1.07736593 68.91588542],[0.00297327 0.08442288]
26,0.026000000000000016,[0.00083417 0.05285507],[0.05238957 3.32252168],[ 1.0248963  65.66964718],[0.00270865 0.08093012]
27,0.027000000000000017,[0.00088758 0.05624326],[0.05341446 3.38819133],[ 0.97431221 62.54634983],[0.00244642 0.07758632]
28,0.028000000000000018,[0.00094197 0.05969399],[0.05438877 3.45073768],[ 0.92554542 59.54150126],[0.00218649 0.07438594]
29,0.02900000000000002,[0.00099729 0.06320427],[0.05531432 3.51027918],[ 0.87853043 56.65077463],[0.00192877 0.07132368]
30,0.03000000000000002,[0.00105348 0.0667712 ],[0.05619285 3.56692995],[ 0.83320436 53.87000209],[0.00167318 0.06839439]
31,0.03100000000000002,[0.0011105 0.070392 ],[0.05702605 3.62079995],[ 0.7895068 51.1951687],[0.00141965 0.06559314]
32,0.03200000000000002,[0.00116832 0.074064  ],[0.05781556 3.67199512],[ 0.74737972 48.62240664],[0.00116809 0.06291516]
33,0.03300000000000002,[0.00122688 0.07778462],[0.05856294 3.72061753],[ 0.70676736 46.14798964],[0.00091843 0.06035586]
34,0.03400000000000002,[0.00128615 0.08155138],[0.05926971 3.76676552],[ 0.66761612 43.76832761],[0.00067061 0.05791083]
35,0.035000000000000024,[0.00134609 0.08536192],[0.05993732 3.81053385],[ 0.62987447 41.4799615 ],[0.00042455 0.05557579]
36,0.036000000000000025,[0.00140666 0.08921393],[0.0605672  3.85201381],[ 0.59349283 39.27955838],[0.00018019 0.05334664]
37,0.037000000000000026,[0.00146782 0.09310522],[0.06116069 3.89129337],[ 0.55842351 37.16390668],[-6.25344533e-05  5.12194151e-02]
38,0.03800000000000003,[0.00152954 0.09703368],[0.06171912 3.92845727],[ 0.52462063 35.12991167],[-0.00030369  0.04919031]
39,0.03900000000000003,[0.00159178 0.10099727],[0.06224374 3.96358719],[ 0.49204    33.17459103],[-0.00054332  0.04725564]
40,0.04000000000000003,[0.00165452 0.10499403],[0.06273578 3.99676178],[ 0.46063908 31.29507073],[-0.0007815   0.04541186]
41,0.04100000000000003,[0.00171771 0.10902209],[0.06319642 4.02805685],[ 0.43037691 29.48858095],[-0.00101828  0.04365556]
42,0.04200000000000003,[0.00178134 0.11307963],[0.06362679 4.05754543],[ 0.40121401 27.75245223],[-0.0012537   0.04198345]
43,0.04300000000000003,[0.00184537 0.11716493],[0.06402801 4.08529788],[ 0.37311235 26.08411174],[-0.00148783  0.04039235]
44,0.04400000000000003,[0.00190977 0.12127631],[0.06440112 4.11138199],[ 0.34603527 24.48107974],[-0.0017207   0.03887921]
45,0.04500000000000003,[0.00197452 0.12541217],[0.06474715 4.13586307],[ 0.31994743 22.94096609],[-0.00195237  0.03744108]
46,0.046000000000000034,[0.00203958 0.12957098],[0.0650671  4.15880404],[ 0.29481473 21.46146701],[-0.00218289  0.03607513]
47,0.047000000000000035,[0.00210495 0.13375124],[0.06536192 4.1802655 ],[ 0.27060431 20.0403619 ],[-0.00241229  0.03477861]
48,0.048000000000000036,[0.00217058 0.13795155],[0.06563252 4.20030587],[ 0.24728445 18.67551027],[-0.00264063  0.0335489 ]
49,0.04900000000000004,[0.00223646 0.14217053],[0.0658798  4.21898138],[ 0.22482455 17.36484883],[-0.00286793  0.03238344]
50,0.05000000000000004,[0.00230256 0.14640688],[0.06610463 4.23634623],[ 0.20319507 16.10638867],[-0.00309425  0.0312798 ]
51,0.05100000000000004,[0.00236887 0.15065933],[0.06630782 4.25245261],[ 0.1823675  14.89821257],[-0.00331961  0.03023561]
52,0.05200000000000004,[0.00243536 0.15492668],[0.06649019 4.26735083],[ 0.16231432 13.73847236],[-0.00354407  0.02924859]
53,0.05300000000000004,[0.00250201 0.15920777],[0.06665251 4.2810893 ],[ 0.14300894 12.62538645],[-0.00376764  0.02831657]
54,0.05400000000000004,[0.00256881 0.16350148],[0.06679551 4.29371469],[ 0.12442572 11.5572374 ],[-0.00399037  0.02743742]
55,0.05500000000000004,[0.00263573 0.16780676],[0.06691994 4.30527192],[ 0.10653984 10.53236962],[-0.00421229  0.02660911]
56,0.05600000000000004,[0.00270275 0.17212256],[0.06702648 4.31580429],[0.08932738 9.54918711],[-0.00443344  0.02582968]
57,0.057000000000000044,[0.00276987 0.17644791],[0.06711581 4.32535348],[0.07276518 8.60615134],[-0.00465383  0.02509725]
58,0.058000000000000045,[0.00283706 0.18078187],[0.06718857 4.33395963],[0.05683091 7.70177918],[-0.00487351  0.02441   ]
59,0.059000000000000045,[0.0029043  0.18512354],[0.0672454  4.34166141],[0.04150296 6.83464087],[-0.0050925   0.02376616]
60,0.060000000000000046,[0.00297159 0.18947203],[0.06728691 4.34849605],[0.02676047 6.00335817],[-0.00531083  0.02316405]
61,0.06100000000000005,[0.00303891 0.19382653],[0.06731367 4.35449941],[0.01258325 5.20660245],[-0.00552853  0.02260205]
62,0.06200000000000005,[0.00310623 0.19818624],[0.06732625 4.35970601],[-1.04819260e-03  4.44309295e+00],[-0.00574562  0.02207858]
63,0.06300000000000004,[0.00317356 0.20255039],[0.0673252 4.3641491],[-0.0141527   3.71159506],[-0.00596212  0.02159214]
64,0.06400000000000004,[0.00324087 0.20691825],[0.06731105 4.3678607 ],[-0.02674848  3.01091866],[-0.00617807  0.02114127]
65,0.06500000000000004,[0.00330815 0.21128912],[0.0672843  4.37087162],[-0.03885315  2.33991655],[-0.00639348  0.02072456]
66,0.06600000000000004,[0.0033754  0.21566233],[0.06724545 4.37321154],[-0.05048373  1.69748288],[-0.00660838  0.02034067]
67,0.06700000000000005,[0.00344259 0.22003724],[0.06719496 4.37490902],[-0.06165669  1.08255171],[-0.00682278  0.0199883 ]
68,0.06800000000000005,[0.00350973 0.22441323],[0.06713331 4.37599157],[-0.07238792  0.49409558],[-0.00703671  0.01966619]
69,0.06900000000000005,[0.00357679 0.22878972],[0.06706092 4.37648567],[-0.08269281 -0.06887588],[-0.0072502   0.01937313]
70,0.07000000000000005,[0.00364376 0.23316613],[0.06697823 4.37641679],[-0.09258624 -0.60731724],[-0.00746325  0.01910797]
71,0.07100000000000005,[0.00371065 0.23754194],[0.06688564 4.37580947],[-0.10208257 -1.12214859],[-0.00767589  0.01886958]
72,0.07200000000000005,[0.00377743 0.24191663],[0.06678356 4.37468732],[-0.11119571 -1.61425674],[-0.00788813  0.01865689]
73,0.07300000000000005,[0.00384411 0.2462897 ],[0.06667236 4.37307307],[-0.1199391 -2.0844964],[-0.00809999  0.01846885]
74,0.07400000000000005,[0.00391066 0.25066069],[0.06655242 4.37098857],[-0.12832573 -2.53369132],[-0.00831149  0.01830447]
75,0.07500000000000005,[0.00397708 0.25502915],[0.0664241  4.36845488],[-0.13636816 -2.96263545],[-0.00852265  0.01816277]
76,0.07600000000000005,[0.00404337 0.25939464],[0.06628773 4.36549224],[-0.14407854 -3.3720939 ],[-0.00873348  0.01804285]
77,0.07700000000000005,[0.00410951 0.26375676],[0.06614365 4.36212015],[-0.1514686  -3.76280408],[-0.00894399  0.01794379]
78,0.07800000000000006,[0.00417551 0.26811512],[0.06599218 4.35835735],[-0.1585497  -4.13547659],[-0.0091542   0.01786474]
79,0.07900000000000006,[0.00424134 0.27246934],[0.06583363 4.35422187],[-0.16533281 -4.49079624],[-0.00936412  0.01780488]
80,0.08000000000000006,[0.00430701 0.27681907],[0.0656683  4.34973107],[-0.17182853 -4.82942294],[-0.00957377  0.0177634 ]
81,0.08100000000000006,[0.00437251 0.28116397],[0.06549647 4.34490165],[-0.17804712 -5.15199259],[-0.00978316  0.01773953]
82,0.08200000000000006,[0.00443782 0.28550372],[0.06531842 4.33974966],[-0.18399849 -5.45911793],[-0.00999229  0.01773255]
83,0.08300000000000006,[0.00450296 0.28983801],[0.06513443 4.33429054],[-0.18969221 -5.75138941],[-0.0102012   0.01774173]
84,0.08400000000000006,[0.0045679  0.29416655],[0.06494473 4.32853915],[-0.19513754 -6.02937591],[-0.01040987  0.01776638]
85,0.08500000000000006,[0.00463265 0.29848906],[0.0647496  4.32250977],[-0.20034344 -6.29362558],[-0.01061833  0.01780586]
86,0.08600000000000006,[0.0046972  0.30280528],[0.06454925 4.31621615],[-0.20531854 -6.54466655],[-0.01082658  0.01785952]
87,0.08700000000000006,[0.00476155 0.30711495],[0.06434393 4.30967148],[-0.21007121 -6.78300764],[-0.01103464  0.01792676]
88,0.08800000000000006,[0.00482568 0.31141784],[0.06413386 4.30288847],[-0.21460953 -7.00913905],[-0.01124252  0.01800698]
89,0.08900000000000007,[0.0048896  0.31571372],[0.06391925 4.29587934],[-0.21894129 -7.22353306],[-0.01145021  0.01809962]
90,0.09000000000000007,[0.0049533  0.32000237],[0.06370031 4.2886558 ],[-0.22307403 -7.42664462],[-0.01165775  0.01820414]
91,0.09100000000000007,[0.00501678 0.3242836 ],[0.06347724 4.28122916],[-0.22701505 -7.61891202],[-0.01186512  0.01832001]
92,0.09200000000000007,[0.00508003 0.32855721],[0.06325022 4.27361025],[-0.23077138 -7.80075744],[-0.01207234  0.01844672]
93,0.09300000000000007,[0.00514305 0.33282302],[0.06301945 4.26580949],[-0.23434983 -7.97258757],[-0.01227942  0.01858379]
94,0.09400000000000007,[0.00520583 0.33708086],[0.0627851 4.2578369],[-0.23775695 -8.13479415],[-0.01248637  0.01873075]
95,0.09500000000000007,[0.00526838 0.34133056],[0.06254734 4.24970211],[-0.2409991  -8.28775448],[-0.01269318  0.01888715]
96,0.09600000000000007,[0.00533068 0.34557197],[0.06230635 4.24141435],[-0.24408241 -8.43183199],[-0.01289988  0.01905256]
97,0.09700000000000007,[0.00539275 0.34980496],[0.06206226 4.23298252],[-0.24701279 -8.5673767 ],[-0.01310646  0.01922656]
98,0.09800000000000007,[0.00545456 0.35402937],[0.06181525 4.22441514],[-0.24979596 -8.69472571],[-0.01331294  0.01940876]
99,0.09900000000000007,[0.00551613 0.35824509],[0.06156545 4.21572042],[-0.25243745 -8.81420369],[-0.01351931  0.01959877]
100,0.10000000000000007,[0.00557744 0.362452  ],[0.06131302 4.20690621],[-0.25494259 -8.92612329],[-0.01372559  0.0197962 ]
101,0.10100000000000008,[0.0056385  0.36664998],[0.06105807 4.19798009],[-0.25731653 -9.03078559],[-0.01393177  0.02000072]
102,0.10200000000000008,[0.0056993  0.37083893],[0.06080076 4.1889493 ],[-0.25956423 -9.12848054],[-0.01413788  0.02021198]
103,0.10300000000000008,[0.00575984 0.37501875],[0.06054119 4.17982082],[-0.26169051 -9.21948731],[-0.0143439   0.02042964]
104,0.10400000000000008,[0.00582012 0.37918935],[0.0602795  4.17060134],[-0.26369998 -9.30407474],[-0.01454984  0.02065339]
105,0.10500000000000008,[0.00588014 0.38335065],[0.0600158  4.16129726],[-0.26559714 -9.38250168],[-0.01475572  0.02088293]
106,0.10600000000000008,[0.00593989 0.38750256],[0.05975021 4.15191476],[-0.26738628 -9.45501733],[-0.01496153  0.02111796]
107,0.10700000000000008,[0.00599937 0.39164502],[0.05948282 4.14245974],[-0.2690716  -9.52186164],[-0.01516728  0.02135819]
108,0.10800000000000008,[0.00605858 0.39577796],[0.05921375 4.13293788],[-0.2706571  -9.58326563],[-0.01537297  0.02160337]
109,0.10900000000000008,[0.00611753 0.39990131],[0.05894309 4.12335462],[-0.27214667 -9.63945167],[-0.0155786   0.02185322]
110,0.11000000000000008,[0.0061762  0.40401503],[0.05867094 4.11371516],[-0.27354406 -9.69063387],[-0.01578419  0.0221075 ]
111,0.11100000000000008,[0.00623459 0.40811905],[0.0583974  4.10402453],[-0.27485288 -9.73701831],[-0.01598973  0.02236596]
112,0.11200000000000009,[0.00629272 0.41221334],[0.05812255 4.09428751],[-0.27607663 -9.77880337],[-0.01619522  0.02262838]
113,0.11300000000000009,[0.00635056 0.41629785],[0.05784647 4.08450871],[-0.27721867 -9.81618001],[-0.01640067  0.02289452]
114,0.11400000000000009,[0.00640813 0.42037254],[0.05756925 4.07469253],[-0.27828225 -9.84933203],[-0.01660609  0.02316419]
115,0.11500000000000009,[0.00646542 0.42443739],[0.05729097 4.0648432 ],[-0.2792705  -9.87843631],[-0.01681147  0.02343716]
116,0.11600000000000009,[0.00652243 0.42849235],[0.0570117  4.05496476],[-0.28018645 -9.90366312],[-0.01701682  0.02371325]
117,0.11700000000000009,[0.00657917 0.43253741],[0.05673151 4.0450611 ],[-0.28103302 -9.9251763 ],[-0.01722214  0.02399227]
118,0.11800000000000009,[0.00663562 0.43657255],[0.05645048 4.03513592],[-0.28181301 -9.94313354],[-0.01742743  0.02427402]
119,0.11900000000000009,[0.00669179 0.44059774],[0.05616867 4.02519279],[-0.28252914 -9.95768657],[-0.0176327   0.02455834]
120,0.12000000000000009,[0.00674767 0.44461297],[0.05588614 4.0152351 ],[-0.28318402 -9.96898141],[-0.01783795  0.02484506]
121,0.1210000000000001,[0.00680327 0.44861824],[0.05560295 4.00526612],[-0.28378019 -9.97715856],[-0.01804317  0.02513402]
122,0.1220000000000001,[0.00685859 0.45261353],[0.05531917 3.99528896],[-0.28432007 -9.9823532 ],[-0.01824838  0.02542505]
123,0.1230000000000001,[0.00691363 0.45659884],[0.05503485 3.98530661],[-0.284806   -9.98469539],[-0.01845356  0.02571802]
124,0.1240000000000001,[0.00696838 0.46057416],[0.05475005 3.97532191],[-0.28524026 -9.98431027],[-0.01865873  0.02601278]
125,0.12500000000000008,[0.00702284 0.4645395 ],[0.05446481 3.9653376 ],[-0.28562503 -9.98131821],[-0.01886389  0.02630919]
126,0.12600000000000008,[0.00707702 0.46849485],[0.05417918 3.95535628],[-0.28596239 -9.97583503],[-0.01906904  0.02660712]
127,0.12700000000000009,[0.00713092 0.47244023],[0.05389322 3.94538045],[-0.28625439 -9.96797212],[-0.01927417  0.02690644]
128,0.12800000000000009,[0.00718452 0.47637565],[0.05360697 3.93541248],[-0.28650297 -9.95783664],[-0.01947929  0.02720703]
129,0.1290000000000001,[0.00723784 0.4803011 ],[0.05332046 3.92545464],[-0.28671003 -9.94553164],[-0.01968441  0.02750877]
130,0.1300000000000001,[0.00729088 0.48421661],[0.05303375 3.91550911],[-0.28687736 -9.93115627],[-0.01988951  0.02781156]
131,0.1310000000000001,[0.00734362 0.48812219],[0.05274688 3.90557795],[-0.28700673 -9.91480585],[-0.02009461  0.02811529]
132,0.1320000000000001,[0.00739608 0.49201785],[0.05245987 3.89566315],[-0.28709982 -9.89657207],[-0.0202997   0.02841984]
133,0.1330000000000001,[0.00744826 0.49590362],[0.05217277 3.88576657],[-0.28715825 -9.87654308],[-0.02050479  0.02872513]
134,0.1340000000000001,[0.00750014 0.49977951],[0.05188561 3.87589003],[-0.28718358 -9.85480366],[-0.02070987  0.02903106]
135,0.1350000000000001,[0.00755174 0.50364554],[0.05159843 3.86603523],[-0.28717733 -9.83143533],[-0.02091495  0.02933753]
136,0.1360000000000001,[0.00760305 0.50750175],[0.05131125 3.85620379],[-0.28714094 -9.80651645],[-0.02112003  0.02964447]
137,0.1370000000000001,[0.00765408 0.51134814],[0.05102411 3.84639728],[-0.28707582 -9.78012236],[-0.0213251   0.02995178]
138,0.1380000000000001,[0.00770481 0.51518476],[0.05073703 3.83661715],[-0.28698331 -9.75232551],[-0.02153017  0.03025939]
139,0.1390000000000001,[0.00775526 0.51901162],[0.05045005 3.82686483],[-0.28686471 -9.7231955 ],[-0.02173524  0.03056721]
140,0.1400000000000001,[0.00780543 0.52282877],[0.05016318 3.81714163],[-0.28672127 -9.69279927],[-0.0219403   0.03087519]
141,0.1410000000000001,[0.0078553  0.52663622],[0.04987646 3.80744883],[-0.28655419 -9.66120114],[-0.02214537  0.03118324]
142,0.1420000000000001,[0.00790489 0.530434  ],[0.04958991 3.79778763],[-0.28636463 -9.62846292],[-0.02235043  0.0314913 ]
143,0.1430000000000001,[0.0079542  0.53422216],[0.04930354 3.78815917],[-0.28615371 -9.59464403],[-0.02255549  0.0317993 ]
144,0.1440000000000001,[0.00800321 0.53800073],[0.04901739 3.77856453],[-0.28592251 -9.55980154],[-0.02276055  0.03210719]
145,0.1450000000000001,[0.00805195 0.54176973],[0.04873147 3.76900472],[-0.28567204 -9.5239903 ],[-0.02296561  0.0324149 ]
146,0.1460000000000001,[0.00810039 0.54552921],[0.0484458  3.75948073],[-0.28540332 -9.48726302],[-0.02317066  0.03272237]
147,0.1470000000000001,[0.00814855 0.54927921],[0.04816039 3.74999347],[-0.2851173  -9.44967032],[-0.02337572  0.03302956]
148,0.1480000000000001,[0.00819643 0.55301975],[0.04787528 3.7405438 ],[-0.2848149  -9.41126082],[-0.02358077  0.03333641]
149,0.1490000000000001,[0.00824402 0.55675088],[0.04759046 3.73113254],[-0.284497   -9.37208124],[-0.02378583  0.03364287]
150,0.1500000000000001,[0.00829132 0.56047264],[0.04730596 3.72176046],[-0.28416447 -9.33217644],[-0.02399088  0.03394889]
151,0.1510000000000001,[0.00833834 0.56418507],[0.0470218  3.71242828],[-0.28381812 -9.29158951],[-0.02419593  0.03425443]
152,0.1520000000000001,[0.00838508 0.56788821],[0.04673798 3.70313669],[-0.28345874 -9.25036181],[-0.02440097  0.03455945]
153,0.1530000000000001,[0.00843154 0.57158209],[0.04645452 3.69388633],[-0.2830871  -9.20853307],[-0.02460602  0.0348639 ]
154,0.1540000000000001,[0.00847771 0.57526677],[0.04617144 3.6846778 ],[-0.28270392 -9.16614141],[-0.02481106  0.03516775]
155,0.1550000000000001,[0.0085236  0.57894228],[0.04588873 3.67551166],[-0.2823099  -9.12322346],[-0.0250161   0.03547095]
156,0.1560000000000001,[0.0085692  0.58260867],[0.04560642 3.66638843],[-0.28190573 -9.07981434],[-0.02522113  0.03577347]
157,0.1570000000000001,[0.00861453 0.58626598],[0.04532452 3.65730862],[-0.28149205 -9.03594778],[-0.02542616  0.03607528]
158,0.1580000000000001,[0.00865957 0.58991425],[0.04504302 3.64827267],[-0.28106949 -8.99165613],[-0.02563118  0.03637635]
159,0.1590000000000001,[0.00870433 0.59355353],[0.04476195 3.63928101],[-0.28063864 -8.94697045],[-0.0258362   0.03667663]
160,0.16000000000000011,[0.00874881 0.59718387],[0.04448132 3.63033404],[-0.28020009 -8.90192053],[-0.02604122  0.03697611]
161,0.16100000000000012,[0.00879302 0.6008053 ],[0.04420112 3.62143212],[-0.27975439 -8.85653494],[-0.02624622  0.03727476]
162,0.16200000000000012,[0.00883694 0.60441788],[0.04392136 3.61257559],[-0.27930207 -8.81084108],[-0.02645122  0.03757254]
163,0.16300000000000012,[0.00888058 0.60802164],[0.04364206 3.60376475],[-0.27884365 -8.76486524],[-0.02665622  0.03786944]
164,0.16400000000000012,[0.00892394 0.61161664],[0.04336322 3.59499988],[-0.27837961 -8.71863262],[-0.0268612   0.03816542]
165,0.16500000000000012,[0.00896703 0.61520292],[0.04308484 3.58628125],[-0.27791044 -8.67216738],[-0.02706617  0.03846047]
166,0.16600000000000012,[0.00900983 0.61878053],[0.04280693 3.57760908],[-0.27743657 -8.62549267],[-0.02727114  0.03875456]
167,0.16700000000000012,[0.00905236 0.62234951],[0.04252949 3.56898359],[-0.27695845 -8.5786307 ],[-0.02747609  0.03904768]
168,0.16800000000000012,[0.00909462 0.62590992],[0.04225253 3.56040496],[-0.2764765  -8.53160272],[-0.02768104  0.0393398 ]
169,0.16900000000000012,[0.00913659 0.62946179],[0.04197605 3.55187336],[-0.27599111 -8.48442912],[-0.02788597  0.0396309 ]
170,0.17000000000000012,[0.00917829 0.63300518],[0.04170006 3.54338893],[-0.27550268 -8.4371294 ],[-0.02809088  0.03992097]
171,0.17100000000000012,[0.00921972 0.63654013],[0.04142456 3.5349518 ],[-0.27501157 -8.38972227],[-0.02829579  0.04020998]
172,0.17200000000000013,[0.00926087 0.6400667 ],[0.04114955 3.52656207],[-0.27451814 -8.34222561],[-0.02850068  0.04049794]
173,0.17300000000000013,[0.00930174 0.64358492],[0.04087503 3.51821985],[-0.27402272 -8.29465656],[-0.02870555  0.04078481]
174,0.17400000000000013,[0.00934234 0.64709484],[0.04060101 3.50992519],[-0.27352564 -8.24703151],[-0.02891041  0.04107058]
175,0.17500000000000013,[0.00938267 0.65059652],[0.04032748 3.50167816],[-0.27302722 -8.19936616],[-0.02911525  0.04135525]
176,0.17600000000000013,[0.00942272 0.65409   ],[0.04005445 3.49347879],[-0.27252775 -8.15167551],[-0.02932008  0.04163879]
177,0.17700000000000013,[0.00946251 0.65757532],[0.03978193 3.48532712],[-0.27202752 -8.10397392],[-0.02952488  0.0419212 ]
178,0.17800000000000013,[0.00950202 0.66105255],[0.0395099  3.47722315],[-0.27152681 -8.05627512],[-0.02972967  0.04220247]
179,0.17900000000000013,[0.00954125 0.66452171],[0.03923837 3.46916687],[-0.27102587 -8.00859223],[-0.02993443  0.04248258]
180,0.18000000000000013,[0.00958022 0.66798287],[0.03896735 3.46115828],[-0.27052497 -7.96093778],[-0.03013917  0.04276153]
181,0.18100000000000013,[0.00961892 0.67143607],[0.03869682 3.45319734],[-0.27002434 -7.91332375],[-0.03034389  0.04303931]
182,0.18200000000000013,[0.00965735 0.67488135],[0.0384268  3.44528402],[-0.26952421 -7.86576159],[-0.03054859  0.0433159 ]
183,0.18300000000000013,[0.0096955  0.67831877],[0.03815727 3.43741826],[-0.26902481 -7.81826221],[-0.03075326  0.04359131]
184,0.18400000000000014,[0.00973339 0.68174837],[0.03788825 3.42959999],[-0.26852634 -7.77083605],[-0.0309579   0.04386551]
185,0.18500000000000014,[0.00977101 0.6851702 ],[0.03761972 3.42182916],[-0.268029   -7.72349304],[-0.03116252  0.04413851]
186,0.18600000000000014,[0.00980836 0.68858431],[0.03735169 3.41410566],[-0.267533   -7.67624268],[-0.03136711  0.04441031]
187,0.18700000000000014,[0.00984545 0.69199074],[0.03708416 3.40642942],[-0.2670385  -7.62909401],[-0.03157168  0.04468088]
188,0.18800000000000014,[0.00988226 0.69538954],[0.03681712 3.39880033],[-0.2665457  -7.58205564],[-0.03177621  0.04495024]
189,0.18900000000000014,[0.00991881 0.69878076],[0.03655058 3.39121827],[-0.26605475 -7.53513578],[-0.03198071  0.04521837]
190,0.19000000000000014,[0.0099551  0.70216444],[0.03628452 3.38368314],[-0.26556582 -7.48834226],[-0.03218518  0.04548526]
191,0.19100000000000014,[0.00999112 0.70554063],[0.03601896 3.37619479],[-0.26507907 -7.4416825 ],[-0.03238962  0.04575093]
192,0.19200000000000014,[0.01002687 0.70890939],[0.03575388 3.36875311],[-0.26459462 -7.39516359],[-0.03259403  0.04601535]
193,0.19300000000000014,[0.01006236 0.71227074],[0.03548928 3.36135795],[-0.26411263 -7.34879225],[-0.03279839  0.04627853]
194,0.19400000000000014,[0.01009759 0.71562475],[0.03522517 3.35400916],[-0.26363323 -7.30257487],[-0.03300273  0.04654047]
195,0.19500000000000015,[0.01013255 0.71897146],[0.03496154 3.34670658],[-0.26315654 -7.25651752],[-0.03320702  0.04680116]
196,0.19600000000000015,[0.01016725 0.72231091],[0.03469838 3.33945006],[-0.26268267 -7.21062595],[-0.03341128  0.04706061]
197,0.19700000000000015,[0.01020168 0.72564315],[0.0344357  3.33223944],[-0.26221176 -7.16490563],[-0.0336155  0.0473188]
198,0.19800000000000015,[0.01023586 0.72896822],[0.03417348 3.32507453],[-0.26174389 -7.11936173],[-0.03381968  0.04757573]
199,0.19900000000000015,[0.01026977 0.73228618],[0.03391174 3.31795517],[-0.26127918 -7.07399915],[-0.03402381  0.04783142]
200,0.20000000000000015,[0.01030342 0.73559706],[0.03365046 3.31088117],[-0.26081772 -7.02882253],[-0.0342279   0.04808585]
201,0.20100000000000015,[0.01033681 0.73890091],[0.03338964 3.30385235],[-0.26035961 -6.98383624],[-0.03443195  0.04833902]
202,0.20200000000000015,[0.01036994 0.74219778],[0.03312928 3.29686851],[-0.25990492 -6.93904443],[-0.03463596  0.04859094]
203,0.20300000000000015,[0.01040281 0.74548771],[0.03286938 3.28992947],[-0.25945375 -6.89445101],[-0.03483992  0.0488416 ]
204,0.20400000000000015,[0.01043542 0.74877075],[0.03260993 3.28303502],[-0.25900616 -6.85005964],[-0.03504383  0.049091  ]
205,0.20500000000000015,[0.01046777 0.75204693],[0.03235092 3.27618496],[-0.25856224 -6.8058738 ],[-0.03524769  0.04933915]
206,0.20600000000000016,[0.01049986 0.75531631],[0.03209236 3.26937908],[-0.25812205 -6.76189674],[-0.0354515   0.04958604]
207,0.20700000000000016,[0.01053169 0.75857893],[0.03183424 3.26261719],[-0.25768566 -6.71813152],[-0.03565527  0.04983168]
208,0.20800000000000016,[0.01056327 0.76183483],[0.03157655 3.25589905],[-0.25725313 -6.67458101],[-0.03585898  0.05007606]
209,0.20900000000000016,[0.01059459 0.76508405],[0.0313193  3.24922447],[-0.25682451 -6.63124789],[-0.03606263  0.05031919]
210,0.21000000000000016,[0.01062565 0.76832664],[0.03106247 3.24259323],[-0.25639986 -6.58813467],[-0.03626624  0.05056107]
211,0.21100000000000016,[0.01065646 0.77156265],[0.03080607 3.23600509],[-0.25597923 -6.54524368],[-0.03646979  0.0508017 ]
212,0.21200000000000016,[0.01068701 0.77479211],[0.03055009 3.22945985],[-0.25556267 -6.50257712],[-0.03667328  0.05104108]
213,0.21300000000000016,[0.0107173  0.77801507],[0.03029453 3.22295727],[-0.25515021 -6.46013698],[-0.03687671  0.05127921]
214,0.21400000000000016,[0.01074734 0.78123156],[0.03003938 3.21649713],[-0.25474191 -6.41792516],[-0.03708009  0.0515161 ]
215,0.21500000000000016,[0.01077713 0.78444164],[0.02978464 3.21007921],[-0.2543378  -6.37594338],[-0.0372834   0.05175174]
216,0.21600000000000016,[0.01080666 0.78764535],[0.0295303  3.20370326],[-0.25393791 -6.33419323],[-0.03748666  0.05198614]
217,0.21700000000000016,[0.01083593 0.79084271],[0.02927636 3.19736907],[-0.25354227 -6.29267617],[-0.03768985  0.0522193 ]
218,0.21800000000000017,[0.01086496 0.79403379],[0.02902282 3.19107639],[-0.25315092 -6.25139354],[-0.03789298  0.05245123]
219,0.21900000000000017,[0.01089373 0.79721862],[0.02876967 3.184825  ],[-0.25276387 -6.21034655],[-0.03809604  0.05268192]
220,0.22000000000000017,[0.01092224 0.80039723],[0.02851691 3.17861465],[-0.25238117 -6.1695363 ],[-0.03829904  0.05291138]
221,0.22100000000000017,[0.01095051 0.80356968],[0.02826452 3.17244512],[-0.25200282 -6.12896377],[-0.03850197  0.05313961]
222,0.22200000000000017,[0.01097852 0.80673599],[0.02801252 3.16631615],[-0.25162884 -6.08862985],[-0.03870483  0.05336662]
223,0.22300000000000017,[0.01100628 0.80989622],[0.02776089 3.16022752],[-0.25125926 -6.04853532],[-0.03890762  0.0535924 ]
224,0.22400000000000017,[0.01103379 0.8130504 ],[0.02750963 3.15417899],[-0.25089409 -6.00868085],[-0.03911035  0.05381696]
225,0.22500000000000017,[0.01106105 0.81619857],[0.02725874 3.14817031],[-0.25053335 -5.96906703],[-0.039313    0.05404031]
226,0.22600000000000017,[0.01108806 0.81934077],[0.02700821 3.14220124],[-0.25017703 -5.92969437],[-0.03951558  0.05426244]
227,0.22700000000000017,[0.01111481 0.82247704],[0.02675803 3.13627155],[-0.24982516 -5.89056327],[-0.03971808  0.05448336]
228,0.22800000000000017,[0.01114132 0.82560742],[0.0265082  3.13038098],[-0.24947774 -5.85167406],[-0.03992051  0.05470308]
229,0.22900000000000018,[0.01116758 0.82873195],[0.02625873 3.12452931],[-0.24913478 -5.81302699],[-0.04012286  0.05492158]
230,0.23000000000000018,[0.01119359 0.83185067],[0.02600959 3.11871628],[-0.24879629 -5.77462224],[-0.04032513  0.05513889]
231,0.23100000000000018,[0.01121935 0.83496361],[0.02576079 3.11294166],[-0.24846225 -5.73645992],[-0.04052733  0.055355  ]
232,0.23200000000000018,[0.01124486 0.83807081],[0.02551233 3.1072052 ],[-0.24813268 -5.69854006],[-0.04072944  0.05556992]
233,0.23300000000000018,[0.01127013 0.84117232],[0.0252642  3.10150666],[-0.24780758 -5.66086263],[-0.04093148  0.05578365]
234,0.23400000000000018,[0.01129515 0.84426817],[0.02501639 3.0958458 ],[-0.24748695 -5.62342753],[-0.04113343  0.05599619]
235,0.23500000000000018,[0.01131991 0.84735839],[0.02476891 3.09022237],[-0.24717077 -5.58623462],[-0.04133529  0.05620755]
236,0.23600000000000018,[0.01134444 0.85044303],[0.02452173 3.08463614],[-0.24685906 -5.54928369],[-0.04153708  0.05641773]
237,0.23700000000000018,[0.01136871 0.85352211],[0.02427488 3.07908685],[-0.24655179 -5.51257446],[-0.04173877  0.05662673]
238,0.23800000000000018,[0.01139274 0.85659569],[0.02402832 3.07357428],[-0.24624898 -5.47610663],[-0.04194038  0.05683456]
239,0.23900000000000018,[0.01141652 0.85966379],[0.02378207 3.06809817],[-0.2459506  -5.43987982],[-0.0421419   0.05704123]
240,0.24000000000000019,[0.01144006 0.86272644],[0.02353612 3.06265829],[-0.24565665 -5.40389363],[-0.04234333  0.05724673]
241,0.2410000000000002,[0.01146335 0.8657837 ],[0.02329047 3.0572544 ],[-0.24536712 -5.36814759],[-0.04254467  0.05745107]
242,0.2420000000000002,[0.01148639 0.86883558],[0.0230451  3.05188625],[-0.24508199 -5.3326412 ],[-0.04274592  0.05765425]
243,0.2430000000000002,[0.01150919 0.87188214],[0.02280002 3.04655361],[-0.24480127 -5.29737392],[-0.04294708  0.05785628]
244,0.2440000000000002,[0.01153175 0.87492339],[0.02255522 3.04125624],[-0.24452493 -5.26234516],[-0.04314814  0.05805717]
245,0.2450000000000002,[0.01155406 0.87795939],[0.02231069 3.03599389],[-0.24425296 -5.22755431],[-0.0433491   0.05825691]
246,0.2460000000000002,[0.01157613 0.88099015],[0.02206644 3.03076634],[-0.24398535 -5.1930007 ],[-0.04354997  0.05845551]
247,0.2470000000000002,[0.01159795 0.88401573],[0.02182245 3.02557333],[-0.24372208 -5.15868366],[-0.04375074  0.05865297]
248,0.2480000000000002,[0.01161953 0.88703614],[0.02157873 3.02041465],[-0.24346314 -5.12460245],[-0.04395141  0.0588493 ]
249,0.2490000000000002,[0.01164086 0.89005143],[0.02133527 3.01529005],[-0.24320851 -5.09075633],[-0.04415198  0.0590445 ]
250,0.25000000000000017,[0.01166195 0.89306163],[0.02109206 3.01019929],[-0.24295816 -5.05714452],[-0.04435245  0.05923858]
251,0.25100000000000017,[0.0116828  0.89606677],[0.0208491  3.00514215],[-0.24271209 -5.02376621],[-0.04455282  0.05943154]
252,0.25200000000000017,[0.01170341 0.89906689],[0.02060639 3.00011838],[-0.24247028 -4.99062057],[-0.04475308  0.05962338]
253,0.25300000000000017,[0.01172377 0.90206202],[0.02036392 2.99512776],[-0.2422327  -4.95770674],[-0.04495324  0.05981411]
254,0.25400000000000017,[0.01174389 0.90505219],[0.02012169 2.99017005],[-0.24199934 -4.92502383],[-0.04515329  0.06000373]
255,0.25500000000000017,[0.01176377 0.90803743],[0.01987969 2.98524503],[-0.24177018 -4.89257095],[-0.04535323  0.06019224]
256,0.25600000000000017,[0.01178341 0.91101779],[0.01963792 2.98035246],[-0.24154519 -4.86034717],[-0.04555307  0.06037966]
257,0.2570000000000002,[0.01180281 0.91399328],[0.01939637 2.97549211],[-0.24132435 -4.82835155],[-0.04575279  0.06056598]
258,0.2580000000000002,[0.01182196 0.91696394],[0.01915505 2.97066376],[-0.24110765 -4.79658312],[-0.04595241  0.06075121]
259,0.2590000000000002,[0.01184088 0.91992981],[0.01891394 2.96586718],[-0.24089506 -4.76504091],[-0.04615191  0.06093535]
260,0.2600000000000002,[0.01185955 0.92289091],[0.01867305 2.96110214],[-0.24068655 -4.73372392],[-0.0463513   0.06111841]
261,0.2610000000000002,[0.01187798 0.92584728],[0.01843236 2.95636841],[-0.24048211 -4.70263115],[-0.04655057  0.06130039]
262,0.2620000000000002,[0.01189617 0.92879895],[0.01819188 2.95166578],[-0.2402817  -4.67176156],[-0.04674973  0.06148129]
263,0.2630000000000002,[0.01191413 0.93174594],[0.01795159 2.94699402],[-0.24008532 -4.64111412],[-0.04694877  0.06166112]
264,0.2640000000000002,[0.01193184 0.93468829],[0.01771151 2.94235291],[-0.23989292 -4.61068778],[-0.0471477   0.06183989]
265,0.2650000000000002,[0.01194931 0.93762604],[0.01747162 2.93774222],[-0.2397045  -4.58048147],[-0.0473465   0.06201759]
266,0.2660000000000002,[0.01196654 0.9405592 ],[0.01723191 2.93316174],[-0.23952002 -4.55049412],[-0.04754518  0.06219423]
267,0.2670000000000002,[0.01198353 0.94348781],[0.01699239 2.92861124],[-0.23933945 -4.52072465],[-0.04774375  0.06236981]
268,0.2680000000000002,[0.01200029 0.9464119 ],[0.01675305 2.92409052],[-0.23916278 -4.49117197],[-0.04794219  0.06254434]
269,0.2690000000000002,[0.0120168 0.9493315],[0.01651389 2.91959935],[-0.23898997 -4.46183497],[-0.0481405   0.06271783]
270,0.2700000000000002,[0.01203308 0.95224664],[0.0162749  2.91513751],[-0.23882101 -4.43271255],[-0.04833869  0.06289027]
271,0.2710000000000002,[0.01204911 0.95515734],[0.01603608 2.9107048 ],[-0.23865586 -4.40380359],[-0.04853676  0.06306168]
272,0.2720000000000002,[0.01206491 0.95806364],[0.01579742 2.906301  ],[-0.2384945  -4.37510696],[-0.04873469  0.06323204]
273,0.2730000000000002,[0.01208047 0.96096557],[0.01555893 2.90192589],[-0.2383369  -4.34662154],[-0.0489325   0.06340138]
274,0.2740000000000002,[0.01209579 0.96386315],[0.01532059 2.89757927],[-0.23818304 -4.31834618],[-0.04913018  0.06356969]
275,0.2750000000000002,[0.01211087 0.96675641],[0.01508241 2.89326092],[-0.23803288 -4.29027977],[-0.04932773  0.06373697]
276,0.2760000000000002,[0.01212572 0.96964538],[0.01484438 2.88897064],[-0.23788641 -4.26242113],[-0.04952515  0.06390323]
277,0.2770000000000002,[0.01214032 0.97253009],[0.01460649 2.88470822],[-0.23774359 -4.23476914],[-0.04972243  0.06406848]
278,0.2780000000000002,[0.01215469 0.97541056],[0.01436875 2.88047345],[-0.2376044  -4.20732264],[-0.04991958  0.06423272]
279,0.2790000000000002,[0.01216882 0.97828683],[0.01413114 2.87626613],[-0.23746881 -4.18008047],[-0.05011659  0.06439595]
280,0.2800000000000002,[0.01218272 0.98115891],[0.01389367 2.87208605],[-0.23733679 -4.15304148],[-0.05031347  0.06455817]
281,0.2810000000000002,[0.01219637 0.98402685],[0.01365634 2.86793301],[-0.23720831 -4.12620451],[-0.05051021  0.06471939]
282,0.2820000000000002,[0.01220979 0.98689065],[0.01341913 2.8638068 ],[-0.23708335 -4.0995684 ],[-0.05070681  0.06487962]
283,0.2830000000000002,[0.01222297 0.98975036],[0.01318204 2.85970723],[-0.23696188 -4.07313199],[-0.05090326  0.06503885]
284,0.2840000000000002,[0.01223592 0.99260599],[0.01294508 2.8556341 ],[-0.23684387 -4.04689412],[-0.05109958  0.06519709]
285,0.2850000000000002,[0.01224863 0.99545758],[0.01270824 2.85158721],[-0.2367293  -4.02085362],[-0.05129576  0.06535435]
286,0.2860000000000002,[0.0122611  0.99830515],[0.01247151 2.84756635],[-0.23661812 -3.99500934],[-0.05149179  0.06551062]
287,0.2870000000000002,[0.01227333 1.00114872],[0.01223489 2.84357134],[-0.23651033 -3.9693601 ],[-0.05168768  0.06566592]
288,0.2880000000000002,[0.01228533 1.00398832],[0.01199838 2.83960198],[-0.23640588 -3.94390475],[-0.05188342  0.06582024]
289,0.2890000000000002,[0.01229709 1.00682398],[0.01176197 2.83565808],[-0.23630475 -3.91864213],[-0.05207902  0.0659736 ]
290,0.2900000000000002,[0.01230862 1.00965572],[0.01152567 2.83173944],[-0.23620692 -3.89357108],[-0.05227446  0.06612598]
291,0.2910000000000002,[0.01231991 1.01248356],[0.01128946 2.82784587],[-0.23611235 -3.86869043],[-0.05246976  0.0662774 ]
292,0.2920000000000002,[0.01233096 1.01530754],[0.01105335 2.82397718],[-0.23602102 -3.84399904],[-0.05266491  0.06642787]
293,0.2930000000000002,[0.01234178 1.01812767],[0.01081733 2.82013318],[-0.23593289 -3.81949574],[-0.05285991  0.06657737]
294,0.2940000000000002,[0.01235236 1.02094399],[0.0105814  2.81631368],[-0.23584794 -3.79517939],[-0.05305475  0.06672592]
295,0.2950000000000002,[0.01236271 1.02375651],[0.01034555 2.8125185 ],[-0.23576615 -3.77104884],[-0.05324944  0.06687353]
296,0.2960000000000002,[0.01237282 1.02656525],[0.01010978 2.80874745],[-0.23568747 -3.74710293],[-0.05344397  0.06702019]
297,0.2970000000000002,[0.01238269 1.02937025],[0.0098741  2.80500035],[-0.2356119  -3.72334052],[-0.05363835  0.0671659 ]
298,0.2980000000000002,[0.01239233 1.03217153],[0.00963848 2.80127701],[-0.23553938 -3.69976047],[-0.05383257  0.06731068]
299,0.2990000000000002,[0.01240173 1.03496911],[0.00940294 2.79757725],[-0.23546991 -3.67636165],[-0.05402664  0.06745452]
300,0.3000000000000002,[0.0124109  1.03776301],[0.00916747 2.79390089],[-0.23540345 -3.65314291],[-0.05422054  0.06759744]
301,0.3010000000000002,[0.01241983 1.04055326],[0.00893207 2.79024774],[-0.23533997 -3.63010313],[-0.05441429  0.06773942]
302,0.3020000000000002,[0.01242853 1.04333987],[0.00869673 2.78661764],[-0.23527944 -3.60724118],[-0.05460787  0.06788048]
303,0.3030000000000002,[0.01243699 1.04612289],[0.00846145 2.7830104 ],[-0.23522184 -3.58455592],[-0.05480129  0.06802061]
304,0.3040000000000002,[0.01244522 1.04890231],[0.00822623 2.77942584],[-0.23516714 -3.56204625],[-0.05499454  0.06815983]
305,0.3050000000000002,[0.01245321 1.05167817],[0.00799106 2.7758638 ],[-0.23511531 -3.53971105],[-0.05518763  0.06829814]
306,0.3060000000000002,[0.01246096 1.0544505 ],[0.00775595 2.77232409],[-0.23506632 -3.51754921],[-0.05538056  0.06843553]
307,0.3070000000000002,[0.01246848 1.05721931],[0.00752088 2.76880654],[-0.23502015 -3.49555961],[-0.05557332  0.06857202]
308,0.3080000000000002,[0.01247577 1.05998462],[0.00728586 2.76531098],[-0.23497676 -3.47374116],[-0.05576591  0.0687076 ]
309,0.3090000000000002,[0.01248282 1.06274645],[0.00705088 2.76183724],[-0.23493613 -3.45209275],[-0.05595833  0.06884228]
310,0.3100000000000002,[0.01248964 1.06550484],[0.00681595 2.75838514],[-0.23489824 -3.4306133 ],[-0.05615058  0.06897606]
311,0.3110000000000002,[0.01249622 1.06825979],[0.00658105 2.75495453],[-0.23486305 -3.40930172],[-0.05634265  0.06910895]
312,0.3120000000000002,[0.01250256 1.07101134],[0.00634619 2.75154523],[-0.23483053 -3.38815692],[-0.05653456  0.06924094]
313,0.3130000000000002,[0.01250867 1.0737595 ],[0.00611136 2.74815707],[-0.23480067 -3.36717782],[-0.05672629  0.06937205]
314,0.3140000000000002,[0.01251455 1.07650429],[0.00587655 2.74478989],[-0.23477343 -3.34636336],[-0.05691785  0.06950227]
315,0.3150000000000002,[0.01252019 1.07924573],[0.00564178 2.74144353],[-0.23474878 -3.32571246],[-0.05710923  0.06963161]
316,0.3160000000000002,[0.0125256  1.08198385],[0.00540703 2.73811782],[-0.2347267  -3.30522405],[-0.05730043  0.06976007]
317,0.3170000000000002,[0.01253077 1.08471866],[0.00517231 2.73481259],[-0.23470716 -3.28489709],[-0.05749146  0.06988765]
318,0.3180000000000002,[0.01253571 1.08745019],[0.0049376 2.7315277],[-0.23469014 -3.26473052],[-0.0576823   0.07001437]
319,0.31900000000000023,[0.01254041 1.09017845],[0.00470291 2.72826297],[-0.2346756  -3.24472329],[-0.05787297  0.07014021]
320,0.32000000000000023,[0.01254488 1.09290347],[0.00446823 2.72501824],[-0.23466353 -3.22487436],[-0.05806345  0.07026519]
321,0.32100000000000023,[0.01254911 1.09562526],[0.00423357 2.72179337],[-0.23465389 -3.2051827 ],[-0.05825375  0.0703893 ]
322,0.32200000000000023,[0.01255311 1.09834385],[0.00399892 2.71858819],[-0.23464665 -3.18564727],[-0.05844387  0.07051255]
323,0.32300000000000023,[0.01255688 1.10105925],[0.00376427 2.71540254],[-0.2346418  -3.16626706],[-0.05863381  0.07063495]
324,0.32400000000000023,[0.01256041 1.10377149],[0.00352963 2.71223627],[-0.2346393  -3.14704104],[-0.05882355  0.07075649]
325,0.32500000000000023,[0.0125637  1.10648058],[0.00329499 2.70908923],[-0.23463913 -3.12796819],[-0.05901311  0.07087718]
326,0.32600000000000023,[0.01256676 1.10918654],[0.00306035 2.70596126],[-0.23464127 -3.10904752],[-0.05920249  0.07099702]
327,0.32700000000000023,[0.01256959 1.11188939],[0.00282571 2.70285221],[-0.23464568 -3.09027802],[-0.05939167  0.07111601]
328,0.32800000000000024,[0.01257218 1.11458915],[2.59106175e-03 2.69976194e+00],[-0.23465234 -3.07165869],[-0.05958066  0.07123416]
329,0.32900000000000024,[0.01257454 1.11728584],[2.35640941e-03 2.69669028e+00],[-0.23466122 -3.05318855],[-0.05976947  0.07135147]
330,0.33000000000000024,[0.01257666 1.11997948],[2.12174819e-03 2.69363709e+00],[-0.23467231 -3.03486661],[-0.05995808  0.07146795]
331,0.33100000000000024,[0.01257854 1.12267008],[1.88707589e-03 2.69060222e+00],[-0.23468556 -3.01669189],[-0.06014649  0.07158359]
332,0.33200000000000024,[0.0125802  1.12535767],[1.65239033e-03 2.68758553e+00],[-0.23470097 -2.99866343],[-0.06033472  0.0716984 ]
333,0.33300000000000024,[0.01258161 1.12804226],[1.41768936e-03 2.68458687e+00],[-0.2347185  -2.98078024],[-0.06052274  0.07181238]
334,0.33400000000000024,[0.0125828  1.13072386],[1.18297086e-03 2.68160609e+00],[-0.23473812 -2.96304138],[-0.06071057  0.07192554]
335,0.33500000000000024,[0.01258375 1.1334025 ],[9.48232739e-04 2.67864305e+00],[-0.23475982 -2.94544589],[-0.06089821  0.07203787]
336,0.33600000000000024,[0.01258446 1.1360782 ],[7.13472919e-04 2.67569760e+00],[-0.23478357 -2.92799282],[-0.06108564  0.07214938]
337,0.33700000000000024,[0.01258494 1.13875097],[4.78689353e-04 2.67276961e+00],[-0.23480933 -2.91068123],[-0.06127288  0.07226008]
338,0.33800000000000024,[0.01258518 1.14142083],[2.43880020e-04 2.66985893e+00],[-0.2348371  -2.89351018],[-0.06145991  0.07236996]
339,0.33900000000000025,[0.01258519 1.1440878 ],[9.04291985e-06 2.66696542e+00],[-0.23486684 -2.87647874],[-0.06164674  0.07247903]
340,0.34000000000000025,[0.01258497 1.14675188],[-2.25823919e-04  2.66408894e+00],[-0.23489853 -2.85958598],[-0.06183337  0.07258729]
341,0.34100000000000025,[0.0125845  1.14941311],[-4.60722445e-04  2.66122935e+00],[-0.23493214 -2.84283099],[-0.0620198   0.07269474]
342,0.34200000000000025,[0.01258381 1.1520715 ],[-6.95654583e-04  2.65838652e+00],[-0.23496765 -2.82621286],[-0.06220602  0.07280139]
343,0.34300000000000025,[0.01258288 1.15472706],[-9.30622233e-04  2.65556031e+00],[-0.23500504 -2.80973068],[-0.06239203  0.07290724]
344,0.34400000000000025,[0.01258171 1.15737981],[-1.16562727e-03  2.65275058e+00],[-0.23504428 -2.79338354],[-0.06257784  0.07301229]
345,0.34500000000000025,[0.01258031 1.16002977],[-1.40067155e-03  2.64995719e+00],[-0.23508534 -2.77717055],[-0.06276344  0.07311654]
346,0.34600000000000025,[0.01257868 1.16267695],[-1.63575689e-03  2.64718002e+00],[-0.23512821 -2.76109083],[-0.06294883  0.07322   ]
347,0.34700000000000025,[0.01257681 1.16532137],[-1.87088511e-03  2.64441893e+00],[-0.23517287 -2.74514348],[-0.06313401  0.07332267]
348,0.34800000000000025,[0.0125747  1.16796304],[-2.10605797e-03  2.64167379e+00],[-0.23521927 -2.72932764],[-0.06331897  0.07342455]
349,0.34900000000000025,[0.01257236 1.17060199],[-2.34127725e-03  2.63894446e+00],[-0.23526742 -2.71364243],[-0.06350373  0.07352565]
350,0.35000000000000026,[0.01256978 1.17323822],[-2.57654466e-03  2.63623082e+00],[-0.23531727 -2.69808698],[-0.06368827  0.07362596]
351,0.35100000000000026,[0.01256697 1.17587175],[-0.00281186  2.63353273],[-0.23536881 -2.68266045],[-0.0638726   0.07372549]
352,0.35200000000000026,[0.01256392 1.1785026 ],[-0.00304723  2.63085007],[-0.23542201 -2.66736196],[-0.06405671  0.07382424]
353,0.35300000000000026,[0.01256064 1.18113078],[-0.00328265  2.62818271],[-0.23547685 -2.65219068],[-0.06424061  0.07392221]
354,0.35400000000000026,[0.01255712 1.18375631],[-0.00351813  2.62553052],[-0.23553331 -2.63714576],[-0.06442429  0.07401942]
355,0.35500000000000026,[0.01255337 1.18637921],[-0.00375366  2.62289337],[-0.23559137 -2.62222637],[-0.06460775  0.07411585]
356,0.35600000000000026,[0.01254938 1.18899948],[-0.00398925  2.62027115],[-0.235651   -2.60743167],[-0.06479099  0.07421151]
357,0.35700000000000026,[0.01254515 1.19161714],[-0.00422491  2.61766371],[-0.23571218 -2.59276084],[-0.06497401  0.07430641]
358,0.35800000000000026,[0.01254069 1.19423221],[-0.00446062  2.61507095],[-0.23577489 -2.57821307],[-0.0651568   0.07440054]
359,0.35900000000000026,[0.012536  1.1968447],[-0.00469639  2.61249274],[-0.2358391  -2.56378754],[-0.06533938  0.07449391]
360,0.36000000000000026,[0.01253106 1.19945463],[-0.00493223  2.60992895],[-0.2359048  -2.54948343],[-0.06552173  0.07458653]
361,0.36100000000000027,[0.0125259  1.20206201],[-0.00516814  2.60737947],[-0.23597196 -2.53529996],[-0.06570386  0.07467838]
362,0.36200000000000027,[0.01252049 1.20466686],[-0.00540411  2.60484417],[-0.23604056 -2.52123632],[-0.06588576  0.07476948]
363,0.36300000000000027,[0.01251485 1.20726918],[-0.00564015  2.60232293],[-0.23611057 -2.50729173],[-0.06606743  0.07485983]
364,0.36400000000000027,[0.01250898 1.209869  ],[-0.00587626  2.59981564],[-0.23618199 -2.49346539],[-0.06624888  0.07494943]
365,0.36500000000000027,[0.01250286 1.21246632],[-0.00611244  2.59732218],[-0.23625478 -2.47975654],[-0.0664301   0.07503829]
366,0.36600000000000027,[0.01249651 1.21506116],[-0.0063487   2.59484242],[-0.23632892 -2.46616438],[-0.06661109  0.07512639]
367,0.36700000000000027,[0.01248993 1.21765354],[-0.00658503  2.59237626],[-0.23640439 -2.45268817],[-0.06679184  0.07521376]
368,0.36800000000000027,[0.01248311 1.22024346],[-0.00682143  2.58992357],[-0.23648118 -2.43932713],[-0.06697237  0.07530038]
369,0.36900000000000027,[0.01247605 1.22283094],[-0.00705791  2.58748424],[-0.23655926 -2.42608051],[-0.06715266  0.07538627]
370,0.3700000000000003,[0.01246876 1.225416  ],[-0.00729447  2.58505816],[-0.23663861 -2.41294755],[-0.06733272  0.07547142]
371,0.3710000000000003,[0.01246122 1.22799865],[-0.00753111  2.58264521],[-0.2367192  -2.39992751],[-0.06751254  0.07555583]
372,0.3720000000000003,[0.01245346 1.23057889],[-0.00776783  2.58024528],[-0.23680103 -2.38701966],[-0.06769213  0.07563951]
373,0.3730000000000003,[0.01244545 1.23315675],[-0.00800463  2.57785826],[-0.23688406 -2.37422324],[-0.06787148  0.07572247]
374,0.3740000000000003,[0.01243721 1.23573224],[-0.00824151  2.57548404],[-0.23696828 -2.36153754],[-0.0680506   0.07580469]
375,0.3750000000000003,[0.01242873 1.23830536],[-0.00847848  2.5731225 ],[-0.23705367 -2.34896182],[-0.06822947  0.07588619]
376,0.3760000000000003,[0.01242002 1.24087613],[-0.00871553  2.57077354],[-0.23714021 -2.33649538],[-0.0684081   0.07596697]
377,0.3770000000000003,[0.01241106 1.24344457],[-0.00895267  2.56843705],[-0.23722787 -2.32413748],[-0.0685865   0.07604702]
378,0.3780000000000003,[0.01240187 1.24601068],[-0.0091899   2.56611291],[-0.23731664 -2.31188744],[-0.06876465  0.07612636]
379,0.3790000000000003,[0.01239245 1.24857448],[-0.00942722  2.56380102],[-0.23740649 -2.29974453],[-0.06894256  0.07620498]
380,0.3800000000000003,[0.01238278 1.25113598],[-0.00966463  2.56150128],[-0.23749742 -2.28770807],[-0.06912022  0.07628288]
381,0.3810000000000003,[0.01237288 1.2536952 ],[-0.00990212  2.55921357],[-0.23758939 -2.27577735],[-0.06929764  0.07636007]
382,0.3820000000000003,[0.01236274 1.25625214],[-0.01013971  2.55693779],[-0.23768239 -2.2639517 ],[-0.06947482  0.07643655]
383,0.3830000000000003,[0.01235236 1.25880681],[-0.0103774   2.55467384],[-0.2377764  -2.25223043],[-0.06965174  0.07651233]
384,0.3840000000000003,[0.01234175 1.26135923],[-0.01061517  2.55242161],[-0.23787141 -2.24061285],[-0.06982842  0.07658739]
385,0.3850000000000003,[0.01233089 1.26390941],[-0.01085304  2.550181  ],[-0.23796738 -2.2290983 ],[-0.07000485  0.07666175]
386,0.3860000000000003,[0.0123198  1.26645736],[-0.01109101  2.5479519 ],[-0.2380643  -2.21768611],[-0.07018103  0.07673541]
387,0.3870000000000003,[0.01230847 1.2690031 ],[-0.01132907  2.54573421],[-0.23816216 -2.20637561],[-0.07035696  0.07680837]
388,0.3880000000000003,[0.01229691 1.27154663],[-0.01156724  2.54352784],[-0.23826094 -2.19516615],[-0.07053264  0.07688062]
389,0.3890000000000003,[0.0122851  1.27408796],[-0.0118055   2.54133267],[-0.23836061 -2.18405707],[-0.07070807  0.07695219]
390,0.3900000000000003,[0.01227306 1.27662711],[-0.01204386  2.53914861],[-0.23846115 -2.17304772],[-0.07088324  0.07702305]
391,0.3910000000000003,[0.01226078 1.27916408],[-0.01228232  2.53697557],[-0.23856256 -2.16213747],[-0.07105816  0.07709323]
392,0.3920000000000003,[0.01224825 1.2816989 ],[-0.01252088  2.53481343],[-0.23866481 -2.15132567],[-0.07123282  0.07716271]
393,0.3930000000000003,[0.0122355  1.28423156],[-0.01275955  2.5326621 ],[-0.23876788 -2.14061168],[-0.07140722  0.0772315 ]
394,0.3940000000000003,[0.0122225  1.28676208],[-0.01299831  2.53052149],[-0.23887175 -2.12999489],[-0.07158137  0.07729961]
395,0.3950000000000003,[0.01220926 1.28929047],[-0.01323719  2.5283915 ],[-0.23897642 -2.11947466],[-0.07175526  0.07736703]
396,0.3960000000000003,[0.01219578 1.29181674],[-0.01347616  2.52627202],[-0.23908185 -2.10905037],[-0.07192889  0.07743377]
397,0.3970000000000003,[0.01218207 1.29434091],[-0.01371524  2.52416297],[-0.23918803 -2.09872141],[-0.07210225  0.07749982]
398,0.3980000000000003,[0.01216811 1.29686297],[-0.01395443  2.52206425],[-0.23929495 -2.08848717],[-0.07227536  0.0775652 ]
399,0.3990000000000003,[0.01215392 1.29938295],[-0.01419373  2.51997576],[-0.23940258 -2.07834704],[-0.0724482  0.0776299]
400,0.4000000000000003,[0.01213949 1.30190084],[-0.01443313  2.51789742],[-0.23951091 -2.06830043],[-0.07262079  0.07769392]
401,0.4010000000000003,[0.01212481 1.30441667],[-0.01467264  2.51582912],[-0.23961992 -2.05834672],[-0.0727931   0.07775727]
402,0.4020000000000003,[0.0121099  1.30693044],[-0.01491226  2.51377077],[-0.2397296  -2.04848534],[-0.07296515  0.07781995]
403,0.4030000000000003,[0.01209475 1.30944217],[-0.01515199  2.51172228],[-0.23983993 -2.03871569],[-0.07313694  0.07788195]
404,0.4040000000000003,[0.01207936 1.31195185],[-0.01539183  2.50968357],[-0.23995088 -2.0290372 ],[-0.07330846  0.07794329]
405,0.4050000000000003,[0.01206373 1.3144595 ],[-0.01563178  2.50765453],[-0.24006245 -2.01944927],[-0.0734797   0.07800396]
406,0.4060000000000003,[0.01204785 1.31696514],[-0.01587184  2.50563508],[-0.24017462 -2.00995134],[-0.07365069  0.07806397]
407,0.4070000000000003,[0.01203174 1.31946876],[-0.01611202  2.50362513],[-0.24028736 -2.00054284],[-0.0738214   0.07812331]
408,0.4080000000000003,[0.01201539 1.32197039],[-0.01635231  2.50162459],[-0.24040067 -1.9912232 ],[-0.07399183  0.07818199]
409,0.4090000000000003,[0.0119988  1.32447002],[-0.01659271  2.49963336],[-0.24051453 -1.98199186],[-0.074162    0.07824001]
410,0.4100000000000003,[0.01198196 1.32696767],[-0.01683322  2.49765137],[-0.24062892 -1.97284826],[-0.07433189  0.07829737]
411,0.4110000000000003,[0.01196489 1.32946335],[-0.01707385  2.49567852],[-0.24074382 -1.96379185],[-0.07450151  0.07835408]
412,0.4120000000000003,[0.01194758 1.33195707],[-0.01731459  2.49371473],[-0.24085922 -1.95482208],[-0.07467086  0.07841013]
413,0.4130000000000003,[0.01193002 1.33444883],[-0.01755545  2.49175991],[-0.24097511 -1.9459384 ],[-0.07483993  0.07846553]
414,0.4140000000000003,[0.01191222 1.33693864],[-0.01779643  2.48981397],[-0.24109146 -1.93714028],[-0.07500872  0.07852028]
415,0.4150000000000003,[0.01189419 1.33942652],[-0.01803752  2.48787683],[-0.24120826 -1.92842718],[-0.07517724  0.07857438]
416,0.4160000000000003,[0.01187591 1.34191247],[-0.01827873  2.4859484 ],[-0.2413255  -1.91979857],[-0.07534547  0.07862783]
417,0.4170000000000003,[0.01185739 1.34439649],[-0.01852005  2.4840286 ],[-0.24144315 -1.91125391],[-0.07551343  0.07868063]
418,0.4180000000000003,[0.01183863 1.34687861],[-0.0187615   2.48211735],[-0.24156121 -1.90279269],[-0.07568111  0.07873279]
419,0.4190000000000003,[0.01181962 1.34935883],[-0.01900306  2.48021456],[-0.24167966 -1.89441439],[-0.0758485   0.07878431]
420,0.4200000000000003,[0.01180038 1.35183715],[-0.01924474  2.47832014],[-0.24179848 -1.88611848],[-0.07601561  0.07883519]
421,0.4210000000000003,[0.01178089 1.35431358],[-0.01948654  2.47643403],[-0.24191767 -1.87790445],[-0.07618244  0.07888542]
422,0.4220000000000003,[0.01176116 1.35678814],[-0.01972845  2.47455612],[-0.24203719 -1.86977181],[-0.07634899  0.07893502]
423,0.4230000000000003,[0.01174119 1.35926082],[-0.01997049  2.47268635],[-0.24215704 -1.86172003],[-0.07651525  0.07898399]
424,0.4240000000000003,[0.01172098 1.36173165],[-0.02021265  2.47082463],[-0.24227721 -1.85374863],[-0.07668122  0.07903231]
425,0.4250000000000003,[0.01170053 1.36420062],[-0.02045493  2.46897088],[-0.24239767 -1.84585711],[-0.07684691  0.07908001]
426,0.4260000000000003,[0.01167983 1.36666774],[-0.02069732  2.46712502],[-0.24251842 -1.83804497],[-0.07701231  0.07912707]
427,0.4270000000000003,[0.01165889 1.36913303],[-0.02093984  2.46528698],[-0.24263944 -1.83031172],[-0.07717742  0.07917351]
428,0.4280000000000003,[0.01163771 1.37159649],[-0.02118248  2.46345667],[-0.24276071 -1.82265689],[-0.07734224  0.07921931]
429,0.4290000000000003,[0.01161628 1.37405812],[-0.02142524  2.46163401],[-0.24288222 -1.81507998],[-0.07750677  0.07926449]
430,0.4300000000000003,[0.01159461 1.37651794],[-0.02166812  2.45981893],[-0.24300395 -1.80758052],[-0.077671    0.07930905]
431,0.4310000000000003,[0.0115727  1.37897595],[-0.02191113  2.45801135],[-0.2431259  -1.80015803],[-0.07783495  0.07935298]
432,0.43200000000000033,[0.01155055 1.38143216],[-0.02215425  2.45621119],[-0.24324805 -1.79281205],[-0.0779986   0.07939629]
433,0.43300000000000033,[0.01152815 1.38388658],[-0.0223975   2.45441838],[-0.24337038 -1.78554211],[-0.07816196  0.07943898]
434,0.43400000000000033,[0.01150551 1.38633921],[-0.02264087  2.45263284],[-0.24349288 -1.77834774],[-0.07832502  0.07948105]
435,0.43500000000000033,[0.01148262 1.38879007],[-0.02288436  2.45085449],[-0.24361553 -1.77122849],[-0.07848779  0.0795225 ]
436,0.43600000000000033,[0.0114595  1.39123915],[-0.02312798  2.44908326],[-0.24373832 -1.7641839 ],[-0.07865025  0.07956333]
437,0.43700000000000033,[0.01143612 1.39368647],[-0.02337172  2.44731908],[-0.24386125 -1.75721352],[-0.07881243  0.07960356]
438,0.43800000000000033,[0.01141251 1.39613203],[-0.02361558  2.44556186],[-0.24398429 -1.75031689],[-0.0789743   0.07964317]
439,0.43900000000000033,[0.01138865 1.39857584],[-0.02385956  2.44381155],[-0.24410742 -1.74349357],[-0.07913587  0.07968217]
440,0.44000000000000034,[0.01136455 1.40101791],[-0.02410367  2.44206805],[-0.24423065 -1.73674313],[-0.07929714  0.07972056]
441,0.44100000000000034,[0.0113402  1.40345824],[-0.0243479   2.44033131],[-0.24435395 -1.73006511],[-0.07945811  0.07975834]
442,0.44200000000000034,[0.01131561 1.40589684],[-0.02459226  2.43860124],[-0.24447731 -1.72345909],[-0.07961878  0.07979551]
443,0.44300000000000034,[0.01129077 1.40833372],[-0.02483673  2.43687779],[-0.24460072 -1.71692463],[-0.07977914  0.07983208]
444,0.44400000000000034,[0.01126569 1.41076888],[-0.02508133  2.43516086],[-0.24472416 -1.71046131],[-0.0799392   0.07986805]
445,0.44500000000000034,[0.01124036 1.41320233],[-0.02532606  2.4334504 ],[-0.24484763 -1.70406869],[-0.08009896  0.07990341]
446,0.44600000000000034,[0.01121479 1.41563408],[-0.02557091  2.43174633],[-0.2449711  -1.69774637],[-0.08025841  0.07993817]
447,0.44700000000000034,[0.01118897 1.41806413],[-0.02581588  2.43004858],[-0.24509457 -1.69149391],[-0.08041755  0.07997233]
448,0.44800000000000034,[0.01116291 1.42049249],[-0.02606097  2.42835709],[-0.24521802 -1.6853109 ],[-0.08057638  0.0800059 ]
449,0.44900000000000034,[0.01113661 1.42291916],[-0.02630619  2.42667178],[-0.24534145 -1.67919694],[-0.08073491  0.08003887]
450,0.45000000000000034,[0.01111006 1.42534415],[-0.02655153  2.42499258],[-0.24546483 -1.6731516 ],[-0.08089312  0.08007124]
451,0.45100000000000035,[0.01108326 1.42776747],[-0.026797    2.42331943],[-0.24558815 -1.66717449],[-0.08105103  0.08010302]
452,0.45200000000000035,[0.01105622 1.43018912],[-0.02704258  2.42165226],[-0.24571141 -1.6612652 ],[-0.08120862  0.08013421]
453,0.45300000000000035,[0.01102893 1.43260911],[-0.0272883   2.41999099],[-0.24583459 -1.65542334],[-0.0813659   0.08016481]
454,0.45400000000000035,[0.01100139 1.43502745],[-0.02753413  2.41833557],[-0.24595768 -1.6496485 ],[-0.08152287  0.08019482]
455,0.45500000000000035,[0.01097361 1.43744413],[-0.02778009  2.41668592],[-0.24608067 -1.64394029],[-0.08167952  0.08022424]
456,0.45600000000000035,[0.01094559 1.43985918],[-0.02802617  2.41504198],[-0.24620354 -1.63829832],[-0.08183586  0.08025307]
457,0.45700000000000035,[0.01091732 1.44227258],[-0.02827237  2.41340368],[-0.24632628 -1.63272221],[-0.08199189  0.08028132]
458,0.45800000000000035,[0.0108888  1.44468435],[-0.0285187   2.41177096],[-0.24644888 -1.62721157],[-0.08214759  0.08030899]
459,0.45900000000000035,[0.01086003 1.44709449],[-0.02876515  2.41014375],[-0.24657133 -1.62176602],[-0.08230298  0.08033607]
460,0.46000000000000035,[0.01083102 1.44950302],[-0.02901172  2.40852198],[-0.24669362 -1.61638517],[-0.08245805  0.08036257]
461,0.46100000000000035,[0.01080176 1.45190992],[-0.02925841  2.4069056 ],[-0.24681573 -1.61106866],[-0.0826128  0.0803885]
462,0.46200000000000035,[0.01077226 1.45431522],[-0.02950523  2.40529453],[-0.24693766 -1.60581611],[-0.08276723  0.08041384]
463,0.46300000000000036,[0.0107425  1.45671891],[-0.02975217  2.40368871],[-0.24705939 -1.60062715],[-0.08292134  0.08043861]
464,0.46400000000000036,[0.0107125  1.45912099],[-0.02999922  2.40208808],[-0.24718091 -1.59550141],[-0.08307513  0.0804628 ]
465,0.46500000000000036,[0.01068226 1.46152149],[-0.03024641  2.40049258],[-0.24730221 -1.59043854],[-0.0832286   0.08048642]
466,0.46600000000000036,[0.01065176 1.46392039],[-0.03049371  2.39890214],[-0.24742327 -1.58543816],[-0.08338174  0.08050947]
467,0.46700000000000036,[0.01062102 1.4663177 ],[-0.03074113  2.39731671],[-0.2475441  -1.58049992],[-0.08353456  0.08053194]
468,0.46800000000000036,[0.01059004 1.46871344],[-0.03098868  2.39573621],[-0.24766467 -1.57562347],[-0.08368705  0.08055385]
469,0.46900000000000036,[0.0105588 1.4711076],[-0.03123634  2.39416058],[-0.24778497 -1.57080845],[-0.08383921  0.08057519]
470,0.47000000000000036,[0.01052731 1.47350019],[-0.03148412  2.39258977],[-0.247905   -1.56605451],[-0.08399105  0.08059596]
471,0.47100000000000036,[0.01049558 1.47589122],[-0.03173203  2.39102372],[-0.24802474 -1.5613613 ],[-0.08414256  0.08061616]
472,0.47200000000000036,[0.0104636  1.47828068],[-0.03198005  2.38946236],[-0.24814418 -1.55672848],[-0.08429375  0.0806358 ]
473,0.47300000000000036,[0.01043137 1.48066858],[-0.0322282   2.38790563],[-0.24826332 -1.55215571],[-0.0844446   0.08065487]
474,0.47400000000000037,[0.0103989  1.48305494],[-0.03247646  2.38635347],[-0.24838213 -1.54764265],[-0.08459512  0.08067339]
475,0.47500000000000037,[0.01036617 1.48543974],[-0.03272484  2.38480583],[-0.24850062 -1.54318895],[-0.08474531  0.08069134]
476,0.47600000000000037,[0.0103332  1.48782301],[-0.03297334  2.38326264],[-0.24861876 -1.53879429],[-0.08489517  0.08070874]
477,0.47700000000000037,[0.01029998 1.49020473],[-0.03322196  2.38172385],[-0.24873656 -1.53445834],[-0.08504469  0.08072557]
478,0.47800000000000037,[0.01026651 1.49258492],[-0.0334707   2.38018939],[-0.24885399 -1.53018076],[-0.08519389  0.08074185]
479,0.47900000000000037,[0.01023279 1.49496358],[-0.03371955  2.37865921],[-0.24897105 -1.52596123],[-0.08534274  0.08075758]
480,0.48000000000000037,[0.01019882 1.49734071],[-0.03396853  2.37713325],[-0.24908773 -1.52179942],[-0.08549126  0.08077275]
481,0.48100000000000037,[0.0101646  1.49971632],[-0.03421761  2.37561145],[-0.24920402 -1.51769502],[-0.08563945  0.08078736]
482,0.4820000000000004,[0.01013013 1.50209042],[-0.03446682  2.37409375],[-0.2493199 -1.5136477],[-0.0857873   0.08080143]
483,0.4830000000000004,[0.01009542 1.504463  ],[-0.03471614  2.37258011],[-0.24943537 -1.50965714],[-0.08593481  0.08081495]
484,0.4840000000000004,[0.01006045 1.50683407],[-0.03496557  2.37107045],[-0.24955042 -1.50572304],[-0.08608198  0.08082791]
485,0.4850000000000004,[0.01002524 1.50920363],[-0.03521512  2.36956473],[-0.24966504 -1.50184508],[-0.08622881  0.08084033]
486,0.4860000000000004,[0.00998977 1.51157169],[-0.03546479  2.36806288],[-0.24977922 -1.49802295],[-0.0863753   0.08085221]
487,0.4870000000000004,[0.00995406 1.51393826],[-0.03571457  2.36656486],[-0.24989294 -1.49425635],[-0.08652145  0.08086353]
488,0.4880000000000004,[0.00991809 1.51630333],[-0.03596446  2.3650706 ],[-0.25000621 -1.49054497],[-0.08666725  0.08087432]
489,0.4890000000000004,[0.00988188 1.51866691],[-0.03621447  2.36358006],[-0.250119  -1.4868885],[-0.08681272  0.08088456]
490,0.4900000000000004,[0.00984541 1.521029  ],[-0.03646459  2.36209317],[-0.25023131 -1.48328665],[-0.08695784  0.08089426]
491,0.4910000000000004,[0.0098087  1.52338961],[-0.03671482  2.36060988],[-0.25034314 -1.47973913],[-0.08710261  0.08090342]
492,0.4920000000000004,[0.00977173 1.52574874],[-0.03696516  2.35913014],[-0.25045446 -1.47624562],[-0.08724704  0.08091205]
493,0.4930000000000004,[0.00973452 1.5281064 ],[-0.03721561  2.3576539 ],[-0.25056527 -1.47280586],[-0.08739112  0.08092013]
494,0.4940000000000004,[0.00969705 1.53046258],[-0.03746618  2.35618109],[-0.25067557 -1.46941953],[-0.08753486  0.08092768]
495,0.4950000000000004,[0.00965934 1.53281729],[-0.03771685  2.35471167],[-0.25078534 -1.46608635],[-0.08767825  0.08093469]
496,0.4960000000000004,[0.00962137 1.53517054],[-0.03796764  2.35324558],[-0.25089458 -1.46280605],[-0.08782129  0.08094117]
497,0.4970000000000004,[0.00958315 1.53752232],[-0.03821853  2.35178278],[-0.25100326 -1.45957832],[-0.08796397  0.08094712]
498,0.4980000000000004,[0.00954468 1.53987264],[-0.03846954  2.3503232 ],[-0.2511114 -1.4564029],[-0.08810631  0.08095254]
499,0.4990000000000004,[0.00950596 1.54222151],[-0.03872065  2.3488668 ],[-0.25121897 -1.4532795 ],[-0.0882483   0.08095743]
500,0.5000000000000003,[0.00946699 1.54456892],[-0.03897187  2.34741352],[-0.25132597 -1.45020784],[-0.08838994  0.08096178]
501,0.5010000000000003,[0.00942776 1.54691488],[-0.03922319  2.34596331],[-0.25143239 -1.44718765],[-0.08853122  0.08096562]
502,0.5020000000000003,[0.00938829 1.5492594 ],[-0.03947463  2.34451612],[-0.25153821 -1.44421865],[-0.08867215  0.08096892]
503,0.5030000000000003,[0.00934856 1.55160247],[-0.03972616  2.3430719 ],[-0.25164344 -1.44130058],[-0.08881272  0.0809717 ]
504,0.5040000000000003,[0.00930859 1.5539441 ],[-0.03997781  2.3416306 ],[-0.25174807 -1.43843316],[-0.08895294  0.08097396]
505,0.5050000000000003,[0.00926836 1.5562843 ],[-0.04022956  2.34019217],[-0.25185207 -1.43561613],[-0.0890928   0.08097569]
506,0.5060000000000003,[0.00922788 1.55862305],[-0.04048141  2.33875655],[-0.25195546 -1.43284922],[-0.08923231  0.0809769 ]
507,0.5070000000000003,[0.00918714 1.56096038],[-0.04073336  2.3373237 ],[-0.25205821 -1.43013217],[-0.08937146  0.08097759]
508,0.5080000000000003,[0.00914616 1.56329627],[-0.04098542  2.33589357],[-0.25216032 -1.42746472],[-0.08951025  0.08097777]
509,0.5090000000000003,[0.00910492 1.56563074],[-0.04123758  2.33446611],[-0.25226178 -1.42484661],[-0.08964868  0.08097742]
510,0.5100000000000003,[0.00906343 1.56796378],[-0.04148984  2.33304126],[-0.25236258 -1.42227758],[-0.08978675  0.08097656]
511,0.5110000000000003,[0.00902169 1.5702954 ],[-0.04174221  2.33161898],[-0.25246272 -1.41975738],[-0.08992446  0.08097519]
512,0.5120000000000003,[0.00897969 1.57262559],[-0.04199467  2.33019923],[-0.25256218 -1.41728576],[-0.0900618  0.0809733]
513,0.5130000000000003,[0.00893744 1.57495438],[-0.04224723  2.32878194],[-0.25266096 -1.41486246],[-0.09019879  0.0809709 ]
514,0.5140000000000003,[0.00889494 1.57728174],[-0.04249989  2.32736708],[-0.25275905 -1.41248723],[-0.09033541  0.08096798]
515,0.5150000000000003,[0.00885219 1.5796077 ],[-0.04275265  2.32595459],[-0.25285645 -1.41015983],[-0.09047167  0.08096456]
516,0.5160000000000003,[0.00880919 1.58193224],[-0.04300551  2.32454443],[-0.25295313 -1.40788001],[-0.09060756  0.08096062]
517,0.5170000000000003,[0.00876593 1.58425538],[-0.04325846  2.32313655],[-0.25304911 -1.40564753],[-0.09074309  0.08095618]
518,0.5180000000000003,[0.00872242 1.58657711],[-0.04351151  2.3217309 ],[-0.25314436 -1.40346214],[-0.09087825  0.08095124]
519,0.5190000000000003,[0.00867865 1.58889744],[-0.04376465  2.32032744],[-0.25323889 -1.40132361],[-0.09101304  0.08094578]
520,0.5200000000000004,[0.00863463 1.59121636],[-0.04401789  2.31892612],[-0.25333267 -1.3992317 ],[-0.09114747  0.08093983]
521,0.5210000000000004,[0.00859036 1.59353389],[-0.04427123  2.31752689],[-0.25342571 -1.39718617],[-0.09128152  0.08093336]
522,0.5220000000000004,[0.00854584 1.59585002],[-0.04452465  2.3161297 ],[-0.25351801 -1.39518679],[-0.09141521  0.0809264 ]
523,0.5230000000000004,[0.00850106 1.59816476],[-0.04477817  2.31473451],[-0.25360954 -1.39323332],[-0.09154853  0.08091894]
524,0.5240000000000004,[0.00845603 1.6004781 ],[-0.04503178  2.31334128],[-0.2537003  -1.39132554],[-0.09168147  0.08091098]
525,0.5250000000000004,[0.00841074 1.60279005],[-0.04528548  2.31194995],[-0.25379029 -1.38946321],[-0.09181405  0.08090252]
526,0.5260000000000004,[0.0083652  1.60510061],[-0.04553927  2.31056049],[-0.2538795  -1.38764611],[-0.09194625  0.08089356]
527,0.5270000000000004,[0.00831941 1.60740978],[-0.04579315  2.30917285],[-0.25396792 -1.38587401],[-0.09207807  0.0808841 ]
528,0.5280000000000004,[0.00827336 1.60971757],[-0.04604712  2.30778697],[-0.25405554 -1.38414669],[-0.09220953  0.08087415]
529,0.5290000000000004,[0.00822706 1.61202397],[-0.04630117  2.30640282],[-0.25414236 -1.38246393],[-0.0923406   0.08086371]
530,0.5300000000000004,[0.00818051 1.61432899],[-0.04655532  2.30502036],[-0.25422837 -1.3808255 ],[-0.09247131  0.08085278]
531,0.5310000000000004,[0.0081337  1.61663263],[-0.04680954  2.30363953],[-0.25431357 -1.37923118],[-0.09260163  0.08084135]
532,0.5320000000000004,[0.00808663 1.61893489],[-0.04706386  2.3022603 ],[-0.25439794 -1.37768077],[-0.09273158  0.08082944]
533,0.5330000000000004,[0.00803932 1.62123577],[-0.04731826  2.30088262],[-0.25448147 -1.37617404],[-0.09286115  0.08081703]
534,0.5340000000000004,[0.00799174 1.62353528],[-0.04757274  2.29950645],[-0.25456417 -1.37471077],[-0.09299034  0.08080414]
535,0.5350000000000004,[0.00794392 1.62583341],[-0.0478273   2.29813174],[-0.25464603 -1.37329077],[-0.09311915  0.08079076]
536,0.5360000000000004,[0.00789583 1.62813017],[-0.04808195  2.29675845],[-0.25472703 -1.37191381],[-0.09324759  0.0807769 ]
537,0.5370000000000004,[0.0078475  1.63042556],[-0.04833667  2.29538653],[-0.25480717 -1.37057968],[-0.09337564  0.08076255]
538,0.5380000000000004,[0.00779891 1.63271957],[-0.04859148  2.29401595],[-0.25488645 -1.36928819],[-0.0935033   0.08074772]
539,0.5390000000000004,[0.00775006 1.63501222],[-0.04884637  2.29264667],[-0.25496486 -1.36803912],[-0.09363059  0.08073241]
540,0.5400000000000004,[0.00770096 1.6373035 ],[-0.04910133  2.29127863],[-0.25504239 -1.36683226],[-0.09375749  0.08071661]
541,0.5410000000000004,[0.0076516  1.63959341],[-0.04935638  2.28991179],[-0.25511904 -1.36566742],[-0.09388401  0.08070034]
542,0.5420000000000004,[0.00760199 1.64188195],[-0.04961149  2.28854613],[-0.25519479 -1.3645444 ],[-0.09401014  0.08068359]
543,0.5430000000000004,[0.00755212 1.64416914],[-0.04986669  2.28718158],[-0.25526965 -1.36346298],[-0.09413589  0.08066636]
544,0.5440000000000004,[0.007502   1.64645495],[-0.05012196  2.28581812],[-0.2553436  -1.36242298],[-0.09426125  0.08064866]
545,0.5450000000000004,[0.00745162 1.64873941],[-0.0503773  2.2844557],[-0.25541664 -1.3614242 ],[-0.09438623  0.08063048]
546,0.5460000000000004,[0.00740099 1.6510225 ],[-0.05063272  2.28309427],[-0.25548876 -1.36046645],[-0.09451081  0.08061183]
547,0.5470000000000004,[0.0073501  1.65330424],[-0.05088821  2.28173381],[-0.25555997 -1.35954952],[-0.09463501  0.08059271]
548,0.5480000000000004,[0.00729896 1.65558461],[-0.05114377  2.28037426],[-0.25563024 -1.35867322],[-0.09475882  0.08057311]
549,0.5490000000000004,[0.00724756 1.65786363],[-0.0513994   2.27901558],[-0.25569958 -1.35783737],[-0.09488224  0.08055305]
550,0.5500000000000004,[0.0071959  1.66014129],[-0.0516551   2.27765775],[-0.25576798 -1.35704177],[-0.09500527  0.08053252]
551,0.5510000000000004,[0.00714399 1.66241759],[-0.05191087  2.2763007 ],[-0.25583543 -1.35628624],[-0.0951279   0.08051152]
552,0.5520000000000004,[0.00709183 1.66469253],[-0.0521667   2.27494442],[-0.25590193 -1.35557058],[-0.09525015  0.08049005]
553,0.5530000000000004,[0.0070394  1.66696612],[-0.0524226   2.27358885],[-0.25596747 -1.35489462],[-0.095372    0.08046812]
554,0.5540000000000004,[0.00698673 1.66923835],[-0.05267857  2.27223395],[-0.25603204 -1.35425817],[-0.09549345  0.08044572]
555,0.5550000000000004,[0.00693379 1.67150923],[-0.0529346   2.27087969],[-0.25609565 -1.35366104],[-0.09561452  0.08042286]
556,0.5560000000000004,[0.0068806  1.67377876],[-0.0531907   2.26952603],[-0.25615827 -1.35310305],[-0.09573518  0.08039954]
557,0.5570000000000004,[0.00682715 1.67604693],[-0.05344686  2.26817293],[-0.25621992 -1.35258403],[-0.09585546  0.08037576]
558,0.5580000000000004,[0.00677345 1.67831375],[-0.05370308  2.26682035],[-0.25628058 -1.35210379],[-0.09597533  0.08035152]
559,0.5590000000000004,[0.00671949 1.68057922],[-0.05395936  2.26546824],[-0.25634025 -1.35166216],[-0.09609481  0.08032682]
560,0.5600000000000004,[0.00666528 1.68284334],[-0.0542157   2.26411658],[-0.25639891 -1.35125895],[-0.09621389  0.08030166]
561,0.5610000000000004,[0.0066108 1.6851061],[-0.0544721   2.26276532],[-0.25645658 -1.350894  ],[-0.09633257  0.08027605]
562,0.5620000000000004,[0.00655607 1.68736752],[-0.05472855  2.26141443],[-0.25651323 -1.35056713],[-0.09645085  0.08024998]
563,0.5630000000000004,[0.00650109 1.68962758],[-0.05498507  2.26006386],[-0.25656887 -1.35027817],[-0.09656873  0.08022346]
564,0.5640000000000004,[0.00644585 1.69188629],[-0.05524163  2.25871358],[-0.25662349 -1.35002695],[-0.09668621  0.08019649]
565,0.5650000000000004,[0.00639035 1.69414366],[-0.05549826  2.25736356],[-0.25667708 -1.34981329],[-0.09680328  0.08016906]
566,0.5660000000000004,[0.00633459 1.69639967],[-0.05575493  2.25601374],[-0.25672965 -1.34963703],[-0.09691996  0.08014119]
567,0.5670000000000004,[0.00627858 1.69865434],[-0.05601166  2.2546641 ],[-0.25678117 -1.34949799],[-0.09703623  0.08011287]
568,0.5680000000000004,[0.00622231 1.70090765],[-0.05626845  2.25331461],[-0.25683166 -1.34939602],[-0.0971521  0.0800841]
569,0.5690000000000004,[0.00616579 1.70315962],[-0.05652528  2.25196521],[-0.2568811  -1.34933095],[-0.09726756  0.08005488]
570,0.5700000000000004,[0.00610901 1.70541023],[-0.05678216  2.25061588],[-0.25692948 -1.34930261],[-0.09738262  0.08002522]
571,0.5710000000000004,[0.00605197 1.7076595 ],[-0.05703909  2.24926658],[-0.25697681 -1.34931084],[-0.09749727  0.07999511]
572,0.5720000000000004,[0.00599467 1.70990742],[-0.05729606  2.24791727],[-0.25702308 -1.34935548],[-0.09761152  0.07996456]
573,0.5730000000000004,[0.00593712 1.71215398],[-0.05755309  2.24656791],[-0.25706829 -1.34943637],[-0.09772536  0.07993357]
574,0.5740000000000004,[0.00587931 1.7143992 ],[-0.05781016  2.24521847],[-0.25711242 -1.34955334],[-0.09783879  0.07990214]
575,0.5750000000000004,[0.00582124 1.71664307],[-0.05806727  2.24386892],[-0.25715548 -1.34970625],[-0.09795181  0.07987027]
576,0.5760000000000004,[0.00576292 1.71888559],[-0.05832442  2.24251921],[-0.25719745 -1.34989493],[-0.09806442  0.07983796]
577,0.5770000000000004,[0.00570434 1.72112676],[-0.05858162  2.24116932],[-0.25723834 -1.35011922],[-0.09817662  0.07980522]
578,0.5780000000000004,[0.0056455  1.72336658],[-0.05883886  2.2398192 ],[-0.25727814 -1.35037897],[-0.09828841  0.07977203]
579,0.5790000000000004,[0.0055864  1.72560505],[-0.05909614  2.23846882],[-0.25731685 -1.35067404],[-0.09839979  0.07973842]
580,0.5800000000000004,[0.00552705 1.72784217],[-0.05935345  2.23711815],[-0.25735445 -1.35100425],[-0.09851076  0.07970437]
581,0.5810000000000004,[0.00546744 1.73007793],[-0.05961081  2.23576714],[-0.25739095 -1.35136947],[-0.09862131  0.07966988]
582,0.5820000000000004,[0.00540757 1.73231235],[-0.0598682   2.23441577],[-0.25742635 -1.35176954],[-0.09873145  0.07963497]
583,0.5830000000000004,[0.00534744 1.73454541],[-0.06012563  2.233064  ],[-0.25746063 -1.3522043 ],[-0.09884118  0.07959963]
584,0.5840000000000004,[0.00528706 1.73677712],[-0.06038309  2.2317118 ],[-0.25749379 -1.35267363],[-0.09895049  0.07956385]
585,0.5850000000000004,[0.00522642 1.73900748],[-0.06064058  2.23035913],[-0.25752583 -1.35317735],[-0.09905939  0.07952765]
586,0.5860000000000004,[0.00516552 1.74123649],[-0.06089811  2.22900595],[-0.25755674 -1.35371534],[-0.09916787  0.07949103]
587,0.5870000000000004,[0.00510437 1.74346414],[-0.06115566  2.22765223],[-0.25758653 -1.35428744],[-0.09927593  0.07945397]
588,0.5880000000000004,[0.00504295 1.74569044],[-0.06141325  2.22629795],[-0.25761517 -1.3548935 ],[-0.09938357  0.0794165 ]
589,0.5890000000000004,[0.00498128 1.74791538],[-0.06167087  2.22494305],[-0.25764268 -1.35553339],[-0.0994908  0.0793786]
590,0.5900000000000004,[0.00491935 1.75013897],[-0.06192851  2.22358752],[-0.25766905 -1.35620696],[-0.0995976   0.07934028]
591,0.5910000000000004,[0.00485717 1.7523612 ],[-0.06218618  2.22223131],[-0.25769427 -1.35691407],[-0.09970399  0.07930154]
592,0.5920000000000004,[0.00479472 1.75458208],[-0.06244387  2.2208744 ],[-0.25771834 -1.35765458],[-0.09980996  0.07926238]
593,0.5930000000000004,[0.00473202 1.75680159],[-0.06270159  2.21951674],[-0.25774125 -1.35842834],[-0.0999155  0.0792228]
594,0.5940000000000004,[0.00466906 1.75901975],[-0.06295933  2.21815832],[-0.257763   -1.35923523],[-0.10002062  0.0791828 ]
595,0.5950000000000004,[0.00460584 1.76123655],[-0.06321709  2.21679908],[-0.25778359 -1.3600751 ],[-0.10012533  0.07914239]
596,0.5960000000000004,[0.00454237 1.76345199],[-0.06347488  2.21543901],[-0.25780301 -1.36094781],[-0.1002296   0.07910156]
597,0.5970000000000004,[0.00447864 1.76566607],[-0.06373268  2.21407806],[-0.25782127 -1.36185323],[-0.10033346  0.07906032]
598,0.5980000000000004,[0.00441465 1.76787878],[-0.0639905  2.2127162],[-0.25783834 -1.36279122],[-0.10043689  0.07901867]
599,0.5990000000000004,[0.0043504  1.77009014],[-0.06424834  2.21135341],[-0.25785424 -1.36376165],[-0.10053989  0.07897661]
600,0.6000000000000004,[0.00428589 1.77230013],[-0.06450619  2.20998965],[-0.25786895 -1.36476439],[-0.10064247  0.07893414]
601,0.6010000000000004,[0.00422113 1.77450875],[-0.06476406  2.20862489],[-0.25788248 -1.3657993 ],[-0.10074462  0.07889126]
602,0.6020000000000004,[0.00415611 1.77671601],[-0.06502195  2.20725909],[-0.25789482 -1.36686625],[-0.10084634  0.07884797]
603,0.6030000000000004,[0.00409083 1.7789219 ],[-0.06527984  2.20589222],[-0.25790597 -1.36796511],[-0.10094764  0.07880427]
604,0.6040000000000004,[0.00402529 1.78112643],[-0.06553775  2.20452426],[-0.25791591 -1.36909576],[-0.10104851  0.07876017]
605,0.6050000000000004,[0.00395949 1.78332958],[-0.06579566  2.20315516],[-0.25792466 -1.37025805],[-0.10114895  0.07871567]
606,0.6060000000000004,[0.00389344 1.78553137],[-0.06605359  2.2017849 ],[-0.25793221 -1.37145186],[-0.10124896  0.07867076]
607,0.6070000000000004,[0.00382713 1.78773178],[-0.06631152  2.20041345],[-0.25793854 -1.37267707],[-0.10134854  0.07862545]
608,0.6080000000000004,[0.00376056 1.78993082],[-0.06656946  2.19904077],[-0.25794367 -1.37393355],[-0.10144769  0.07857974]
609,0.6090000000000004,[0.00369373 1.79212849],[-0.0668274   2.19766684],[-0.25794758 -1.37522117],[-0.1015464   0.07853364]
610,0.6100000000000004,[0.00362665 1.79432478],[-0.06708535  2.19629162],[-0.25795027 -1.37653981],[-0.10164469  0.07848713]
611,0.6110000000000004,[0.0035593  1.79651969],[-0.0673433   2.19491508],[-0.25795174 -1.37788933],[-0.10174254  0.07844023]
612,0.6120000000000004,[0.0034917  1.79871323],[-0.06760125  2.19353719],[-0.25795199 -1.37926963],[-0.10183995  0.07839293]
613,0.6130000000000004,[0.00342384 1.80090539],[-0.0678592   2.19215792],[-0.25795101 -1.38068058],[-0.10193694  0.07834524]
614,0.6140000000000004,[0.00335572 1.80309617],[-0.06811715  2.19077724],[-0.2579488  -1.38212205],[-0.10203349  0.07829716]
615,0.6150000000000004,[0.00328735 1.80528556],[-0.0683751   2.18939512],[-0.25794536 -1.38359392],[-0.1021296   0.07824868]
616,0.6160000000000004,[0.00321872 1.80747357],[-0.06863305  2.18801152],[-0.25794068 -1.38509608],[-0.10222527  0.07819981]
617,0.6170000000000004,[0.00314983 1.8096602 ],[-0.06889099  2.18662643],[-0.25793475 -1.3866284 ],[-0.10232051  0.07815056]
618,0.6180000000000004,[0.00308068 1.81184544],[-0.06914892  2.1852398 ],[-0.25792759 -1.38819077],[-0.10241532  0.07810091]
619,0.6190000000000004,[0.00301127 1.81402929],[-0.06940685  2.18385161],[-0.25791918 -1.38978306],[-0.10250968  0.07805088]
620,0.6200000000000004,[0.0029416  1.81621175],[-0.06966477  2.18246183],[-0.25790952 -1.39140516],[-0.1026036   0.07800046]
621,0.6210000000000004,[0.00287168 1.81839282],[-0.06992268  2.18107042],[-0.25789861 -1.39305695],[-0.10269709  0.07794966]
622,0.6220000000000004,[0.0028015 1.8205725],[-0.07018058  2.17967736],[-0.25788645 -1.39473832],[-0.10279013  0.07789848]
623,0.6230000000000004,[0.00273106 1.82275078],[-0.07043847  2.17828262],[-0.25787303 -1.39644914],[-0.10288274  0.07784691]
624,0.6240000000000004,[0.00266037 1.82492767],[-0.07069634  2.17688618],[-0.25785834 -1.39818932],[-0.1029749   0.07779496]
625,0.6250000000000004,[0.00258941 1.82710316],[-0.0709542   2.17548799],[-0.2578424  -1.39995872],[-0.10306663  0.07774263]
626,0.6260000000000004,[0.0025182  1.82927725],[-0.07121204  2.17408803],[-0.25782519 -1.40175724],[-0.1031579   0.07768993]
627,0.6270000000000004,[0.00244673 1.83144993],[-0.07146986  2.17268627],[-0.25780671 -1.40358477],[-0.10324874  0.07763684]
628,0.6280000000000004,[0.002375   1.83362121],[-0.07172767  2.17128269],[-0.25778696 -1.40544119],[-0.10333913  0.07758339]
629,0.6290000000000004,[0.00230302 1.83579109],[-0.07198546  2.16987724],[-0.25776594 -1.4073264 ],[-0.10342908  0.07752955]
630,0.6300000000000004,[0.00223077 1.83795956],[-0.07224322  2.16846992],[-0.25774364 -1.40924028],[-0.10351858  0.07747534]
631,0.6310000000000004,[0.00215827 1.84012662],[-0.07250097  2.16706068],[-0.25772006 -1.41118271],[-0.10360764  0.07742076]
632,0.6320000000000005,[0.00208551 1.84229227],[-0.07275869  2.1656495 ],[-0.2576952 -1.4131536],[-0.10369625  0.07736581]
633,0.6330000000000005,[0.0020125  1.84445651],[-0.07301638  2.16423634],[-0.25766906 -1.41515284],[-0.10378442  0.07731049]
634,0.6340000000000005,[0.00193922 1.84661933],[-0.07327405  2.16282119],[-0.25764163 -1.41718031],[-0.10387213  0.0772548 ]
635,0.6350000000000005,[0.00186569 1.84878073],[-0.07353169  2.16140401],[-0.25761292 -1.4192359 ],[-0.1039594   0.07719875]
636,0.6360000000000005,[1.79190303e-03 1.85094072e+00],[-0.07378931  2.15998477],[-0.25758291 -1.42131952],[-0.10404622  0.07714232]
637,0.6370000000000005,[1.71785614e-03 1.85309928e+00],[-0.07404689  2.15856345],[-0.25755161 -1.42343105],[-0.10413259  0.07708554]
638,0.6380000000000005,[1.64355170e-03 1.85525642e+00],[-0.07430444  2.15714002],[-0.25751902 -1.42557039],[-0.10421851  0.07702838]
639,0.6390000000000005,[1.56898974e-03 1.85741214e+00],[-0.07456196  2.15571445],[-0.25748512 -1.42773744],[-0.10430398  0.07697087]
640,0.6400000000000005,[1.49417029e-03 1.85956642e+00],[-0.07481944  2.15428671],[-0.25744993 -1.42993208],[-0.104389  0.076913]
641,0.6410000000000005,[1.41909340e-03 1.86171928e+00],[-0.07507689  2.15285678],[-0.25741344 -1.43215422],[-0.10447357  0.07685476]
642,0.6420000000000005,[1.34375909e-03 1.86387070e+00],[-0.07533431  2.15142463],[-0.25737564 -1.43440375],[-0.10455768  0.07679617]
643,0.6430000000000005,[1.26816740e-03 1.86602069e+00],[-0.07559168  2.14999022],[-0.25733654 -1.43668057],[-0.10464135  0.07673722]
644,0.6440000000000005,[1.19231838e-03 1.86816925e+00],[-0.07584902  2.14855354],[-0.25729613 -1.43898457],[-0.10472455  0.07667791]
645,0.6450000000000005,[1.11621207e-03 1.87031636e+00],[-0.07610632  2.14711456],[-0.25725441 -1.44131566],[-0.10480731  0.07661825]
646,0.6460000000000005,[1.03984850e-03 1.87246204e+00],[-0.07636357  2.14567324],[-0.25721138 -1.44367373],[-0.10488961  0.07655823]
647,0.6470000000000005,[9.63227714e-04 1.87460627e+00],[-0.07662078  2.14422957],[-0.25716704 -1.44605869],[-0.10497145  0.07649786]
648,0.6480000000000005,[8.86349765e-04 1.87674905e+00],[-0.07687795  2.14278351],[-0.25712137 -1.44847043],[-0.10505284  0.07643715]
649,0.6490000000000005,[8.09214694e-04 1.87889038e+00],[-0.07713507  2.14133504],[-0.2570744  -1.45090885],[-0.10513378  0.07637608]
650,0.6500000000000005,[7.31822549e-04 1.88103027e+00],[-0.07739215  2.13988413],[-0.2570261  -1.45337385],[-0.10521425  0.07631466]
651,0.6510000000000005,[6.54173378e-04 1.88316870e+00],[-0.07764917  2.13843076],[-0.25697648 -1.45586534],[-0.10529427  0.07625289]
652,0.6520000000000005,[5.76267230e-04 1.88530567e+00],[-0.07790615  2.13697489],[-0.25692554 -1.45838322],[-0.10537383  0.07619078]
653,0.6530000000000005,[4.98104157e-04 1.88744119e+00],[-0.07816307  2.13551651],[-0.25687328 -1.46092738],[-0.10545293  0.07612833]
654,0.6540000000000005,[4.19684210e-04 1.88957525e+00],[-0.07841995  2.13405558],[-0.25681968 -1.46349774],[-0.10553157  0.07606553]
655,0.6550000000000005,[3.41007444e-04 1.89170784e+00],[-0.07867677  2.13259208],[-0.25676477 -1.4660942 ],[-0.10560975  0.07600238]
656,0.6560000000000005,[2.62073913e-04 1.89383896e+00],[-0.07893353  2.13112599],[-0.25670852 -1.46871665],[-0.10568747  0.0759389 ]
657,0.6570000000000005,[1.82883673e-04 1.89596862e+00],[-0.07919024  2.12965727],[-0.25665094 -1.47136501],[-0.10576473  0.07587508]
658,0.6580000000000005,[1.03436783e-04 1.89809681e+00],[-0.07944689  2.12818591],[-0.25659203 -1.47403917],[-0.10584153  0.07581092]
659,0.6590000000000005,[2.37333005e-05 1.90022352e+00],[-0.07970348  2.12671187],[-0.25653178 -1.47673906],[-0.10591787  0.07574642]
660,0.6600000000000005,[-5.62267138e-05  1.90234875e+00],[-0.07996001  2.12523513],[-0.2564702  -1.47946456],[-0.10599374  0.07568159]
661,0.6610000000000005,[-1.36443198e-04  1.90447251e+00],[-0.08021648  2.12375567],[-0.25640728 -1.48221558],[-0.10606915  0.07561642]
662,0.6620000000000005,[-2.16916090e-04  1.90659478e+00],[-0.08047289  2.12227345],[-0.25634303 -1.48499204],[-0.10614409  0.07555091]
663,0.6630000000000005,[-2.97645325e-04  1.90871557e+00],[-0.08072923  2.12078846],[-0.25627743 -1.48779384],[-0.10621857  0.07548508]
664,0.6640000000000005,[-3.78630837e-04  1.91083487e+00],[-0.08098551  2.11930066],[-0.2562105  -1.49062089],[-0.10629259  0.07541891]
665,0.6650000000000005,[-4.59872560e-04  1.91295268e+00],[-0.08124172  2.11781004],[-0.25614222 -1.49347309],[-0.10636614  0.07535242]
666,0.6660000000000005,[-5.41370425e-04  1.91506900e+00],[-0.08149786  2.11631657],[-0.2560726  -1.49635035],[-0.10643922  0.0752856 ]
667,0.6670000000000005,[-6.23124362e-04  1.91718382e+00],[-0.08175394  2.11482022],[-0.25600163 -1.49925259],[-0.10651184  0.07521845]
668,0.6680000000000005,[-7.05134301e-04  1.91929714e+00],[-0.08200994  2.11332097],[-0.25592932 -1.50217971],[-0.10658399  0.07515097]
669,0.6690000000000005,[-7.87400170e-04  1.92140896e+00],[-0.08226587  2.11181879],[-0.25585566 -1.50513162],[-0.10665567  0.07508317]
670,0.6700000000000005,[-8.69921894e-04  1.92351927e+00],[-0.08252172  2.11031366],[-0.25578065 -1.50810823],[-0.10672689  0.07501505]
671,0.6710000000000005,[-9.52699399e-04  1.92562808e+00],[-0.0827775   2.10880555],[-0.25570429 -1.51110945],[-0.10679763  0.0749466 ]
672,0.6720000000000005,[-1.03573261e-03  1.92773537e+00],[-0.08303321  2.10729444],[-0.25562659 -1.51413519],[-0.10686791  0.07487784]
673,0.6730000000000005,[-1.11902144e-03  1.92984115e+00],[-0.08328884  2.1057803 ],[-0.25554753 -1.51718537],[-0.10693771  0.07480875]
674,0.6740000000000005,[-1.20256583e-03  1.93194542e+00],[-0.08354438  2.10426312],[-0.25546712 -1.52025989],[-0.10700705  0.07473935]
675,0.6750000000000005,[-1.28636568e-03  1.93404816e+00],[-0.08379985  2.10274286],[-0.25538536 -1.52335867],[-0.10707591  0.07466963]
676,0.6760000000000005,[-1.37042091e-03  1.93614938e+00],[-0.08405524  2.1012195 ],[-0.25530224 -1.52648162],[-0.1071443  0.0745996]
677,0.6770000000000005,[-1.45473145e-03  1.93824907e+00],[-0.08431054  2.09969302],[-0.25521777 -1.52962865],[-0.10721222  0.07452925]
678,0.6780000000000005,[-1.53929721e-03  1.94034723e+00],[-0.08456576  2.09816339],[-0.25513194 -1.53279967],[-0.10727966  0.07445859]
679,0.6790000000000005,[-1.62411809e-03  1.94244387e+00],[-0.08482089  2.09663059],[-0.25504475 -1.53599461],[-0.10734664  0.07438761]
680,0.6800000000000005,[-1.70919403e-03  1.94453896e+00],[-0.08507593  2.09509459],[-0.25495621 -1.53921336],[-0.10741314  0.07431633]
681,0.6810000000000005,[-1.79452491e-03  1.94663252e+00],[-0.08533089  2.09355538],[-0.25486631 -1.54245585],[-0.10747916  0.07424474]
682,0.6820000000000005,[-1.88011067e-03  1.94872453e+00],[-0.08558575  2.09201293],[-0.25477505 -1.54572199],[-0.10754471  0.07417284]
683,0.6830000000000005,[-0.00196595  1.950815  ],[-0.08584053  2.0904672 ],[-0.25468243 -1.5490117 ],[-0.10760978  0.07410063]
684,0.6840000000000005,[-0.00205205  1.95290391],[-0.08609521  2.08891819],[-0.25458845 -1.55232489],[-0.10767438  0.07402812]
685,0.6850000000000005,[-0.0021384   1.95499128],[-0.0863498   2.08736587],[-0.25449311 -1.55566147],[-0.1077385   0.07395531]
686,0.6860000000000005,[-0.002225    1.95707709],[-0.08660429  2.0858102 ],[-0.25439641 -1.55902137],[-0.10780214  0.07388219]
687,0.6870000000000005,[-0.00231186  1.95916134],[-0.08685869  2.08425118],[-0.25429835 -1.56240449],[-0.10786531  0.07380878]
688,0.6880000000000005,[-0.00239897  1.96124403],[-0.08711299  2.08268878],[-0.25419892 -1.56581076],[-0.107928    0.07373506]
689,0.6890000000000005,[-0.00248634  1.96332515],[-0.08736719  2.08112297],[-0.25409813 -1.56924009],[-0.10799021  0.07366105]
690,0.6900000000000005,[-0.00257396  1.96540471],[-0.08762129  2.07955373],[-0.25399598 -1.5726924 ],[-0.10805194  0.07358674]
691,0.6910000000000005,[-0.00266184  1.96748269],[-0.08787528  2.07798104],[-0.25389246 -1.5761676 ],[-0.10811319  0.07351213]
692,0.6920000000000005,[-0.00274997  1.96955909],[-0.08812917  2.07640487],[-0.25378758 -1.57966561],[-0.10817396  0.07343723]
693,0.6930000000000005,[-0.00283835  1.97163392],[-0.08838296  2.0748252 ],[-0.25368133 -1.58318636],[-0.10823424  0.07336203]
694,0.6940000000000005,[-0.00292698  1.97370716],[-0.08863664  2.07324202],[-0.25357372 -1.58672975],[-0.10829405  0.07328655]
695,0.6950000000000005,[-0.00301587  1.97577881],[-0.08889022  2.07165529],[-0.25346475 -1.59029571],[-0.10835338  0.07321077]
696,0.6960000000000005,[-0.00310502  1.97784888],[-0.08914368  2.07006499],[-0.2533544  -1.59388416],[-0.10841222  0.07313471]
697,0.6970000000000005,[-0.00319442  1.97991735],[-0.08939704  2.06847111],[-0.25324269 -1.59749501],[-0.10847058  0.07305836]
698,0.6980000000000005,[-0.00328407  1.98198422],[-0.08965028  2.06687361],[-0.25312962 -1.60112819],[-0.10852846  0.07298172]
699,0.6990000000000005,[-0.00337397  1.9840495 ],[-0.08990341  2.06527248],[-0.25301518 -1.60478361],[-0.10858585  0.07290479]
700,0.7000000000000005,[-0.00346413  1.98611316],[-0.09015642  2.0636677 ],[-0.25289937 -1.6084612 ],[-0.10864276  0.07282759]
701,0.7010000000000005,[-0.00355454  1.98817522],[-0.09040932  2.06205924],[-0.2527822  -1.61216087],[-0.10869918  0.0727501 ]
702,0.7020000000000005,[-0.0036452   1.99023567],[-0.09066211  2.06044708],[-0.25266365 -1.61588254],[-0.10875512  0.07267233]
703,0.7030000000000005,[-0.00373611  1.9922945 ],[-0.09091477  2.0588312 ],[-0.25254375 -1.61962614],[-0.10881057  0.07259428]
704,0.7040000000000005,[-0.00382728  1.99435171],[-0.09116731  2.05721157],[-0.25242247 -1.62339158],[-0.10886554  0.07251595]
705,0.7050000000000005,[-0.0039187  1.9964073],[-0.09141973  2.05558818],[-0.25229983 -1.62717879],[-0.10892002  0.07243735]
706,0.7060000000000005,[-0.00401037  1.99846126],[-0.09167203  2.053961  ],[-0.25217582 -1.63098769],[-0.10897401  0.07235847]
707,0.7070000000000005,[-0.0041023   2.00051359],[-0.09192421  2.05233001],[-0.25205045 -1.6348182 ],[-0.10902751  0.07227931]
708,0.7080000000000005,[-0.00419447  2.00256429],[-0.09217626  2.05069519],[-0.2519237  -1.63867024],[-0.10908052  0.07219989]
709,0.7090000000000005,[-0.0042869   2.00461334],[-0.09242818  2.04905652],[-0.25179559 -1.64254373],[-0.10913305  0.07212019]
710,0.7100000000000005,[-0.00437958  2.00666076],[-0.09267998  2.04741398],[-0.25166612 -1.6464386 ],[-0.10918509  0.07204022]
711,0.7110000000000005,[-0.00447251  2.00870653],[-0.09293165  2.04576754],[-0.25153528 -1.65035476],[-0.10923663  0.07195999]
712,0.7120000000000005,[-0.00456569  2.01075064],[-0.09318318  2.04411719],[-0.25140307 -1.65429215],[-0.10928769  0.07187948]
713,0.7130000000000005,[-0.00465913  2.01279311],[-0.09343458  2.04246289],[-0.2512695  -1.65825068],[-0.10933825  0.07179871]
714,0.7140000000000005,[-0.00475281  2.01483391],[-0.09368585  2.04080464],[-0.25113456 -1.66223028],[-0.10938832  0.07171768]
715,0.7150000000000005,[-0.00484675  2.01687305],[-0.09393699  2.03914241],[-0.25099825 -1.66623086],[-0.10943791  0.07163638]
716,0.7160000000000005,[-0.00494094  2.01891053],[-0.09418799  2.03747618],[-0.25086058 -1.67025236],[-0.10948699  0.07155482]
717,0.7170000000000005,[-0.00503538  2.02094634],[-0.09443885  2.03580593],[-0.25072155 -1.6742947 ],[-0.10953559  0.071473  ]
718,0.7180000000000005,[-0.00513007  2.02298047],[-0.09468957  2.03413163],[-0.25058115 -1.6783578 ],[-0.10958369  0.07139092]
719,0.7190000000000005,[-0.00522501  2.02501292],[-0.09494015  2.03245328],[-0.25043939 -1.68244158],[-0.1096313   0.07130859]
720,0.7200000000000005,[-0.0053202   2.02704369],[-0.09519059  2.03077084],[-0.25029626 -1.68654597],[-0.10967842  0.071226  ]
721,0.7210000000000005,[-0.00541564  2.02907278],[-0.09544089  2.02908429],[-0.25015177 -1.6906709 ],[-0.10972504  0.07114315]
722,0.7220000000000005,[-0.00551133  2.03110017],[-0.09569104  2.02739362],[-0.25000592 -1.69481628],[-0.10977116  0.07106005]
723,0.7230000000000005,[-0.00560727  2.03312587],[-0.09594104  2.0256988 ],[-0.2498587  -1.69898204],[-0.10981679  0.07097669]
724,0.7240000000000005,[-0.00570346  2.03514987],[-0.0961909   2.02399982],[-0.24971013 -1.70316812],[-0.10986192  0.07089309]
725,0.7250000000000005,[-0.0057999   2.03717216],[-0.09644061  2.02229665],[-0.24956019 -1.70737442],[-0.10990656  0.07080924]
726,0.7260000000000005,[-0.00589659  2.03919275],[-0.09669017  2.02058928],[-0.24940889 -1.71160089],[-0.10995069  0.07072514]
727,0.7270000000000005,[-0.00599353  2.04121163],[-0.09693958  2.01887768],[-0.24925624 -1.71584743],[-0.10999433  0.07064079]
728,0.7280000000000005,[-0.00609072  2.04322879],[-0.09718884  2.01716183],[-0.24910222 -1.72011399],[-0.11003748  0.07055619]
729,0.7290000000000005,[-0.00618816  2.04524423],[-0.09743794  2.01544172],[-0.24894685 -1.72440048],[-0.11008012  0.07047136]
730,0.7300000000000005,[-0.00628585  2.04725795],[-0.09768689  2.01371731],[-0.24879012 -1.72870683],[-0.11012227  0.07038628]
731,0.7310000000000005,[-0.00638378  2.04926994],[-0.09793568  2.01198861],[-0.24863203 -1.73303297],[-0.11016391  0.07030096]
732,0.7320000000000005,[-0.00648197  2.0512802 ],[-0.09818431  2.01025557],[-0.24847258 -1.73737882],[-0.11020506  0.0702154 ]
733,0.7330000000000005,[-0.0065804   2.05328871],[-0.09843278  2.0085182 ],[-0.24831178 -1.74174431],[-0.1102457  0.0701296]
734,0.7340000000000005,[-0.00667908  2.05529549],[-0.09868109  2.00677645],[-0.24814963 -1.74612937],[-0.11028584  0.07004356]
735,0.7350000000000005,[-0.00677801  2.05730052],[-0.09892924  2.00503032],[-0.24798612 -1.75053392],[-0.11032549  0.06995729]
736,0.7360000000000005,[-0.00687719  2.0593038 ],[-0.09917723  2.00327979],[-0.24782126 -1.75495789],[-0.11036463  0.06987079]
737,0.7370000000000005,[-0.00697661  2.06130533],[-0.09942505  2.00152483],[-0.24765504 -1.7594012 ],[-0.11040327  0.06978405]
738,0.7380000000000005,[-0.00707629  2.06330509],[-0.09967271  1.99976543],[-0.24748748 -1.76386379],[-0.1104414   0.06969708]
739,0.7390000000000005,[-0.00717621  2.06530309],[-0.09992019  1.99800157],[-0.24731856 -1.76834557],[-0.11047903  0.06960988]
740,0.7400000000000005,[-0.00727637  2.06729933],[-0.10016751  1.99623322],[-0.2471483  -1.77284649],[-0.11051616  0.06952246]
741,0.7410000000000005,[-0.00737679  2.06929379],[-0.10041466  1.99446037],[-0.24697668 -1.77736645],[-0.11055279  0.0694348 ]
742,0.7420000000000005,[-0.00747745  2.07128647],[-0.10066164  1.99268301],[-0.24680372 -1.7819054 ],[-0.11058891  0.06934692]
743,0.7430000000000005,[-0.00757836  2.07327737],[-0.10090844  1.9909011 ],[-0.24662942 -1.78646326],[-0.11062452  0.06925882]
744,0.7440000000000005,[-0.00767951  2.07526649],[-0.10115507  1.98911464],[-0.24645377 -1.79103996],[-0.11065963  0.06917049]
745,0.7450000000000006,[-0.00778091  2.07725381],[-0.10140152  1.9873236 ],[-0.24627677 -1.79563542],[-0.11069424  0.06908195]
746,0.7460000000000006,[-0.00788256  2.07923934],[-0.1016478   1.98552796],[-0.24609843 -1.80024958],[-0.11072833  0.06899318]
747,0.7470000000000006,[-0.00798446  2.08122306],[-0.1018939   1.98372771],[-0.24591875 -1.80488236],[-0.11076192  0.06890419]
748,0.7480000000000006,[-0.0080866   2.08320499],[-0.10213982  1.98192283],[-0.24573773 -1.80953368],[-0.11079501  0.06881499]
749,0.7490000000000006,[-0.00818898  2.0851851 ],[-0.10238556  1.9801133 ],[-0.24555537 -1.81420349],[-0.11082758  0.06872557]
750,0.7500000000000006,[-0.00829161  2.0871634 ],[-0.10263111  1.97829909],[-0.24537168 -1.81889169],[-0.11085965  0.06863594]
751,0.7510000000000006,[-0.00839449  2.08913988],[-0.10287648  1.9764802 ],[-0.24518664 -1.82359824],[-0.11089121  0.06854609]
752,0.7520000000000006,[-0.00849761  2.09111454],[-0.10312167  1.9746566 ],[-0.24500027 -1.82832304],[-0.11092226  0.06845604]
753,0.7530000000000006,[-0.00860098  2.09308736],[-0.10336667  1.97282828],[-0.24481256 -1.83306604],[-0.1109528   0.06836577]
754,0.7540000000000006,[-0.00870459  2.09505836],[-0.10361148  1.97099521],[-0.24462353 -1.83782715],[-0.11098284  0.06827529]
755,0.7550000000000006,[-0.00880844  2.09702752],[-0.10385611  1.96915739],[-0.24443316 -1.84260632],[-0.11101236  0.06818461]
756,0.7560000000000006,[-0.00891255  2.09899483],[-0.10410054  1.96731478],[-0.24424146 -1.84740346],[-0.11104137  0.06809372]
757,0.7570000000000006,[-0.00901689  2.1009603 ],[-0.10434478  1.96546738],[-0.24404843 -1.85221851],[-0.11106987  0.06800263]
758,0.7580000000000006,[-0.00912148  2.10292391],[-0.10458883  1.96361516],[-0.24385407 -1.85705139],[-0.11109786  0.06791133]
759,0.7590000000000006,[-0.00922631  2.10488567],[-0.10483268  1.96175811],[-0.24365839 -1.86190204],[-0.11112533  0.06781984]
760,0.7600000000000006,[-0.00933139  2.10684557],[-0.10507634  1.95989621],[-0.24346138 -1.86677038],[-0.1111523   0.06772814]
761,0.7610000000000006,[-0.00943671  2.1088036 ],[-0.1053198   1.95802944],[-0.24326305 -1.87165634],[-0.11117875  0.06763624]
762,0.7620000000000006,[-0.00954227  2.11075976],[-0.10556307  1.95615778],[-0.2430634  -1.87655985],[-0.11120469  0.06754415]
763,0.7630000000000006,[-0.00964808  2.11271404],[-0.10580613  1.95428122],[-0.24286243 -1.88148085],[-0.11123011  0.06745186]
764,0.7640000000000006,[-0.00975413  2.11466644],[-0.10604899  1.95239974],[-0.24266013 -1.88641925],[-0.11125502  0.06735938]
765,0.7650000000000006,[-0.00986042  2.11661695],[-0.10629165  1.95051332],[-0.24245653 -1.89137499],[-0.11127942  0.06726671]
766,0.7660000000000006,[-0.00996695  2.11856557],[-0.10653411  1.94862194],[-0.2422516  -1.89634801],[-0.1113033   0.06717384]
767,0.7670000000000006,[-0.01007373  2.1205123 ],[-0.10677636  1.9467256 ],[-0.24204537 -1.90133822],[-0.11132667  0.06708079]
768,0.7680000000000006,[-0.01018075  2.12245712],[-0.1070184   1.94482426],[-0.24183782 -1.90634556],[-0.11134952  0.06698754]
769,0.7690000000000006,[-0.01028801  2.12440004],[-0.10726024  1.94291791],[-0.24162896 -1.91136996],[-0.11137185  0.06689411]
770,0.7700000000000006,[-0.01039551  2.12634105],[-0.10750187  1.94100654],[-0.24141879 -1.91641134],[-0.11139367  0.06680049]
771,0.7710000000000006,[-0.01050325  2.12828014],[-0.10774329  1.93909013],[-0.24120731 -1.92146964],[-0.11141497  0.06670669]
772,0.7720000000000006,[-0.01061124  2.13021731],[-0.1079845   1.93716866],[-0.24099453 -1.92654479],[-0.11143576  0.06661271]
773,0.7730000000000006,[-0.01071946  2.13215255],[-0.10822549  1.93524212],[-0.24078044 -1.93163672],[-0.11145602  0.06651855]
774,0.7740000000000006,[-0.01082793  2.13408586],[-0.10846627  1.93331048],[-0.24056506 -1.93674535],[-0.11147577  0.0664242 ]
775,0.7750000000000006,[-0.01093663  2.13601723],[-0.10870684  1.93137373],[-0.24034837 -1.94187061],[-0.111495    0.06632968]
776,0.7760000000000006,[-0.01104558  2.13794666],[-0.10894719  1.92943186],[-0.24013039 -1.94701245],[-0.11151371  0.06623498]
777,0.7770000000000006,[-0.01115477  2.13987415],[-0.10918732  1.92748485],[-0.2399111  -1.95217078],[-0.11153191  0.06614011]
778,0.7780000000000006,[-0.0112642   2.14179968],[-0.10942723  1.92553268],[-0.23969053 -1.95734553],[-0.11154958  0.06604506]
779,0.7790000000000006,[-0.01137386  2.14372326],[-0.10966692  1.92357534],[-0.23946866 -1.96253665],[-0.11156673  0.06594984]
780,0.7800000000000006,[-0.01148377  2.14564487],[-0.10990639  1.9216128 ],[-0.2392455  -1.96774405],[-0.11158336  0.06585445]
781,0.7810000000000006,[-0.01159392  2.14756451],[-0.11014563  1.91964505],[-0.23902105 -1.97296766],[-0.11159948  0.06575889]
782,0.7820000000000006,[-0.0117043   2.14948219],[-0.11038465  1.91767209],[-0.23879531 -1.97820742],[-0.11161507  0.06566316]
783,0.7830000000000006,[-0.01181492  2.15139788],[-0.11062345  1.91569388],[-0.23856829 -1.98346326],[-0.11163014  0.06556726]
784,0.7840000000000006,[-0.01192579  2.15331159],[-0.11086202  1.91371042],[-0.23833999 -1.9887351 ],[-0.11164468  0.0654712 ]
785,0.7850000000000006,[-0.01203689  2.15522331],[-0.11110036  1.91172168],[-0.2381104  -1.99402288],[-0.11165871  0.06537498]
786,0.7860000000000006,[-0.01214822  2.15713304],[-0.11133847  1.90972766],[-0.23787954 -1.99932653],[-0.11167221  0.06527859]
787,0.7870000000000006,[-0.0122598   2.15904077],[-0.11157635  1.90772833],[-0.2376474  -2.00464597],[-0.11168519  0.06518205]
788,0.7880000000000006,[-0.01237161  2.16094649],[-0.11181399  1.90572369],[-0.23741398 -2.00998114],[-0.11169765  0.06508534]
789,0.7890000000000006,[-0.01248367  2.16285021],[-0.11205141  1.9037137 ],[-0.23717929 -2.01533196],[-0.11170958  0.06498848]
790,0.7900000000000006,[-0.01259595  2.1647519 ],[-0.11228859  1.90169837],[-0.23694333 -2.02069838],[-0.11172099  0.06489146]
791,0.7910000000000006,[-0.01270848  2.16665158],[-0.11252553  1.89967767],[-0.23670611 -2.02608031],[-0.11173187  0.06479428]
792,0.7920000000000006,[-0.01282124  2.16854923],[-0.11276224  1.89765159],[-0.23646761 -2.03147769],[-0.11174223  0.06469696]
793,0.7930000000000006,[-0.01293424  2.17044485],[-0.1129987   1.89562012],[-0.23622785 -2.03689045],[-0.11175206  0.06459948]
794,0.7940000000000006,[-0.01304748  2.17233844],[-0.11323493  1.89358323],[-0.23598683 -2.04231851],[-0.11176137  0.06450185]
795,0.7950000000000006,[-0.01316095  2.17422998],[-0.11347092  1.89154091],[-0.23574455 -2.04776182],[-0.11177015  0.06440407]
796,0.7960000000000006,[-0.01327465  2.17611947],[-0.11370666  1.88949315],[-0.23550101 -2.05322029],[-0.11177841  0.06430614]
797,0.7970000000000006,[-0.0133886   2.17800691],[-0.11394216  1.88743993],[-0.23525621 -2.05869386],[-0.11178613  0.06420807]
798,0.7980000000000006,[-0.01350277  2.17989229],[-0.11417742  1.88538123],[-0.23501016 -2.06418246],[-0.11179334  0.06410986]
799,0.7990000000000006,[-0.01361719  2.18177561],[-0.11441243  1.88331705],[-0.23476286 -2.06968603],[-0.11180001  0.0640115 ]
800,0.8000000000000006,[-0.01373183  2.18365686],[-0.11464719  1.88124736],[-0.23451432 -2.07520448],[-0.11180616  0.063913  ]
801,0.8010000000000006,[-0.01384671  2.18553603],[-0.11488171  1.87917216],[-0.23426452 -2.08073774],[-0.11181177  0.06381436]
802,0.8020000000000006,[-0.01396183  2.18741312],[-0.11511597  1.87709142],[-0.23401348 -2.08628576],[-0.11181686  0.06371558]
803,0.8030000000000006,[-0.01407718  2.18928813],[-0.11534999  1.87500513],[-0.2337612  -2.09184846],[-0.11182143  0.06361666]
804,0.8040000000000006,[-0.01419276  2.19116104],[-0.11558375  1.87291329],[-0.23350768 -2.09742577],[-0.11182546  0.06351761]
805,0.8050000000000006,[-0.01430858  2.19303185],[-0.11581725  1.87081586],[-0.23325292 -2.10301763],[-0.11182896  0.06341842]
806,0.8060000000000006,[-0.01442463  2.19490057],[-0.11605051  1.86871284],[-0.23299693 -2.10862395],[-0.11183193  0.06331911]
807,0.8070000000000006,[-0.01454092  2.19676717],[-0.1162835   1.86660422],[-0.2327397  -2.11424467],[-0.11183437  0.06321966]
808,0.8080000000000006,[-0.01465743  2.19863166],[-0.11651624  1.86448997],[-0.23248125 -2.11987972],[-0.11183628  0.06312008]
809,0.8090000000000006,[-0.01477418  2.20049403],[-0.11674873  1.86237009],[-0.23222156 -2.12552904],[-0.11183766  0.06302037]
810,0.8100000000000006,[-0.01489116  2.20235428],[-0.11698095  1.86024457],[-0.23196066 -2.13119254],[-0.11183851  0.06292054]
811,0.8110000000000006,[-0.01500837  2.20421239],[-0.11721291  1.85811337],[-0.23169852 -2.13687017],[-0.11183883  0.06282058]
812,0.8120000000000006,[-0.01512582  2.20606837],[-0.11744461  1.8559765 ],[-0.23143517 -2.14256185],[-0.11183862  0.0627205 ]
813,0.8130000000000006,[-0.0152435  2.2079222],[-0.11767604  1.85383394],[-0.2311706  -2.14826751],[-0.11183787  0.0626203 ]
814,0.8140000000000006,[-0.0153614   2.20977389],[-0.11790721  1.85168567],[-0.23090482 -2.15398708],[-0.11183659  0.06251997]
815,0.8150000000000006,[-0.01547954  2.21162342],[-0.11813812  1.84953169],[-0.23063782 -2.15972049],[-0.11183478  0.06241953]
816,0.8160000000000006,[-0.01559791  2.21347079],[-0.11836875  1.84737197],[-0.23036962 -2.16546768],[-0.11183243  0.06231897]
817,0.8170000000000006,[-0.01571651  2.215316  ],[-0.11859912  1.8452065 ],[-0.2301002  -2.17122856],[-0.11182955  0.06221829]
818,0.8180000000000006,[-0.01583534  2.21715903],[-0.11882922  1.84303527],[-0.22982958 -2.17700308],[-0.11182614  0.0621175 ]
819,0.8190000000000006,[-0.0159544   2.21899989],[-0.11905905  1.84085827],[-0.22955776 -2.18279116],[-0.11182219  0.06201659]
820,0.8200000000000006,[-0.01607369  2.22083856],[-0.11928861  1.83867548],[-0.22928473 -2.18859273],[-0.11181771  0.06191558]
821,0.8210000000000006,[-0.0161932   2.22267505],[-0.1195179   1.83648688],[-0.22901051 -2.19440772],[-0.11181269  0.06181445]
822,0.8220000000000006,[-0.01631295  2.22450934],[-0.11974691  1.83429248],[-0.2287351  -2.20023606],[-0.11180714  0.06171322]
823,0.8230000000000006,[-0.01643293  2.22634144],[-0.11997564  1.83209224],[-0.22845849 -2.20607768],[-0.11180105  0.06161187]
824,0.8240000000000006,[-0.01655313  2.22817132],[-0.1202041   1.82988616],[-0.2281807  -2.21193252],[-0.11179443  0.06151042]
825,0.8250000000000006,[-0.01667356  2.229999  ],[-0.12043228  1.82767423],[-0.22790171 -2.21780049],[-0.11178727  0.06140887]
826,0.8260000000000006,[-0.01679422  2.23182445],[-0.12066018  1.82545643],[-0.22762155 -2.22368153],[-0.11177957  0.06130722]
827,0.8270000000000006,[-0.01691511  2.23364769],[-0.1208878   1.82323275],[-0.2273402  -2.22957558],[-0.11177134  0.06120546]
828,0.8280000000000006,[-0.01703623  2.23546869],[-0.12111515  1.82100317],[-0.22705767 -2.23548255],[-0.11176257  0.06110361]
829,0.8290000000000006,[-0.01715757  2.23728746],[-0.1213422   1.81876769],[-0.22677397 -2.24140238],[-0.11175326  0.06100165]
830,0.8300000000000006,[-0.01727914  2.23910398],[-0.12156898  1.81652629],[-0.22648909 -2.247335  ],[-0.11174341  0.0608996 ]
831,0.8310000000000006,[-0.01740093  2.24091826],[-0.12179547  1.81427895],[-0.22620304 -2.25328033],[-0.11173303  0.06079746]
832,0.8320000000000006,[-0.01752295  2.24273029],[-0.12202167  1.81202567],[-0.22591583 -2.25923832],[-0.11172211  0.06069522]
833,0.8330000000000006,[-0.0176452   2.24454005],[-0.12224758  1.80976643],[-0.22562745 -2.26520888],[-0.11171064  0.06059289]
834,0.8340000000000006,[-0.01776767  2.24634756],[-0.12247321  1.80750122],[-0.2253379  -2.27119195],[-0.11169864  0.06049046]
835,0.8350000000000006,[-0.01789037  2.24815279],[-0.12269855  1.80523003],[-0.2250472  -2.27718745],[-0.11168611  0.06038795]
836,0.8360000000000006,[-0.0180133   2.24995574],[-0.1229236   1.80295284],[-0.22475534 -2.28319532],[-0.11167303  0.06028536]
837,0.8370000000000006,[-0.01813644  2.25175641],[-0.12314835  1.80066965],[-0.22446233 -2.28921548],[-0.11165941  0.06018267]
838,0.8380000000000006,[-0.01825982  2.25355479],[-0.12337281  1.79838043],[-0.22416817 -2.29524787],[-0.11164525  0.0600799 ]
839,0.8390000000000006,[-0.01838341  2.25535087],[-0.12359698  1.79608519],[-0.22387286 -2.30129241],[-0.11163055  0.05997705]
840,0.8400000000000006,[-0.01850724  2.25714466],[-0.12382086  1.79378389],[-0.2235764  -2.30734903],[-0.11161531  0.05987412]
841,0.8410000000000006,[-0.01863128  2.25893613],[-0.12404443  1.79147654],[-0.2232788  -2.31341766],[-0.11159952  0.0597711 ]
842,0.8420000000000006,[-0.01875555  2.2607253 ],[-0.12426771  1.78916313],[-0.22298006 -2.31949823],[-0.1115832   0.05966801]
843,0.8430000000000006,[-0.01888004  2.26251214],[-0.12449069  1.78684363],[-0.22268018 -2.32559067],[-0.11156634  0.05956484]
844,0.8440000000000006,[-0.01900475  2.26429666],[-0.12471337  1.78451804],[-0.22237917 -2.33169491],[-0.11154893  0.05946159]
845,0.8450000000000006,[-0.01912969  2.26607885],[-0.12493575  1.78218634],[-0.22207703 -2.33781088],[-0.11153098  0.05935827]
846,0.8460000000000006,[-0.01925485  2.26785869],[-0.12515783  1.77984853],[-0.22177376 -2.34393851],[-0.11151249  0.05925488]
847,0.8470000000000006,[-0.01938022  2.2696362 ],[-0.1253796   1.77750459],[-0.22146937 -2.35007772],[-0.11149345  0.05915142]
848,0.8480000000000006,[-0.01950583  2.27141135],[-0.12560107  1.77515452],[-0.22116385 -2.35622844],[-0.11147388  0.05904789]
849,0.8490000000000006,[-0.01963165  2.27318415],[-0.12582223  1.77279829],[-0.22085722 -2.36239061],[-0.11145375  0.05894429]
850,0.8500000000000006,[-0.01975769  2.27495459],[-0.12604309  1.7704359 ],[-0.22054947 -2.36856414],[-0.11143309  0.05884062]
851,0.8510000000000006,[-0.01988395  2.27672265],[-0.12626364  1.76806733],[-0.2202406  -2.37474898],[-0.11141188  0.05873689]
852,0.8520000000000006,[-0.02001044  2.27848835],[-0.12648388  1.76569258],[-0.21993062 -2.38094505],[-0.11139013  0.05863309]
853,0.8530000000000006,[-0.02013714  2.28025166],[-0.12670381  1.76331164],[-0.21961954 -2.38715227],[-0.11136783  0.05852924]
854,0.8540000000000006,[-0.02026407  2.28201258],[-0.12692343  1.76092449],[-0.21930735 -2.39337058],[-0.11134499  0.05842532]
855,0.8550000000000006,[-0.02039121  2.28377111],[-0.12714274  1.75853112],[-0.21899406 -2.39959991],[-0.1113216   0.05832134]
856,0.8560000000000006,[-0.02051857  2.28552725],[-0.12736173  1.75613152],[-0.21867967 -2.40584018],[-0.11129767  0.05821731]
857,0.8570000000000007,[-0.02064615  2.28728097],[-0.12758041  1.75372568],[-0.21836419 -2.41209132],[-0.11127319  0.05811322]
858,0.8580000000000007,[-0.02077395  2.28903229],[-0.12779878  1.75131358],[-0.21804761 -2.41835326],[-0.11124816  0.05800907]
859,0.8590000000000007,[-0.02090197  2.29078118],[-0.12801682  1.74889523],[-0.21772995 -2.42462593],[-0.11122259  0.05790487]
860,0.8600000000000007,[-0.0210302   2.29252765],[-0.12823455  1.74647061],[-0.2174112  -2.43090925],[-0.11119648  0.05780063]
861,0.8610000000000007,[-0.02115865  2.29427169],[-0.12845197  1.7440397 ],[-0.21709136 -2.43720316],[-0.11116981  0.05769633]
862,0.8620000000000007,[-0.02128732  2.29601329],[-0.12866906  1.74160249],[-0.21677045 -2.44350758],[-0.1111426   0.05759198]
863,0.8630000000000007,[-0.02141621  2.29775245],[-0.12888583  1.73915899],[-0.21644845 -2.44982245],[-0.11111484  0.05748758]
864,0.8640000000000007,[-0.02154531  2.29948916],[-0.12910228  1.73670916],[-0.21612539 -2.45614768],[-0.11108654  0.05738314]
865,0.8650000000000007,[-0.02167463  2.30122341],[-0.1293184   1.73425301],[-0.21580125 -2.46248321],[-0.11105769  0.05727866]
866,0.8660000000000007,[-0.02180416  2.3029552 ],[-0.1295342   1.73179053],[-0.21547604 -2.46882897],[-0.11102829  0.05717413]
867,0.8670000000000007,[-0.02193391  2.30468453],[-0.12974968  1.7293217 ],[-0.21514977 -2.47518488],[-0.11099834  0.05706957]
868,0.8680000000000007,[-0.02206388  2.30641137],[-0.12996483  1.72684652],[-0.21482243 -2.48155087],[-0.11096784  0.05696496]
869,0.8690000000000007,[-0.02219406  2.30813574],[-0.13017965  1.72436497],[-0.21449404 -2.48792686],[-0.11093679  0.05686032]
870,0.8700000000000007,[-0.02232445  2.30985761],[-0.13039415  1.72187704],[-0.21416459 -2.4943128 ],[-0.1109052   0.05675564]
871,0.8710000000000007,[-0.02245506  2.311577  ],[-0.13060831  1.71938273],[-0.21383409 -2.5007086 ],[-0.11087305  0.05665092]
872,0.8720000000000007,[-0.02258588  2.31329388],[-0.13082214  1.71688202],[-0.21350254 -2.50711419],[-0.11084036  0.05654617]
873,0.8730000000000007,[-0.02271692  2.31500825],[-0.13103565  1.7143749 ],[-0.21316994 -2.5135295 ],[-0.11080711  0.05644139]
874,0.8740000000000007,[-0.02284817  2.31672012],[-0.13124882  1.71186138],[-0.2128363  -2.51995446],[-0.11077332  0.05633658]
875,0.8750000000000007,[-0.02297963  2.31842946],[-0.13146165  1.70934142],[-0.21250162 -2.526389  ],[-0.11073898  0.05623174]
876,0.8760000000000007,[-0.0231113   2.32013627],[-0.13167415  1.70681503],[-0.21216591 -2.53283304],[-0.11070408  0.05612687]
877,0.8770000000000007,[-0.02324319  2.32184055],[-0.13188632  1.7042822 ],[-0.21182915 -2.5392865 ],[-0.11066864  0.05602198]
878,0.8780000000000007,[-0.02337529  2.3235423 ],[-0.13209815  1.70174291],[-0.21149137 -2.54574933],[-0.11063264  0.05591706]
879,0.8790000000000007,[-0.0235076   2.32524149],[-0.13230964  1.69919716],[-0.21115256 -2.55222144],[-0.11059609  0.05581212]
880,0.8800000000000007,[-0.02364012  2.32693814],[-0.13252079  1.69664494],[-0.21081273 -2.55870276],[-0.110559    0.05570716]
881,0.8810000000000007,[-0.02377285  2.32863223],[-0.13273161  1.69408624],[-0.21047187 -2.56519322],[-0.11052135  0.05560218]
882,0.8820000000000007,[-0.02390579  2.33032375],[-0.13294208  1.69152105],[-0.21012999 -2.57169275],[-0.11048314  0.05549718]
883,0.8830000000000007,[-0.02403894  2.3320127 ],[-0.13315221  1.68894935],[-0.2097871  -2.57820127],[-0.11044439  0.05539216]
884,0.8840000000000007,[-0.0241723   2.33369907],[-0.13336199  1.68637115],[-0.2094432  -2.58471871],[-0.11040508  0.05528713]
885,0.8850000000000007,[-0.02430588  2.33538285],[-0.13357144  1.68378643],[-0.20909829 -2.591245  ],[-0.11036522  0.05518209]
886,0.8860000000000007,[-0.02443966  2.33706405],[-0.13378054  1.68119519],[-0.20875238 -2.59778006],[-0.11032481  0.05507703]
887,0.8870000000000007,[-0.02457365  2.33874265],[-0.13398929  1.67859741],[-0.20840546 -2.60432383],[-0.11028385  0.05497196]
888,0.8880000000000007,[-0.02470784  2.34041864],[-0.13419769  1.67599308],[-0.20805754 -2.61087623],[-0.11024233  0.05486688]
889,0.8890000000000007,[-0.02484225  2.34209202],[-0.13440575  1.67338221],[-0.20770863 -2.61743718],[-0.11020026  0.0547618 ]
890,0.8900000000000007,[-0.02497686  2.34376279],[-0.13461346  1.67076477],[-0.20735872 -2.62400661],[-0.11015763  0.05465671]
891,0.8910000000000007,[-0.02511168  2.34543093],[-0.13482082  1.66814076],[-0.20700782 -2.63058446],[-0.11011446  0.05455161]
892,0.8920000000000007,[-0.02524671  2.34709644],[-0.13502783  1.66551018],[-0.20665594 -2.63717064],[-0.11007072  0.05444651]
893,0.8930000000000007,[-0.02538195  2.34875931],[-0.13523448  1.66287301],[-0.20630308 -2.64376508],[-0.11002644  0.05434141]
894,0.8940000000000007,[-0.02551739  2.35041954],[-0.13544079  1.66022924],[-0.20594923 -2.65036771],[-0.10998159  0.0542363 ]
895,0.8950000000000007,[-0.02565303  2.35207712],[-0.13564674  1.65757888],[-0.20559441 -2.65697846],[-0.1099362  0.0541312]
896,0.8960000000000007,[-0.02578889  2.35373204],[-0.13585233  1.6549219 ],[-0.20523861 -2.66359725],[-0.10989025  0.05402611]
897,0.8970000000000007,[-0.02592494  2.3553843 ],[-0.13605757  1.6522583 ],[-0.20488184 -2.67022401],[-0.10984374  0.05392101]
898,0.8980000000000007,[-0.02606121  2.35703389],[-0.13626245  1.64958808],[-0.2045241  -2.67685866],[-0.10979668  0.05381592]
899,0.8990000000000007,[-0.02619767  2.3586808 ],[-0.13646697  1.64691122],[-0.20416541 -2.68350114],[-0.10974906  0.05371084]
900,0.9000000000000007,[-0.02633434  2.36032503],[-0.13667114  1.64422772],[-0.20380575 -2.69015137],[-0.10970089  0.05360577]
901,0.9010000000000007,[-0.02647122  2.36196656],[-0.13687495  1.64153756],[-0.20344513 -2.69680927],[-0.10965216  0.05350071]
902,0.9020000000000007,[-0.0266083  2.3636054],[-0.13707839  1.63884076],[-0.20308355 -2.70347477],[-0.10960287  0.05339566]
903,0.9030000000000007,[-0.02674558  2.36524154],[-0.13728147  1.63613728],[-0.20272103 -2.7101478 ],[-0.10955303  0.05329062]
904,0.9040000000000007,[-0.02688306  2.36687497],[-0.1374842   1.63342713],[-0.20235756 -2.71682829],[-0.10950264  0.0531856 ]
905,0.9050000000000007,[-0.02702075  2.36850568],[-0.13768655  1.6307103 ],[-0.20199314 -2.72351615],[-0.10945168  0.05308059]
906,0.9060000000000007,[-0.02715864  2.37013367],[-0.13788855  1.62798679],[-0.20162778 -2.73021132],[-0.10940017  0.0529756 ]
907,0.9070000000000007,[-0.02729673  2.37175892],[-0.13809017  1.62525658],[-0.20126148 -2.73691372],[-0.1093481   0.05287063]
908,0.9080000000000007,[-0.02743502  2.37338144],[-0.13829144  1.62251966],[-0.20089425 -2.74362328],[-0.10929548  0.05276568]
909,0.9090000000000007,[-0.02757351  2.37500122],[-0.13849233  1.61977604],[-0.20052608 -2.75033992],[-0.10924229  0.05266075]
910,0.9100000000000007,[-0.0277122   2.37661824],[-0.13869286  1.6170257 ],[-0.20015699 -2.75706358],[-0.10918855  0.05255585]
911,0.9110000000000007,[-0.0278511   2.37823251],[-0.13889301  1.61426864],[-0.19978697 -2.76379417],[-0.10913425  0.05245097]
912,0.9120000000000007,[-0.02799019  2.37984402],[-0.1390928   1.61150484],[-0.19941602 -2.77053162],[-0.10907939  0.05234612]
913,0.9130000000000007,[-0.02812948  2.38145275],[-0.13929222  1.60873431],[-0.19904416 -2.77727586],[-0.10902398  0.05224129]
914,0.9140000000000007,[-0.02826897  2.38305871],[-0.13949126  1.60595704],[-0.19867138 -2.78402682],[-0.10896801  0.0521365 ]
915,0.9150000000000007,[-0.02840866  2.38466188],[-0.13968993  1.60317301],[-0.19829769 -2.79078441],[-0.10891147  0.05203173]
916,0.9160000000000007,[-0.02854855  2.38626226],[-0.13988823  1.60038222],[-0.19792308 -2.79754857],[-0.10885438  0.051927  ]
917,0.9170000000000007,[-0.02868864  2.38785985],[-0.14008615  1.59758468],[-0.19754758 -2.80431922],[-0.10879673  0.0518223 ]
918,0.9180000000000007,[-0.02882892  2.38945463],[-0.1402837   1.59478036],[-0.19717116 -2.81109629],[-0.10873852  0.05171764]
919,0.9190000000000007,[-0.0289694  2.3910466],[-0.14048087  1.59196926],[-0.19679385 -2.8178797 ],[-0.10867976  0.05161302]
920,0.9200000000000007,[-0.02911008  2.39263575],[-0.14067766  1.58915138],[-0.19641564 -2.82466938],[-0.10862043  0.05150843]
921,0.9210000000000007,[-0.02925095  2.39422208],[-0.14087408  1.58632671],[-0.19603653 -2.83146525],[-0.10856054  0.05140388]
922,0.9220000000000007,[-0.02939202  2.39580557],[-0.14107012  1.58349525],[-0.19565654 -2.83826725],[-0.10850009  0.05129938]
923,0.9230000000000007,[-0.02953329  2.39738623],[-0.14126577  1.58065698],[-0.19527566 -2.84507528],[-0.10843909  0.05119491]
924,0.9240000000000007,[-0.02967475  2.39896404],[-0.14146105  1.5778119 ],[-0.19489389 -2.85188929],[-0.10837752  0.0510905 ]
925,0.9250000000000007,[-0.02981641  2.400539  ],[-0.14165594  1.57496001],[-0.19451124 -2.85870919],[-0.10831539  0.05098612]
926,0.9260000000000007,[-0.02995826  2.4021111 ],[-0.14185045  1.5721013 ],[-0.19412771 -2.86553492],[-0.1082527  0.0508818]
927,0.9270000000000007,[-0.0301003   2.40368034],[-0.14204458  1.56923577],[-0.19374331 -2.87236639],[-0.10818945  0.05077752]
928,0.9280000000000007,[-0.03024254  2.4052467 ],[-0.14223832  1.5663634 ],[-0.19335804 -2.87920353],[-0.10812565  0.05067329]
929,0.9290000000000007,[-0.03038497  2.40681018],[-0.14243168  1.5634842 ],[-0.19297189 -2.88604628],[-0.10806128  0.05056912]
930,0.9300000000000007,[-0.0305276   2.40837078],[-0.14262465  1.56059815],[-0.19258488 -2.89289454],[-0.10799634  0.05046499]
931,0.9310000000000007,[-0.03067041  2.40992849],[-0.14281724  1.55770526],[-0.19219701 -2.89974825],[-0.10793085  0.05036093]
932,0.9320000000000007,[-0.03081342  2.41148329],[-0.14300944  1.55480551],[-0.19180828 -2.90660734],[-0.1078648   0.05025692]
933,0.9330000000000007,[-0.03095663  2.41303519],[-0.14320124  1.5518989 ],[-0.1914187  -2.91347173],[-0.10779818  0.05015296]
934,0.9340000000000007,[-0.03110002  2.41458418],[-0.14339266  1.54898543],[-0.19102826 -2.92034134],[-0.107731    0.05004907]
935,0.9350000000000007,[-0.0312436   2.41613024],[-0.14358369  1.54606509],[-0.19063697 -2.9272161 ],[-0.10766326  0.04994523]
936,0.9360000000000007,[-0.03138738  2.41767338],[-0.14377433  1.54313787],[-0.19024483 -2.93409593],[-0.10759496  0.04984146]
937,0.9370000000000007,[-0.03153134  2.41921358],[-0.14396457  1.54020378],[-0.18985185 -2.94098076],[-0.1075261   0.04973775]
938,0.9380000000000007,[-0.03167549  2.42075085],[-0.14415443  1.5372628 ],[  0.50107092 -44.58230399],[0. 0.]
939,0.9390000000000007,[-0.03181915  2.42224353],[-0.14365335  1.49268049],[  0.50247103 -44.52073608],[0. 0.]
940,0.9400000000000007,[-0.0319623   2.42369169],[-0.14315088  1.44815976],[  0.50381916 -44.46087669],[0. 0.]
941,0.9410000000000007,[-0.03210495  2.42509539],[-0.14264706  1.40369888],[  0.50511632 -44.40273505],[0. 0.]
942,0.9420000000000007,[-0.03224709  2.42645468],[-0.14214195  1.35929615],[  0.50636351 -44.34632015],[0. 0.]
943,0.9430000000000007,[-0.03238872  2.42776963],[-0.14163558  1.31494983],[-0.28299025  5.55028855],[-0.10727525  0.05961676]
944,0.9440000000000007,[-0.03253064  2.42909013],[-0.14191857  1.32050011],[-0.27910832  5.21876572],[-0.10719801  0.0591267 ]
945,0.9450000000000007,[-0.03267284  2.43041585],[-0.14219768  1.32571888],[-0.27535302  4.8994553 ],[-0.10712037  0.05865129]
946,0.9460000000000007,[-0.03281531  2.43174647],[-0.14247304  1.33061834],[-0.27171961  4.59189921],[-0.10704233  0.05819001]
947,0.9470000000000007,[-0.03295806  2.43308168],[-0.14274476  1.33521023],[-0.26820354  4.29565651],[-0.10696388  0.05774231]
948,0.9480000000000007,[-0.03310107  2.43442119],[-0.14301296  1.33950589],[-0.26480041  4.01030284],[-0.10688501  0.0573077 ]
949,0.9490000000000007,[-0.03324435  2.4357647 ],[-0.14327776  1.34351619],[-0.26150602  3.73542976],[-0.10680571  0.05688569]
950,0.9500000000000007,[-0.03338789  2.43711195],[-0.14353927  1.34725162],[-0.25831632  3.47064415],[-0.10672599  0.0564758 ]
951,0.9510000000000007,[-0.03353169  2.43846268],[-0.14379758  1.35072227],[-0.25522741  3.21556762],[-0.10664584  0.05607758]
952,0.9520000000000007,[-0.03367574  2.43981661],[-0.14405281  1.35393784],[-0.25223555  2.96983596],[-0.10656526  0.05569061]
953,0.9530000000000007,[-0.03382004  2.44117352],[-0.14430504  1.35690767],[-0.24933712  2.73309865],[-0.10648423  0.05531446]
954,0.9540000000000007,[-0.0339646   2.44253316],[-0.14455438  1.35964077],[-0.24652868  2.50501826],[-0.10640275  0.05494873]
955,0.9550000000000007,[-0.0341094   2.44389531],[-0.14480091  1.36214579],[-0.24380689  2.28527003],[-0.10632082  0.05459303]
956,0.9560000000000007,[-0.03425444  2.44525974],[-0.14504472  1.36443106],[-0.24116853  2.07354136],[-0.10623844  0.05424699]
957,0.9570000000000007,[-0.03439973  2.44662624],[-0.14528589  1.3665046 ],[-0.23861053  1.86953134],[-0.1061556   0.05391026]
958,0.9580000000000007,[-0.03454525  2.44799462],[-0.1455245   1.36837413],[-0.23612992  1.67295036],[-0.1060723   0.05358248]
959,0.9590000000000007,[-0.03469101  2.44936467],[-0.14576063  1.37004708],[-0.23372383  1.48351965],[-0.10598853  0.05326332]
960,0.9600000000000007,[-0.03483701  2.4507362 ],[-0.14599435  1.3715306 ],[-0.23138952  1.30097084],[-0.10590428  0.05295247]
961,0.9610000000000007,[-0.03498323  2.45210903],[-0.14622574  1.37283157],[-0.22912435  1.12504566],[-0.10581957  0.05264961]
962,0.9620000000000007,[-0.03512969  2.45348298],[-0.14645486  1.37395662],[-0.22692575  0.95549548],[-0.10573438  0.05235445]
963,0.9630000000000007,[-0.03527637  2.4548579 ],[-0.14668179  1.37491211],[-0.22479128  0.79208098],[-0.1056487   0.05206671]
964,0.9640000000000007,[-0.03542328  2.4562336 ],[-0.14690658  1.37570419],[-0.22271858  0.6345718 ],[-0.10556255  0.0517861 ]
965,0.9650000000000007,[-0.03557041  2.45760994],[-0.1471293   1.37633877],[-0.22070537  0.4827462 ],[-0.1054759   0.05151238]
966,0.9660000000000007,[-0.03571776  2.45898676],[-0.14735001  1.37682151],[-0.21874947  0.33639076],[-0.10538877  0.05124528]
967,0.9670000000000007,[-0.03586533  2.46036392],[-0.14756875  1.3771579 ],[-0.21684875  0.19530001],[-0.10530114  0.05098455]
968,0.9680000000000007,[-0.03601311  2.46174127],[-0.1477856  1.3773532],[-0.2150012   0.05927622],[-0.10521302  0.05072997]
969,0.9690000000000007,[-0.03616111  2.46311868],[-0.1480006   1.37741248],[-0.21320486 -0.07187099],[-0.10512439  0.05048131]
970,0.9700000000000008,[-0.03630933  2.46449602],[-0.14821381  1.37734061],[-0.21145783 -0.19832482],[-0.10503527  0.05023834]
971,0.9710000000000008,[-0.03645775  2.46587317],[-0.14842527  1.37714228],[-0.20975831 -0.32026167],[-0.10494565  0.05000087]
972,0.9720000000000008,[-0.03660639  2.46724999],[-0.14863503  1.37682202],[-0.20810455 -0.43785128],[-0.10485552  0.04976868]
973,0.9730000000000008,[-0.03675523  2.46862637],[-0.14884313  1.37638417],[-0.20649486 -0.55125707],[-0.10476488  0.04954159]
974,0.9740000000000008,[-0.03690428  2.47000221],[-0.14904963  1.37583291],[-0.20492762 -0.66063633],[-0.10467373  0.0493194 ]
975,0.9750000000000008,[-0.03705353  2.47137738],[-0.14925455  1.37517228],[-0.20340127 -0.76614047],[-0.10458207  0.04910194]
976,0.9760000000000008,[-0.03720299  2.47275178],[-0.14945795  1.37440614],[-0.20191431 -0.86791521],[-0.10448989  0.04888904]
977,0.9770000000000008,[-0.03735265  2.47412532],[-0.14965987  1.37353822],[-0.20046527 -0.96610083],[-0.1043972   0.04868053]
978,0.9780000000000008,[-0.03750251  2.47549789],[-0.14986033  1.37257212],[-0.19905277 -1.06083235],[-0.10430399  0.04847625]
979,0.9790000000000008,[-0.03765257  2.47686941],[-0.15005939  1.37151129],[-0.19767546 -1.15223974],[-0.10421026  0.04827604]
980,0.9800000000000008,[-0.03780283  2.47823977],[-0.15025706  1.37035905],[-0.19633203 -1.24044808],[-0.10411601  0.04807976]
981,0.9810000000000008,[-0.03795328  2.47960888],[-0.15045339  1.3691186 ],[-0.19502124 -1.32557778],[-0.10402124  0.04788726]
982,0.9820000000000008,[-0.03810393  2.48097668],[-0.15064842  1.36779302],[-0.19374188 -1.40774473],[-0.10392594  0.04769841]
983,0.9830000000000008,[-0.03825477  2.48234306],[-0.15084216  1.36638528],[-0.1924928 -1.4870605],[-0.10383011  0.04751308]
984,0.9840000000000008,[-0.03840581  2.48370796],[-0.15103465  1.36489822],[-0.19127286 -1.56363243],[-0.10373375  0.04733114]
985,0.9850000000000008,[-0.03855703  2.48507129],[-0.15122592  1.36333458],[-0.190081   -1.63756389],[-0.10363687  0.04715246]
986,0.9860000000000008,[-0.03870845  2.48643299],[-0.151416    1.36169702],[-0.18891618 -1.70895433],[-0.10353945  0.04697694]
987,0.9870000000000008,[-0.03886005  2.48779298],[-0.15160492  1.35998807],[-0.18777739 -1.77789949],[-0.10344151  0.04680445]
988,0.9880000000000008,[-0.03901185  2.48915119],[-0.1517927   1.35821017],[-0.18666366 -1.84449153],[-0.10334302  0.04663488]
989,0.9890000000000008,[-0.03916383  2.49050756],[-0.15197936  1.35636568],[-0.18557407 -1.90881913],[-0.10324401  0.04646815]
990,0.9900000000000008,[-0.03931599  2.49186201],[-0.15216494  1.35445686],[-0.18450772 -1.97096765],[-0.10314445  0.04630413]
991,0.9910000000000008,[-0.03946834  2.4932145 ],[-0.15234944  1.35248589],[-0.18346375 -2.03101925],[-0.10304436  0.04614275]
992,0.9920000000000008,[-0.03962087  2.49456495],[-0.15253291  1.35045487],[-0.18244132 -2.08905301],[-0.10294373  0.0459839 ]
993,0.9930000000000008,[-0.03977359  2.49591332],[-0.15271535  1.34836582],[-0.18143964 -2.14514503],[-0.10284256  0.04582749]
994,0.9940000000000008,[-0.03992648  2.49725954],[-0.15289679  1.34622067],[-0.18045792 -2.19936855],[-0.10274085  0.04567344]
995,0.9950000000000008,[-0.04007956  2.49860356],[-0.15307725  1.3440213 ],[-0.17949542 -2.25179408],[-0.1026386   0.04552166]
996,0.9960000000000008,[-0.04023282  2.49994533],[-0.15325674  1.34176951],[-0.17855143 -2.30248946],[-0.1025358   0.04537209]
997,0.9970000000000008,[-0.04038625  2.5012848 ],[-0.15343529  1.33946702],[-0.17762524 -2.35151999],[-0.10243246  0.04522463]
998,0.9980000000000008,[-0.04053987  2.50262191],[-0.15361292  1.3371155 ],[-0.1767162  -2.39894851],[-0.10232857  0.04507922]
999,0.9990000000000008,[-0.04069366  2.50395663],[-0.15378963  1.33471655],[-0.17582366 -2.44483551],[-0.10222414  0.04493578]
1000,1.0000000000000007,[-0.04084762  2.5052889 ],[-0.15396546  1.33227171],[-0.174947   -2.48923919],[-0.10211917  0.04479426]
1001,1.0010000000000006,[-0.04100176  2.50661868],[-0.1541404   1.32978248],[-0.17408562 -2.53221556],[-0.10201364  0.04465457]
1002,1.0020000000000004,[-0.04115608  2.50794593],[-0.15431449  1.32725026],[-0.17323895 -2.57381854],[-0.10190757  0.04451667]
1003,1.0030000000000003,[-0.04131056  2.50927061],[-0.15448773  1.32467644],[-0.17240643 -2.61410001],[-0.10180095  0.04438048]
1004,1.0040000000000002,[-0.04146522  2.51059267],[-0.15466014  1.32206234],[-0.17158753 -2.6531099 ],[-0.10169378  0.04424596]
1005,1.0050000000000001,[-0.04162006  2.51191208],[-0.15483172  1.31940923],[-0.17078173 -2.69089625],[-0.10158605  0.04411304]
1006,1.006,[-0.04177506  2.5132288 ],[-0.1550025   1.31671834],[-0.16998853 -2.7275053 ],[-0.10147778  0.04398167]
1007,1.007,[-0.04193023  2.51454279],[-0.15517249  1.31399083],[-0.16920745 -2.76298156],[-0.10136896  0.0438518 ]
1008,1.0079999999999998,[-0.04208557  2.51585402],[-0.1553417   1.31122785],[-0.16843804 -2.79736784],[-0.10125958  0.04372338]
1009,1.0089999999999997,[-0.04224108  2.51716245],[-0.15551014  1.30843048],[-0.16767985 -2.83070535],[-0.10114965  0.04359637]
1010,1.0099999999999996,[-0.04239676  2.51846805],[-0.15567782  1.30559978],[-0.16693245 -2.86303373],[-0.10103917  0.04347071]
1011,1.0109999999999995,[-0.04255261  2.51977079],[-0.15584475  1.30273674],[-0.16619543 -2.89439116],[-0.10092813  0.04334636]
1012,1.0119999999999993,[-0.04270862  2.52107063],[-0.15601095  1.29984235],[-0.16546838 -2.92481434],[-0.10081654  0.04322329]
1013,1.0129999999999992,[-0.04286479  2.52236755],[-0.15617641  1.29691754],[-0.16475093 -2.95433861],[-0.10070439  0.04310144]
1014,1.0139999999999991,[-0.04302113  2.52366151],[-0.15634117  1.2939632 ],[-0.16404271 -2.98299797],[-0.10059168  0.04298079]
1015,1.014999999999999,[-0.04317764  2.52495249],[-0.15650521  1.2909802 ],[-0.16334335 -3.01082513],[-0.10047842  0.04286128]
1016,1.015999999999999,[-0.04333431  2.52624046],[-0.15666855  1.28796937],[-0.16265252 -3.03785157],[-0.10036461  0.0427429 ]
1017,1.0169999999999988,[-0.04349114  2.52752539],[-0.1568312   1.28493152],[-0.16196989 -3.06410759],[-0.10025023  0.0426256 ]
1018,1.0179999999999987,[-0.04364813  2.52880726],[-0.15699317  1.28186742],[-0.16129513 -3.08962232],[-0.1001353   0.04250934]
1019,1.0189999999999986,[-0.04380529  2.53008604],[-0.15715447  1.27877779],[-0.16062794 -3.11442381],[-0.10001981  0.0423941 ]
1020,1.0199999999999985,[-0.0439626  2.5313617],[-0.1573151   1.27566337],[-0.15996802 -3.13853905],[-0.09990377  0.04227985]
1021,1.0209999999999984,[-0.04412008  2.53263422],[-0.15747507  1.27252483],[-0.15931509 -3.16199399],[-0.09978716  0.04216656]
1022,1.0219999999999982,[-0.04427771  2.53390359],[-0.15763438  1.26936284],[-0.15866887 -3.18481362],[-0.09966999  0.04205419]
1023,1.0229999999999981,[-0.0444355   2.53516976],[-0.15779305  1.26617802],[-0.1580291  -3.20702197],[-0.09955227  0.04194273]
1024,1.023999999999998,[-0.04459346  2.53643274],[-0.15795108  1.262971  ],[-0.15739552 -3.22864217],[-0.09943398  0.04183213]
1025,1.024999999999998,[-0.04475156  2.53769248],[-0.15810847  1.25974236],[-0.15676789 -3.24969646],[-0.09931514  0.04172239]
1026,1.0259999999999978,[-0.04490983  2.53894897],[-0.15826524  1.25649266],[-0.15614596 -3.27020625],[-0.09919573  0.04161348]
1027,1.0269999999999977,[-0.04506825  2.54020219],[-0.15842139  1.25322246],[-0.15552952 -3.29019213],[-0.09907577  0.04150536]
1028,1.0279999999999976,[-0.04522683  2.54145213],[-0.15857692  1.24993226],[-0.15491834 -3.30967391],[-0.09895524  0.04139803]
1029,1.0289999999999975,[-0.04538556  2.54269875],[-0.15873184  1.24662259],[-0.15431221 -3.32867066],[-0.09883415  0.04129146]
1030,1.0299999999999974,[-0.04554445  2.54394204],[-0.15888615  1.24329392],[-0.15371092 -3.34720072],[-0.0987125   0.04118562]
1031,1.0309999999999973,[-0.04570349  2.54518199],[-0.15903986  1.23994672],[-0.15311428 -3.36528172],[-0.09859029  0.0410805 ]
1032,1.0319999999999971,[-0.04586268  2.54641857],[-0.15919297  1.23658144],[-0.1525221  -3.38293063],[-0.09846751  0.04097608]
1033,1.032999999999997,[-0.04602202  2.54765177],[-0.15934549  1.23319851],[-0.1519342  -3.40016379],[-0.09834417  0.04087235]
1034,1.033999999999997,[-0.04618152  2.54888157],[-0.15949743  1.22979834],[-0.1513504 -3.4169969],[-0.09822027  0.04076928]
1035,1.0349999999999968,[-0.04634117  2.55010795],[-0.15964878  1.22638135],[-0.15077053 -3.43344507],[-0.09809581  0.04066685]
1036,1.0359999999999967,[-0.04650097  2.5513309 ],[-0.15979955  1.2229479 ],[-0.15019442 -3.44952284],[-0.09797079  0.04056506]
1037,1.0369999999999966,[-0.04666092  2.55255039],[-0.15994974  1.21949838],[-0.14962193 -3.46524417],[-0.0978452   0.04046388]
1038,1.0379999999999965,[-0.04682102  2.55376643],[-0.16009937  1.21603313],[  0.4835687  -38.01892317],[0. 0.]
1039,1.0389999999999964,[-0.04698063  2.55494444],[-0.1596158   1.17801421],[  0.48401159 -37.96077539],[0. 0.]
1040,1.0399999999999963,[-0.04713977  2.5560845 ],[-0.15913179  1.14005343],[  0.48443393 -37.90442074],[0. 0.]
1041,1.0409999999999962,[-0.04729841  2.55718664],[-0.15864735  1.10214901],[  0.48483639 -37.84986457],[0. 0.]
1042,1.041999999999996,[-0.04745658  2.55825094],[-0.15816252  1.06429915],[  0.48521963 -37.79711199],[0. 0.]
1043,1.042999999999996,[-0.04761425  2.55927745],[-0.1576773   1.02650204],[-0.23730374  3.62212112],[-0.09723887  0.04857134]
1044,1.0439999999999958,[-0.04777217  2.56030757],[-0.1579146   1.03012416],[-0.23330794  3.33012803],[-0.09710509  0.04814831]
1045,1.0449999999999957,[-0.04793032  2.56134102],[-0.15814791  1.03345429],[-0.22944503  3.04910887],[-0.09697091  0.04773834]
1046,1.0459999999999956,[-0.04808869  2.56237753],[-0.15837735  1.0365034 ],[-0.22570993  2.77864271],[-0.09683632  0.04734093]
1047,1.0469999999999955,[-0.0482473   2.56341681],[-0.15860306  1.03928204],[-0.22209775  2.51832479],[-0.09670132  0.04695562]
1048,1.0479999999999954,[-0.04840612  2.56445861],[-0.15882516  1.04180036],[-0.21860377  2.26776589],[-0.09656589  0.04658193]
1049,1.0489999999999953,[-0.04856517  2.56550268],[-0.15904376  1.04406813],[-0.21522348  2.02659174],[-0.09643005  0.04621945]
1050,1.0499999999999952,[-0.04872442  2.56654877],[-0.15925899  1.04609472],[-0.21195254  1.7944424 ],[-0.09629377  0.04586773]
1051,1.050999999999995,[-0.0488839   2.56759666],[-0.15947094  1.04788916],[-0.20878677  1.57097177],[-0.09615706  0.04552639]
1052,1.051999999999995,[-0.04904358  2.56864612],[-0.15967973  1.04946013],[-0.20572216  1.35584701],[-0.09601991  0.04519503]
1053,1.0529999999999948,[-0.04920346  2.56969694],[-0.15988545  1.05081598],[-0.20275485  1.14874806],[-0.09588232  0.04487328]
1054,1.0539999999999947,[-0.04936355  2.5707489 ],[-0.1600882   1.05196473],[-0.19988113  0.94936713],[-0.09574427  0.04456078]
1055,1.0549999999999946,[-0.04952384  2.57180182],[-0.16028809  1.0529141 ],[-0.19709745  0.75740821],[-0.09560577  0.04425718]
1056,1.0559999999999945,[-0.04968432  2.57285549],[-0.16048518  1.05367151],[-0.19440037  0.57258667],[-0.09546681  0.04396214]
1057,1.0569999999999944,[-0.049845    2.57390973],[-0.16067958  1.05424409],[-0.19178661  0.39462876],[-0.09532739  0.04367536]
1058,1.0579999999999943,[-0.05000587  2.57496437],[-0.16087137  1.05463872],[-0.18925298  0.22327126],[-0.09518751  0.04339651]
1059,1.0589999999999942,[-0.05016693  2.57601923],[-0.16106062  1.05486199],[-0.18679644  0.058261  ],[-0.09504715  0.04312531]
1060,1.059999999999994,[-0.05032818  2.57707415],[-0.16124742  1.05492025],[-0.18441406 -0.10064546],[-0.09490632  0.04286148]
1061,1.060999999999994,[-0.05048961  2.57812897],[-0.16143183  1.05481961],[-0.18210303 -0.25368224],[-0.09476501  0.04260473]
1062,1.0619999999999938,[-0.05065123  2.57918354],[-0.16161394  1.05456593],[-0.17986063 -0.40107451],[-0.09462322  0.0423548 ]
1063,1.0629999999999937,[-0.05081302  2.5802377 ],[-0.1617938   1.05416485],[-0.17768426 -0.54303876],[-0.09448095  0.04211145]
1064,1.0639999999999936,[-0.05097499  2.58129133],[-0.16197148  1.05362181],[-0.1755714  -0.67978325],[-0.09433819  0.04187442]
1065,1.0649999999999935,[-0.05113714  2.58234427],[-0.16214705  1.05294203],[-0.17351965 -0.81150819],[-0.09419494  0.0416435 ]
1066,1.0659999999999934,[-0.05129946  2.5833964 ],[-0.16232057  1.05213052],[-0.17152668 -0.93840619],[-0.0940512   0.04141844]
1067,1.0669999999999933,[-0.05146195  2.58444759],[-0.1624921   1.05119211],[-0.16959026 -1.06066241],[-0.09390697  0.04119904]
1068,1.0679999999999932,[-0.05162461  2.58549772],[-0.16266169  1.05013145],[-0.16770825 -1.17845497],[-0.09376223  0.04098508]
1069,1.068999999999993,[-0.05178744  2.58654667],[-0.1628294  1.048953 ],[-0.16587857 -1.29195514],[-0.093617    0.04077637]
1070,1.069999999999993,[-0.05195044  2.58759434],[-0.16299528  1.04766104],[-0.16409925 -1.40132763],[-0.09347126  0.04057272]
1071,1.0709999999999928,[-0.0521136  2.5886406],[-0.16315938  1.04625971],[-0.16236836 -1.50673083],[-0.09332501  0.04037394]
1072,1.0719999999999927,[-0.05227692  2.58968535],[-0.16332174  1.04475298],[-0.16068406 -1.60831707],[-0.09317826  0.04017985]
1073,1.0729999999999926,[-0.0524404   2.59072849],[-0.16348243  1.04314467],[-0.15904459 -1.70623284],[-0.093031    0.03999029]
1074,1.0739999999999925,[-0.05260404  2.59176993],[-0.16364147  1.04143843],[-0.15744825 -1.80061902],[-0.09288323  0.03980509]
1075,1.0749999999999924,[-0.05276784  2.59280957],[-0.16379892  1.03963781],[-0.15589338 -1.89161108],[-0.09273494  0.03962409]
1076,1.0759999999999923,[-0.0529318   2.59384732],[-0.16395481  1.0377462 ],[-0.15437842 -1.97933929],[-0.09258614  0.03944713]
1077,1.0769999999999922,[-0.05309591  2.59488308],[-0.16410919  1.03576686],[-0.15290184 -2.06392895],[-0.09243682  0.03927409]
1078,1.077999999999992,[-0.05326017  2.59591679],[-0.16426209  1.03370293],[-0.15146219 -2.14550054],[-0.09228698  0.03910481]
1079,1.078999999999992,[-0.05342458  2.59694834],[-0.16441356  1.03155743],[-0.15005806 -2.22416991],[-0.09213662  0.03893915]
1080,1.0799999999999919,[-0.05358915  2.59797768],[-0.16456361  1.02933326],[-0.1486881  -2.30004849],[-0.09198573  0.038777  ]
1081,1.0809999999999917,[-0.05375386  2.59900471],[-0.1647123   1.02703322],[-0.147351   -2.37324342],[-0.09183432  0.03861823]
1082,1.0819999999999916,[-0.05391872  2.60002937],[-0.16485965  1.02465997],[-0.14604551 -2.44385774],[-0.09168239  0.03846271]
1083,1.0829999999999915,[-0.05408372  2.60105159],[-0.1650057   1.02221611],[-0.14477043 -2.51199053],[-0.09152993  0.03831034]
1084,1.0839999999999914,[-0.05424887  2.60207129],[-0.16515047  1.01970412],[-0.14352459 -2.57773707],[-0.09137694  0.038161  ]
1085,1.0849999999999913,[-0.05441417  2.60308842],[-0.16529399  1.01712639],[-0.14230688 -2.64118898],[-0.09122342  0.03801458]
1086,1.0859999999999912,[-0.0545796  2.6041029],[-0.1654363  1.0144852],[-0.14111623 -2.70243437],[-0.09106937  0.03787099]
1087,1.086999999999991,[-0.05474518  2.60511468],[-0.16557742  1.01178276],[-0.13995159 -2.76155797],[-0.09091479  0.03773012]
1088,1.087999999999991,[-0.0549109   2.60612371],[-0.16571737  1.00902121],[-0.13881198 -2.81864125],[-0.09075967  0.03759189]
1089,1.0889999999999909,[-0.05507675  2.60712991],[-0.16585618  1.00620256],[-0.13769644 -2.87376256],[-0.09060402  0.03745619]
1090,1.0899999999999908,[-0.05524275  2.60813324],[-0.16599388  1.0033288 ],[-0.13660404 -2.92699722],[-0.09044783  0.03732295]
1091,1.0909999999999906,[-0.05540888  2.60913364],[-0.16613048  1.0004018 ],[-0.1355339  -2.97841769],[-0.09029111  0.03719208]
1092,1.0919999999999905,[-0.05557515  2.61013106],[-0.16626602  0.99742339],[-0.13448516 -3.02809362],[-0.09013385  0.0370635 ]
1093,1.0929999999999904,[-0.05574155  2.61112546],[-0.1664005   0.99439529],[-0.133457 -3.076092],[-0.08997605  0.03693713]
1094,1.0939999999999903,[-0.05590808  2.61211678],[-0.16653396  0.9913192 ],[  0.46416851 -34.8491623 ],[0. 0.]
1095,1.0949999999999902,[-0.05607415  2.61307325],[-0.16606979  0.95647004],[  0.46429762 -34.79863434],[0. 0.]
1096,1.09599999999999,[-0.05623975  2.61399492],[-0.16560549  0.9216714 ],[  0.46441813 -34.74989343],[0. 0.]
1097,1.09699999999999,[-0.0564049   2.61488184],[-0.16514107  0.88692151],[  0.46453052 -34.70294291],[0. 0.]
1098,1.0979999999999899,[-0.05656957  2.61573406],[-0.16467654  0.85221857],[  0.46463525 -34.65778598],[0. 0.]
1099,1.0989999999999898,[-0.05673378  2.61655162],[-0.16421191  0.81756078],[  0.46473276 -34.61442571],[0. 0.]
1100,1.0999999999999897,[-0.05689753  2.61733456],[-0.16374717  0.78294636],[  0.46482348 -34.57286502],[0. 0.]
1101,1.1009999999999895,[-0.05706081  2.61808294],[-0.16328235  0.74837349],[  0.4649078  -34.53310672],[0. 0.]
1102,1.1019999999999894,[-0.05722363  2.61879678],[-0.16281744  0.71384039],[  0.46498611 -34.49515345],[0. 0.]
1103,1.1029999999999893,[-0.05738598  2.61947612],[-0.16235246  0.67934523],[  0.46505879 -34.45900775],[0. 0.]
1104,1.1039999999999892,[-0.05754787  2.62012101],[-0.1618874   0.64488622],[  0.46512617 -34.42467201],[0. 0.]
1105,1.104999999999989,[-0.05770929  2.62073147],[-0.16142227  0.61046155],[  0.46518858 -34.39214849],[0. 0.]
1106,1.105999999999989,[-0.05787025  2.62130754],[-0.16095708  0.5760694 ],[  0.46524634 -34.36143935],[0. 0.]
1107,1.1069999999999889,[-0.05803074  2.62184925],[-0.16049184  0.54170796],[  0.46529975 -34.3325466 ],[0. 0.]
1108,1.1079999999999888,[-0.05819077  2.62235662],[-0.16002654  0.50737542],[  0.46534908 -34.30547212],[0. 0.]
1109,1.1089999999999887,[-0.05835033  2.62282969],[-0.15956119  0.47306995],[  0.46539458 -34.28021768],[0. 0.]
1110,1.1099999999999886,[-0.05850943  2.62326848],[-0.15909579  0.43878973],[  0.46543651 -34.25678493],[0. 0.]
1111,1.1109999999999884,[-0.05866806  2.62367302],[-0.15863036  0.40453294],[  0.46547507 -34.23517538],[0. 0.]
1112,1.1119999999999883,[-0.05882622  2.62404331],[-0.15816488  0.37029777],[  0.46551049 -34.21539045],[0. 0.]
1113,1.1129999999999882,[-0.05898392  2.6243794 ],[-0.15769937  0.33608238],[  0.46554294 -34.1974314 ],[0. 0.]
1114,1.113999999999988,[-0.05914115  2.62468128],[-0.15723383  0.30188495],[  0.4655726 -34.1812994],[0. 0.]
1115,1.114999999999988,[-0.05929792  2.62494899],[-0.15676826  0.26770365],[  0.46559963 -34.1669955 ],[0. 0.]
1116,1.115999999999988,[-0.05945423  2.62518252],[-0.15630266  0.23353665],[  0.46562416 -34.15452062],[0. 0.]
1117,1.1169999999999878,[-0.05961006  2.6253819 ],[-0.15583703  0.19938213],[  0.46564631 -34.14387558],[0. 0.]
1118,1.1179999999999877,[-0.05976543  2.62554714],[-0.15537139  0.16523825],[  0.46566618 -34.13506107],[0. 0.]
1119,1.1189999999999876,[-0.05992034  2.62567825],[-0.15490572  0.13110319],[  0.46568387 -34.12807766],[0. 0.]
1120,1.1199999999999875,[-0.06007478  2.62577522],[-0.15444004  0.09697512],[  0.46569943 -34.12292582],[0. 0.]
1121,1.1209999999999873,[-0.06022875  2.62583807],[-0.15397434  0.06285219],[  0.46571293 -34.1196059 ],[0. 0.]
1122,1.1219999999999872,[-0.06038226  2.62586681],[-0.15350862  0.02873258],[  0.46572439 -34.11811812],[0. 0.]
1123,1.1229999999999871,[-0.06053531  2.62586142],[-0.1530429  -0.00538553],[  0.46573383 -34.11846261],[0. 0.]
1124,1.123999999999987,[-0.06068788  2.62582192],[-0.15257717 -0.039504  ],[  0.46574126 -34.12063937],[0. 0.]
1125,1.124999999999987,[-0.06083999  2.62574829],[-0.15211142 -0.07362464],[  0.46574666 -34.12464829],[0. 0.]
1126,1.1259999999999868,[-0.06099164  2.62564054],[-0.15164568 -0.10774928],[  0.46575    -34.13048913],[0. 0.]
1127,1.1269999999999867,[-0.06114282  2.62549866],[-0.15117993 -0.14187977],[  0.46575122 -34.13816156],[0. 0.]
1128,1.1279999999999866,[-0.06129353  2.62532264],[-0.15071418 -0.17601794],[  0.46575026 -34.14766512],[0. 0.]
1129,1.1289999999999865,[-0.06144378  2.62511248],[-0.15024843 -0.2101656 ],[  0.46574703 -34.15899924],[0. 0.]
1130,1.1299999999999863,[-0.06159356  2.62486815],[-0.14978268 -0.2443246 ],[  0.46574145 -34.17216322],[0. 0.]
1131,1.1309999999999862,[-0.06174288  2.62458966],[-0.14931694 -0.27849676],[  0.46573337 -34.18715626],[0. 0.]
1132,1.1319999999999861,[-0.06189173  2.62427697],[-0.1488512  -0.31268392],[  0.46572268 -34.20397745],[0. 0.]
1133,1.132999999999986,[-0.06204012  2.62393009],[-0.14838548 -0.3468879 ],[  0.46570922 -34.22262573],[0. 0.]
1134,1.133999999999986,[-0.06218804  2.62354898],[-0.14791977 -0.38111052],[  0.46569282 -34.24309995],[0. 0.]
1135,1.1349999999999858,[-0.06233549  2.62313362],[-0.14745408 -0.41535362],[  0.46567329 -34.26539883],[0. 0.]
1136,1.1359999999999857,[-0.06248248  2.622684  ],[-0.14698841 -0.44961902],[  0.46565043 -34.28952098],[0. 0.]
1137,1.1369999999999856,[-0.062629    2.62220009],[-0.14652276 -0.48390854],[  0.46562401 -34.31546487],[0. 0.]
1138,1.1379999999999855,[-0.06277506  2.62168187],[-0.14605713 -0.51822401],[  0.46559381 -34.34322887],[0. 0.]
1139,1.1389999999999854,[-0.06292065  2.6211293 ],[-0.14559154 -0.55256724],[  0.46555955 -34.3728112 ],[0. 0.]
1140,1.1399999999999852,[-0.06306578  2.62054236],[-0.14512598 -0.58694005],[  0.46552097 -34.40421   ],[0. 0.]
1141,1.1409999999999851,[-0.06321044  2.61992102],[-0.14466046 -0.62134426],[  0.46547778 -34.43742323],[0. 0.]
1142,1.141999999999985,[-0.06335463  2.61926524],[-0.14419498 -0.65578168],[  0.46542966 -34.47244877],[0. 0.]
1143,1.142999999999985,[-0.06349836  2.61857498],[-0.14372955 -0.69025413],[  0.46537628 -34.50928434],[0. 0.]
1144,1.1439999999999848,[-0.06364163  2.61785022],[-0.14326417 -0.72476341],[  0.46531731 -34.54792756],[0. 0.]
1145,1.1449999999999847,[-0.06378443  2.61709091],[-0.14279886 -0.75931134],[  0.46525237 -34.58837588],[0. 0.]
1146,1.1459999999999846,[-0.06392676  2.61629701],[-0.1423336  -0.79389972],[  0.46518108 -34.63062666],[0. 0.]
1147,1.1469999999999845,[-0.06406863  2.61546848],[-0.14186842 -0.82853034],[  0.46510305 -34.67467709],[0. 0.]
1148,1.1479999999999844,[-0.06421003  2.61460527],[-0.14140332 -0.86320502],[  0.46501785 -34.72052426],[0. 0.]
1149,1.1489999999999843,[-0.06435097  2.61370735],[-0.1409383  -0.89792554],[  0.46492504 -34.76816509],[0. 0.]
1150,1.1499999999999841,[-0.06449144  2.61277465],[-0.14047338 -0.93269371],[  0.46482417 -34.81759638],[0. 0.]
1151,1.150999999999984,[-0.06463145  2.61180714],[-0.14000855 -0.96751131],[  0.46471476 -34.86881478],[0. 0.]
1152,1.151999999999984,[-0.064771    2.61080476],[-0.13954384 -1.00238012],[  0.46459631 -34.9218168 ],[0. 0.]
1153,1.1529999999999838,[-0.06491007  2.60976746],[-0.13907924 -1.03730194],[  0.46446831 -34.97659881],[0. 0.]
1154,1.1539999999999837,[-0.06504869  2.60869518],[-0.13861477 -1.07227854],[  0.46433022 -35.03315703],[0. 0.]
1155,1.1549999999999836,[-0.06518684  2.60758787],[-0.13815044 -1.10731169],[  0.46418149 -35.09148752],[0. 0.]
1156,1.1559999999999835,[-0.06532453  2.60644547],[-0.13768626 -1.14240318],[  0.46402155 -35.15158621],[0. 0.]
1157,1.1569999999999834,[-0.06546175  2.60526791],[-0.13722224 -1.17755477],[  0.4638498  -35.21344885],[0. 0.]
1158,1.1579999999999833,[-0.06559851  2.60405514],[-0.13675839 -1.21276822],[  0.46366563 -35.27707106],[0. 0.]
1159,1.1589999999999832,[-0.0657348  2.6028071],[-0.13629472 -1.24804529],[  0.4634684 -35.3424483],[0. 0.]
1160,1.159999999999983,[-0.06587063  2.60152371],[-0.13583126 -1.28338774],[  0.46325746 -35.40957584],[0. 0.]
1161,1.160999999999983,[-0.066006    2.60020491],[-0.135368   -1.31879731],[  0.46303213 -35.47844882],[0. 0.]
1162,1.1619999999999828,[-0.06614091  2.59885064],[-0.13490497 -1.35427576],[  0.46279171 -35.54906219],[0. 0.]
1163,1.1629999999999827,[-0.06627535  2.59746081],[-0.13444217 -1.38982482],[  0.46253549 -35.62141077],[0. 0.]
1164,1.1639999999999826,[-0.06640933  2.59603537],[-0.13397964 -1.42544623],[  0.46226272 -35.69548916],[0. 0.]
1165,1.1649999999999825,[-0.06654285  2.59457423],[-0.13351738 -1.46114172],[  0.46197265 -35.77129183],[0. 0.]
1166,1.1659999999999824,[-0.0666759   2.59307731],[-0.1330554  -1.49691301],[  0.46166449 -35.84881304],[0. 0.]
1167,1.1669999999999823,[-0.06680849  2.59154455],[-0.13259374 -1.53276183],[  0.46133743 -35.9280469 ],[0. 0.]
1168,1.1679999999999822,[-0.06694063  2.58997586],[-0.1321324  -1.56868987],[  0.46099066 -36.00898733],[0. 0.]
1169,1.168999999999982,[-0.0670723   2.58837116],[-0.13167141 -1.60469886],[  0.46062331 -36.09162805],[0. 0.]
1170,1.169999999999982,[-0.06720351  2.58673037],[-0.13121079 -1.64079049],[  0.46023451 -36.17596263],[0. 0.]
1171,1.1709999999999818,[-0.06733426  2.5850534 ],[-0.13075055 -1.67696645],[  0.45982338 -36.26198441],[0. 0.]
1172,1.1719999999999817,[-0.06746455  2.58334018],[-0.13029073 -1.71322844],[  0.45938898 -36.34968657],[0. 0.]
1173,1.1729999999999816,[-0.06759438  2.5815906 ],[-0.12983134 -1.74957812],[  0.45893039 -36.43906208],[0. 0.]
1174,1.1739999999999815,[-0.06772375  2.57980458],[-0.12937241 -1.78601719],[  0.45844663 -36.53010371],[0. 0.]
1175,1.1749999999999814,[-0.06785267  2.57798203],[-0.12891396 -1.82254729],[  0.45793671 -36.62280405],[0. 0.]
1176,1.1759999999999813,[-0.06798112  2.57612286],[-0.12845603 -1.85917009],[  0.45739962 -36.71715548],[0. 0.]
1177,1.1769999999999812,[-0.06810912  2.57422698],[-0.12799863 -1.89588725],[  0.45683433 -36.81315015],[0. 0.]
1178,1.177999999999981,[-0.06823666  2.57229428],[-0.12754179 -1.9327004 ],[  0.45623976 -36.91078003],[0. 0.]
1179,1.178999999999981,[-0.06836375  2.57032466],[-0.12708555 -1.96961118],[  0.45561483 -37.01003687],[0. 0.]
1180,1.1799999999999808,[-0.06849038  2.56831804],[-0.12662994 -2.00662122],[  0.45495844 -37.11091221],[0. 0.]
1181,1.1809999999999807,[-0.06861655  2.56627431],[-0.12617498 -2.04373213],[  0.45426944 -37.21339736],[0. 0.]
1182,1.1819999999999806,[-0.06874228  2.56419337],[-0.12572071 -2.08094552],[  0.45354666 -37.31748344],[0. 0.]
1183,1.1829999999999805,[-0.06886754  2.5620751 ],[-0.12526716 -2.11826301],[  0.45278893 -37.42316131],[0. 0.]
1184,1.1839999999999804,[-0.06899236  2.55991942],[-0.12481438 -2.15568617],[  0.45199503 -37.53042164],[0. 0.]
1185,1.1849999999999803,[-0.06911672  2.5577262 ],[-0.12436238 -2.19321659],[  0.45116371 -37.63925485],[0. 0.]
1186,1.1859999999999802,[-0.06924063  2.55549534],[-0.12391122 -2.23085585],[  0.45029371 -37.74965114],[0. 0.]
1187,1.18699999999998,[-0.06936409  2.55322674],[-0.12346092 -2.2686055 ],[  0.44938373 -37.86160048],[0. 0.]
1188,1.18799999999998,[-0.0694871   2.55092027],[-0.12301154 -2.3064671 ],[  0.44843246 -37.97509259],[0. 0.]
1189,1.1889999999999799,[-0.06960967  2.54857583],[-0.12256311 -2.34444219],[  0.44743854 -38.09011697],[0. 0.]
1190,1.1899999999999797,[-0.06973178  2.5461933 ],[-0.12211567 -2.38253231],[  0.44640061 -38.20666288],[0. 0.]
1191,1.1909999999999796,[-0.06985345  2.54377256],[-0.12166927 -2.42073897],[  0.44531726 -38.32471933],[0. 0.]
1192,1.1919999999999795,[-0.06997468  2.54131349],[-0.12122395 -2.45906369],[  0.44418706 -38.44427508],[0. 0.]
1193,1.1929999999999794,[-0.07009545  2.53881599],[-0.12077976 -2.49750796],[  0.44300855 -38.56531866],[0. 0.]
1194,1.1939999999999793,[-0.07021579  2.53627991],[-0.12033675 -2.53607328],[ -2.01386018 140.91906388],[-0.07429253  0.21596168]
1195,1.1949999999999792,[-0.07033814  2.53388476],[-0.12235062 -2.39515422],[ -1.92973398 135.13492472],[-0.07398674  0.20922699]
1196,1.195999999999979,[-0.07046242  2.53162474],[-0.12428035 -2.26001929],[ -1.84953345 129.58279864],[-0.07368439  0.20275361]
1197,1.196999999999979,[-0.07058855  2.5294943 ],[-0.12612988 -2.1304365 ],[ -1.77305355 124.25294394],[-0.07338531  0.19653106]
1198,1.1979999999999789,[-0.07071646  2.52748812],[-0.12790294 -2.00618355],[ -1.70010086 119.13605918],[-0.07308931  0.1905493 ]
1199,1.1989999999999787,[-0.07084606  2.52560107],[-0.12960304 -1.88704749],[ -1.63049287 114.22326144],[-0.07279623  0.18479868]
1200,1.1999999999999786,[-0.07097729  2.52382825],[-0.13123353 -1.77282423],[ -1.56405742 109.5060656 ],[-0.07250589  0.17927   ]
1201,1.2009999999999785,[-0.07111009  2.52216493],[-0.13279759 -1.66331817],[ -1.50063202 104.97636487],[-0.07221816  0.17395442]
1202,1.2019999999999784,[-0.07124439  2.52060659],[-0.13429822 -1.5583418 ],[ -1.44006338 100.62641221],[-0.07193288  0.16884346]
1203,1.2029999999999783,[-0.07138013  2.51914887],[-0.13573828 -1.45771539],[-1.38220678 96.44880282],[-0.07164993  0.16392901]
1204,1.2039999999999782,[-0.07151725  2.51778761],[-0.13712049 -1.36126659],[-1.32692561 92.43645757],[-0.07136917  0.15920329]
1205,1.204999999999978,[-0.07165569  2.51651878],[-0.13844742 -1.26883013],[-1.27409091 88.58260727],[-0.07109047  0.15465884]
1206,1.205999999999978,[-0.07179542  2.51533853],[-0.13972151 -1.18024752],[-1.22358087 84.88077779],[-0.07081373  0.15028851]
1207,1.2069999999999779,[-0.07193636  2.51424316],[-0.14094509 -1.09536674],[-1.17528046 81.324776  ],[-0.07053883  0.14608543]
1208,1.2079999999999778,[-0.07207848  2.51322912],[-0.14212037 -1.01404197],[-1.12908095 77.90867639],[-0.07026566  0.14204302]
1209,1.2089999999999776,[-0.07222173  2.51229299],[-0.14324945 -0.93613329],[-1.08487964 74.62680844],[-0.06999413  0.13815498]
1210,1.2099999999999775,[-0.07236606  2.51143148],[-0.14433433 -0.86150648],[-1.04257941 71.47374465],[-0.06972413  0.13441525]
1211,1.2109999999999774,[-0.07251144  2.51064145],[-0.14537691 -0.79003274],[-1.00208844 68.44428919],[-0.06945559  0.13081801]
1212,1.2119999999999773,[-0.07265782  2.50991986],[-0.146379   -0.72158845],[-0.96331987 65.53346709],[-0.06918841  0.1273577 ]
1213,1.2129999999999772,[-0.07280516  2.5092638 ],[-0.14734232 -0.65605498],[-0.92619153 62.73651409],[-0.06892251  0.12402896]
1214,1.213999999999977,[-0.07295343  2.50867049],[-0.14826851 -0.59331847],[-0.89062566 60.04886692],[-0.06865781  0.12082666]
1215,1.214999999999977,[-0.07310259  2.50813722],[-0.14915913 -0.5332696 ],[-0.85654861 57.4661541 ],[-0.06839424  0.11774588]
1216,1.2159999999999769,[-0.07325261  2.50766141],[-0.15001568 -0.47580345],[-0.82389066 54.98418727],[-0.06813173  0.11478188]
1217,1.2169999999999768,[-0.07340345  2.50724059],[-0.15083957 -0.42081926],[-0.79258574 52.59895283],[-0.0678702   0.11193012]
1218,1.2179999999999767,[-0.07355508  2.50687237],[-0.15163216 -0.36822031],[-0.76257126 50.30660413],[-0.06760961  0.10918625]
1219,1.2189999999999765,[-0.07370747  2.50655446],[-0.15239473 -0.3179137 ],[-0.73378785 48.10345401],[-0.06734988  0.10654607]
1220,1.2199999999999764,[-0.0738606   2.50628465],[-0.15312852 -0.26981025],[-0.70617925 45.98596762],[-0.06709095  0.10400557]
1221,1.2209999999999763,[-0.07401444  2.50606082],[-0.1538347  -0.22382428],[-0.67969204 43.95075575],[-0.06683277  0.1015609 ]
1222,1.2219999999999762,[-0.07416895  2.50588095],[-0.15451439 -0.17987352],[-0.65427558 41.99456836],[-0.0665753   0.09920833]
1223,1.222999999999976,[-0.07432412  2.50574307],[-0.15516866 -0.13787896],[-0.62988174 40.11428851],[-0.06631847  0.09694432]
1224,1.223999999999976,[-0.07447992  2.50564531],[-0.15579855 -0.09776467],[-0.60646486 38.30692649],[-0.06606223  0.09476544]
1225,1.2249999999999759,[-0.07463632  2.50558585],[-0.15640501 -0.05945774],[-0.58398153 36.56961435],[-0.06580655  0.09266842]
1226,1.2259999999999758,[-0.07479331  2.50556296],[-0.15698899 -0.02288813],[-0.56239053 34.8996006 ],[-0.06555138  0.09065008]
1227,1.2269999999999757,[-0.07495086  2.50557497],[-0.15755138  0.01201147],[-0.54165264 33.29424518],[-0.06529667  0.08870742]
1228,1.2279999999999756,[-0.07510896  2.50562028],[-0.15809304  0.04530572],[-0.52173058 31.75101472],[-0.06504239  0.0868375 ]
1229,1.2289999999999754,[-0.07526757  2.50569734],[-0.15861477  0.07705673],[-0.50258889 30.26747793],[-0.06478849  0.08503754]
1230,1.2299999999999753,[-0.07542669  2.50580466],[-0.15911735  0.10732421],[-0.48419382 28.84130132],[-0.06453494  0.08330485]
1231,1.2309999999999752,[-0.07558629  2.50594083],[-0.15960155  0.13616551],[-0.46651324 27.470245  ],[-0.06428171  0.08163685]
1232,1.2319999999999751,[-0.07574636  2.50610446],[-0.16006806  0.16363576],[-0.44951656 26.15215876],[-0.06402876  0.08003104]
1233,1.232999999999975,[-0.07590688  2.50629425],[-0.16051758  0.18978792],[-0.43317463 24.88497829],[-0.06377605  0.07848506]
1234,1.233999999999975,[-0.07606783  2.50650892],[-0.16095075  0.21467289],[-0.41745969 23.66672159],[-0.06352357  0.07699661]
1235,1.2349999999999748,[-0.07622919  2.50674726],[-0.16136821  0.23833962],[-0.40234526 22.49548554],[-0.06327127  0.07556348]
1236,1.2359999999999747,[-0.07639096  2.5070081 ],[-0.16177056  0.2608351 ],[-0.3878061  21.36944259],[-0.06301913  0.07418355]
1237,1.2369999999999746,[-0.07655312  2.5072903 ],[-0.16215836  0.28220454],[-0.37381815 20.28683766],[-0.06276713  0.07285481]
1238,1.2379999999999745,[-0.07671566  2.50759279],[-0.16253218  0.30249138],[-0.36035844 19.24598514],[-0.06251523  0.07157528]
1239,1.2389999999999743,[-0.07687855  2.50791453],[-0.16289254  0.32173737],[-0.34740505 18.24526602],[-0.06226342  0.07034309]
1240,1.2399999999999742,[-0.07704179  2.50825451],[-0.16323995  0.33998263],[-0.33493706 17.28312517],[-0.06201166  0.06915644]
1241,1.2409999999999741,[-0.07720536  2.50861178],[-0.16357488  0.35726576],[-0.32293448 16.3580687 ],[-0.06175994  0.06801359]
1242,1.241999999999974,[-0.07736926  2.5089854 ],[-0.16389782  0.37362383],[-0.31137823 15.46866149],[-0.06150823  0.06691286]
1243,1.242999999999974,[-0.07753347  2.50937449],[-0.1642092   0.38909249],[-0.30025008 14.6135248 ],[-0.06125652  0.06585266]
1244,1.2439999999999738,[-0.07769798  2.5097782 ],[-0.16450945  0.40370601],[-0.28953259 13.79133395],[-0.06100478  0.06483144]
1245,1.2449999999999737,[-0.07786278  2.5101957 ],[-0.16479898  0.41749735],[-0.27920912 13.00081616],[-0.06075299  0.06384772]
1246,1.2459999999999736,[-0.07802786  2.5106262 ],[-0.16507819  0.43049816],[-0.26926372 12.24074844],[-0.06050114  0.06290008]
1247,1.2469999999999735,[-0.0781932   2.51106893],[-0.16534745  0.44273891],[-0.25968117 11.50995562],[-0.06024921  0.06198714]
1248,1.2479999999999734,[-0.07835881  2.51152318],[-0.16560713  0.45424887],[-0.25044689 10.80730838],[-0.05999718  0.06110758]
1249,1.2489999999999732,[-0.07852467  2.51198824],[-0.16585758  0.46505618],[-0.24154692 10.13172142],[-0.05974503  0.06026015]
1250,1.2499999999999731,[-0.07869077  2.51246343],[-0.16609913  0.4751879 ],[-0.23296793  9.48215174],[-0.05949275  0.05944362]
1251,1.250999999999973,[-0.0788571  2.5129481],[-0.16633209  0.48467005],[-0.22469713  8.85759691],[-0.05924033  0.05865682]
1252,1.251999999999973,[-0.07902366  2.51344163],[-0.16655679  0.49352765],[-0.21672228  8.25709349],[-0.05898774  0.05789863]
1253,1.2529999999999728,[-0.07919043  2.51394341],[-0.16677351  0.50178474],[-0.20903167  7.67971543],[-0.05873499  0.05716796]
1254,1.2539999999999727,[-0.07935741  2.51445287],[-0.16698254  0.50946445],[-0.20161406  7.12457263],[-0.05848204  0.05646378]
1255,1.2549999999999726,[-0.0795246   2.51496946],[-0.16718416  0.51658903],[-0.19445871  6.59080951],[-0.0582289   0.05578508]
1256,1.2559999999999725,[-0.07969198  2.51549264],[-0.16737862  0.52317984],[-0.18755529  6.07760364],[-0.05797555  0.0551309 ]
1257,1.2569999999999724,[-0.07985954  2.5160219 ],[-0.16756617  0.52925744],[-0.18089393  5.58416441],[-0.05772197  0.05450032]
1258,1.2579999999999723,[-0.08002729  2.51655674],[-0.16774707  0.53484161],[-0.17446516  5.10973182],[-0.05746816  0.05389245]
1259,1.2589999999999721,[-0.08019521  2.51709669],[-0.16792153  0.53995134],[-0.16825989  4.65357525],[-0.0572141   0.05330643]
1260,1.259999999999972,[-0.0803633  2.5176413],[-0.16808979  0.54460491],[-0.16226941  4.21499229],[-0.05695979  0.05274144]
1261,1.260999999999972,[-0.08053155  2.51819012],[-0.16825206  0.5488199 ],[-0.15648537  3.79330766],[-0.05670521  0.05219668]
1262,1.2619999999999718,[-0.08069996  2.51874273],[-0.16840855  0.55261321],[-0.15089976  3.38787216],[-0.05645036  0.05167141]
1263,1.2629999999999717,[-0.08086852  2.51929873],[-0.16855945  0.55600108],[-0.14550488  2.9980616 ],[-0.05619523  0.05116488]
1264,1.2639999999999716,[-0.08103722  2.51985773],[-0.16870495  0.55899915],[-0.14029335  2.62327588],[-0.0559398  0.0506764]
1265,1.2649999999999715,[-0.08120607  2.52041935],[-0.16884524  0.56162242],[-0.13525809  2.262938  ],[-0.05568407  0.05020529]
1266,1.2659999999999714,[-0.08137505  2.52098324],[-0.1689805   0.56388536],[-0.13039231  1.91649319],[-0.05542804  0.0497509 ]
1267,1.2669999999999713,[-0.08154416  2.52154904],[-0.16911089  0.56580185],[-0.12568948  1.58340804],[-0.05517169  0.0493126 ]
1268,1.2679999999999712,[-0.0817134   2.52211643],[-0.16923658  0.56738526],[-0.12114334  1.26316966],[-0.05491501  0.0488898 ]
1269,1.268999999999971,[-0.08188276  2.52268508],[-0.16935773  0.56864843],[-0.11674786  0.9552849 ],[-0.05465801  0.0484819 ]
1270,1.269999999999971,[-0.08205223  2.52325468],[-0.16947448  0.56960372],[-0.11249727  0.65927956],[-0.05440066  0.04808837]
1271,1.2709999999999708,[-0.08222182  2.52382494],[-0.16958697  0.570263  ],[-0.10838602  0.37469767],[-0.05414298  0.04770866]
1272,1.2719999999999707,[-0.08239151  2.52439558],[-0.16969536  0.57063769],[-0.10440878  0.1011008 ],[-0.05388494  0.04734227]
1273,1.2729999999999706,[-0.08256131  2.52496632],[-0.16979977  0.57073879],[-0.10056044 -0.16193267],[-0.05362655  0.04698869]
1274,1.2739999999999705,[-0.08273121  2.5255369 ],[-0.16990033  0.57057686],[-0.09683607 -0.41480815],[-0.0533678   0.04664745]
1275,1.2749999999999704,[-0.08290121  2.52610706],[-0.16999716  0.57016205],[-0.09323094 -0.65791547],[-0.05310868  0.04631809]
1276,1.2759999999999703,[-0.0830713   2.52667656],[-0.1700904   0.56950414],[-0.08974052 -0.89162952],[-0.05284918  0.04600018]
1277,1.2769999999999702,[-0.08324148  2.52724517],[-0.17018014  0.56861251],[-0.08636043 -1.1163108 ],[-0.05258931  0.04569329]
1278,1.27799999999997,[-0.08341175  2.52781267],[-0.1702665  0.5674962],[-0.08308649 -1.33230595],[-0.05232906  0.04539702]
1279,1.27899999999997,[-0.0835821   2.52837883],[-0.17034958  0.56616389],[-0.07991467 -1.53994835],[-0.05206842  0.04511097]
1280,1.2799999999999698,[-0.08375253  2.52894346],[-0.1704295   0.56462394],[-0.07684107 -1.73955857],[-0.05180739  0.04483477]
1281,1.2809999999999697,[-0.08392303  2.52950634],[-0.17050634  0.56288438],[-0.073862   -1.93144488],[-0.05154596  0.04456806]
1282,1.2819999999999696,[-0.08409361  2.5300673 ],[-0.1705802   0.56095294],[-0.07097385 -2.11590375],[-0.05128413  0.04431049]
1283,1.2829999999999695,[-0.08426426  2.53062613],[-0.17065117  0.55883704],[-0.06817319 -2.29322027],[-0.0510219   0.04406173]
1284,1.2839999999999694,[-0.08443498  2.53118268],[-0.17071935  0.55654382],[-0.0654567 -2.4636686],[-0.05075926  0.04382145]
1285,1.2849999999999693,[-0.08460577  2.53173676],[-0.1707848   0.55408015],[-0.06282121 -2.6275124 ],[-0.05049621  0.04358934]
1286,1.2859999999999692,[-0.08477662  2.53228821],[-0.17084763  0.55145263],[-0.06026364 -2.78500521],[-0.05023275  0.04336512]
1287,1.286999999999969,[-0.08494752  2.53283688],[-0.17090789  0.54866763],[-0.05778107 -2.93639085],[-0.04996887  0.04314849]
1288,1.287999999999969,[-0.08511849  2.53338261],[-0.17096567  0.54573124],[-0.05537065 -3.08190383],[-0.04970457  0.04293917]
1289,1.2889999999999688,[-0.08528951  2.53392526],[-0.17102104  0.54264933],[-0.05302967 -3.22176962],[-0.04943984  0.04273691]
1290,1.2899999999999687,[-0.08546058  2.53446468],[-0.17107407  0.53942756],[-0.0507555  -3.35620509],[-0.04917469  0.04254145]
1291,1.2909999999999686,[-0.08563171  2.53500076],[-0.17112483  0.53607136],[-0.04854562 -3.48541878],[-0.04890911  0.04235255]
1292,1.2919999999999685,[-0.08580288  2.53553334],[-0.17117337  0.53258594],[-0.04639762 -3.60961125],[-0.04864309  0.04216997]
1293,1.2929999999999684,[-0.0859741   2.53606232],[-0.17121977  0.52897633],[-0.04430917 -3.72897537],[-0.04837664  0.04199348]
1294,1.2939999999999683,[-0.08614537  2.53658757],[-0.17126408  0.52524735],[-0.04227801 -3.8436966 ],[-0.04810976  0.04182287]
1295,1.2949999999999682,[-0.08631667  2.53710897],[-0.17130636  0.52140366],[-0.040302   -3.95395332],[-0.04784243  0.04165793]
1296,1.295999999999968,[-0.08648802  2.53762642],[-0.17134666  0.5174497 ],[-0.03837906 -4.05991707],[-0.04757466  0.04149845]
1297,1.296999999999968,[-0.0866594   2.53813981],[-0.17138504  0.51338979],[-0.0365072  -4.16175279],[-0.04730645  0.04134425]
1298,1.2979999999999678,[-0.08683083  2.53864904],[-0.17142154  0.50922803],[-0.03468448 -4.25961913],[-0.0470378   0.04119514]
1299,1.2989999999999677,[-0.08700228  2.53915401],[-0.17145623  0.50496842],[-0.03290908 -4.35366865],[-0.04676869  0.04105095]
1300,1.2999999999999676,[-0.08717377  2.53965462],[-0.17148914  0.50061475],[-0.03117921 -4.44404804],[-0.04649914  0.04091149]
1301,1.3009999999999675,[-0.08734529  2.54015079],[-0.17152032  0.4961707 ],[-0.02949315 -4.53089841],[-0.04622913  0.0407766 ]
1302,1.3019999999999674,[-0.08751684  2.54064243],[-0.17154981  0.4916398 ],[-0.02784927 -4.61435541],[-0.04595868  0.04064613]
1303,1.3029999999999673,[-0.08768842  2.54112946],[-0.17157766  0.48702544],[-0.02624598 -4.69454952],[-0.04568777  0.04051992]
1304,1.3039999999999672,[-0.08786002  2.54161179],[-0.17160391  0.4823309 ],[-0.02468176 -4.77160622],[-0.0454164   0.04039783]
1305,1.304999999999967,[-0.08803165  2.54208935],[-0.17162859  0.47755929],[-0.02315514 -4.84564617],[-0.04514457  0.04027971]
1306,1.305999999999967,[-0.0882033   2.54256206],[-0.17165174  0.47271364],[-0.02166472 -4.91678539],[-0.04487229  0.04016543]
1307,1.3069999999999669,[-0.08837498  2.54302986],[-0.17167341  0.46779686],[-0.02020912 -4.98513546],[-0.04459955  0.04005486]
1308,1.3079999999999667,[-0.08854667  2.54349267],[-0.17169362  0.46281172],[-0.01878706 -5.05080369],[-0.04432634  0.03994788]
1309,1.3089999999999666,[-0.08871838  2.54395043],[-0.1717124   0.45776092],[-0.01739727 -5.11389326],[-0.04405268  0.03984435]
1310,1.3099999999999665,[-0.08889011  2.54440308],[-0.1717298   0.45264703],[-0.01603854 -5.1745034 ],[-0.04377855  0.03974418]
1311,1.3109999999999664,[-0.08906186  2.54485055],[-0.17174584  0.44747252],[-0.01470971 -5.23272952],[-0.04350395  0.03964724]
1312,1.3119999999999663,[-0.08923362  2.54529279],[-0.17176055  0.44223979],[-0.01340966 -5.28866337],[-0.04322889  0.03955342]
1313,1.3129999999999662,[-0.08940539  2.54572974],[-0.17177396  0.43695113],[-0.01213732 -5.34239319],[-0.04295337  0.03946263]
1314,1.313999999999966,[-0.08957718  2.54616135],[-0.1717861   0.43160874],[-0.01089163 -5.39400382],[-0.04267737  0.03937477]
1315,1.314999999999966,[-0.08974898  2.54658756],[-0.17179699  0.42621473],[-0.00967162 -5.44357686],[-0.04240091  0.03928974]
1316,1.3159999999999659,[-0.08992078  2.54700833],[-0.17180666  0.42077115],[-0.00847631 -5.49119074],[-0.04212398  0.03920744]
1317,1.3169999999999658,[-0.0900926   2.54742361],[-0.17181514  0.41527996],[-0.00730479 -5.53692092],[-0.04184658  0.0391278 ]
1318,1.3179999999999656,[-0.09026442  2.54783336],[-0.17182244  0.40974304],[-0.00615616 -5.58083993],[-0.04156872  0.03905073]
1319,1.3189999999999655,[-0.09043625  2.54823752],[-0.1718286  0.4041622],[-5.02956454e-03 -5.62301753e+00],[-0.04129038  0.03897614]
1320,1.3199999999999654,[-0.09060808  2.54863606],[-0.17183363  0.39853919],[-3.92418670e-03 -5.66352078e+00],[-0.04101156  0.03890395]
1321,1.3209999999999653,[-0.09077992  2.54902893],[-0.17183755  0.39287566],[-2.83923095e-03 -5.70241419e+00],[-0.04073228  0.0388341 ]
1322,1.3219999999999652,[-0.09095176  2.54941611],[-0.17184039  0.38717325],[-1.77393466e-03 -5.73975977e+00],[-0.04045253  0.0387665 ]
1323,1.322999999999965,[-0.0911236   2.54979754],[-0.17184216  0.38143349],[-7.27563956e-04 -5.77561715e+00],[-0.0401723  0.0387011]
1324,1.323999999999965,[-0.09129545  2.5501732 ],[-0.17184289  0.37565787],[ 3.00587402e-04 -5.81004365e+00],[-0.0398916   0.03863782]
1325,1.3249999999999649,[-0.09146729  2.55054305],[-0.17184259  0.36984783],[ 1.31119903e-03 -5.84309443e+00],[-0.03961042  0.0385766 ]
1326,1.3259999999999648,[-0.09163913  2.55090705],[-0.17184128  0.36400474],[ 2.30492493e-03 -5.87482247e+00],[-0.03932877  0.03851737]
1327,1.3269999999999647,[-0.09181097  2.55126518],[-0.17183897  0.35812991],[ 3.28239445e-03 -5.90527876e+00],[-0.03904665  0.03846008]
1328,1.3279999999999645,[-0.0919828   2.55161741],[-0.17183569  0.35222463],[ 4.24421322e-03 -5.93451229e+00],[-0.03876405  0.03840467]
1329,1.3289999999999644,[-0.09215464  2.5519637 ],[-0.17183145  0.34629012],[ 5.19096401e-03 -5.96257019e+00],[-0.03848098  0.03835109]
1330,1.3299999999999643,[-0.09232646  2.55230402],[-0.17182626  0.34032755],[ 0.00612321 -5.98949776],[-0.03819743  0.03829928]
1331,1.3309999999999642,[-0.09249828  2.55263836],[-0.17182013  0.33433805],[ 0.00704148 -6.01533855],[-0.03791341  0.03824919]
1332,1.331999999999964,[-0.09267009  2.55296668],[-0.17181309  0.32832272],[ 0.00794631 -6.04013445],[-0.03762891  0.03820077]
1333,1.332999999999964,[-0.0928419   2.55328897],[-0.17180515  0.32228258],[ 0.00883819 -6.06392572],[-0.03734394  0.03815398]
1334,1.3339999999999639,[-0.0930137   2.55360519],[-0.17179631  0.31621866],[ 0.0097176  -6.08675108],[-0.03705849  0.03810877]
1335,1.3349999999999638,[-0.09318548  2.55391532],[-0.17178659  0.3101319 ],[ 0.01058501 -6.10864774],[-0.03677256  0.0380651 ]
1336,1.3359999999999637,[-0.09335726  2.55421934],[-0.171776    0.30402326],[ 0.01144086 -6.12965148],[-0.03648616  0.03802292]
1337,1.3369999999999636,[-0.09352902  2.55451723],[-0.17176456  0.29789361],[ 0.01228557 -6.14979672],[-0.03619928  0.03798221]
1338,1.3379999999999634,[-0.09370078  2.55480898],[-0.17175228  0.29174381],[ 0.01311957 -6.16911652],[-0.03591193  0.0379429 ]
1339,1.3389999999999633,[-0.09387251  2.55509455],[-0.17173916  0.28557469],[ 0.01394324 -6.18764268],[-0.03562409  0.03790498]
1340,1.3399999999999632,[-0.09404424  2.55537394],[-0.17172522  0.27938705],[ 0.01475697 -6.20540578],[-0.03533579  0.0378684 ]
1341,1.340999999999963,[-0.09421595  2.55564712],[-0.17171046  0.27318164],[ 0.01556113 -6.22243519],[-0.03504701  0.03783314]
1342,1.341999999999963,[-0.09438765  2.55591408],[-0.1716949   0.26695921],[ 0.01635607 -6.23875918],[-0.03475775  0.03779915]
1343,1.342999999999963,[-0.09455932  2.5561748 ],[-0.17167854  0.26072045],[ 0.01714212 -6.2544049 ],[-0.03446801  0.03776641]
1344,1.3439999999999628,[-0.09473099  2.55642927],[-0.1716614   0.25446604],[ 0.01791962 -6.26939846],[-0.0341778   0.03773488]
1345,1.3449999999999627,[-0.09490263  2.55667746],[-0.17164348  0.24819665],[ 0.01868888 -6.28376496],[-0.03388711  0.03770454]
1346,1.3459999999999626,[-0.09507425  2.55691938],[-0.17162479  0.24191288],[ 0.01945021 -6.29752852],[-0.03359595  0.03767536]
1347,1.3469999999999624,[-0.09524586  2.55715499],[-0.17160534  0.23561535],[ 0.02020389 -6.31071235],[-0.03330431  0.03764732]
1348,1.3479999999999623,[-0.09541744  2.5573843 ],[-0.17158514  0.22930464],[ 0.0209502  -6.32333874],[-0.0330122   0.03762037]
1349,1.3489999999999622,[-0.09558901  2.55760728],[-0.17156419  0.2229813 ],[ 0.02168942 -6.33542912],[-0.03271961  0.03759451]
1350,1.3499999999999621,[-0.09576055  2.55782392],[-0.1715425   0.21664587],[ 0.0224218  -6.34700408],[-0.03242654  0.03756971]
1351,1.350999999999962,[-0.09593207  2.55803422],[-0.17152008  0.21029887],[ 0.02314759 -6.35808344],[-0.032133    0.03754593]
1352,1.351999999999962,[-0.09610357  2.55823816],[-0.17149693  0.20394078],[ 0.02386704 -6.36868623],[-0.03183899  0.03752317]
1353,1.3529999999999618,[-0.09627504  2.55843574],[-0.17147306  0.1975721 ],[ 0.02458037 -6.37883073],[-0.0315445   0.03750141]
1354,1.3539999999999617,[-0.09644649  2.55862693],[-0.17144848  0.19119327],[ 0.0252878  -6.38853454],[-0.03124954  0.03748061]
1355,1.3549999999999616,[-0.09661791  2.55881173],[-0.17142319  0.18480473],[ 0.02598955 -6.39781456],[-0.0309541   0.03746076]
1356,1.3559999999999615,[-0.09678931  2.55899014],[-0.1713972   0.17840692],[ 0.02668582 -6.40668703],[-0.03065819  0.03744184]
1357,1.3569999999999613,[-0.09696068  2.55916214],[-0.17137052  0.17200023],[ 0.02737682 -6.41516756],[-0.0303618   0.03742384]
1358,1.3579999999999612,[-0.09713202  2.55932773],[-0.17134314  0.16558506],[ 0.02806272 -6.42327117],[-0.03006495  0.03740673]
1359,1.3589999999999611,[-0.09730334  2.55948689],[-0.17131508  0.15916179],[ 0.02874372 -6.43101227],[-0.02976761  0.0373905 ]
1360,1.359999999999961,[-0.09747462  2.55963962],[-0.17128633  0.15273078],[ 0.02941999 -6.43840473],[-0.02946981  0.03737513]
1361,1.360999999999961,[-0.09764588  2.55978591],[-0.17125691  0.14629238],[ 0.03009169 -6.44546186],[-0.02917153  0.03736061]
1362,1.3619999999999608,[-0.09781711  2.55992576],[-0.17122682  0.13984691],[ 0.030759   -6.45219646],[-0.02887278  0.03734692]
1363,1.3629999999999607,[-0.0979883   2.56005915],[-0.17119606  0.13339472],[ 0.03142206 -6.45862085],[-0.02857356  0.03733406]
1364,1.3639999999999606,[-0.09815947  2.56018609],[-0.17116464  0.1269361 ],[ 0.03208102 -6.46474684],[-0.02827387  0.03732199]
1365,1.3649999999999605,[-0.0983306   2.56030656],[-0.17113256  0.12047135],[ 0.03273604 -6.47058579],[-0.02797371  0.03731072]
1366,1.3659999999999604,[-0.0985017   2.56042056],[-0.17109982  0.11400076],[ 0.03338725 -6.47614862],[-0.02767307  0.03730022]
1367,1.3669999999999602,[-0.09867277  2.56052809],[-0.17106644  0.10752462],[ 0.03403477 -6.48144582],[-0.02737196  0.03729049]
1368,1.3679999999999601,[-0.0988438   2.56062913],[-0.1710324   0.10104317],[ 0.03467875 -6.48648747],[-0.02707039  0.03728152]
1369,1.36899999999996,[-0.0990148   2.56072369],[-0.17099772  0.09455668],[ 0.03531931 -6.49128325],[-0.02676834  0.03727329]
1370,1.36999999999996,[-0.09918576  2.56081175],[-0.1709624  0.0880654],[ 0.03595655 -6.49584247],[-0.02646583  0.03726578]
1371,1.3709999999999598,[-0.09935669  2.56089332],[-0.17092645  0.08156956],[ 0.0365906  -6.50017407],[-0.02616284  0.03725901]
1372,1.3719999999999597,[-0.09952758  2.56096839],[-0.17088986  0.07506938],[ 0.03722157 -6.50428665],[-0.02585939  0.03725294]
1373,1.3729999999999596,[-0.09969843  2.56103696],[-0.17085264  0.0685651 ],[ 0.03784956 -6.50818846],[-0.02555547  0.03724757]
1374,1.3739999999999595,[-0.09986924  2.56109901],[-0.17081479  0.06205691],[ 0.03847467 -6.51188742],[-0.02525108  0.0372429 ]
1375,1.3749999999999594,[-0.10004002  2.56115456],[-0.17077631  0.05554502],[ 0.03909699 -6.51539115],[-0.02494622  0.03723891]
1376,1.3759999999999593,[-0.10021076  2.56120359],[-0.17073721  0.04902963],[ 0.03971664 -6.51870697],[-0.0246409  0.0372356]
1377,1.3769999999999591,[-0.10038146  2.5612461 ],[-0.1706975   0.04251092],[ 0.04033368 -6.52184192],[-0.02433511  0.03723295]
1378,1.377999999999959,[-0.10055211  2.56128209],[-0.17065716  0.03598908],[ 0.04094821 -6.52480274],[-0.02402885  0.03723096]
1379,1.378999999999959,[-0.10072273  2.56131155],[-0.17061622  0.02946428],[ 0.04156031 -6.52759592],[-0.02372213  0.03722963]
1380,1.3799999999999588,[-0.1008933   2.56133449],[-0.17057466  0.02293668],[ 0.04217006 -6.53022769],[-0.02341494  0.03722893]
1381,1.3809999999999587,[-0.10106384  2.56135089],[-0.17053249  0.01640645],[ 0.04277753 -6.53270404],[-0.02310728  0.03722888]
1382,1.3819999999999586,[-0.10123433  2.56136077],[-0.17048971  0.00987375],[ 0.04338281 -6.53503071],[-0.02279917  0.03722945]
1383,1.3829999999999585,[-0.10140477  2.56136411],[-0.17044632  0.00333872],[ 0.04398596 -6.53721323],[-0.02249058  0.03723065]
1384,1.3839999999999584,[-0.10157517  2.56136091],[-0.17040234 -0.00319849],[ 0.04458704 -6.53925689],[-0.02218154  0.03723246]
1385,1.3849999999999583,[-0.10174553  2.56135117],[-0.17035775 -0.00973775],[ 0.04518612 -6.54116679],[-0.02187203  0.03723488]
1386,1.3859999999999582,[-0.10191584  2.56133489],[-0.17031257 -0.01627892],[ 0.04578327 -6.54294781],[-0.02156206  0.03723791]
1387,1.386999999999958,[-0.10208611  2.56131207],[-0.17026678 -0.02282187],[ 0.04637854 -6.54460466],[-0.02125162  0.03724154]
1388,1.387999999999958,[-0.10225633  2.5612827 ],[-0.1702204  -0.02936647],[ 0.046972   -6.54614183],[-0.02094073  0.03724577]
1389,1.3889999999999578,[-0.10242651  2.56124679],[-0.17017343 -0.03591261],[ 0.04756369 -6.54756365],[-0.02062937  0.03725058]
1390,1.3899999999999577,[-0.10259663  2.56120433],[-0.17012587 -0.04246018],[ 0.04815366 -6.54887429],[-0.02031755  0.03725597]
1391,1.3909999999999576,[-0.10276671  2.56115532],[-0.17007771 -0.04900905],[ 0.04874198 -6.55007773],[-0.02000527  0.03726195]
1392,1.3919999999999575,[-0.10293674  2.56109976],[-0.17002897 -0.05555913],[ 0.04932869 -6.5511778 ],[-0.01969253  0.0372685 ]
1393,1.3929999999999574,[-0.10310672  2.56103765],[-0.16997964 -0.06211031],[ 0.04991382 -6.55217817],[-0.01937934  0.03727562]
1394,1.3939999999999573,[-0.10327665  2.56096899],[-0.16992973 -0.06866248],[ 0.05049744 -6.55308238],[-0.01906568  0.0372833 ]
1395,1.3949999999999572,[-0.10344653  2.56089377],[-0.16987923 -0.07521557],[ 0.05107958 -6.55389381],[-0.01875156  0.03729155]
1396,1.395999999999957,[-0.10361635  2.560812  ],[-0.16982815 -0.08176946],[ 0.05166028 -6.55461571],[-0.01843699  0.03730035]
1397,1.396999999999957,[-0.10378613  2.56072368],[-0.16977649 -0.08832408],[ 0.05223959 -6.5552512 ],[-0.01812196  0.03730971]
1398,1.3979999999999568,[-0.10395586  2.5606288 ],[-0.16972425 -0.09487933],[ 0.05281753 -6.55580328],[-0.01780647  0.03731962]
1399,1.3989999999999567,[-0.10412553  2.56052737],[-0.16967144 -0.10143513],[ 0.05339414 -6.55627481],[-0.01749053  0.03733007]
1400,1.3999999999999566,[-0.10429514  2.56041937],[-0.16961804 -0.10799141],[ 0.05396947 -6.55666856],[-0.01717413  0.03734107]
1401,1.4009999999999565,[-0.10446471  2.56030483],[-0.16956407 -0.11454807],[ 0.05454354 -6.55698717],[-0.01685727  0.03735261]
1402,1.4019999999999564,[-0.10463422  2.56018372],[-0.16950953 -0.12110506],[ 0.05511638 -6.55723316],[-0.01653996  0.03736468]
1403,1.4029999999999563,[-0.10480367  2.56005606],[-0.16945441 -0.12766229],[ 0.05568803 -6.55740899],[-0.0162222   0.03737729]
1404,1.4039999999999562,[-0.10497307  2.55992184],[-0.16939872 -0.1342197 ],[ 0.05625851 -6.55751698],[-0.01590398  0.03739042]
1405,1.404999999999956,[-0.10514241  2.55978106],[-0.16934247 -0.14077722],[ 0.05682785 -6.55755936],[-0.01558531  0.03740409]
1406,1.405999999999956,[-0.1053117   2.55963373],[-0.16928564 -0.14733478],[ 0.05739607 -6.55753829],[-0.01526618  0.03741828]
1407,1.4069999999999558,[-0.10548093  2.55947983],[-0.16922824 -0.15389232],[ 0.05796321 -6.55745582],[-0.01494661  0.03743299]
1408,1.4079999999999557,[-0.1056501   2.55931939],[-0.16917028 -0.16044977],[ 0.05852928 -6.55731393],[-0.01462658  0.03744822]
1409,1.4089999999999556,[-0.10581921  2.55915238],[-0.16911175 -0.16700709],[ 0.05909432 -6.55711451],[-0.0143061   0.03746397]
1410,1.4099999999999555,[-0.10598826  2.55897881],[-0.16905265 -0.1735642 ],[ 0.05965833 -6.55685937],[-0.01398517  0.03748023]
1411,1.4109999999999554,[-0.10615726  2.55879869],[-0.168993   -0.18012106],[ 0.06022135 -6.55655024],[-0.01366379  0.03749701]
1412,1.4119999999999553,[-0.10632619  2.55861202],[-0.16893278 -0.18667761],[ 0.06078338 -6.5561888 ],[-0.01334196  0.03751429]
1413,1.4129999999999552,[-0.10649506  2.55841878],[-0.16887199 -0.1932338 ],[ 0.06134446 -6.55577664],[-0.01301968  0.03753208]
1414,1.413999999999955,[-0.10666387  2.55821899],[-0.16881065 -0.19978958],[ 0.06190459 -6.55531529],[-0.01269695  0.03755038]
1415,1.414999999999955,[-0.10683262  2.55801265],[-0.16874874 -0.20634489],[ 0.06246381 -6.55480622],[-0.01237378  0.03756918]
1416,1.4159999999999549,[-0.10700131  2.55779975],[-0.16868628 -0.2128997 ],[ 0.06302211 -6.55425082],[-0.01205015  0.03758849]
1417,1.4169999999999547,[-0.10716993  2.55758029],[-0.16862326 -0.21945395],[ 0.06357952 -6.55365043],[-0.01172608  0.03760829]
1418,1.4179999999999546,[-0.10733849  2.55735429],[-0.16855968 -0.2260076 ],[ 0.06413605 -6.55300636],[-0.01140157  0.03762859]
1419,1.4189999999999545,[-0.10750698  2.55712173],[-0.16849554 -0.23256061],[ 0.06469172 -6.55231982],[-0.01107661  0.03764939]
1420,1.4199999999999544,[-0.10767542  2.55688261],[-0.16843085 -0.23911293],[ 0.06524654 -6.55159199],[-0.0107512   0.03767068]
1421,1.4209999999999543,[-0.10784378  2.55663695],[-0.1683656  -0.24566452],[ 0.06580052 -6.55082401],[-0.01042535  0.03769247]
1422,1.4219999999999542,[-0.10801208  2.55638473],[-0.1682998  -0.25221534],[ 0.06635367 -6.55001696],[-0.01009905  0.03771474]
1423,1.422999999999954,[-0.10818031  2.55612597],[-0.16823345 -0.25876536],[ 0.06690601 -6.54917185],[-0.00977232  0.03773751]
1424,1.423999999999954,[-0.10834848  2.55586065],[-0.16816654 -0.26531453],[ 0.06745754 -6.54828969],[-0.00944514  0.03776076]
1425,1.4249999999999539,[-0.10851658  2.55558879],[-0.16809909 -0.27186282],[ 0.06800828 -6.54737142],[-0.00911751  0.0377845 ]
1426,1.4259999999999537,[-0.10868461  2.55531038],[-0.16803108 -0.27841019],[ 0.06855824 -6.54641793],[-0.00878945  0.03780872]
1427,1.4269999999999536,[-0.10885257  2.55502542],[-0.16796252 -0.28495661],[ 0.06910741 -6.54543009],[-0.00846094  0.03783343]
1428,1.4279999999999535,[-0.10902047  2.55473392],[-0.16789341 -0.29150204],[ 0.06965582 -6.54440873],[-0.00813199  0.03785862]
1429,1.4289999999999534,[-0.10918829  2.55443587],[-0.16782376 -0.29804645],[ 0.07020347 -6.54335464],[-0.00780261  0.03788429]
1430,1.4299999999999533,[-0.10935604  2.55413128],[-0.16775355 -0.3045898 ],[ 0.07075037 -6.54226855],[-0.00747278  0.03791044]
1431,1.4309999999999532,[-0.10952373  2.55382015],[-0.1676828  -0.31113207],[ 0.07129652 -6.5411512 ],[-0.00714251  0.03793707]
1432,1.431999999999953,[-0.10969134  2.55350248],[-0.16761151 -0.31767322],[ 0.07184194 -6.54000326],[-0.00681181  0.03796417]
1433,1.432999999999953,[-0.10985888  2.55317827],[-0.16753966 -0.32421323],[ 0.07238662 -6.5388254 ],[-0.00648067  0.03799175]
1434,1.4339999999999529,[-0.11002635  2.55284751],[-0.16746728 -0.33075205],[ 0.07293057 -6.53761822],[-0.00614909  0.03801981]
1435,1.4349999999999528,[-0.11019374  2.55251022],[-0.16739435 -0.33728967],[ 0.07347379 -6.53638234],[-0.00581708  0.03804834]
1436,1.4359999999999526,[-0.11036106  2.5521664 ],[-0.16732087 -0.34382605],[ 0.0740163 -6.5351183],[-0.00548463  0.03807734]
1437,1.4369999999999525,[-0.11052831  2.55181604],[-0.16724686 -0.35036117],[ 0.0745581  -6.53382667],[-0.00515174  0.03810681]
1438,1.4379999999999524,[-0.11069548  2.55145914],[-0.1671723 -0.356895 ],[ 0.07509918 -6.53250793],[-0.00481842  0.03813675]
1439,1.4389999999999523,[-0.11086258  2.55109571],[-0.1670972  -0.36342751],[ 0.07563956 -6.53116259],[-0.00448466  0.03816716]
1440,1.4399999999999522,[-0.1110296   2.55072576],[-0.16702156 -0.36995867],[ 0.07617923 -6.52979112],[-0.00415048  0.03819804]
1441,1.440999999999952,[-0.11119654  2.55034927],[-0.16694538 -0.37648846],[ 0.0767182  -6.52839394],[-0.00381586  0.03822939]
1442,1.441999999999952,[-0.11136341  2.54996625],[-0.16686866 -0.38301685],[ 0.07725648 -6.52697149],[-0.0034808  0.0382612]
1443,1.4429999999999519,[-0.1115302   2.54957671],[-0.16679141 -0.38954382],[ 0.07779405 -6.52552415],[-0.00314532  0.03829347]
1444,1.4439999999999518,[-0.11169692  2.54918064],[-0.16671361 -0.39606935],[ 0.07833094 -6.52405232],[-0.0028094   0.03832621]
1445,1.4449999999999517,[-0.11186355  2.54877804],[-0.16663528 -0.4025934 ],[ 0.07886713 -6.52255635],[-0.00247305  0.03835941]
1446,1.4459999999999515,[-0.11203011  2.54836893],[-0.16655641 -0.40911596],[ 0.07940263 -6.52103657],[-0.00213628  0.03839308]
1447,1.4469999999999514,[-0.11219659  2.54795329],[-0.16647701 -0.41563699],[ 0.07993744 -6.51949332],[-0.00179907  0.0384272 ]
1448,1.4479999999999513,[-0.11236298  2.54753113],[-0.16639707 -0.42215649],[ 0.08047156 -6.5179269 ],[-0.00146143  0.03846179]
1449,1.4489999999999512,[-0.1125293   2.54710246],[-0.1663166  -0.42867441],[ 0.08100499 -6.51633759],[-0.00112337  0.03849683]
1450,1.449999999999951,[-0.11269554  2.54666727],[-0.1662356  -0.43519075],[ 0.08153773 -6.51472567],[-0.00078488  0.03853233]
1451,1.450999999999951,[-0.11286169  2.54622556],[-0.16615406 -0.44170548],[ 0.08206978 -6.51309139],[-0.00044596  0.03856829]
1452,1.4519999999999509,[-0.11302776  2.54577735],[-0.16607199 -0.44821857],[ 0.08260114 -6.511435  ],[-0.00010662  0.03860471]
1453,1.4529999999999508,[-0.11319375  2.54532262],[-0.16598939 -0.45473   ],[ 0.08313182 -6.50975673],[0.00023315 0.03864158]
1454,1.4539999999999507,[-0.11335966  2.54486138],[-0.16590626 -0.46123976],[ 0.0836618  -6.50805679],[0.00057334 0.03867891]
1455,1.4549999999999506,[-0.11352548  2.54439363],[-0.16582259 -0.46774782],[ 0.0841911  -6.50633538],[0.00091396 0.03871669]
1456,1.4559999999999504,[-0.11369122  2.54391937],[-0.1657384  -0.47425415],[ 0.0847197  -6.50459269],[0.00125501 0.03875492]
1457,1.4569999999999503,[-0.11385687  2.54343861],[-0.16565368 -0.48075875],[ 0.08524761 -6.50282889],[0.00159647 0.0387936 ]
1458,1.4579999999999502,[-0.11402244  2.54295135],[-0.16556844 -0.48726157],[ 0.08577483 -6.50104417],[0.00193836 0.03883274]
1459,1.4589999999999501,[-0.11418792  2.54245759],[-0.16548266 -0.49376262],[ 0.08630135 -6.49923866],[0.00228067 0.03887233]
1460,1.45999999999995,[-0.11435332  2.54195733],[-0.16539636 -0.50026186],[ 0.08682717 -6.49741251],[0.0026234  0.03891236]
1461,1.46099999999995,[-0.11451863  2.54145057],[-0.16530953 -0.50675927],[ 0.08735229 -6.49556585],[0.00296656 0.03895285]
1462,1.4619999999999498,[-0.11468385  2.54093731],[-0.16522218 -0.51325484],[ 0.08787671 -6.49369881],[0.00331013 0.03899378]
1463,1.4629999999999497,[-0.11484899  2.54041757],[-0.1651343  -0.51974853],[ 0.08840043 -6.49181151],[0.00365412 0.03903516]
1464,1.4639999999999496,[-0.11501403  2.53989133],[-0.1650459  -0.52624035],[ 0.08892344 -6.48990404],[0.00399853 0.03907698]
1465,1.4649999999999495,[-0.11517899  2.5393586 ],[-0.16495698 -0.53273025],[ 0.08944574 -6.4879765 ],[0.00434336 0.03911926]
1466,1.4659999999999493,[-0.11534386  2.53881938],[-0.16486753 -0.53921823],[ 0.08996734 -6.48602899],[0.00468861 0.03916197]
1467,1.4669999999999492,[-0.11550863  2.53827367],[-0.16477757 -0.54570426],[ 0.09048821 -6.48406157],[0.00503427 0.03920513]
1468,1.4679999999999491,[-0.11567332  2.53772148],[-0.16468708 -0.55218832],[ 0.09100838 -6.48207433],[0.00538035 0.03924873]
1469,1.468999999999949,[-0.11583792  2.53716281],[-0.16459607 -0.55867039],[ 0.09152782 -6.48006732],[0.00572685 0.03929278]
1470,1.469999999999949,[-0.11600242  2.53659766],[-0.16450454 -0.56515046],[ 0.09204654 -6.4780406 ],[0.00607376 0.03933727]
1471,1.4709999999999488,[-0.11616683  2.53602604],[-0.1644125 -0.5716285],[ 0.09256453 -6.47599423],[0.00642109 0.03938219]
1472,1.4719999999999487,[-0.11633115  2.53544793],[-0.16431993 -0.57810449],[ 0.09308179 -6.47392824],[0.00676882 0.03942756]
1473,1.4729999999999486,[-0.11649538  2.53486335],[-0.16422685 -0.58457842],[ 0.09359832 -6.47184268],[0.00711698 0.03947337]
1474,1.4739999999999485,[-0.11665951  2.5342723 ],[-0.16413325 -0.59105026],[ 0.09411411 -6.46973758],[0.00746554 0.03951961]
1475,1.4749999999999484,[-0.11682355  2.53367478],[-0.16403914 -0.59752   ],[ 0.09462916 -6.46761295],[0.00781452 0.03956629]
1476,1.4759999999999482,[-0.1169875   2.53307079],[-0.16394451 -0.60398761],[ 0.09514347 -6.46546883],[0.00816391 0.03961341]
1477,1.4769999999999481,[-0.11715135  2.53246034],[-0.16384936 -0.61045308],[ 0.09565703 -6.46330523],[0.00851371 0.03966096]
1478,1.477999999999948,[-0.1173151   2.53184343],[-0.16375371 -0.61691639],[ 0.09616984 -6.46112215],[0.00886392 0.03970895]
1479,1.478999999999948,[-0.11747876  2.53122005],[-0.16365754 -0.62337751],[ 0.09668189 -6.4589196 ],[0.00921453 0.03975737]
1480,1.4799999999999478,[-0.11764232  2.53059021],[-0.16356086 -0.62983643],[ 0.09719318 -6.45669757],[0.00956556 0.03980623]
1481,1.4809999999999477,[-0.11780578  2.52995392],[-0.16346366 -0.63629313],[ 0.09770371 -6.45445608],[0.009917   0.03985552]
1482,1.4819999999999476,[-0.11796915  2.52931117],[-0.16336596 -0.64274758],[ 0.09821347 -6.45219509],[0.01026884 0.03990524]
1483,1.4829999999999475,[-0.11813242  2.52866197],[-0.16326775 -0.64919978],[ 0.09872245 -6.44991461],[0.01062109 0.03995539]
1484,1.4839999999999474,[-0.11829558  2.52800632],[-0.16316902 -0.65564969],[ 0.09923066 -6.44761462],[0.01097374 0.04000597]
1485,1.4849999999999473,[-0.11845865  2.52734422],[-0.16306979 -0.66209731],[ 0.09973809 -6.44529508],[0.0113268  0.04005698]
1486,1.4859999999999471,[-0.11862162  2.52667568],[-0.16297005 -0.6685426 ],[ 0.10024473 -6.44295598],[0.01168027 0.04010842]
1487,1.486999999999947,[-0.11878449  2.5260007 ],[-0.16286981 -0.67498556],[ 0.10075057 -6.44059729],[0.01203414 0.04016029]
1488,1.487999999999947,[-0.11894726  2.52531927],[-0.16276906 -0.68142616],[ 0.10125563 -6.43821898],[0.01238841 0.04021258]
1489,1.4889999999999468,[-0.11910993  2.5246314 ],[-0.1626678  -0.68786438],[ 0.10175988 -6.435821  ],[0.01274309 0.0402653 ]
1490,1.4899999999999467,[-0.1192725  2.5239371],[-0.16256604 -0.6943002 ],[ 0.10226332 -6.43340333],[0.01309817 0.04031844]
1491,1.4909999999999466,[-0.11943496  2.52323637],[-0.16246378 -0.7007336 ],[ 0.10276596 -6.43096591],[0.01345365 0.04037201]
1492,1.4919999999999465,[-0.11959732  2.52252921],[-0.16236101 -0.70716457],[ 0.10326778 -6.42850871],[0.01380953 0.040426  ]
1493,1.4929999999999464,[-0.11975958  2.52181561],[-0.16225775 -0.71359307],[ 0.10376878 -6.42603168],[0.01416581 0.04048041]
1494,1.4939999999999463,[-0.11992173  2.52109559],[-0.16215398 -0.72001911],[ 0.10426895 -6.42353476],[0.01452249 0.04053524]
1495,1.4949999999999461,[-0.12008378  2.52036915],[-0.16204971 -0.72644264],[ 0.1047683  -6.42101791],[0.01487957 0.0405905 ]
1496,1.495999999999946,[-0.12024573  2.51963629],[-0.16194494 -0.73286366],[ 0.1052668  -6.41848107],[0.01523705 0.04064617]
1497,1.496999999999946,[-0.12040757  2.51889701],[-0.16183967 -0.73928214],[ 0.10576447 -6.41592418],[0.01559493 0.04070227]
1498,1.4979999999999458,[-0.1205693   2.51815131],[-0.16173391 -0.74569806],[ 0.10626129 -6.41334718],[0.0159532  0.04075878]
1499,1.4989999999999457,[-0.12073093  2.5173992 ],[-0.16162765 -0.75211141],[ 0.10675726 -6.41075001],[0.01631187 0.04081571]
1500,1.4999999999999456,[-0.12089245  2.51664067],[-0.16152089 -0.75852216],[ 0.10725237 -6.4081326 ],[0.01667093 0.04087305]
1501,1.5009999999999455,[-0.12105386  2.51587574],[-0.16141364 -0.76493029],[ 0.10774663 -6.4054949 ],[0.01703039 0.04093081]
1502,1.5019999999999454,[-0.12121517  2.51510441],[-0.16130589 -0.77133579],[ 0.10824001 -6.40283682],[0.01739025 0.04098898]
1503,1.5029999999999453,[-0.12137637  2.51432667],[-0.16119765 -0.77773863],[ 0.10873252 -6.40015831],[0.0177505  0.04104757]
1504,1.5039999999999452,[-0.12153746  2.51354253],[-0.16108892 -0.78413878],[ 0.10922415 -6.39745928],[0.01811114 0.04110657]
1505,1.504999999999945,[-0.12169844  2.51275199],[-0.16097969 -0.79053624],[ 0.1097149  -6.39473967],[0.01847217 0.04116598]
1506,1.505999999999945,[-0.12185931  2.51195506],[-0.16086998 -0.79693098],[ 0.11020477 -6.3919994 ],[0.0188336 0.0412258]
1507,1.5069999999999448,[-0.12202007  2.51115174],[-0.16075977 -0.80332298],[ 0.11069373 -6.38923839],[0.01919541 0.04128603]
1508,1.5079999999999447,[-0.12218072  2.51034203],[-0.16064908 -0.80971222],[ 0.1111818  -6.38645657],[0.01955762 0.04134667]
1509,1.5089999999999446,[-0.12234125  2.50952593],[-0.1605379  -0.81609868],[ 0.11166896 -6.38365385],[0.01992022 0.04140772]
1510,1.5099999999999445,[-0.12250168  2.50870345],[-0.16042623 -0.82248233],[ 0.11215521 -6.38083016],[0.0202832  0.04146917]
1511,1.5109999999999444,[-0.12266199  2.50787458],[-0.16031408 -0.82886316],[ 0.11264054 -6.37798542],[0.02064657 0.04153103]
1512,1.5119999999999443,[-0.1228222   2.50703934],[-0.16020143 -0.83524115],[ 0.11312495 -6.37511953],[0.02101033 0.0415933 ]
1513,1.5129999999999442,[-0.12298228  2.50619773],[-0.16008831 -0.84161627],[ 0.11360843 -6.37223242],[0.02137448 0.04165596]
1514,1.513999999999944,[-0.12314226  2.50534974],[-0.1599747 -0.8479885],[ 0.11409098 -6.36932399],[0.02173902 0.04171903]
1515,1.514999999999944,[-0.12330212  2.50449538],[-0.15986061 -0.85435782],[ 0.11457259 -6.36639417],[0.02210394 0.04178251]
1516,1.5159999999999438,[-0.12346186  2.50363466],[-0.15974604 -0.86072422],[ 0.11505326 -6.36344286],[0.02246924 0.04184638]
1517,1.5169999999999437,[-0.1236215   2.50276757],[-0.15963098 -0.86708766],[ 0.11553297 -6.36046997],[0.02283493 0.04191065]
1518,1.5179999999999436,[-0.12378101  2.50189412],[-0.15951545 -0.87344813],[ 0.11601173 -6.35747542],[0.023201   0.04197532]
1519,1.5189999999999435,[-0.12394041  2.50101431],[-0.15939944 -0.87980561],[ 0.11648952 -6.35445912],[0.02356746 0.04204039]
1520,1.5199999999999434,[-0.12409969  2.50012815],[-0.15928295 -0.88616006],[ 0.11696635 -6.35142097],[0.0239343  0.04210586]
1521,1.5209999999999433,[-0.12425886  2.49923564],[-0.15916598 -0.89251149],[ 0.1174422  -6.34836087],[0.02430152 0.04217172]
1522,1.5219999999999432,[-0.12441791  2.49833678],[-0.15904854 -0.89885985],[ 0.11791708 -6.34527874],[0.02466912 0.04223797]
1523,1.522999999999943,[-0.12457684  2.49743158],[-0.15893062 -0.90520512],[ 0.11839097 -6.34217448],[0.0250371  0.04230462]
1524,1.523999999999943,[-0.12473565  2.49652003],[-0.15881223 -0.9115473 ],[ 0.11886387 -6.339048  ],[0.02540546 0.04237166]
1525,1.5249999999999428,[-0.12489434  2.49560214],[-0.15869337 -0.91788635],[ 0.11933577 -6.3358992 ],[0.0257742  0.04243909]
1526,1.5259999999999427,[-0.12505292  2.49467792],[-0.15857403 -0.92422225],[ 0.11980667 -6.33272799],[0.02614332 0.04250692]
1527,1.5269999999999426,[-0.12521137  2.49374737],[-0.15845423 -0.93055497],[ 0.12027656 -6.32953426],[0.02651281 0.04257513]
1528,1.5279999999999425,[-0.12536971  2.49281048],[-0.15833395 -0.93688451],[ 0.12074544 -6.32631793],[0.02688268 0.04264372]
1529,1.5289999999999424,[-0.12552792  2.49186727],[-0.15821321 -0.94321083],[ 0.12121329 -6.32307888],[0.02725293 0.04271271]
1530,1.5299999999999423,[-0.12568601  2.49091774],[-0.15809199 -0.94953391],[ 0.12168013 -6.31981703],[0.02762355 0.04278208]
1531,1.5309999999999422,[-0.12584398  2.48996188],[-0.15797031 -0.95585372],[ 0.12214593 -6.31653227],[0.02799455 0.04285184]
1532,1.531999999999942,[-0.12600183  2.48899971],[-0.15784817 -0.96217026],[ 0.12261069 -6.31322451],[0.02836592 0.04292198]
1533,1.532999999999942,[-0.12615956  2.48803123],[-0.15772556 -0.96848348],[ 0.12307442 -6.30989363],[0.02873767 0.0429925 ]
1534,1.5339999999999419,[-0.12631716  2.48705644],[-0.15760248 -0.97479337],[ 0.12353709 -6.30653956],[0.02910979 0.0430634 ]
1535,1.5349999999999417,[-0.12647464  2.48607534],[-0.15747894 -0.98109991],[ 0.12399871 -6.30316217],[0.02948228 0.04313468]
1536,1.5359999999999416,[-0.12663199  2.48508793],[-0.15735494 -0.98740307],[ 0.12445927 -6.29976138],[0.02985514 0.04320634]
1537,1.5369999999999415,[-0.12678922  2.48409423],[-0.15723049 -0.99370284],[ 0.12491876 -6.29633707],[0.03022837 0.04327838]
1538,1.5379999999999414,[-0.12694633  2.48309423],[-0.15710557 -0.99999917],[ 0.12537719 -6.29288916],[0.03060197 0.04335079]
1539,1.5389999999999413,[-0.12710331  2.48208794],[-0.15698019 -1.00629206],[ 0.12583453 -6.28941752],[0.03097594 0.04342358]
1540,1.5399999999999412,[-0.12726016  2.48107536],[-0.15685436 -1.01258148],[ 0.1262908  -6.28592207],[0.03135028 0.04349675]
1541,1.540999999999941,[-0.12741689  2.48005649],[-0.15672806 -1.0188674 ],[ 0.12674597 -6.28240269],[0.03172499 0.04357028]
1542,1.541999999999941,[-0.12757349  2.47903134],[-0.15660132 -1.0251498 ],[ 0.12720006 -6.27885929],[0.03210006 0.04364419]
1543,1.5429999999999409,[-0.12772997  2.47799991],[-0.15647412 -1.03142866],[ 0.12765304 -6.27529176],[0.0324755  0.04371847]
1544,1.5439999999999408,[-0.12788631  2.47696221],[-0.15634647 -1.03770396],[ 0.12810492 -6.2717    ],[0.03285131 0.04379312]
1545,1.5449999999999406,[-0.12804253  2.47591823],[-0.15621836 -1.04397566],[ 0.12855568 -6.26808389],[0.03322748 0.04386813]
1546,1.5459999999999405,[-0.12819862  2.47486799],[-0.1560898  -1.05024374],[ 0.12900533 -6.26444335],[0.03360402 0.04394351]
1547,1.5469999999999404,[-0.12835458  2.47381148],[-0.1559608  -1.05650818],[ 0.12945386 -6.26077826],[0.03398092 0.04401926]
1548,1.5479999999999403,[-0.12851041  2.47274871],[-0.15583135 -1.06276896],[ 0.12990126 -6.25708852],[0.03435818 0.04409537]
1549,1.5489999999999402,[-0.12866611  2.47167969],[-0.15570144 -1.06902605],[ 0.13034753 -6.25337402],[0.03473581 0.04417184]
1550,1.54999999999994,[-0.12882169  2.47060441],[-0.1555711  -1.07527942],[ 0.13079266 -6.24963466],[0.03511379 0.04424867]
1551,1.55099999999994,[-0.12897713  2.46952288],[-0.1554403  -1.08152906],[ 0.13123665 -6.24587033],[0.03549214 0.04432587]
1552,1.5519999999999399,[-0.12913243  2.4684351 ],[-0.15530907 -1.08777493],[ 0.13167949 -6.24208093],[0.03587085 0.04440342]
1553,1.5529999999999398,[-0.12928761  2.46734109],[-0.15517739 -1.09401701],[ 0.13212117 -6.23826635],[0.03624991 0.04448133]
1554,1.5539999999999397,[-0.12944266  2.46624083],[-0.15504527 -1.10025528],[ 0.13256169 -6.23442649],[0.03662934 0.04455959]
1555,1.5549999999999395,[-0.12959757  2.46513434],[-0.15491271 -1.1064897 ],[ 0.13300105 -6.23056123],[0.03700912 0.04463822]
1556,1.5559999999999394,[-0.12975235  2.46402162],[-0.1547797  -1.11272026],[ 0.13343924 -6.22667049],[0.03738926 0.04471719]
1557,1.5569999999999393,[-0.129907    2.46290267],[-0.15464626 -1.11894693],[ 0.13387625 -6.22275414],[0.03776976 0.04479651]
1558,1.5579999999999392,[-0.13006151  2.4617775 ],[-0.15451239 -1.12516969],[ 0.13431208 -6.21881208],[0.03815061 0.04487619]
1559,1.558999999999939,[-0.13021589  2.46064612],[-0.15437808 -1.1313885 ],[ 0.13474672 -6.21484421],[0.03853182 0.04495622]
1560,1.559999999999939,[-0.13037013  2.45950851],[-0.15424333 -1.13760334],[ 0.13518017 -6.21085042],[0.03891338 0.04503659]
1561,1.5609999999999389,[-0.13052424  2.4583647 ],[-0.15410815 -1.1438142 ],[ 0.13561243 -6.2068306 ],[0.0392953  0.04511731]
1562,1.5619999999999388,[-0.13067821  2.45721468],[-0.15397254 -1.15002103],[ 0.13604348 -6.20278465],[0.03967757 0.04519837]
1563,1.5629999999999387,[-0.13083205  2.45605845],[-0.15383649 -1.15622381],[ 0.13647332 -6.19871246],[0.04006019 0.04527978]
1564,1.5639999999999386,[-0.13098575  2.45489603],[-0.15370002 -1.16242252],[ 0.13690196 -6.19461393],[0.04044316 0.04536153]
1565,1.5649999999999384,[-0.13113931  2.45372741],[-0.15356312 -1.16861714],[ 0.13732937 -6.19048895],[0.04082649 0.04544362]
1566,1.5659999999999383,[-0.13129274  2.45255261],[-0.15342579 -1.17480763],[ 0.13775556 -6.18633741],[0.04121016 0.04552605]
1567,1.5669999999999382,[-0.13144602  2.45137161],[-0.15328803 -1.18099396],[ 0.13818053 -6.18215921],[0.04159419 0.04560882]
1568,1.567999999999938,[-0.13159917  2.45018444],[-0.15314985 -1.18717612],[ 0.13860426 -6.17795423],[0.04197856 0.04569192]
1569,1.568999999999938,[-0.13175219  2.44899108],[-0.15301125 -1.19335408],[ 0.13902676 -6.17372239],[0.04236328 0.04577536]
1570,1.569999999999938,[-0.13190506  2.44779155],[-0.15287222 -1.1995278 ],[ 0.13944802 -6.16946356],[0.04274835 0.04585914]
1571,1.5709999999999378,[-0.13205779  2.44658586],[-0.15273277 -1.20569726],[ 0.13986802 -6.16517764],[0.04313376 0.04594324]
1572,1.5719999999999377,[-0.13221038  2.44537399],[-0.15259291 -1.21186244],[ 0.14028678 -6.16086453],[0.04351952 0.04602768]
1573,1.5729999999999376,[-0.13236284  2.44415597],[-0.15245262 -1.2180233 ],[ 0.14070428 -6.15652413],[0.04390563 0.04611244]
1574,1.5739999999999374,[-0.13251515  2.44293179],[-0.15231191 -1.22417983],[ 0.14112052 -6.15215631],[0.04429208 0.04619753]
1575,1.5749999999999373,[-0.13266732  2.44170146],[-0.15217079 -1.23033199],[ 0.1415355  -6.14776099],[0.04467887 0.04628295]
1576,1.5759999999999372,[-0.13281935  2.44046498],[-0.15202926 -1.23647975],[ 0.1419492  -6.14333805],[0.04506601 0.04636869]
1577,1.5769999999999371,[-0.13297124  2.43922236],[-0.15188731 -1.24262308],[ 0.14236163 -6.13888739],[0.04545349 0.04645475]
1578,1.577999999999937,[-0.13312298  2.43797359],[-0.15174495 -1.24876197],[ 0.14277278 -6.13440891],[0.04584131 0.04654114]
1579,1.578999999999937,[-0.13327458  2.4367187 ],[-0.15160218 -1.25489638],[ 0.14318265 -6.12990249],[0.04622947 0.04662784]
1580,1.5799999999999368,[-0.13342604  2.43545767],[-0.15145899 -1.26102628],[ 0.14359123 -6.12536803],[0.04661797 0.04671486]
1581,1.5809999999999367,[-0.13357736  2.43419052],[-0.1513154  -1.26715165],[ 0.14399852 -6.12080543],[0.04700681 0.0468022 ]
1582,1.5819999999999366,[-0.13372853  2.43291725],[-0.1511714  -1.27327246],[ 0.14440451 -6.11621459],[0.04739599 0.04688985]
1583,1.5829999999999365,[-0.13387955  2.43163786],[-0.151027   -1.27938867],[ 0.1448092  -6.11159539],[0.04778551 0.04697782]
1584,1.5839999999999363,[-0.13403044  2.43035236],[-0.15088219 -1.28550027],[ 0.14521259 -6.10694774],[0.04817537 0.0470661 ]
1585,1.5849999999999362,[-0.13418117  2.42906075],[-0.15073698 -1.29160721],[ 0.14561466 -6.10227152],[0.04856556 0.04715469]
1586,1.5859999999999361,[-0.13433177  2.42776304],[-0.15059136 -1.29770949],[ 0.14601543 -6.09756664],[0.04895608 0.04724358]
1587,1.586999999999936,[-0.13448221  2.42645923],[-0.15044535 -1.30380705],[ 0.14641487 -6.092833  ],[0.04934695 0.04733278]
1588,1.587999999999936,[-0.13463251  2.42514934],[-0.15029893 -1.30989989],[ 0.146813   -6.08807047],[0.04973814 0.04742229]
1589,1.5889999999999358,[-0.13478266  2.42383335],[-0.15015212 -1.31598796],[ 0.1472098  -6.08327898],[0.05012967 0.0475121 ]
1590,1.5899999999999357,[-0.13493267  2.42251128],[-0.15000491 -1.32207123],[ 0.14760528 -6.0784584 ],[0.05052154 0.04760222]
1591,1.5909999999999356,[-0.13508252  2.42118313],[-0.1498573  -1.32814969],[ 0.14799942 -6.07360864],[0.05091373 0.04769263]
1592,1.5919999999999355,[-0.13523223  2.4198489 ],[-0.1497093 -1.3342233],[ 0.14839222 -6.06872959],[0.05130626 0.04778334]
1593,1.5929999999999354,[-0.13538179  2.41850861],[-0.14956091 -1.34029203],[ 0.14878369 -6.06382115],[0.05169911 0.04787435]
1594,1.5939999999999352,[-0.13553121  2.41716226],[-0.14941213 -1.34635585],[ 0.14917381 -6.05888322],[0.0520923  0.04796565]
1595,1.5949999999999351,[-0.13568047  2.41580984],[-0.14926295 -1.35241474],[ 0.14956259 -6.0539157 ],[0.05248581 0.04805724]
1596,1.595999999999935,[-0.13582958  2.41445137],[-0.14911339 -1.35846865],[ 0.14995002 -6.04891847],[0.05287966 0.04814913]
1597,1.596999999999935,[-0.13597855  2.41308685],[-0.14896344 -1.36451757],[ 0.15033609 -6.04389145],[0.05327383 0.04824131]
1598,1.5979999999999348,[-0.13612736  2.41171629],[-0.14881311 -1.37056146],[ 0.15072081 -6.03883453],[0.05366833 0.04833377]
1599,1.5989999999999347,[-0.13627602  2.41033969],[-0.14866238 -1.3766003 ],[ 0.15110416 -6.0337476 ],[0.05406315 0.04842652]
1600,1.5999999999999346,[-0.13642453  2.40895706],[-0.14851128 -1.38263404],[ 0.15148616 -6.02863057],[0.0544583  0.04851955]
1601,1.6009999999999345,[-0.13657289  2.4075684 ],[-0.14835979 -1.38866267],[ 0.15186678 -6.02348334],[0.05485378 0.04861287]
1602,1.6019999999999344,[-0.1367211   2.40617371],[-0.14820793 -1.39468616],[ 0.15224604 -6.0183058 ],[0.05524958 0.04870647]
1603,1.6029999999999343,[-0.13686916  2.404773  ],[-0.14805568 -1.40070446],[ 0.15262393 -6.01309785],[0.0556457  0.04880034]
1604,1.6039999999999341,[-0.13701706  2.40336629],[-0.14790306 -1.40671756],[ 0.15300044 -6.0078594 ],[0.05604214 0.0488945 ]
1605,1.604999999999934,[-0.13716481  2.40195356],[-0.14775006 -1.41272542],[ 0.15337557 -6.00259033],[0.05643891 0.04898892]
1606,1.605999999999934,[-0.13731241  2.40053483],[-0.14759668 -1.41872801],[ 0.15374933 -5.99729057],[0.056836   0.04908363]
1607,1.6069999999999338,[-0.13745985  2.39911011],[-0.14744293 -1.4247253 ],[ 0.1541217  -5.99195999],[0.05723341 0.0491786 ]
1608,1.6079999999999337,[-0.13760714  2.39767939],[-0.14728881 -1.43071726],[ 0.15449268 -5.98659851],[0.05763113 0.04927384]
1609,1.6089999999999336,[-0.13775427  2.39624269],[-0.14713432 -1.43670386],[ 0.15486228 -5.98120603],[0.05802918 0.04936935]
1610,1.6099999999999335,[-0.13790125  2.3948    ],[-0.14697946 -1.44268507],[ 0.15523049 -5.97578244],[0.05842754 0.04946513]
1611,1.6109999999999334,[-0.13804808  2.39335134],[-0.14682423 -1.44866085],[ 0.1555973  -5.97032766],[0.05882622 0.04956117]
1612,1.6119999999999333,[-0.13819474  2.39189671],[-0.14666863 -1.45463118],[ 0.15596272 -5.96484157],[0.05922522 0.04965747]
1613,1.6129999999999332,[-0.13834126  2.39043611],[-0.14651267 -1.46059602],[ 0.15632674 -5.95932409],[0.05962453 0.04975404]
1614,1.613999999999933,[-0.13848761  2.38896956],[-0.14635634 -1.46655534],[ 0.15668936 -5.95377511],[0.06002416 0.04985086]
1615,1.614999999999933,[-0.13863381  2.38749705],[-0.14619965 -1.47250912],[ 0.15705058 -5.94819455],[0.0604241  0.04994794]
1616,1.6159999999999328,[-0.13877986  2.38601859],[-0.1460426  -1.47845731],[ 0.1574104  -5.94258229],[0.06082436 0.05004527]
1617,1.6169999999999327,[-0.13892574  2.38453419],[-0.14588519 -1.48439989],[ 0.15776881 -5.93693825],[0.06122493 0.05014285]
1618,1.6179999999999326,[-0.13907147  2.38304386],[-0.14572742 -1.49033683],[ 0.15812582 -5.93126234],[0.06162581 0.05024069]
1619,1.6189999999999325,[-0.13921704  2.38154759],[-0.14556929 -1.49626809],[ 0.15848141 -5.92555444],[0.062027   0.05033877]
1620,1.6199999999999324,[-0.13936245  2.38004539],[-0.14541081 -1.50219365],[ 0.1588356  -5.91981448],[0.0624285 0.0504371]
1621,1.6209999999999323,[-0.1395077   2.37853728],[-0.14525198 -1.50811346],[ 0.15918838 -5.91404235],[0.06283032 0.05053568]
1622,1.6219999999999322,[-0.13965279  2.37702325],[-0.14509279 -1.51402751],[ 0.15953974 -5.90823796],[0.06323244 0.0506345 ]
1623,1.622999999999932,[-0.13979773  2.37550332],[-0.14493325 -1.51993574],[ 0.15988969 -5.90240122],[0.06363487 0.05073355]
1624,1.623999999999932,[-0.1399425   2.37397748],[-0.14477336 -1.52583814],[ 0.16023823 -5.89653203],[0.0640376  0.05083285]
1625,1.6249999999999318,[-0.14008711  2.37244574],[-0.14461312 -1.53173468],[ 0.16058534 -5.8906303 ],[0.06444065 0.05093238]
1626,1.6259999999999317,[-0.14023157  2.37090812],[-0.14445254 -1.53762531],[ 0.16093104 -5.88469594],[0.064844   0.05103215]
1627,1.6269999999999316,[-0.14037586  2.36936461],[-0.1442916 -1.54351  ],[ 0.16127533 -5.87872885],[0.06524765 0.05113215]
1628,1.6279999999999315,[-0.14051999  2.36781522],[-0.14413033 -1.54938873],[ 0.16161819 -5.87272894],[0.06565161 0.05123238]
1629,1.6289999999999314,[-0.14066396  2.36625996],[-0.14396871 -1.55526146],[ 0.16195963 -5.86669612],[0.06605587 0.05133284]
1630,1.6299999999999313,[-0.14080776  2.36469883],[-0.14380675 -1.56112816],[ 0.16229966 -5.8606303 ],[0.06646044 0.05143353]
1631,1.6309999999999312,[-0.14095141  2.36313184],[-0.14364445 -1.56698879],[ 0.16263826 -5.85453139],[0.06686531 0.05153444]
1632,1.631999999999931,[-0.14109489  2.361559  ],[-0.14348181 -1.57284332],[ 0.16297544 -5.84839929],[0.06727047 0.05163557]
1633,1.632999999999931,[-0.14123821  2.35998031],[-0.14331884 -1.57869172],[ 0.1633112  -5.84223392],[0.06767594 0.05173692]
1634,1.6339999999999308,[-0.14138136  2.35839577],[-0.14315553 -1.58453395],[ 0.16364554 -5.83603519],[0.06808171 0.05183849]
1635,1.6349999999999307,[-0.14152436  2.3568054 ],[-0.14299188 -1.59036999],[ 0.16397846 -5.82980301],[0.06848778 0.05194027]
1636,1.6359999999999306,[-0.14166718  2.3552092 ],[-0.1428279  -1.59619979],[ 0.16430995 -5.82353729],[0.06889415 0.05204227]
1637,1.6369999999999305,[-0.14180985  2.35360718],[-0.14266359 -1.60202333],[ 0.16464002 -5.81723794],[0.06930081 0.05214448]
1638,1.6379999999999304,[-0.14195235  2.35199934],[-0.14249895 -1.60784057],[ 0.16496867 -5.81090488],[0.06970777 0.0522469 ]
1639,1.6389999999999303,[-0.14209468  2.35038569],[-0.14233398 -1.61365147],[ 0.1652959  -5.80453801],[0.07011503 0.05234953]
1640,1.6399999999999302,[-0.14223685  2.34876623],[-0.14216869 -1.61945601],[ 0.16562171 -5.79813725],[0.07052258 0.05245236]
1641,1.64099999999993,[-0.14237885  2.34714098],[-0.14200307 -1.62525415],[ 0.1659461  -5.79170252],[0.07093043 0.05255539]
1642,1.64199999999993,[-0.14252069  2.34550993],[-0.14183712 -1.63104585],[ 0.16626907 -5.78523372],[0.07133857 0.05265862]
1643,1.6429999999999298,[-0.14266236  2.3438731 ],[-0.14167085 -1.63683108],[ 0.16659061 -5.77873078],[0.071747   0.05276206]
1644,1.6439999999999297,[-0.14280386  2.34223049],[-0.14150426 -1.64260981],[ 0.16691075 -5.77219361],[0.07215573 0.05286569]
1645,1.6449999999999296,[-0.1429452   2.34058211],[-0.14133735 -1.64838201],[ 0.16722946 -5.76562211],[0.07256474 0.05296951]
1646,1.6459999999999295,[-0.14308637  2.33892796],[-0.14117012 -1.65414763],[ 0.16754676 -5.75901622],[0.07297405 0.05307352]
1647,1.6469999999999294,[-0.14322737  2.33726805],[-0.14100257 -1.65990664],[ 0.16786264 -5.75237585],[0.07338365 0.05317773]
1648,1.6479999999999293,[-0.14336821  2.3356024 ],[-0.14083471 -1.66565902],[ 0.16817711 -5.74570091],[0.07379353 0.05328212]
1649,1.6489999999999292,[-0.14350888  2.33393099],[-0.14066653 -1.67140472],[ 0.16849017 -5.73899133],[0.07420371 0.05338669]
1650,1.649999999999929,[-0.14364937  2.33225385],[-0.14049804 -1.67714371],[ 0.16880181 -5.73224701],[0.07461417 0.05349145]
1651,1.650999999999929,[-0.1437897   2.33057097],[-0.14032924 -1.68287596],[ 0.16911205 -5.72546788],[0.07502492 0.05359639]
1652,1.6519999999999289,[-0.14392986  2.32888237],[-0.14016013 -1.68860143],[ 0.16942088 -5.71865387],[0.07543595 0.0537015 ]
1653,1.6529999999999287,[-0.14406985  2.32718805],[-0.13999071 -1.69432008],[ 0.16972831 -5.71180488],[0.07584727 0.05380679]
1654,1.6539999999999286,[-0.14420967  2.32548802],[-0.13982098 -1.70003189],[ 0.17003433 -5.70492084],[0.07625887 0.05391226]
1655,1.6549999999999285,[-0.14434933  2.32378228],[-0.13965095 -1.70573681],[ 0.17033895 -5.69800167],[0.07667076 0.05401789]
1656,1.6559999999999284,[-0.14448881  2.32207085],[-0.13948061 -1.71143481],[ 0.17064217 -5.6910473 ],[0.07708293 0.0541237 ]
1657,1.6569999999999283,[-0.14462812  2.32035372],[-0.13930996 -1.71712586],[ 0.17094399 -5.68405764],[0.07749538 0.05422967]
1658,1.6579999999999282,[-0.14476725  2.31863091],[-0.13913902 -1.72280991],[ 0.17124442 -5.67703262],[0.07790811 0.0543358 ]
1659,1.658999999999928,[-0.14490622  2.31690242],[-0.13896778 -1.72848695],[ 0.17154346 -5.66997216],[0.07832113 0.0544421 ]
1660,1.659999999999928,[-0.14504502  2.31516827],[-0.13879623 -1.73415692],[ 0.17184111 -5.66287619],[0.07873442 0.05454856]
1661,1.6609999999999279,[-0.14518364  2.31342845],[-0.13862439 -1.73981979],[ 0.17213738 -5.65574462],[0.07914799 0.05465517]
1662,1.6619999999999278,[-0.1453221   2.31168297],[-0.13845225 -1.74547554],[ 0.17243226 -5.6485774 ],[0.07956184 0.05476193]
1663,1.6629999999999276,[-0.14546038  2.30993185],[-0.13827982 -1.75112412],[ 0.17272576 -5.64137443],[0.07997597 0.05486885]
1664,1.6639999999999275,[-0.14559848  2.30817508],[-0.1381071  -1.75676549],[ 0.17301788 -5.63413566],[0.08039037 0.05497592]
1665,1.6649999999999274,[-0.14573642  2.30641268],[-0.13793408 -1.76239963],[ 0.17330864 -5.626861  ],[0.08080505 0.05508314]
1666,1.6659999999999273,[-0.14587418  2.30464466],[-0.13776077 -1.76802649],[ 0.17359802 -5.61955039],[0.08122   0.0551905]
1667,1.6669999999999272,[-0.14601176  2.30287101],[-0.13758717 -1.77364604],[ 0.17388603 -5.61220375],[0.08163523 0.055298  ]
1668,1.667999999999927,[-0.14614918  2.30109175],[-0.13741329 -1.77925824],[ 0.17417269 -5.60482101],[0.08205073 0.05540564]
1669,1.668999999999927,[-0.14628642  2.29930689],[-0.13723911 -1.78486306],[ 0.17445798 -5.5974021 ],[0.0824665  0.05551342]
1670,1.6699999999999269,[-0.14642348  2.29751643],[-0.13706466 -1.79046046],[ 0.17474192 -5.58994696],[0.08288255 0.05562133]
1671,1.6709999999999268,[-0.14656037  2.29572038],[-0.13688991 -1.79605041],[ 0.17502451 -5.58245551],[0.08329886 0.05572938]
1672,1.6719999999999267,[-0.14669709  2.29391874],[-0.13671489 -1.80163287],[ 0.17530576 -5.57492769],[0.08371545 0.05583756]
1673,1.6729999999999265,[-0.14683363  2.29211154],[-0.13653958 -1.8072078 ],[ 0.17558566 -5.56736343],[0.08413231 0.05594586]
1674,1.6739999999999264,[-0.14696999  2.29029876],[-0.136364   -1.81277516],[ 0.17586422 -5.55976266],[0.08454943 0.05605429]
1675,1.6749999999999263,[-0.14710618  2.28848043],[-0.13618813 -1.81833492],[ 0.17614146 -5.55212531],[0.08496682 0.05616284]
1676,1.6759999999999262,[-0.14724219  2.28665654],[-0.13601199 -1.82388705],[ 0.17641736 -5.54445133],[0.08538448 0.05627151]
1677,1.676999999999926,[-0.14737803  2.28482711],[-0.13583557 -1.8294315 ],[ 0.17669194 -5.53674065],[0.0858024 0.0563803]
1678,1.677999999999926,[-0.14751368  2.28299214],[-0.13565888 -1.83496824],[ 0.17696521 -5.5289932 ],[0.08622059 0.0564892 ]
1679,1.6789999999999259,[-0.14764917  2.28115164],[-0.13548192 -1.84049723],[ 0.17723716 -5.52120892],[0.08663904 0.05659821]
1680,1.6799999999999258,[-0.14778447  2.27930562],[-0.13530468 -1.84601844],[ 0.17750781 -5.51338775],[0.08705776 0.05670734]
1681,1.6809999999999257,[-0.1479196   2.27745409],[-0.13512717 -1.85153183],[ 0.17777715 -5.50552962],[0.08747674 0.05681657]
1682,1.6819999999999256,[-0.14805455  2.27559706],[-0.1349494  -1.85703736],[ 0.1780452  -5.49763448],[0.08789598 0.05692591]
1683,1.6829999999999254,[-0.14818932  2.27373452],[-0.13477135 -1.86253499],[ 0.17831196 -5.48970227],[0.08831548 0.05703534]
1684,1.6839999999999253,[-0.14832391  2.2718665 ],[-0.13459304 -1.86802469],[ 0.17857743 -5.48173292],[0.08873525 0.05714488]
1685,1.6849999999999252,[-0.14845833  2.26999299],[-0.13441446 -1.87350643],[ 0.17884162 -5.47372639],[0.08915527 0.05725451]
1686,1.6859999999999251,[-0.14859256  2.26811401],[-0.13423562 -1.87898015],[ 0.17910455 -5.4656826 ],[0.08957555 0.05736424]
1687,1.686999999999925,[-0.14872662  2.26622956],[-0.13405651 -1.88444584],[ 0.17936621 -5.45760151],[0.08999609 0.05747406]
1688,1.687999999999925,[-0.1488605   2.26433966],[-0.13387715 -1.88990344],[ 0.17962661 -5.44948306],[0.09041689 0.05758396]
1689,1.6889999999999248,[-0.14899419  2.26244431],[-0.13369752 -1.89535292],[ 0.17988575 -5.44132719],[0.09083794 0.05769396]
1690,1.6899999999999247,[-0.14912771  2.26054351],[-0.13351764 -1.90079425],[ 0.18014365 -5.43313386],[0.09125925 0.05780403]
1691,1.6909999999999246,[-0.14926105  2.25863729],[-0.13333749 -1.90622738],[ 0.18040031 -5.42490299],[0.09168081 0.05791419]
1692,1.6919999999999245,[-0.14939421  2.25672563],[-0.13315709 -1.91165229],[ 0.18065574 -5.41663455],[0.09210263 0.05802442]
1693,1.6929999999999243,[-0.14952718  2.25480856],[-0.13297644 -1.91706892],[ 0.18090995 -5.40832848],[0.0925247  0.05813473]
1694,1.6939999999999242,[-0.14965998  2.25288609],[-0.13279553 -1.92247725],[ 0.18116294 -5.39998473],[0.09294702 0.05824511]
1695,1.6949999999999241,[-0.14979259  2.25095821],[-0.13261436 -1.92787723],[ 0.18141472 -5.39160325],[0.09336959 0.05835557]
1696,1.695999999999924,[-0.14992502  2.24902494],[-0.13243295 -1.93326884],[ 0.18166529 -5.383184  ],[0.09379242 0.05846608]
1697,1.696999999999924,[-0.15005728  2.24708629],[-0.13225128 -1.93865202],[ 0.18191468 -5.37472691],[0.09421549 0.05857667]
1698,1.6979999999999238,[-0.15018935  2.24514226],[-0.13206937 -1.94402675],[ 0.18216287 -5.36623195],[0.09463881 0.05868731]
1699,1.6989999999999237,[-0.15032123  2.24319287],[-0.13188721 -1.94939298],[ 0.18240989 -5.35769906],[0.09506238 0.05879802]
1700,1.6999999999999236,[-0.15045294  2.24123812],[-0.1317048  -1.95475068],[ 0.18265574 -5.34912821],[0.0954862  0.05890878]
1701,1.7009999999999235,[-0.15058446  2.23927802],[-0.13152214 -1.96009981],[ 0.18290042 -5.34051935],[0.09591026 0.05901959]
1702,1.7019999999999234,[-0.1507158   2.23731258],[-0.13133924 -1.96544033],[ 0.18314396 -5.33187243],[0.09633457 0.05913045]
1703,1.7029999999999232,[-0.15084695  2.23534181],[-0.1311561 -1.9707722],[ 0.18338635 -5.32318741],[0.09675913 0.05924137]
1704,1.7039999999999231,[-0.15097793  2.23336571],[-0.13097271 -1.97609539],[ 0.1836276  -5.31446425],[0.09718392 0.05935232]
1705,1.704999999999923,[-0.15110872  2.2313843 ],[-0.13078908 -1.98140985],[ 0.18386772 -5.3057029 ],[0.09760897 0.05946332]
1706,1.705999999999923,[-0.15123932  2.22939759],[-0.13060521 -1.98671555],[ 0.18410673 -5.29690334],[0.09803425 0.05957436]
1707,1.7069999999999228,[-0.15136974  2.22740557],[-0.13042111 -1.99201246],[ 0.18434463 -5.28806551],[0.09845977 0.05968544]
1708,1.7079999999999227,[-0.15149998  2.22540827],[-0.13023676 -1.99730052],[ 0.18458143 -5.27918938],[0.09888554 0.05979654]
1709,1.7089999999999226,[-0.15163003  2.22340569],[-0.13005218 -2.00257971],[ 0.18481715 -5.27027491],[0.09931154 0.05990768]
1710,1.7099999999999225,[-0.1517599   2.22139784],[-0.12986736 -2.00784999],[ 0.18505178 -5.26132206],[0.09973779 0.06001885]
1711,1.7109999999999224,[-0.15188958  2.21938473],[-0.12968231 -2.01311131],[ 0.18528534 -5.25233081],[0.10016427 0.06013004]
1712,1.7119999999999223,[-0.15201908  2.21736637],[-0.12949703 -2.01836364],[ 0.18551784 -5.24330111],[0.10059099 0.06024126]
1713,1.7129999999999221,[-0.15214839  2.21534276],[-0.12931151 -2.02360694],[ 0.1857493  -5.23423293],[0.10101794 0.06035249]
1714,1.713999999999922,[-0.15227752  2.21331392],[-0.12912576 -2.02884117],[ 0.18597971 -5.22512625],[0.10144513 0.06046375]
1715,1.714999999999922,[-0.15240646  2.21127985],[-0.12893978 -2.0340663 ],[ 0.1862091  -5.21598101],[0.10187256 0.06057501]
1716,1.7159999999999218,[-0.15253521  2.20924057],[-0.12875357 -2.03928228],[ 0.18643747 -5.20679721],[0.10230022 0.06068629]
1717,1.7169999999999217,[-0.15266378  2.20719608],[-0.12856713 -2.04448908],[ 0.18666483 -5.19757481],[0.10272811 0.06079757]
1718,1.7179999999999216,[-0.15279216  2.20514639],[-0.12838047 -2.04968665],[ 0.18689119 -5.18831377],[0.10315623 0.06090886]
1719,1.7189999999999215,[-0.15292035  2.20309152],[-0.12819358 -2.05487497],[ 0.18711657 -5.17901408],[0.10358459 0.06102015]
1720,1.7199999999999214,[-0.15304836  2.20103147],[-0.12800646 -2.06005398],[ 0.18734097 -5.1696757 ],[0.10401317 0.06113144]
1721,1.7209999999999213,[-0.15317618  2.19896624],[-0.12781912 -2.06522366],[ 0.18756442 -5.16029861],[0.10444199 0.06124273]
1722,1.7219999999999211,[-0.15330381  2.19689586],[-0.12763156 -2.07038395],[ 0.18778691 -5.15088279],[0.10487103 0.06135401]
1723,1.722999999999921,[-0.15343125  2.19482032],[-0.12744377 -2.07553484],[ 0.18800846 -5.1414282 ],[0.1053003  0.06146528]
1724,1.723999999999921,[-0.15355851  2.19273965],[-0.12725576 -2.08067627],[ 0.18822908 -5.13193484],[0.1057298  0.06157653]
1725,1.7249999999999208,[-0.15368557  2.19065384],[-0.12706753 -2.0858082 ],[ 0.18844879 -5.12240268],[0.10615952 0.06168777]
1726,1.7259999999999207,[-0.15381245  2.18856291],[-0.12687908 -2.0909306 ],[ 0.1886676 -5.1128317],[0.10658947 0.061799  ]
1727,1.7269999999999206,[-0.15393914  2.18646687],[-0.12669041 -2.09604343],[ 0.18888551 -5.10322188],[0.10701965 0.0619102 ]
1728,1.7279999999999205,[-0.15406565  2.18436572],[-0.12650153 -2.10114666],[ 0.18910255 -5.0935732 ],[0.10745004 0.06202138]
1729,1.7289999999999204,[-0.15419196  2.18225948],[-0.12631243 -2.10624023],[ 0.18931872 -5.08388565],[0.10788066 0.06213253]
1730,1.7299999999999203,[-0.15431808  2.18014815],[-0.12612311 -2.11132412],[ 0.18953404 -5.0741592 ],[0.10831151 0.06224364]
1731,1.7309999999999202,[-0.15444401  2.17803176],[-0.12593357 -2.11639827],[ 0.18974852 -5.06439385],[0.10874257 0.06235473]
1732,1.73199999999992,[-0.15456976  2.17591029],[-0.12574383 -2.12146267],[ 0.18996217 -5.05458959],[0.10917385 0.06246578]
1733,1.73299999999992,[-0.15469531  2.17378378],[-0.12555386 -2.12651726],[ 0.19017501 -5.04474639],[0.10960535 0.06257679]
1734,1.7339999999999198,[-0.15482068  2.17165221],[-0.12536369 -2.131562  ],[ 0.19038704 -5.03486425],[0.11003707 0.06268775]
1735,1.7349999999999197,[-0.15494585  2.16951562],[-0.1251733  -2.13659687],[ 0.19059829 -5.02494317],[0.11046901 0.06279867]
1736,1.7359999999999196,[-0.15507083  2.167374  ],[-0.1249827  -2.14162181],[ 0.19080877 -5.01498312],[0.11090116 0.06290955]
1737,1.7369999999999195,[-0.15519562  2.16522736],[-0.12479189 -2.14663679],[ 0.19101849 -5.0049841 ],[0.11133353 0.06302037]
1738,1.7379999999999194,[-0.15532022  2.16307572],[-0.12460088 -2.15164178],[ 0.19122746 -4.99494611],[0.11176612 0.06313113]
1739,1.7389999999999193,[-0.15544463  2.16091908],[-0.12440965 -2.15663672],[ 0.1914357  -4.98486915],[0.11219892 0.06324184]
1740,1.7399999999999192,[-0.15556885  2.15875746],[-0.12421821 -2.16162159],[ 0.19164322 -4.97475319],[0.11263193 0.06335248]
1741,1.740999999999919,[-0.15569288  2.15659086],[-0.12402657 -2.16659635],[ 0.19185005 -4.96459826],[0.11306515 0.06346307]
1742,1.741999999999919,[-0.15581671  2.1544193 ],[-0.12383472 -2.17156095],[ 0.19205618 -4.95440433],[0.11349858 0.06357358]
1743,1.7429999999999188,[-0.15594036  2.15224279],[-0.12364266 -2.17651535],[ 0.19226164 -4.94417142],[0.11393223 0.06368403]
1744,1.7439999999999187,[-0.15606381  2.15006133],[-0.1234504  -2.18145952],[ 0.19246644 -4.93389952],[0.11436608 0.0637944 ]
1745,1.7449999999999186,[-0.15618707  2.14787493],[-0.12325793 -2.18639342],[ 0.19267061 -4.92358863],[0.11480015 0.06390469]
1746,1.7459999999999185,[-0.15631013  2.14568362],[-0.12306526 -2.19131701],[ 0.19287414 -4.91323877],[0.11523442 0.06401491]
1747,1.7469999999999184,[-0.156433    2.14348739],[-0.12287239 -2.19623025],[ 0.19307706 -4.90284992],[0.1156689  0.06412504]
1748,1.7479999999999183,[-0.15655568  2.14128625],[-0.12267931 -2.2011331 ],[ 0.19327938 -4.8924221 ],[0.11610358 0.06423508]
1749,1.7489999999999182,[-0.15667817  2.13908023],[-0.12248603 -2.20602552],[ 0.19348112 -4.88195532],[0.11653847 0.06434504]
1750,1.749999999999918,[-0.15680046  2.13686932],[-0.12229255 -2.21090748],[ 0.1936823  -4.87144958],[0.11697356 0.06445491]
1751,1.750999999999918,[-0.15692256  2.13465354],[-0.12209887 -2.21577893],[ 0.19388293 -4.8609049 ],[0.11740886 0.06456468]
1752,1.7519999999999178,[-0.15704446  2.1324329 ],[-0.12190499 -2.22063983],[ 0.19408302 -4.85032127],[0.11784435 0.06467435]
1753,1.7529999999999177,[-0.15716618  2.13020741],[-0.1217109  -2.22549015],[ 0.1942826  -4.83969873],[0.11828005 0.06478392]
1754,1.7539999999999176,[-0.15728769  2.12797708],[-0.12151662 -2.23032985],[ 0.19448168 -4.82903727],[0.11871595 0.06489338]
1755,1.7549999999999175,[-0.15740901  2.12574192],[-0.12132214 -2.23515889],[ 0.19468027 -4.81833691],[0.11915205 0.06500274]
1756,1.7559999999999174,[-0.15753014  2.12350194],[-0.12112746 -2.23997722],[ 0.1948784  -4.80759768],[0.11958835 0.06511198]
1757,1.7569999999999173,[-0.15765107  2.12125716],[-0.12093258 -2.24478482],[ 0.19507607 -4.79681958],[0.12002485 0.06522111]
1758,1.7579999999999172,[-0.15777181  2.11900758],[-0.12073751 -2.24958164],[ 0.19527332 -4.78600264],[0.12046154 0.06533013]
1759,1.758999999999917,[-0.15789235  2.11675321],[-0.12054223 -2.25436764],[ 0.19547014 -4.77514687],[0.12089843 0.06543902]
1760,1.759999999999917,[-0.1580127   2.11449407],[-0.12034676 -2.25914279],[ 0.19566657 -4.7642523 ],[0.12133552 0.06554779]
1761,1.7609999999999169,[-0.15813285  2.11223016],[-0.1201511  -2.26390704],[ 0.19586261 -4.75331895],[0.1217728  0.06565643]
1762,1.7619999999999167,[-0.15825281  2.1099615 ],[-0.11995523 -2.26866036],[ 0.1960583  -4.74234685],[0.12221027 0.06576494]
1763,1.7629999999999166,[-0.15837257  2.1076881 ],[-0.11975917 -2.27340271],[ 0.19625363 -4.73133601],[0.12264793 0.06587332]
1764,1.7639999999999165,[-0.15849213  2.10540996],[-0.11956292 -2.27813405],[ 0.19644864 -4.72028647],[0.12308579 0.06598156]
1765,1.7649999999999164,[-0.1586115   2.10312711],[-0.11936647 -2.28285433],[ 0.19664333 -4.70919825],[0.12352383 0.06608966]
1766,1.7659999999999163,[-0.15873067  2.10083955],[-0.11916983 -2.28756353],[ 0.19683774 -4.69807138],[0.12396207 0.06619761]
1767,1.7669999999999162,[-0.15884964  2.09854728],[-0.11897299 -2.2922616 ],[ 0.19703187 -4.6869059 ],[0.1244005  0.06630542]
1768,1.767999999999916,[-0.15896841  2.09625034],[-0.11877596 -2.29694851],[ 0.19722574 -4.67570183],[0.12483911 0.06641308]
1769,1.768999999999916,[-0.15908699  2.09394871],[-0.11857873 -2.30162421],[ 0.19741938 -4.66445921],[0.12527791 0.06652059]
1770,1.7699999999999159,[-0.15920537  2.09164242],[-0.11838131 -2.30628867],[ 0.1976128  -4.65317808],[0.12571689 0.06662794]
1771,1.7709999999999158,[-0.15932356  2.08933148],[-0.1181837  -2.31094185],[ 0.19780602 -4.64185847],[0.12615606 0.06673513]
1772,1.7719999999999156,[-0.15944154  2.0870159 ],[-0.1179859 -2.3155837],[ 0.19799906 -4.63050042],[0.12659542 0.06684216]
1773,1.7729999999999155,[-0.15955933  2.08469568],[-0.1177879  -2.32021421],[ 0.19819194 -4.61910397],[0.12703496 0.06694902]
1774,1.7739999999999154,[-0.15967692  2.08237085],[-0.1175897  -2.32483331],[ 0.19838467 -4.60766915],[0.12747468 0.06705571]
1775,1.7749999999999153,[-0.15979431  2.08004141],[-0.11739132 -2.32944098],[ 0.19857729 -4.59619602],[0.12791458 0.06716223]
1776,1.7759999999999152,[-0.15991151  2.07770737],[-0.11719274 -2.33403717],[ 0.1987698  -4.58468461],[0.12835466 0.06726857]
1777,1.776999999999915,[-0.1600285   2.07536875],[-0.11699397 -2.33862186],[ 0.19896222 -4.57313497],[0.12879492 0.06737473]
1778,1.777999999999915,[-0.16014529  2.07302555],[-0.11679501 -2.34319499],[ 0.19915458 -4.56154715],[0.12923536 0.06748071]
1779,1.7789999999999149,[-0.16026189  2.0706778 ],[-0.11659586 -2.34775654],[ 0.1993469  -4.54992119],[0.12967598 0.06758651]
1780,1.7799999999999148,[-0.16037829  2.06832549],[-0.11639651 -2.35230646],[ 0.1995392  -4.53825715],[0.13011677 0.06769211]
1781,1.7809999999999147,[-0.16049448  2.06596865],[-0.11619697 -2.35684472],[ 0.19973149 -4.52655507],[0.13055774 0.06779753]
1782,1.7819999999999145,[-0.16061048  2.06360728],[-0.11599724 -2.36137127],[ 0.19992379 -4.51481501],[0.13099889 0.06790274]
1783,1.7829999999999144,[-0.16072628  2.06124139],[-0.11579731 -2.36588609],[ 0.20011614 -4.50303703],[0.1314402  0.06800776]
1784,1.7839999999999143,[-0.16084188  2.058871  ],[-0.1155972  -2.37038913],[ 0.20030854 -4.49122117],[0.13188169 0.06811257]
1785,1.7849999999999142,[-0.16095727  2.05649612],[-0.11539689 -2.37488035],[ 0.20050102 -4.47936749],[0.13232336 0.06821718]
1786,1.785999999999914,[-0.16107247  2.05411676],[-0.11519639 -2.37935972],[ 0.2006936  -4.46747606],[0.13276519 0.06832158]
1787,1.786999999999914,[-0.16118746  2.05173293],[-0.11499569 -2.38382719],[ 0.20088629 -4.45554693],[0.13320719 0.06842577]
1788,1.7879999999999139,[-0.16130226  2.04934465],[-0.11479481 -2.38828274],[ 0.20107913 -4.44358016],[0.13364937 0.06852974]
1789,1.7889999999999138,[-0.16141685  2.04695192],[-0.11459373 -2.39272632],[ 0.20127213 -4.43157582],[0.13409171 0.06863349]
1790,1.7899999999999137,[-0.16153125  2.04455477],[-0.11439246 -2.39715789],[ 0.20146532 -4.41953398],[0.13453422 0.06873702]
1791,1.7909999999999136,[-0.16164544  2.04215319],[-0.11419099 -2.40157743],[ 0.2016587  -4.40745469],[0.13497689 0.06884032]
1792,1.7919999999999134,[-0.16175943  2.0397472 ],[-0.11398933 -2.40598488],[ 0.20185232 -4.39533803],[0.13541973 0.0689434 ]
1793,1.7929999999999133,[-0.16187321  2.03733682],[-0.11378748 -2.41038022],[ 0.20204618 -4.38318407],[0.13586273 0.06904624]
1794,1.7939999999999132,[-0.1619868   2.03492206],[-0.11358543 -2.4147634 ],[ 0.20224031 -4.37099287],[0.1363059  0.06914884]
1795,1.794999999999913,[-0.16210018  2.03250293],[-0.11338319 -2.4191344 ],[ 0.20243473 -4.35876452],[0.13674923 0.0692512 ]
1796,1.795999999999913,[-0.16221336  2.03007943],[-0.11318076 -2.42349316],[ 0.20262947 -4.34649907],[0.13719272 0.06935333]
1797,1.796999999999913,[-0.16232634  2.02765159],[-0.11297813 -2.42783966],[ 0.20282454 -4.33419662],[0.13763637 0.0694552 ]
1798,1.7979999999999128,[-0.16243912  2.02521942],[-0.11277531 -2.43217386],[ 0.20301996 -4.32185723],[0.13808018 0.06955683]
1799,1.7989999999999127,[-0.16255169  2.02278292],[-0.11257229 -2.43649572],[ 0.20321577 -4.30948099],[0.13852415 0.0696582 ]
1800,1.7999999999999126,[-0.16266406  2.02034212],[-0.11236907 -2.4408052 ],[ 0.20341198 -4.29706798],[0.13896828 0.06975932]
1801,1.8009999999999124,[-0.16277622  2.01789702],[-0.11216566 -2.44510226],[ 0.20360861 -4.28461827],[0.13941256 0.06986018]
1802,1.8019999999999123,[-0.16288819  2.01544763],[-0.11196205 -2.44938688],[ 0.20380569 -4.27213196],[0.139857   0.06996077]
1803,1.8029999999999122,[-0.16299994  2.01299397],[-0.11175824 -2.45365901],[ 0.20400324 -4.25960912],[0.14030159 0.0700611 ]
1804,1.8039999999999121,[-0.1631115   2.01053605],[-0.11155424 -2.45791862],[ 0.20420128 -4.24704985],[0.14074634 0.07016116]
1805,1.804999999999912,[-0.16322285  2.00807389],[-0.11135004 -2.46216567],[ 0.20439984 -4.23445423],[0.14119124 0.07026094]
1806,1.805999999999912,[-0.16333399  2.00560749],[-0.11114564 -2.46640013],[ 0.20459893 -4.22182236],[0.14163629 0.07036045]
1807,1.8069999999999118,[-0.16344493  2.00313686],[-0.11094104 -2.47062195],[ 0.20479859 -4.20915432],[0.14208149 0.07045967]
1808,1.8079999999999117,[-0.16355567  2.00066203],[-0.11073624 -2.4748311 ],[ 0.20499883 -4.19645022],[0.14252684 0.07055862]
1809,1.8089999999999116,[-0.1636662   1.99818301],[-0.11053124 -2.47902755],[ 0.20519967 -4.18371013],[0.14297234 0.07065728]
1810,1.8099999999999115,[-0.16377653  1.99569979],[-0.11032604 -2.48321126],[ 0.20540115 -4.17093417],[0.14341799 0.07075564]
1811,1.8109999999999113,[-0.16388665  1.99321241],[-0.11012064 -2.4873822 ],[ 0.20560328 -4.15812244],[0.14386378 0.07085372]
1812,1.8119999999999112,[-0.16399656  1.99072087],[-0.10991504 -2.49154032],[ 0.20580609 -4.14527502],[0.14430972 0.07095149]
1813,1.8129999999999111,[-0.16410627  1.98822519],[-0.10970923 -2.4956856 ],[ 0.2060096  -4.13239202],[0.14475581 0.07104897]
1814,1.813999999999911,[-0.16421578  1.98572537],[-0.10950322 -2.49981799],[ 0.20621384 -4.11947356],[0.14520203 0.07114614]
1815,1.814999999999911,[-0.16432507  1.98322143],[-0.10929701 -2.50393746],[ 0.20641882 -4.10651972],[0.1456484 0.071243 ]
1816,1.8159999999999108,[-0.16443416  1.98071339],[-0.10909059 -2.50804398],[ 0.20662458 -4.09353063],[0.14609492 0.07133956]
1817,1.8169999999999107,[-0.16454305  1.97820125],[-0.10888397 -2.51213751],[ 0.20683113 -4.08050639],[0.14654157 0.0714358 ]
1818,1.8179999999999106,[-0.16465172  1.97568503],[-0.10867713 -2.51621802],[ 0.20703851 -4.0674471 ],[0.14698836 0.07153172]
1819,1.8189999999999105,[-0.1647602   1.97316475],[-0.1084701  -2.52028547],[ 0.20724673 -4.05435289],[0.14743529 0.07162732]
1820,1.8199999999999104,[-0.16486846  1.97064041],[-0.10826285 -2.52433982],[ 0.20745581 -4.04122387],[0.14788236 0.0717226 ]
1821,1.8209999999999102,[-0.16497651  1.96811202],[-0.10805539 -2.52838104],[ 0.20766579 -4.02806014],[0.14832957 0.07181755]
1822,1.8219999999999101,[-0.16508436  1.96557962],[-0.10784773 -2.5324091 ],[ 0.20787669 -4.01486184],[0.14877691 0.07191216]
1823,1.82299999999991,[-0.165192    1.96304319],[-0.10763985 -2.53642396],[ 0.20808853 -4.00162908],[0.14922438 0.07200645]
1824,1.82399999999991,[-0.16529943  1.96050277],[-0.10743176 -2.54042559],[ 0.20830133 -3.98836197],[0.14967199 0.07210039]
1825,1.8249999999999098,[-0.16540666  1.95795835],[-0.10722346 -2.54441396],[ 0.20851513 -3.97506065],[0.15011974 0.072194  ]
1826,1.8259999999999097,[-0.16551367  1.95540996],[-0.10701495 -2.54838902],[ 0.20872993 -3.96172524],[0.15056761 0.07228726]
1827,1.8269999999999096,[-0.16562048  1.95285761],[-0.10680622 -2.55235074],[ 0.20894578 -3.94835586],[0.15101561 0.07238017]
1828,1.8279999999999095,[-0.16572707  1.95030131],[-0.10659727 -2.5562991 ],[ 0.20916269 -3.93495265],[0.15146375 0.07247273]
1829,1.8289999999999094,[-0.16583346  1.94774108],[-0.10638811 -2.56023405],[ 0.20938069 -3.92151572],[0.15191201 0.07256493]
1830,1.8299999999999093,[-0.16593964  1.94517692],[-0.10617873 -2.56415557],[ 0.20959981 -3.90804522],[0.1523604  0.07265678]
1831,1.8309999999999091,[-0.16604561  1.94260886],[-0.10596913 -2.56806361],[ 0.20982006 -3.89454128],[0.15280891 0.07274826]
1832,1.831999999999909,[-0.16615137  1.9400369 ],[-0.10575931 -2.57195815],[ 0.21004147 -3.88100404],[0.15325755 0.07283938]
1833,1.832999999999909,[-0.16625692  1.93746106],[-0.10554927 -2.57583916],[ 0.21026408 -3.86743362],[0.15370632 0.07293013]
1834,1.8339999999999088,[-0.16636226  1.93488136],[-0.105339   -2.57970659],[ 0.21048789 -3.85383017],[0.15415521 0.07302051]
1835,1.8349999999999087,[-0.16646739  1.9322978 ],[-0.10512851 -2.58356042],[ 0.21071294 -3.84019384],[0.15460422 0.07311051]
1836,1.8359999999999086,[-0.1665723   1.92971039],[-0.1049178  -2.58740061],[ 0.21093926 -3.82652475],[0.15505335 0.07320013]
1837,1.8369999999999085,[-0.16667701  1.92711917],[-0.10470686 -2.59122714],[ 0.21116686 -3.81282307],[0.1555026  0.07328937]
1838,1.8379999999999084,[-0.16678151  1.92452413],[-0.10449569 -2.59503996],[ 0.21139578 -3.79908892],[0.15595198 0.07337823]
1839,1.8389999999999083,[-0.16688579  1.92192529],[-0.1042843  -2.59883905],[ 0.21162604 -3.78532247],[0.15640146 0.0734667 ]
1840,1.8399999999999082,[-0.16698986  1.91932266],[-0.10407267 -2.60262437],[ 0.21185765 -3.77152386],[0.15685107 0.07355477]
1841,1.840999999999908,[-0.16709372  1.91671627],[-0.10386082 -2.6063959 ],[ 0.21209066 -3.75769325],[0.15730079 0.07364245]
1842,1.841999999999908,[-0.16719737  1.91410611],[-0.10364872 -2.61015359],[ 0.21232508 -3.74383078],[0.15775063 0.07372973]
1843,1.8429999999999078,[-0.16730081  1.91149222],[-0.1034364  -2.61389742],[ 0.21256094 -3.72993661],[0.15820058 0.0738166 ]
1844,1.8439999999999077,[-0.16740403  1.90887459],[-0.10322384 -2.61762736],[ 0.21279826 -3.7160109 ],[0.15865065 0.07390307]
1845,1.8449999999999076,[-0.16750704  1.90625325],[-0.10301104 -2.62134337],[ 0.21303708 -3.70205381],[0.15910082 0.07398913]
1846,1.8459999999999075,[-0.16760984  1.9036282 ],[-0.102798   -2.62504542],[ 0.2132774 -3.6880655],[0.15955111 0.07407478]
1847,1.8469999999999074,[-0.16771243  1.90099947],[-0.10258473 -2.62873349],[ 0.21351927 -3.67404613],[0.16000151 0.07416001]
1848,1.8479999999999073,[-0.1678148   1.89836706],[-0.10237121 -2.63240753],[ 0.2137627  -3.65999587],[0.16045201 0.07424482]
1849,1.8489999999999072,[-0.16791696  1.89573099],[-0.10215744 -2.63606753],[ 0.21400773 -3.64591488],[0.16090263 0.07432921]
1850,1.849999999999907,[-0.1680189   1.89309128],[-0.10194344 -2.63971344],[ 0.21425437 -3.63180334],[0.16135335 0.07441318]
1851,1.850999999999907,[-0.16812063  1.89044793],[-0.10172918 -2.64334525],[ 0.21450265 -3.61766141],[0.16180417 0.07449671]
1852,1.8519999999999068,[-0.16822214  1.88780097],[-0.10151468 -2.64696291],[ 0.2147526  -3.60348926],[0.1622551  0.07457981]
1853,1.8529999999999067,[-0.16832344  1.8851504 ],[-0.10129993 -2.6505664 ],[ 0.21500424 -3.58928707],[0.16270613 0.07466247]
1854,1.8539999999999066,[-0.16842453  1.88249625],[-0.10108492 -2.65415569],[ 0.2152576  -3.57505501],[0.16315727 0.0747447 ]
1855,1.8549999999999065,[-0.1685254   1.87983852],[-0.10086966 -2.65773074],[ 0.2155127  -3.56079327],[0.1636085  0.07482648]
1856,1.8559999999999064,[-0.16862605  1.87717723],[-0.10065415 -2.66129153],[ 0.21576957 -3.54650202],[0.16405984 0.07490781]
1857,1.8569999999999063,[-0.16872649  1.87451239],[-0.10043838 -2.66483804],[ 0.21602823 -3.53218145],[0.16451127 0.07498869]
1858,1.8579999999999062,[-0.16882671  1.87184402],[-0.10022235 -2.66837022],[ 0.21628872 -3.51783173],[0.1649628  0.07506912]
1859,1.858999999999906,[-0.16892672  1.86917213],[-0.10000607 -2.67188805],[ 0.21655104 -3.50345305],[0.16541443 0.0751491 ]
1860,1.859999999999906,[-0.16902651  1.86649674],[-0.09978951 -2.6753915 ],[ 0.21681524 -3.4890456 ],[0.16586616 0.07522861]
1861,1.8609999999999058,[-0.16912608  1.86381786],[-0.0995727  -2.67888055],[ 0.21708134 -3.47460957],[0.16631798 0.07530766]
1862,1.8619999999999057,[-0.16922544  1.8611355 ],[-0.09935562 -2.68235516],[ 0.21734935 -3.46014516],[0.16676989 0.07538625]
1863,1.8629999999999056,[-0.16932457  1.85844969],[-0.09913827 -2.6858153 ],[ 0.21761931 -3.44565254],[0.1672219  0.07546436]
1864,1.8639999999999055,[-0.1694235   1.85576043],[-0.09892065 -2.68926095],[ 0.21789124 -3.43113192],[0.167674 0.075542]
1865,1.8649999999999054,[-0.1695222   1.85306773],[-0.09870276 -2.69269209],[ 0.21816517 -3.4165835 ],[0.16812618 0.07561917]
1866,1.8659999999999053,[-0.16962068  1.85037163],[-0.09848459 -2.69610867],[ 0.21844111 -3.40200747],[0.16857846 0.07569585]
1867,1.8669999999999052,[-0.16971895  1.84767212],[-0.09826615 -2.69951068],[ 0.21871911 -3.38740404],[0.16903082 0.07577205]
1868,1.867999999999905,[-0.169817    1.84496922],[-0.09804743 -2.70289808],[ 0.21899918 -3.3727734 ],[0.16948328 0.07584777]
1869,1.868999999999905,[-0.16991482  1.84226295],[-0.09782843 -2.70627086],[ 0.21928134 -3.35811576],[0.16993581 0.07592299]
1870,1.8699999999999048,[-0.17001243  1.83955332],[-0.09760915 -2.70962897],[ 0.21956563 -3.34343134],[0.17038844 0.07599773]
1871,1.8709999999999047,[-0.17010982  1.83684035],[-0.09738959 -2.7129724 ],[ 0.21985206 -3.32872032],[0.17084114 0.07607196]
1872,1.8719999999999046,[-0.17020699  1.83412404],[-0.09716973 -2.71630112],[ 0.22014067 -3.31398294],[0.17129393 0.0761457 ]
1873,1.8729999999999045,[-0.17030394  1.83140443],[-0.09694959 -2.71961511],[ 0.22043147 -3.29921939],[0.1717468  0.07621893]
1874,1.8739999999999044,[-0.17040067  1.82868151],[-0.09672916 -2.72291432],[ 0.22072449 -3.28442989],[0.17219975 0.07629166]
1875,1.8749999999999043,[-0.17049718  1.82595532],[-0.09650844 -2.72619875],[ 0.22101976 -3.26961466],[0.17265278 0.07636388]
1876,1.8759999999999042,[-0.17059347  1.82322585],[-0.09628742 -2.72946837],[ 0.22131731 -3.25477392],[0.17310589 0.07643559]
1877,1.876999999999904,[-0.17068953  1.82049312],[-0.0960661  -2.73272314],[ 0.22161714 -3.23990789],[0.17355908 0.07650678]
1878,1.877999999999904,[-0.17078538  1.81775716],[-0.09584448 -2.73596305],[ 0.2219193  -3.22501678],[0.17401234 0.07657745]
1879,1.8789999999999039,[-0.170881    1.81501797],[-0.09562256 -2.73918807],[ 0.22222381 -3.21010082],[0.17446567 0.07664759]
1880,1.8799999999999037,[-0.1709764   1.81227558],[-0.09540034 -2.74239817],[ 0.22253069 -3.19516024],[0.17491908 0.07671722]
1881,1.8809999999999036,[-0.17107158  1.80952998],[-0.09517781 -2.74559333],[ 0.22283996 -3.18019526],[0.17537256 0.07678631]
1882,1.8819999999999035,[-0.17116653  1.80678121],[-0.09495497 -2.74877352],[ 0.22315165 -3.16520612],[0.17582612 0.07685487]
1883,1.8829999999999034,[-0.17126127  1.80402927],[-0.09473182 -2.75193873],[ 0.22346578 -3.15019304],[0.17627974 0.0769229 ]
1884,1.8839999999999033,[-0.17135577  1.80127418],[-0.09450835 -2.75508892],[ 0.22378238 -3.13515627],[0.17673343 0.07699039]
1885,1.8849999999999032,[-0.17145006  1.79851596],[-0.09428457 -2.75822408],[ 0.22410147 -3.12009602],[0.17718719 0.07705734]
1886,1.885999999999903,[-0.17154412  1.79575461],[-0.09406047 -2.76134418],[ 0.22442308 -3.10501255],[0.17764102 0.07712374]
1887,1.886999999999903,[-0.17163796  1.79299016],[-0.09383605 -2.76444919],[ 0.22474723 -3.08990608],[0.17809491 0.07718959]
1888,1.8879999999999029,[-0.17173157  1.79022262],[-0.0936113  -2.76753909],[ 0.22507394 -3.07477687],[0.17854887 0.0772549 ]
1889,1.8889999999999028,[-0.17182495  1.78745201],[-0.09338622 -2.77061387],[ 0.22540324 -3.05962515],[0.17900289 0.07731964]
1890,1.8899999999999026,[-0.17191811  1.78467834],[-0.09316082 -2.7736735 ],[ 0.22573515 -3.04445116],[0.17945698 0.07738384]
1891,1.8909999999999025,[-0.17201105  1.78190162],[-0.09293509 -2.77671795],[ 0.2260697  -3.02925517],[0.17991112 0.07744747]
1892,1.8919999999999024,[-0.17210376  1.77912187],[-0.09270902 -2.7797472 ],[ 0.2264069 -3.0140374],[0.18036533 0.07751053]
1893,1.8929999999999023,[-0.17219624  1.77633911],[-0.09248261 -2.78276124],[ 0.22674679 -2.99879812],[0.18081959 0.07757303]
1894,1.8939999999999022,[-0.1722885   1.77355335],[-0.09225586 -2.78576004],[ 0.22708938 -2.98353758],[0.18127391 0.07763497]
1895,1.894999999999902,[-0.17238053  1.77076461],[-0.09202877 -2.78874358],[ 0.2274347  -2.96825603],[0.18172829 0.07769632]
1896,1.895999999999902,[-0.17247233  1.76797289],[-0.09180134 -2.79171183],[ 0.22778278 -2.95295372],[0.18218272 0.0777571 ]
1897,1.8969999999999019,[-0.1725639   1.76517823],[-0.09157356 -2.79466479],[ 0.22813363 -2.93763092],[0.18263721 0.07781731]
1898,1.8979999999999018,[-0.17265525  1.76238063],[-0.09134542 -2.79760242],[ 0.22848728 -2.92228788],[0.18309175 0.07787693]
1899,1.8989999999999017,[-0.17274636  1.7595801 ],[-0.09111693 -2.8005247 ],[ 0.22884374 -2.90692487],[0.18354635 0.07793596]
1900,1.8999999999999015,[-0.17283725  1.75677667],[-0.09088809 -2.80343163],[ 0.22920306 -2.89154215],[0.18400099 0.07799441]
1901,1.9009999999999014,[-0.17292791  1.75397035],[-0.09065889 -2.80632317],[ 0.22956524 -2.87613998],[0.18445569 0.07805226]
1902,1.9019999999999013,[-0.17301834  1.75116115],[-0.09042932 -2.80919931],[ 0.2299303  -2.86071864],[0.18491043 0.07810952]
1903,1.9029999999999012,[-0.17310854  1.74834909],[-0.09019939 -2.81206003],[ 0.23029828 -2.8452784 ],[0.18536522 0.07816619]
1904,1.903999999999901,[-0.17319851  1.74553418],[-0.08996909 -2.81490531],[ 0.23066919 -2.82981951],[0.18582005 0.07822225]
1905,1.904999999999901,[-0.17328825  1.74271645],[-0.08973843 -2.81773513],[ 0.23104306 -2.81434227],[0.18627493 0.07827771]
1906,1.9059999999999009,[-0.17337775  1.7398959 ],[-0.08950738 -2.82054947],[ 0.2314199  -2.79884693],[0.18672986 0.07833256]
1907,1.9069999999999008,[-0.17346703  1.73707255],[-0.08927596 -2.82334832],[ 0.23179975 -2.78333379],[0.18718483 0.0783868 ]
1908,1.9079999999999007,[-0.17355607  1.73424642],[-0.08904416 -2.82613165],[ 0.23218261 -2.76780311],[0.18763984 0.07844043]
1909,1.9089999999999006,[-0.17364489  1.73141752],[-0.08881198 -2.82889945],[ 0.23256852 -2.75225518],[0.18809488 0.07849345]
1910,1.9099999999999004,[-0.17373346  1.72858587],[-0.08857941 -2.83165171],[ 0.23295749 -2.73669029],[0.18854997 0.07854584]
1911,1.9109999999999003,[-0.17382181  1.72575148],[-0.08834645 -2.8343884 ],[ 0.23334955 -2.7211087 ],[0.1890051  0.07859762]
1912,1.9119999999999002,[-0.17390992  1.72291437],[-0.0881131  -2.83710951],[ 0.23374471 -2.70551072],[0.18946026 0.07864877]
1913,1.9129999999999001,[-0.1739978   1.72007455],[-0.08787936 -2.83981502],[ 0.234143   -2.68989663],[0.18991546 0.0786993 ]
1914,1.9139999999999,[-0.17408545  1.71723205],[-0.08764522 -2.84250492],[ 0.23454444 -2.67426672],[0.19037069 0.07874919]
1915,1.9149999999999,[-0.17417286  1.71438687],[-0.08741067 -2.84517918],[ 0.23494905 -2.65862127],[0.19082596 0.07879845]
1916,1.9159999999998998,[-0.17426004  1.71153903],[-0.08717572 -2.8478378 ],[ 0.23535685 -2.64296059],[0.19128126 0.07884707]
1917,1.9169999999998997,[-0.17434698  1.70868855],[-0.08694037 -2.85048076],[ 0.23576785 -2.62728497],[0.19173659 0.07889506]
1918,1.9179999999998996,[-0.17443368  1.70583544],[-0.0867046  -2.85310805],[ 0.23618209 -2.61159471],[0.19219195 0.07894241]
1919,1.9189999999998995,[-0.17452015  1.70297972],[-0.08646842 -2.85571964],[ 0.23659958 -2.5958901 ],[0.19264734 0.07898911]
1920,1.9199999999998993,[-0.17460638  1.70012141],[-0.08623182 -2.85831553],[ 0.23702033 -2.58017144],[0.19310275 0.07903516]
1921,1.9209999999998992,[-0.17469238  1.69726051],[-0.0859948  -2.86089571],[ 0.23744438 -2.56443905],[0.19355819 0.07908056]
1922,1.9219999999998991,[-0.17477813  1.69439705],[-0.08575735 -2.86346014],[ 0.23787173 -2.54869321],[0.19401366 0.07912531]
1923,1.922999999999899,[-0.17486365  1.69153104],[-0.08551948 -2.86600884],[ 0.23830241 -2.53293424],[0.19446915 0.07916941]
1924,1.923999999999899,[-0.17494893  1.6886625 ],[-0.08528118 -2.86854177],[ 0.23873644 -2.51716245],[0.19492466 0.07921284]
1925,1.9249999999998988,[-0.17503398  1.68579144],[-0.08504244 -2.87105893],[ 0.23917384 -2.50137814],[0.1953802  0.07925562]
1926,1.9259999999998987,[-0.17511878  1.68291788],[-0.08480327 -2.87356031],[ 0.23961462 -2.48558162],[0.19583575 0.07929773]
1927,1.9269999999998986,[-0.17520334  1.68004184],[-0.08456365 -2.87604589],[ 0.24005881 -2.46977322],[0.19629132 0.07933917]
1928,1.9279999999998985,[-0.17528767  1.67716332],[-0.08432359 -2.87851567],[ 0.24050641 -2.45395323],[0.19674691 0.07937995]
1929,1.9289999999998984,[-0.17537175  1.67428235],[-0.08408309 -2.88096962],[ 0.24095746 -2.43812198],[0.19720252 0.07942005]
1930,1.9299999999998982,[-0.17545559  1.67139894],[-0.08384213 -2.88340774],[ 0.24141197 -2.42227979],[0.19765814 0.07945948]
1931,1.9309999999998981,[-0.17553919  1.66851311],[-0.08360072 -2.88583002],[ 0.24186995 -2.40642698],[0.19811378 0.07949823]
1932,1.931999999999898,[-0.17562255  1.66562488],[-0.08335885 -2.88823645],[ 0.24233143 -2.39056386],[0.19856943 0.0795363 ]
1933,1.932999999999898,[-0.17570567  1.66273425],[-0.08311652 -2.89062701],[ 0.24279641 -2.37469077],[0.19902509 0.07957369]
1934,1.9339999999998978,[-0.17578854  1.65984125],[-0.08287372 -2.8930017 ],[ 0.24326493 -2.35880802],[0.19948076 0.07961039]
1935,1.9349999999998977,[-0.17587117  1.65694589],[-0.08263046 -2.89536051],[ 0.24373699 -2.34291594],[0.19993644 0.07964641]
1936,1.9359999999998976,[-0.17595356  1.65404819],[-0.08238672 -2.89770343],[ 0.24421262 -2.32701485],[0.20039213 0.07968173]
1937,1.9369999999998975,[-0.1760357   1.65114815],[-0.08214251 -2.90003044],[ 0.24469182 -2.3111051 ],[0.20084783 0.07971636]
1938,1.9379999999998974,[-0.1761176   1.64824581],[-0.08189781 -2.90234155],[ 0.24517462 -2.29518701],[0.20130353 0.0797503 ]
1939,1.9389999999998973,[-0.17619925  1.64534118],[-0.08165264 -2.90463673],[ 0.24566103 -2.27926091],[0.20175924 0.07978353]
1940,1.9399999999998971,[-0.17628066  1.64243426],[-0.08140698 -2.906916  ],[ 0.24615107 -2.26332713],[0.20221495 0.07981607]
1941,1.940999999999897,[-0.17636182  1.63952508],[-0.08116083 -2.90917932],[ 0.24664476 -2.24738602],[0.20267066 0.0798479 ]
1942,1.941999999999897,[-0.17644273  1.63661365],[-0.08091418 -2.91142671],[ 0.2471421 -2.2314379],[0.20312637 0.07987902]
1943,1.9429999999998968,[-0.1765234  1.6337   ],[-0.08066704 -2.91365815],[ 0.24764312 -2.21548313],[0.20358208 0.07990944]
1944,1.9439999999998967,[-0.17660382  1.63078412],[-0.0804194  -2.91587363],[ 0.24814782 -2.19952203],[0.20403779 0.07993915]
1945,1.9449999999998966,[-0.17668399  1.62786605],[-0.08017125 -2.91807315],[ 0.24865623 -2.18355496],[0.2044935  0.07996814]
1946,1.9459999999998965,[-0.17676391  1.62494579],[-0.07992259 -2.92025671],[ 0.24916836 -2.16758225],[0.2049492  0.07999642]
1947,1.9469999999998964,[-0.17684359  1.62202337],[-0.07967343 -2.92242429],[ 0.24968423 -2.15160424],[0.2054049  0.08002398]
1948,1.9479999999998963,[-0.17692301  1.61909879],[-0.07942374 -2.92457589],[ 0.25020384 -2.1356213 ],[0.20586059 0.08005082]
1949,1.9489999999998961,[-0.17700218  1.61617208],[-0.07917354 -2.92671151],[ 0.25072721 -2.11963376],[0.20631627 0.08007693]
1950,1.949999999999896,[-0.17708111  1.61324325],[-0.07892281 -2.92883115],[ 0.25125436 -2.10364197],[0.20677195 0.08010232]
1951,1.950999999999896,[-0.17715978  1.61031232],[-0.07867156 -2.93093479],[ 0.2517853  -2.08764629],[0.20722761 0.08012698]
1952,1.9519999999998958,[-0.1772382   1.60737929],[-0.07841977 -2.93302244],[ 0.25232004 -2.07164707],[0.20768326 0.08015091]
1953,1.9529999999998957,[-0.17731637  1.6044442 ],[-0.07816745 -2.93509408],[ 0.25285859 -2.05564465],[0.2081389  0.08017411]
1954,1.9539999999998956,[-0.17739428  1.60150705],[-0.07791459 -2.93714973],[ 0.25340097 -2.0396394 ],[0.20859452 0.08019658]
1955,1.9549999999998955,[-0.17747194  1.59856786],[-0.07766119 -2.93918937],[ 0.2539472  -2.02363168],[0.20905013 0.0802183 ]
1956,1.9559999999998954,[-0.17754935  1.59562665],[-0.07740724 -2.941213  ],[ 0.25449727 -2.00762183],[0.20950573 0.08023929]
1957,1.9569999999998953,[-0.1776265   1.59268343],[-0.07715275 -2.94322062],[ 0.25505121 -1.99161022],[0.2099613  0.08025954]
1958,1.9579999999998952,[-0.1777034   1.58973821],[-0.07689769 -2.94521223],[ 0.25560903 -1.97559721],[0.21041686 0.08027904]
1959,1.958999999999895,[-0.17778004  1.58679103],[-0.07664209 -2.94718783],[ 0.25617074 -1.95958317],[0.21087239 0.0802978 ]
1960,1.959999999999895,[-0.17785643  1.58384188],[-0.07638592 -2.94914741],[ 0.25673634 -1.94356845],[0.21132791 0.0803158 ]
1961,1.9609999999998948,[-0.17793256  1.58089079],[-0.07612918 -2.95109098],[ 0.25730585 -1.92755341],[0.2117834  0.08033306]
1962,1.9619999999998947,[-0.17800843  1.57793777],[-0.07587187 -2.95301853],[ 0.25787929 -1.91153844],[0.21223887 0.08034956]
1963,1.9629999999998946,[-0.17808404  1.57498284],[-0.07561399 -2.95493007],[ 0.25845666 -1.89552388],[0.21269431 0.08036531]
1964,1.9639999999998945,[-0.1781594   1.57202601],[-0.07535554 -2.9568256 ],[ 0.25903797 -1.87951012],[0.21314973 0.08038031]
1965,1.9649999999998944,[-0.17823449  1.56906731],[-0.0750965  -2.95870511],[ 0.25962323 -1.86349751],[0.21360511 0.08039454]
1966,1.9659999999998943,[-0.17830933  1.56610674],[-0.07483688 -2.9605686 ],[ 0.26021245 -1.84748644],[0.21406047 0.08040801]
1967,1.9669999999998942,[-0.17838391  1.56314432],[-0.07457666 -2.96241609],[ 0.26080565 -1.83147726],[0.2145158  0.08042072]
1968,1.967999999999894,[-0.17845822  1.56018008],[-0.07431586 -2.96424757],[ 0.26140282 -1.81547036],[0.2149711  0.08043267]
1969,1.968999999999894,[-0.17853228  1.55721401],[-0.07405445 -2.96606304],[ 0.26200398 -1.79946611],[0.21542636 0.08044384]
1970,1.9699999999998938,[-0.17860607  1.55424615],[-0.07379245 -2.9678625 ],[ 0.26260914 -1.78346488],[0.21588159 0.08045425]
1971,1.9709999999998937,[-0.1786796  1.5512765],[-0.07352984 -2.96964597],[ 0.26321831 -1.76746706],[0.21633679 0.08046389]
1972,1.9719999999998936,[-0.17875287  1.54830509],[-0.07326662 -2.97141344],[ 0.26383149 -1.75147301],[0.21679195 0.08047275]
1973,1.9729999999998935,[-0.17882587  1.54533193],[-0.07300279 -2.97316491],[ 0.26444869 -1.73548311],[0.21724707 0.08048084]
1974,1.9739999999998934,[-0.17889861  1.54235703],[-0.07273834 -2.97490039],[ 0.26506992 -1.71949775],[0.21770215 0.08048815]
1975,1.9749999999998933,[-0.17897108  1.53938041],[-0.07247327 -2.97661989],[ 0.26569519 -1.7035173 ],[0.21815719 0.08049468]
1976,1.9759999999998932,[-0.17904329  1.53640208],[-0.07220758 -2.97832341],[ 0.26632451 -1.68754216],[0.21861219 0.08050043]
1977,1.976999999999893,[-0.17911523  1.53342207],[-0.07194125 -2.98001095],[ 0.26695787 -1.67157269],[0.21906715 0.0805054 ]
1978,1.977999999999893,[-0.1791869   1.53044039],[-0.0716743  -2.98168252],[ 0.26759529 -1.65560928],[0.21952206 0.08050958]
1979,1.9789999999998928,[-0.17925831  1.52745705],[-0.0714067  -2.98333813],[ 0.26823677 -1.63965232],[0.21997693 0.08051298]
1980,1.9799999999998927,[-0.17932945  1.52447207],[-0.07113846 -2.98497778],[ 0.26888232 -1.62370219],[0.22043175 0.08051559]
1981,1.9809999999998926,[-0.17940032  1.52148547],[-0.07086958 -2.98660149],[ 0.26953195 -1.60775927],[0.22088652 0.08051741]
1982,1.9819999999998925,[-0.17947092  1.51849726],[-0.07060005 -2.98820925],[ 0.27018565 -1.59182397],[0.22134125 0.08051844]
1983,1.9829999999998924,[-0.17954125  1.51550746],[-0.07032986 -2.98980107],[ 0.27084344 -1.57589665],[0.22179592 0.08051867]
1984,1.9839999999998923,[-0.17961131  1.51251608],[-0.07005902 -2.99137697],[ 0.27150532 -1.55997771],[0.22225054 0.08051811]
1985,1.9849999999998922,[-0.1796811   1.50952315],[-0.06978751 -2.99293694],[ 0.2721713  -1.54406754],[0.22270511 0.08051675]
1986,1.985999999999892,[-0.17975061  1.50652867],[-0.06951534 -2.99448101],[ 0.27284137 -1.52816654],[0.22315962 0.08051459]
1987,1.986999999999892,[-0.17981985  1.50353266],[-0.0692425  -2.99600918],[ 0.27351554 -1.51227508],[0.22361408 0.08051163]
1988,1.9879999999998919,[-0.17988882  1.50053514],[-0.06896899 -2.99752145],[ 0.27419382 -1.49639356],[0.22406848 0.08050787]
1989,1.9889999999998917,[-0.17995752  1.49753612],[-0.06869479 -2.99901785],[ 0.27487621 -1.48052238],[0.22452283 0.08050331]
1990,1.9899999999998916,[-0.18002594  1.49453562],[-0.06841992 -3.00049837],[ 0.27556271 -1.46466192],[0.22497711 0.08049794]
1991,1.9909999999998915,[-0.18009408  1.49153366],[-0.06814435 -3.00196303],[ 0.27625332 -1.44881259],[0.22543133 0.08049177]
1992,1.9919999999998914,[-0.18016195  1.48853024],[-0.0678681  -3.00341184],[ 0.27694806 -1.43297476],[0.2258855  0.08048478]
1993,1.9929999999998913,[-0.18022954  1.4855254 ],[-0.06759115 -3.00484482],[ 0.27764691 -1.41714885],[0.22633959 0.08047699]
1994,1.9939999999998912,[-0.18029685  1.48251914],[-0.06731351 -3.00626197],[ 0.27834988 -1.40133524],[0.22679363 0.08046839]
1995,1.994999999999891,[-0.18036389  1.47951147],[-0.06703516 -3.0076633 ],[ 0.27905697 -1.38553433],[0.2272476  0.08045897]
1996,1.995999999999891,[-0.18043065  1.47650243],[-0.0667561  -3.00904884],[ 0.27976819 -1.36974651],[0.2277015  0.08044874]
1997,1.9969999999998909,[-0.18049712  1.47349201],[-0.06647633 -3.01041858],[ 0.28048353 -1.35397219],[0.22815533 0.08043769]
1998,1.9979999999998908,[-0.18056332  1.47048023],[-0.06619585 -3.01177255],[ 0.28120299 -1.33821176],[0.22860909 0.08042583]
1999,1.9989999999998906,[-0.18062923  1.46746712],[-0.06591464 -3.01311077],[ 0.28192658 -1.32246561],[0.22906279 0.08041314]
2000,1.9999999999998905,[-0.18069487  1.46445269],[-0.06563272 -3.01443323],[ 0.2826543  -1.30673415],[0.22951641 0.08039964]
2001,2.0009999999998906,[-0.18076022  1.46143695],[-0.06535006 -3.01573997],[ 0.28338614 -1.29101777],[0.22996995 0.08038532]
2002,2.0019999999998905,[-0.18082528  1.45841992],[-0.06506668 -3.01703098],[ 0.28412211 -1.27531687],[0.23042343 0.08037017]
2003,2.0029999999998904,[-0.18089006  1.45540161],[-0.06478255 -3.0183063 ],[ 0.2848622  -1.25963185],[0.23087682 0.0803542 ]
2004,2.0039999999998903,[-0.18095456  1.45238205],[-0.06449769 -3.01956593],[ 0.28560641 -1.24396312],[0.23133014 0.08033741]
2005,2.00499999999989,[-0.18101877  1.44936124],[-0.06421209 -3.0208099 ],[ 0.28635474 -1.22831106],[0.23178338 0.08031979]
2006,2.00599999999989,[-0.1810827  1.4463392],[-0.06392573 -3.02203821],[ 0.28710719 -1.21267608],[0.23223654 0.08030134]
2007,2.00699999999989,[-0.18114634  1.44331595],[-0.06363862 -3.02325088],[ 0.28786376 -1.19705859],[0.23268962 0.08028207]
2008,2.00799999999989,[-0.18120969  1.4402915 ],[-0.06335076 -3.02444794],[ 0.28862445 -1.18145897],[0.23314262 0.08026196]
2009,2.0089999999998898,[-0.18127275  1.43726587],[-0.06306214 -3.0256294 ],[ 0.28938925 -1.16587763],[0.23359553 0.08024102]
2010,2.0099999999998897,[-0.18133552  1.43423908],[-0.06277275 -3.02679528],[ 0.29015815 -1.15031497],[0.23404836 0.08021925]
2011,2.0109999999998895,[-0.18139801  1.43121113],[-0.06248259 -3.02794559],[ 0.29093116 -1.13477139],[0.2345011  0.08019665]
2012,2.0119999999998894,[-0.1814602   1.42818205],[-0.06219166 -3.02908036],[ 0.29170828 -1.11924729],[0.23495376 0.08017321]
2013,2.0129999999998893,[-0.1815221   1.42515185],[-0.06189995 -3.03019961],[ 0.29248949 -1.10374308],[0.23540632 0.08014894]
2014,2.013999999999889,[-0.18158371  1.42212055],[-0.06160746 -3.03130336],[ 0.2932748  -1.08825914],[0.2358588  0.08012383]
2015,2.014999999999889,[-0.18164502  1.41908816],[-0.06131419 -3.03239161],[ 0.2940642  -1.07279589],[0.23631118 0.08009789]
2016,2.015999999999889,[-0.18170604  1.41605469],[-0.06102012 -3.03346441],[ 0.29485768 -1.05735373],[0.23676347 0.0800711 ]
2017,2.016999999999889,[-0.18176677  1.41302017],[-0.06072526 -3.03452176],[ 0.29565525 -1.04193304],[0.23721567 0.08004348]
2018,2.0179999999998888,[-0.1818272   1.40998461],[-0.06042961 -3.0355637 ],[ 0.29645689 -1.02653424],[0.23766777 0.08001502]
2019,2.0189999999998887,[-0.18188733  1.40694801],[-0.06013315 -3.03659023],[ 0.29726259 -1.01115772],[0.23811978 0.07998571]
2020,2.0199999999998886,[-0.18194716  1.40391041],[-0.05983589 -3.03760139],[ 0.29807237 -0.99580389],[0.23857169 0.07995557]
2021,2.0209999999998884,[-0.1820067   1.40087182],[-0.05953782 -3.03859719],[ 0.2988862  -0.98047313],[0.2390235  0.07992458]
2022,2.0219999999998883,[-0.18206594  1.39783224],[-0.05923893 -3.03957767],[ 0.29970407 -0.96516586],[0.23947521 0.07989275]
2023,2.022999999999888,[-0.18212488  1.3947917 ],[-0.05893923 -3.04054283],[ 0.300526   -0.94988248],[0.23992681 0.07986007]
2024,2.023999999999888,[-0.18218352  1.3917502 ],[-0.0586387  -3.04149271],[ 0.30135196 -0.93462337],[0.24037832 0.07982655]
2025,2.024999999999888,[-0.18224186  1.38870778],[-0.05833735 -3.04242734],[ 0.30218195 -0.91938894],[0.24082972 0.07979218]
2026,2.025999999999888,[-0.18229989  1.38566443],[-0.05803517 -3.04334673],[ 0.30301596 -0.90417958],[0.24128101 0.07975696]
2027,2.026999999999888,[-0.18235762  1.38262018],[-0.05773215 -3.04425091],[ 0.30385398 -0.8889957 ],[0.2417322 0.0797209]
2028,2.0279999999998877,[-0.18241505  1.37957504],[-0.0574283 -3.0451399],[ 0.30469601 -0.8738377 ],[0.24218328 0.07968399]
2029,2.0289999999998876,[-0.18247218  1.37652902],[-0.0571236  -3.04601374],[ 0.30554204 -0.85870595],[0.24263425 0.07964623]
2030,2.0299999999998875,[-0.18252899  1.37348215],[-0.05681806 -3.04687245],[ 0.30639206 -0.84360088],[0.24308511 0.07960762]
2031,2.0309999999998873,[-0.18258551  1.37043444],[-0.05651167 -3.04771605],[ 0.30724605 -0.82852286],[0.24353586 0.07956817]
2032,2.0319999999998872,[-0.18264171  1.36738589],[-0.05620442 -3.04854457],[ 0.30810401 -0.81347229],[0.24398649 0.07952786]
2033,2.032999999999887,[-0.18269761  1.36433653],[-0.05589632 -3.04935804],[ 0.30896594 -0.79844958],[0.24443701 0.0794867 ]
2034,2.033999999999887,[-0.18275319  1.36128638],[-0.05558735 -3.05015649],[ 0.30983181 -0.78345511],[0.24488741 0.07944469]
2035,2.034999999999887,[-0.18280847  1.35823544],[-0.05527752 -3.05093995],[ 0.31070162 -0.76848927],[0.2453377  0.07940182]
2036,2.035999999999887,[-0.18286344  1.35518373],[-0.05496682 -3.05170844],[ 0.31157536 -0.75355246],[0.24578787 0.07935811]
2037,2.0369999999998867,[-0.18291809  1.35213127],[-0.05465524 -3.05246199],[ 0.31245302 -0.73864507],[0.24623792 0.07931354]
2038,2.0379999999998866,[-0.18297244  1.34907807],[-0.05434279 -3.05320063],[ 0.31333459 -0.72376749],[0.24668785 0.07926812]
2039,2.0389999999998865,[-0.18302647  1.34602414],[-0.05402945 -3.0539244 ],[ 0.31422005 -0.7089201 ],[0.24713765 0.07922184]
2040,2.0399999999998863,[-0.18308018  1.34296951],[-0.05371523 -3.05463332],[ 0.3151094  -0.69410331],[0.24758733 0.07917471]
2041,2.0409999999998862,[-0.18313358  1.33991418],[-0.05340012 -3.05532742],[ 0.31600261 -0.6793175 ],[0.24803689 0.07912673]
2042,2.041999999999886,[-0.18318666  1.33685817],[-0.05308412 -3.05600674],[ 0.31689969 -0.66456305],[0.24848632 0.07907789]
2043,2.042999999999886,[-0.18323943  1.3338015 ],[-0.05276722 -3.0566713 ],[ 0.31780061 -0.64984035],[0.24893562 0.07902819]
2044,2.043999999999886,[-0.18329188  1.33074418],[-0.05244942 -3.05732114],[ 0.31870537 -0.63514978],[0.2493848  0.07897764]
2045,2.044999999999886,[-0.18334401  1.32768623],[-0.05213072 -3.05795629],[ 0.31961395 -0.62049174],[0.24983384 0.07892624]
2046,2.0459999999998857,[-0.18339582  1.32462765],[-0.0518111  -3.05857679],[ 0.32052633 -0.6058666 ],[0.25028276 0.07887398]
2047,2.0469999999998856,[-0.18344731  1.32156847],[-0.05149058 -3.05918265],[ 0.32144251 -0.59127475],[0.25073154 0.07882086]
2048,2.0479999999998855,[-0.18349848  1.31850869],[-0.05116913 -3.05977393],[ 0.32236248 -0.57671656],[0.25118019 0.07876689]
2049,2.0489999999998854,[-0.18354933  1.31544834],[-0.05084677 -3.06035064],[ 0.3232862  -0.56219242],[0.2516287  0.07871206]
2050,2.0499999999998852,[-0.18359985  1.31238743],[-0.05052348 -3.06091284],[ 0.32421368 -0.54770271],[0.25207708 0.07865637]
2051,2.050999999999885,[-0.18365005  1.30932597],[-0.05019927 -3.06146054],[ 0.3251449 -0.5332478],[0.25252531 0.07859983]
2052,2.051999999999885,[-0.18369993  1.30626397],[-0.04987413 -3.06199379],[ 0.32607983 -0.51882807],[0.25297341 0.07854243]
2053,2.052999999999885,[-0.18374947  1.30320146],[-0.04954805 -3.06251262],[ 0.32701848 -0.50444389],[0.25342137 0.07848418]
2054,2.053999999999885,[-0.1837987   1.30013844],[-0.04922103 -3.06301706],[ 0.32796081 -0.49009564],[0.25386919 0.07842507]
2055,2.0549999999998847,[-0.18384759  1.29707494],[-0.04889307 -3.06350715],[ 0.32890683 -0.47578369],[0.25431687 0.0783651 ]
2056,2.0559999999998846,[-0.18389615  1.29401095],[-0.04856416 -3.06398294],[ 0.3298565  -0.46150841],[0.2547644  0.07830427]
2057,2.0569999999998845,[-0.18394439  1.29094651],[-0.0482343  -3.06444445],[ 0.33080981 -0.44727017],[0.25521178 0.07824259]
2058,2.0579999999998844,[-0.18399229  1.28788162],[-0.04790349 -3.06489172],[ 0.33176676 -0.43306934],[0.25565902 0.07818006]
2059,2.0589999999998843,[-0.18403986  1.28481629],[-0.04757173 -3.06532479],[ 0.33272731 -0.41890629],[0.25610611 0.07811666]
2060,2.059999999999884,[-0.1840871   1.28175055],[-0.047239   -3.06574369],[ 0.33369146 -0.40478137],[0.25655306 0.07805241]
2061,2.060999999999884,[-0.18413401  1.2786844 ],[-0.04690531 -3.06614847],[ 0.33465918 -0.39069495],[0.25699985 0.07798731]
2062,2.061999999999884,[-0.18418058  1.27561786],[-0.04657065 -3.06653917],[ 0.33563046 -0.3766474 ],[0.25744649 0.07792135]
2063,2.062999999999884,[-0.18422681  1.27255095],[-0.04623502 -3.06691582],[ 0.33660528 -0.36263908],[0.25789298 0.07785453]
2064,2.0639999999998837,[-0.18427271  1.26948367],[-0.04589841 -3.06727846],[ 0.33758363 -0.34867033],[0.25833931 0.07778686]
2065,2.0649999999998836,[-0.18431827  1.26641604],[-0.04556083 -3.06762713],[ 0.33856548 -0.33474153],[0.25878549 0.07771834]
2066,2.0659999999998835,[-0.18436349  1.26334808],[-0.04522226 -3.06796187],[ 0.33955081 -0.32085302],[0.25923151 0.07764896]
2067,2.0669999999998834,[-0.18440838  1.2602798 ],[-0.04488271 -3.06828272],[ 0.34053962 -0.30700515],[0.25967737 0.07757872]
2068,2.0679999999998833,[-0.18445292  1.25721121],[-0.04454217 -3.06858973],[ 0.34153187 -0.29319829],[0.26012307 0.07750763]
2069,2.068999999999883,[-0.18449712  1.25414232],[-0.04420064 -3.06888292],[ 0.34252756 -0.27943277],[0.26056861 0.07743569]
2070,2.069999999999883,[-0.18454098  1.25107316],[-0.04385811 -3.06916236],[ 0.34352665 -0.26570895],[0.26101399 0.0773629 ]
2071,2.070999999999883,[-0.18458449  1.24800373],[-0.04351459 -3.06942807],[ 0.34452914 -0.25202717],[0.26145921 0.07728925]
2072,2.071999999999883,[-0.18462766  1.24493405],[-0.04317006 -3.06968009],[ 0.345535   -0.23838778],[0.26190427 0.07721475]
2073,2.0729999999998827,[-0.18467049  1.24186413],[-0.04282452 -3.06991848],[ 0.34654421 -0.22479111],[0.26234915 0.0771394 ]
2074,2.0739999999998826,[-0.18471296  1.23879399],[-0.04247798 -3.07014327],[ 0.34755675 -0.2112375 ],[0.26279387 0.0770632 ]
2075,2.0749999999998825,[-0.18475509  1.23572364],[-0.04213042 -3.07035451],[ 0.3485726  -0.19772731],[0.26323843 0.07698615]
2076,2.0759999999998824,[-0.18479688  1.23265308],[-0.04178185 -3.07055224],[ 0.34959174 -0.18426085],[0.26368281 0.07690825]
2077,2.0769999999998823,[-0.18483831  1.22958235],[-0.04143226 -3.0707365 ],[ 0.35061416 -0.17083846],[0.26412702 0.0768295 ]
2078,2.077999999999882,[-0.18487939  1.22651144],[-0.04108164 -3.07090734],[ 0.35163982 -0.15746048],[0.26457106 0.0767499 ]
2079,2.078999999999882,[-0.18492012  1.22344038],[-0.04073   -3.0710648],[ 0.3526687  -0.14412724],[0.26501493 0.07666945]
2080,2.079999999999882,[-0.1849605   1.22036917],[-0.04037734 -3.07120892],[ 0.3537008  -0.13083905],[0.26545862 0.07658816]
2081,2.080999999999882,[-0.18500052  1.21729783],[-0.04002363 -3.07133976],[ 0.35473607 -0.11759625],[0.26590213 0.07650602]
2082,2.0819999999998817,[-0.18504019  1.21422637],[-0.0396689  -3.07145736],[ 0.35577451 -0.10439916],[0.26634547 0.07642303]
2083,2.0829999999998816,[-0.1850795   1.21115481],[-0.03931312 -3.07156176],[ 0.3568161  -0.09124809],[0.26678863 0.0763392 ]
2084,2.0839999999998815,[-0.18511846  1.20808315],[-0.03895631 -3.07165301],[ 0.35786079 -0.07814338],[0.26723162 0.07625452]
2085,2.0849999999998814,[-0.18515706  1.20501142],[-0.03859845 -3.07173115],[ 0.35890859 -0.06508532],[0.26767442 0.076169  ]
2086,2.0859999999998813,[-0.1851953   1.20193963],[-0.03823954 -3.07179623],[ 0.35995946 -0.05207424],[0.26811704 0.07608264]
2087,2.086999999999881,[-0.18523318  1.19886778],[-0.03787958 -3.07184831],[ 0.36101338 -0.03911044],[0.26855947 0.07599544]
2088,2.087999999999881,[-0.1852707   1.19579589],[-0.03751857 -3.07188742],[ 0.36207032 -0.02619424],[0.26900172 0.07590739]
2089,2.088999999999881,[-0.18530785  1.19272398],[-0.0371565  -3.07191361],[ 0.36313027 -0.01332593],[0.26944379 0.07581851]
2090,2.089999999999881,[-0.18534465  1.18965205],[-0.03679336 -3.07192694],[ 0.3641932  -0.00050583],[0.26988566 0.07572878]
2091,2.0909999999998807,[-0.18538108  1.18658012],[-0.03642917 -3.07192745],[0.36525909 0.01226577],[0.27032735 0.07563822]
2092,2.0919999999998806,[-0.18541714  1.18350821],[-0.03606391 -3.07191518],[0.36632792 0.02498856],[0.27076885 0.07554682]
2093,2.0929999999998805,[-0.18545284  1.18043632],[-0.03569758 -3.07189019],[0.36739965 0.03766227],[0.27121016 0.07545459]
2094,2.0939999999998804,[-0.18548817  1.17736447],[-0.03533019 -3.07185253],[0.36847427 0.05028658],[0.27165128 0.07536152]
2095,2.0949999999998803,[-0.18552313  1.17429266],[-0.03496171 -3.07180224],[0.36955175 0.06286121],[0.2720922  0.07526761]
2096,2.09599999999988,[-0.18555772  1.17122092],[-0.03459216 -3.07173938],[0.37063207 0.07538588],[0.27253293 0.07517287]
2097,2.09699999999988,[-0.18559194  1.16814926],[-0.03422153 -3.071664  ],[0.37171521 0.08786029],[0.27297346 0.0750773 ]
2098,2.09799999999988,[-0.18562579  1.16507768],[-0.03384981 -3.07157613],[0.37280113 0.10028417],[0.2734138 0.0749809]
2099,2.09899999999988,[-0.18565927  1.16200621],[-0.03347701 -3.07147585],[0.37388982 0.11265724],[0.27385393 0.07488368]
2100,2.0999999999998797,[-0.18569237  1.15893485],[-0.03310312 -3.07136319],[0.37498125 0.12497922],[0.27429387 0.07478562]
2101,2.1009999999998796,[-0.1857251   1.15586361],[-0.03272814 -3.07123821],[0.37607539 0.13724984],[0.27473361 0.07468673]
2102,2.1019999999998795,[-0.18575745  1.15279251],[-0.03235206 -3.07110096],[0.37717222 0.14946882],[0.27517314 0.07458702]
2103,2.1029999999998794,[-0.18578943  1.14972155],[-0.03197489 -3.0709515 ],[0.37827171 0.1616359 ],[0.27561248 0.07448649]
2104,2.1039999999998793,[-0.18582102  1.14665076],[-0.03159662 -3.07078986],[0.37937385 0.17375082],[0.2760516  0.07438513]
2105,2.104999999999879,[-0.18585224  1.14358015],[-0.03121725 -3.07061611],[0.38047859 0.1858133 ],[0.27649052 0.07428295]
2106,2.105999999999879,[-0.18588308  1.14050972],[-0.03083677 -3.0704303 ],[0.38158593 0.1978231 ],[0.27692924 0.07417994]
2107,2.106999999999879,[-0.18591353  1.13743949],[-0.03045518 -3.07023247],[0.38269582 0.20977996],[0.27736774 0.07407612]
2108,2.107999999999879,[-0.18594361  1.13436946],[-0.03007249 -3.07002269],[0.38380825 0.22168362],[0.27780604 0.07397148]
2109,2.1089999999998787,[-0.18597329  1.13129966],[-0.02968868 -3.06980101],[0.38492319 0.23353383],[0.27824413 0.07386603]
2110,2.1099999999998786,[-0.1860026   1.12823009],[-0.02930375 -3.06956747],[0.38604062 0.24533036],[0.278682   0.07375976]
2111,2.1109999999998785,[-0.18603152  1.12516077],[-0.02891771 -3.06932214],[0.3871605  0.25707294],[0.27911966 0.07365267]
2112,2.1119999999998784,[-0.18606005  1.12209171],[-0.02853055 -3.06906507],[0.38828281 0.26876135],[0.27955711 0.07354477]
2113,2.1129999999998783,[-0.18608819  1.11902291],[-0.02814227 -3.06879631],[0.38940753 0.28039534],[0.27999434 0.07343607]
2114,2.113999999999878,[-0.18611594  1.1159544 ],[-0.02775286 -3.06851591],[0.39053463 0.29197468],[0.28043135 0.07332655]
2115,2.114999999999878,[-0.1861433   1.11288617],[-0.02736233 -3.06822394],[0.39166407 0.30349914],[0.28086815 0.07321622]
2116,2.115999999999878,[-0.18617027  1.10981825],[-0.02697066 -3.06792044],[0.39279584 0.3149685 ],[0.28130472 0.07310509]
2117,2.116999999999878,[-0.18619685  1.10675065],[-0.02657787 -3.06760547],[0.39392991 0.32638251],[0.28174108 0.07299316]
2118,2.1179999999998778,[-0.18622304  1.10368337],[-0.02618394 -3.06727909],[0.39506625 0.33774098],[0.28217722 0.07288042]
2119,2.1189999999998776,[-0.18624883  1.10061642],[-0.02578887 -3.06694135],[0.39620483 0.34904367],[0.28261313 0.07276688]
2120,2.1199999999998775,[-0.18627422  1.09754983],[-0.02539267 -3.06659231],[0.39734563 0.36029037],[0.28304881 0.07265254]
2121,2.1209999999998774,[-0.18629921  1.0944836 ],[-0.02499532 -3.06623202],[0.39848862 0.37148087],[0.28348428 0.0725374 ]
2122,2.1219999999998773,[-0.18632381  1.09141774],[-0.02459683 -3.06586053],[0.39963377 0.38261496],[0.28391951 0.07242147]
2123,2.122999999999877,[-0.18634801  1.08835226],[-0.0241972  -3.06547792],[0.40078106 0.39369244],[0.28435452 0.07230474]
2124,2.123999999999877,[-0.1863718   1.08528718],[-0.02379642 -3.06508423],[0.40193045 0.4047131 ],[0.2847893  0.07218722]
2125,2.124999999999877,[-0.1863952  1.0822225],[-0.02339449 -3.06467951],[0.40308193 0.41567675],[0.28522385 0.07206891]
2126,2.125999999999877,[-0.18641819  1.07915823],[-0.02299141 -3.06426384],[0.40423545 0.42658319],[0.28565816 0.0719498 ]
2127,2.1269999999998768,[-0.18644078  1.0760944 ],[-0.02258717 -3.06383725],[0.405391   0.43743223],[0.28609225 0.07182991]
2128,2.1279999999998767,[-0.18646296  1.073031  ],[-0.02218178 -3.06339982],[0.40654855 0.44822369],[0.2865261  0.07170924]
2129,2.1289999999998765,[-0.18648473  1.06996805],[-0.02177523 -3.0629516 ],[0.40770806 0.45895736],[0.28695971 0.07158778]
2130,2.1299999999998764,[-0.1865061   1.06690555],[-0.02136752 -3.06249264],[0.40886952 0.46963309],[0.28739309 0.07146554]
2131,2.1309999999998763,[-0.18652706  1.06384353],[-0.02095865 -3.06202301],[0.41003289 0.48025068],[0.28782623 0.07134252]
2132,2.131999999999876,[-0.18654761  1.06078199],[-0.02054862 -3.06154276],[0.41119815 0.49080997],[0.28825914 0.07121872]
2133,2.132999999999876,[-0.18656775  1.05772094],[-0.02013742 -3.06105195],[0.41236526 0.50131078],[0.2886918  0.07109414]
2134,2.133999999999876,[-0.18658747  1.05466038],[-0.01972506 -3.06055064],[0.41353421 0.51175294],[0.28912422 0.07096879]
2135,2.134999999999876,[-0.18660678  1.05160035],[-0.01931152 -3.06003888],[0.41470495 0.5221363 ],[0.2895564  0.07084267]
2136,2.1359999999998758,[-0.18662568  1.04854083],[-0.01889682 -3.05951675],[0.41587747 0.53246069],[0.28998834 0.07071578]
2137,2.1369999999998757,[-0.18664416  1.04548184],[-0.01848094 -3.05898429],[0.41705174 0.54272596],[0.29042003 0.07058812]
2138,2.1379999999998756,[-0.18666222  1.0424234 ],[-0.01806389 -3.05844156],[0.41822772 0.55293194],[0.29085148 0.07045969]
2139,2.1389999999998754,[-0.18667987  1.03936551],[-0.01764566 -3.05788863],[0.41940539 0.56307851],[0.29128268 0.0703305 ]
2140,2.1399999999998753,[-0.1866971   1.03630819],[-0.01722626 -3.05732555],[0.42058473 0.5731655 ],[0.29171363 0.07020054]
2141,2.1409999999998752,[-0.1867139   1.03325144],[-0.01680567 -3.05675238],[0.4217657  0.58319277],[0.29214433 0.07006983]
2142,2.141999999999875,[-0.18673029  1.03019527],[-0.01638391 -3.05616919],[0.42294827 0.5931602 ],[0.29257478 0.06993836]
2143,2.142999999999875,[-0.18674625  1.02713969],[-0.01596096 -3.05557603],[0.42413242 0.60306763],[0.29300498 0.06980613]
2144,2.143999999999875,[-0.18676178  1.02408472],[-0.01553682 -3.05497296],[0.42531812 0.61291495],[0.29343493 0.06967315]
2145,2.144999999999875,[-0.18677689  1.02103036],[-0.01511151 -3.05436005],[0.42650534 0.62270202],[0.29386462 0.06953942]
2146,2.1459999999998747,[-0.18679158  1.01797662],[-0.014685   -3.05373735],[0.42769405 0.63242871],[0.29429406 0.06940494]
2147,2.1469999999998746,[-0.18680584  1.01492352],[-0.01425731 -3.05310492],[0.42888423 0.64209492],[0.29472324 0.06926971]
2148,2.1479999999998745,[-0.18681967  1.01187105],[-0.01382842 -3.05246282],[0.43007584 0.65170052],[0.29515216 0.06913373]
2149,2.1489999999998743,[-0.18683306  1.00881924],[-0.01339835 -3.05181112],[0.43126886 0.6612454 ],[0.29558082 0.06899701]
2150,2.1499999999998742,[-0.18684603  1.00576809],[-0.01296708 -3.05114988],[0.43246326 0.67072945],[0.29600923 0.06885956]
2151,2.150999999999874,[-0.18685857  1.00271761],[-0.01253462 -3.05047915],[0.43365901 0.68015256],[0.29643737 0.06872136]
2152,2.151999999999874,[-0.18687067  0.99966781],[-0.01210096 -3.049799  ],[0.43485608 0.68951464],[0.29686525 0.06858243]
2153,2.152999999999874,[-0.18688233  0.9966187 ],[-0.0116661  -3.04910948],[0.43605445 0.69881558],[0.29729287 0.06844277]
2154,2.153999999999874,[-0.18689356  0.99357029],[-0.01123005 -3.04841066],[0.43725409 0.7080553 ],[0.29772022 0.06830237]
2155,2.1549999999998737,[-0.18690436  0.99052259],[-0.01079279 -3.04770261],[0.43845496 0.71723369],[0.29814731 0.06816124]
2156,2.1559999999998736,[-0.18691471  0.98747561],[-0.01035434 -3.04698538],[0.43965705 0.72635067],[0.29857413 0.06801939]
2157,2.1569999999998735,[-0.18692462  0.98442935],[-0.00991468 -3.04625903],[0.44086032 0.73540616],[0.29900068 0.06787682]
2158,2.1579999999998734,[-0.1869341   0.98138382],[-0.00947382 -3.04552362],[0.44206474 0.74440009],[0.29942697 0.06773352]
2159,2.1589999999998732,[-0.18694313  0.97833904],[-0.00903175 -3.04477922],[0.44327029 0.75333236],[0.29985298 0.0675895 ]
2160,2.159999999999873,[-0.18695172  0.97529502],[-0.00858848 -3.04402589],[0.44447694 0.76220292],[0.30027872 0.06744477]
2161,2.160999999999873,[-0.18695986  0.97225175],[-0.00814401 -3.04326368],[0.44568466 0.77101169],[0.30070419 0.06729932]
2162,2.161999999999873,[-0.18696756  0.96920926],[-0.00769832 -3.04249267],[0.44689342 0.77975861],[0.30112938 0.06715316]
2163,2.162999999999873,[-0.18697481  0.96616755],[-0.00725143 -3.04171291],[0.4481032  0.78844362],[0.3015543  0.06700629]
2164,2.1639999999998727,[-0.18698162  0.96312662],[-0.00680333 -3.04092447],[0.44931396 0.79706665],[0.30197894 0.06685872]
2165,2.1649999999998726,[-0.18698797  0.9600865 ],[-0.00635401 -3.0401274 ],[0.45052569 0.80562767],[0.30240331 0.06671044]
2166,2.1659999999998725,[-0.18699387  0.95704718],[-0.00590349 -3.03932178],[0.45173835 0.81412661],[0.3028274  0.06656145]
2167,2.1669999999998724,[-0.18699932  0.95400867],[-0.00545175 -3.03850765],[0.45295191 0.82256343],[0.3032512  0.06641177]
2168,2.1679999999998723,[-0.18700432  0.95097098],[-0.0049988  -3.03768509],[0.45416635 0.83093809],[0.30367473 0.06626139]
2169,2.168999999999872,[-0.18700887  0.94793413],[-0.00454463 -3.03685415],[0.45538163 0.83925055],[0.30409797 0.06611032]
2170,2.169999999999872,[-0.18701296  0.94489811],[-0.00408925 -3.0360149 ],[0.45659774 0.84750077],[0.30452094 0.06595855]
2171,2.170999999999872,[-0.18701659  0.94186295],[-0.00363265 -3.0351674 ],[0.45781465 0.85568873],[0.30494361 0.0658061 ]
2172,2.171999999999872,[-0.18701977  0.93882863],[-0.00317484 -3.03431171],[0.45903232 0.86381439],[0.30536601 0.06565296]
2173,2.1729999999998717,[-0.18702248  0.93579519],[-2.71580320e-03 -3.03344789e+00],[0.46025073 0.87187774],[0.30578811 0.06549913]
2174,2.1739999999998716,[-0.18702474  0.93276261],[-2.25555247e-03 -3.03257602e+00],[0.46146986 0.87987875],[0.30620993 0.06534462]
2175,2.1749999999998715,[-0.18702653  0.92973091],[-1.79408262e-03 -3.03169614e+00],[0.46268967 0.8878174 ],[0.30663146 0.06518944]
2176,2.1759999999998714,[-0.18702786  0.92670011],[-1.33139295e-03 -3.03080832e+00],[0.46391013 0.89569368],[0.3070527  0.06503358]
2177,2.1769999999998713,[-0.18702873  0.92367019],[-8.67482814e-04 -3.02991263e+00],[0.46513124 0.90350759],[0.30747365 0.06487705]
2178,2.177999999999871,[-0.18702913  0.92064118],[-4.02351579e-04 -3.02900912e+00],[0.46635294 0.91125912],[0.3078943  0.06471984]
2179,2.178999999999871,[-0.18702907  0.91761309],[ 6.40013625e-05 -3.02809786e+00],[0.46757522 0.91894827],[0.30831467 0.06456197]
2180,2.179999999999871,[-0.18702854  0.91458591],[ 5.31576587e-04 -3.02717891e+00],[0.46879806 0.92657503],[0.30873474 0.06440343]
2181,2.180999999999871,[-0.18702754  0.91155966],[ 1.00037465e-03 -3.02625234e+00],[0.47002142 0.93413941],[0.30915451 0.06424423]
2182,2.1819999999998707,[-0.18702607  0.90853434],[ 1.47039607e-03 -3.02531820e+00],[0.47124528 0.94164143],[0.30957399 0.06408437]
2183,2.1829999999998706,[-0.18702412  0.90550996],[ 1.94164134e-03 -3.02437655e+00],[0.47246961 0.9490811 ],[0.30999316 0.06392385]
2184,2.1839999999998705,[-0.18702171  0.90248653],[ 2.41411095e-03 -3.02342747e+00],[0.47369438 0.95645842],[0.31041205 0.06376268]
2185,2.1849999999998704,[-0.18701882  0.89946406],[ 2.88780534e-03 -3.02247101e+00],[0.47491958 0.96377343],[0.31083063 0.06360086]
2186,2.1859999999998703,[-0.18701546  0.89644255],[ 0.00336272 -3.02150724],[0.47614517 0.97102615],[0.31124891 0.06343839]
2187,2.18699999999987,[-0.18701162  0.89342202],[ 0.00383887 -3.02053622],[0.47737112 0.97821659],[0.31166688 0.06327527]
2188,2.18799999999987,[-0.1870073   0.89040246],[ 0.00431624 -3.019558  ],[0.47859742 0.9853448 ],[0.31208456 0.06311152]
2189,2.18899999999987,[-0.18700251  0.88738389],[ 0.00479484 -3.01857265],[0.47982404 0.99241081],[0.31250193 0.06294712]
2190,2.18999999999987,[-0.18699723  0.88436631],[ 0.00527466 -3.01758024],[0.48105094 0.99941465],[0.31291899 0.06278208]
2191,2.1909999999998697,[-0.18699148  0.88134973],[ 0.00575571 -3.01658083],[0.4822781  1.00635637],[0.31333575 0.06261641]
2192,2.1919999999998696,[-0.18698524  0.87833415],[ 0.00623799 -3.01557447],[0.48350551 1.01323601],[0.3137522 0.0624501]
2193,2.1929999999998695,[-0.18697852  0.87531959],[ 0.0067215  -3.01456124],[0.48473313 1.02005362],[0.31416834 0.06228317]
2194,2.1939999999998694,[-0.18697131  0.87230605],[ 0.00720623 -3.01354118],[0.48596094 1.02680925],[0.31458417 0.06211562]
2195,2.1949999999998693,[-0.18696362  0.86929354],[ 0.00769219 -3.01251437],[0.48718891 1.03350296],[0.31499969 0.06194744]
2196,2.195999999999869,[-0.18695544  0.86628205],[ 0.00817938 -3.01148087],[0.48841702 1.0401348 ],[0.3154149  0.06177863]
2197,2.196999999999869,[-0.18694677  0.86327161],[ 0.0086678  -3.01044074],[0.48964524 1.04670484],[0.31582979 0.06160922]
2198,2.197999999999869,[-0.18693762  0.86026222],[ 0.00915744 -3.00939403],[0.49087355 1.05321314],[0.31624437 0.06143919]
2199,2.198999999999869,[-0.18692797  0.85725388],[ 0.00964832 -3.00834082],[0.49210192 1.05965977],[0.31665864 0.06126854]
2200,2.1999999999998687,[-0.18691783  0.8542466 ],[ 0.01014042 -3.00728116],[0.49333033 1.06604481],[0.31707259 0.06109729]
2201,2.2009999999998686,[-0.18690719  0.85124038],[ 0.01063375 -3.00621511],[0.49455876 1.07236833],[0.31748622 0.06092543]
2202,2.2019999999998685,[-0.18689607  0.84823524],[ 0.01112831 -3.00514274],[0.49578718 1.07863041],[0.31789953 0.06075297]
2203,2.2029999999998684,[-0.18688444  0.84523118],[ 0.01162409 -3.00406411],[0.49701556 1.08483112],[0.31831253 0.06057992]
2204,2.2039999999998683,[-0.18687232  0.8422282 ],[ 0.01212111 -3.00297928],[0.49824389 1.09097057],[0.3187252  0.06040626]
2205,2.204999999999868,[-0.1868597   0.83922631],[ 0.01261935 -3.00188831],[0.49947213 1.09704883],[0.31913755 0.06023201]
2206,2.205999999999868,[-0.18684658  0.83622552],[ 0.01311883 -3.00079126],[0.50070027 1.103066  ],[0.31954958 0.06005717]
2207,2.206999999999868,[-0.18683296  0.83322583],[ 0.01361953 -2.9996882 ],[0.50192828 1.10902217],[0.31996128 0.05988174]
2208,2.207999999999868,[-0.18681884  0.83022725],[ 0.01412145 -2.99857918],[0.50315614 1.11491744],[0.32037266 0.05970573]
2209,2.2089999999998677,[-0.18680422  0.82722979],[ 0.01462461 -2.99746426],[0.50438382 1.12075192],[0.32078371 0.05952914]
2210,2.2099999999998676,[-0.18678909  0.82423344],[ 0.01512899 -2.99634351],[0.50561131 1.1265257 ],[0.32119443 0.05935197]
2211,2.2109999999998675,[-0.18677345  0.82123823],[ 0.01563461 -2.99521698],[0.50683857 1.13223891],[0.32160483 0.05917422]
2212,2.2119999999998674,[-0.18675731  0.81824414],[ 0.01614144 -2.99408474],[0.50806559 1.13789164],[0.3220149 0.0589959]
2213,2.2129999999998673,[-0.18674066  0.81525119],[ 0.01664951 -2.99294685],[0.50929233 1.14348401],[0.32242464 0.05881701]
2214,2.213999999999867,[-0.1867235   0.81225939],[ 0.0171588  -2.99180337],[0.51051879 1.14901615],[0.32283404 0.05863755]
2215,2.214999999999867,[-0.18670583  0.80926874],[ 0.01766932 -2.99065435],[0.51174494 1.15448816],[0.32324311 0.05845753]
2216,2.215999999999867,[-0.18668765  0.80627924],[ 0.01818107 -2.98949986],[0.51297075 1.15990019],[0.32365185 0.05827695]
2217,2.216999999999867,[-0.18666896  0.8032909 ],[ 0.01869404 -2.98833996],[0.5141962  1.16525234],[0.32406026 0.05809582]
2218,2.2179999999998667,[-0.18664975  0.80030372],[ 0.01920823 -2.98717471],[0.51542128 1.17054475],[0.32446833 0.05791412]
2219,2.2189999999998666,[-0.18663003  0.79731772],[ 0.01972365 -2.98600416],[0.51664595 1.17577756],[0.32487606 0.05773188]
2220,2.2199999999998665,[-0.18660979  0.79433289],[ 0.0202403  -2.98482839],[0.5178702 1.1809509],[0.32528345 0.05754909]
2221,2.2209999999998664,[-0.18658903  0.79134924],[ 0.02075817 -2.98364744],[0.519094   1.18606491],[0.32569051 0.05736576]
2222,2.2219999999998663,[-0.18656775  0.78836678],[ 0.02127726 -2.98246137],[0.52031734 1.19111973],[0.32609722 0.05718188]
2223,2.222999999999866,[-0.18654595  0.78538551],[ 0.02179758 -2.98127025],[0.52154019 1.1961155 ],[0.3265036  0.05699746]
2224,2.223999999999866,[-0.18652363  0.78240544],[ 0.02231912 -2.98007414],[0.52276254 1.20105238],[0.32690963 0.05681251]
2225,2.224999999999866,[-0.18650079  0.77942656],[ 0.02284188 -2.97887308],[0.52398435 1.2059305 ],[0.32731532 0.05662703]
2226,2.225999999999866,[-0.18647743  0.7764489 ],[ 0.02336587 -2.97766715],[0.52520562 1.21075003],[0.32772066 0.05644101]
2227,2.2269999999998658,[-0.18645354  0.77347244],[ 0.02389107 -2.9764564 ],[0.52642631 1.21551113],[0.32812566 0.05625447]
2228,2.2279999999998656,[-0.18642912  0.7704972 ],[ 0.0244175  -2.97524089],[0.52764641 1.22021394],[0.32853032 0.05606741]
2229,2.2289999999998655,[-0.18640417  0.76752318],[ 0.02494515 -2.97402068],[0.5288659  1.22485863],[0.32893462 0.05587982]
2230,2.2299999999998654,[-0.1863787   0.76455038],[ 0.02547401 -2.97279582],[0.53008476 1.22944536],[0.32933858 0.05569172]
2231,2.2309999999998653,[-0.18635269  0.76157882],[ 0.0260041  -2.97156637],[0.53130297 1.23397431],[0.32974219 0.05550311]
2232,2.231999999999865,[-0.18632616  0.75860848],[ 0.0265354 -2.9703324],[0.53252051 1.23844563],[0.33014545 0.05531398]
2233,2.232999999999865,[-0.18629909  0.75563939],[ 0.02706792 -2.96909395],[0.53373735 1.24285951],[0.33054835 0.05512435]
2234,2.233999999999865,[-0.18627149  0.75267154],[ 0.02760166 -2.96785109],[0.53495349 1.24721611],[0.33095091 0.05493421]
2235,2.234999999999865,[-0.18624335  0.74970493],[ 0.02813661 -2.96660388],[0.53616889 1.25151561],[0.33135311 0.05474357]
2236,2.2359999999998648,[-0.18621468  0.74673958],[ 0.02867278 -2.96535236],[0.53738355 1.25575819],[0.33175496 0.05455243]
2237,2.2369999999998647,[-0.18618547  0.74377548],[ 0.02921016 -2.9640966 ],[0.53859743 1.25994404],[0.33215645 0.0543608 ]
2238,2.2379999999998645,[-0.18615572  0.74081265],[ 0.02974876 -2.96283666],[0.53981053 1.26407334],[0.33255758 0.05416868]
2239,2.2389999999998644,[-0.18612543  0.73785108],[ 0.03028857 -2.96157259],[0.54102283 1.26814627],[0.33295836 0.05397606]
2240,2.2399999999998643,[-0.1860946   0.73489077],[ 0.0308296  -2.96030444],[0.5422343  1.27216303],[0.33335877 0.05378296]
2241,2.240999999999864,[-0.18606323  0.73193174],[ 0.03137183 -2.95903228],[0.54344492 1.2761238 ],[0.33375883 0.05358938]
2242,2.241999999999864,[-0.18603132  0.72897398],[ 0.03191527 -2.95775615],[0.54465469 1.28002878],[0.33415853 0.05339532]
2243,2.242999999999864,[-0.18599886  0.72601751],[ 0.03245993 -2.95647613],[0.54586358 1.28387816],[0.33455786 0.05320078]
2244,2.243999999999864,[-0.18596585  0.72306231],[ 0.03300579 -2.95519225],[0.54707157 1.28767215],[0.33495684 0.05300577]
2245,2.2449999999998638,[-0.1859323   0.72010841],[ 0.03355286 -2.95390457],[0.54827864 1.29141095],[0.33535545 0.05281029]
2246,2.2459999999998637,[-0.1858982  0.7171558],[ 0.03410114 -2.95261316],[0.54948479 1.29509475],[0.33575369 0.05261435]
2247,2.2469999999998636,[-0.18586355  0.71420448],[ 0.03465063 -2.95131807],[0.55068998 1.29872377],[0.33615157 0.05241794]
2248,2.2479999999998634,[-0.18582834  0.71125446],[ 0.03520132 -2.95001935],[0.55189421 1.30229821],[0.33654908 0.05222106]
2249,2.2489999999998633,[-0.18579259  0.70830574],[ 0.03575321 -2.94871705],[0.55309746 1.30581828],[0.33694623 0.05202374]
2250,2.249999999999863,[-0.18575629  0.70535833],[ 0.03630631 -2.94741123],[0.5542997  1.30928419],[0.337343   0.05182595]
2251,2.250999999999863,[-0.18571942  0.70241223],[ 0.03686061 -2.94610194],[0.55550093 1.31269616],[0.33773941 0.05162772]
2252,2.251999999999863,[-0.18568201  0.69946744],[ 0.03741611 -2.94478925],[0.55670112 1.3160544 ],[0.33813544 0.05142904]
2253,2.252999999999863,[-0.18564404  0.69652397],[ 0.03797281 -2.94347319],[0.55790027 1.31935912],[0.33853111 0.05122991]
2254,2.253999999999863,[-0.1856055   0.69358181],[ 0.03853071 -2.94215383],[0.55909834 1.32261056],[0.3389264  0.05103035]
2255,2.2549999999998627,[-0.18556641  0.69064098],[ 0.03908981 -2.94083122],[0.56029534 1.32580893],[0.33932131 0.05083034]
2256,2.2559999999998626,[-0.18552676  0.68770148],[ 0.03965011 -2.93950542],[0.56149124 1.32895445],[0.33971585 0.0506299 ]
2257,2.2569999999998624,[-0.18548655  0.6847633 ],[ 0.0402116  -2.93817646],[0.56268602 1.33204735],[0.34011002 0.05042903]
2258,2.2579999999998623,[-0.18544578  0.68182646],[ 0.04077428 -2.93684441],[0.56387967 1.33508786],[0.34050381 0.05022773]
2259,2.2589999999998622,[-0.18540444  0.67889095],[ 0.04133816 -2.93550933],[0.56507218 1.33807621],[0.34089722 0.050026  ]
2260,2.259999999999862,[-0.18536254  0.67595677],[ 0.04190323 -2.93417125],[0.56626354 1.34101263],[0.34129025 0.04982385]
2261,2.260999999999862,[-0.18532007  0.67302394],[ 0.0424695  -2.93283024],[0.56745371 1.34389734],[0.3416829  0.04962128]
2262,2.261999999999862,[-0.18527703  0.67009246],[ 0.04303695 -2.93148634],[0.5686427  1.34673059],[0.34207518 0.04941829]
2263,2.262999999999862,[-0.18523343  0.66716232],[ 0.04360559 -2.93013961],[0.56983048 1.34951261],[0.34246707 0.0492149 ]
2264,2.2639999999998617,[-0.18518925  0.66423353],[ 0.04417542 -2.9287901 ],[0.57101704 1.35224364],[0.34285857 0.04901109]
2265,2.2649999999998616,[-0.1851445   0.66130609],[ 0.04474644 -2.92743785],[0.57220237 1.35492392],[0.3432497  0.04880687]
2266,2.2659999999998615,[-0.18509919  0.65838001],[ 0.04531864 -2.92608293],[0.57338646 1.35755369],[0.34364043 0.04860225]
2267,2.2669999999998613,[-0.18505329  0.65545528],[ 0.04589203 -2.92472538],[0.57456928 1.36013319],[0.34403079 0.04839723]
2268,2.2679999999998612,[-0.18500683  0.65253192],[ 0.0464666  -2.92336524],[0.57575083 1.36266267],[0.34442075 0.04819182]
2269,2.268999999999861,[-0.18495978  0.64960991],[ 0.04704235 -2.92200258],[0.57693109 1.36514237],[0.34481033 0.04798601]
2270,2.269999999999861,[-0.18491216  0.64668928],[ 0.04761928 -2.92063744],[0.57811004 1.36757254],[0.34519952 0.0477798 ]
2271,2.270999999999861,[-0.18486397  0.64377001],[ 0.04819739 -2.91926986],[0.57928768 1.36995343],[0.34558832 0.04757321]
2272,2.271999999999861,[-0.18481519  0.64085211],[ 0.04877668 -2.91789991],[0.580464   1.37228529],[0.34597673 0.04736624]
2273,2.2729999999998607,[-0.18476583  0.63793558],[ 0.04935714 -2.91652763],[0.58163897 1.37456837],[0.34636475 0.04715888]
2274,2.2739999999998606,[-0.18471589  0.63502043],[ 0.04993878 -2.91515306],[0.58281258 1.37680292],[0.34675238 0.04695115]
2275,2.2749999999998605,[-0.18466537  0.63210665],[ 0.05052159 -2.91377625],[0.58398483 1.37898919],[0.34713961 0.04674304]
2276,2.2759999999998604,[-0.18461427  0.62919425],[ 0.05110558 -2.91239727],[0.5851557  1.38112745],[0.34752645 0.04653456]
2277,2.2769999999998602,[-0.18456258  0.62628324],[ 0.05169074 -2.91101614],[0.58632518 1.38321795],[0.34791289 0.04632571]
2278,2.27799999999986,[-0.1845103  0.6233736],[ 0.05227706 -2.90963292],[0.58749325 1.38526095],[0.34829893 0.04611649]
2279,2.27899999999986,[-0.18445744  0.62046536],[ 0.05286455 -2.90824766],[0.58865991 1.3872567 ],[0.34868458 0.04590691]
2280,2.27999999999986,[-0.18440398  0.6175585 ],[ 0.05345321 -2.9068604 ],[0.58982514 1.38920546],[0.34906983 0.04569697]
2281,2.28099999999986,[-0.18434994  0.61465302],[ 0.05404304 -2.9054712 ],[0.59098892 1.39110751],[0.34945468 0.04548667]
2282,2.2819999999998597,[-0.1842953   0.61174894],[ 0.05463403 -2.90408009],[0.59215126 1.3929631 ],[0.34983913 0.04527602]
2283,2.2829999999998596,[-0.18424008  0.60884626],[ 0.05522618 -2.90268713],[0.59331214 1.39477249],[0.35022318 0.04506502]
2284,2.2839999999998595,[-0.18418426  0.60594497],[ 0.05581949 -2.90129235],[0.59447154 1.39653594],[0.35060683 0.04485367]
2285,2.2849999999998594,[-0.18412785  0.60304507],[ 0.05641396 -2.89989582],[0.59562945 1.39825374],[0.35099007 0.04464198]
2286,2.2859999999998593,[-0.18407084  0.60014657],[ 0.05700959 -2.89849756],[0.59678587 1.39992613],[0.35137291 0.04442994]
2287,2.286999999999859,[-0.18401323  0.59724947],[ 0.05760638 -2.89709764],[0.59794078 1.40155339],[0.35175535 0.04421757]
2288,2.287999999999859,[-0.18395503  0.59435378],[ 0.05820432 -2.89569608],[0.59909418 1.40313579],[0.35213738 0.04400486]
2289,2.288999999999859,[-0.18389622  0.59145949],[ 0.05880341 -2.89429295],[0.60024604 1.40467359],[0.352519   0.04379182]
2290,2.289999999999859,[-0.18383682  0.5885666 ],[ 0.05940366 -2.89288827],[0.60139637 1.40616707],[0.35290021 0.04357846]
2291,2.2909999999998587,[-0.18377681  0.58567511],[ 0.06000506 -2.89148211],[0.60254515 1.4076165 ],[0.35328102 0.04336476]
2292,2.2919999999998586,[-0.18371621  0.58278504],[ 0.0606076  -2.89007449],[0.60369238 1.40902215],[0.35366141 0.04315075]
2293,2.2929999999998585,[-0.18365499  0.57989637],[ 0.06121129 -2.88866547],[0.60483803 1.41038429],[0.35404139 0.04293641]
2294,2.2939999999998584,[-0.18359318  0.57700912],[ 0.06181613 -2.88725508],[0.60598211 1.41170319],[0.35442097 0.04272175]
2295,2.2949999999998583,[-0.18353076  0.57412328],[ 0.06242211 -2.88584338],[0.6071246  1.41297913],[0.35480013 0.04250679]
2296,2.295999999999858,[-0.18346773  0.57123885],[ 0.06302924 -2.8844304 ],[0.60826549 1.41421239],[0.35517887 0.04229151]
2297,2.296999999999858,[-0.18340409  0.56835583],[ 0.0636375  -2.88301619],[0.60940477 1.41540324],[0.3555572  0.04207592]
2298,2.297999999999858,[-0.18333984  0.56547423],[ 0.06424691 -2.88160079],[0.61054245 1.41655195],[0.35593512 0.04186003]
2299,2.298999999999858,[-0.18327498  0.56259404],[ 0.06485745 -2.88018424],[0.61167849 1.4176588 ],[0.35631262 0.04164384]
2300,2.2999999999998577,[-0.18320952  0.55971528],[ 0.06546913 -2.87876658],[0.61281291 1.41872408],[0.3566897  0.04142735]
2301,2.3009999999998576,[-0.18314343  0.55683793],[ 0.06608194 -2.87734785],[0.61394568 1.41974805],[0.35706636 0.04121057]
2302,2.3019999999998575,[-0.18307674  0.553962  ],[ 0.06669589 -2.8759281 ],[0.6150768  1.42073099],[0.35744261 0.04099349]
2303,2.3029999999998574,[-0.18300943  0.55108749],[ 0.06731096 -2.87450737],[0.61620627 1.42167319],[0.35781843 0.04077612]
2304,2.3039999999998573,[-0.1829415   0.54821441],[ 0.06792717 -2.8730857 ],[0.61733406 1.42257492],[0.35819384 0.04055847]
2305,2.304999999999857,[-0.18287296  0.54534275],[ 0.0685445  -2.87166313],[0.61846019 1.42343646],[0.35856882 0.04034053]
2306,2.305999999999857,[-0.18280379  0.54247251],[ 0.06916296 -2.87023969],[0.61958463 1.4242581 ],[0.35894338 0.04012231]
2307,2.306999999999857,[-0.18273401  0.53960369],[ 0.06978255 -2.86881543],[0.62070738 1.4250401 ],[0.35931751 0.03990381]
2308,2.307999999999857,[-0.18266361  0.5367363 ],[ 0.07040326 -2.86739039],[0.62182843 1.42578276],[0.35969122 0.03968504]
2309,2.3089999999998567,[-0.18259258  0.53387034],[ 0.07102509 -2.86596461],[0.62294777 1.42648635],[0.3600645 0.039466 ]
2310,2.3099999999998566,[-0.18252093  0.5310058 ],[ 0.07164803 -2.86453812],[0.62406541 1.42715116],[0.36043736 0.03924669]
2311,2.3109999999998565,[-0.18244866  0.52814269],[ 0.0722721  -2.86311097],[0.62518132 1.42777747],[0.36080979 0.03902711]
2312,2.3119999999998564,[-0.18237576  0.525281  ],[ 0.07289728 -2.86168319],[0.6262955  1.42836555],[0.36118179 0.03880727]
2313,2.3129999999998563,[-0.18230224  0.52242075],[ 0.07352358 -2.86025483],[0.62740796 1.42891569],[0.36155336 0.03858718]
2314,2.313999999999856,[-0.18222809  0.51956192],[ 0.07415098 -2.85882591],[0.62851867 1.42942818],[0.3619245  0.03836682]
2315,2.314999999999856,[-0.18215331  0.51670453],[ 0.0747795  -2.85739648],[0.62962763 1.42990328],[0.36229521 0.03814621]
2316,2.315999999999856,[-0.1820779   0.51384856],[ 0.07540913 -2.85596658],[0.63073483 1.4303413 ],[0.36266549 0.03792535]
2317,2.316999999999856,[-0.18200186  0.51099402],[ 0.07603986 -2.85453624],[0.63184028 1.4307425 ],[0.36303533 0.03770424]
2318,2.3179999999998557,[-0.18192519  0.50814092],[ 0.0766717 -2.8531055],[0.63294396 1.43110718],[0.36340474 0.03748288]
2319,2.3189999999998556,[-0.18184788  0.50528924],[ 0.07730465 -2.85167439],[0.63404586 1.43143561],[0.36377372 0.03726129]
2320,2.3199999999998555,[-0.18176995  0.502439  ],[ 0.07793869 -2.85024295],[0.63514599 1.43172807],[0.36414226 0.03703945]
2321,2.3209999999998554,[-0.18169137  0.49959019],[ 0.07857384 -2.84881123],[0.63624433 1.43198486],[0.36451036 0.03681738]
2322,2.3219999999998553,[-0.18161216  0.49674281],[ 0.07921008 -2.84737924],[0.63734088 1.43220624],[0.36487802 0.03659507]
2323,2.322999999999855,[-0.18153231  0.49389686],[ 0.07984743 -2.84594703],[0.63843563 1.43239251],[0.36524525 0.03637253]
2324,2.323999999999855,[-0.18145183  0.49105235],[ 0.08048586 -2.84451464],[0.63952858 1.43254395],[0.36561203 0.03614977]
2325,2.324999999999855,[-0.1813707   0.48820927],[ 0.08112539 -2.8430821 ],[0.64061972 1.43266083],[0.36597838 0.03592677]
2326,2.325999999999855,[-0.18128894  0.48536762],[ 0.08176601 -2.84164944],[0.64170905 1.43274345],[0.36634429 0.03570356]
2327,2.3269999999998547,[-0.18120653  0.4825274 ],[ 0.08240772 -2.84021669],[0.64279655 1.43279208],[0.36670975 0.03548013]
2328,2.3279999999998546,[-0.18112348  0.47968862],[ 0.08305052 -2.8387839 ],[0.64388224 1.432807  ],[0.36707477 0.03525648]
2329,2.3289999999998545,[-0.18103978  0.47685127],[ 0.0836944  -2.83735109],[0.64496609 1.4327885 ],[0.36743934 0.03503262]
2330,2.3299999999998544,[-0.18095545  0.47401535],[ 0.08433936 -2.83591831],[0.64604812 1.43273686],[0.36780347 0.03480854]
2331,2.3309999999998543,[-0.18087046  0.47118086],[ 0.08498541 -2.83448557],[0.6471283  1.43265235],[0.36816716 0.03458426]
2332,2.331999999999854,[-0.18078483  0.46834781],[ 0.08563254 -2.83305292],[0.64820664 1.43253527],[0.36853039 0.03435977]
2333,2.332999999999854,[-0.18069855  0.46551619],[ 0.08628075 -2.83162038],[0.64928313 1.43238589],[0.36889318 0.03413508]
2334,2.333999999999854,[-0.18061162  0.462686  ],[ 0.08693003 -2.830188  ],[0.65035777 1.43220448],[0.36925552 0.03391019]
2335,2.334999999999854,[-0.18052404  0.45985724],[ 0.08758039 -2.82875579],[0.65143056 1.43199134],[0.36961742 0.0336851 ]
2336,2.3359999999998537,[-0.1804358   0.45702992],[ 0.08823182 -2.8273238 ],[0.65250148 1.43174674],[0.36997886 0.03345982]
2337,2.3369999999998536,[-0.18034692  0.45420403],[ 0.08888432 -2.82589205],[0.65357054 1.43147096],[0.37033985 0.03323435]
2338,2.3379999999998535,[-0.18025738  0.45137957],[ 0.08953789 -2.82446058],[0.65463773 1.43116428],[0.37070039 0.03300869]
2339,2.3389999999998534,[-0.18016719  0.44855654],[ 0.09019253 -2.82302942],[0.65570305 1.43082697],[0.37106047 0.03278284]
2340,2.3399999999998533,[-0.18007634  0.44573494],[ 0.09084823 -2.82159859],[0.65676649 1.43045932],[0.3714201  0.03255681]
2341,2.340999999999853,[-0.17998484  0.44291477],[ 0.091505   -2.82016813],[0.65782805 1.43006161],[0.37177928 0.0323306 ]
2342,2.341999999999853,[-0.17989267  0.44009603],[ 0.09216283 -2.81873807],[0.65888773 1.4296341 ],[0.372138   0.03210421]
2343,2.342999999999853,[-0.17979985  0.43727873],[ 0.09282171 -2.81730844],[0.65994552 1.42917708],[0.37249626 0.03187765]
2344,2.343999999999853,[-0.17970637  0.43446285],[ 0.09348166 -2.81587926],[0.66100142 1.42869082],[0.37285407 0.03165091]
2345,2.3449999999998528,[-0.17961223  0.4316484 ],[ 0.09414266 -2.81445057],[0.66205543 1.42817561],[0.37321142 0.031424  ]
2346,2.3459999999998526,[-0.17951742  0.42883537],[ 0.09480472 -2.81302239],[0.66310754 1.4276317 ],[0.37356831 0.03119693]
2347,2.3469999999998525,[-0.17942195  0.42602378],[ 0.09546782 -2.81159476],[0.66415775 1.42705939],[0.37392474 0.03096969]
2348,2.3479999999998524,[-0.17932582  0.42321361],[ 0.09613198 -2.8101677 ],[0.66520606 1.42645893],[0.3742807  0.03074229]
2349,2.3489999999998523,[-0.17922903  0.42040487],[ 0.09679719 -2.80874124],[0.66625246 1.42583061],[0.37463621 0.03051474]
2350,2.349999999999852,[-0.17913156  0.41759755],[ 0.09746344 -2.80731541],[0.66729695 1.42517471],[0.37499125 0.03028702]
2351,2.350999999999852,[-0.17903343  0.41479166],[ 0.09813074 -2.80589024],[0.66833953 1.42449148],[0.37534583 0.03005915]
2352,2.351999999999852,[-0.17893463  0.4119872 ],[ 0.09879908 -2.80446575],[0.6693802 1.4237812],[0.37569995 0.02983114]
2353,2.352999999999852,[-0.17883516  0.40918416],[ 0.09946846 -2.80304196],[0.67041896 1.42304414],[0.3760536  0.02960297]
2354,2.3539999999998518,[-0.17873503  0.40638254],[ 0.10013887 -2.80161892],[0.67145579 1.42228058],[0.37640678 0.02937466]
2355,2.3549999999998517,[-0.17863421  0.40358234],[ 0.10081033 -2.80019664],[0.6724907  1.42149078],[0.3767595 0.0291462]
2356,2.3559999999998515,[-0.17853273  0.40078357],[ 0.10148282 -2.79877515],[0.67352369 1.42067501],[0.37711175 0.0289176 ]
2357,2.3569999999998514,[-0.17843058  0.39798621],[ 0.10215635 -2.79735447],[0.67455475 1.41983354],[0.37746353 0.02868887]
2358,2.3579999999998513,[-0.17832774  0.39519028],[ 0.1028309  -2.79593464],[0.67558389 1.41896664],[0.37781484 0.02846   ]
2359,2.358999999999851,[-0.17822424  0.39239576],[ 0.10350648 -2.79451567],[0.6766111  1.41807457],[0.37816568 0.028231  ]
2360,2.359999999999851,[-0.17812006  0.38960266],[ 0.10418309 -2.7930976 ],[0.67763637 1.4171576 ],[0.37851604 0.02800187]
2361,2.360999999999851,[-0.17801519  0.38681098],[ 0.10486073 -2.79168044],[0.67865971 1.41621598],[0.37886594 0.02777261]
2362,2.361999999999851,[-0.17790965  0.38402072],[ 0.10553939 -2.79026423],[0.67968112 1.41525   ],[0.37921536 0.02754322]
2363,2.3629999999998508,[-0.17780344  0.38123187],[ 0.10621907 -2.78884898],[0.68070059 1.41425991],[0.37956431 0.02731371]
2364,2.3639999999998507,[-0.17769654  0.37844443],[ 0.10689977 -2.78743472],[0.68171812 1.41324597],[0.37991278 0.02708409]
2365,2.3649999999998506,[-0.17758895  0.37565841],[ 0.10758149 -2.78602147],[0.68273372 1.41220844],[0.38026078 0.02685434]
2366,2.3659999999998504,[-0.17748069  0.3728738 ],[ 0.10826422 -2.78460926],[0.68374737 1.41114759],[0.3806083  0.02662448]
2367,2.3669999999998503,[-0.17737174  0.37009061],[ 0.10894797 -2.78319811],[0.68475907 1.41006367],[0.38095534 0.02639451]
2368,2.3679999999998502,[-0.17726211  0.36730882],[ 0.10963273 -2.78178805],[0.68576884 1.40895695],[0.38130191 0.02616443]
2369,2.36899999999985,[-0.17715179  0.36452844],[ 0.1103185  -2.78037909],[0.68677666 1.40782767],[0.38164799 0.02593424]
2370,2.36999999999985,[-0.17704079  0.36174947],[ 0.11100528 -2.77897127],[0.68778253 1.40667611],[0.3819936  0.02570395]
2371,2.37099999999985,[-0.17692909  0.3589719 ],[ 0.11169306 -2.77756459],[0.68878646 1.40550251],[0.38233872 0.02547355]
2372,2.37199999999985,[-0.17681671  0.35619574],[ 0.11238185 -2.77615909],[0.68978843 1.40430713],[0.38268336 0.02524305]
2373,2.3729999999998497,[-0.17670364  0.35342099],[ 0.11307163 -2.77475478],[0.69078846 1.40309023],[0.38302752 0.02501246]
2374,2.3739999999998496,[-0.17658988  0.35064764],[ 0.11376242 -2.77335169],[0.69178654 1.40185205],[0.3833712  0.02478177]
2375,2.3749999999998495,[-0.17647542  0.34787569],[ 0.11445421 -2.77194984],[0.69278267 1.40059285],[0.38371439 0.02455099]
2376,2.3759999999998493,[-0.17636028  0.34510514],[ 0.11514699 -2.77054924],[0.69377684 1.39931288],[0.3840571  0.02432012]
2377,2.3769999999998492,[-0.17624444  0.34233599],[ 0.11584077 -2.76914993],[0.69476907 1.3980124 ],[0.38439932 0.02408916]
2378,2.377999999999849,[-0.1761279   0.33956824],[ 0.11653554 -2.76775192],[0.69575934 1.39669164],[0.38474105 0.02385812]
2379,2.378999999999849,[-0.17601067  0.33680188],[ 0.1172313  -2.76635523],[0.69674765 1.39535087],[0.3850823  0.02362699]
2380,2.379999999999849,[-0.17589274  0.33403692],[ 0.11792804 -2.76495988],[0.69773402 1.39399032],[0.38542306 0.02339578]
2381,2.380999999999849,[-0.17577411  0.33127336],[ 0.11862578 -2.76356589],[0.69871843 1.39261024],[0.38576333 0.0231645 ]
2382,2.3819999999998487,[-0.17565479  0.32851118],[ 0.1193245  -2.76217328],[0.69970088 1.39121089],[0.3861031  0.02293314]
2383,2.3829999999998486,[-0.17553477  0.3257504 ],[ 0.1200242  -2.76078206],[0.70068138 1.38979249],[0.38644239 0.0227017 ]
2384,2.3839999999998485,[-0.17541404  0.32299101],[ 0.12072488 -2.75939227],[0.70165992 1.3883553 ],[0.38678118 0.0224702 ]
2385,2.3849999999998484,[-0.17529261  0.320233  ],[ 0.12142654 -2.75800392],[0.70263651 1.38689956],[0.38711949 0.02223862]
2386,2.3859999999998482,[-0.17517049  0.31747639],[ 0.12212918 -2.75661702],[0.70361114 1.3854255 ],[0.38745729 0.02200698]
2387,2.386999999999848,[-0.17504765  0.31472116],[ 0.12283279 -2.75523159],[0.70458382 1.38393337],[0.38779461 0.02177528]
2388,2.387999999999848,[-0.17492411  0.31196731],[ 0.12353737 -2.75384766],[0.70555454 1.38242341],[0.38813143 0.02154352]
2389,2.388999999999848,[-0.17479987  0.30921484],[ 0.12424293 -2.75246524],[0.70652331 1.38089586],[0.38846775 0.02131169]
2390,2.389999999999848,[-0.17467492  0.30646376],[ 0.12494945 -2.75108434],[0.70749012 1.37935094],[0.38880357 0.02107981]
2391,2.3909999999998477,[-0.17454927  0.30371405],[ 0.12565694 -2.74970499],[0.70845497 1.3777889 ],[0.3891389  0.02084788]
2392,2.3919999999998476,[-0.1744229   0.30096573],[ 0.12636539 -2.7483272 ],[0.70941787 1.37620998],[0.38947373 0.02061589]
2393,2.3929999999998475,[-0.17429583  0.29821877],[ 0.12707481 -2.74695099],[0.71037882 1.37461439],[0.38980806 0.02038385]
2394,2.3939999999998474,[-0.17416804  0.2954732 ],[ 0.12778519 -2.74557638],[0.71133781 1.37300238],[0.39014189 0.02015176]
2395,2.3949999999998473,[-0.17403954  0.29272899],[ 0.12849653 -2.74420337],[0.71229484 1.37137418],[0.39047522 0.01991963]
2396,2.395999999999847,[-0.17391033  0.28998616],[ 0.12920882 -2.742832  ],[0.71324992 1.36973001],[0.39080804 0.01968746]
2397,2.396999999999847,[-0.17378041  0.2872447 ],[ 0.12992207 -2.74146227],[0.71420305 1.36807011],[0.39114036 0.01945524]
2398,2.397999999999847,[-0.17364978  0.28450461],[ 0.13063628 -2.7400942 ],[0.71515422 1.36639471],[0.39147218 0.01922299]
2399,2.398999999999847,[-0.17351843  0.28176588],[ 0.13135143 -2.7387278 ],[0.71610345 1.36470401],[0.3918035 0.0189907]
2400,2.3999999999998467,[-0.17338636  0.27902852],[ 0.13206753 -2.7373631 ],[0.71705072 1.36299827],[0.39213431 0.01875838]
2401,2.4009999999998466,[-0.17325357  0.27629252],[ 0.13278458 -2.7360001 ],[0.71799604 1.36127769],[0.39246461 0.01852602]
2402,2.4019999999998465,[-0.17312007  0.27355788],[ 0.13350258 -2.73463882],[0.7189394 1.3595425],[0.39279441 0.01829364]
2403,2.4029999999998464,[-0.17298585  0.2708246 ],[ 0.13422152 -2.73327928],[0.71988082 1.35779292],[0.3931237  0.01806122]
2404,2.4039999999998463,[-0.17285091  0.26809268],[ 0.1349414  -2.73192149],[0.72082029 1.35602917],[0.39345248 0.01782878]
2405,2.404999999999846,[-0.17271525  0.26536211],[ 0.13566222 -2.73056546],[0.72175781 1.35425147],[0.39378075 0.01759632]
2406,2.405999999999846,[-0.17257886  0.2626329 ],[ 0.13638398 -2.72921121],[0.72269338 1.35246005],[0.39410851 0.01736384]
2407,2.406999999999846,[-0.17244175  0.25990504],[ 0.13710667 -2.72785875],[0.723627  1.3506551],[0.39443576 0.01713134]
2408,2.407999999999846,[-0.17230392  0.25717853],[ 0.1378303  -2.72650809],[0.72455868 1.34883686],[0.39476249 0.01689882]
2409,2.4089999999998457,[-0.17216537  0.25445337],[ 0.13855486 -2.72515926],[0.72548842 1.34700553],[0.39508872 0.01666629]
2410,2.4099999999998456,[-0.17202609  0.25172956],[ 0.13928035 -2.72381225],[0.7264162  1.34516133],[0.39541443 0.01643375]
2411,2.4109999999998455,[-0.17188608  0.24900709],[ 0.14000676 -2.72246709],[0.72734205 1.34330446],[0.39573963 0.01620119]
2412,2.4119999999998454,[-0.17174535  0.24628597],[ 0.1407341  -2.72112378],[0.72826595 1.34143515],[0.39606431 0.01596863]
2413,2.4129999999998453,[-0.17160389  0.24356619],[ 0.14146237 -2.71978235],[0.72918791 1.3395536 ],[0.39638848 0.01573606]
2414,2.413999999999845,[-0.17146169  0.24084774],[ 0.14219156 -2.7184428 ],[0.73010794 1.33766001],[0.39671212 0.01550349]
2415,2.414999999999845,[-0.17131877  0.23813064],[ 0.14292167 -2.71710514],[0.73102602 1.3357546 ],[0.39703526 0.01527092]
2416,2.415999999999845,[-0.17117512  0.23541487],[ 0.14365269 -2.71576938],[0.73194216 1.33383756],[0.39735787 0.01503834]
2417,2.416999999999845,[-0.17103074  0.23270043],[ 0.14438463 -2.71443554],[0.73285637 1.33190911],[0.39767996 0.01480577]
2418,2.4179999999998447,[-0.17088562  0.22998733],[ 0.14511749 -2.71310363],[0.73376864 1.32996945],[0.39800154 0.0145732 ]
2419,2.4189999999998446,[-0.17073977  0.22727556],[ 0.14585126 -2.71177366],[0.73467898 1.32801877],[0.39832259 0.01434065]
2420,2.4199999999998445,[-0.17059318  0.22456511],[ 0.14658594 -2.71044565],[0.73558738 1.32605729],[0.39864312 0.01410809]
2421,2.4209999999998444,[-0.17044586  0.22185599],[ 0.14732153 -2.70911959],[0.73649385 1.32408519],[0.39896313 0.01387556]
2422,2.4219999999998443,[-0.1702978  0.2191482],[ 0.14805802 -2.7077955 ],[0.73739839 1.32210268],[0.39928262 0.01364303]
2423,2.422999999999844,[-0.17014901  0.21644172],[ 0.14879542 -2.7064734 ],[0.73830101 1.32010995],[0.39960158 0.01341052]
2424,2.423999999999844,[-0.16999947  0.21373657],[ 0.14953372 -2.70515329],[0.73920169 1.3181072 ],[0.39992002 0.01317802]
2425,2.424999999999844,[-0.1698492   0.21103273],[ 0.15027292 -2.70383518],[0.74010045 1.31609462],[0.40023793 0.01294554]
2426,2.425999999999844,[-0.16969819  0.20833022],[ 0.15101302 -2.70251909],[0.74099728 1.31407241],[0.40055532 0.01271309]
2427,2.4269999999998437,[-0.16954643  0.20562901],[ 0.15175402 -2.70120502],[0.74189219 1.31204075],[0.40087218 0.01248066]
2428,2.4279999999998436,[-0.16939394  0.20292912],[ 0.15249591 -2.69989298],[0.74278517 1.30999985],[0.40118851 0.01224825]
2429,2.4289999999998435,[-0.1692407   0.20023053],[ 0.1532387  -2.69858298],[0.74367624 1.30794988],[0.40150431 0.01201587]
2430,2.4299999999998434,[-0.16908671  0.19753326],[ 0.15398237 -2.69727503],[0.74456538 1.30589103],[0.40181958 0.01178352]
2431,2.4309999999998433,[-0.16893199  0.19483729],[ 0.15472694 -2.69596914],[0.74545261 1.3038235 ],[0.40213432 0.0115512 ]
2432,2.431999999999843,[-0.16877652  0.19214263],[ 0.15547239 -2.69466531],[0.74633792 1.30174747],[0.40244854 0.01131891]
2433,2.432999999999843,[-0.1686203   0.18944926],[ 0.15621873 -2.69336356],[0.74722131 1.29966312],[0.40276222 0.01108666]
2434,2.433999999999843,[-0.16846333  0.1867572 ],[ 0.15696595 -2.6920639 ],[0.74810279 1.29757063],[0.40307536 0.01085444]
2435,2.434999999999843,[-0.16830562  0.18406643],[ 0.15771405 -2.69076633],[0.74898236 1.29547019],[0.40338797 0.01062227]
2436,2.4359999999998427,[-0.16814715  0.18137696],[ 0.15846303 -2.68947086],[0.74986002 1.29336197],[0.40370005 0.01039013]
2437,2.4369999999998426,[-0.16798794  0.17868878],[ 0.15921289 -2.6881775 ],[0.75073577 1.29124617],[0.4040116  0.01015804]
2438,2.4379999999998425,[-0.16782798  0.1760019 ],[ 0.15996363 -2.68688625],[0.75160962 1.28912294],[0.4043226  0.00992599]
2439,2.4389999999998424,[-0.16766726  0.1733163 ],[ 0.16071524 -2.68559713],[0.75248155 1.28699248],[0.40463308 0.00969399]
2440,2.4399999999998423,[-0.16750579  0.17063199],[ 0.16146772 -2.68431014],[0.75335159 1.28485495],[0.40494301 0.00946203]
2441,2.440999999999842,[-0.16734357  0.16794896],[ 0.16222107 -2.68302528],[0.75421972 1.28271053],[0.40525241 0.00923013]
2442,2.441999999999842,[-0.1671806   0.16526722],[ 0.16297529 -2.68174257],[0.75508595 1.2805594 ],[0.40556126 0.00899828]
2443,2.442999999999842,[-0.16701687  0.16258676],[ 0.16373038 -2.68046201],[0.75595028 1.27840172],[0.40586958 0.00876648]
2444,2.443999999999842,[-0.16685238  0.15990758],[ 0.16448633 -2.67918361],[0.75681272 1.27623767],[0.40617736 0.00853474]
2445,2.4449999999998417,[-0.16668714  0.15722967],[ 0.16524314 -2.67790737],[0.75767326 1.27406741],[0.40648459 0.00830306]
2446,2.4459999999998416,[-0.16652114  0.15455304],[ 0.16600081 -2.67663331],[0.7585319  1.27189111],[0.40679128 0.00807143]
2447,2.4469999999998415,[-0.16635438  0.15187767],[ 0.16675935 -2.67536141],[0.75938866 1.26970894],[0.40709743 0.00783987]
2448,2.4479999999998414,[-0.16618686  0.14920358],[ 0.16751874 -2.67409171],[0.76024352 1.26752107],[0.40740304 0.00760837]
2449,2.4489999999998413,[-0.16601858  0.14653076],[ 0.16827898 -2.67282418],[0.76109649 1.26532766],[0.4077081  0.00737694]
2450,2.449999999999841,[-0.16584954  0.1438592 ],[ 0.16904008 -2.67155886],[0.76194758 1.26312886],[0.40801262 0.00714557]
2451,2.450999999999841,[-0.16567974  0.1411889 ],[ 0.16980202 -2.67029573],[0.76279678 1.26092486],[0.40831659 0.00691427]
2452,2.451999999999841,[-0.16550917  0.13851987],[ 0.17056482 -2.6690348 ],[0.7636441  1.25871579],[0.40862002 0.00668305]
2453,2.452999999999841,[-0.16533784  0.13585209],[ 0.17132846 -2.66777609],[0.76448954 1.25650183],[0.40892289 0.00645189]
2454,2.4539999999998408,[-0.16516575  0.13318557],[ 0.17209295 -2.66651959],[0.7653331  1.25428313],[0.40922522 0.00622081]
2455,2.4549999999998406,[-0.16499289  0.13052031],[ 0.17285829 -2.6652653 ],[0.76617478 1.25205985],[0.409527   0.00598981]
2456,2.4559999999998405,[-0.16481927  0.12785629],[ 0.17362446 -2.66401324],[0.76701458 1.24983214],[0.40982823 0.00575888]
2457,2.4569999999998404,[-0.16464488  0.12519353],[ 0.17439148 -2.66276341],[0.76785251 1.24760016],[0.41012891 0.00552803]
2458,2.4579999999998403,[-0.16446972  0.12253202],[ 0.17515933 -2.66151581],[0.76868856 1.24536406],[0.41042904 0.00529727]
2459,2.45899999999984,[-0.16429379  0.11987174],[ 0.17592802 -2.66027045],[0.76952275 1.243124  ],[0.41072862 0.00506659]
2460,2.45999999999984,[-0.16411709  0.11721272],[ 0.17669754 -2.65902732],[0.77035506 1.24088011],[0.41102764 0.00483599]
2461,2.46099999999984,[-0.16393962  0.11455493],[ 0.17746789 -2.65778644],[0.77118551 1.23863257],[0.41132611 0.00460548]
2462,2.46199999999984,[-0.16376139  0.11189838],[ 0.17823908 -2.65654781],[0.7720141 1.2363815],[0.41162403 0.00437506]
2463,2.4629999999998398,[-0.16358237  0.10924307],[ 0.17901109 -2.65531143],[0.77284082 1.23412707],[0.41192139 0.00414473]
2464,2.4639999999998397,[-0.16340259  0.10658899],[ 0.17978394 -2.6540773 ],[0.77366567 1.23186941],[0.41221819 0.00391449]
2465,2.4649999999998395,[-0.16322203  0.10393615],[ 0.1805576  -2.65284543],[0.77448867 1.22960867],[0.41251444 0.00368434]
2466,2.4659999999998394,[-0.1630407   0.10128453],[ 0.18133209 -2.65161582],[0.77530981 1.227345  ],[0.41281013 0.00345429]
2467,2.4669999999998393,[-0.16285859  0.09863414],[ 0.1821074  -2.65038848],[0.77612909 1.22507853],[0.41310526 0.00322434]
2468,2.467999999999839,[-0.16267571  0.09598498],[ 0.18288353 -2.6491634 ],[0.77694652 1.22280941],[0.41339984 0.00299449]
2469,2.468999999999839,[-0.16249205  0.09333704],[ 0.18366047 -2.64794059],[0.7777621  1.22053778],[0.41369385 0.00276473]
2470,2.469999999999839,[-0.16230761  0.09069032],[ 0.18443824 -2.64672005],[0.77857582 1.21826377],[0.4139873  0.00253508]
2471,2.470999999999839,[-0.16212239  0.08804482],[ 0.18521681 -2.64550179],[0.7793877  1.21598753],[0.4142802  0.00230553]
2472,2.4719999999998388,[-0.1619364   0.08540053],[ 0.1859962 -2.6442858],[0.78019772 1.21370919],[0.41457253 0.00207609]
2473,2.4729999999998387,[-0.16174962  0.08275746],[ 0.1867764  -2.64307209],[0.78100591 1.21142889],[0.4148643  0.00184676]
2474,2.4739999999998386,[-0.16156206  0.0801156 ],[ 0.1875574  -2.64186066],[0.78181225 1.20914675],[0.4151555  0.00161753]
2475,2.4749999999998384,[-0.16137373  0.07747495],[ 0.18833922 -2.64065152],[0.78261674 1.20686293],[0.41544614 0.00138841]
2476,2.4759999999998383,[-0.1611846  0.0748355],[ 0.18912183 -2.63944465],[0.7834194  1.20457753],[0.41573622 0.00115941]
2477,2.476999999999838,[-0.1609947   0.07219726],[ 0.18990525 -2.63824008],[0.78422022 1.20229071],[0.41602573 0.00093052]
2478,2.477999999999838,[-0.16080401  0.06956023],[ 0.19068947 -2.63703778],[0.7850192  1.20000258],[0.41631467 0.00070175]
2479,2.478999999999838,[-0.16061253  0.06692439],[ 0.19147449 -2.63583778],[0.78581635 1.19771328],[0.41660305 0.00047309]
2480,2.479999999999838,[-0.16042027  0.06428975],[ 0.19226031 -2.63464007],[0.78661166 1.19542293],[4.16890862e-01 2.44551616e-04]
2481,2.480999999999838,[-0.16022723  0.0616563 ],[ 0.19304692 -2.63344465],[0.78740514 1.19313166],[4.17178103e-01 1.61336645e-05]
2482,2.4819999999998377,[-0.16003339  0.05902405],[ 0.19383432 -2.63225151],[0.7881968 1.1908396],[ 4.17464775e-01 -2.12162347e-04]
2483,2.4829999999998376,[-0.15983877  0.05639299],[ 0.19462252 -2.63106067],[0.78898662 1.18854687],[ 0.41775088 -0.00044033]
2484,2.4839999999998374,[-0.15964336  0.05376312],[ 0.19541151 -2.62987213],[0.78977462 1.18625358],[ 0.41803641 -0.00066838]
2485,2.4849999999998373,[-0.15944716  0.05113443],[ 0.19620128 -2.62868587],[0.7905608  1.18395987],[ 0.41832137 -0.0008963 ]
2486,2.4859999999998372,[-0.15925017  0.04850693],[ 0.19699184 -2.62750191],[0.79134515 1.18166586],[ 0.41860576 -0.0011241 ]
2487,2.486999999999837,[-0.15905238  0.04588061],[ 0.19778319 -2.62632025],[0.79212769 1.17937166],[ 0.41888957 -0.00135176]
2488,2.487999999999837,[-0.15885381  0.04325547],[ 0.19857532 -2.62514088],[0.7929084 1.1770774],[ 0.41917281 -0.00157929]
2489,2.488999999999837,[-0.15865444  0.04063151],[ 0.19936823 -2.6239638 ],[0.7936873  1.17478318],[ 0.41945548 -0.00180669]
2490,2.489999999999837,[-0.15845428  0.03800872],[ 0.20016191 -2.62278902],[0.79446438 1.17248914],[ 0.41973757 -0.00203395]
2491,2.4909999999998367,[-0.15825332  0.0353871 ],[ 0.20095638 -2.62161653],[0.79523965 1.17019538],[ 0.42001909 -0.00226108]
2492,2.4919999999998366,[-0.15805157  0.03276666],[ 0.20175162 -2.62044633],[0.79601311 1.16790201],[ 0.42030003 -0.00248807]
2493,2.4929999999998365,[-0.15784902  0.03014738],[ 0.20254763 -2.61927843],[0.79678476 1.16560916],[ 0.42058039 -0.00271492]
2494,2.4939999999998363,[-0.15764568  0.02752926],[ 0.20334441 -2.61811282],[0.79755459 1.16331693],[ 0.42086017 -0.00294163]
2495,2.4949999999998362,[-0.15744154  0.02491231],[ 0.20414197 -2.6169495 ],[0.79832263 1.16102544],[ 0.42113938 -0.00316819]
2496,2.495999999999836,[-0.15723659  0.02229653],[ 0.20494029 -2.61578848],[0.79908885 1.15873479],[ 0.42141801 -0.00339462]
2497,2.496999999999836,[-0.15703086  0.0196819 ],[ 0.20573938 -2.61462974],[0.79985328 1.1564451 ],[ 0.42169605 -0.0036209 ]
2498,2.497999999999836,[-0.15682432  0.01706842],[ 0.20653923 -2.6134733 ],[0.8006159  1.15415647],[ 0.42197352 -0.00384703]
2499,2.498999999999836,[-0.15661698  0.0144561 ],[ 0.20733985 -2.61231914],[0.80137672 1.151869  ],[ 0.4222504  -0.00407301]
2500,2.4999999999998357,[-0.15640884  0.01184494],[ 0.20814123 -2.61116727],[0.80213575 1.14958282],[ 0.4225267  -0.00429884]
