,time,qpos,qvel,qacc,ctrl
0,0.0,[0. 0.],[0. 0.],[0.72666862 7.81185971],[0.325 0.004]
1,0.001,[7.26668624e-07 7.81185971e-06],[0.00072667 0.00781186],[0.7209294 7.4717159],[0.32478379 0.00360782]
2,0.002,[2.17426665e-06 2.30954353e-05],[0.0014476  0.01528358],[0.7153904 7.1443172],[0.32456771 0.0032311 ]
3,0.003,[4.33725506e-06 4.55233281e-05],[0.00216299 0.02242789],[0.71004427 6.82919591],[0.32435174 0.00286928]
4,0.004,[7.21028775e-06 7.47804168e-05],[0.00287303 0.02925709],[0.70488392 6.52590143],[0.32413589 0.00252179]
5,0.005,[1.07882044e-05 1.10563407e-04],[0.00357792 0.03578299],[0.69990253 6.23399961],[0.32392014 0.00218812]
6,0.006,[1.50660235e-05 1.52580397e-04],[0.00427782 0.04201699],[0.69509351 5.9530722 ],[0.32370448 0.00186774]
7,0.007,[2.00389361e-05 2.00550459e-04],[0.00497291 0.04797006],[0.69045053 5.68271624],[0.3234889  0.00156017]
8,0.008,[2.57022993e-05 2.54203237e-04],[0.00566336 0.05365278],[0.68596748 5.42254348],[0.3232734  0.00126493]
9,0.009000000000000001,[3.20516300e-05 3.13278559e-04],[0.00634933 0.05907532],[0.68163848 5.17217989],[0.32305797 0.00098156]
10,0.010000000000000002,[3.90825991e-05 3.77526060e-04],[0.00703097 0.0642475 ],[0.67745785 4.9312651 ],[0.3228426  0.00070963]
11,0.011000000000000003,[4.67910261e-05 4.46704827e-04],[0.00770843 0.06917877],[0.67342015 4.69945194],[0.32262729 0.00044871]
12,0.012000000000000004,[5.51728732e-05 5.20583045e-04],[0.00838185 0.07387822],[0.6695201  4.47640592],[3.22412023e-01 1.98386983e-04]
13,0.013000000000000005,[6.42242405e-05 5.98937670e-04],[0.00905137 0.07835462],[0.66575264 4.26180479],[ 3.22196801e-01 -4.17267097e-05]
14,0.014000000000000005,[7.39413603e-05 6.81554099e-04],[0.00971712 0.08261643],[0.66211288 4.05533807],[ 3.21981615e-01 -2.72012502e-04]
15,0.015000000000000006,[8.43205931e-05 7.68225867e-04],[0.01037923 0.08667177],[0.65859613 3.85670665],[ 0.32176646 -0.00049284]
16,0.016000000000000007,[9.53584219e-05 8.58754341e-04],[0.01103783 0.09052847],[0.65519785 3.66562236],[ 0.32155133 -0.00070455]
17,0.017000000000000008,[0.00010705 0.00095295],[0.01169303 0.0941941 ],[0.65191366 3.48180757],[ 0.32133622 -0.00090749]
18,0.01800000000000001,[0.0001194  0.00105062],[0.01234494 0.0976759 ],[0.64873937 3.30499479],[ 0.32112112 -0.00110199]
19,0.01900000000000001,[0.00013239 0.00115161],[0.01299368 0.1009809 ],[0.64567093 3.13492634],[ 0.32090603 -0.00128835]
20,0.02000000000000001,[0.00014603 0.00125572],[0.01363935 0.10411583],[0.64270442 2.97135394],[ 0.32069094 -0.00146689]
21,0.02100000000000001,[0.00016031 0.00136281],[0.01428206 0.10708718],[0.63983609 2.81403842],[ 0.32047586 -0.0016379 ]
22,0.022000000000000013,[0.00017523 0.00147271],[0.01492189 0.10990122],[0.63706231 2.66274933],[ 0.32026077 -0.00180165]
23,0.023000000000000013,[0.00019079 0.00158527],[0.01555895 0.11256397],[0.63437959 2.51726468],[ 0.32004567 -0.00195842]
24,0.024000000000000014,[0.00020699 0.00170035],[0.01619333 0.11508123],[0.63178456 2.37737058],[ 0.31983055 -0.00210847]
25,0.025000000000000015,[0.00022381 0.00181781],[0.01682512 0.1174586 ],[0.62927399 2.24286097],[ 0.31961542 -0.00225205]
26,0.026000000000000016,[0.00024127 0.00193751],[0.01745439 0.11970146],[0.62684476 2.11353734],[ 0.31940027 -0.00238941]
27,0.027000000000000017,[0.00025935 0.00205933],[0.01808124 0.121815  ],[0.62449385 1.98920844],[ 0.31918509 -0.00252077]
28,0.028000000000000018,[0.00027805 0.00218313],[0.01870573 0.12380421],[0.62221837 1.86969002],[ 0.31896988 -0.00264636]
29,0.02900000000000002,[0.00029738 0.00230881],[0.01932795 0.1256739 ],[0.62001553 1.75480456],[ 0.31875464 -0.0027664 ]
30,0.03000000000000002,[0.00031733 0.00243624],[0.01994796 0.1274287 ],[0.61788263 1.64438104],[ 0.31853936 -0.00288109]
31,0.03100000000000002,[0.00033789 0.00256531],[0.02056585 0.12907308],[0.61581709 1.53825473],[ 0.31832405 -0.00299064]
32,0.03200000000000002,[0.00035908 0.00269592],[0.02118166 0.13061134],[0.61381641 1.43626689],[ 0.3181087  -0.00309525]
33,0.03300000000000002,[0.00038087 0.00282797],[0.02179548 0.13204761],[0.61187819 1.3382646 ],[ 0.3178933  -0.00319509]
34,0.03400000000000002,[0.00040328 0.00296135],[0.02240736 0.13338587],[0.6100001  1.24410055],[ 0.31767785 -0.00329035]
35,0.035000000000000024,[0.0004263  0.00309598],[0.02301736 0.13462997],[0.60817993 1.15363283],[ 0.31746235 -0.00338119]
36,0.036000000000000025,[0.00044992 0.00323177],[0.02362554 0.1357836 ],[0.60641551 1.06672469],[ 0.3172468 -0.0034678]
37,0.037000000000000026,[0.00047415 0.00336862],[0.02423195 0.13685033],[0.60470477 0.98324442],[ 0.3170312  -0.00355032]
38,0.03800000000000003,[0.00049899 0.00350645],[0.02483666 0.13783357],[0.60304573 0.90306512],[ 0.31681553 -0.00362892]
39,0.03900000000000003,[0.00052443 0.00364519],[0.0254397  0.13873664],[0.60143645 0.82606454],[ 0.31659981 -0.00370374]
40,0.04000000000000003,[0.00055047 0.00378475],[0.02604114 0.1395627 ],[0.59987509 0.75212491],[ 0.31638403 -0.00377492]
41,0.04100000000000003,[0.00057711 0.00392507],[0.02664102 0.14031483],[0.59835986 0.68113276],[ 0.31616818 -0.00384261]
42,0.04200000000000003,[0.00060435 0.00406606],[0.02723938 0.14099596],[0.59688905 0.61297879],[ 0.31595227 -0.00390693]
43,0.04300000000000003,[0.00063219 0.00420767],[0.02783626 0.14160894],[0.59546099 0.5475577 ],[ 0.31573628 -0.00396801]
44,0.04400000000000003,[0.00066062 0.00434983],[0.02843173 0.1421565 ],[0.59407409 0.48476804],[ 0.31552023 -0.00402599]
45,0.04500000000000003,[0.00068964 0.00449247],[0.0290258  0.14264126],[0.59272682 0.42451209],[ 0.31530411 -0.00408097]
46,0.046000000000000034,[0.00071926 0.00463553],[0.02961853 0.14306578],[0.59141769 0.3666957 ],[ 0.31508791 -0.00413308]
47,0.047000000000000035,[0.00074947 0.00477897],[0.03020994 0.14343247],[0.59014529 0.31122817],[ 0.31487164 -0.00418241]
48,0.048000000000000036,[0.00078027 0.00492271],[0.03080009 0.1437437 ],[0.58890822 0.25802214],[ 0.31465529 -0.00422909]
49,0.04900000000000004,[0.00081166 0.00506671],[0.031389   0.14400172],[0.58770518 0.20699342],[ 0.31443886 -0.0042732 ]
50,0.05000000000000004,[0.00084364 0.00521092],[0.0319767  0.14420872],[0.58653489 0.15806094],[ 0.31422235 -0.00431486]
51,0.05100000000000004,[0.0008762  0.00535529],[0.03256324 0.14436678],[0.58539611 0.11114658],[ 0.31400576 -0.00435415]
52,0.05200000000000004,[0.00090935 0.00549977],[0.03314863 0.14447792],[0.58428767 0.0661751 ],[ 0.31378909 -0.00439116]
53,0.05300000000000004,[0.00094308 0.00564431],[0.03373292 0.1445441 ],[0.58320842 0.023074  ],[ 0.31357234 -0.004426  ]
54,0.05400000000000004,[0.0009774  0.00578888],[0.03431613 0.14456717],[ 0.58215727 -0.01822656],[ 0.3133555  -0.00445873]
55,0.05500000000000004,[0.0010123  0.00593343],[0.03489829 0.14454895],[ 0.58113316 -0.05779383],[ 0.31313857 -0.00448944]
56,0.05600000000000004,[0.00104778 0.00607792],[0.03547942 0.14449115],[ 0.58013507 -0.09569263],[ 0.31292156 -0.00451821]
57,0.057000000000000044,[0.00108384 0.00622231],[0.03605956 0.14439546],[ 0.57916202 -0.13198538],[ 0.31270446 -0.00454512]
58,0.058000000000000045,[0.00112048 0.00636658],[0.03663872 0.14426347],[ 0.57821306 -0.16673222],[ 0.31248727 -0.00457023]
59,0.059000000000000045,[0.00115769 0.00651067],[0.03721693 0.14409674],[ 0.57728728 -0.19999108],[ 0.31226999 -0.00459363]
60,0.060000000000000046,[0.00119549 0.00665457],[0.03779422 0.14389675],[ 0.57638381 -0.23181775],[ 0.31205262 -0.00461537]
61,0.06100000000000005,[0.00123386 0.00679823],[0.0383706  0.14366493],[ 0.5755018  -0.26226601],[ 0.31183515 -0.00463552]
62,0.06200000000000005,[0.0012728  0.00694164],[0.0389461  0.14340267],[ 0.57464044 -0.29138762],[ 0.3116176  -0.00465415]
63,0.06300000000000004,[0.00131232 0.00708475],[0.03952074 0.14311128],[ 0.57379894 -0.31923247],[ 0.31139995 -0.00467131]
64,0.06400000000000004,[0.00135242 0.00722754],[0.04009454 0.14279205],[ 0.57297654 -0.34584861],[ 0.3111822  -0.00468707]
65,0.06500000000000004,[0.00139309 0.00736999],[0.04066752 0.1424462 ],[ 0.57217253 -0.37128233],[ 0.31096436 -0.00470148]
66,0.06600000000000004,[0.00143433 0.00751206],[0.04123969 0.14207492],[ 0.57138619 -0.3955782 ],[ 0.31074643 -0.00471459]
67,0.06700000000000005,[0.00147614 0.00765374],[0.04181108 0.14167934],[ 0.57061685 -0.41877918],[ 0.31052839 -0.00472645]
68,0.06800000000000005,[0.00151852 0.007795  ],[0.0423817  0.14126056],[ 0.56986387 -0.44092663],[ 0.31031026 -0.00473713]
69,0.06900000000000005,[0.00156147 0.00793582],[0.04295156 0.14081963],[ 0.56912661 -0.46206041],[ 0.31009204 -0.00474665]
70,0.07000000000000005,[0.00160499 0.00807618],[0.04352069 0.14035757],[ 0.56840447 -0.4822189 ],[ 0.30987371 -0.00475508]
71,0.07100000000000005,[0.00164908 0.00821605],[0.04408909 0.13987535],[ 0.56769688 -0.50143906],[ 0.30965528 -0.00476245]
72,0.07200000000000005,[0.00169374 0.00835543],[0.04465679 0.13937391],[ 0.56700326 -0.51975652],[ 0.30943676 -0.00476881]
73,0.07300000000000005,[0.00173896 0.00849428],[0.04522379 0.13885416],[ 0.56632309 -0.53720557],[ 0.30921813 -0.0047742 ]
74,0.07400000000000005,[0.00178475 0.0086326 ],[0.04579011 0.13831695],[ 0.56565584 -0.55381926],[ 0.30899941 -0.00477866]
75,0.07500000000000005,[0.00183111 0.00877036],[0.04635577 0.13776313],[ 0.56500102 -0.56962941],[ 0.30878058 -0.00478223]
76,0.07600000000000005,[0.00187803 0.00890756],[0.04692077 0.1371935 ],[ 0.56435813 -0.58466667],[ 0.30856165 -0.00478495]
77,0.07700000000000005,[0.00192551 0.00904416],[0.04748513 0.13660884],[ 0.56372672 -0.59896058],[ 0.30834262 -0.00478684]
78,0.07800000000000006,[0.00197356 0.00918017],[0.04804886 0.13600988],[ 0.56310634 -0.61253956],[ 0.30812349 -0.00478795]
79,0.07900000000000006,[0.00202217 0.00931557],[0.04861196 0.13539734],[ 0.56249656 -0.62543102],[ 0.30790425 -0.00478831]
80,0.08000000000000006,[0.00207135 0.00945034],[0.04917446 0.13477191],[ 0.56189697 -0.63766133],[ 0.30768492 -0.00478795]
81,0.08100000000000006,[0.00212108 0.00958448],[0.04973636 0.13413424],[ 0.56130716 -0.6492559 ],[ 0.30746547 -0.0047869 ]
82,0.08200000000000006,[0.00217138 0.00971796],[0.05029766 0.13348499],[ 0.56072675 -0.6602392 ],[ 0.30724593 -0.00478519]
83,0.08300000000000006,[0.00222224 0.00985079],[0.05085839 0.13282475],[ 0.56015537 -0.67063481],[ 0.30702628 -0.00478285]
84,0.08400000000000006,[0.00227366 0.00998294],[0.05141854 0.13215411],[ 0.55959266 -0.68046543],[ 0.30680653 -0.0047799 ]
85,0.08500000000000006,[0.00232564 0.01011442],[0.05197814 0.13147365],[ 0.55903829 -0.68975292],[ 0.30658667 -0.00477637]
86,0.08600000000000006,[0.00237817 0.0102452 ],[0.05253718 0.1307839 ],[ 0.55849191 -0.69851834],[ 0.30636671 -0.0047723 ]
87,0.08700000000000006,[0.00243127 0.01037528],[0.05309567 0.13008538],[ 0.55795321 -0.70678197],[ 0.30614664 -0.00476769]
88,0.08800000000000006,[0.00248492 0.01050466],[0.05365362 0.1293786 ],[ 0.55742189 -0.71456334],[ 0.30592647 -0.00476258]
89,0.08900000000000007,[0.00253913 0.01063333],[0.05421104 0.12866403],[ 0.55689764 -0.72188126],[ 0.30570619 -0.00475699]
90,0.09000000000000007,[0.0025939  0.01076127],[0.05476794 0.12794215],[ 0.55638019 -0.72875384],[ 0.30548581 -0.00475093]
91,0.09100000000000007,[0.00264923 0.01088848],[0.05532432 0.1272134 ],[ 0.55586925 -0.73519852],[ 0.30526532 -0.00474444]
92,0.09200000000000007,[0.00270511 0.01101496],[0.05588019 0.1264782 ],[ 0.55536457 -0.74123212],[ 0.30504473 -0.00473753]
93,0.09300000000000007,[0.00276154 0.0111407 ],[0.05643555 0.12573697],[ 0.5548659 -0.7468708],[ 0.30482403 -0.00473021]
94,0.09400000000000007,[0.00281853 0.01126569],[0.05699042 0.1249901 ],[ 0.55437297 -0.75213014],[ 0.30460323 -0.00472252]
95,0.09500000000000007,[0.00287608 0.01138993],[0.05754479 0.12423797],[ 0.55388557 -0.75702516],[ 0.30438231 -0.00471446]
96,0.09600000000000007,[0.00293418 0.01151341],[0.05809868 0.12348094],[ 0.55340347 -0.76157029],[ 0.3041613  -0.00470605]
97,0.09700000000000007,[0.00299283 0.01163613],[0.05865208 0.12271937],[ 0.55292643 -0.76577944],[ 0.30394017 -0.00469732]
98,0.09800000000000007,[0.00305203 0.01175808],[0.05920501 0.12195359],[ 0.55245427 -0.76966602],[ 0.30371894 -0.00468827]
99,0.09900000000000007,[0.00311179 0.01187926],[0.05975746 0.12118392],[ 0.55198676 -0.77324292],[ 0.30349761 -0.00467892]
100,0.10000000000000007,[0.0031721  0.01199967],[0.06030945 0.12041068],[ 0.55152373 -0.77652256],[ 0.30327616 -0.00466929]
101,0.10100000000000008,[0.00323296 0.01211931],[0.06086097 0.11963416],[ 0.55106497 -0.7795169 ],[ 0.30305462 -0.00465939]
102,0.10200000000000008,[0.00329437 0.01223816],[0.06141204 0.11885464],[ 0.55061031 -0.78223746],[ 0.30283296 -0.00464923]
103,0.10300000000000008,[0.00335634 0.01235624],[0.06196265 0.1180724 ],[ 0.55015957 -0.78469532],[ 0.3026112  -0.00463883]
104,0.10400000000000008,[0.00341885 0.01247352],[0.06251281 0.11728771],[ 0.5497126  -0.78690116],[ 0.30238933 -0.0046282 ]
105,0.10500000000000008,[0.00348191 0.01259002],[0.06306252 0.11650081],[ 0.54926922 -0.78886526],[ 0.30216735 -0.00461735]
106,0.10600000000000008,[0.00354552 0.01270574],[0.06361179 0.11571194],[ 0.54882927 -0.79059751],[ 0.30194527 -0.0046063 ]
107,0.10700000000000008,[0.00360968 0.01282066],[0.06416062 0.11492135],[ 0.54839262 -0.79210743],[ 0.30172308 -0.00459505]
108,0.10800000000000008,[0.00367439 0.01293479],[0.06470901 0.11412924],[ 0.54795912 -0.79340421],[ 0.30150079 -0.00458361]
109,0.10900000000000008,[0.00373965 0.01304812],[0.06525697 0.11333583],[ 0.54752863 -0.79449666],[ 0.30127839 -0.004572  ]
110,0.11000000000000008,[0.00380545 0.01316066],[0.0658045  0.11254134],[ 0.54710101 -0.7953933 ],[ 0.30105588 -0.00456023]
111,0.11100000000000008,[0.00387181 0.01327241],[0.0663516  0.11174594],[ 0.54667613 -0.79610229],[ 0.30083326 -0.0045483 ]
112,0.11200000000000009,[0.0039387  0.01338336],[0.06689828 0.11094984],[ 0.54625388 -0.79663153],[ 0.30061054 -0.00453623]
113,0.11300000000000009,[0.00400615 0.01349351],[0.06744453 0.11015321],[ 0.54583414 -0.79698858],[ 0.30038771 -0.00452402]
114,0.11400000000000009,[0.00407414 0.01360287],[0.06799036 0.10935622],[ 0.54541678 -0.79718076],[ 0.30016478 -0.00451169]
115,0.11500000000000009,[0.00414268 0.01371143],[0.06853578 0.10855904],[ 0.54500171 -0.79721508],[ 0.29994174 -0.00449923]
116,0.11600000000000009,[0.00421176 0.01381919],[0.06908078 0.10776183],[ 0.5445888 -0.7970983],[ 0.29971859 -0.00448666]
117,0.11700000000000009,[0.00428138 0.01392615],[0.06962537 0.10696473],[ 0.54417797 -0.79683694],[ 0.29949534 -0.00447399]
118,0.11800000000000009,[0.00435155 0.01403232],[0.07016955 0.10616789],[ 0.54376912 -0.79643726],[ 0.29927198 -0.00446122]
119,0.11900000000000009,[0.00442226 0.01413769],[0.07071332 0.10537145],[ 0.54336214 -0.79590529],[ 0.29904852 -0.00444837]
120,0.12000000000000009,[0.00449352 0.01424227],[0.07125668 0.10457555],[ 0.54295695 -0.79524682],[ 0.29882494 -0.00443542]
121,0.1210000000000001,[0.00456532 0.01434605],[0.07179964 0.1037803 ],[ 0.54255346 -0.79446745],[ 0.29860127 -0.00442241]
122,0.1220000000000001,[0.00463766 0.01444904],[0.07234219 0.10298583],[ 0.54215158 -0.79357254],[ 0.29837748 -0.00440932]
123,0.1230000000000001,[0.00471055 0.01455123],[0.07288434 0.10219226],[ 0.54175124 -0.79256726],[ 0.2981536  -0.00439617]
124,0.1240000000000001,[0.00478397 0.01465263],[0.07342609 0.10139969],[ 0.54135236 -0.7914566 ],[ 0.2979296  -0.00438296]
125,0.12500000000000008,[0.00485794 0.01475324],[0.07396745 0.10060824],[ 0.54095486 -0.79024534],[ 0.2977055  -0.00436969]
126,0.12600000000000008,[0.00493245 0.01485305],[0.0745084  0.09981799],[ 0.54055867 -0.78893808],[ 0.2974813  -0.00435638]
127,0.12700000000000009,[0.0050075  0.01495208],[0.07504896 0.09902905],[ 0.54016373 -0.78753925],[ 0.29725699 -0.00434302]
128,0.12800000000000009,[0.00508309 0.01505032],[0.07558912 0.09824151],[ 0.53976995 -0.78605312],[ 0.29703257 -0.00432963]
129,0.1290000000000001,[0.00515922 0.01514778],[0.07612889 0.09745546],[ 0.53937729 -0.7844838 ],[ 0.29680805 -0.0043162 ]
130,0.1300000000000001,[0.00523588 0.01524445],[0.07666827 0.09667098],[ 0.53898567 -0.78283521],[ 0.29658342 -0.00430275]
131,0.1310000000000001,[0.00531309 0.01534034],[0.07720726 0.09588814],[ 0.53859505 -0.78111117],[ 0.29635869 -0.00428927]
132,0.1320000000000001,[0.00539084 0.01543545],[0.07774585 0.09510703],[ 0.53820535 -0.77931533],[ 0.29613386 -0.00427576]
133,0.1330000000000001,[0.00546912 0.01552977],[0.07828406 0.09432772],[ 0.53781654 -0.77745118],[ 0.29590891 -0.00426225]
134,0.1340000000000001,[0.00554794 0.01562332],[0.07882187 0.09355026],[ 0.53742854 -0.77552212],[ 0.29568387 -0.00424871]
135,0.1350000000000001,[0.0056273 0.0157161],[0.0793593  0.09277474],[ 0.53704132 -0.77353138],[ 0.29545872 -0.00423517]
136,0.1360000000000001,[0.0057072 0.0158081],[0.07989634 0.09200121],[ 0.53665483 -0.7714821 ],[ 0.29523347 -0.00422163]
137,0.1370000000000001,[0.00578763 0.01589933],[0.080433   0.09122973],[ 0.53626901 -0.76937727],[ 0.29500811 -0.00420808]
138,0.1380000000000001,[0.0058686  0.01598979],[0.08096927 0.09046035],[ 0.53588383 -0.76721979],[ 0.29478265 -0.00419453]
139,0.1390000000000001,[0.00595011 0.01607948],[0.08150515 0.08969313],[ 0.53549923 -0.76501243],[ 0.29455708 -0.00418099]
140,0.1400000000000001,[0.00603215 0.01616841],[0.08204065 0.08892812],[ 0.53511519 -0.76275786],[ 0.29433141 -0.00416745]
141,0.1410000000000001,[0.00611472 0.01625658],[0.08257577 0.08816536],[ 0.53473165 -0.76045864],[ 0.29410564 -0.00415393]
142,0.1420000000000001,[0.00619783 0.01634398],[0.0831105 0.0874049],[ 0.53434858 -0.75811725],[ 0.29387976 -0.00414041]
143,0.1430000000000001,[0.00628148 0.01643063],[0.08364485 0.08664679],[ 0.53396594 -0.75573606],[ 0.29365378 -0.00412691]
144,0.1440000000000001,[0.00636566 0.01651652],[0.08417881 0.08589105],[ 0.5335837  -0.75331734],[ 0.2934277  -0.00411343]
145,0.1450000000000001,[0.00645037 0.01660166],[0.0847124  0.08513773],[ 0.53320182 -0.75086328],[ 0.29320151 -0.00409996]
146,0.1460000000000001,[0.00653561 0.01668604],[0.0852456  0.08438687],[ 0.53282028 -0.748376  ],[ 0.29297522 -0.00408652]
147,0.1470000000000001,[0.00662139 0.01676968],[0.08577842 0.08363849],[ 0.53243903 -0.74585751],[ 0.29274883 -0.00407311]
148,0.1480000000000001,[0.0067077  0.01685258],[0.08631086 0.08289264],[ 0.53205805 -0.74330976],[ 0.29252234 -0.00405971]
149,0.1490000000000001,[0.00679455 0.01693472],[0.08684291 0.08214933],[ 0.5316773  -0.74073461],[ 0.29229574 -0.00404635]
150,0.1500000000000001,[0.00688192 0.01701613],[0.08737459 0.08140859],[ 0.53129677 -0.73813385],[ 0.29206904 -0.00403302]
151,0.1510000000000001,[0.00696983 0.0170968 ],[0.08790589 0.08067046],[ 0.53091643 -0.73550922],[ 0.29184224 -0.00401972]
152,0.1520000000000001,[0.00705826 0.01717674],[0.08843681 0.07993495],[ 0.53053624 -0.73286236],[ 0.29161534 -0.00400645]
153,0.1530000000000001,[0.00714723 0.01725594],[0.08896734 0.07920209],[ 0.53015619 -0.73019487],[ 0.29138833 -0.00399322]
154,0.1540000000000001,[0.00723673 0.01733441],[0.0894975  0.07847189],[ 0.52977625 -0.72750826],[ 0.29116122 -0.00398002]
155,0.1550000000000001,[0.00732676 0.01741216],[0.09002727 0.07774438],[ 0.52939639 -0.72480401],[ 0.29093402 -0.00396686]
156,0.1560000000000001,[0.00741731 0.01748918],[0.09055667 0.07701958],[ 0.52901661 -0.72208351],[ 0.29070671 -0.00395374]
157,0.1570000000000001,[0.0075084  0.01756547],[0.09108569 0.0762975 ],[ 0.52863686 -0.71934813],[ 0.2904793  -0.00394067]
158,0.1580000000000001,[0.00760001 0.01764105],[0.09161432 0.07557815],[ 0.52825715 -0.71659915],[ 0.29025178 -0.00392763]
159,0.1590000000000001,[0.00769216 0.01771591],[0.09214258 0.07486155],[ 0.52787744 -0.71383781],[ 0.29002417 -0.00391464]
160,0.16000000000000011,[0.00778483 0.01779006],[0.09267046 0.07414771],[ 0.52749771 -0.71106532],[ 0.28979646 -0.00390169]
161,0.16100000000000012,[0.00787802 0.0178635 ],[0.09319796 0.07343665],[ 0.52711796 -0.70828281],[ 0.28956865 -0.00388879]
162,0.16200000000000012,[0.00797175 0.01793623],[0.09372507 0.07272836],[ 0.52673816 -0.70549138],[ 0.28934073 -0.00387593]
163,0.16300000000000012,[0.008066   0.01800825],[0.09425181 0.07202287],[ 0.5263583  -0.70269209],[ 0.28911272 -0.00386313]
164,0.16400000000000012,[0.00816078 0.01807957],[0.09477817 0.07132018],[ 0.52597836 -0.69988594],[ 0.2888846  -0.00385037]
165,0.16500000000000012,[0.00825608 0.01815019],[0.09530415 0.07062029],[ 0.52559832 -0.69707389],[ 0.28865639 -0.00383766]
166,0.16600000000000012,[0.00835191 0.01822011],[0.09582975 0.06992322],[ 0.52521818 -0.69425689],[ 0.28842808 -0.003825  ]
167,0.16700000000000012,[0.00844827 0.01828934],[0.09635497 0.06922896],[ 0.52483792 -0.69143581],[ 0.28819967 -0.00381239]
168,0.16800000000000012,[0.00854515 0.01835788],[0.0968798  0.06853753],[ 0.52445752 -0.68861151],[ 0.28797115 -0.00379984]
169,0.16900000000000012,[0.00864255 0.01842573],[0.09740426 0.06784891],[ 0.52407698 -0.6857848 ],[ 0.28774254 -0.00378733]
170,0.17000000000000012,[0.00874048 0.01849289],[0.09792834 0.06716313],[ 0.52369628 -0.68295646],[ 0.28751383 -0.00377489]
171,0.17100000000000012,[0.00883893 0.01855937],[0.09845203 0.06648017],[ 0.5233154  -0.68012725],[ 0.28728502 -0.00376249]
172,0.17200000000000013,[0.00893791 0.01862517],[0.09897535 0.06580005],[ 0.52293435 -0.67729787],[ 0.28705612 -0.00375015]
173,0.17300000000000013,[0.00903741 0.01869029],[0.09949828 0.06512275],[ 0.5225531  -0.67446902],[ 0.28682711 -0.00373786]
174,0.17400000000000013,[0.00913743 0.01875474],[0.10002084 0.06444828],[ 0.52217166 -0.67164135],[ 0.28659801 -0.00372563]
175,0.17500000000000013,[0.00923797 0.01881852],[0.10054301 0.06377664],[ 0.52179    -0.66881548],[ 0.28636881 -0.00371346]
176,0.17600000000000013,[0.00933903 0.01888163],[0.1010648  0.06310782],[ 0.52140812 -0.66599202],[ 0.28613951 -0.00370134]
177,0.17700000000000013,[0.00944062 0.01894407],[0.10158621 0.06244183],[ 0.52102602 -0.66317154],[ 0.28591011 -0.00368928]
178,0.17800000000000013,[0.00954273 0.01900585],[0.10210723 0.06177866],[ 0.52064367 -0.66035458],[ 0.28568061 -0.00367728]
179,0.17900000000000013,[0.00964536 0.01906697],[0.10262788 0.0611183 ],[ 0.52026108 -0.65754168],[ 0.28545102 -0.00366534]
180,0.18000000000000013,[0.0097485  0.01912743],[0.10314814 0.06046076],[ 0.51987824 -0.65473333],[ 0.28522133 -0.00365345]
181,0.18100000000000013,[0.00985217 0.01918723],[0.10366802 0.05980603],[ 0.51949515 -0.65193   ],[ 0.28499155 -0.00364162]
182,0.18200000000000013,[0.00995636 0.01924639],[0.10418751 0.0591541 ],[ 0.51911178 -0.64913217],[ 0.28476166 -0.00362986]
183,0.18300000000000013,[0.01006107 0.01930489],[0.10470662 0.05850497],[ 0.51872814 -0.64634025],[ 0.28453168 -0.00361815]
184,0.18400000000000014,[0.01016629 0.01936275],[0.10522535 0.05785863],[ 0.51834422 -0.64355466],[ 0.28430161 -0.0036065 ]
185,0.18500000000000014,[0.01027204 0.01941997],[0.10574369 0.05721507],[ 0.51796002 -0.64077581],[ 0.28407144 -0.00359491]
186,0.18600000000000014,[0.0103783  0.01947654],[0.10626166 0.0565743 ],[ 0.51757553 -0.63800406],[ 0.28384117 -0.00358338]
187,0.18700000000000014,[0.01048508 0.01953248],[0.10677923 0.05593629],[ 0.51719074 -0.63523978],[ 0.2836108  -0.00357191]
188,0.18800000000000014,[0.01059237 0.01958778],[0.10729642 0.05530105],[ 0.51680565 -0.63248331],[ 0.28338035 -0.0035605 ]
189,0.18900000000000014,[0.01070019 0.01964245],[0.10781323 0.05466857],[ 0.51642026 -0.62973497],[ 0.28314979 -0.00354915]
190,0.19000000000000014,[0.01080852 0.01969648],[0.10832965 0.05403883],[ 0.51603455 -0.62699507],[ 0.28291914 -0.00353786]
191,0.19100000000000014,[0.01091736 0.0197499 ],[0.10884568 0.05341184],[ 0.51564853 -0.6242639 ],[ 0.28268839 -0.00352663]
192,0.19200000000000014,[0.01102672 0.01980268],[0.10936133 0.05278758],[ 0.51526219 -0.62154175],[ 0.28245755 -0.00351546]
193,0.19300000000000014,[0.0111366  0.01985485],[0.10987659 0.05216603],[ 0.51487554 -0.61882888],[ 0.28222662 -0.00350435]
194,0.19400000000000014,[0.01124699 0.0199064 ],[0.11039147 0.0515472 ],[ 0.51448855 -0.61612553],[ 0.28199559 -0.00349331]
195,0.19500000000000015,[0.0113579  0.01995733],[0.11090596 0.05093108],[ 0.51410124 -0.61343195],[ 0.28176446 -0.00348232]
196,0.19600000000000015,[0.01146932 0.02000765],[0.11142006 0.05031765],[ 0.51371359 -0.61074837],[ 0.28153325 -0.0034714 ]
197,0.19700000000000015,[0.01158125 0.02005735],[0.11193377 0.0497069 ],[ 0.51332561 -0.60807499],[ 0.28130193 -0.00346054]
198,0.19800000000000015,[0.0116937  0.02010645],[0.1124471  0.04909882],[ 0.51293729 -0.60541202],[ 0.28107053 -0.00344973]
199,0.19900000000000015,[0.01180666 0.02015495],[0.11296003 0.04849341],[ 0.51254863 -0.60275965],[ 0.28083903 -0.00343899]
200,0.20000000000000015,[0.01192013 0.02020284],[0.11347258 0.04789065],[ 0.51215963 -0.60011805],[ 0.28060743 -0.00342831]
201,0.20100000000000015,[0.01203411 0.02025013],[0.11398474 0.04729053],[ 0.51177028 -0.5974874 ],[ 0.28037575 -0.0034177 ]
202,0.20200000000000015,[0.01214861 0.02029682],[0.11449651 0.04669305],[ 0.51138058 -0.59486786],[ 0.28014397 -0.00340714]
203,0.20300000000000015,[0.01226362 0.02034292],[0.11500789 0.04609818],[ 0.51099054 -0.59225957],[ 0.2799121  -0.00339664]
204,0.20400000000000015,[0.01237914 0.02038842],[0.11551888 0.04550592],[ 0.51060014 -0.58966268],[ 0.27968013 -0.0033862 ]
205,0.20500000000000015,[0.01249517 0.02043334],[0.11602948 0.04491626],[ 0.51020939 -0.58707731],[ 0.27944807 -0.00337583]
206,0.20600000000000016,[0.01261171 0.02047767],[0.11653969 0.04432918],[ 0.50981829 -0.5845036 ],[ 0.27921592 -0.00336552]
207,0.20700000000000016,[0.01272876 0.02052141],[0.11704951 0.04374468],[ 0.50942682 -0.58194165],[ 0.27898368 -0.00335526]
208,0.20800000000000016,[0.01284632 0.02056458],[0.11755894 0.04316273],[ 0.50903501 -0.57939157],[ 0.27875135 -0.00334507]
209,0.20900000000000016,[0.01296438 0.02060716],[0.11806797 0.04258334],[ 0.50864283 -0.57685347],[ 0.27851892 -0.00333494]
210,0.21000000000000016,[0.01308296 0.02064917],[0.11857662 0.04200649],[ 0.50825029 -0.57432743],[ 0.2782864  -0.00332486]
211,0.21100000000000016,[0.01320205 0.0206906 ],[0.11908487 0.04143216],[ 0.50785739 -0.57181354],[ 0.27805379 -0.00331485]
212,0.21200000000000016,[0.01332164 0.02073146],[0.11959272 0.04086035],[ 0.50746413 -0.56931188],[ 0.27782109 -0.0033049 ]
213,0.21300000000000016,[0.01344174 0.02077175],[0.12010019 0.04029104],[ 0.50707051 -0.56682253],[ 0.2775883  -0.00329501]
214,0.21400000000000016,[0.01356235 0.02081147],[0.12060726 0.03972421],[ 0.50667652 -0.56434554],[ 0.27735542 -0.00328518]
215,0.21500000000000016,[0.01368346 0.02085063],[0.12111394 0.03915987],[ 0.50628217 -0.56188098],[ 0.27712245 -0.00327541]
216,0.21600000000000016,[0.01380508 0.02088923],[0.12162022 0.03859799],[ 0.50588746 -0.5594289 ],[ 0.27688938 -0.0032657 ]
217,0.21700000000000016,[0.01392721 0.02092727],[0.1221261  0.03803856],[ 0.50549238 -0.55698936],[ 0.27665623 -0.00325604]
218,0.21800000000000017,[0.01404984 0.02096475],[0.1226316  0.03748157],[ 0.50509694 -0.55456239],[ 0.27642299 -0.00324645]
219,0.21900000000000017,[0.01417297 0.02100168],[0.12313669 0.03692701],[ 0.50470113 -0.55214804],[ 0.27618965 -0.00323692]
220,0.22000000000000017,[0.01429662 0.02103805],[0.1236414  0.03637486],[ 0.50430495 -0.54974634],[ 0.27595623 -0.00322744]
221,0.22100000000000017,[0.01442076 0.02107388],[0.1241457  0.03582511],[ 0.50390841 -0.54735733],[ 0.27572272 -0.00321803]
222,0.22200000000000017,[0.01454541 0.02110916],[0.12464961 0.03527775],[ 0.50351151 -0.54498101],[ 0.27548912 -0.00320867]
223,0.22300000000000017,[0.01467056 0.02114389],[0.12515312 0.03473277],[ 0.50311424 -0.54261743],[ 0.27525543 -0.00319937]
224,0.22400000000000017,[0.01479622 0.02117808],[0.12565623 0.03419016],[ 0.5027166  -0.54026659],[ 0.27502165 -0.00319013]
225,0.22500000000000017,[0.01492238 0.02121173],[0.12615895 0.03364989],[ 0.5023186 -0.5379285],[ 0.27478778 -0.00318095]
226,0.22600000000000017,[0.01504904 0.02124484],[0.12666127 0.03311196],[ 0.50192023 -0.53560319],[ 0.27455382 -0.00317183]
227,0.22700000000000017,[0.0151762  0.02127742],[0.12716319 0.03257636],[ 0.50152149 -0.53329065],[ 0.27431978 -0.00316276]
228,0.22800000000000017,[0.01530387 0.02130946],[0.12766471 0.03204307],[ 0.5011224  -0.53099088],[ 0.27408564 -0.00315375]
229,0.22900000000000018,[0.01543203 0.02134097],[0.12816583 0.03151208],[ 0.50072294 -0.52870389],[ 0.27385142 -0.0031448 ]
230,0.23000000000000018,[0.0155607  0.02137196],[0.12866656 0.03098337],[ 0.50032311 -0.52642968],[ 0.27361711 -0.00313591]
231,0.23100000000000018,[0.01568987 0.02140241],[0.12916688 0.03045694],[ 0.49992292 -0.52416822],[ 0.27338271 -0.00312707]
232,0.23200000000000018,[0.01581953 0.02143235],[0.1296668  0.02993277],[ 0.49952237 -0.52191953],[ 0.27314823 -0.00311829]
233,0.23300000000000018,[0.0159497  0.02146176],[0.13016633 0.02941086],[ 0.49912145 -0.51968358],[ 0.27291366 -0.00310957]
234,0.23400000000000018,[0.01608037 0.02149065],[0.13066545 0.02889117],[ 0.49872018 -0.51746035],[ 0.272679   -0.00310091]
235,0.23500000000000018,[0.01621153 0.02151902],[0.13116417 0.02837371],[ 0.49831854 -0.51524984],[ 0.27244425 -0.0030923 ]
236,0.23600000000000018,[0.01634319 0.02154688],[0.13166249 0.02785846],[ 0.49791654 -0.51305202],[ 0.27220942 -0.00308374]
237,0.23700000000000018,[0.01647535 0.02157423],[0.1321604  0.02734541],[ 0.49751418 -0.51086687],[ 0.2719745  -0.00307525]
238,0.23800000000000018,[0.01660801 0.02160106],[0.13265792 0.02683454],[ 0.49711146 -0.50869437],[ 0.2717395 -0.0030668]
239,0.23900000000000018,[0.01674117 0.02162739],[0.13315503 0.02632585],[ 0.49670839 -0.50653449],[ 0.2715044  -0.00305842]
240,0.24000000000000019,[0.01687482 0.02165321],[0.13365174 0.02581931],[ 0.49630496 -0.5043872 ],[ 0.27126923 -0.00305009]
241,0.2410000000000002,[0.01700897 0.02167852],[0.13414804 0.02531493],[ 0.49590117 -0.50225247],[ 0.27103396 -0.00304181]
242,0.2420000000000002,[0.01714361 0.02170333],[0.13464394 0.02481267],[ 0.49549702 -0.50013027],[ 0.27079862 -0.00303359]
243,0.2430000000000002,[0.01727875 0.02172765],[0.13513944 0.02431254],[ 0.49509252 -0.49802056],[ 0.27056318 -0.00302542]
244,0.2440000000000002,[0.01741438 0.02175146],[0.13563453 0.02381452],[ 0.49468767 -0.49592332],[ 0.27032766 -0.00301731]
245,0.2450000000000002,[0.01755051 0.02177478],[0.13612922 0.0233186 ],[ 0.49428246 -0.4938385 ],[ 0.27009206 -0.00300926]
246,0.2460000000000002,[0.01768714 0.0217976 ],[0.1366235  0.02282476],[ 0.4938769  -0.49176607],[ 0.26985637 -0.00300125]
247,0.2470000000000002,[0.01782425 0.02181994],[0.13711738 0.022333  ],[ 0.49347099 -0.48970598],[ 0.2696206 -0.0029933]
248,0.2480000000000002,[0.01796186 0.02184178],[0.13761085 0.02184329],[ 0.49306472 -0.4876582 ],[ 0.26938474 -0.00298541]
249,0.2490000000000002,[0.01809997 0.02186314],[0.13810391 0.02135563],[ 0.49265811 -0.48562268],[ 0.2691488  -0.00297756]
250,0.25000000000000017,[0.01823857 0.02188401],[0.13859657 0.02087001],[ 0.49225115 -0.48359939],[ 0.26891277 -0.00296977]
251,0.25100000000000017,[0.01837765 0.02190439],[0.13908882 0.02038641],[ 0.49184385 -0.48158827],[ 0.26867666 -0.00296204]
252,0.25200000000000017,[0.01851723 0.0219243 ],[0.13958067 0.01990482],[ 0.4914362  -0.47958927],[ 0.26844047 -0.00295435]
253,0.25300000000000017,[0.01865731 0.02194372],[0.1400721  0.01942523],[ 0.4910282  -0.47760237],[ 0.26820419 -0.00294672]
254,0.25400000000000017,[0.01879787 0.02196267],[0.14056313 0.01894763],[ 0.49061986 -0.47562749],[ 0.26796783 -0.00293914]
255,0.25500000000000017,[0.01893892 0.02198114],[0.14105375 0.018472  ],[ 0.49021117 -0.47366461],[ 0.26773139 -0.00293162]
256,0.25600000000000017,[0.01908047 0.02199914],[0.14154396 0.01799834],[ 0.48980215 -0.47171366],[ 0.26749486 -0.00292414]
257,0.2570000000000002,[0.0192225  0.02201667],[0.14203376 0.01752662],[ 0.48939278 -0.4697746 ],[ 0.26725825 -0.00291672]
258,0.2580000000000002,[0.01936502 0.02203372],[0.14252316 0.01705685],[ 0.48898308 -0.46784738],[ 0.26702156 -0.00290935]
259,0.2590000000000002,[0.01950804 0.02205031],[0.14301214 0.016589  ],[ 0.48857303 -0.46593194],[ 0.26678478 -0.00290203]
260,0.2600000000000002,[0.01965154 0.02206644],[0.14350071 0.01612307],[ 0.48816265 -0.46402823],[ 0.26654793 -0.00289476]
261,0.2610000000000002,[0.01979553 0.02208209],[0.14398888 0.01565904],[ 0.48775194 -0.4621362 ],[ 0.26631099 -0.00288754]
262,0.2620000000000002,[0.01994    0.02209729],[0.14447663 0.01519691],[ 0.48734089 -0.4602558 ],[ 0.26607397 -0.00288037]
263,0.2630000000000002,[0.02008497 0.02211203],[0.14496397 0.01473665],[ 0.4869295  -0.45838698],[ 0.26583687 -0.00287325]
264,0.2640000000000002,[0.02023042 0.02212631],[0.1454509  0.01427826],[ 0.48651779 -0.45652967],[ 0.26559969 -0.00286618]
265,0.2650000000000002,[0.02037636 0.02214013],[0.14593742 0.01382173],[ 0.48610574 -0.45468382],[ 0.26536242 -0.00285917]
266,0.2660000000000002,[0.02052278 0.0221535 ],[0.14642352 0.01336705],[ 0.48569336 -0.45284937],[ 0.26512508 -0.0028522 ]
267,0.2670000000000002,[0.02066969 0.02216641],[0.14690922 0.0129142 ],[ 0.48528066 -0.45102628],[ 0.26488765 -0.00284528]
268,0.2680000000000002,[0.02081708 0.02217887],[0.1473945  0.01246317],[ 0.48486762 -0.44921449],[ 0.26465015 -0.00283841]
269,0.2690000000000002,[0.02096496 0.02219089],[0.14787936 0.01201396],[ 0.48445426 -0.44741393],[ 0.26441256 -0.00283159]
270,0.2700000000000002,[0.02111333 0.02220245],[0.14836382 0.01156654],[ 0.48404058 -0.44562455],[ 0.26417489 -0.00282482]
271,0.2710000000000002,[0.02126217 0.02221357],[0.14884786 0.01112092],[ 0.48362657 -0.44384629],[ 0.26393714 -0.00281809]
272,0.2720000000000002,[0.0214115  0.02222425],[0.14933149 0.01067707],[ 0.48321224 -0.4420791 ],[ 0.26369932 -0.00281142]
273,0.2730000000000002,[0.02156132 0.02223449],[0.1498147  0.01023499],[ 0.48279759 -0.44032291],[ 0.26346141 -0.00280479]
274,0.2740000000000002,[0.02171162 0.02224428],[0.1502975  0.00979467],[ 0.48238262 -0.43857768],[ 0.26322342 -0.00279821]
275,0.2750000000000002,[0.0218624  0.02225364],[0.15077988 0.00935609],[ 0.48196733 -0.43684334],[ 0.26298536 -0.00279168]
276,0.2760000000000002,[0.02201366 0.02226256],[0.15126185 0.00891925],[ 0.48155173 -0.43511983],[ 0.26274721 -0.0027852 ]
277,0.2770000000000002,[0.0221654  0.02227104],[0.1517434  0.00848413],[ 0.4811358  -0.43340709],[ 0.26250899 -0.00277877]
278,0.2780000000000002,[0.02231763 0.02227909],[0.15222453 0.00805072],[ 0.48071957 -0.43170507],[ 0.26227069 -0.00277238]
279,0.2790000000000002,[0.02247033 0.02228671],[0.15270525 0.00761902],[ 0.48030302 -0.4300137 ],[ 0.26203231 -0.00276604]
280,0.2800000000000002,[0.02262352 0.0222939 ],[0.15318556 0.00718901],[ 0.47988615 -0.42833293],[ 0.26179385 -0.00275974]
281,0.2810000000000002,[0.02277718 0.02230066],[0.15366544 0.00676067],[ 0.47946898 -0.4266627 ],[ 0.26155531 -0.00275349]
282,0.2820000000000002,[0.02293133 0.02230699],[0.15414491 0.00633401],[ 0.4790515  -0.42500295],[ 0.26131669 -0.00274729]
283,0.2830000000000002,[0.02308595 0.0223129 ],[0.15462396 0.00590901],[ 0.47863371 -0.42335362],[ 0.261078   -0.00274114]
284,0.2840000000000002,[0.02324105 0.02231839],[0.1551026  0.00548565],[ 0.47821561 -0.42171465],[ 0.26083923 -0.00273503]
285,0.2850000000000002,[0.02339664 0.02232345],[0.15558081 0.00506394],[ 0.4777972  -0.42008599],[ 0.26060038 -0.00272896]
286,0.2860000000000002,[0.02355269 0.0223281 ],[0.15605861 0.00464385],[ 0.47737849 -0.41846756],[ 0.26036146 -0.00272294]
287,0.2870000000000002,[0.02370923 0.02233232],[0.15653599 0.00422538],[ 0.47695948 -0.41685932],[ 0.26012245 -0.00271697]
288,0.2880000000000002,[0.02386624 0.02233613],[0.15701295 0.00380853],[ 0.47654017 -0.4152612 ],[ 0.25988337 -0.00271104]
289,0.2890000000000002,[0.02402373 0.02233952],[0.15748949 0.00339326],[ 0.47612055 -0.41367315],[ 0.25964422 -0.00270516]
290,0.2900000000000002,[0.0241817 0.0223425],[0.15796561 0.00297959],[ 0.47570064 -0.4120951 ],[ 0.25940498 -0.00269932]
291,0.2910000000000002,[0.02434014 0.02234507],[0.15844131 0.0025675 ],[ 0.47528043 -0.410527  ],[ 0.25916568 -0.00269353]
292,0.2920000000000002,[0.02449906 0.02234723],[0.15891659 0.00215697],[ 0.47485992 -0.40896879],[ 0.25892629 -0.00268778]
293,0.2930000000000002,[0.02465845 0.02234898],[0.15939145 0.001748  ],[ 0.47443912 -0.4074204 ],[ 0.25868683 -0.00268207]
294,0.2940000000000002,[0.02481831 0.02235032],[0.15986589 0.00134058],[ 0.47401802 -0.40588179],[ 0.25844729 -0.00267641]
295,0.2950000000000002,[0.02497865 0.02235125],[0.16033991 0.0009347 ],[ 0.47359663 -0.40435289],[ 0.25820768 -0.00267079]
296,0.2960000000000002,[0.02513947 0.02235178],[0.1608135  0.00053035],[ 0.47317494 -0.40283365],[ 0.25796799 -0.00266522]
297,0.2970000000000002,[0.02530075 0.02235191],[1.61286677e-01 1.27511520e-04],[ 0.47275297 -0.401324  ],[ 0.25772823 -0.00265969]
298,0.2980000000000002,[0.02546251 0.02235163],[ 0.16175943 -0.00027381],[ 0.47233071 -0.39982388],[ 0.25748839 -0.0026542 ]
299,0.2990000000000002,[0.02562474 0.02235096],[ 0.16223176 -0.00067364],[ 0.47190816 -0.39833325],[ 0.25724848 -0.00264876]
300,0.3000000000000002,[0.02578745 0.02234989],[ 0.16270367 -0.00107197],[ 0.47148532 -0.39685204],[ 0.25700849 -0.00264336]
301,0.3010000000000002,[0.02595062 0.02234842],[ 0.16317515 -0.00146882],[ 0.4710622  -0.39538019],[ 0.25676843 -0.002638  ]
302,0.3020000000000002,[0.02611427 0.02234656],[ 0.16364622 -0.0018642 ],[ 0.47063879 -0.39391765],[ 0.25652829 -0.00263268]
303,0.3030000000000002,[0.02627839 0.0223443 ],[ 0.16411685 -0.00225812],[ 0.4702151  -0.39246435],[ 0.25628808 -0.00262741]
304,0.3040000000000002,[0.02644297 0.02234165],[ 0.16458707 -0.00265058],[ 0.46979113 -0.39102025],[ 0.2560478  -0.00262218]
305,0.3050000000000002,[0.02660803 0.02233861],[ 0.16505686 -0.0030416 ],[ 0.46936688 -0.38958528],[ 0.25580744 -0.00261699]
306,0.3060000000000002,[0.02677356 0.02233517],[ 0.16552623 -0.00343119],[ 0.46894235 -0.38815939],[ 0.25556701 -0.00261184]
307,0.3070000000000002,[0.02693955 0.02233136],[ 0.16599517 -0.00381935],[ 0.46851754 -0.38674253],[ 0.25532651 -0.00260673]
308,0.3080000000000002,[0.02710602 0.02232715],[ 0.16646369 -0.00420609],[ 0.46809245 -0.38533462],[ 0.25508593 -0.00260166]
309,0.3090000000000002,[0.02727295 0.02232256],[ 0.16693178 -0.00459143],[ 0.46766709 -0.38393563],[ 0.25484528 -0.00259664]
310,0.3100000000000002,[0.02744035 0.02231758],[ 0.16739945 -0.00497536],[ 0.46724146 -0.38254548],[ 0.25460455 -0.00259166]
311,0.3110000000000002,[0.02760821 0.02231222],[ 0.16786669 -0.00535791],[ 0.46681555 -0.38116414],[ 0.25436376 -0.00258671]
312,0.3120000000000002,[0.02777655 0.02230649],[ 0.1683335  -0.00573907],[ 0.46638937 -0.37979154],[ 0.25412289 -0.00258181]
313,0.3130000000000002,[0.02794535 0.02230037],[ 0.16879989 -0.00611886],[ 0.46596292 -0.37842762],[ 0.25388195 -0.00257695]
314,0.3140000000000002,[0.02811461 0.02229387],[ 0.16926586 -0.00649729],[ 0.4655362  -0.37707233],[ 0.25364094 -0.00257213]
315,0.3150000000000002,[0.02828434 0.02228699],[ 0.16973139 -0.00687436],[ 0.46510921 -0.37572562],[ 0.25339985 -0.00256735]
316,0.3160000000000002,[0.02845454 0.02227974],[ 0.1701965  -0.00725009],[ 0.46468196 -0.37438743],[ 0.2531587  -0.00256261]
317,0.3170000000000002,[0.0286252  0.02227212],[ 0.17066118 -0.00762448],[ 0.46425443 -0.37305771],[ 0.25291747 -0.00255791]
318,0.3180000000000002,[0.02879633 0.02226412],[ 0.17112544 -0.00799753],[ 0.46382665 -0.3717364 ],[ 0.25267617 -0.00255324]
319,0.31900000000000023,[0.02896792 0.02225575],[ 0.17158927 -0.00836927],[ 0.4633986  -0.37042345],[ 0.2524348  -0.00254862]
320,0.32000000000000023,[0.02913997 0.02224701],[ 0.17205266 -0.00873969],[ 0.46297029 -0.36911881],[ 0.25219336 -0.00254404]
321,0.32100000000000023,[0.02931248 0.0222379 ],[ 0.17251563 -0.00910881],[ 0.46254172 -0.36782241],[ 0.25195185 -0.00253949]
322,0.32200000000000023,[0.02948546 0.02222843],[ 0.17297818 -0.00947663],[ 0.46211289 -0.36653422],[ 0.25171027 -0.00253499]
323,0.32300000000000023,[0.0296589  0.02221858],[ 0.17344029 -0.00984317],[ 0.4616838  -0.36525418],[ 0.25146861 -0.00253052]
324,0.32400000000000023,[0.02983281 0.02220838],[ 0.17390197 -0.01020842],[ 0.46125445 -0.36398222],[ 0.25122689 -0.0025261 ]
325,0.32500000000000023,[0.03000717 0.0221978 ],[ 0.17436323 -0.01057241],[ 0.46082484 -0.36271831],[ 0.2509851  -0.00252171]
326,0.32600000000000023,[0.03018199 0.02218687],[ 0.17482405 -0.01093512],[ 0.46039498 -0.36146239],[ 0.25074324 -0.00251736]
327,0.32700000000000023,[0.03035728 0.02217557],[ 0.17528445 -0.01129659],[ 0.45996487 -0.36021441],[ 0.25050131 -0.00251304]
328,0.32800000000000024,[0.03053302 0.02216392],[ 0.17574441 -0.0116568 ],[ 0.45953451 -0.35897431],[ 0.25025931 -0.00250877]
329,0.32900000000000024,[0.03070923 0.0221519 ],[ 0.17620395 -0.01201577],[ 0.45910389 -0.35774204],[ 0.25001724 -0.00250453]
330,0.33000000000000024,[0.03088589 0.02213953],[ 0.17666305 -0.01237352],[ 0.45867302 -0.35651756],[ 0.2497751  -0.00250033]
331,0.33100000000000024,[0.03106301 0.0221268 ],[ 0.17712172 -0.01273003],[ 0.4582419  -0.35530081],[ 0.24953289 -0.00249617]
332,0.33200000000000024,[0.03124059 0.02211371],[ 0.17757996 -0.01308533],[ 0.45781054 -0.35409175],[ 0.24929061 -0.00249204]
333,0.33300000000000024,[0.03141863 0.02210027],[ 0.17803778 -0.01343943],[ 0.45737892 -0.35289032],[ 0.24904827 -0.00248796]
334,0.33400000000000024,[0.03159712 0.02208648],[ 0.17849515 -0.01379232],[ 0.45694707 -0.35169646],[ 0.24880585 -0.00248391]
335,0.33500000000000024,[0.03177607 0.02207234],[ 0.1789521  -0.01414401],[ 0.45651496 -0.35051015],[ 0.24856337 -0.00247989]
336,0.33600000000000024,[0.03195548 0.02205784],[ 0.17940862 -0.01449452],[ 0.45608261 -0.34933131],[ 0.24832082 -0.00247592]
337,0.33700000000000024,[0.03213535 0.022043  ],[ 0.1798647  -0.01484385],[ 0.45565002 -0.34815991],[ 0.24807821 -0.00247197]
338,0.33800000000000024,[0.03231567 0.0220278 ],[ 0.18032035 -0.01519201],[ 0.45521719 -0.34699589],[ 0.24783552 -0.00246807]
339,0.33900000000000025,[0.03249644 0.02201227],[ 0.18077557 -0.01553901],[ 0.45478412 -0.34583921],[ 0.24759277 -0.0024642 ]
340,0.34000000000000025,[0.03267767 0.02199638],[ 0.18123035 -0.01588485],[ 0.45435081 -0.34468982],[ 0.24734995 -0.00246037]
341,0.34100000000000025,[0.03285936 0.02198015],[ 0.1816847  -0.01622954],[ 0.45391726 -0.34354767],[ 0.24710707 -0.00245658]
342,0.34200000000000025,[0.0330415  0.02196358],[ 0.18213862 -0.01657309],[ 0.45348348 -0.3424127 ],[ 0.24686411 -0.00245282]
343,0.34300000000000025,[0.03322409 0.02194666],[ 0.1825921 -0.0169155],[ 0.45304945 -0.34128489],[ 0.24662109 -0.00244909]
344,0.34400000000000025,[0.03340714 0.02192941],[ 0.18304515 -0.01725679],[ 0.4526152  -0.34016417],[ 0.24637801 -0.0024454 ]
345,0.34500000000000025,[0.03359063 0.02191181],[ 0.18349777 -0.01759695],[ 0.45218071 -0.3390505 ],[ 0.24613486 -0.00244175]
346,0.34600000000000025,[0.03377458 0.02189387],[ 0.18394995 -0.017936  ],[ 0.45174598 -0.33794384],[ 0.24589164 -0.00243813]
347,0.34700000000000025,[0.03395898 0.0218756 ],[ 0.18440169 -0.01827394],[ 0.45131103 -0.33684413],[ 0.24564835 -0.00243455]
348,0.34800000000000025,[0.03414384 0.02185699],[ 0.184853   -0.01861079],[ 0.45087584 -0.33575133],[ 0.245405 -0.002431]
349,0.34900000000000025,[0.03432914 0.02183804],[ 0.18530388 -0.01894654],[ 0.45044043 -0.3346654 ],[ 0.24516159 -0.00242749]
350,0.35000000000000026,[0.0345149  0.02181876],[ 0.18575432 -0.0192812 ],[ 0.45000479 -0.33358629],[ 0.24491811 -0.00242401]
351,0.35100000000000026,[0.0347011  0.02179915],[ 0.18620433 -0.01961479],[ 0.44956892 -0.33251396],[ 0.24467456 -0.00242056]
352,0.35200000000000026,[0.03488775 0.0217792 ],[ 0.18665389 -0.0199473 ],[ 0.44913282 -0.33144835],[ 0.24443095 -0.00241715]
353,0.35300000000000026,[0.03507486 0.02175892],[ 0.18710303 -0.02027875],[ 0.4486965  -0.33038942],[ 0.24418728 -0.00241378]
354,0.35400000000000026,[0.03526241 0.02173831],[ 0.18755172 -0.02060914],[ 0.44825995 -0.32933714],[ 0.24394354 -0.00241044]
355,0.35500000000000026,[0.03545041 0.02171737],[ 0.18799998 -0.02093848],[ 0.44782318 -0.32829145],[ 0.24369973 -0.00240713]
356,0.35600000000000026,[0.03563886 0.02169611],[ 0.18844781 -0.02126677],[ 0.44738619 -0.32725231],[ 0.24345587 -0.00240385]
357,0.35700000000000026,[0.03582775 0.02167451],[ 0.18889519 -0.02159402],[ 0.44694898 -0.32621968],[ 0.24321193 -0.00240061]
358,0.35800000000000026,[0.03601709 0.02165259],[ 0.18934214 -0.02192024],[ 0.44651154 -0.32519352],[ 0.24296794 -0.00239741]
359,0.35900000000000026,[0.03620688 0.02163035],[ 0.18978865 -0.02224544],[ 0.44607389 -0.32417377],[ 0.24272388 -0.00239423]
360,0.36000000000000026,[0.03639712 0.02160778],[ 0.19023473 -0.02256961],[ 0.44563602 -0.32316041],[ 0.24247976 -0.0023911 ]
361,0.36100000000000027,[0.0365878  0.02158488],[ 0.19068036 -0.02289277],[ 0.44519793 -0.32215338],[ 0.24223557 -0.00238799]
362,0.36200000000000027,[0.03677892 0.02156167],[ 0.19112556 -0.02321492],[ 0.44475963 -0.32115264],[ 0.24199132 -0.00238491]
363,0.36300000000000027,[0.03697049 0.02153813],[ 0.19157032 -0.02353608],[ 0.44432111 -0.32015815],[ 0.24174701 -0.00238187]
364,0.36400000000000027,[0.03716251 0.02151428],[ 0.19201464 -0.02385623],[ 0.44388238 -0.31916987],[ 0.24150263 -0.00237887]
365,0.36500000000000027,[0.03735497 0.0214901 ],[ 0.19245852 -0.0241754 ],[ 0.44344344 -0.31818776],[ 0.2412582  -0.00237589]
366,0.36600000000000027,[0.03754787 0.02146561],[ 0.19290197 -0.02449359],[ 0.44300428 -0.31721177],[ 0.2410137  -0.00237295]
367,0.36700000000000027,[0.03774121 0.0214408 ],[ 0.19334497 -0.0248108 ],[ 0.44256491 -0.31624187],[ 0.24076913 -0.00237004]
368,0.36800000000000027,[0.037935   0.02141567],[ 0.19378754 -0.02512705],[ 0.44212533 -0.31527801],[ 0.24052451 -0.00236716]
369,0.36900000000000027,[0.03812923 0.02139023],[ 0.19422966 -0.02544232],[ 0.44168555 -0.31432015],[ 0.24027982 -0.00236431]
370,0.3700000000000003,[0.0383239  0.02136447],[ 0.19467135 -0.02575664],[ 0.44124555 -0.31336826],[ 0.24003508 -0.0023615 ]
371,0.3710000000000003,[0.03851901 0.0213384 ],[ 0.19511259 -0.02607001],[ 0.44080535 -0.31242229],[ 0.23979027 -0.00235872]
372,0.3720000000000003,[0.03871457 0.02131202],[ 0.1955534  -0.02638243],[ 0.44036494 -0.3114822 ],[ 0.2395454  -0.00235597]
373,0.3730000000000003,[0.03891056 0.02128532],[ 0.19599376 -0.02669392],[ 0.43992433 -0.31054795],[ 0.23930047 -0.00235325]
374,0.3740000000000003,[0.039107   0.02125832],[ 0.19643369 -0.02700446],[ 0.43948351 -0.30961951],[ 0.23905548 -0.00235056]
375,0.3750000000000003,[0.03930387 0.02123101],[ 0.19687317 -0.02731408],[ 0.43904249 -0.30869683],[ 0.23881042 -0.00234791]
376,0.3760000000000003,[0.03950118 0.02120338],[ 0.19731221 -0.02762278],[ 0.43860127 -0.30777988],[ 0.23856531 -0.00234528]
377,0.3770000000000003,[0.03969893 0.02117545],[ 0.19775082 -0.02793056],[ 0.43815984 -0.30686861],[ 0.23832014 -0.00234269]
378,0.3780000000000003,[0.03989712 0.02114721],[ 0.19818898 -0.02823743],[ 0.43771822 -0.30596299],[ 0.23807491 -0.00234013]
379,0.3790000000000003,[0.04009575 0.02111867],[ 0.19862669 -0.02854339],[ 0.43727639 -0.30506298],[ 0.23782961 -0.0023376 ]
380,0.3800000000000003,[0.04029481 0.02108982],[ 0.19906397 -0.02884846],[ 0.43683437 -0.30416855],[ 0.23758426 -0.0023351 ]
381,0.3810000000000003,[0.04049431 0.02106067],[ 0.1995008  -0.02915262],[ 0.43639215 -0.30327965],[ 0.23733885 -0.00233263]
382,0.3820000000000003,[0.04069425 0.02103121],[ 0.1999372 -0.0294559],[ 0.43594973 -0.30239624],[ 0.23709338 -0.00233019]
383,0.3830000000000003,[0.04089462 0.02100146],[ 0.20037315 -0.0297583 ],[ 0.43550712 -0.3015183 ],[ 0.23684784 -0.00232778]
384,0.3840000000000003,[0.04109543 0.0209714 ],[ 0.20080865 -0.03005982],[ 0.43506431 -0.30064577],[ 0.23660225 -0.0023254 ]
385,0.3850000000000003,[0.04129667 0.02094104],[ 0.20124372 -0.03036046],[ 0.43462131 -0.29977864],[ 0.23635661 -0.00232305]
386,0.3860000000000003,[0.04149835 0.02091038],[ 0.20167834 -0.03066024],[ 0.43417812 -0.29891685],[ 0.2361109  -0.00232074]
387,0.3870000000000003,[0.04170047 0.02087942],[ 0.20211252 -0.03095916],[ 0.43373473 -0.29806038],[ 0.23586513 -0.00231845]
388,0.3880000000000003,[0.04190301 0.02084816],[ 0.20254625 -0.03125722],[ 0.43329116 -0.29720919],[ 0.23561931 -0.00231619]
389,0.3890000000000003,[0.04210599 0.0208166 ],[ 0.20297954 -0.03155443],[ 0.43284739 -0.29636323],[ 0.23537343 -0.00231396]
390,0.3900000000000003,[0.0423094  0.02078475],[ 0.20341239 -0.03185079],[ 0.43240343 -0.29552249],[ 0.23512749 -0.00231176]
391,0.3910000000000003,[0.04251325 0.02075261],[ 0.20384479 -0.03214632],[ 0.43195929 -0.29468691],[ 0.23488149 -0.0023096 ]
392,0.3920000000000003,[0.04271753 0.02072017],[ 0.20427675 -0.032441  ],[ 0.43151495 -0.29385647],[ 0.23463543 -0.00230746]
393,0.3930000000000003,[0.04292223 0.02068743],[ 0.20470827 -0.03273486],[ 0.43107043 -0.29303113],[ 0.23438932 -0.00230535]
394,0.3940000000000003,[0.04312737 0.0206544 ],[ 0.20513934 -0.03302789],[ 0.43062573 -0.29221085],[ 0.23414315 -0.00230327]
395,0.3950000000000003,[0.04333294 0.02062108],[ 0.20556996 -0.0333201 ],[ 0.43018084 -0.29139561],[ 0.23389692 -0.00230121]
396,0.3960000000000003,[0.04353894 0.02058747],[ 0.20600014 -0.0336115 ],[ 0.42973577 -0.29058536],[ 0.23365064 -0.00229919]
397,0.3970000000000003,[0.04374537 0.02055357],[ 0.20642988 -0.03390208],[ 0.42929051 -0.28978008],[ 0.2334043 -0.0022972]
398,0.3980000000000003,[0.04395223 0.02051938],[ 0.20685917 -0.03419186],[ 0.42884507 -0.28897973],[ 0.2331579  -0.00229524]
399,0.3990000000000003,[0.04415952 0.0204849 ],[ 0.20728802 -0.03448084],[ 0.42839945 -0.28818427],[ 0.23291145 -0.0022933 ]
400,0.4000000000000003,[0.04436724 0.02045013],[ 0.20771642 -0.03476903],[ 0.42795365 -0.28739368],[ 0.23266494 -0.00229139]
401,0.4010000000000003,[0.04457538 0.02041507],[ 0.20814437 -0.03505642],[ 0.42750767 -0.28660792],[ 0.23241838 -0.00228951]
402,0.4020000000000003,[0.04478395 0.02037973],[ 0.20857188 -0.03534303],[ 0.42706151 -0.28582695],[ 0.23217176 -0.00228766]
403,0.4030000000000003,[0.04499295 0.0203441 ],[ 0.20899894 -0.03562885],[ 0.42661517 -0.28505075],[ 0.23192508 -0.00228584]
404,0.4040000000000003,[0.04520238 0.02030819],[ 0.20942555 -0.0359139 ],[ 0.42616866 -0.28427927],[ 0.23167835 -0.00228405]
405,0.4050000000000003,[0.04541223 0.02027199],[ 0.20985172 -0.03619818],[ 0.42572197 -0.2835125 ],[ 0.23143156 -0.00228228]
406,0.4060000000000003,[0.04562251 0.02023551],[ 0.21027744 -0.0364817 ],[ 0.4252751 -0.2827504],[ 0.23118472 -0.00228055]
407,0.4070000000000003,[0.04583321 0.02019874],[ 0.21070272 -0.03676445],[ 0.42482806 -0.28199293],[ 0.23093783 -0.00227884]
408,0.4080000000000003,[0.04604434 0.0201617 ],[ 0.21112755 -0.03704644],[ 0.42438085 -0.28124006],[ 0.23069087 -0.00227716]
409,0.4090000000000003,[0.04625589 0.02012437],[ 0.21155193 -0.03732768],[ 0.42393346 -0.28049177],[ 0.23044387 -0.0022755 ]
410,0.4100000000000003,[0.04646786 0.02008676],[ 0.21197586 -0.03760817],[ 0.4234859  -0.27974801],[ 0.23019681 -0.00227388]
411,0.4110000000000003,[0.04668026 0.02004887],[ 0.21239935 -0.03788792],[ 0.42303817 -0.27900877],[ 0.2299497  -0.00227228]
412,0.4120000000000003,[0.04689309 0.0200107 ],[ 0.21282239 -0.03816693],[ 0.42259027 -0.27827401],[ 0.22970253 -0.00227071]
413,0.4130000000000003,[0.04710633 0.01997226],[ 0.21324498 -0.0384452 ],[ 0.4221422  -0.27754369],[ 0.22945531 -0.00226917]
414,0.4140000000000003,[0.04732    0.01993354],[ 0.21366712 -0.03872275],[ 0.42169396 -0.27681779],[ 0.22920804 -0.00226765]
415,0.4150000000000003,[0.04753409 0.01989454],[ 0.21408881 -0.03899956],[ 0.42124555 -0.27609629],[ 0.22896071 -0.00226616]
416,0.4160000000000003,[0.0477486  0.01985526],[ 0.21451006 -0.03927566],[ 0.42079698 -0.27537914],[ 0.22871333 -0.0022647 ]
417,0.4170000000000003,[0.04796353 0.01981571],[ 0.21493085 -0.03955104],[ 0.42034824 -0.27466631],[ 0.22846589 -0.00226326]
418,0.4180000000000003,[0.04817888 0.01977588],[ 0.2153512  -0.03982571],[ 0.41989934 -0.27395779],[ 0.22821841 -0.00226186]
419,0.4190000000000003,[0.04839465 0.01973579],[ 0.2157711  -0.04009966],[ 0.41945027 -0.27325353],[ 0.22797087 -0.00226048]
420,0.4200000000000003,[0.04861084 0.01969541],[ 0.21619055 -0.04037292],[ 0.41900103 -0.27255352],[ 0.22772328 -0.00225912]
421,0.4210000000000003,[0.04882745 0.01965477],[ 0.21660955 -0.04064547],[ 0.41855164 -0.27185771],[ 0.22747563 -0.00225779]
422,0.4220000000000003,[0.04904448 0.01961385],[ 0.21702811 -0.04091733],[ 0.41810208 -0.27116609],[ 0.22722794 -0.00225649]
423,0.4230000000000003,[0.04926192 0.01957266],[ 0.21744621 -0.04118849],[ 0.41765236 -0.27047862],[ 0.22698019 -0.00225522]
424,0.4240000000000003,[0.04947979 0.0195312 ],[ 0.21786386 -0.04145897],[ 0.41720247 -0.26979528],[ 0.22673239 -0.00225397]
425,0.4250000000000003,[0.04969807 0.01948947],[ 0.21828106 -0.04172877],[ 0.41675243 -0.26911603],[ 0.22648454 -0.00225275]
426,0.4260000000000003,[0.04991677 0.01944748],[ 0.21869781 -0.04199788],[ 0.41630223 -0.26844085],[ 0.22623664 -0.00225155]
427,0.4270000000000003,[0.05013588 0.01940521],[ 0.21911412 -0.04226633],[ 0.41585187 -0.26776971],[ 0.22598869 -0.00225038]
428,0.4280000000000003,[0.05035541 0.01936267],[ 0.21952997 -0.04253409],[ 0.41540136 -0.26710258],[ 0.22574068 -0.00224924]
429,0.4290000000000003,[0.05057536 0.01931987],[ 0.21994537 -0.0428012 ],[ 0.41495068 -0.26643944],[ 0.22549263 -0.00224812]
430,0.4300000000000003,[0.05079572 0.01927681],[ 0.22036032 -0.04306764],[ 0.41449985 -0.26578026],[ 0.22524452 -0.00224703]
431,0.4310000000000003,[0.05101649 0.01923347],[ 0.22077482 -0.04333342],[ 0.41404887 -0.265125  ],[ 0.22499637 -0.00224597]
432,0.43200000000000033,[0.05123768 0.01918987],[ 0.22118887 -0.04359854],[ 0.41359773 -0.26447365],[ 0.22474816 -0.00224493]
433,0.43300000000000033,[0.05145928 0.01914601],[ 0.22160247 -0.04386302],[ 0.41314644 -0.26382618],[ 0.22449991 -0.00224391]
434,0.43400000000000033,[0.0516813  0.01910188],[ 0.22201561 -0.04412684],[ 0.41269499 -0.26318256],[ 0.2242516  -0.00224292]
435,0.43500000000000033,[0.05190373 0.01905749],[ 0.22242831 -0.04439002],[ 0.41224339 -0.26254276],[ 0.22400325 -0.00224196]
436,0.43600000000000033,[0.05212657 0.01901284],[ 0.22284055 -0.04465257],[ 0.41179165 -0.26190676],[ 0.22375484 -0.00224102]
437,0.43700000000000033,[0.05234982 0.01896793],[ 0.22325234 -0.04491447],[ 0.41133975 -0.26127453],[ 0.22350639 -0.00224011]
438,0.43800000000000033,[0.05257348 0.01892275],[ 0.22366368 -0.04517575],[ 0.4108877  -0.26064604],[ 0.22325789 -0.00223922]
439,0.43900000000000033,[0.05279756 0.01887731],[ 0.22407457 -0.04543639],[ 0.4104355  -0.26002127],[ 0.22300933 -0.00223836]
440,0.44000000000000034,[0.05302204 0.01883162],[ 0.22448501 -0.04569642],[ 0.40998315 -0.2594002 ],[ 0.22276073 -0.00223752]
441,0.44100000000000034,[0.05324694 0.01878566],[ 0.22489499 -0.04595582],[ 0.40953065 -0.2587828 ],[ 0.22251208 -0.00223671]
442,0.44200000000000034,[0.05347224 0.01873945],[ 0.22530452 -0.0462146 ],[ 0.40907801 -0.25816904],[ 0.22226339 -0.00223592]
443,0.44300000000000034,[0.05369796 0.01869298],[ 0.2257136  -0.04647277],[ 0.40862522 -0.25755889],[ 0.22201464 -0.00223516]
444,0.44400000000000034,[0.05392408 0.01864624],[ 0.22612222 -0.04673033],[ 0.40817229 -0.25695234],[ 0.22176585 -0.00223442]
445,0.44500000000000034,[0.05415061 0.01859926],[ 0.2265304  -0.04698728],[ 0.40771921 -0.25634936],[ 0.22151701 -0.00223371]
446,0.44600000000000034,[0.05437755 0.01855201],[ 0.22693812 -0.04724363],[ 0.40726598 -0.25574992],[ 0.22126812 -0.00223302]
447,0.44700000000000034,[0.05460489 0.01850451],[ 0.22734538 -0.04749938],[ 0.40681262 -0.255154  ],[ 0.22101918 -0.00223236]
448,0.44800000000000034,[0.05483265 0.01845676],[ 0.22775219 -0.04775453],[ 0.40635911 -0.25456158],[ 0.2207702  -0.00223172]
449,0.44900000000000034,[0.0550608  0.01840875],[ 0.22815855 -0.04800909],[ 0.40590546 -0.25397263],[ 0.22052117 -0.00223111]
450,0.45000000000000034,[0.05528937 0.01836049],[ 0.22856446 -0.04826307],[ 0.40545167 -0.25338712],[ 0.22027209 -0.00223051]
451,0.45100000000000035,[0.05551834 0.01831197],[ 0.22896991 -0.04851645],[ 0.40499773 -0.25280503],[ 0.22002297 -0.00222995]
452,0.45200000000000035,[0.05574771 0.0182632 ],[ 0.22937491 -0.04876926],[ 0.40454366 -0.25222635],[ 0.2197738  -0.00222941]
453,0.45300000000000035,[0.05597749 0.01821418],[ 0.22977945 -0.04902149],[ 0.40408945 -0.25165104],[ 0.21952458 -0.00222889]
454,0.45400000000000035,[0.05620768 0.01816491],[ 0.23018354 -0.04927314],[ 0.4036351  -0.25107908],[ 0.21927532 -0.00222839]
455,0.45500000000000035,[0.05643826 0.01811538],[ 0.23058718 -0.04952422],[ 0.40318061 -0.25051046],[ 0.21902601 -0.00222792]
456,0.45600000000000035,[0.05666925 0.01806561],[ 0.23099036 -0.04977473],[ 0.40272599 -0.24994514],[ 0.21877665 -0.00222748]
457,0.45700000000000035,[0.05690065 0.01801558],[ 0.23139308 -0.05002467],[ 0.40227123 -0.2493831 ],[ 0.21852725 -0.00222706]
458,0.45800000000000035,[0.05713244 0.01796531],[ 0.23179535 -0.05027405],[ 0.40181633 -0.24882432],[ 0.2182778  -0.00222666]
459,0.45900000000000035,[0.05736464 0.01791479],[ 0.23219717 -0.05052288],[ 0.4013613  -0.24826878],[ 0.21802831 -0.00222628]
460,0.46000000000000035,[0.05759724 0.01786402],[ 0.23259853 -0.05077115],[ 0.40090613 -0.24771646],[ 0.21777878 -0.00222593]
461,0.46100000000000035,[0.05783024 0.017813  ],[ 0.23299944 -0.05101886],[ 0.40045083 -0.24716733],[ 0.21752919 -0.0022256 ]
462,0.46200000000000035,[0.05806364 0.01776173],[ 0.23339989 -0.05126603],[ 0.3999954  -0.24662137],[ 0.21727957 -0.0022253 ]
463,0.46300000000000036,[0.05829744 0.01771022],[ 0.23379988 -0.05151265],[ 0.39953984 -0.24607856],[ 0.2170299  -0.00222502]
464,0.46400000000000036,[0.05853164 0.01765846],[ 0.23419942 -0.05175873],[ 0.39908414 -0.24553888],[ 0.21678018 -0.00222476]
465,0.46500000000000036,[0.05876623 0.01760646],[ 0.23459851 -0.05200427],[ 0.39862831 -0.2450023 ],[ 0.21653042 -0.00222453]
466,0.46600000000000036,[0.05900123 0.01755421],[ 0.23499714 -0.05224927],[ 0.39817236 -0.24446881],[ 0.21628062 -0.00222431]
467,0.46700000000000036,[0.05923663 0.01750171],[ 0.23539531 -0.05249374],[ 0.39771627 -0.24393837],[ 0.21603077 -0.00222413]
468,0.46800000000000036,[0.05947242 0.01744897],[ 0.23579302 -0.05273768],[ 0.39726006 -0.24341099],[ 0.21578088 -0.00222396]
469,0.46900000000000036,[0.05970861 0.01739599],[ 0.23619028 -0.05298109],[ 0.39680372 -0.24288662],[ 0.21553095 -0.00222382]
470,0.47000000000000036,[0.0599452  0.01734277],[ 0.23658709 -0.05322398],[ 0.39634725 -0.24236525],[ 0.21528097 -0.0022237 ]
471,0.47100000000000036,[0.06018218 0.0172893 ],[ 0.23698344 -0.05346634],[ 0.39589065 -0.24184686],[ 0.21503095 -0.0022236 ]
472,0.47200000000000036,[0.06041956 0.0172356 ],[ 0.23737933 -0.05370819],[ 0.39543393 -0.24133142],[ 0.21478089 -0.00222353]
473,0.47300000000000036,[0.06065734 0.01718165],[ 0.23777476 -0.05394952],[ 0.39497708 -0.24081893],[ 0.21453078 -0.00222348]
474,0.47400000000000037,[0.0608955  0.01712746],[ 0.23816974 -0.05419034],[ 0.3945201  -0.24030935],[ 0.21428063 -0.00222345]
475,0.47500000000000037,[0.06113407 0.01707302],[ 0.23856426 -0.05443065],[ 0.39406301 -0.23980266],[ 0.21403044 -0.00222345]
476,0.47600000000000037,[0.06137303 0.01701835],[ 0.23895832 -0.05467045],[ 0.39360579 -0.23929886],[ 0.21378021 -0.00222346]
477,0.47700000000000037,[0.06161238 0.01696344],[ 0.23935193 -0.05490975],[ 0.39314844 -0.23879791],[ 0.21352994 -0.0022235 ]
478,0.47800000000000037,[0.06185212 0.0169083 ],[ 0.23974507 -0.05514855],[ 0.39269098 -0.23829979],[ 0.21327962 -0.00222357]
479,0.47900000000000037,[0.06209226 0.01685291],[ 0.24013777 -0.05538685],[ 0.39223339 -0.2378045 ],[ 0.21302926 -0.00222365]
480,0.48000000000000037,[0.06233279 0.01679728],[ 0.24053    -0.05562465],[ 0.39177568 -0.237312  ],[ 0.21277886 -0.00222376]
481,0.48100000000000037,[0.06257371 0.01674142],[ 0.24092177 -0.05586196],[ 0.39131785 -0.23682227],[ 0.21252842 -0.00222389]
482,0.4820000000000004,[0.06281503 0.01668532],[ 0.24131309 -0.05609879],[ 0.39085991 -0.23633531],[ 0.21227794 -0.00222404]
483,0.4830000000000004,[0.06305673 0.01662899],[ 0.24170395 -0.05633512],[ 0.39040184 -0.23585108],[ 0.21202742 -0.00222421]
484,0.4840000000000004,[0.06329883 0.01657242],[ 0.24209435 -0.05657097],[ 0.38994366 -0.23536957],[ 0.21177685 -0.0022244 ]
485,0.4850000000000004,[0.06354131 0.01651561],[ 0.2424843  -0.05680634],[ 0.38948535 -0.23489077],[ 0.21152625 -0.00222462]
486,0.4860000000000004,[0.06378418 0.01645857],[ 0.24287378 -0.05704123],[ 0.38902693 -0.23441465],[ 0.2112756  -0.00222486]
487,0.4870000000000004,[0.06402745 0.01640129],[ 0.24326281 -0.05727565],[ 0.3885684  -0.23394118],[ 0.21102492 -0.00222512]
488,0.4880000000000004,[0.0642711  0.01634378],[ 0.24365138 -0.05750959],[ 0.38810975 -0.23347037],[ 0.21077419 -0.00222541]
489,0.4890000000000004,[0.06451514 0.01628604],[ 0.24403949 -0.05774306],[ 0.38765098 -0.23300218],[ 0.21052343 -0.00222571]
490,0.4900000000000004,[0.06475956 0.01622807],[ 0.24442714 -0.05797606],[ 0.3871921 -0.2325366],[ 0.21027262 -0.00222604]
491,0.4910000000000004,[0.06500438 0.01616986],[ 0.24481433 -0.0582086 ],[ 0.3867331 -0.2320736],[ 0.21002178 -0.00222638]
492,0.4920000000000004,[0.06524958 0.01611142],[ 0.24520106 -0.05844067],[ 0.38627399 -0.23161318],[ 0.2097709  -0.00222675]
493,0.4930000000000004,[0.06549517 0.01605274],[ 0.24558734 -0.05867228],[ 0.38581477 -0.23115531],[ 0.20951998 -0.00222715]
494,0.4940000000000004,[0.06574114 0.01599384],[ 0.24597315 -0.05890344],[ 0.38535544 -0.23069998],[ 0.20926901 -0.00222756]
495,0.4950000000000004,[0.0659875  0.01593471],[ 0.24635851 -0.05913414],[ 0.38489599 -0.23024716],[ 0.20901801 -0.00222799]
496,0.4960000000000004,[0.06623424 0.01587534],[ 0.2467434  -0.05936439],[ 0.38443644 -0.22979685],[ 0.20876698 -0.00222845]
497,0.4970000000000004,[0.06648137 0.01581575],[ 0.24712784 -0.05959418],[ 0.38397677 -0.22934902],[ 0.2085159  -0.00222892]
498,0.4980000000000004,[0.06672888 0.01575592],[ 0.24751182 -0.05982353],[ 0.383517   -0.22890365],[ 0.20826479 -0.00222942]
499,0.4990000000000004,[0.06697678 0.01569587],[ 0.24789534 -0.06005244],[ 0.38305711 -0.22846073],[ 0.20801363 -0.00222994]
500,0.5000000000000003,[0.06722506 0.01563559],[ 0.24827839 -0.0602809 ],[ 0.38259712 -0.22802024],[ 0.20776244 -0.00223048]
501,0.5010000000000003,[0.06747372 0.01557508],[ 0.24866099 -0.06050892],[-0.01737308 -1.10724583],[0. 0.]
502,0.5020000000000003,[0.06772236 0.01551347],[ 0.24864362 -0.06161616],[-0.01730441 -1.10286632],[0. 0.]
503,0.5030000000000003,[0.06797099 0.01545075],[ 0.24862631 -0.06271903],[-0.01723452 -1.0984084 ],[0. 0.]
504,0.5040000000000003,[0.0682196  0.01538693],[ 0.24860908 -0.06381744],[-0.0171634  -1.09387241],[0. 0.]
505,0.5050000000000003,[0.06846819 0.01532202],[ 0.24859191 -0.06491131],[-0.01709105 -1.08925865],[0. 0.]
506,0.5060000000000003,[0.06871676 0.01525602],[ 0.24857482 -0.06600057],[-0.0170175  -1.08456746],[0. 0.]
507,0.5070000000000003,[0.06896532 0.01518893],[ 0.24855781 -0.06708514],[-0.01694273 -1.07979917],[0. 0.]
508,0.5080000000000003,[0.06921386 0.01512077],[ 0.24854086 -0.06816494],[-0.01686676 -1.07495412],[0. 0.]
509,0.5090000000000003,[0.06946238 0.01505153],[ 0.248524   -0.06923989],[-0.01678959 -1.07003265],[0. 0.]
510,0.5100000000000003,[0.06971089 0.01498122],[ 0.24850721 -0.07030992],[-0.01671123 -1.06503511],[0. 0.]
511,0.5110000000000003,[0.06995938 0.01490984],[ 0.2484905  -0.07137496],[-0.01663168 -1.05996186],[0. 0.]
512,0.5120000000000003,[0.07020786 0.01483741],[ 0.24847386 -0.07243492],[-0.01655095 -1.05481325],[0. 0.]
513,0.5130000000000003,[0.07045631 0.01476392],[ 0.24845731 -0.07348973],[-0.01646904 -1.04958966],[0. 0.]
514,0.5140000000000003,[0.07070475 0.01468938],[ 0.24844084 -0.07453932],[-0.01638596 -1.04429144],[0. 0.]
515,0.5150000000000003,[0.07095318 0.0146138 ],[ 0.24842446 -0.07558361],[-0.01630171 -1.03891899],[0. 0.]
516,0.5160000000000003,[0.07120159 0.01453717],[ 0.24840816 -0.07662253],[-0.01621631 -1.03347267],[0. 0.]
517,0.5170000000000003,[0.07144998 0.01445952],[ 0.24839194 -0.07765601],[-0.01612975 -1.02795289],[0. 0.]
518,0.5180000000000003,[0.07169835 0.01438083],[ 0.24837581 -0.07868396],[-0.01604205 -1.02236001],[0. 0.]
519,0.5190000000000003,[0.07194671 0.01430113],[ 0.24835977 -0.07970632],[-0.0159532  -1.01669446],[0. 0.]
520,0.5200000000000004,[0.07219506 0.0142204 ],[ 0.24834381 -0.08072301],[-0.01586323 -1.01095662],[0. 0.]
521,0.5210000000000004,[0.07244339 0.01413867],[ 0.24832795 -0.08173397],[-0.01577212 -1.00514691],[0. 0.]
522,0.5220000000000004,[0.0726917  0.01405593],[ 0.24831218 -0.08273912],[-0.01567989 -0.99926574],[0. 0.]
523,0.5230000000000004,[0.07294    0.01397219],[ 0.2482965  -0.08373838],[-0.01558655 -0.99331351],[0. 0.]
524,0.5240000000000004,[0.07318828 0.01388746],[ 0.24828091 -0.0847317 ],[-0.01549209 -0.98729067],[0. 0.]
525,0.5250000000000004,[0.07343654 0.01380174],[ 0.24826542 -0.08571899],[-0.01539654 -0.98119763],[0. 0.]
526,0.5260000000000004,[0.07368479 0.01371504],[ 0.24825002 -0.08670018],[-0.01529989 -0.97503483],[0. 0.]
527,0.5270000000000004,[0.07393303 0.01362737],[ 0.24823472 -0.08767522],[-0.01520215 -0.96880271],[0. 0.]
528,0.5280000000000004,[0.07418125 0.01353872],[ 0.24821952 -0.08864402],[-0.01510333 -0.9625017 ],[0. 0.]
529,0.5290000000000004,[0.07442945 0.01344912],[ 0.24820442 -0.08960652],[-0.01500344 -0.95613226],[0. 0.]
530,0.5300000000000004,[0.07467764 0.01335855],[ 0.24818942 -0.09056266],[-0.01490248 -0.94969484],[0. 0.]
531,0.5310000000000004,[0.07492581 0.01326704],[ 0.24817451 -0.09151235],[-0.01480046 -0.94318989],[0. 0.]
532,0.5320000000000004,[0.07517397 0.01317458],[ 0.24815971 -0.09245554],[-0.01469738 -0.93661787],[0. 0.]
533,0.5330000000000004,[0.07542212 0.01308119],[ 0.24814501 -0.09339216],[-0.01459326 -0.92997926],[0. 0.]
534,0.5340000000000004,[0.07567025 0.01298687],[ 0.24813042 -0.09432214],[-0.01448811 -0.92327453],[0. 0.]
535,0.5350000000000004,[0.07591837 0.01289162],[ 0.24811593 -0.09524541],[-0.01438192 -0.91650414],[0. 0.]
536,0.5360000000000004,[0.07616647 0.01279546],[ 0.24810155 -0.09616192],[-0.01427471 -0.90966859],[0. 0.]
537,0.5370000000000004,[0.07641455 0.01269839],[ 0.24808728 -0.09707158],[-0.01416648 -0.90276835],[0. 0.]
538,0.5380000000000004,[0.07666263 0.01260042],[ 0.24807311 -0.09797435],[-0.01405724 -0.89580393],[0. 0.]
539,0.5390000000000004,[0.07691069 0.01250155],[ 0.24805905 -0.09887016],[-0.01394701 -0.8887758 ],[0. 0.]
540,0.5400000000000004,[0.07715873 0.01240179],[ 0.24804511 -0.09975893],[-0.01383578 -0.88168447],[0. 0.]
541,0.5410000000000004,[0.07740676 0.01230115],[ 0.24803127 -0.10064062],[-0.01372357 -0.87453045],[0. 0.]
542,0.5420000000000004,[0.07765478 0.01219963],[ 0.24801755 -0.10151515],[-0.01361038 -0.86731425],[0. 0.]
543,0.5430000000000004,[0.07790278 0.01209725],[ 0.24800394 -0.10238246],[-0.01349622 -0.86003636],[0. 0.]
544,0.5440000000000004,[0.07815077 0.01199401],[ 0.24799044 -0.1032425 ],[-0.0133811  -0.85269733],[0. 0.]
545,0.5450000000000004,[0.07839875 0.01188991],[ 0.24797706 -0.1040952 ],[-0.01326503 -0.84529765],[0. 0.]
546,0.5460000000000004,[0.07864672 0.01178497],[ 0.24796379 -0.10494049],[-0.01314801 -0.83783786],[0. 0.]
547,0.5470000000000004,[0.07889467 0.01167919],[ 0.24795065 -0.10577833],[-0.01303006 -0.8303185 ],[0. 0.]
548,0.5480000000000004,[0.0791426  0.01157258],[ 0.24793762 -0.10660865],[-0.01291118 -0.82274009],[0. 0.]
549,0.5490000000000004,[0.07939053 0.01146515],[ 0.2479247  -0.10743139],[-0.01279139 -0.81510316],[0. 0.]
550,0.5500000000000004,[0.07963844 0.01135691],[ 0.24791191 -0.10824649],[-0.01267068 -0.80740828],[0. 0.]
551,0.5510000000000004,[0.07988634 0.01124785],[ 0.24789924 -0.1090539 ],[-0.01254907 -0.79965597],[0. 0.]
552,0.5520000000000004,[0.08013423 0.011138  ],[ 0.24788669 -0.10985356],[-0.01242656 -0.7918468 ],[0. 0.]
553,0.5530000000000004,[0.0803821  0.01102735],[ 0.24787427 -0.1106454 ],[-0.01230317 -0.78398132],[0. 0.]
554,0.5540000000000004,[0.08062996 0.01091592],[ 0.24786196 -0.11142939],[-0.01217891 -0.77606008],[0. 0.]
555,0.5550000000000004,[0.08087781 0.01080372],[ 0.24784978 -0.11220545],[-0.01205378 -0.76808365],[0. 0.]
556,0.5560000000000004,[0.08112565 0.01069075],[ 0.24783773 -0.11297353],[-0.01192779 -0.76005259],[0. 0.]
557,0.5570000000000004,[0.08137348 0.01057701],[ 0.2478258  -0.11373358],[-0.01180095 -0.75196749],[0. 0.]
558,0.5580000000000004,[0.08162129 0.01046253],[ 0.247814   -0.11448555],[-0.01167327 -0.7438289 ],[0. 0.]
559,0.5590000000000004,[0.08186909 0.0103473 ],[ 0.24780233 -0.11522938],[-0.01154476 -0.73563741],[0. 0.]
560,0.5600000000000004,[0.08211688 0.01023133],[ 0.24779078 -0.11596502],[-0.01141542 -0.7273936 ],[0. 0.]
561,0.5610000000000004,[0.08236466 0.01011464],[ 0.24777937 -0.11669241],[-0.01128528 -0.71909806],[0. 0.]
562,0.5620000000000004,[0.08261243 0.00999723],[ 0.24776808 -0.11741151],[-0.01115432 -0.71075138],[0. 0.]
563,0.5630000000000004,[0.08286019 0.00987911],[ 0.24775693 -0.11812226],[-0.01102258 -0.70235415],[0. 0.]
564,0.5640000000000004,[0.08310793 0.00976028],[ 0.24774591 -0.11882461],[-0.01089005 -0.69390696],[0. 0.]
565,0.5650000000000004,[0.08335567 0.00964076],[ 0.24773502 -0.11951852],[-0.01075674 -0.68541042],[0. 0.]
566,0.5660000000000004,[0.08360339 0.00952056],[ 0.24772426 -0.12020393],[-0.01062267 -0.67686513],[0. 0.]
567,0.5670000000000004,[0.08385111 0.00939968],[ 0.24771364 -0.1208808 ],[-0.01048784 -0.6682717 ],[0. 0.]
568,0.5680000000000004,[0.08409881 0.00927813],[ 0.24770315 -0.12154907],[-0.01035227 -0.65963074],[0. 0.]
569,0.5690000000000004,[0.0843465  0.00915592],[ 0.2476928 -0.1222087],[-0.01021595 -0.65094286],[0. 0.]
570,0.5700000000000004,[0.08459418 0.00903306],[ 0.24768258 -0.12285964],[-0.01007891 -0.64220869],[0. 0.]
571,0.5710000000000004,[0.08484186 0.00890956],[ 0.2476725  -0.12350185],[-0.00994115 -0.63342883],[0. 0.]
572,0.5720000000000004,[0.08508952 0.00878542],[ 0.24766256 -0.12413528],[-0.00980269 -0.62460392],[0. 0.]
573,0.5730000000000004,[0.08533717 0.00866066],[ 0.24765276 -0.12475988],[-0.00966352 -0.61573459],[0. 0.]
574,0.5740000000000004,[0.08558482 0.00853529],[ 0.2476431  -0.12537562],[-0.00952367 -0.60682146],[0. 0.]
575,0.5750000000000004,[0.08583245 0.00840931],[ 0.24763357 -0.12598244],[-0.00938313 -0.59786516],[0. 0.]
576,0.5760000000000004,[0.08608007 0.00828273],[ 0.24762419 -0.1265803 ],[-0.00924193 -0.58886634],[0. 0.]
577,0.5770000000000004,[0.08632769 0.00815556],[ 0.24761495 -0.12716917],[-0.00910007 -0.57982564],[0. 0.]
578,0.5780000000000004,[0.08657529 0.00802781],[ 0.24760585 -0.127749  ],[-0.00895756 -0.57074369],[0. 0.]
579,0.5790000000000004,[0.08682289 0.00789949],[ 0.24759689 -0.12831974],[-0.00881442 -0.56162114],[0. 0.]
580,0.5800000000000004,[0.08707048 0.00777061],[ 0.24758807 -0.12888136],[-0.00867064 -0.55245865],[0. 0.]
581,0.5810000000000004,[0.08731806 0.00764117],[ 0.2475794  -0.12943382],[-0.00852625 -0.54325685],[0. 0.]
582,0.5820000000000004,[0.08756563 0.0075112 ],[ 0.24757088 -0.12997708],[-0.00838125 -0.53401642],[0. 0.]
583,0.5830000000000004,[0.08781319 0.00738068],[ 0.2475625  -0.13051109],[-0.00823565 -0.524738  ],[0. 0.]
584,0.5840000000000004,[0.08806075 0.00724965],[ 0.24755426 -0.13103583],[-0.00808946 -0.51542225],[0. 0.]
585,0.5850000000000004,[0.08830829 0.0071181 ],[ 0.24754617 -0.13155125],[-0.0079427  -0.50606983],[0. 0.]
586,0.5860000000000004,[0.08855583 0.00698604],[ 0.24753823 -0.13205732],[-0.00779537 -0.49668142],[0. 0.]
587,0.5870000000000004,[0.08880336 0.00685349],[ 0.24753043 -0.132554  ],[-0.00764749 -0.48725768],[0. 0.]
588,0.5880000000000004,[0.08905088 0.00672044],[ 0.24752279 -0.13304126],[-0.00749906 -0.47779927],[0. 0.]
589,0.5890000000000004,[0.0892984  0.00658693],[ 0.24751529 -0.13351906],[-0.0073501  -0.46830688],[0. 0.]
590,0.5900000000000004,[0.08954591 0.00645294],[ 0.24750794 -0.13398737],[-0.00720061 -0.45878117],[0. 0.]
591,0.5910000000000004,[0.08979341 0.00631849],[ 0.24750074 -0.13444615],[-0.00705061 -0.44922283],[0. 0.]
592,0.5920000000000004,[0.0900409 0.0061836],[ 0.24749369 -0.13489537],[-0.00690011 -0.43963253],[0. 0.]
593,0.5930000000000004,[0.09028839 0.00604826],[ 0.24748678 -0.135335  ],[-0.00674911 -0.43001096],[0. 0.]
594,0.5940000000000004,[0.09053587 0.0059125 ],[ 0.24748004 -0.13576501],[-0.00659763 -0.42035879],[0. 0.]
595,0.5950000000000004,[0.09078334 0.00577631],[ 0.24747344 -0.13618537],[-0.00644569 -0.41067672],[0. 0.]
596,0.5960000000000004,[0.09103081 0.00563971],[ 0.24746699 -0.13659605],[-0.00629328 -0.40096544],[0. 0.]
597,0.5970000000000004,[0.09127827 0.00550272],[ 0.2474607  -0.13699702],[-0.00614042 -0.39122563],[0. 0.]
598,0.5980000000000004,[0.09152572 0.00536533],[ 0.24745456 -0.13738824],[-0.00598713 -0.38145799],[0. 0.]
599,0.5990000000000004,[0.09177317 0.00522756],[ 0.24744857 -0.1377697 ],[-0.00583341 -0.37166322],[0. 0.]
600,0.6000000000000004,[0.09202061 0.00508942],[ 0.24744274 -0.13814136],[-0.00567928 -0.361842  ],[0. 0.]
601,0.6010000000000004,[0.09226805 0.00495092],[ 0.24743706 -0.1385032 ],[-0.00552474 -0.35199504],[0. 0.]
602,0.6020000000000004,[0.09251548 0.00481206],[ 0.24743153 -0.1388552 ],[-0.0053698  -0.34212304],[0. 0.]
603,0.6030000000000004,[0.09276291 0.00467286],[ 0.24742616 -0.13919732],[-0.00521448 -0.33222671],[0. 0.]
604,0.6040000000000004,[0.09301033 0.00453333],[ 0.24742095 -0.13952955],[-0.00505879 -0.32230673],[0. 0.]
605,0.6050000000000004,[0.09325775 0.00439348],[ 0.24741589 -0.13985186],[-0.00490274 -0.31236383],[0. 0.]
606,0.6060000000000004,[0.09350516 0.00425332],[ 0.24741099 -0.14016422],[-0.00474634 -0.3023987 ],[0. 0.]
607,0.6070000000000004,[0.09375256 0.00411285],[ 0.24740624 -0.14046662],[-0.0045896  -0.29241206],[0. 0.]
608,0.6080000000000004,[0.09399997 0.00397209],[ 0.24740165 -0.14075903],[-0.00443254 -0.28240462],[0. 0.]
609,0.6090000000000004,[0.09424736 0.00383105],[ 0.24739722 -0.14104144],[-0.00427516 -0.27237709],[0. 0.]
610,0.6100000000000004,[0.09449476 0.00368974],[ 0.24739294 -0.14131381],[-0.00411747 -0.26233018],[0. 0.]
611,0.6110000000000004,[0.09474214 0.00354816],[ 0.24738883 -0.14157614],[-0.00395949 -0.2522646 ],[0. 0.]
612,0.6120000000000004,[0.09498953 0.00340633],[ 0.24738487 -0.14182841],[-0.00380123 -0.24218108],[0. 0.]
613,0.6130000000000004,[0.09523691 0.00326426],[ 0.24738107 -0.14207059],[-0.00364269 -0.23208033],[0. 0.]
614,0.6140000000000004,[0.09548429 0.00312196],[ 0.24737742 -0.14230267],[-0.0034839  -0.22196306],[0. 0.]
615,0.6150000000000004,[0.09573166 0.00297943],[ 0.24737394 -0.14252463],[-0.00332485 -0.21183001],[0. 0.]
616,0.6160000000000004,[0.09597903 0.0028367 ],[ 0.24737062 -0.14273646],[-0.00316558 -0.20168188],[0. 0.]
617,0.6170000000000004,[0.0962264  0.00269376],[ 0.24736745 -0.14293814],[-0.00300607 -0.19151941],[0. 0.]
618,0.6180000000000004,[0.09647376 0.00255063],[ 0.24736444 -0.14312966],[-0.00284635 -0.18134331],[0. 0.]
619,0.6190000000000004,[0.09672113 0.00240732],[ 0.2473616  -0.14331101],[-0.00268643 -0.17115431],[0. 0.]
620,0.6200000000000004,[0.09696848 0.00226384],[ 0.24735891 -0.14348216],[-0.00252631 -0.16095313],[0. 0.]
621,0.6210000000000004,[0.09721584 0.00212019],[ 0.24735638 -0.14364311],[-0.00236602 -0.1507405 ],[0. 0.]
622,0.6220000000000004,[0.0974632 0.0019764],[ 0.24735402 -0.14379385],[-0.00220555 -0.14051715],[0. 0.]
623,0.6230000000000004,[0.09771055 0.00183247],[ 0.24735181 -0.14393437],[-0.00204493 -0.1302838 ],[0. 0.]
624,0.6240000000000004,[0.0979579 0.0016884],[ 0.24734977 -0.14406466],[-0.00188417 -0.12004117],[0. 0.]
625,0.6250000000000004,[0.09820524 0.00154422],[ 0.24734788 -0.1441847 ],[-0.00172327 -0.10979001],[0. 0.]
626,0.6260000000000004,[0.09845259 0.00139992],[ 0.24734616 -0.14429449],[-0.00156224 -0.09953104],[0. 0.]
627,0.6270000000000004,[0.09869994 0.00125553],[ 0.2473446  -0.14439402],[-0.00140111 -0.08926499],[0. 0.]
628,0.6280000000000004,[0.09894728 0.00111104],[ 0.2473432  -0.14448328],[-0.00123987 -0.07899258],[0. 0.]
629,0.6290000000000004,[0.09919462 0.00096648],[ 0.24734196 -0.14456228],[-0.00107855 -0.06871456],[0. 0.]
630,0.6300000000000004,[0.09944196 0.00082185],[ 0.24734088 -0.14463099],[-0.00091715 -0.05843164],[0. 0.]
631,0.6310000000000004,[0.0996893  0.00067716],[ 0.24733996 -0.14468942],[-0.00075568 -0.04814457],[0. 0.]
632,0.6320000000000005,[0.09993664 0.00053242],[ 0.24733921 -0.14473757],[-0.00059416 -0.03785407],[0. 0.]
633,0.6330000000000005,[0.10018398 0.00038765],[ 0.24733861 -0.14477542],[-0.0004326  -0.02756088],[0. 0.]
634,0.6340000000000005,[0.10043132 0.00024285],[ 0.24733818 -0.14480298],[-0.000271   -0.01726573],[0. 0.]
635,0.6350000000000005,[1.00678655e-01 9.80250702e-05],[ 0.24733791 -0.14482025],[-0.00010939 -0.00696935],[0. 0.]
636,0.6360000000000005,[ 1.00925993e-01 -4.68021456e-05],[ 0.2473378  -0.14482722],[5.22290606e-05 3.32752279e-03],[0. 0.]
637,0.6370000000000005,[ 0.10117333 -0.00019163],[ 0.24733785 -0.14482389],[0.00021385 0.01362416],[0. 0.]
638,0.6380000000000005,[ 0.10142067 -0.00033644],[ 0.24733806 -0.14481026],[0.00037545 0.02391983],[0. 0.]
639,0.6390000000000005,[ 0.10166801 -0.00048122],[ 0.24733844 -0.14478634],[0.00053702 0.0342138 ],[0. 0.]
640,0.6400000000000005,[ 0.10191535 -0.00062597],[ 0.24733898 -0.14475213],[0.00069856 0.04450533],[0. 0.]
641,0.6410000000000005,[ 0.10216269 -0.00077068],[ 0.24733968 -0.14470763],[0.00086005 0.0547937 ],[0. 0.]
642,0.6420000000000005,[ 0.10241003 -0.00091534],[ 0.24734054 -0.14465283],[0.00102147 0.06507817],[0. 0.]
643,0.6430000000000005,[ 0.10265737 -0.00105992],[ 0.24734156 -0.14458775],[0.00118282 0.07535801],[0. 0.]
644,0.6440000000000005,[ 0.10290471 -0.00120444],[ 0.24734274 -0.1445124 ],[0.00134409 0.08563248],[0. 0.]
645,0.6450000000000005,[ 0.10315206 -0.00134886],[ 0.24734408 -0.14442676],[0.00150526 0.09590087],[0. 0.]
646,0.6460000000000005,[ 0.1033994  -0.00149319],[ 0.24734559 -0.14433086],[0.00166633 0.10616243],[0. 0.]
647,0.6470000000000005,[ 0.10364675 -0.00163742],[ 0.24734726 -0.1442247 ],[0.00182727 0.11641644],[0. 0.]
648,0.6480000000000005,[ 0.1038941  -0.00178153],[ 0.24734908 -0.14410828],[0.00198809 0.12666216],[0. 0.]
649,0.6490000000000005,[ 0.10414145 -0.00192551],[ 0.24735107 -0.14398162],[0.00214876 0.13689888],[0. 0.]
650,0.6500000000000005,[ 0.1043888  -0.00206935],[ 0.24735322 -0.14384472],[0.00230928 0.14712585],[0. 0.]
651,0.6510000000000005,[ 0.10463616 -0.00221305],[ 0.24735553 -0.1436976 ],[0.00246964 0.15734236],[0. 0.]
652,0.6520000000000005,[ 0.10488351 -0.00235659],[ 0.247358   -0.14354025],[0.00262982 0.16754767],[0. 0.]
653,0.6530000000000005,[ 0.10513088 -0.00249996],[ 0.24736063 -0.14337271],[0.00278981 0.17774107],[0. 0.]
654,0.6540000000000005,[ 0.10537824 -0.00264316],[ 0.24736342 -0.14319497],[0.00294961 0.18792181],[0. 0.]
655,0.6550000000000005,[ 0.10562561 -0.00278616],[ 0.24736637 -0.14300704],[0.00310919 0.19808919],[0. 0.]
656,0.6560000000000005,[ 0.10587297 -0.00292897],[ 0.24736948 -0.14280895],[0.00326855 0.20824248],[0. 0.]
657,0.6570000000000005,[ 0.10612035 -0.00307157],[ 0.24737275 -0.14260071],[0.00342768 0.21838095],[0. 0.]
658,0.6580000000000005,[ 0.10636772 -0.00321396],[ 0.24737617 -0.14238233],[0.00358656 0.22850388],[0. 0.]
659,0.6590000000000005,[ 0.1066151  -0.00335611],[ 0.24737976 -0.14215383],[0.00374519 0.23861055],[0. 0.]
660,0.6600000000000005,[ 0.10686249 -0.00349803],[ 0.24738351 -0.14191522],[0.00390355 0.24870025],[0. 0.]
661,0.6610000000000005,[ 0.10710987 -0.00363969],[ 0.24738741 -0.14166652],[0.00406163 0.25877226],[0. 0.]
662,0.6620000000000005,[ 0.10735727 -0.0037811 ],[ 0.24739147 -0.14140774],[0.00421942 0.26882586],[0. 0.]
663,0.6630000000000005,[ 0.10760466 -0.00392224],[ 0.24739569 -0.14113892],[0.00437692 0.27886033],[0. 0.]
664,0.6640000000000005,[ 0.10785206 -0.0040631 ],[ 0.24740007 -0.14086006],[0.00453409 0.28887496],[0. 0.]
665,0.6650000000000005,[ 0.10809947 -0.00420367],[ 0.2474046  -0.14057118],[0.00469095 0.29886904],[0. 0.]
666,0.6660000000000005,[ 0.10834688 -0.00434394],[ 0.24740929 -0.14027231],[0.00484747 0.30884186],[0. 0.]
667,0.6670000000000005,[ 0.10859429 -0.00448391],[ 0.24741414 -0.13996347],[0.00500365 0.31879271],[0. 0.]
668,0.6680000000000005,[ 0.10884171 -0.00462355],[ 0.24741914 -0.13964468],[0.00515947 0.32872087],[0. 0.]
669,0.6690000000000005,[ 0.10908913 -0.00476287],[ 0.2474243  -0.13931596],[0.00531492 0.33862566],[0. 0.]
670,0.6700000000000005,[ 0.10933656 -0.00490184],[ 0.24742962 -0.13897733],[0.00546999 0.34850635],[0. 0.]
671,0.6710000000000005,[ 0.109584   -0.00504047],[ 0.24743509 -0.13862883],[0.00562467 0.35836224],[0. 0.]
672,0.6720000000000005,[ 0.10983144 -0.00517874],[ 0.24744071 -0.13827046],[0.00577895 0.36819265],[0. 0.]
673,0.6730000000000005,[ 0.11007888 -0.00531665],[ 0.24744649 -0.13790227],[0.00593282 0.37799686],[0. 0.]
674,0.6740000000000005,[ 0.11032634 -0.00545417],[ 0.24745242 -0.13752427],[0.00608627 0.38777418],[0. 0.]
675,0.6750000000000005,[ 0.1105738  -0.00559131],[ 0.24745851 -0.1371365 ],[0.00623928 0.39752391],[0. 0.]
676,0.6760000000000005,[ 0.11082126 -0.00572805],[ 0.24746475 -0.13673898],[0.00639185 0.40724537],[0. 0.]
677,0.6770000000000005,[ 0.11106873 -0.00586438],[ 0.24747114 -0.13633173],[0.00654396 0.41693785],[0. 0.]
678,0.6780000000000005,[ 0.11131621 -0.00600029],[ 0.24747769 -0.13591479],[0.0066956  0.42660067],[0. 0.]
679,0.6790000000000005,[ 0.11156369 -0.00613578],[ 0.24748438 -0.13548819],[0.00684677 0.43623315],[0. 0.]
680,0.6800000000000005,[ 0.11181118 -0.00627083],[ 0.24749123 -0.13505196],[0.00699745 0.44583459],[0. 0.]
681,0.6810000000000005,[ 0.11205868 -0.00640544],[ 0.24749823 -0.13460612],[0.00714763 0.45540431],[0. 0.]
682,0.6820000000000005,[ 0.11230619 -0.00653959],[ 0.24750537 -0.13415072],[0.0072973  0.46494165],[0. 0.]
683,0.6830000000000005,[ 0.1125537  -0.00667327],[ 0.24751267 -0.13368578],[0.00744645 0.4744459 ],[0. 0.]
684,0.6840000000000005,[ 0.11280122 -0.00680649],[ 0.24752012 -0.13321133],[0.00759507 0.48391641],[0. 0.]
685,0.6850000000000005,[ 0.11304875 -0.00693921],[ 0.24752771 -0.13272742],[0.00774315 0.49335249],[0. 0.]
686,0.6860000000000005,[ 0.11329628 -0.00707145],[ 0.24753545 -0.13223406],[0.00789067 0.50275348],[0. 0.]
687,0.6870000000000005,[ 0.11354383 -0.00720318],[ 0.24754335 -0.13173131],[0.00803764 0.5121187 ],[0. 0.]
688,0.6880000000000005,[ 0.11379138 -0.0073344 ],[ 0.24755138 -0.13121919],[0.00818403 0.5214475 ],[0. 0.]
689,0.6890000000000005,[ 0.11403894 -0.0074651 ],[ 0.24755957 -0.13069774],[0.00832984 0.5307392 ],[0. 0.]
690,0.6900000000000005,[ 0.11428651 -0.00759526],[ 0.2475679 -0.130167 ],[0.00847505 0.53999315],[0. 0.]
691,0.6910000000000005,[ 0.11453408 -0.00772489],[ 0.24757637 -0.12962701],[0.00861966 0.54920869],[0. 0.]
692,0.6920000000000005,[ 0.11478167 -0.00785397],[ 0.24758499 -0.1290778 ],[0.00876366 0.55838517],[0. 0.]
693,0.6930000000000005,[ 0.11502926 -0.00798249],[ 0.24759376 -0.12851942],[0.00890703 0.56752192],[0. 0.]
694,0.6940000000000005,[ 0.11527686 -0.00811044],[ 0.24760266 -0.1279519 ],[0.00904976 0.5766183 ],[0. 0.]
695,0.6950000000000005,[ 0.11552448 -0.00823781],[ 0.24761171 -0.12737528],[0.00919185 0.58567367],[0. 0.]
696,0.6960000000000005,[ 0.1157721 -0.0083646],[ 0.2476209 -0.1267896],[0.00933329 0.59468739],[0. 0.]
697,0.6970000000000005,[ 0.11601973 -0.0084908 ],[ 0.24763024 -0.12619492],[0.00947406 0.6036588 ],[0. 0.]
698,0.6980000000000005,[ 0.11626737 -0.00861639],[ 0.24763971 -0.12559126],[0.00961416 0.61258727],[0. 0.]
699,0.6990000000000005,[ 0.11651502 -0.00874137],[ 0.24764933 -0.12497867],[0.00975357 0.62147217],[0. 0.]
700,0.7000000000000005,[ 0.11676268 -0.00886573],[ 0.24765908 -0.1243572 ],[0.00989229 0.63031287],[0. 0.]
701,0.7010000000000005,[ 0.11701034 -0.00898945],[ 0.24766897 -0.12372689],[0.34525398 2.9451067 ],[0.16088389 0.00016179]
702,0.7020000000000005,[ 0.11725836 -0.00911023],[ 0.24801423 -0.12078178],[0.34277147 2.81665862],[1.60632686e-01 6.10764788e-06]
703,0.7030000000000005,[ 0.11750672 -0.0092282 ],[ 0.248357   -0.11796512],[0.34036442 2.69300729],[ 1.60381572e-01 -1.43754900e-04]
704,0.7040000000000005,[ 0.11775541 -0.00934347],[ 0.24869736 -0.11527211],[0.33803004 2.5739768 ],[ 0.16013055 -0.00028801]
705,0.7050000000000005,[ 0.11800445 -0.00945617],[ 0.24903539 -0.11269814],[0.33576567 2.45939769],[ 0.15987961 -0.00042687]
706,0.7060000000000005,[ 0.11825382 -0.00956641],[ 0.24937116 -0.11023874],[0.33356875 2.34910668],[ 0.15962875 -0.00056054]
707,0.7070000000000005,[ 0.11850352 -0.0096743 ],[ 0.24970473 -0.10788963],[0.3314368  2.24294648],[ 0.15937798 -0.0006892 ]
708,0.7080000000000005,[ 0.11875356 -0.00977994],[ 0.25003616 -0.10564669],[0.32936744 2.14076552],[ 0.15912728 -0.00081304]
709,0.7090000000000005,[ 0.11900393 -0.00988345],[ 0.25036553 -0.10350592],[0.32735837 2.0424178 ],[ 0.15887666 -0.00093224]
710,0.7100000000000005,[ 0.11925462 -0.00998491],[ 0.25069289 -0.1014635 ],[0.32540738 1.94776263],[ 0.15862611 -0.00104696]
711,0.7110000000000005,[ 0.11950564 -0.01008443],[ 0.2510183  -0.09951574],[0.32351233 1.8566645 ],[ 0.15837563 -0.00115739]
712,0.7120000000000005,[ 0.11975698 -0.01018209],[ 0.25134181 -0.09765907],[0.32167118 1.76899282],[ 0.15812521 -0.00126367]
713,0.7130000000000005,[ 0.12000864 -0.01027798],[ 0.25166348 -0.09589008],[0.31988194 1.68462179],[ 0.15787486 -0.00136596]
714,0.7140000000000005,[ 0.12026063 -0.01037218],[ 0.25198336 -0.09420546],[0.31814271 1.60343022],[ 0.15762457 -0.00146441]
715,0.7150000000000005,[ 0.12051293 -0.01046479],[ 0.2523015  -0.09260203],[0.31645165 1.52530132],[ 0.15737434 -0.00155916]
716,0.7160000000000005,[ 0.12076555 -0.01055586],[ 0.25261796 -0.09107673],[0.31480699 1.45012261],[ 0.15712417 -0.00165035]
717,0.7170000000000005,[ 0.12101848 -0.01064549],[ 0.25293276 -0.08962661],[0.31320703 1.3777857 ],[ 0.15687405 -0.00173811]
718,0.7180000000000005,[ 0.12127172 -0.01073374],[ 0.25324597 -0.08824882],[0.31165013 1.30818616],[ 0.15662399 -0.00182256]
719,0.7190000000000005,[ 0.12152528 -0.01082068],[ 0.25355762 -0.08694063],[0.3101347  1.24122339],[ 0.15637398 -0.00190384]
720,0.7200000000000005,[ 0.12177915 -0.01090638],[ 0.25386775 -0.08569941],[0.30865921 1.17680047],[ 0.15612402 -0.00198206]
721,0.7210000000000005,[ 0.12203333 -0.0109909 ],[ 0.25417641 -0.08452261],[0.30722221 1.11482401],[ 0.15587411 -0.00205733]
722,0.7220000000000005,[ 0.12228781 -0.01107431],[ 0.25448364 -0.08340779],[0.30582227 1.05520406],[ 0.15562425 -0.00212976]
723,0.7230000000000005,[ 0.1225426  -0.01115666],[ 0.25478946 -0.08235258],[0.30445804 0.99785394],[ 0.15537443 -0.00219946]
724,0.7240000000000005,[ 0.12279769 -0.01123802],[ 0.25509392 -0.08135473],[0.30312819 0.94269014],[ 0.15512465 -0.00226654]
725,0.7250000000000005,[ 0.12305309 -0.01131843],[ 0.25539704 -0.08041204],[0.30183146 0.88963223],[ 0.15487491 -0.00233108]
726,0.7260000000000005,[ 0.12330879 -0.01139795],[ 0.25569888 -0.07952241],[0.30056664 0.83860268],[ 0.15462522 -0.00239319]
727,0.7270000000000005,[ 0.12356479 -0.01147663],[ 0.25599944 -0.0786838 ],[0.29933255 0.78952684],[ 0.15437557 -0.00245295]
728,0.7280000000000005,[ 0.12382109 -0.01155453],[ 0.25629877 -0.07789428],[0.29812806 0.74233275],[ 0.15412595 -0.00251046]
729,0.7290000000000005,[ 0.12407768 -0.01163168],[ 0.2565969  -0.07715194],[0.29695208 0.69695112],[ 0.15387637 -0.00256579]
730,0.7300000000000005,[ 0.12433458 -0.01170814],[ 0.25689385 -0.07645499],[0.29580356 0.65331517],[ 0.15362683 -0.00261904]
731,0.7310000000000005,[ 0.12459177 -0.01178394],[ 0.25718966 -0.07580168],[0.29468148 0.61136058],[ 0.15337732 -0.00267027]
732,0.7320000000000005,[ 0.12484925 -0.01185913],[ 0.25748434 -0.07519032],[0.29358488 0.57102536],[ 0.15312784 -0.00271957]
733,0.7330000000000005,[ 0.12510703 -0.01193375],[ 0.25777792 -0.07461929],[0.29251281 0.53224981],[ 0.1528784 -0.002767 ]
734,0.7340000000000005,[ 0.1253651  -0.01200783],[ 0.25807044 -0.07408704],[0.29146437 0.49497642],[ 0.15262899 -0.00281264]
735,0.7350000000000005,[ 0.12562346 -0.01208143],[ 0.2583619  -0.07359207],[0.29043869 0.45914975],[ 0.1523796  -0.00285655]
736,0.7360000000000005,[ 0.12588211 -0.01215456],[ 0.25865234 -0.07313292],[0.28943493 0.42471643],[ 0.15213025 -0.0028988 ]
737,0.7370000000000005,[ 0.12614106 -0.01222727],[ 0.25894178 -0.0727082 ],[0.28845228 0.39162502],[ 0.15188093 -0.00293945]
738,0.7380000000000005,[ 0.12640029 -0.01229958],[ 0.25923023 -0.07231657],[0.28748995 0.35982596],[ 0.15163163 -0.00297857]
739,0.7390000000000005,[ 0.1266598  -0.01237154],[ 0.25951772 -0.07195675],[0.28654721 0.32927151],[ 0.15138236 -0.00301621]
740,0.7400000000000005,[ 0.12691961 -0.01244317],[ 0.25980427 -0.07162748],[0.28562333 0.29991569],[ 0.15113312 -0.00305242]
741,0.7410000000000005,[ 0.1271797 -0.0125145],[ 0.26008989 -0.07132756],[0.2847176  0.27171419],[ 0.1508839  -0.00308727]
742,0.7420000000000005,[ 0.12744007 -0.01258555],[ 0.26037461 -0.07105585],[0.28382937 0.24462431],[ 0.15063471 -0.0031208 ]
743,0.7430000000000005,[ 0.12770073 -0.01265636],[ 0.26065844 -0.07081122],[0.28295798 0.21860495],[ 0.15038554 -0.00315306]
744,0.7440000000000005,[ 0.12796167 -0.01272696],[ 0.26094139 -0.07059262],[0.28210281 0.19361648],[ 0.1501364 -0.0031841]
745,0.7450000000000006,[ 0.1282229  -0.01279735],[ 0.2612235 -0.070399 ],[0.28126325 0.16962073],[ 0.14988727 -0.00321397]
746,0.7460000000000006,[ 0.1284844  -0.01286758],[ 0.26150476 -0.07022938],[0.28043874 0.14658093],[ 0.14963818 -0.00324272]
747,0.7470000000000006,[ 0.12874619 -0.01293767],[ 0.2617852 -0.0700828],[0.27962872 0.12446167],[ 0.1493891  -0.00327038]
748,0.7480000000000006,[ 0.12900825 -0.01300763],[ 0.26206483 -0.06995834],[0.27883264 0.10322882],[ 0.14914004 -0.00329699]
749,0.7490000000000006,[ 0.12927059 -0.01307748],[ 0.26234366 -0.06985511],[0.27805    0.08284951],[ 0.14889101 -0.00332261]
750,0.7500000000000006,[ 0.12953322 -0.01314725],[ 0.26262171 -0.06977226],[0.27728029 0.06329205],[ 0.14864199 -0.00334726]
751,0.7510000000000006,[ 0.12979612 -0.01321696],[ 0.26289899 -0.06970897],[0.27652303 0.04452595],[ 0.14839299 -0.00337098]
752,0.7520000000000006,[ 0.13005929 -0.01328663],[ 0.26317551 -0.06966444],[0.27577777 0.02652181],[ 0.14814402 -0.00339382]
753,0.7530000000000006,[ 0.13032274 -0.01335626],[ 0.26345129 -0.06963792],[0.27504405 0.00925132],[ 0.14789506 -0.00341579]
754,0.7540000000000006,[ 0.13058647 -0.01342589],[ 0.26372633 -0.06962867],[ 0.27432145 -0.00731281],[ 0.14764612 -0.00343695]
755,0.7550000000000006,[ 0.13085047 -0.01349553],[ 0.26400066 -0.06963598],[ 0.27360956 -0.02319685],[ 0.1473972  -0.00345731]
756,0.7560000000000006,[ 0.13111474 -0.01356519],[ 0.26427427 -0.06965918],[ 0.27290798 -0.03842611],[ 0.1471483  -0.00347691]
757,0.7570000000000006,[ 0.13137929 -0.01363489],[ 0.26454717 -0.0696976 ],[ 0.27221632 -0.05302499],[ 0.14689941 -0.00349578]
758,0.7580000000000006,[ 0.13164411 -0.01370464],[ 0.26481939 -0.06975063],[ 0.27153421 -0.06701697],[ 0.14665055 -0.00351395]
759,0.7590000000000006,[ 0.1319092  -0.01377445],[ 0.26509092 -0.06981765],[ 0.27086131 -0.0804247 ],[ 0.1464017  -0.00353144]
760,0.7600000000000006,[ 0.13217456 -0.01384435],[ 0.26536179 -0.06989807],[ 0.27019726 -0.09326996],[ 0.14615286 -0.00354829]
761,0.7610000000000006,[ 0.13244019 -0.01391434],[ 0.26563198 -0.06999134],[ 0.26954174 -0.10557376],[ 0.14590405 -0.00356451]
762,0.7620000000000006,[ 0.1327061  -0.01398444],[ 0.26590152 -0.07009691],[ 0.26889442 -0.11735634],[ 0.14565524 -0.00358013]
763,0.7630000000000006,[ 0.13297227 -0.01405465],[ 0.26617042 -0.07021427],[ 0.26825501 -0.12863719],[ 0.14540646 -0.00359518]
764,0.7640000000000006,[ 0.13323871 -0.014125  ],[ 0.26643867 -0.07034291],[ 0.26762321 -0.13943507],[ 0.14515769 -0.00360968]
765,0.7650000000000006,[ 0.13350541 -0.01419548],[ 0.2667063  -0.07048234],[ 0.26699873 -0.14976808],[ 0.14490894 -0.00362365]
766,0.7660000000000006,[ 0.13377238 -0.01426611],[ 0.2669733  -0.07063211],[ 0.2663813  -0.15965364],[ 0.1446602  -0.00363711]
767,0.7670000000000006,[ 0.13403962 -0.0143369 ],[ 0.26723968 -0.07079176],[ 0.26577066 -0.16910853],[ 0.14441148 -0.00365008]
768,0.7680000000000006,[ 0.13430713 -0.01440786],[ 0.26750545 -0.07096087],[ 0.26516655 -0.17814891],[ 0.14416277 -0.00366258]
769,0.7690000000000006,[ 0.1345749 -0.014479 ],[ 0.26777061 -0.07113902],[ 0.26456873 -0.18679037],[ 0.14391408 -0.00367463]
770,0.7700000000000006,[ 0.13484294 -0.01455033],[ 0.26803518 -0.07132581],[ 0.26397696 -0.1950479 ],[ 0.1436654  -0.00368626]
771,0.7710000000000006,[ 0.13511123 -0.01462185],[ 0.26829916 -0.07152086],[ 0.26339101 -0.20293596],[ 0.14341674 -0.00369746]
772,0.7720000000000006,[ 0.1353798  -0.01469357],[ 0.26856255 -0.0717238 ],[ 0.26281067 -0.21046846],[ 0.14316809 -0.00370827]
773,0.7730000000000006,[ 0.13564862 -0.01476551],[ 0.26882536 -0.07193426],[ 0.26223573 -0.21765881],[ 0.14291945 -0.0037187 ]
774,0.7740000000000006,[ 0.13591771 -0.01483766],[ 0.2690876  -0.07215192],[ 0.26166598 -0.22451994],[ 0.14267083 -0.00372877]
775,0.7750000000000006,[ 0.13618706 -0.01491004],[ 0.26934926 -0.07237644],[ 0.26110122 -0.23106427],[ 0.14242223 -0.00373848]
776,0.7760000000000006,[ 0.13645667 -0.01498264],[ 0.26961036 -0.07260751],[ 0.26054128 -0.23730379],[ 0.14217364 -0.00374786]
777,0.7770000000000006,[ 0.13672654 -0.01505549],[ 0.26987091 -0.07284481],[ 0.25998597 -0.24325006],[ 0.14192506 -0.00375692]
778,0.7780000000000006,[ 0.13699667 -0.01512858],[ 0.27013089 -0.07308806],[ 0.2594351  -0.24891418],[ 0.1416765  -0.00376566]
779,0.7790000000000006,[ 0.13726706 -0.01520191],[ 0.27039033 -0.07333698],[ 0.25888853 -0.25430687],[ 0.14142795 -0.00377412]
780,0.7800000000000006,[ 0.13753771 -0.0152755 ],[ 0.27064922 -0.07359128],[ 0.25834607 -0.25943844],[ 0.14117941 -0.00378229]
781,0.7810000000000006,[ 0.13780862 -0.01534936],[ 0.27090756 -0.07385072],[ 0.25780759 -0.26431883],[ 0.14093089 -0.00379019]
782,0.7820000000000006,[ 0.13807978 -0.01542347],[ 0.27116537 -0.07411504],[ 0.25727292 -0.26895761],[ 0.14068239 -0.00379783]
783,0.7830000000000006,[ 0.13835121 -0.01549785],[ 0.27142264 -0.074384  ],[ 0.25674192 -0.27336401],[ 0.14043389 -0.00380522]
784,0.7840000000000006,[ 0.13862289 -0.01557251],[ 0.27167938 -0.07465736],[ 0.25621446 -0.27754689],[ 0.14018541 -0.00381237]
785,0.7850000000000006,[ 0.13889482 -0.01564745],[ 0.2719356  -0.07493491],[ 0.2556904  -0.28151481],[ 0.13993695 -0.0038193 ]
786,0.7860000000000006,[ 0.13916701 -0.01572266],[ 0.27219129 -0.07521642],[ 0.25516961 -0.28527601],[ 0.1396885  -0.00382601]
787,0.7870000000000006,[ 0.13943946 -0.01579817],[ 0.27244646 -0.0755017 ],[ 0.25465196 -0.28883843],[ 0.13944006 -0.00383251]
788,0.7880000000000006,[ 0.13971216 -0.01587396],[ 0.27270111 -0.07579054],[ 0.25413733 -0.2922097 ],[ 0.13919164 -0.00383881]
789,0.7890000000000006,[ 0.13998512 -0.01595004],[ 0.27295525 -0.07608275],[ 0.25362562 -0.29539718],[ 0.13894323 -0.00384492]
790,0.7900000000000006,[ 0.14025832 -0.01602642],[ 0.27320887 -0.07637814],[ 0.25311671 -0.29840797],[ 0.13869484 -0.00385086]
791,0.7910000000000006,[ 0.14053179 -0.01610309],[ 0.27346199 -0.07667655],[ 0.25261049 -0.30124888],[ 0.13844646 -0.00385662]
792,0.7920000000000006,[ 0.1408055  -0.01618007],[ 0.2737146 -0.0769778],[ 0.25210685 -0.3039265 ],[ 0.13819809 -0.00386221]
793,0.7930000000000006,[ 0.14107947 -0.01625735],[ 0.27396671 -0.07728173],[ 0.25160571 -0.30644716],[ 0.13794974 -0.00386765]
794,0.7940000000000006,[ 0.14135369 -0.01633494],[ 0.27421831 -0.07758818],[ 0.25110696 -0.30881695],[ 0.1377014  -0.00387293]
795,0.7950000000000006,[ 0.14162816 -0.01641284],[ 0.27446942 -0.07789699],[ 0.25061051 -0.31104175],[ 0.13745307 -0.00387808]
796,0.7960000000000006,[ 0.14190288 -0.01649105],[ 0.27472003 -0.07820803],[ 0.25011627 -0.31312721],[ 0.13720476 -0.00388308]
797,0.7970000000000006,[ 0.14217785 -0.01656957],[ 0.27497015 -0.07852116],[ 0.24962417 -0.31507878],[ 0.13695647 -0.00388796]
798,0.7980000000000006,[ 0.14245307 -0.0166484 ],[ 0.27521977 -0.07883624],[ 0.2491341  -0.31690171],[ 0.13670819 -0.00389271]
799,0.7990000000000006,[ 0.14272853 -0.01672756],[ 0.27546891 -0.07915314],[ 0.24864601 -0.31860106],[ 0.13645992 -0.00389735]
800,0.8000000000000006,[ 0.14300425 -0.01680703],[ 0.27571755 -0.07947174],[ 0.2481598  -0.32018167],[ 0.13621167 -0.00390188]
801,0.8010000000000006,[ 0.14328022 -0.01688682],[ 0.27596571 -0.07979192],[ 0.24767541 -0.32164825],[ 0.13596343 -0.00390629]
802,0.8020000000000006,[ 0.14355643 -0.01696693],[ 0.27621339 -0.08011357],[ 0.24719277 -0.32300529],[ 0.13571521 -0.00391061]
803,0.8030000000000006,[ 0.14383289 -0.01704737],[ 0.27646058 -0.08043658],[ 0.24671181 -0.32425715],[ 0.135467   -0.00391483]
804,0.8040000000000006,[ 0.1441096  -0.01712813],[ 0.27670729 -0.08076083],[ 0.24623246 -0.32540801],[ 0.13521881 -0.00391896]
805,0.8050000000000006,[ 0.14438655 -0.01720922],[ 0.27695352 -0.08108624],[ 0.24575465 -0.32646189],[ 0.13497063 -0.00392301]
806,0.8060000000000006,[ 0.14466375 -0.01729063],[ 0.27719928 -0.0814127 ],[ 0.24527834 -0.32742268],[ 0.13472247 -0.00392697]
807,0.8070000000000006,[ 0.1449412  -0.01737237],[ 0.27744456 -0.08174013],[ 0.24480346 -0.32829411],[ 0.13447432 -0.00393086]
808,0.8080000000000006,[ 0.14521889 -0.01745444],[ 0.27768936 -0.08206842],[ 0.24432995 -0.32907978],[ 0.13422619 -0.00393468]
809,0.8090000000000006,[ 0.14549682 -0.01753684],[ 0.27793369 -0.0823975 ],[ 0.24385776 -0.32978314],[ 0.13397807 -0.00393842]
810,0.8100000000000006,[ 0.145775   -0.01761956],[ 0.27817755 -0.08272728],[ 0.24338684 -0.33040754],[ 0.13372997 -0.00394211]
811,0.8110000000000006,[ 0.14605342 -0.01770262],[ 0.27842093 -0.08305769],[ 0.24291714 -0.33095617],[ 0.13348188 -0.00394573]
812,0.8120000000000006,[ 0.14633208 -0.01778601],[ 0.27866385 -0.08338865],[ 0.2424486  -0.33143214],[ 0.13323381 -0.00394929]
813,0.8130000000000006,[ 0.14661099 -0.01786973],[ 0.2789063  -0.08372008],[ 0.24198119 -0.33183842],[ 0.13298576 -0.0039528 ]
814,0.8140000000000006,[ 0.14689014 -0.01795378],[ 0.27914828 -0.08405192],[ 0.24151486 -0.33217786],[ 0.13273772 -0.00395626]
815,0.8150000000000006,[ 0.14716953 -0.01803817],[ 0.2793898 -0.0843841],[ 0.24104957 -0.33245324],[ 0.1324897  -0.00395968]
816,0.8160000000000006,[ 0.14744916 -0.01812288],[ 0.27963085 -0.08471655],[ 0.24058526 -0.3326672 ],[ 0.13224169 -0.00396305]
817,0.8170000000000006,[ 0.14772903 -0.01820793],[ 0.27987143 -0.08504922],[ 0.24012191 -0.3328223 ],[ 0.1319937  -0.00396638]
818,0.8180000000000006,[ 0.14800914 -0.01829331],[ 0.28011155 -0.08538204],[ 0.23965948 -0.332921  ],[ 0.13174572 -0.00396967]
819,0.8190000000000006,[ 0.14828949 -0.01837903],[ 0.28035121 -0.08571496],[ 0.23919793 -0.33296567],[ 0.13149777 -0.00397293]
820,0.8200000000000006,[ 0.14857008 -0.01846508],[ 0.28059041 -0.08604793],[ 0.23873722 -0.33295859],[ 0.13124982 -0.00397615]
821,0.8210000000000006,[ 0.14885091 -0.01855146],[ 0.28082915 -0.08638088],[ 0.23827731 -0.33290194],[ 0.1310019  -0.00397934]
822,0.8220000000000006,[ 0.14913198 -0.01863817],[ 0.28106742 -0.08671379],[ 0.23781819 -0.33279786],[ 0.13075399 -0.00398251]
823,0.8230000000000006,[ 0.14941328 -0.01872522],[ 0.28130524 -0.08704658],[ 0.2373598  -0.33264836],[ 0.1305061  -0.00398565]
824,0.8240000000000006,[ 0.14969483 -0.0188126 ],[ 0.2815426  -0.08737923],[ 0.23690213 -0.3324554 ],[ 0.13025823 -0.00398877]
825,0.8250000000000006,[ 0.14997661 -0.01890031],[ 0.28177951 -0.08771169],[ 0.23644515 -0.33222087],[ 0.13001037 -0.00399187]
826,0.8260000000000006,[ 0.15025862 -0.01898835],[ 0.28201595 -0.08804391],[ 0.23598882 -0.33194658],[ 0.12976253 -0.00399495]
827,0.8270000000000006,[ 0.15054087 -0.01907673],[ 0.28225194 -0.08837586],[ 0.23553312 -0.33163428],[ 0.12951471 -0.00399801]
828,0.8280000000000006,[ 0.15082336 -0.01916544],[ 0.28248747 -0.08870749],[ 0.23507803 -0.33128563],[ 0.12926691 -0.00400106]
829,0.8290000000000006,[ 0.15110608 -0.01925447],[ 0.28272255 -0.08903878],[ 0.23462351 -0.33090227],[ 0.12901912 -0.00400409]
830,0.8300000000000006,[ 0.15138904 -0.01934384],[ 0.28295717 -0.08936968],[ 0.23416955 -0.33048573],[ 0.12877135 -0.00400712]
831,0.8310000000000006,[ 0.15167223 -0.01943354],[ 0.28319134 -0.08970016],[ 0.23371611 -0.33003753],[ 0.1285236  -0.00401013]
832,0.8320000000000006,[ 0.15195566 -0.01952357],[ 0.28342506 -0.0900302 ],[ 0.23326319 -0.32955908],[ 0.12827587 -0.00401314]
833,0.8330000000000006,[ 0.15223932 -0.01961393],[ 0.28365832 -0.09035976],[ 0.23281075 -0.32905179],[ 0.12802815 -0.00401614]
834,0.8340000000000006,[ 0.15252321 -0.01970462],[ 0.28389113 -0.09068881],[ 0.23235878 -0.32851699],[ 0.12778046 -0.00401914]
835,0.8350000000000006,[ 0.15280733 -0.01979564],[ 0.28412349 -0.09101733],[ 0.23190725 -0.32795594],[ 0.12753278 -0.00402213]
836,0.8360000000000006,[ 0.15309169 -0.01988699],[ 0.2843554  -0.09134528],[ 0.23145615 -0.3273699 ],[ 0.12728512 -0.00402512]
837,0.8370000000000006,[ 0.15337627 -0.01997866],[ 0.28458686 -0.09167265],[ 0.23100547 -0.32676004],[ 0.12703748 -0.00402812]
838,0.8380000000000006,[ 0.15366109 -0.02007066],[ 0.28481786 -0.09199941],[ 0.23055517 -0.3261275 ],[ 0.12678986 -0.00403111]
839,0.8390000000000006,[ 0.15394614 -0.02016298],[ 0.28504842 -0.09232554],[ 0.23010524 -0.32547338],[ 0.12654226 -0.0040341 ]
840,0.8400000000000006,[ 0.15423142 -0.02025563],[ 0.28527852 -0.09265102],[ 0.22965568 -0.32479874],[ 0.12629468 -0.0040371 ]
841,0.8410000000000006,[ 0.15451693 -0.02034861],[ 0.28550818 -0.09297581],[ 0.22920646 -0.32410459],[ 0.12604711 -0.0040401 ]
842,0.8420000000000006,[ 0.15480266 -0.02044191],[ 0.28573738 -0.09329992],[ 0.22875756 -0.32339191],[ 0.12579957 -0.00404311]
843,0.8430000000000006,[ 0.15508863 -0.02053553],[ 0.28596614 -0.09362331],[ 0.22830898 -0.32266164],[ 0.12555205 -0.00404613]
844,0.8440000000000006,[ 0.15537482 -0.02062948],[ 0.28619445 -0.09394597],[ 0.22786069 -0.32191468],[ 0.12530454 -0.00404915]
845,0.8450000000000006,[ 0.15566125 -0.02072375],[ 0.28642231 -0.09426789],[ 0.22741269 -0.32115189],[ 0.12505706 -0.00405218]
846,0.8460000000000006,[ 0.1559479  -0.02081834],[ 0.28664972 -0.09458904],[ 0.22696497 -0.32037412],[ 0.12480959 -0.00405522]
847,0.8470000000000006,[ 0.15623477 -0.02091325],[ 0.28687669 -0.09490941],[ 0.2265175  -0.31958216],[ 0.12456215 -0.00405827]
848,0.8480000000000006,[ 0.15652188 -0.02100847],[ 0.28710321 -0.095229  ],[ 0.22607029 -0.31877678],[ 0.12431473 -0.00406133]
849,0.8490000000000006,[ 0.1568092  -0.02110402],[ 0.28732928 -0.09554777],[ 0.22562331 -0.31795874],[ 0.12406732 -0.00406441]
850,0.8500000000000006,[ 0.15709676 -0.02119989],[ 0.2875549  -0.09586573],[ 0.22517656 -0.31712873],[ 0.12381994 -0.00406749]
851,0.8510000000000006,[ 0.15738454 -0.02129607],[ 0.28778008 -0.09618286],[ 0.22473002 -0.31628745],[ 0.12357258 -0.00407059]
852,0.8520000000000006,[ 0.15767254 -0.02139257],[ 0.28800481 -0.09649915],[ 0.22428369 -0.31543555],[ 0.12332524 -0.00407371]
853,0.8530000000000006,[ 0.15796077 -0.02148938],[ 0.28822909 -0.09681458],[ 0.22383756 -0.31457366],[ 0.12307792 -0.00407683]
854,0.8540000000000006,[ 0.15824923 -0.02158651],[ 0.28845293 -0.09712916],[ 0.22339161 -0.3137024 ],[ 0.12283063 -0.00407998]
855,0.8550000000000006,[ 0.1585379  -0.02168396],[ 0.28867632 -0.09744286],[ 0.22294584 -0.31282234],[ 0.12258335 -0.00408314]
856,0.8560000000000006,[ 0.1588268  -0.02178171],[ 0.28889926 -0.09775568],[ 0.22250024 -0.31193406],[ 0.1223361  -0.00408631]
857,0.8570000000000007,[ 0.15911592 -0.02187978],[ 0.28912176 -0.09806762],[ 0.2220548  -0.31103807],[ 0.12208886 -0.00408951]
858,0.8580000000000007,[ 0.15940527 -0.02197816],[ 0.28934382 -0.09837865],[ 0.22160952 -0.31013492],[ 0.12184165 -0.00409272]
859,0.8590000000000007,[ 0.15969483 -0.02207685],[ 0.28956543 -0.09868879],[ 0.22116438 -0.30922508],[ 0.12159447 -0.00409595]
860,0.8600000000000007,[ 0.15998462 -0.02217585],[ 0.28978659 -0.09899801],[ 0.22071938 -0.30830904],[ 0.1213473 -0.0040992]
861,0.8610000000000007,[ 0.16027463 -0.02227515],[ 0.29000731 -0.09930632],[ 0.22027452 -0.30738726],[ 0.12110016 -0.00410246]
862,0.8620000000000007,[ 0.16056485 -0.02237477],[ 0.29022759 -0.09961371],[ 0.21982978 -0.30646017],[ 0.12085303 -0.00410575]
863,0.8630000000000007,[ 0.1608553  -0.02247469],[ 0.29044742 -0.09992017],[ 0.21938515 -0.30552821],[ 0.12060594 -0.00410906]
864,0.8640000000000007,[ 0.16114597 -0.02257491],[ 0.2906668 -0.1002257],[ 0.21894064 -0.30459176],[ 0.12035886 -0.00411239]
865,0.8650000000000007,[ 0.16143685 -0.02267544],[ 0.29088574 -0.10053029],[ 0.21849624 -0.30365124],[ 0.12011181 -0.00411573]
866,0.8660000000000007,[ 0.16172796 -0.02277628],[ 0.29110424 -0.10083394],[ 0.21805194 -0.30270699],[ 0.11986478 -0.0041191 ]
867,0.8670000000000007,[ 0.16201928 -0.02287741],[ 0.29132229 -0.10113665],[ 0.21760774 -0.30175939],[ 0.11961777 -0.0041225 ]
868,0.8680000000000007,[ 0.16231082 -0.02297885],[ 0.2915399  -0.10143841],[ 0.21716363 -0.30080878],[ 0.11937079 -0.00412591]
869,0.8690000000000007,[ 0.16260258 -0.02308059],[ 0.29175706 -0.10173922],[ 0.2167196  -0.29985549],[ 0.11912383 -0.00412934]
870,0.8700000000000007,[ 0.16289455 -0.02318263],[ 0.29197378 -0.10203907],[ 0.21627565 -0.29889983],[ 0.1188769 -0.0041328]
871,0.8710000000000007,[ 0.16318674 -0.02328497],[ 0.29219006 -0.10233797],[ 0.21583179 -0.29794211],[ 0.11862999 -0.00413628]
872,0.8720000000000007,[ 0.16347915 -0.0233876 ],[ 0.29240589 -0.10263591],[ 0.21538799 -0.29698261],[ 0.1183831  -0.00413978]
873,0.8730000000000007,[ 0.16377177 -0.02349054],[ 0.29262128 -0.1029329 ],[ 0.21494427 -0.29602162],[ 0.11813624 -0.00414331]
874,0.8740000000000007,[ 0.16406461 -0.02359376],[ 0.29283622 -0.10322892],[ 0.21450061 -0.2950594 ],[ 0.1178894  -0.00414686]
875,0.8750000000000007,[ 0.16435766 -0.02369729],[ 0.29305072 -0.10352398],[ 0.21405701 -0.29409621],[ 0.11764259 -0.00415043]
876,0.8760000000000007,[ 0.16465092 -0.02380111],[ 0.29326478 -0.10381807],[ 0.21361346 -0.29313229],[ 0.1173958  -0.00415403]
877,0.8770000000000007,[ 0.1649444  -0.02390522],[ 0.29347839 -0.10411121],[ 0.21316998 -0.29216787],[ 0.11714904 -0.00415765]
878,0.8780000000000007,[ 0.16523809 -0.02400962],[ 0.29369156 -0.10440337],[ 0.21272654 -0.29120319],[ 0.1169023 -0.0041613]
879,0.8790000000000007,[ 0.16553199 -0.02411432],[ 0.29390429 -0.10469458],[ 0.21228315 -0.29023845],[ 0.11665559 -0.00416497]
880,0.8800000000000007,[ 0.16582611 -0.0242193 ],[ 0.29411657 -0.10498482],[ 0.21183981 -0.28927387],[ 0.1164089  -0.00416866]
881,0.8810000000000007,[ 0.16612044 -0.02432457],[ 0.29432841 -0.10527409],[ 0.21139651 -0.28830963],[ 0.11616224 -0.00417238]
882,0.8820000000000007,[ 0.16641498 -0.02443014],[ 0.29453981 -0.1055624 ],[ 0.21095325 -0.28734593],[ 0.1159156  -0.00417612]
883,0.8830000000000007,[ 0.16670973 -0.02453599],[ 0.29475076 -0.10584974],[ 0.21051002 -0.28638295],[ 0.11566899 -0.00417989]
884,0.8840000000000007,[ 0.16700469 -0.02464212],[ 0.29496127 -0.10613613],[ 0.21006683 -0.28542086],[ 0.1154224  -0.00418369]
885,0.8850000000000007,[ 0.16729986 -0.02474854],[ 0.29517134 -0.10642155],[ 0.20962368 -0.28445981],[ 0.11517585 -0.00418751]
886,0.8860000000000007,[ 0.16759524 -0.02485525],[ 0.29538096 -0.10670601],[ 0.20918055 -0.28349998],[ 0.11492931 -0.00419135]
887,0.8870000000000007,[ 0.16789083 -0.02496224],[ 0.29559014 -0.10698951],[ 0.20873745 -0.28254151],[ 0.11468281 -0.00419522]
888,0.8880000000000007,[ 0.16818663 -0.02506951],[ 0.29579888 -0.10727205],[ 0.20829438 -0.28158454],[ 0.11443633 -0.00419912]
889,0.8890000000000007,[ 0.16848264 -0.02517707],[ 0.29600718 -0.10755363],[ 0.20785133 -0.28062921],[ 0.11418988 -0.00420304]
890,0.8900000000000007,[ 0.16877886 -0.0252849 ],[ 0.29621503 -0.10783426],[ 0.2074083  -0.27967565],[ 0.11394345 -0.00420698]
891,0.8910000000000007,[ 0.16907528 -0.02539301],[ 0.29642243 -0.10811394],[ 0.2069653  -0.27872398],[ 0.11369706 -0.00421096]
892,0.8920000000000007,[ 0.16937191 -0.02550141],[ 0.2966294  -0.10839266],[ 0.20652231 -0.27777433],[ 0.11345068 -0.00421495]
893,0.8930000000000007,[ 0.16966874 -0.02561008],[ 0.29683592 -0.10867044],[ 0.20607935 -0.2768268 ],[ 0.11320434 -0.00421898]
894,0.8940000000000007,[ 0.16996579 -0.02571902],[ 0.297042   -0.10894726],[ 0.2056364  -0.27588151],[ 0.11295803 -0.00422303]
895,0.8950000000000007,[ 0.17026303 -0.02582825],[ 0.29724764 -0.10922315],[ 0.20519346 -0.27493855],[ 0.11271174 -0.00422711]
896,0.8960000000000007,[ 0.17056049 -0.02593775],[ 0.29745283 -0.10949808],[ 0.20475054 -0.27399803],[ 0.11246548 -0.00423121]
897,0.8970000000000007,[ 0.17085814 -0.02604752],[ 0.29765758 -0.10977208],[ 0.20430763 -0.27306003],[ 0.11221925 -0.00423534]
898,0.8980000000000007,[ 0.17115601 -0.02615756],[ 0.29786189 -0.11004514],[ 0.20386474 -0.27212464],[ 0.11197304 -0.00423949]
899,0.8990000000000007,[ 0.17145407 -0.02626788],[ 0.29806575 -0.11031727],[ 0.20342185 -0.27119195],[ 0.11172687 -0.00424367]
900,0.9000000000000007,[ 0.17175234 -0.02637847],[ 0.29826918 -0.11058846],[ 0.20297897 -0.27026203],[ 0.11148072 -0.00424788]
901,0.9010000000000007,[ 0.17205081 -0.02648933],[ 0.29847216 -0.11085872],[ 0.20253611 -0.26933497],[ 0.11123461 -0.00425211]
902,0.9020000000000007,[ 0.17234949 -0.02660046],[ 0.29867469 -0.11112806],[ 0.20209325 -0.26841083],[ 0.11098852 -0.00425637]
903,0.9030000000000007,[ 0.17264836 -0.02671185],[ 0.29887678 -0.11139647],[ 0.2016504  -0.26748968],[ 0.11074246 -0.00426065]
904,0.9040000000000007,[ 0.17294744 -0.02682352],[ 0.29907844 -0.11166396],[ 0.20120755 -0.26657158],[ 0.11049643 -0.00426496]
905,0.9050000000000007,[ 0.17324672 -0.02693545],[ 0.29927964 -0.11193053],[ 0.20076471 -0.26565659],[ 0.11025043 -0.0042693 ]
906,0.9060000000000007,[ 0.1735462  -0.02704764],[ 0.29948041 -0.11219618],[ 0.20032188 -0.26474478],[ 0.11000446 -0.00427366]
907,0.9070000000000007,[ 0.17384588 -0.0271601 ],[ 0.29968073 -0.11246093],[ 0.19987905 -0.26383619],[ 0.10975851 -0.00427805]
908,0.9080000000000007,[ 0.17414576 -0.02727283],[ 0.29988061 -0.11272477],[ 0.19943623 -0.26293087],[ 0.1095126  -0.00428247]
909,0.9090000000000007,[ 0.17444584 -0.02738582],[ 0.30008004 -0.1129877 ],[ 0.19899341 -0.26202888],[ 0.10926672 -0.00428691]
910,0.9100000000000007,[ 0.17474612 -0.02749907],[ 0.30027904 -0.11324973],[ 0.19855059 -0.26113025],[ 0.10902087 -0.00429138]
911,0.9110000000000007,[ 0.1750466  -0.02761258],[ 0.30047759 -0.11351086],[ 0.19810778 -0.26023503],[ 0.10877505 -0.00429587]
912,0.9120000000000007,[ 0.17534728 -0.02772635],[ 0.3006757  -0.11377109],[ 0.19766497 -0.25934326],[ 0.10852926 -0.00430039]
913,0.9130000000000007,[ 0.17564815 -0.02784038],[ 0.30087336 -0.11403043],[ 0.19722216 -0.25845497],[ 0.1082835  -0.00430494]
914,0.9140000000000007,[ 0.17594922 -0.02795467],[ 0.30107058 -0.11428889],[ 0.19677935 -0.2575702 ],[ 0.10803777 -0.00430951]
915,0.9150000000000007,[ 0.17625049 -0.02806921],[ 0.30126736 -0.11454646],[ 0.19633655 -0.25668899],[ 0.10779207 -0.00431411]
916,0.9160000000000007,[ 0.17655195 -0.02818402],[ 0.3014637  -0.11480315],[ 0.19589375 -0.25581135],[ 0.1075464  -0.00431873]
917,0.9170000000000007,[ 0.17685361 -0.02829908],[ 0.30165959 -0.11505896],[ 0.19545095 -0.25493732],[ 0.10730077 -0.00432338]
918,0.9180000000000007,[ 0.17715547 -0.02841439],[ 0.30185504 -0.1153139 ],[ 0.19500815 -0.25406692],[ 0.10705516 -0.00432805]
919,0.9190000000000007,[ 0.17745752 -0.02852996],[ 0.30205005 -0.11556796],[ 0.19456535 -0.25320018],[ 0.10680959 -0.00433275]
920,0.9200000000000007,[ 0.17775976 -0.02864578],[ 0.30224462 -0.11582116],[ 0.19412256 -0.25233712],[ 0.10656405 -0.00433748]
921,0.9210000000000007,[ 0.1780622  -0.02876185],[ 0.30243874 -0.1160735 ],[ 0.19367976 -0.25147776],[ 0.10631854 -0.00434223]
922,0.9220000000000007,[ 0.17836483 -0.02887818],[ 0.30263242 -0.11632498],[ 0.19323697 -0.25062211],[ 0.10607306 -0.00434701]
923,0.9230000000000007,[ 0.17866766 -0.02899475],[ 0.30282566 -0.1165756 ],[ 0.19279418 -0.24977019],[ 0.10582762 -0.00435181]
924,0.9240000000000007,[ 0.17897068 -0.02911158],[ 0.30301845 -0.11682537],[ 0.19235139 -0.24892202],[ 0.1055822  -0.00435664]
925,0.9250000000000007,[ 0.17927389 -0.02922865],[ 0.3032108  -0.11707429],[ 0.1919086  -0.24807761],[ 0.10533682 -0.00436149]
926,0.9260000000000007,[ 0.17957729 -0.02934597],[ 0.30340271 -0.11732237],[ 0.19146582 -0.24723697],[ 0.10509148 -0.00436637]
927,0.9270000000000007,[ 0.17988088 -0.02946354],[ 0.30359418 -0.11756961],[ 0.19102304 -0.24640011],[ 0.10484616 -0.00437128]
928,0.9280000000000007,[ 0.18018467 -0.02958136],[ 0.3037852  -0.11781601],[ 0.19058025 -0.24556704],[ 0.10460088 -0.00437621]
929,0.9290000000000007,[ 0.18048864 -0.02969942],[ 0.30397578 -0.11806157],[ 0.19013748 -0.24473776],[ 0.10435563 -0.00438116]
930,0.9300000000000007,[ 0.18079281 -0.02981773],[ 0.30416592 -0.11830631],[ 0.1896947  -0.24391229],[ 0.10411042 -0.00438614]
931,0.9310000000000007,[ 0.18109717 -0.02993628],[ 0.30435561 -0.11855022],[ 0.18925193 -0.24309063],[ 0.10386524 -0.00439115]
932,0.9320000000000007,[ 0.18140171 -0.03005507],[ 0.30454486 -0.11879332],[ 0.18880916 -0.24227278],[ 0.10362009 -0.00439618]
933,0.9330000000000007,[ 0.18170644 -0.03017411],[ 0.30473367 -0.11903559],[ 0.18836639 -0.24145874],[ 0.10337498 -0.00440124]
934,0.9340000000000007,[ 0.18201137 -0.03029338],[ 0.30492204 -0.11927705],[ 0.18792363 -0.24064851],[ 0.1031299  -0.00440632]
935,0.9350000000000007,[ 0.18231648 -0.0304129 ],[ 0.30510996 -0.1195177 ],[ 0.18748087 -0.23984211],[ 0.10288485 -0.00441142]
936,0.9360000000000007,[ 0.18262177 -0.03053266],[ 0.30529744 -0.11975754],[ 0.18703811 -0.23903952],[ 0.10263984 -0.00441655]
937,0.9370000000000007,[ 0.18292726 -0.03065266],[ 0.30548448 -0.11999658],[ 0.18659536 -0.23824074],[ 0.10239486 -0.00442171]
938,0.9380000000000007,[ 0.18323293 -0.03077289],[ 0.30567108 -0.12023482],[ 0.18615261 -0.23744577],[ 0.10214992 -0.00442689]
939,0.9390000000000007,[ 0.18353879 -0.03089336],[ 0.30585723 -0.12047226],[ 0.18570987 -0.23665462],[ 0.10190501 -0.00443209]
940,0.9400000000000007,[ 0.18384483 -0.03101407],[ 0.30604294 -0.12070892],[ 0.18526714 -0.23586727],[ 0.10166014 -0.00443732]
941,0.9410000000000007,[ 0.18415106 -0.03113502],[ 0.30622821 -0.12094479],[ 0.18482441 -0.23508372],[ 0.1014153  -0.00444257]
942,0.9420000000000007,[ 0.18445747 -0.0312562 ],[ 0.30641303 -0.12117987],[ 0.18438168 -0.23430396],[ 0.1011705  -0.00444785]
943,0.9430000000000007,[ 0.18476407 -0.03137761],[ 0.30659741 -0.12141417],[ 0.18393897 -0.233528  ],[ 0.10092573 -0.00445315]
944,0.9440000000000007,[ 0.18507085 -0.03149926],[ 0.30678135 -0.1216477 ],[ 0.18349626 -0.23275581],[ 0.100681   -0.00445848]
945,0.9450000000000007,[ 0.18537781 -0.03162114],[ 0.30696485 -0.12188046],[ 0.18305355 -0.2319874 ],[ 0.1004363  -0.00446383]
946,0.9460000000000007,[ 0.18568496 -0.03174325],[ 0.3071479  -0.12211244],[ 0.18261086 -0.23122275],[ 0.10019165 -0.0044692 ]
947,0.9470000000000007,[ 0.18599229 -0.0318656 ],[ 0.30733051 -0.12234367],[ 0.18216817 -0.23046187],[ 0.09994702 -0.0044746 ]
948,0.9480000000000007,[ 0.18629981 -0.03198817],[ 0.30751268 -0.12257413],[ 0.18172549 -0.22970473],[ 0.09970243 -0.00448003]
949,0.9490000000000007,[ 0.1866075  -0.03211097],[ 0.30769441 -0.12280383],[ 0.18128282 -0.22895133],[ 0.09945788 -0.00448547]
950,0.9500000000000007,[ 0.18691538 -0.03223401],[ 0.30787569 -0.12303279],[ 0.18084016 -0.22820165],[ 0.09921337 -0.00449094]
951,0.9510000000000007,[ 0.18722343 -0.03235727],[ 0.30805653 -0.12326099],[ 0.18039752 -0.2274557 ],[ 0.09896889 -0.00449644]
952,0.9520000000000007,[ 0.18753167 -0.03248076],[ 0.30823693 -0.12348844],[ 0.17995488 -0.22671345],[ 0.09872445 -0.00450195]
953,0.9530000000000007,[ 0.18784009 -0.03260447],[ 0.30841688 -0.12371516],[ 0.17951225 -0.22597489],[ 0.09848004 -0.00450749]
954,0.9540000000000007,[ 0.18814868 -0.03272841],[ 0.30859639 -0.12394113],[ 0.17906963 -0.22524002],[ 0.09823568 -0.00451306]
955,0.9550000000000007,[ 0.18845746 -0.03285258],[ 0.30877546 -0.12416637],[ 0.17862703 -0.22450881],[ 0.09799135 -0.00451865]
956,0.9560000000000007,[ 0.18876641 -0.03297697],[ 0.30895409 -0.12439088],[ 0.17818444 -0.22378127],[ 0.09774705 -0.00452426]
957,0.9570000000000007,[ 0.18907554 -0.03310158],[ 0.30913228 -0.12461466],[ 0.17774186 -0.22305736],[ 0.0975028  -0.00452989]
958,0.9580000000000007,[ 0.18938485 -0.03322642],[ 0.30931002 -0.12483772],[ 0.17729929 -0.22233709],[ 0.09725858 -0.00453555]
959,0.9590000000000007,[ 0.18969434 -0.03335148],[ 0.30948732 -0.12506006],[ 0.17685674 -0.22162043],[ 0.0970144  -0.00454123]
960,0.9600000000000007,[ 0.19000401 -0.03347676],[ 0.30966417 -0.12528168],[ 0.1764142  -0.22090737],[ 0.09677026 -0.00454694]
961,0.9610000000000007,[ 0.19031385 -0.03360227],[ 0.30984059 -0.12550258],[ 0.17597168 -0.2201979 ],[ 0.09652616 -0.00455267]
962,0.9620000000000007,[ 0.19062386 -0.03372799],[ 0.31001656 -0.12572278],[ 0.17552917 -0.219492  ],[ 0.09628209 -0.00455842]
963,0.9630000000000007,[ 0.19093405 -0.03385393],[ 0.31019209 -0.12594227],[ 0.17508668 -0.21878966],[ 0.09603807 -0.00456419]
964,0.9640000000000007,[ 0.19124442 -0.03398009],[ 0.31036718 -0.12616106],[ 0.17464421 -0.21809086],[ 0.09579408 -0.00456998]
965,0.9650000000000007,[ 0.19155496 -0.03410647],[ 0.31054182 -0.12637915],[ 0.17420175 -0.21739559],[ 0.09555013 -0.0045758 ]
966,0.9660000000000007,[ 0.19186568 -0.03423307],[ 0.31071602 -0.12659655],[ 0.17375931 -0.21670383],[ 0.09530622 -0.00458165]
967,0.9670000000000007,[ 0.19217657 -0.03435988],[ 0.31088978 -0.12681325],[ 0.17331689 -0.21601556],[ 0.09506235 -0.00458751]
968,0.9680000000000007,[ 0.19248763 -0.03448691],[ 0.3110631  -0.12702927],[ 0.17287449 -0.21533077],[ 0.09481852 -0.0045934 ]
969,0.9690000000000007,[ 0.19279887 -0.03461415],[ 0.31123597 -0.1272446 ],[ 0.1724321  -0.21464945],[ 0.09457473 -0.0045993 ]
970,0.9700000000000008,[ 0.19311028 -0.03474161],[ 0.3114084  -0.12745925],[ 0.17198974 -0.21397157],[ 0.09433097 -0.00460524]
971,0.9710000000000008,[ 0.19342186 -0.03486929],[ 0.31158039 -0.12767322],[ 0.1715474  -0.21329711],[ 0.09408726 -0.00461119]
972,0.9720000000000008,[ 0.19373361 -0.03499717],[ 0.31175194 -0.12788652],[ 0.17110508 -0.21262608],[ 0.09384359 -0.00461717]
973,0.9730000000000008,[ 0.19404553 -0.03512527],[ 0.31192305 -0.12809914],[ 0.17066277 -0.21195843],[ 0.09359996 -0.00462316]
974,0.9740000000000008,[ 0.19435763 -0.03525358],[ 0.31209371 -0.1283111 ],[ 0.1702205  -0.21129417],[ 0.09335637 -0.00462918]
975,0.9750000000000008,[ 0.19466989 -0.03538211],[ 0.31226393 -0.1285224 ],[ 0.16977824 -0.21063326],[ 0.09311281 -0.00463522]
976,0.9760000000000008,[ 0.19498232 -0.03551084],[ 0.31243371 -0.12873303],[ 0.16933601 -0.2099757 ],[ 0.0928693  -0.00464129]
977,0.9770000000000008,[ 0.19529493 -0.03563978],[ 0.31260304 -0.12894301],[ 0.1688938  -0.20932147],[ 0.09262583 -0.00464737]
978,0.9780000000000008,[ 0.1956077  -0.03576893],[ 0.31277194 -0.12915233],[ 0.16845161 -0.20867055],[ 0.0923824  -0.00465348]
979,0.9790000000000008,[ 0.19592064 -0.0358983 ],[ 0.31294039 -0.129361  ],[ 0.16800945 -0.20802291],[ 0.09213901 -0.00465961]
980,0.9800000000000008,[ 0.19623375 -0.03602786],[ 0.3131084  -0.12956902],[ 0.16756732 -0.20737856],[ 0.09189566 -0.00466576]
981,0.9810000000000008,[ 0.19654702 -0.03615764],[ 0.31327597 -0.1297764 ],[ 0.16712521 -0.20673745],[ 0.09165236 -0.00467193]
982,0.9820000000000008,[ 0.19686047 -0.03628762],[ 0.31344309 -0.12998314],[ 0.16668312 -0.20609959],[ 0.09140909 -0.00467813]
983,0.9830000000000008,[ 0.19717408 -0.03641781],[ 0.31360977 -0.13018924],[ 0.16624107 -0.20546495],[ 0.09116587 -0.00468434]
984,0.9840000000000008,[ 0.19748785 -0.03654821],[ 0.31377602 -0.1303947 ],[ 0.16579904 -0.20483351],[ 0.09092269 -0.00469058]
985,0.9850000000000008,[ 0.19780179 -0.03667881],[ 0.31394181 -0.13059953],[ 0.16535704 -0.20420526],[ 0.09067955 -0.00469684]
986,0.9860000000000008,[ 0.1981159  -0.03680961],[ 0.31410717 -0.13080374],[ 0.16491507 -0.20358017],[ 0.09043645 -0.00470312]
987,0.9870000000000008,[ 0.19843017 -0.03694062],[ 0.31427209 -0.13100732],[ 0.16447313 -0.20295824],[ 0.0901934  -0.00470942]
988,0.9880000000000008,[ 0.19874461 -0.03707183],[ 0.31443656 -0.13121028],[ 0.16403122 -0.20233944],[ 0.08995038 -0.00471574]
989,0.9890000000000008,[ 0.19905921 -0.03720324],[ 0.31460059 -0.13141262],[ 0.16358933 -0.20172375],[ 0.08970741 -0.00472208]
990,0.9900000000000008,[ 0.19937397 -0.03733486],[ 0.31476418 -0.13161434],[ 0.16314748 -0.20111115],[ 0.08946448 -0.00472844]
991,0.9910000000000008,[ 0.1996889  -0.03746667],[ 0.31492733 -0.13181545],[ 0.16270566 -0.20050164],[ 0.0892216  -0.00473483]
992,0.9920000000000008,[ 0.20000399 -0.03759869],[ 0.31509003 -0.13201595],[ 0.16226388 -0.19989518],[ 0.08897876 -0.00474123]
993,0.9930000000000008,[ 0.20031924 -0.0377309 ],[ 0.3152523  -0.13221585],[ 0.16182212 -0.19929177],[ 0.08873596 -0.00474766]
994,0.9940000000000008,[ 0.20063466 -0.03786332],[ 0.31541412 -0.13241514],[ 0.1613804  -0.19869138],[ 0.0884932 -0.0047541]
995,0.9950000000000008,[ 0.20095023 -0.03799593],[ 0.3155755  -0.13261383],[ 0.16093872 -0.19809399],[ 0.08825049 -0.00476057]
996,0.9960000000000008,[ 0.20126597 -0.03812874],[ 0.31573644 -0.13281193],[ 0.16049706 -0.1974996 ],[ 0.08800782 -0.00476706]
997,0.9970000000000008,[ 0.20158187 -0.03826175],[ 0.31589694 -0.13300943],[ 0.16005545 -0.19690817],[ 0.0877652  -0.00477357]
998,0.9980000000000008,[ 0.20189792 -0.03839496],[ 0.31605699 -0.13320633],[ 0.15961386 -0.1963197 ],[ 0.08752262 -0.00478009]
999,0.9990000000000008,[ 0.20221414 -0.03852836],[ 0.3162166  -0.13340265],[ 0.15917232 -0.19573416],[ 0.08728008 -0.00478664]
1000,1.0000000000000007,[ 0.20253052 -0.03866196],[ 0.31637578 -0.13359839],[ 0.15873081 -0.19515154],[ 0.08703759 -0.00479321]
1001,1.0010000000000006,[ 0.20284705 -0.03879575],[ 0.31653451 -0.13379354],[ 0.15828934 -0.19457182],[ 0.08679514 -0.0047998 ]
1002,1.0020000000000004,[ 0.20316374 -0.03892974],[ 0.3166928  -0.13398811],[ 0.1578479  -0.19399498],[ 0.08655274 -0.00480641]
1003,1.0030000000000003,[ 0.20348059 -0.03906392],[ 0.31685064 -0.13418211],[ 0.1574065  -0.19342101],[ 0.08631038 -0.00481304]
1004,1.0040000000000002,[ 0.2037976 -0.0391983],[ 0.31700805 -0.13437553],[ 0.15696515 -0.19284988],[ 0.08606806 -0.00481969]
1005,1.0050000000000001,[ 0.20411477 -0.03933287],[ 0.31716502 -0.13456838],[ 0.15652383 -0.19228157],[ 0.08582579 -0.00482636]
1006,1.006,[ 0.20443209 -0.03946763],[ 0.31732154 -0.13476066],[ 0.15608255 -0.19171608],[ 0.08558357 -0.00483304]
1007,1.007,[ 0.20474957 -0.03960258],[ 0.31747762 -0.13495237],[ 0.15564132 -0.19115339],[ 0.08534139 -0.00483975]
1008,1.0079999999999998,[ 0.2050672  -0.03973773],[ 0.31763326 -0.13514353],[ 0.15520012 -0.19059346],[ 0.08509926 -0.00484648]
1009,1.0089999999999997,[ 0.20538499 -0.03987306],[ 0.31778846 -0.13533412],[ 0.15475896 -0.1900363 ],[ 0.08485717 -0.00485323]
1010,1.0099999999999996,[ 0.20570293 -0.04000858],[ 0.31794322 -0.13552416],[ 0.15431785 -0.18948188],[ 0.08461513 -0.00486   ]
1011,1.0109999999999995,[ 0.20602103 -0.0401443 ],[ 0.31809754 -0.13571364],[ 0.15387678 -0.18893018],[ 0.08437313 -0.00486678]
1012,1.0119999999999993,[ 0.20633928 -0.0402802 ],[ 0.31825142 -0.13590257],[ 0.15343576 -0.18838119],[ 0.08413118 -0.00487359]
1013,1.0129999999999992,[ 0.20665769 -0.04041629],[ 0.31840485 -0.13609095],[ 0.15299478 -0.18783488],[ 0.08388928 -0.00488042]
1014,1.0139999999999991,[ 0.20697624 -0.04055257],[ 0.31855785 -0.13627879],[ 0.15255384 -0.18729125],[ 0.08364742 -0.00488726]
1015,1.014999999999999,[ 0.20729495 -0.04068904],[ 0.3187104  -0.13646608],[ 0.15211295 -0.18675028],[ 0.08340561 -0.00489413]
1016,1.015999999999999,[ 0.20761382 -0.04082569],[ 0.31886252 -0.13665283],[ 0.1516721  -0.18621194],[ 0.08316385 -0.00490101]
1017,1.0169999999999988,[ 0.20793283 -0.04096253],[ 0.31901419 -0.13683904],[ 0.1512313  -0.18567622],[ 0.08292213 -0.00490791]
1018,1.0179999999999987,[ 0.208252   -0.04109955],[ 0.31916542 -0.13702472],[ 0.15079054 -0.18514311],[ 0.08268046 -0.00491483]
1019,1.0189999999999986,[ 0.20857131 -0.04123676],[ 0.31931621 -0.13720986],[ 0.15034984 -0.18461258],[ 0.08243883 -0.00492177]
1020,1.0199999999999985,[ 0.20889078 -0.04137416],[ 0.31946656 -0.13739447],[ 0.14990918 -0.18408463],[ 0.08219726 -0.00492873]
1021,1.0209999999999984,[ 0.2092104  -0.04151173],[ 0.31961647 -0.13757856],[ 0.14946856 -0.18355923],[ 0.08195573 -0.00493571]
1022,1.0219999999999982,[ 0.20953016 -0.0416495 ],[ 0.31976594 -0.13776211],[ 0.149028   -0.18303636],[ 0.08171425 -0.00494271]
1023,1.0229999999999981,[ 0.20985008 -0.04178744],[ 0.31991496 -0.13794515],[ 0.14858749 -0.18251602],[ 0.08147281 -0.00494973]
1024,1.023999999999998,[ 0.21017014 -0.04192557],[ 0.32006355 -0.13812767],[ 0.14814703 -0.18199818],[ 0.08123143 -0.00495676]
1025,1.024999999999998,[ 0.21049035 -0.04206388],[ 0.3202117  -0.13830967],[ 0.14770661 -0.18148283],[ 0.08099009 -0.00496381]
1026,1.0259999999999978,[ 0.21081071 -0.04220237],[ 0.32035941 -0.13849115],[ 0.14726625 -0.18096996],[ 0.0807488  -0.00497089]
1027,1.0269999999999977,[ 0.21113122 -0.04234104],[ 0.32050667 -0.13867212],[ 0.14682594 -0.18045953],[ 0.08050756 -0.00497798]
1028,1.0279999999999976,[ 0.21145187 -0.0424799 ],[ 0.3206535  -0.13885258],[ 0.14638568 -0.17995155],[ 0.08026637 -0.00498509]
1029,1.0289999999999975,[ 0.21177267 -0.04261893],[ 0.32079988 -0.13903253],[ 0.14594548 -0.17944599],[ 0.08002522 -0.00499221]
1030,1.0299999999999974,[ 0.21209362 -0.04275814],[ 0.32094583 -0.13921198],[ 0.14550532 -0.17894284],[ 0.07978412 -0.00499936]
1031,1.0309999999999973,[ 0.21241471 -0.04289753],[ 0.32109133 -0.13939092],[ 0.14506522 -0.17844208],[ 0.07954308 -0.00500653]
1032,1.0319999999999971,[ 0.21273594 -0.0430371 ],[ 0.3212364  -0.13956936],[ 0.14462518 -0.17794369],[ 0.07930208 -0.00501371]
1033,1.032999999999997,[ 0.21305733 -0.04317685],[ 0.32138103 -0.1397473 ],[ 0.14418519 -0.17744767],[ 0.07906113 -0.00502091]
1034,1.033999999999997,[ 0.21337885 -0.04331677],[ 0.32152521 -0.13992475],[ 0.14374525 -0.17695399],[ 0.07882023 -0.00502813]
1035,1.0349999999999968,[ 0.21370052 -0.04345687],[ 0.32166896 -0.14010171],[ 0.14330537 -0.17646263],[ 0.07857938 -0.00503536]
1036,1.0359999999999967,[ 0.21402233 -0.04359715],[ 0.32181226 -0.14027817],[ 0.14286555 -0.17597359],[ 0.07833858 -0.00504262]
1037,1.0369999999999966,[ 0.21434429 -0.04373761],[ 0.32195513 -0.14045414],[ 0.14242578 -0.17548685],[ 0.07809783 -0.00504989]
1038,1.0379999999999965,[ 0.21466638 -0.04387824],[ 0.32209755 -0.14062963],[ 0.14198607 -0.17500239],[ 0.07785713 -0.00505718]
1039,1.0389999999999964,[ 0.21498862 -0.04401904],[ 0.32223954 -0.14080463],[ 0.14154642 -0.1745202 ],[ 0.07761648 -0.00506449]
1040,1.0399999999999963,[ 0.21531101 -0.04416002],[ 0.32238108 -0.14097915],[ 0.14110683 -0.17404026],[ 0.07737588 -0.00507182]
1041,1.0409999999999962,[ 0.21563353 -0.04430117],[ 0.32252219 -0.14115319],[ 0.14066729 -0.17356256],[ 0.07713533 -0.00507916]
1042,1.041999999999996,[ 0.21595619 -0.0444425 ],[ 0.32266286 -0.14132675],[ 0.14022782 -0.17308707],[ 0.07689483 -0.00508652]
1043,1.042999999999996,[ 0.21627899 -0.044584  ],[ 0.32280309 -0.14149984],[ 0.1397884 -0.1726138],[ 0.07665438 -0.0050939 ]
1044,1.0439999999999958,[ 0.21660194 -0.04472567],[ 0.32294288 -0.14167246],[ 0.13934905 -0.17214272],[ 0.07641399 -0.0051013 ]
1045,1.0449999999999957,[ 0.21692502 -0.04486752],[ 0.32308222 -0.1418446 ],[ 0.13890975 -0.17167381],[ 0.07617364 -0.00510872]
1046,1.0459999999999956,[ 0.21724824 -0.04500953],[ 0.32322113 -0.14201627],[ 0.13847052 -0.17120707],[ 0.07593334 -0.00511615]
1047,1.0469999999999955,[ 0.2175716  -0.04515172],[ 0.3233596  -0.14218748],[ 0.13803135 -0.17074247],[ 0.0756931 -0.0051236]
1048,1.0479999999999954,[ 0.2178951  -0.04529408],[ 0.32349764 -0.14235822],[ 0.13759224 -0.17028001],[ 0.07545291 -0.00513106]
1049,1.0489999999999953,[ 0.21821873 -0.04543661],[ 0.32363523 -0.1425285 ],[ 0.13715319 -0.16981967],[ 0.07521277 -0.00513855]
1050,1.0499999999999952,[ 0.2185425  -0.04557931],[ 0.32377238 -0.14269832],[ 0.13671421 -0.16936143],[ 0.07497268 -0.00514605]
1051,1.050999999999995,[ 0.21886641 -0.04572217],[ 0.3239091  -0.14286768],[ 0.13627529 -0.16890528],[ 0.07473264 -0.00515357]
1052,1.051999999999995,[ 0.21919046 -0.04586521],[ 0.32404537 -0.14303659],[ 0.13583643 -0.16845121],[ 0.07449265 -0.0051611 ]
1053,1.0529999999999948,[ 0.21951464 -0.04600841],[ 0.32418121 -0.14320504],[ 0.13539765 -0.1679992 ],[ 0.07425272 -0.00516866]
1054,1.0539999999999947,[ 0.21983896 -0.04615179],[ 0.3243166  -0.14337304],[ 0.13495892 -0.16754924],[ 0.07401284 -0.00517623]
1055,1.0549999999999946,[ 0.22016341 -0.04629533],[ 0.32445156 -0.14354059],[ 0.13452026 -0.16710131],[ 0.07377301 -0.00518381]
1056,1.0559999999999945,[ 0.22048799 -0.04643904],[ 0.32458608 -0.14370769],[ 0.13408167 -0.1666554 ],[ 0.07353323 -0.00519142]
1057,1.0569999999999944,[ 0.22081271 -0.04658291],[ 0.32472017 -0.14387434],[ 0.13364314 -0.1662115 ],[ 0.07329351 -0.00519904]
1058,1.0579999999999943,[ 0.22113757 -0.04672695],[ 0.32485381 -0.14404056],[ 0.13320469 -0.16576959],[ 0.07305384 -0.00520668]
1059,1.0589999999999942,[ 0.22146256 -0.04687116],[ 0.32498701 -0.14420632],[ 0.13276629 -0.16532966],[ 0.07281422 -0.00521433]
1060,1.059999999999994,[ 0.22178768 -0.04701553],[ 0.32511978 -0.14437165],[ 0.13232797 -0.1648917 ],[ 0.07257466 -0.005222  ]
1061,1.060999999999994,[ 0.22211293 -0.04716007],[ 0.32525211 -0.14453655],[ 0.13188972 -0.16445568],[ 0.07233515 -0.00522969]
1062,1.0619999999999938,[ 0.22243831 -0.04730477],[ 0.325384 -0.144701],[ 0.13145153 -0.16402161],[ 0.07209569 -0.00523739]
1063,1.0629999999999937,[ 0.22276383 -0.04744963],[ 0.32551545 -0.14486502],[ 0.13101342 -0.16358946],[ 0.07185628 -0.00524511]
1064,1.0639999999999936,[ 0.22308947 -0.04759466],[ 0.32564646 -0.14502861],[ 0.13057538 -0.16315922],[ 0.07161693 -0.00525285]
1065,1.0649999999999935,[ 0.22341525 -0.04773985],[ 0.32577704 -0.14519177],[ 0.1301374  -0.16273089],[ 0.07137764 -0.00526061]
1066,1.0659999999999934,[ 0.22374116 -0.04788521],[ 0.32590718 -0.1453545 ],[ 0.1296995  -0.16230444],[ 0.0711384  -0.00526838]
1067,1.0669999999999933,[ 0.22406719 -0.04803072],[ 0.32603687 -0.14551681],[ 0.12926167 -0.16187986],[ 0.07089921 -0.00527616]
1068,1.0679999999999932,[ 0.22439336 -0.0481764 ],[ 0.32616614 -0.14567869],[ 0.12882391 -0.16145714],[ 0.07066007 -0.00528397]
1069,1.068999999999993,[ 0.22471966 -0.04832224],[ 0.32629496 -0.14584014],[ 0.12838622 -0.16103627],[ 0.070421   -0.00529179]
1070,1.069999999999993,[ 0.22504608 -0.04846824],[ 0.32642335 -0.14600118],[ 0.12794861 -0.16061723],[ 0.07018197 -0.00529962]
1071,1.0709999999999928,[ 0.22537263 -0.0486144 ],[ 0.3265513 -0.1461618],[ 0.12751107 -0.16020002],[ 0.069943   -0.00530747]
1072,1.0719999999999927,[ 0.22569931 -0.04876073],[ 0.32667881 -0.146322  ],[ 0.1270736  -0.15978462],[ 0.06970409 -0.00531534]
1073,1.0729999999999926,[ 0.22602611 -0.04890721],[ 0.32680588 -0.14648178],[ 0.12663621 -0.15937101],[ 0.06946523 -0.00532323]
1074,1.0739999999999925,[ 0.22635305 -0.04905385],[ 0.32693252 -0.14664115],[ 0.12619889 -0.15895918],[ 0.06922642 -0.00533113]
1075,1.0749999999999924,[ 0.22668011 -0.04920065],[ 0.32705871 -0.14680011],[ 0.12576165 -0.15854913],[ 0.06898767 -0.00533904]
1076,1.0759999999999923,[ 0.22700729 -0.04934761],[ 0.32718448 -0.14695866],[ 0.12532449 -0.15814084],[ 0.06874898 -0.00534698]
1077,1.0769999999999922,[ 0.2273346  -0.04949473],[ 0.3273098 -0.1471168],[ 0.1248874 -0.1577343],[ 0.06851034 -0.00535492]
1078,1.077999999999992,[ 0.22766203 -0.049642  ],[ 0.32743469 -0.14727454],[ 0.12445039 -0.15732949],[ 0.06827176 -0.00536289]
1079,1.078999999999992,[ 0.22798959 -0.04978943],[ 0.32755914 -0.14743187],[ 0.12401345 -0.1569264 ],[ 0.06803323 -0.00537087]
1080,1.0799999999999919,[ 0.22831728 -0.04993702],[ 0.32768315 -0.14758879],[ 0.12357659 -0.15652503],[ 0.06779476 -0.00537886]
1081,1.0809999999999917,[ 0.22864508 -0.05008477],[ 0.32780673 -0.14774532],[ 0.12313981 -0.15612536],[ 0.06755635 -0.00538688]
1082,1.0819999999999916,[ 0.22897301 -0.05023267],[ 0.32792987 -0.14790144],[ 0.12270311 -0.15572737],[ 0.06731799 -0.0053949 ]
1083,1.0829999999999915,[ 0.22930107 -0.05038072],[ 0.32805257 -0.14805717],[ 0.12226649 -0.15533106],[ 0.06707969 -0.00540295]
1084,1.0839999999999914,[ 0.22962924 -0.05052894],[ 0.32817484 -0.1482125 ],[ 0.12182995 -0.15493641],[ 0.06684145 -0.005411  ]
1085,1.0849999999999913,[ 0.22995754 -0.0506773 ],[ 0.32829667 -0.14836744],[ 0.12139349 -0.15454342],[ 0.06660326 -0.00541908]
1086,1.0859999999999912,[ 0.23028596 -0.05082583],[ 0.32841806 -0.14852198],[ 0.1209571  -0.15415207],[ 0.06636513 -0.00542717]
1087,1.086999999999991,[ 0.23061449 -0.0509745 ],[ 0.32853902 -0.14867613],[ 0.1205208  -0.15376235],[ 0.06612706 -0.00543527]
1088,1.087999999999991,[ 0.23094315 -0.05112333],[ 0.32865954 -0.1488299 ],[ 0.12008458 -0.15337425],[ 0.06588904 -0.00544339]
1089,1.0889999999999909,[ 0.23127193 -0.05127232],[ 0.32877962 -0.14898327],[ 0.11964844 -0.15298775],[ 0.06565108 -0.00545153]
1090,1.0899999999999908,[ 0.23160083 -0.05142145],[ 0.32889927 -0.14913626],[ 0.11921239 -0.15260285],[ 0.06541318 -0.00545968]
1091,1.0909999999999906,[ 0.23192985 -0.05157074],[ 0.32901848 -0.14928886],[ 0.11877641 -0.15221954],[ 0.06517534 -0.00546785]
1092,1.0919999999999905,[ 0.23225899 -0.05172018],[ 0.32913726 -0.14944108],[ 0.11834052 -0.15183779],[ 0.06493756 -0.00547603]
1093,1.0929999999999904,[ 0.23258824 -0.05186977],[ 0.3292556  -0.14959292],[ 0.11790472 -0.15145762],[ 0.06469983 -0.00548423]
1094,1.0939999999999903,[ 0.23291762 -0.05201952],[ 0.32937351 -0.14974438],[ 0.11746899 -0.15107899],[ 0.06446216 -0.00549244]
1095,1.0949999999999902,[ 0.23324711 -0.05216941],[ 0.32949098 -0.14989545],[ 0.11703335 -0.1507019 ],[ 0.06422455 -0.00550066]
1096,1.09599999999999,[ 0.23357672 -0.05231946],[ 0.32960801 -0.15004616],[ 0.1165978  -0.15032635],[ 0.063987   -0.00550891]
1097,1.09699999999999,[ 0.23390644 -0.05246966],[ 0.32972461 -0.15019648],[ 0.11616233 -0.14995231],[ 0.0637495  -0.00551716]
1098,1.0979999999999899,[ 0.23423628 -0.05262   ],[ 0.32984077 -0.15034644],[ 0.11572695 -0.14957979],[ 0.06351207 -0.00552544]
1099,1.0989999999999898,[ 0.23456624 -0.0527705 ],[ 0.3299565  -0.15049602],[ 0.11529165 -0.14920876],[ 0.06327469 -0.00553372]
1100,1.0999999999999897,[ 0.23489631 -0.05292114],[ 0.33007179 -0.15064522],[ 0.11485644 -0.14883922],[ 0.06303737 -0.00554203]
1101,1.1009999999999895,[ 0.2352265  -0.05307194],[ 0.33018664 -0.15079406],[ 0.11442132 -0.14847115],[ 0.06280011 -0.00555034]
1102,1.1019999999999894,[ 0.2355568  -0.05322288],[ 0.33030107 -0.15094253],[ 0.11398628 -0.14810456],[ 0.06256292 -0.00555868]
1103,1.1029999999999893,[ 0.23588721 -0.05337397],[ 0.33041505 -0.15109064],[ 0.11355133 -0.14773942],[ 0.06232578 -0.00556702]
1104,1.1039999999999892,[ 0.23621774 -0.05352521],[ 0.3305286  -0.15123838],[ 0.11311647 -0.14737572],[ 0.0620887  -0.00557538]
1105,1.104999999999989,[ 0.23654838 -0.0536766 ],[ 0.33064172 -0.15138575],[ 0.1126817  -0.14701347],[ 0.06185168 -0.00558376]
1106,1.105999999999989,[ 0.23687914 -0.05382813],[ 0.3307544  -0.15153277],[ 0.11224702 -0.14665263],[ 0.06161471 -0.00559215]
1107,1.1069999999999889,[ 0.23721    -0.05397981],[ 0.33086665 -0.15167942],[ 0.11181242 -0.14629322],[ 0.06137781 -0.00560056]
1108,1.1079999999999888,[ 0.23754098 -0.05413163],[ 0.33097846 -0.15182571],[ 0.11137792 -0.14593521],[ 0.06114097 -0.00560898]
1109,1.1089999999999887,[ 0.23787207 -0.05428361],[ 0.33108984 -0.15197165],[ 0.11094351 -0.1455786 ],[ 0.06090419 -0.00561741]
1110,1.1099999999999886,[ 0.23820327 -0.05443572],[ 0.33120078 -0.15211723],[ 0.11050919 -0.14522337],[ 0.06066747 -0.00562586]
1111,1.1109999999999884,[ 0.23853459 -0.05458799],[ 0.33131129 -0.15226245],[ 0.11007496 -0.14486952],[ 0.06043081 -0.00563433]
1112,1.1119999999999883,[ 0.23886601 -0.05474039],[ 0.33142137 -0.15240732],[ 0.10964082 -0.14451704],[ 0.06019422 -0.0056428 ]
1113,1.1129999999999882,[ 0.23919754 -0.05489294],[ 0.33153101 -0.15255184],[ 0.10920677 -0.14416591],[ 0.05995768 -0.0056513 ]
1114,1.113999999999988,[ 0.23952918 -0.05504564],[ 0.33164021 -0.152696  ],[ 0.10877282 -0.14381613],[ 0.0597212 -0.0056598]
1115,1.114999999999988,[ 0.23986093 -0.05519848],[ 0.33174899 -0.15283982],[ 0.10833895 -0.14346769],[ 0.05948479 -0.00566833]
1116,1.115999999999988,[ 0.24019278 -0.05535146],[ 0.33185733 -0.15298329],[ 0.10790518 -0.14312058],[ 0.05924843 -0.00567686]
1117,1.1169999999999878,[ 0.24052475 -0.05550459],[ 0.33196523 -0.15312641],[ 0.10747151 -0.14277478],[ 0.05901214 -0.00568541]
1118,1.1179999999999877,[ 0.24085682 -0.05565786],[ 0.3320727  -0.15326918],[ 0.10703793 -0.1424303 ],[ 0.05877591 -0.00569398]
1119,1.1189999999999876,[ 0.241189   -0.05581127],[ 0.33217974 -0.15341161],[ 0.10660444 -0.14208712],[ 0.05853974 -0.00570256]
1120,1.1199999999999875,[ 0.24152129 -0.05596482],[ 0.33228634 -0.1535537 ],[ 0.10617105 -0.14174523],[ 0.05830363 -0.00571115]
1121,1.1209999999999873,[ 0.24185368 -0.05611852],[ 0.33239252 -0.15369544],[ 0.10573775 -0.14140462],[ 0.05806759 -0.00571975]
1122,1.1219999999999872,[ 0.24218618 -0.05627236],[ 0.33249825 -0.15383685],[ 0.10530455 -0.14106528],[ 0.0578316  -0.00572838]
1123,1.1229999999999871,[ 0.24251878 -0.05642633],[ 0.33260356 -0.15397791],[ 0.10487145 -0.14072721],[ 0.05759568 -0.00573701]
1124,1.123999999999987,[ 0.24285149 -0.05658045],[ 0.33270843 -0.15411864],[ 0.10443844 -0.14039039],[ 0.05735982 -0.00574566]
1125,1.124999999999987,[ 0.2431843  -0.05673471],[ 0.33281287 -0.15425903],[ 0.10400553 -0.14005482],[ 0.05712402 -0.00575432]
1126,1.1259999999999868,[ 0.24351722 -0.05688911],[ 0.33291687 -0.15439909],[ 0.10357272 -0.13972049],[ 0.05688829 -0.005763  ]
1127,1.1269999999999867,[ 0.24385024 -0.05704365],[ 0.33302045 -0.15453881],[ 0.10314    -0.13938738],[ 0.05665262 -0.00577169]
1128,1.1279999999999866,[ 0.24418336 -0.05719833],[ 0.33312359 -0.1546782 ],[ 0.10270738 -0.1390555 ],[ 0.05641701 -0.00578039]
1129,1.1289999999999865,[ 0.24451659 -0.05735315],[ 0.33322629 -0.15481725],[ 0.10227486 -0.13872482],[ 0.05618147 -0.00578911]
1130,1.1299999999999863,[ 0.24484992 -0.0575081 ],[ 0.33332857 -0.15495598],[ 0.10184244 -0.13839535],[ 0.05594599 -0.00579784]
1131,1.1309999999999862,[ 0.24518335 -0.0576632 ],[ 0.33343041 -0.15509437],[ 0.10141012 -0.13806707],[ 0.05571057 -0.00580659]
1132,1.1319999999999861,[ 0.24551688 -0.05781843],[ 0.33353182 -0.15523244],[ 0.1009779  -0.13773998],[ 0.05547521 -0.00581535]
1133,1.132999999999986,[ 0.24585051 -0.0579738 ],[ 0.3336328  -0.15537018],[ 0.10054578 -0.13741407],[ 0.05523992 -0.00582412]
1134,1.133999999999986,[ 0.24618425 -0.05812931],[ 0.33373334 -0.15550759],[ 0.10011376 -0.13708932],[ 0.05500469 -0.00583291]
1135,1.1349999999999858,[ 0.24651808 -0.05828495],[ 0.33383346 -0.15564468],[ 0.09968184 -0.13676573],[ 0.05476953 -0.00584171]
1136,1.1359999999999857,[ 0.24685201 -0.05844073],[ 0.33393314 -0.15578145],[ 0.09925002 -0.1364433 ],[ 0.05453443 -0.00585052]
1137,1.1369999999999856,[ 0.24718605 -0.05859665],[ 0.33403239 -0.15591789],[ 0.0988183  -0.13612201],[ 0.0542994  -0.00585935]
1138,1.1379999999999855,[ 0.24752018 -0.0587527 ],[ 0.33413121 -0.15605401],[ 0.09838668 -0.13580185],[ 0.05406443 -0.00586819]
1139,1.1389999999999854,[ 0.24785441 -0.05890889],[ 0.3342296  -0.15618981],[ 0.09795517 -0.13548282],[ 0.05382952 -0.00587705]
1140,1.1399999999999852,[ 0.24818874 -0.05906522],[ 0.33432755 -0.1563253 ],[ 0.09752376 -0.13516491],[ 0.05359468 -0.00588592]
1141,1.1409999999999851,[ 0.24852316 -0.05922168],[ 0.33442507 -0.15646046],[ 0.09709245 -0.13484811],[ 0.0533599 -0.0058948]
1142,1.141999999999985,[ 0.24885768 -0.05937828],[ 0.33452217 -0.15659531],[ 0.09666125 -0.13453242],[ 0.05312519 -0.00590369]
1143,1.142999999999985,[ 0.2491923  -0.05953501],[ 0.33461883 -0.15672984],[ 0.09623015 -0.13421782],[ 0.05289054 -0.0059126 ]
1144,1.1439999999999848,[ 0.24952702 -0.05969187],[ 0.33471506 -0.15686406],[ 0.09579916 -0.13390431],[ 0.05265596 -0.00592152]
1145,1.1449999999999847,[ 0.24986183 -0.05984887],[ 0.33481086 -0.15699796],[ 0.09536826 -0.13359188],[ 0.05242144 -0.00593046]
1146,1.1459999999999846,[ 0.25019673 -0.060006  ],[ 0.33490623 -0.15713156],[ 0.09493748 -0.13328052],[ 0.05218699 -0.0059394 ]
1147,1.1469999999999845,[ 0.25053173 -0.06016326],[ 0.33500116 -0.15726484],[ 0.0945068  -0.13297022],[ 0.05195261 -0.00594837]
1148,1.1479999999999844,[ 0.25086683 -0.06032066],[ 0.33509567 -0.15739781],[ 0.09407623 -0.13266098],[ 0.05171829 -0.00595734]
1149,1.1489999999999843,[ 0.25120202 -0.06047819],[ 0.33518975 -0.15753047],[ 0.09364576 -0.13235279],[ 0.05148403 -0.00596633]
1150,1.1499999999999841,[ 0.2515373  -0.06063585],[ 0.33528339 -0.15766282],[ 0.0932154  -0.13204564],[ 0.05124985 -0.00597533]
1151,1.150999999999984,[ 0.25187268 -0.06079365],[ 0.33537661 -0.15779487],[ 0.09278514 -0.13173953],[ 0.05101573 -0.00598434]
1152,1.151999999999984,[ 0.25220815 -0.06095158],[ 0.33546939 -0.15792661],[ 0.09235499 -0.13143444],[ 0.05078167 -0.00599337]
1153,1.1529999999999838,[ 0.25254371 -0.06110963],[ 0.33556175 -0.15805804],[ 0.09192496 -0.13113037],[ 0.05054768 -0.00600241]
1154,1.1539999999999837,[ 0.25287936 -0.06126782],[ 0.33565367 -0.15818917],[ 0.09149502 -0.13082732],[ 0.05031376 -0.00601146]
1155,1.1549999999999836,[ 0.25321511 -0.06142614],[ 0.33574517 -0.15832   ],[ 0.0910652  -0.13052527],[ 0.0500799  -0.00602053]
1156,1.1559999999999835,[ 0.25355095 -0.06158459],[ 0.33583623 -0.15845052],[ 0.09063549 -0.13022421],[ 0.04984612 -0.00602961]
1157,1.1569999999999834,[ 0.25388687 -0.06174317],[ 0.33592687 -0.15858075],[ 0.09020588 -0.12992415],[ 0.04961239 -0.0060387 ]
1158,1.1579999999999833,[ 0.25422289 -0.06190189],[ 0.33601707 -0.15871067],[ 0.08977639 -0.12962506],[ 0.04937874 -0.0060478 ]
1159,1.1589999999999832,[ 0.254559   -0.06206073],[ 0.33610685 -0.1588403 ],[ 0.089347   -0.12932696],[ 0.04914515 -0.00605692]
1160,1.159999999999983,[ 0.25489519 -0.0622197 ],[ 0.3361962  -0.15896962],[ 0.08891773 -0.12902982],[ 0.04891163 -0.00606605]
1161,1.160999999999983,[ 0.25523148 -0.06237879],[ 0.33628511 -0.15909865],[ 0.08848856 -0.12873365],[ 0.04867818 -0.00607519]
1162,1.1619999999999828,[ 0.25556785 -0.06253802],[ 0.3363736  -0.15922739],[ 0.08805951 -0.12843843],[ 0.0484448  -0.00608435]
1163,1.1629999999999827,[ 0.25590431 -0.06269738],[ 0.33646166 -0.15935583],[ 0.08763057 -0.12814415],[ 0.04821148 -0.00609351]
1164,1.1639999999999826,[ 0.25624086 -0.06285686],[ 0.33654929 -0.15948397],[ 0.08720174 -0.12785082],[ 0.04797823 -0.0061027 ]
1165,1.1649999999999825,[ 0.2565775  -0.06301647],[ 0.3366365  -0.15961182],[ 0.08677302 -0.12755842],[ 0.04774505 -0.00611189]
1166,1.1659999999999824,[ 0.25691422 -0.06317621],[ 0.33672327 -0.15973938],[ 0.08634441 -0.12726695],[ 0.04751194 -0.0061211 ]
1167,1.1669999999999823,[ 0.25725103 -0.06333608],[ 0.33680961 -0.15986665],[ 0.08591592 -0.1269764 ],[ 0.04727889 -0.00613031]
1168,1.1679999999999822,[ 0.25758793 -0.06349607],[ 0.33689553 -0.15999362],[ 0.08548754 -0.12668677],[ 0.04704592 -0.00613954]
1169,1.168999999999982,[ 0.25792491 -0.06365619],[ 0.33698102 -0.16012031],[ 0.08505927 -0.12639804],[ 0.04681301 -0.00614879]
1170,1.169999999999982,[ 0.25826197 -0.06381644],[ 0.33706608 -0.16024671],[ 0.08463112 -0.12611021],[ 0.04658017 -0.00615804]
1171,1.1709999999999818,[ 0.25859913 -0.06397681],[ 0.33715071 -0.16037282],[ 0.08420308 -0.12582328],[ 0.0463474  -0.00616731]
1172,1.1719999999999817,[ 0.25893636 -0.06413731],[ 0.33723491 -0.16049864],[ 0.08377516 -0.12553724],[ 0.0461147  -0.00617659]
1173,1.1729999999999816,[ 0.25927368 -0.06429794],[ 0.33731868 -0.16062418],[ 0.08334735 -0.12525207],[ 0.04588207 -0.00618589]
1174,1.1739999999999815,[ 0.25961108 -0.06445868],[ 0.33740203 -0.16074943],[ 0.08291966 -0.12496778],[ 0.04564951 -0.00619519]
1175,1.1749999999999814,[ 0.25994857 -0.06461956],[ 0.33748495 -0.1608744 ],[ 0.08249208 -0.12468436],[ 0.04541702 -0.00620451]
1176,1.1759999999999813,[ 0.26028613 -0.06478056],[ 0.33756744 -0.16099908],[ 0.08206462 -0.12440181],[ 0.0451846  -0.00621384]
1177,1.1769999999999812,[ 0.26062378 -0.06494168],[ 0.33764951 -0.16112348],[ 0.08163727 -0.1241201 ],[ 0.04495224 -0.00622319]
1178,1.177999999999981,[ 0.26096151 -0.06510293],[ 0.33773115 -0.1612476 ],[ 0.08121005 -0.12383925],[ 0.04471996 -0.00623254]
1179,1.178999999999981,[ 0.26129933 -0.0652643 ],[ 0.33781236 -0.16137144],[ 0.08078293 -0.12355924],[ 0.04448775 -0.00624191]
1180,1.1799999999999808,[ 0.26163722 -0.0654258 ],[ 0.33789314 -0.161495  ],[ 0.08035594 -0.12328007],[ 0.04425561 -0.00625129]
1181,1.1809999999999807,[ 0.26197519 -0.06558741],[ 0.33797349 -0.16161828],[ 0.07992906 -0.12300173],[ 0.04402353 -0.00626068]
1182,1.1819999999999806,[ 0.26231325 -0.06574916],[ 0.33805342 -0.16174128],[ 0.07950231 -0.12272421],[ 0.04379153 -0.00627008]
1183,1.1829999999999805,[ 0.26265138 -0.06591102],[ 0.33813293 -0.16186401],[ 0.07907567 -0.12244752],[ 0.0435596 -0.0062795]
1184,1.1839999999999804,[ 0.26298959 -0.06607301],[ 0.338212   -0.16198646],[ 0.07864915 -0.12217163],[ 0.04332774 -0.00628893]
1185,1.1849999999999803,[ 0.26332788 -0.06623511],[ 0.33829065 -0.16210863],[ 0.07822274 -0.12189656],[ 0.04309595 -0.00629837]
1186,1.1859999999999802,[ 0.26366625 -0.06639734],[ 0.33836887 -0.16223052],[ 0.07779646 -0.12162228],[ 0.04286423 -0.00630782]
1187,1.18699999999998,[ 0.2640047 -0.0665597],[ 0.33844667 -0.16235215],[ 0.0773703 -0.1213488],[ 0.04263258 -0.00631728]
1188,1.18799999999998,[ 0.26434322 -0.06672217],[ 0.33852404 -0.1624735 ],[ 0.07694426 -0.12107611],[ 0.042401   -0.00632676]
1189,1.1889999999999799,[ 0.26468182 -0.06688477],[ 0.33860098 -0.16259457],[ 0.07651834 -0.1208042 ],[ 0.0421695  -0.00633625]
1190,1.1899999999999797,[ 0.2650205  -0.06704748],[ 0.3386775  -0.16271538],[ 0.07609254 -0.12053307],[ 0.04193806 -0.00634575]
1191,1.1909999999999796,[ 0.26535925 -0.06721032],[ 0.3387536  -0.16283591],[ 0.07566686 -0.12026271],[ 0.0417067  -0.00635526]
1192,1.1919999999999795,[ 0.26569808 -0.06737327],[ 0.33882926 -0.16295617],[ 0.0752413  -0.11999312],[ 0.04147541 -0.00636478]
1193,1.1929999999999794,[ 0.26603699 -0.06753635],[ 0.3389045  -0.16307616],[ 0.07481586 -0.11972429],[ 0.04124419 -0.00637432]
1194,1.1939999999999793,[ 0.26637597 -0.06769954],[ 0.33897932 -0.16319589],[ 0.07439055 -0.11945622],[ 0.04101304 -0.00638387]
1195,1.1949999999999792,[ 0.26671502 -0.06786286],[ 0.33905371 -0.16331535],[ 0.07396536 -0.11918889],[ 0.04078197 -0.00639342]
1196,1.195999999999979,[ 0.26705415 -0.06802629],[ 0.33912768 -0.16343453],[ 0.07354029 -0.11892231],[ 0.04055097 -0.006403  ]
1197,1.196999999999979,[ 0.26739335 -0.06818985],[ 0.33920122 -0.16355346],[ 0.07311534 -0.11865647],[ 0.04032004 -0.00641258]
1198,1.1979999999999789,[ 0.26773262 -0.06835352],[ 0.33927433 -0.16367211],[ 0.07269052 -0.11839136],[ 0.04008918 -0.00642217]
1199,1.1989999999999787,[ 0.26807197 -0.06851731],[ 0.33934702 -0.1637905 ],[ 0.07226582 -0.11812698],[ 0.0398584  -0.00643178]
1200,1.1999999999999786,[ 0.26841139 -0.06868122],[ 0.33941929 -0.16390863],[ 0.07184125 -0.11786332],[ 0.03962768 -0.0064414 ]
1201,1.2009999999999785,[ 0.26875088 -0.06884525],[ 0.33949113 -0.16402649],[ 0.0714168  -0.11760037],[ 0.03939704 -0.00645103]
1202,1.2019999999999784,[ 0.26909044 -0.06900939],[ 0.33956255 -0.16414409],[ 0.07099247 -0.11733814],[ 0.03916648 -0.00646067]
1203,1.2029999999999783,[ 0.26943008 -0.06917365],[ 0.33963354 -0.16426143],[ 0.07056828 -0.11707662],[ 0.03893599 -0.00647032]
1204,1.2039999999999782,[ 0.26976978 -0.06933803],[ 0.33970411 -0.16437851],[ 0.0701442  -0.11681579],[ 0.03870557 -0.00647998]
1205,1.204999999999978,[ 0.27010956 -0.06950253],[ 0.33977425 -0.16449533],[ 0.06972025 -0.11655567],[ 0.03847522 -0.00648966]
1206,1.205999999999978,[ 0.2704494  -0.06966714],[ 0.33984397 -0.16461188],[ 0.06929643 -0.11629623],[ 0.03824495 -0.00649934]
1207,1.2069999999999779,[ 0.27078931 -0.06983187],[ 0.33991327 -0.16472818],[ 0.06887274 -0.11603748],[ 0.03801475 -0.00650904]
1208,1.2079999999999778,[ 0.2711293  -0.06999671],[ 0.33998214 -0.16484421],[ 0.06844917 -0.11577941],[ 0.03778463 -0.00651875]
1209,1.2089999999999776,[ 0.27146935 -0.07016167],[ 0.34005059 -0.16495999],[ 0.06802573 -0.11552201],[ 0.03755458 -0.00652847]
1210,1.2099999999999775,[ 0.27180946 -0.07032674],[ 0.34011861 -0.16507552],[ 0.06760242 -0.11526529],[ 0.0373246  -0.00653821]
1211,1.2109999999999774,[ 0.27214965 -0.07049194],[ 0.34018622 -0.16519078],[ 0.06717923 -0.11500923],[ 0.0370947  -0.00654795]
1212,1.2119999999999773,[ 0.2724899  -0.07065724],[ 0.3402534  -0.16530579],[ 0.06675617 -0.11475383],[ 0.03686487 -0.00655771]
1213,1.2129999999999772,[ 0.27283022 -0.07082266],[ 0.34032015 -0.16542054],[ 0.06633324 -0.11449908],[ 0.03663512 -0.00656747]
1214,1.213999999999977,[ 0.27317061 -0.0709882 ],[ 0.34038649 -0.16553504],[ 0.06591044 -0.11424499],[ 0.03640544 -0.00657725]
1215,1.214999999999977,[ 0.27351106 -0.07115385],[ 0.3404524  -0.16564929],[ 0.06548777 -0.11399154],[ 0.03617583 -0.00658704]
1216,1.2159999999999769,[ 0.27385158 -0.07131961],[ 0.34051788 -0.16576328],[ 0.06506523 -0.11373874],[ 0.03594631 -0.00659684]
1217,1.2169999999999768,[ 0.27419216 -0.07148549],[ 0.34058295 -0.16587702],[ 0.06464282 -0.11348657],[ 0.03571685 -0.00660665]
1218,1.2179999999999767,[ 0.27453281 -0.07165148],[ 0.34064759 -0.16599051],[ 0.06422054 -0.11323503],[ 0.03548747 -0.00661648]
1219,1.2189999999999765,[ 0.27487352 -0.07181758],[ 0.34071181 -0.16610374],[ 0.06379838 -0.11298412],[ 0.03525817 -0.00662631]
1220,1.2199999999999764,[ 0.2752143 -0.0719838],[ 0.34077561 -0.16621672],[ 0.06337636 -0.11273383],[ 0.03502894 -0.00663615]
1221,1.2209999999999763,[ 0.27555514 -0.07215013],[ 0.34083899 -0.16632946],[ 0.06295447 -0.11248416],[ 0.03479979 -0.00664601]
1222,1.2219999999999762,[ 0.27589604 -0.07231657],[ 0.34090194 -0.16644194],[ 0.06253271 -0.1122351 ],[ 0.03457071 -0.00665588]
1223,1.222999999999976,[ 0.276237   -0.07248312],[ 0.34096447 -0.16655418],[ 0.06211109 -0.11198664],[ 0.03434171 -0.00666576]
1224,1.223999999999976,[ 0.27657803 -0.07264979],[ 0.34102659 -0.16666616],[ 0.06168959 -0.11173879],[ 0.03411279 -0.00667565]
1225,1.2249999999999759,[ 0.27691912 -0.07281657],[ 0.34108828 -0.1667779 ],[ 0.06126823 -0.11149155],[ 0.03388394 -0.00668555]
1226,1.2259999999999758,[ 0.27726027 -0.07298346],[ 0.34114954 -0.16688939],[ 0.060847   -0.11124489],[ 0.03365517 -0.00669546]
1227,1.2269999999999757,[ 0.27760148 -0.07315046],[ 0.34121039 -0.16700064],[ 0.0604259  -0.11099883],[ 0.03342647 -0.00670538]
1228,1.2279999999999756,[ 0.27794275 -0.07331757],[ 0.34127082 -0.16711164],[ 0.06000494 -0.11075335],[ 0.03319786 -0.00671531]
1229,1.2289999999999754,[ 0.27828408 -0.07348479],[ 0.34133082 -0.16722239],[ 0.05958411 -0.11050845],[ 0.03296931 -0.00672526]
1230,1.2299999999999753,[ 0.27862547 -0.07365212],[ 0.34139041 -0.1673329 ],[ 0.05916341 -0.11026412],[ 0.03274085 -0.00673521]
1231,1.2309999999999752,[ 0.27896692 -0.07381957],[ 0.34144957 -0.16744316],[ 0.05874285 -0.11002038],[ 0.03251246 -0.00674518]
1232,1.2319999999999751,[ 0.27930843 -0.07398712],[ 0.34150831 -0.16755318],[ 0.05832242 -0.10977719],[ 0.03228415 -0.00675516]
1233,1.232999999999975,[ 0.27965    -0.07415478],[ 0.34156663 -0.16766296],[ 0.05790213 -0.10953458],[ 0.03205591 -0.00676515]
1234,1.233999999999975,[ 0.27999162 -0.07432256],[ 0.34162454 -0.1677725 ],[ 0.05748197 -0.10929252],[ 0.03182776 -0.00677514]
1235,1.2349999999999748,[ 0.2803333  -0.07449044],[ 0.34168202 -0.16788179],[ 0.05706195 -0.10905101],[ 0.03159968 -0.00678515]
1236,1.2359999999999747,[ 0.28067504 -0.07465843],[ 0.34173908 -0.16799084],[ 0.05664206 -0.10881006],[ 0.03137167 -0.00679517]
1237,1.2369999999999746,[ 0.28101684 -0.07482653],[ 0.34179572 -0.16809965],[ 0.05622231 -0.10856965],[ 0.03114375 -0.00680521]
1238,1.2379999999999745,[ 0.28135869 -0.07499474],[ 0.34185194 -0.16820822],[ 0.05580269 -0.10832979],[ 0.0309159  -0.00681525]
1239,1.2389999999999743,[ 0.2817006  -0.07516305],[ 0.34190775 -0.16831655],[ 0.05538322 -0.10809047],[ 0.03068813 -0.0068253 ]
1240,1.2399999999999742,[ 0.28204256 -0.07533148],[ 0.34196313 -0.16842464],[ 0.05496387 -0.10785168],[ 0.03046044 -0.00683536]
1241,1.2409999999999741,[ 0.28238458 -0.07550001],[ 0.34201809 -0.16853249],[ 0.05454467 -0.10761342],[ 0.03023283 -0.00684544]
1242,1.241999999999974,[ 0.28272665 -0.07566865],[ 0.34207264 -0.16864011],[ 0.0541256  -0.10737568],[ 0.0300053  -0.00685552]
1243,1.242999999999974,[ 0.28306878 -0.0758374 ],[ 0.34212676 -0.16874748],[ 0.05370668 -0.10713847],[ 0.02977784 -0.00686562]
1244,1.2439999999999738,[ 0.28341096 -0.07600625],[ 0.34218047 -0.16885462],[ 0.05328789 -0.10690178],[ 0.02955046 -0.00687572]
1245,1.2449999999999737,[ 0.28375319 -0.07617521],[ 0.34223376 -0.16896152],[ 0.05286923 -0.1066656 ],[ 0.02932317 -0.00688584]
1246,1.2459999999999736,[ 0.28409548 -0.07634428],[ 0.34228663 -0.16906819],[ 0.05245072 -0.10642993],[ 0.02909595 -0.00689596]
1247,1.2469999999999735,[ 0.28443782 -0.07651346],[ 0.34233908 -0.16917462],[ 0.05203235 -0.10619477],[ 0.02886881 -0.0069061 ]
1248,1.2479999999999734,[ 0.28478021 -0.07668274],[ 0.34239111 -0.16928081],[ 0.05161411 -0.10596011],[ 0.02864175 -0.00691625]
1249,1.2489999999999732,[ 0.28512265 -0.07685212],[ 0.34244273 -0.16938677],[ 0.05119601 -0.10572595],[ 0.02841476 -0.00692641]
1250,1.2499999999999731,[ 0.28546515 -0.07702162],[ 0.34249392 -0.1694925 ],[ 0.05077806 -0.10549228],[ 0.02818786 -0.00693657]
1251,1.250999999999973,[ 0.28580769 -0.07719121],[ 0.3425447  -0.16959799],[ 0.05036024 -0.10525911],[ 0.02796104 -0.00694675]
1252,1.251999999999973,[ 0.28615028 -0.07736092],[ 0.34259506 -0.16970325],[ 0.04994257 -0.10502642],[ 0.02773429 -0.00695694]
1253,1.2529999999999728,[ 0.28649293 -0.07753073],[ 0.342645   -0.16980828],[ 0.04952504 -0.10479421],[ 0.02750763 -0.00696714]
1254,1.2539999999999727,[ 0.28683562 -0.07770064],[ 0.34269453 -0.16991307],[ 0.04910764 -0.10456249],[ 0.02728105 -0.00697735]
1255,1.2549999999999726,[ 0.28717837 -0.07787066],[ 0.34274364 -0.17001763],[ 0.04869039 -0.10433124],[ 0.02705454 -0.00698757]
1256,1.2559999999999725,[ 0.28752116 -0.07804078],[ 0.34279233 -0.17012196],[ 0.04827328 -0.10410046],[ 0.02682812 -0.0069978 ]
1257,1.2569999999999724,[ 0.287864   -0.07821101],[ 0.3428406  -0.17022606],[ 0.04785631 -0.10387016],[ 0.02660178 -0.00700804]
1258,1.2579999999999723,[ 0.28820689 -0.07838133],[ 0.34288846 -0.17032993],[ 0.04743949 -0.10364031],[ 0.02637551 -0.0070183 ]
1259,1.2589999999999721,[ 0.28854983 -0.07855177],[ 0.34293589 -0.17043357],[ 0.04702281 -0.10341093],[ 0.02614933 -0.00702856]
1260,1.259999999999972,[ 0.28889281 -0.07872231],[ 0.34298292 -0.17053698],[ 0.04660627 -0.10318201],[ 0.02592323 -0.00703883]
1261,1.260999999999972,[ 0.28923584 -0.07889295],[ 0.34302952 -0.17064017],[ 0.04618987 -0.10295354],[ 0.02569721 -0.00704911]
1262,1.2619999999999718,[ 0.28957891 -0.07906369],[ 0.34307571 -0.17074312],[ 0.04577362 -0.10272553],[ 0.02547127 -0.0070594 ]
1263,1.2629999999999717,[ 0.28992203 -0.07923453],[ 0.34312149 -0.17084585],[ 0.04535751 -0.10249796],[ 0.02524541 -0.00706971]
1264,1.2639999999999716,[ 0.2902652  -0.07940548],[ 0.34316684 -0.17094834],[ 0.04494154 -0.10227083],[ 0.02501963 -0.00708002]
1265,1.2649999999999715,[ 0.29060841 -0.07957653],[ 0.34321179 -0.17105061],[ 0.04452572 -0.10204414],[ 0.02479393 -0.00709034]
1266,1.2659999999999714,[ 0.29095167 -0.07974769],[ 0.34325631 -0.17115266],[ 0.04411004 -0.10181789],[ 0.02456832 -0.00710067]
1267,1.2669999999999713,[ 0.29129497 -0.07991894],[ 0.34330042 -0.17125448],[ 0.04369451 -0.10159208],[ 0.02434278 -0.00711102]
1268,1.2679999999999712,[ 0.29163831 -0.0800903 ],[ 0.34334412 -0.17135607],[ 0.04327913 -0.10136669],[ 0.02411733 -0.00712137]
1269,1.268999999999971,[ 0.2919817  -0.08026175],[ 0.3433874  -0.17145744],[ 0.04286389 -0.10114174],[ 0.02389196 -0.00713173]
1270,1.269999999999971,[ 0.29232513 -0.08043331],[ 0.34343026 -0.17155858],[ 0.04244879 -0.1009172 ],[ 0.02366667 -0.0071421 ]
1271,1.2709999999999708,[ 0.2926686  -0.08060497],[ 0.34347271 -0.17165949],[ 0.04203384 -0.10069309],[ 0.02344147 -0.00715249]
1272,1.2719999999999707,[ 0.29301212 -0.08077673],[ 0.34351474 -0.17176019],[ 0.04161904 -0.10046939],[ 0.02321634 -0.00716288]
1273,1.2729999999999706,[ 0.29335568 -0.08094859],[ 0.34355636 -0.17186066],[ 0.04120438 -0.10024611],[ 0.0229913  -0.00717328]
1274,1.2739999999999705,[ 0.29369927 -0.08112055],[ 0.34359757 -0.1719609 ],[ 0.04078987 -0.10002323],[ 0.02276634 -0.00718369]
1275,1.2749999999999704,[ 0.29404291 -0.08129262],[ 0.34363836 -0.17206093],[ 0.04037551 -0.09980077],[ 0.02254147 -0.00719412]
1276,1.2759999999999703,[ 0.29438659 -0.08146478],[ 0.34367873 -0.17216073],[ 0.0399613 -0.0995787],[ 0.02231667 -0.00720455]
1277,1.2769999999999702,[ 0.29473031 -0.08163704],[ 0.34371869 -0.17226031],[ 0.03954723 -0.09935704],[ 0.02209196 -0.00721499]
1278,1.27799999999997,[ 0.29507407 -0.0818094 ],[ 0.34375824 -0.17235966],[ 0.03913331 -0.09913578],[ 0.02186733 -0.00722544]
1279,1.27899999999997,[ 0.29541786 -0.08198185],[ 0.34379737 -0.1724588 ],[ 0.03871954 -0.09891491],[ 0.02164279 -0.00723591]
1280,1.2799999999999698,[ 0.2957617  -0.08215441],[ 0.34383609 -0.17255771],[ 0.03830592 -0.09869443],[ 0.02141832 -0.00724638]
1281,1.2809999999999697,[ 0.29610558 -0.08232707],[ 0.3438744  -0.17265641],[ 0.03789245 -0.09847434],[ 0.02119395 -0.00725686]
1282,1.2819999999999696,[ 0.29644949 -0.08249982],[ 0.34391229 -0.17275488],[ 0.03747912 -0.09825463],[ 0.02096965 -0.00726735]
1283,1.2829999999999695,[ 0.29679344 -0.08267268],[ 0.34394977 -0.17285314],[ 0.03706595 -0.09803531],[ 0.02074544 -0.00727785]
1284,1.2839999999999694,[ 0.29713742 -0.08284563],[ 0.34398684 -0.17295117],[ 0.03665292 -0.09781637],[ 0.02052131 -0.00728836]
1285,1.2849999999999693,[ 0.29748145 -0.08301868],[ 0.34402349 -0.17304899],[ 0.03624005 -0.0975978 ],[ 0.02029727 -0.00729888]
1286,1.2859999999999692,[ 0.29782551 -0.08319182],[ 0.34405973 -0.17314659],[ 0.03582733 -0.0973796 ],[ 0.02007331 -0.00730941]
1287,1.286999999999969,[ 0.2981696  -0.08336507],[ 0.34409556 -0.17324397],[ 0.03541475 -0.09716178],[ 0.01984943 -0.00731995]
1288,1.287999999999969,[ 0.29851373 -0.08353841],[ 0.34413097 -0.17334113],[ 0.03500233 -0.09694432],[ 0.01962564 -0.0073305 ]
1289,1.2889999999999688,[ 0.2988579  -0.08371185],[ 0.34416597 -0.17343807],[ 0.03459006 -0.09672723],[ 0.01940193 -0.00734106]
1290,1.2899999999999687,[ 0.2992021  -0.08388538],[ 0.34420056 -0.1735348 ],[ 0.03417794 -0.09651049],[ 0.01917831 -0.00735163]
1291,1.2909999999999686,[ 0.29954634 -0.08405901],[ 0.34423474 -0.17363131],[ 0.03376597 -0.09629412],[ 0.01895477 -0.00736221]
1292,1.2919999999999685,[ 0.2998906  -0.08423274],[ 0.34426851 -0.1737276 ],[ 0.03335415 -0.0960781 ],[ 0.01873131 -0.0073728 ]
1293,1.2929999999999684,[ 0.30023491 -0.08440656],[ 0.34430186 -0.17382368],[ 0.03294249 -0.09586244],[ 0.01850794 -0.00738339]
1294,1.2939999999999683,[ 0.30057924 -0.08458048],[ 0.3443348  -0.17391954],[ 0.03253098 -0.09564712],[ 0.01828466 -0.007394  ]
1295,1.2949999999999682,[ 0.30092361 -0.0847545 ],[ 0.34436733 -0.17401519],[ 0.03211962 -0.09543215],[ 0.01806146 -0.00740462]
1296,1.295999999999968,[ 0.30126801 -0.08492861],[ 0.34439945 -0.17411062],[ 0.03170841 -0.09521753],[ 0.01783835 -0.00741524]
1297,1.296999999999968,[ 0.30161244 -0.08510282],[ 0.34443116 -0.17420584],[ 0.03129736 -0.09500325],[ 0.01761532 -0.00742588]
1298,1.2979999999999678,[ 0.3019569  -0.08527712],[ 0.34446246 -0.17430084],[ 0.03088646 -0.0947893 ],[ 0.01739237 -0.00743652]
1299,1.2989999999999677,[ 0.30230139 -0.08545151],[ 0.34449335 -0.17439563],[ 0.03047571 -0.09457569],[ 0.01716952 -0.00744718]
1300,1.2999999999999676,[ 0.30264592 -0.085626  ],[ 0.34452382 -0.17449021],[ 0.03006512 -0.09436242],[ 0.01694674 -0.00745784]
1301,1.3009999999999675,[ 0.30299047 -0.08580059],[ 0.34455389 -0.17458457],[ 0.02965469 -0.09414947],[ 0.01672406 -0.00746851]
1302,1.3019999999999674,[ 0.30333506 -0.08597527],[ 0.34458354 -0.17467872],[ 0.0292444  -0.09393686],[ 0.01650146 -0.0074792 ]
1303,1.3029999999999673,[ 0.30367967 -0.08615004],[ 0.34461279 -0.17477266],[ 0.02883428 -0.09372457],[ 0.01627894 -0.00748989]
1304,1.3039999999999672,[ 0.30402431 -0.0863249 ],[ 0.34464162 -0.17486638],[ 0.02842431 -0.0935126 ],[ 0.01605651 -0.00750059]
1305,1.304999999999967,[ 0.30436898 -0.08649986],[ 0.34467004 -0.1749599 ],[ 0.02801449 -0.09330095],[ 0.01583417 -0.0075113 ]
1306,1.305999999999967,[ 0.30471368 -0.08667492],[ 0.34469806 -0.1750532 ],[ 0.02760483 -0.09308962],[ 0.01561192 -0.00752202]
1307,1.3069999999999669,[ 0.3050584  -0.08685006],[ 0.34472566 -0.17514629],[ 0.02719532 -0.0928786 ],[ 0.01538975 -0.00753275]
1308,1.3079999999999667,[ 0.30540316 -0.0870253 ],[ 0.34475286 -0.17523916],[ 0.02678598 -0.09266789],[ 0.01516766 -0.00754349]
1309,1.3089999999999666,[ 0.30574794 -0.08720063],[ 0.34477965 -0.17533183],[ 0.02637678 -0.0924575 ],[ 0.01494567 -0.00755424]
1310,1.3099999999999665,[ 0.30609274 -0.08737606],[ 0.34480602 -0.17542429],[ 0.02596775 -0.09224741],[ 0.01472376 -0.00756499]
1311,1.3109999999999664,[ 0.30643757 -0.08755158],[ 0.34483199 -0.17551654],[ 0.02555887 -0.09203763],[ 0.01450194 -0.00757576]
1312,1.3119999999999663,[ 0.30678243 -0.08772718],[ 0.34485755 -0.17560858],[ 0.02515015 -0.09182815],[ 0.0142802  -0.00758653]
1313,1.3129999999999662,[ 0.30712731 -0.08790288],[ 0.3448827 -0.1757004],[ 0.02474159 -0.09161897],[ 0.01405856 -0.00759732]
1314,1.313999999999966,[ 0.30747222 -0.08807868],[ 0.34490744 -0.17579202],[ 0.02433318 -0.09141008],[ 0.013837   -0.00760811]
1315,1.314999999999966,[ 0.30781715 -0.08825456],[ 0.34493177 -0.17588343],[ 0.02392494 -0.09120149],[ 0.01361552 -0.00761891]
1316,1.3159999999999659,[ 0.30816211 -0.08843053],[ 0.3449557  -0.17597463],[ 0.02351685 -0.09099319],[ 0.01339414 -0.00762973]
1317,1.3169999999999658,[ 0.30850709 -0.0886066 ],[ 0.34497922 -0.17606563],[ 0.02310892 -0.09078519],[ 0.01317284 -0.00764055]
1318,1.3179999999999656,[ 0.30885209 -0.08878276],[ 0.34500232 -0.17615641],[ 0.02270115 -0.09057747],[ 0.01295163 -0.00765138]
1319,1.3189999999999655,[ 0.30919712 -0.088959  ],[ 0.34502503 -0.17624699],[ 0.02229354 -0.09037003],[ 0.01273051 -0.00766221]
1320,1.3199999999999654,[ 0.30954216 -0.08913534],[ 0.34504732 -0.17633736],[ 0.02188608 -0.09016288],[ 0.01250948 -0.00767306]
1321,1.3209999999999653,[ 0.30988723 -0.08931177],[ 0.34506921 -0.17642752],[ 0.02147879 -0.08995601],[ 0.01228853 -0.00768392]
1322,1.3219999999999652,[ 0.31023232 -0.08948829],[ 0.34509068 -0.17651748],[ 0.02107166 -0.08974941],[ 0.01206768 -0.00769479]
1323,1.322999999999965,[ 0.31057743 -0.08966489],[ 0.34511176 -0.17660723],[ 0.02066469 -0.08954309],[ 0.01184691 -0.00770566]
1324,1.323999999999965,[ 0.31092257 -0.08984159],[ 0.34513242 -0.17669677],[ 0.02025787 -0.08933705],[ 0.01162623 -0.00771654]
1325,1.3249999999999649,[ 0.31126772 -0.09001838],[ 0.34515268 -0.17678611],[ 0.01985122 -0.08913127],[ 0.01140564 -0.00772744]
1326,1.3259999999999648,[ 0.31161289 -0.09019525],[ 0.34517253 -0.17687524],[ 0.01944473 -0.08892577],[ 0.01118514 -0.00773834]
1327,1.3269999999999647,[ 0.31195808 -0.09037222],[ 0.34519197 -0.17696417],[ 0.01903841 -0.08872053],[ 0.01096473 -0.00774925]
1328,1.3279999999999645,[ 0.3123033  -0.09054927],[ 0.34521101 -0.17705289],[ 0.01863224 -0.08851556],[ 0.0107444  -0.00776017]
1329,1.3289999999999644,[ 0.31264853 -0.09072641],[ 0.34522965 -0.1771414 ],[ 0.01822623 -0.08831084],[ 0.01052417 -0.0077711 ]
1330,1.3299999999999643,[ 0.31299377 -0.09090364],[ 0.34524787 -0.17722971],[ 0.01782039 -0.08810639],[ 0.01030402 -0.00778203]
1331,1.3309999999999642,[ 0.31333904 -0.09108096],[ 0.34526569 -0.17731782],[ 0.01741471 -0.0879022 ],[ 0.01008397 -0.00779298]
1332,1.331999999999964,[ 0.31368432 -0.09125836],[ 0.34528311 -0.17740572],[ 0.01700919 -0.08769826],[ 0.009864   -0.00780394]
1333,1.332999999999964,[ 0.31402962 -0.09143586],[ 0.34530012 -0.17749342],[ 0.01660384 -0.08749457],[ 0.00964412 -0.0078149 ]
1334,1.3339999999999639,[ 0.31437494 -0.09161344],[ 0.34531672 -0.17758091],[ 0.01619864 -0.08729114],[ 0.00942434 -0.00782587]
1335,1.3349999999999638,[ 0.31472027 -0.09179111],[ 0.34533292 -0.1776682 ],[ 0.01579361 -0.08708795],[ 0.00920464 -0.00783685]
1336,1.3359999999999637,[ 0.31506562 -0.09196886],[ 0.34534871 -0.17775529],[ 0.01538875 -0.08688502],[ 0.00898503 -0.00784784]
1337,1.3369999999999636,[ 0.31541098 -0.0921467 ],[ 0.3453641  -0.17784218],[ 0.01498405 -0.08668232],[ 0.00876552 -0.00785884]
1338,1.3379999999999634,[ 0.31575636 -0.09232463],[ 0.34537908 -0.17792886],[ 0.01457951 -0.08647987],[ 0.00854609 -0.00786985]
1339,1.3389999999999633,[ 0.31610176 -0.09250265],[ 0.34539366 -0.17801534],[ 0.01417514 -0.08627766],[ 0.00832675 -0.00788087]
1340,1.3399999999999632,[ 0.31644716 -0.09268075],[ 0.34540784 -0.17810162],[ 0.01377093 -0.08607569],[ 0.00810751 -0.00789189]
1341,1.340999999999963,[ 0.31679259 -0.09285894],[ 0.34542161 -0.17818769],[ 0.01336688 -0.08587396],[ 0.00788835 -0.00790292]
1342,1.341999999999963,[ 0.31713802 -0.09303721],[ 0.34543498 -0.17827357],[ 0.01296301 -0.08567246],[ 0.00766929 -0.00791397]
1343,1.342999999999963,[ 0.31748347 -0.09321557],[ 0.34544794 -0.17835924],[ 0.01255929 -0.08547119],[ 0.00745032 -0.00792502]
1344,1.3439999999999628,[ 0.31782893 -0.09339401],[ 0.3454605  -0.17844471],[ 0.01215574 -0.08527015],[ 0.00723143 -0.00793608]
1345,1.3449999999999627,[ 0.3181744  -0.09357254],[ 0.34547265 -0.17852998],[ 0.01175236 -0.08506934],[ 0.00701264 -0.00794714]
1346,1.3459999999999626,[ 0.31851989 -0.09375116],[ 0.34548441 -0.17861505],[ 0.01134915 -0.08486876],[ 0.00679394 -0.00795822]
1347,1.3469999999999624,[ 0.31886538 -0.09392986],[ 0.34549576 -0.17869992],[ 0.0109461  -0.08466841],[ 0.00657534 -0.00796931]
1348,1.3479999999999623,[ 0.31921089 -0.09410864],[ 0.3455067  -0.17878459],[ 0.01054321 -0.08446827],[ 0.00635682 -0.0079804 ]
1349,1.3489999999999622,[ 0.31955641 -0.09428751],[ 0.34551725 -0.17886906],[ 0.0101405  -0.08426836],[ 0.00613839 -0.0079915 ]
1350,1.3499999999999621,[ 0.31990193 -0.09446647],[ 0.34552739 -0.17895332],[ 0.00973795 -0.08406866],[ 0.00592006 -0.00800261]
1351,1.350999999999962,[ 0.32024747 -0.0946455 ],[ 0.34553712 -0.17903739],[ 0.00933557 -0.08386919],[ 0.00570182 -0.00801373]
1352,1.351999999999962,[ 0.32059302 -0.09482462],[ 0.34554646 -0.17912126],[ 0.00893336 -0.08366993],[ 0.00548367 -0.00802486]
1353,1.3529999999999618,[ 0.32093857 -0.09500383],[ 0.34555539 -0.17920493],[ 0.00853131 -0.08347088],[ 0.00526561 -0.00803599]
1354,1.3539999999999617,[ 0.32128414 -0.09518312],[ 0.34556392 -0.1792884 ],[ 0.00812943 -0.08327204],[ 0.00504764 -0.00804714]
1355,1.3549999999999616,[ 0.32162971 -0.09536249],[ 0.34557205 -0.17937167],[ 0.00772772 -0.08307341],[ 0.00482977 -0.00805829]
1356,1.3559999999999615,[ 0.32197529 -0.09554194],[ 0.34557978 -0.17945475],[ 0.00732618 -0.08287499],[ 0.00461199 -0.00806945]
1357,1.3569999999999613,[ 0.32232088 -0.09572148],[ 0.34558711 -0.17953762],[ 0.00692481 -0.08267677],[ 0.0043943  -0.00808062]
1358,1.3579999999999612,[ 0.32266647 -0.0959011 ],[ 0.34559403 -0.1796203 ],[ 0.00652361 -0.08247876],[ 0.00417671 -0.0080918 ]
1359,1.3589999999999611,[ 0.32301207 -0.0960808 ],[ 0.34560056 -0.17970278],[ 0.00612257 -0.08228096],[ 0.0039592  -0.00810299]
1360,1.359999999999961,[ 0.32335768 -0.09626059],[ 0.34560668 -0.17978506],[ 0.00572171 -0.08208335],[ 0.00374179 -0.00811418]
1361,1.360999999999961,[ 0.32370329 -0.09644046],[ 0.3456124  -0.17986714],[ 0.00532102 -0.08188594],[ 0.00352448 -0.00812538]
1362,1.3619999999999608,[ 0.32404891 -0.09662041],[ 0.34561772 -0.17994903],[ 0.00492049 -0.08168873],[ 0.00330725 -0.0081366 ]
1363,1.3629999999999607,[ 0.32439453 -0.09680044],[ 0.34562264 -0.18003072],[ 0.00452014 -0.08149171],[ 0.00309012 -0.00814781]
1364,1.3639999999999606,[ 0.32474016 -0.09698055],[ 0.34562716 -0.18011221],[ 0.00411995 -0.08129488],[ 0.00287308 -0.00815904]
1365,1.3649999999999605,[ 0.32508579 -0.09716074],[ 0.34563128 -0.1801935 ],[ 0.00371994 -0.08109825],[ 0.00265614 -0.00817028]
1366,1.3659999999999604,[ 0.32543142 -0.09734102],[ 0.345635  -0.1802746],[ 0.0033201  -0.08090181],[ 0.00243929 -0.00818152]
1367,1.3669999999999602,[ 0.32577706 -0.09752137],[ 0.34563832 -0.1803555 ],[ 0.00292043 -0.08070555],[ 0.00222253 -0.00819278]
1368,1.3679999999999601,[ 0.3261227  -0.09770181],[ 0.34564124 -0.18043621],[ 0.00252093 -0.08050949],[ 0.00200587 -0.00820404]
1369,1.36899999999996,[ 0.32646835 -0.09788233],[ 0.34564376 -0.18051672],[ 0.00212161 -0.0803136 ],[ 0.0017893 -0.0082153]
1370,1.36999999999996,[ 0.32681399 -0.09806292],[ 0.34564589 -0.18059703],[ 0.00172245 -0.0801179 ],[ 0.00157283 -0.00822658]
1371,1.3709999999999598,[ 0.32715964 -0.0982436 ],[ 0.34564761 -0.18067715],[ 0.00132347 -0.07992239],[ 0.00135645 -0.00823787]
1372,1.3719999999999597,[ 0.32750529 -0.09842436],[ 0.34564893 -0.18075707],[ 0.00092466 -0.07972705],[ 0.00114016 -0.00824916]
1373,1.3729999999999596,[ 0.32785094 -0.09860519],[ 0.34564986 -0.1808368 ],[ 0.00052602 -0.07953189],[ 0.00092397 -0.00826046]
1374,1.3739999999999595,[ 0.32819659 -0.09878611],[ 0.34565038 -0.18091633],[ 0.00012756 -0.0793369 ],[ 0.00070787 -0.00827177]
1375,1.3749999999999594,[ 0.32854224 -0.09896711],[ 0.34565051 -0.18099567],[-0.00027073 -0.0791421 ],[ 0.00049187 -0.00828309]
1376,1.3759999999999593,[ 0.32888789 -0.09914818],[ 0.34565024 -0.18107481],[-0.00066885 -0.07894746],[ 0.00027596 -0.00829441]
1377,1.3769999999999591,[ 0.32923354 -0.09932933],[ 0.34564957 -0.18115376],[-0.0010668 -0.078753 ],[ 6.01464204e-05 -8.30574687e-03]
1378,1.377999999999959,[ 0.32957919 -0.09951057],[ 0.3456485  -0.18123251],[-0.00146457 -0.07855871],[-0.00015557 -0.00831709]
1379,1.378999999999959,[ 0.32992484 -0.09969188],[ 0.34564704 -0.18131107],[-0.00186216 -0.07836458],[-0.0003712  -0.00832844]
1380,1.3799999999999588,[ 0.33027048 -0.09987327],[ 0.34564518 -0.18138943],[-0.00225958 -0.07817063],[-0.00058672 -0.0083398 ]
1381,1.3809999999999587,[ 0.33061612 -0.10005473],[ 0.34564292 -0.18146761],[-0.00265683 -0.07797683],[-0.00080216 -0.00835116]
1382,1.3819999999999586,[ 0.33096176 -0.10023628],[ 0.34564026 -0.18154558],[-0.0030539  -0.07778321],[-0.00101749 -0.00836253]
1383,1.3829999999999585,[ 0.3313074 -0.1004179],[ 0.34563721 -0.18162337],[-0.0034508  -0.07758974],[-0.00123273 -0.00837392]
1384,1.3839999999999584,[ 0.33165303 -0.1005996 ],[ 0.34563375 -0.18170096],[-0.00384752 -0.07739644],[-0.00144788 -0.00838531]
1385,1.3849999999999583,[ 0.33199866 -0.10078138],[ 0.34562991 -0.18177835],[-0.00424407 -0.0772033 ],[-0.00166293 -0.0083967 ]
1386,1.3859999999999582,[ 0.33234429 -0.10096324],[ 0.34562566 -0.18185556],[-0.00464044 -0.07701031],[-0.00187789 -0.00840811]
1387,1.386999999999958,[ 0.33268991 -0.10114517],[ 0.34562102 -0.18193257],[-0.00503663 -0.07681748],[-0.00209274 -0.00841952]
1388,1.387999999999958,[ 0.33303553 -0.10132718],[ 0.34561599 -0.18200938],[-0.00543265 -0.07662481],[-0.00230751 -0.00843094]
1389,1.3889999999999578,[ 0.33338114 -0.10150927],[ 0.34561055 -0.18208601],[-0.00582849 -0.07643229],[-0.00252217 -0.00844237]
1390,1.3899999999999577,[ 0.33372674 -0.10169143],[ 0.34560473 -0.18216244],[-0.00622416 -0.07623992],[-0.00273674 -0.00845381]
1391,1.3909999999999576,[ 0.33407234 -0.10187367],[ 0.3455985  -0.18223868],[-0.00661964 -0.0760477 ],[-0.00295121 -0.00846525]
1392,1.3919999999999575,[ 0.33441793 -0.10205598],[ 0.34559188 -0.18231473],[-0.00701495 -0.07585563],[-0.00316559 -0.0084767 ]
1393,1.3929999999999574,[ 0.33476352 -0.10223837],[ 0.34558487 -0.18239058],[-0.00741009 -0.07566371],[-0.00337987 -0.00848816]
1394,1.3939999999999573,[ 0.3351091  -0.10242084],[ 0.34557746 -0.18246625],[-0.00780504 -0.07547194],[-0.00359405 -0.00849963]
1395,1.3949999999999572,[ 0.33545466 -0.10260338],[ 0.34556965 -0.18254172],[-0.00819982 -0.07528031],[-0.00380814 -0.00851111]
1396,1.395999999999957,[ 0.33580023 -0.102786  ],[ 0.34556145 -0.182617  ],[-0.00859442 -0.07508883],[-0.00402213 -0.00852259]
1397,1.396999999999957,[ 0.33614578 -0.10296869],[ 0.34555286 -0.18269209],[-0.00898884 -0.07489749],[-0.00423602 -0.00853408]
1398,1.3979999999999568,[ 0.33649132 -0.10315146],[ 0.34554387 -0.18276699],[-0.00938308 -0.07470629],[-0.00444982 -0.00854558]
1399,1.3989999999999567,[ 0.33683686 -0.1033343 ],[ 0.34553449 -0.18284169],[-0.00977715 -0.07451522],[-0.00466351 -0.00855709]
1400,1.3999999999999566,[ 0.33718238 -0.10351722],[ 0.34552471 -0.18291621],[-0.01017103 -0.0743243 ],[-0.00487711 -0.0085686 ]
1401,1.4009999999999565,[ 0.3375279  -0.10370021],[ 0.34551454 -0.18299053],[-0.01056473 -0.07413352],[-0.00509062 -0.00858012]
1402,1.4019999999999564,[ 0.3378734  -0.10388327],[ 0.34550397 -0.18306466],[-0.01095826 -0.07394287],[-0.00530402 -0.00859165]
1403,1.4029999999999563,[ 0.33821889 -0.10406641],[ 0.34549301 -0.18313861],[-0.01135161 -0.07375235],[-0.00551733 -0.00860319]
1404,1.4039999999999562,[ 0.33856438 -0.10424962],[ 0.34548166 -0.18321236],[-0.01174477 -0.07356197],[-0.00573054 -0.00861473]
1405,1.404999999999956,[ 0.33890985 -0.10443291],[ 0.34546992 -0.18328592],[-0.01213776 -0.07337172],[-0.00594365 -0.00862628]
1406,1.405999999999956,[ 0.3392553  -0.10461627],[ 0.34545778 -0.18335929],[-0.01253056 -0.0731816 ],[-0.00615666 -0.00863784]
1407,1.4069999999999558,[ 0.33960075 -0.1047997 ],[ 0.34544525 -0.18343248],[-0.01292319 -0.0729916 ],[-0.00636957 -0.00864941]
1408,1.4079999999999557,[ 0.33994618 -0.1049832 ],[ 0.34543233 -0.18350547],[-0.01331563 -0.07280174],[-0.00658239 -0.00866099]
1409,1.4089999999999556,[ 0.3402916  -0.10516678],[ 0.34541901 -0.18357827],[-0.01370789 -0.072612  ],[-0.00679511 -0.00867257]
1410,1.4099999999999555,[ 0.340637   -0.10535043],[ 0.3454053  -0.18365088],[-0.01409998 -0.07242239],[-0.00700773 -0.00868416]
1411,1.4109999999999554,[ 0.3409824  -0.10553416],[ 0.3453912 -0.1837233],[-0.01449188 -0.0722329 ],[-0.00722025 -0.00869575]
1412,1.4119999999999553,[ 0.34132777 -0.10571795],[ 0.34537671 -0.18379554],[-0.01488359 -0.07204354],[-0.00743267 -0.00870736]
1413,1.4129999999999552,[ 0.34167313 -0.10590182],[ 0.34536183 -0.18386758],[-0.01527513 -0.0718543 ],[-0.00764499 -0.00871897]
1414,1.413999999999955,[ 0.34201848 -0.10608576],[ 0.34534655 -0.18393943],[-0.01566648 -0.07166517],[-0.00785722 -0.00873059]
1415,1.414999999999955,[ 0.34236381 -0.10626977],[ 0.34533089 -0.1840111 ],[-0.01605765 -0.07147617],[-0.00806934 -0.00874222]
1416,1.4159999999999549,[ 0.34270913 -0.10645385],[ 0.34531483 -0.18408258],[-0.01644864 -0.07128729],[-0.00828136 -0.00875385]
1417,1.4169999999999547,[ 0.34305443 -0.10663801],[ 0.34529838 -0.18415386],[-0.01683945 -0.07109852],[-0.00849329 -0.00876549]
1418,1.4179999999999546,[ 0.34339971 -0.10682223],[ 0.34528154 -0.18422496],[-0.01723007 -0.07090987],[-0.00870512 -0.00877714]
1419,1.4189999999999545,[ 0.34374497 -0.10700653],[ 0.34526431 -0.18429587],[-0.01762051 -0.07072133],[-0.00891684 -0.0087888 ]
1420,1.4199999999999544,[ 0.34409022 -0.10719089],[ 0.34524669 -0.18436659],[-0.01801077 -0.0705329 ],[-0.00912847 -0.00880046]
1421,1.4209999999999543,[ 0.34443545 -0.10737533],[ 0.34522868 -0.18443713],[-0.01840084 -0.07034459],[-0.00934    -0.00881213]
1422,1.4219999999999542,[ 0.34478066 -0.10755984],[ 0.34521028 -0.18450747],[-0.01879072 -0.07015639],[-0.00955142 -0.00882381]
1423,1.422999999999954,[ 0.34512585 -0.10774442],[ 0.34519149 -0.18457763],[-0.01918043 -0.0699683 ],[-0.00976275 -0.0088355 ]
1424,1.423999999999954,[ 0.34547102 -0.10792906],[ 0.34517231 -0.18464759],[-0.01956995 -0.06978032],[-0.00997398 -0.00884719]
1425,1.4249999999999539,[ 0.34581617 -0.10811378],[ 0.34515274 -0.18471737],[-0.01995928 -0.06959244],[-0.01018511 -0.00885889]
1426,1.4259999999999537,[ 0.34616131 -0.10829857],[ 0.34513278 -0.18478697],[-0.02034843 -0.06940467],[-0.01039613 -0.0088706 ]
1427,1.4269999999999536,[ 0.34650642 -0.10848342],[ 0.34511243 -0.18485637],[-0.0207374  -0.06921701],[-0.01060706 -0.00888232]
1428,1.4279999999999535,[ 0.34685151 -0.10866835],[ 0.34509169 -0.18492559],[-0.02112617 -0.06902945],[-0.01081788 -0.00889404]
1429,1.4289999999999534,[ 0.34719658 -0.10885335],[ 0.34507057 -0.18499462],[-0.02151477 -0.068842  ],[-0.01102861 -0.00890577]
1430,1.4299999999999533,[ 0.34754163 -0.10903841],[ 0.34504905 -0.18506346],[-0.02190318 -0.06865464],[-0.01123923 -0.0089175 ]
1431,1.4309999999999532,[ 0.34788666 -0.10922354],[ 0.34502715 -0.18513211],[-0.0222914  -0.06846739],[-0.01144975 -0.00892925]
1432,1.431999999999953,[ 0.34823166 -0.10940874],[ 0.34500486 -0.18520058],[-0.02267943 -0.06828024],[-0.01166018 -0.008941  ]
1433,1.432999999999953,[ 0.34857664 -0.10959401],[ 0.34498218 -0.18526886],[-0.02306728 -0.06809318],[-0.0118705  -0.00895276]
1434,1.4339999999999529,[ 0.3489216  -0.10977935],[ 0.34495911 -0.18533696],[-0.02345494 -0.06790623],[-0.01208072 -0.00896452]
1435,1.4349999999999528,[ 0.34926654 -0.10996475],[ 0.34493565 -0.18540486],[-0.02384242 -0.06771937],[-0.01229083 -0.00897629]
1436,1.4359999999999526,[ 0.34961145 -0.11015022],[ 0.34491181 -0.18547258],[-0.02422971 -0.06753261],[-0.01250085 -0.00898807]
1437,1.4369999999999525,[ 0.34995634 -0.11033576],[ 0.34488758 -0.18554011],[-0.02461681 -0.06734594],[-0.01271077 -0.00899986]
1438,1.4379999999999524,[ 0.3503012  -0.11052137],[ 0.34486297 -0.18560746],[-0.02500372 -0.06715936],[-0.01292058 -0.00901165]
1439,1.4389999999999523,[ 0.35064604 -0.11070705],[ 0.34483796 -0.18567462],[-0.02539045 -0.06697288],[-0.01313029 -0.00902345]
1440,1.4399999999999522,[ 0.35099085 -0.11089279],[ 0.34481257 -0.18574159],[-0.02577698 -0.06678649],[-0.0133399  -0.00903526]
1441,1.440999999999952,[ 0.35133564 -0.1110786 ],[ 0.34478679 -0.18580838],[-0.02616333 -0.06660019],[-0.01354941 -0.00904707]
1442,1.441999999999952,[ 0.3516804  -0.11126447],[ 0.34476063 -0.18587498],[-0.02654949 -0.06641398],[-0.01375881 -0.0090589 ]
1443,1.4429999999999519,[ 0.35202513 -0.11145041],[ 0.34473408 -0.18594139],[-0.02693547 -0.06622786],[-0.01396812 -0.00907072]
1444,1.4439999999999518,[ 0.35236984 -0.11163642],[ 0.34470715 -0.18600762],[-0.02732125 -0.06604183],[-0.01417732 -0.00908256]
1445,1.4449999999999517,[ 0.35271452 -0.11182249],[ 0.34467982 -0.18607366],[-0.02770685 -0.06585589],[-0.01438642 -0.0090944 ]
1446,1.4459999999999515,[ 0.35305917 -0.11200863],[ 0.34465212 -0.18613952],[-0.02809225 -0.06567002],[-0.01459541 -0.00910625]
1447,1.4469999999999514,[ 0.3534038  -0.11219484],[ 0.34462403 -0.18620519],[-0.02847747 -0.06548425],[-0.01480431 -0.00911811]
1448,1.4479999999999513,[ 0.35374839 -0.11238111],[ 0.34459555 -0.18627067],[-0.02886249 -0.06529856],[-0.0150131  -0.00912997]
1449,1.4489999999999512,[ 0.35409296 -0.11256745],[ 0.34456669 -0.18633597],[-0.02924733 -0.06511295],[-0.01522178 -0.00914184]
1450,1.449999999999951,[ 0.3544375  -0.11275385],[ 0.34453744 -0.18640108],[-0.02963198 -0.06492742],[-0.01543037 -0.00915372]
1451,1.450999999999951,[ 0.354782   -0.11294031],[ 0.34450781 -0.18646601],[-0.03001643 -0.06474198],[-0.01563885 -0.0091656 ]
1452,1.4519999999999509,[ 0.35512648 -0.11312684],[ 0.34447779 -0.18653075],[-0.0304007  -0.06455661],[-0.01584723 -0.00917749]
1453,1.4529999999999508,[ 0.35547093 -0.11331344],[ 0.34444739 -0.18659531],[-0.03078477 -0.06437133],[-0.0160555  -0.00918939]
1454,1.4539999999999507,[ 0.35581535 -0.1135001 ],[ 0.3444166  -0.18665968],[-0.03116866 -0.06418612],[-0.01626368 -0.0092013 ]
1455,1.4549999999999506,[ 0.35615973 -0.11368682],[ 0.34438544 -0.18672387],[-0.03155235 -0.06400099],[-0.01647174 -0.00921321]
1456,1.4559999999999504,[ 0.35650408 -0.11387361],[ 0.34435388 -0.18678787],[-0.03193585 -0.06381594],[-0.01667971 -0.00922512]
1457,1.4569999999999503,[ 0.35684841 -0.11406046],[ 0.34432195 -0.18685168],[-0.03231916 -0.06363096],[-0.01688757 -0.00923705]
1458,1.4579999999999502,[ 0.3571927  -0.11424738],[ 0.34428963 -0.18691532],[-0.03270228 -0.06344606],[-0.01709533 -0.00924898]
1459,1.4589999999999501,[ 0.35753695 -0.11443436],[ 0.34425693 -0.18697876],[-0.0330852  -0.06326123],[-0.01730298 -0.00926092]
1460,1.45999999999995,[ 0.35788118 -0.1146214 ],[ 0.34422384 -0.18704202],[-0.03346794 -0.06307647],[-0.01751053 -0.00927286]
1461,1.46099999999995,[ 0.35822537 -0.1148085 ],[ 0.34419037 -0.1871051 ],[-0.03385048 -0.06289179],[-0.01771798 -0.00928482]
1462,1.4619999999999498,[ 0.35856952 -0.11499567],[ 0.34415652 -0.18716799],[-0.03423282 -0.06270717],[-0.01792532 -0.00929677]
1463,1.4629999999999497,[ 0.35891365 -0.1151829 ],[ 0.34412229 -0.1872307 ],[-0.03461498 -0.06252263],[-0.01813255 -0.00930874]
1464,1.4639999999999496,[ 0.35925773 -0.1153702 ],[ 0.34408767 -0.18729322],[-0.03499694 -0.06233816],[-0.01833968 -0.00932071]
1465,1.4649999999999495,[ 0.35960179 -0.11555755],[ 0.34405268 -0.18735556],[-0.03537871 -0.06215376],[-0.01854671 -0.00933269]
1466,1.4659999999999493,[ 0.3599458  -0.11574497],[ 0.3440173  -0.18741771],[-0.03576029 -0.06196942],[-0.01875363 -0.00934468]
1467,1.4669999999999492,[ 0.36028979 -0.11593245],[ 0.34398154 -0.18747968],[-0.03614167 -0.06178515],[-0.01896045 -0.00935667]
1468,1.4679999999999491,[ 0.36063373 -0.11611999],[ 0.3439454  -0.18754147],[-0.03652286 -0.06160095],[-0.01916717 -0.00936867]
1469,1.468999999999949,[ 0.36097764 -0.11630759],[ 0.34390887 -0.18760307],[-0.03690385 -0.06141681],[-0.01937377 -0.00938067]
1470,1.469999999999949,[ 0.36132151 -0.11649526],[ 0.34387197 -0.18766449],[-0.03728465 -0.06123274],[-0.01958028 -0.00939268]
1471,1.4709999999999488,[ 0.36166535 -0.11668298],[ 0.34383469 -0.18772572],[-0.03766526 -0.06104873],[-0.01978667 -0.0094047 ]
1472,1.4719999999999487,[ 0.36200914 -0.11687077],[ 0.34379702 -0.18778677],[-0.03804567 -0.06086479],[-0.01999297 -0.00941672]
1473,1.4729999999999486,[ 0.3623529  -0.11705862],[ 0.34375897 -0.18784763],[-0.03842588 -0.06068091],[-0.02019915 -0.00942876]
1474,1.4739999999999485,[ 0.36269662 -0.11724653],[ 0.34372055 -0.18790831],[-0.0388059  -0.06049709],[-0.02040524 -0.00944079]
1475,1.4749999999999484,[ 0.3630403  -0.11743449],[ 0.34368174 -0.18796881],[-0.03918573 -0.06031333],[-0.02061121 -0.00945284]
1476,1.4759999999999482,[ 0.36338395 -0.11762252],[ 0.34364256 -0.18802912],[-0.03956536 -0.06012963],[-0.02081708 -0.00946489]
1477,1.4769999999999481,[ 0.36372755 -0.11781061],[ 0.34360299 -0.18808925],[-0.03994479 -0.05994598],[-0.02102285 -0.00947695]
1478,1.477999999999948,[ 0.36407111 -0.11799876],[ 0.34356305 -0.1881492 ],[-0.04032403 -0.0597624 ],[-0.0212285  -0.00948901]
1479,1.478999999999948,[ 0.36441464 -0.11818697],[ 0.34352272 -0.18820896],[-0.04070307 -0.05957888],[-0.02143406 -0.00950108]
1480,1.4799999999999478,[ 0.36475812 -0.11837524],[ 0.34348202 -0.18826854],[-0.04108192 -0.05939541],[-0.0216395  -0.00951316]
1481,1.4809999999999477,[ 0.36510156 -0.11856357],[ 0.34344094 -0.18832793],[-0.04146057 -0.059212  ],[-0.02184484 -0.00952524]
1482,1.4819999999999476,[ 0.36544496 -0.11875195],[ 0.34339948 -0.18838715],[-0.04183902 -0.05902864],[-0.02205008 -0.00953733]
1483,1.4829999999999475,[ 0.36578832 -0.1189404 ],[ 0.34335764 -0.18844618],[-0.04221728 -0.05884534],[-0.0222552  -0.00954942]
1484,1.4839999999999474,[ 0.36613163 -0.11912891],[ 0.34331542 -0.18850502],[-0.04259533 -0.05866209],[-0.02246023 -0.00956153]
1485,1.4849999999999473,[ 0.3664749  -0.11931747],[ 0.34327283 -0.18856368],[-0.04297319 -0.0584789 ],[-0.02266514 -0.00957363]
1486,1.4859999999999471,[ 0.36681813 -0.11950609],[ 0.34322985 -0.18862216],[-0.04335086 -0.05829576],[-0.02286995 -0.00958575]
1487,1.486999999999947,[ 0.36716132 -0.11969477],[ 0.3431865  -0.18868046],[-0.04372832 -0.05811267],[-0.02307465 -0.00959787]
1488,1.487999999999947,[ 0.36750446 -0.11988351],[ 0.34314277 -0.18873857],[-0.04410559 -0.05792963],[-0.02327924 -0.00961   ]
1489,1.4889999999999468,[ 0.36784756 -0.12007231],[ 0.34309867 -0.1887965 ],[-0.04448266 -0.05774664],[-0.02348373 -0.00962213]
1490,1.4899999999999467,[ 0.36819062 -0.12026116],[ 0.34305419 -0.18885425],[-0.04485953 -0.0575637 ],[-0.02368811 -0.00963427]
1491,1.4909999999999466,[ 0.36853363 -0.12045007],[ 0.34300933 -0.18891181],[-0.0452362  -0.05738082],[-0.02389238 -0.00964642]
1492,1.4919999999999465,[ 0.36887659 -0.12063904],[ 0.34296409 -0.18896919],[-0.04561268 -0.05719797],[-0.02409654 -0.00965857]
1493,1.4929999999999464,[ 0.36921951 -0.12082807],[ 0.34291848 -0.18902639],[-0.04598895 -0.05701518],[-0.0243006  -0.00967073]
1494,1.4939999999999463,[ 0.36956238 -0.12101715],[ 0.34287249 -0.1890834 ],[-0.04636503 -0.05683244],[-0.02450455 -0.00968289]
1495,1.4949999999999461,[ 0.36990521 -0.12120629],[ 0.34282612 -0.18914024],[-0.0467409  -0.05664974],[-0.02470839 -0.00969506]
1496,1.495999999999946,[ 0.37024799 -0.12139549],[ 0.34277938 -0.18919689],[-0.04711658 -0.05646708],[-0.02491213 -0.00970724]
1497,1.496999999999946,[ 0.37059072 -0.12158474],[ 0.34273227 -0.18925335],[-0.04749205 -0.05628447],[-0.02511575 -0.00971943]
1498,1.4979999999999458,[ 0.3709334  -0.12177405],[ 0.34268477 -0.18930964],[-0.04786733 -0.05610191],[-0.02531927 -0.00973162]
1499,1.4989999999999457,[ 0.37127604 -0.12196342],[ 0.34263691 -0.18936574],[-0.04824241 -0.05591939],[-0.02552268 -0.00974381]
1500,1.4999999999999456,[ 0.37161863 -0.12215284],[ 0.34258866 -0.18942166],[-0.04861728 -0.05573691],[-0.02572598 -0.00975601]
1501,1.5009999999999455,[ 0.37196117 -0.12234232],[ 0.34254005 -0.1894774 ],[-0.04899196 -0.05555448],[-0.02592918 -0.00976822]
1502,1.5019999999999454,[ 0.37230366 -0.12253185],[ 0.34249105 -0.18953295],[-0.04936643 -0.05537209],[-0.02613226 -0.00978044]
1503,1.5029999999999453,[ 0.3726461  -0.12272144],[ 0.34244169 -0.18958832],[-0.04974071 -0.05518973],[-0.02633524 -0.00979266]
1504,1.5039999999999452,[ 0.37298849 -0.12291108],[ 0.34239195 -0.18964351],[-0.05011478 -0.05500742],[-0.02653811 -0.00980488]
1505,1.504999999999945,[ 0.37333084 -0.12310078],[ 0.34234183 -0.18969852],[-0.05048865 -0.05482515],[-0.02674087 -0.00981711]
1506,1.505999999999945,[ 0.37367313 -0.12329053],[ 0.34229134 -0.18975335],[-0.05086232 -0.05464292],[-0.02694352 -0.00982935]
1507,1.5069999999999448,[ 0.37401537 -0.12348034],[ 0.34224048 -0.18980799],[-0.05123579 -0.05446073],[-0.02714606 -0.0098416 ]
1508,1.5079999999999447,[ 0.37435756 -0.1236702 ],[ 0.34218925 -0.18986245],[-0.05160906 -0.05427857],[-0.02734849 -0.00985385]
1509,1.5089999999999446,[ 0.37469969 -0.12386012],[ 0.34213764 -0.18991673],[-0.05198212 -0.05409646],[-0.02755082 -0.0098661 ]
1510,1.5099999999999445,[ 0.37504178 -0.12405009],[ 0.34208565 -0.18997082],[-0.05235498 -0.05391438],[-0.02775303 -0.00987837]
1511,1.5109999999999444,[ 0.37538381 -0.12424012],[ 0.3420333  -0.19002474],[-0.05272764 -0.05373233],[-0.02795514 -0.00989064]
1512,1.5119999999999443,[ 0.37572579 -0.12443019],[ 0.34198057 -0.19007847],[-0.0531001  -0.05355033],[-0.02815713 -0.00990291]
1513,1.5129999999999442,[ 0.37606772 -0.12462033],[ 0.34192747 -0.19013202],[-0.05347235 -0.05336835],[-0.02835902 -0.00991519]
1514,1.513999999999944,[ 0.3764096  -0.12481051],[ 0.341874   -0.19018539],[-0.0538444  -0.05318642],[-0.02856079 -0.00992748]
1515,1.514999999999944,[ 0.37675142 -0.12500075],[ 0.34182015 -0.19023858],[-0.05421625 -0.05300451],[-0.02876246 -0.00993977]
1516,1.5159999999999438,[ 0.37709318 -0.12519104],[ 0.34176594 -0.19029158],[-0.05458789 -0.05282264],[-0.02896402 -0.00995207]
1517,1.5169999999999437,[ 0.37743489 -0.12538139],[ 0.34171135 -0.1903444 ],[-0.05495933 -0.0526408 ],[-0.02916547 -0.00996437]
1518,1.5179999999999436,[ 0.37777655 -0.12557178],[ 0.34165639 -0.19039704],[-0.05533057 -0.052459  ],[-0.0293668  -0.00997668]
1519,1.5189999999999435,[ 0.37811815 -0.12576223],[ 0.34160106 -0.1904495 ],[-0.0557016  -0.05227723],[-0.02956803 -0.009989  ]
1520,1.5199999999999434,[ 0.3784597  -0.12595274],[ 0.34154536 -0.19050178],[-0.05607243 -0.05209548],[-0.02976915 -0.01000132]
1521,1.5209999999999433,[ 0.37880118 -0.12614329],[ 0.34148929 -0.19055388],[-0.05644305 -0.05191377],[-0.02997015 -0.01001365]
1522,1.5219999999999432,[ 0.37914262 -0.12633389],[ 0.34143284 -0.19060579],[-0.05681347 -0.05173209],[-0.03017105 -0.01002598]
1523,1.522999999999943,[ 0.37948399 -0.12652455],[ 0.34137603 -0.19065752],[-0.05718369 -0.05155044],[-0.03037184 -0.01003832]
1524,1.523999999999943,[ 0.37982531 -0.12671526],[ 0.34131885 -0.19070907],[-0.0575537  -0.05136882],[-0.03057251 -0.01005066]
1525,1.5249999999999428,[ 0.38016657 -0.12690602],[ 0.34126129 -0.19076044],[-0.0579235  -0.05118722],[-0.03077308 -0.01006301]
1526,1.5259999999999427,[ 0.38050778 -0.12709683],[ 0.34120337 -0.19081163],[-0.0582931  -0.05100566],[-0.03097353 -0.01007537]
1527,1.5269999999999426,[ 0.38084892 -0.1272877 ],[ 0.34114508 -0.19086263],[-0.05866249 -0.05082412],[-0.03117387 -0.01008773]
1528,1.5279999999999425,[ 0.38119001 -0.12747861],[ 0.34108641 -0.19091346],[-0.05903168 -0.05064261],[-0.03137411 -0.0101001 ]
1529,1.5289999999999424,[ 0.38153104 -0.12766957],[ 0.34102738 -0.1909641 ],[-0.05940066 -0.05046113],[-0.03157423 -0.01011247]
1530,1.5299999999999423,[ 0.381872   -0.12786059],[ 0.34096798 -0.19101456],[-0.05976943 -0.05027967],[-0.03177424 -0.01012485]
1531,1.5309999999999422,[ 0.38221291 -0.12805165],[ 0.34090821 -0.19106484],[-0.060138   -0.05009824],[-0.03197413 -0.01013724]
1532,1.531999999999942,[ 0.38255376 -0.12824277],[ 0.34084807 -0.19111494],[-0.06050636 -0.04991683],[-0.03217392 -0.01014963]
1533,1.532999999999942,[ 0.38289455 -0.12843393],[ 0.34078757 -0.19116486],[-0.06087452 -0.04973544],[-0.0323736  -0.01016202]
1534,1.5339999999999419,[ 0.38323527 -0.12862515],[ 0.34072669 -0.19121459],[-0.06124247 -0.04955409],[-0.03257316 -0.01017442]
1535,1.5349999999999417,[ 0.38357594 -0.12881641],[ 0.34066545 -0.19126415],[-0.06161021 -0.04937275],[-0.03277261 -0.01018683]
1536,1.5359999999999416,[ 0.38391654 -0.12900772],[ 0.34060384 -0.19131352],[-0.06197774 -0.04919144],[-0.03297195 -0.01019924]
1537,1.5369999999999415,[ 0.38425709 -0.12919909],[ 0.34054186 -0.19136271],[-0.06234507 -0.04901015],[-0.03317118 -0.01021166]
1538,1.5379999999999414,[ 0.38459757 -0.1293905 ],[ 0.34047952 -0.19141172],[-0.06271219 -0.04882888],[-0.0333703  -0.01022409]
1539,1.5389999999999413,[ 0.38493798 -0.12958196],[ 0.34041681 -0.19146055],[-0.0630791  -0.04864763],[-0.0335693  -0.01023652]
1540,1.5399999999999412,[ 0.38527834 -0.12977347],[ 0.34035373 -0.1915092 ],[-0.0634458  -0.04846641],[-0.0337682  -0.01024895]
1541,1.540999999999941,[ 0.38561863 -0.12996503],[ 0.34029028 -0.19155766],[-0.0638123 -0.0482852],[-0.03396698 -0.01026139]
1542,1.541999999999941,[ 0.38595885 -0.13015663],[ 0.34022647 -0.19160595],[-0.06417858 -0.04810402],[-0.03416564 -0.01027384]
1543,1.5429999999999409,[ 0.38629901 -0.13034829],[ 0.34016229 -0.19165405],[-0.06454466 -0.04792286],[-0.0343642  -0.01028629]
1544,1.5439999999999408,[ 0.38663911 -0.13053999],[ 0.34009775 -0.19170197],[-0.06491053 -0.04774171],[-0.03456264 -0.01029875]
1545,1.5449999999999406,[ 0.38697915 -0.13073174],[ 0.34003283 -0.19174972],[-0.06527619 -0.04756058],[-0.03476097 -0.01031121]
1546,1.5459999999999405,[ 0.38731911 -0.13092354],[ 0.33996756 -0.19179728],[-0.06564164 -0.04737948],[-0.03495919 -0.01032368]
1547,1.5469999999999404,[ 0.38765901 -0.13111538],[ 0.33990192 -0.19184466],[-0.06600688 -0.04719839],[-0.0351573  -0.01033615]
1548,1.5479999999999403,[ 0.38799885 -0.13130727],[ 0.33983591 -0.19189185],[-0.06637192 -0.04701732],[-0.03535529 -0.01034863]
1549,1.5489999999999402,[ 0.38833862 -0.13149921],[ 0.33976954 -0.19193887],[-0.06673674 -0.04683626],[-0.03555317 -0.01036112]
1550,1.54999999999994,[ 0.38867832 -0.1316912 ],[ 0.3397028  -0.19198571],[-0.06710135 -0.04665522],[-0.03575093 -0.01037361]
1551,1.55099999999994,[ 0.38901796 -0.13188323],[ 0.3396357  -0.19203236],[-0.06746575 -0.0464742 ],[-0.03594858 -0.0103861 ]
1552,1.5519999999999399,[ 0.38935753 -0.13207531],[ 0.33956823 -0.19207884],[-0.06782994 -0.04629319],[-0.03614612 -0.0103986 ]
1553,1.5529999999999398,[ 0.38969703 -0.13226743],[ 0.3395004  -0.19212513],[-0.06819393 -0.0461122 ],[-0.03634355 -0.01041111]
1554,1.5539999999999397,[ 0.39003646 -0.1324596 ],[ 0.33943221 -0.19217124],[-0.0685577  -0.04593123],[-0.03654086 -0.01042362]
1555,1.5549999999999395,[ 0.39037582 -0.13265182],[ 0.33936365 -0.19221717],[-0.06892126 -0.04575027],[-0.03673806 -0.01043614]
1556,1.5559999999999394,[ 0.39071512 -0.13284408],[ 0.33929473 -0.19226292],[-0.06928461 -0.04556932],[-0.03693515 -0.01044866]
1557,1.5569999999999393,[ 0.39105434 -0.13303639],[ 0.33922545 -0.19230849],[-0.06964774 -0.04538839],[-0.03713212 -0.01046119]
1558,1.5579999999999392,[ 0.3913935  -0.13322875],[ 0.3391558  -0.19235388],[-0.07001067 -0.04520747],[-0.03732897 -0.01047372]
1559,1.558999999999939,[ 0.39173259 -0.13342115],[ 0.33908579 -0.19239909],[-0.07037339 -0.04502656],[-0.03752572 -0.01048626]
1560,1.559999999999939,[ 0.3920716  -0.13361359],[ 0.33901541 -0.19244412],[-0.07073589 -0.04484567],[-0.03772235 -0.0104988 ]
1561,1.5609999999999389,[ 0.39241055 -0.13380608],[ 0.33894468 -0.19248896],[-0.07109818 -0.04466478],[-0.03791886 -0.01051135]
1562,1.5619999999999388,[ 0.39274942 -0.13399861],[ 0.33887358 -0.19253363],[-0.07146026 -0.04448391],[-0.03811526 -0.0105239 ]
1563,1.5629999999999387,[ 0.39308822 -0.13419119],[ 0.33880212 -0.19257811],[-0.07182213 -0.04430305],[-0.03831155 -0.01053646]
1564,1.5639999999999386,[ 0.39342695 -0.13438381],[ 0.3387303  -0.19262241],[-0.07218378 -0.04412221],[-0.03850772 -0.01054903]
1565,1.5649999999999384,[ 0.39376561 -0.13457648],[ 0.33865811 -0.19266654],[-0.07254523 -0.04394137],[-0.03870378 -0.01056159]
1566,1.5659999999999383,[ 0.39410419 -0.13476919],[ 0.33858557 -0.19271048],[-0.07290646 -0.04376054],[-0.03889972 -0.01057417]
1567,1.5669999999999382,[ 0.39444271 -0.13496194],[ 0.33851266 -0.19275424],[-0.07326747 -0.04357972],[-0.03909555 -0.01058675]
1568,1.567999999999938,[ 0.39478115 -0.13515474],[ 0.3384394  -0.19279782],[-0.07362828 -0.04339892],[-0.03929126 -0.01059933]
1569,1.568999999999938,[ 0.39511951 -0.13534758],[ 0.33836577 -0.19284122],[-0.07398887 -0.04321812],[-0.03948686 -0.01061192]
1570,1.569999999999938,[ 0.3954578  -0.13554047],[ 0.33829178 -0.19288443],[-0.07434924 -0.04303733],[-0.03968234 -0.01062452]
1571,1.5709999999999378,[ 0.39579602 -0.1357334 ],[ 0.33821743 -0.19292747],[-0.07470941 -0.04285655],[-0.03987771 -0.01063712]
1572,1.5719999999999377,[ 0.39613416 -0.13592637],[ 0.33814272 -0.19297033],[-0.07506936 -0.04267577],[-0.04007297 -0.01064972]
1573,1.5729999999999376,[ 0.39647223 -0.13611938],[ 0.33806765 -0.193013  ],[-0.07542909 -0.04249501],[-0.0402681  -0.01066233]
1574,1.5739999999999374,[ 0.39681022 -0.13631243],[ 0.33799222 -0.1930555 ],[-0.07578861 -0.04231425],[-0.04046313 -0.01067495]
1575,1.5749999999999373,[ 0.39714814 -0.13650553],[ 0.33791643 -0.19309781],[-0.07614792 -0.0421335 ],[-0.04065803 -0.01068757]
1576,1.5759999999999372,[ 0.39748598 -0.13669867],[ 0.33784028 -0.19313995],[-0.07650701 -0.04195275],[-0.04085282 -0.01070019]
1577,1.5769999999999371,[ 0.39782374 -0.13689185],[ 0.33776378 -0.1931819 ],[-0.07686589 -0.04177202],[-0.0410475  -0.01071282]
1578,1.577999999999937,[ 0.39816143 -0.13708508],[ 0.33768691 -0.19322367],[-0.07722455 -0.04159128],[-0.04124206 -0.01072546]
1579,1.578999999999937,[ 0.39849904 -0.13727834],[ 0.33760969 -0.19326526],[-0.077583   -0.04141056],[-0.0414365 -0.0107381]
1580,1.5799999999999368,[ 0.39883657 -0.13747165],[ 0.3375321  -0.19330667],[-0.07794123 -0.04122984],[-0.04163083 -0.01075075]
1581,1.5809999999999367,[ 0.39917403 -0.137665  ],[ 0.33745416 -0.1933479 ],[-0.07829924 -0.04104912],[-0.04182504 -0.0107634 ]
1582,1.5819999999999366,[ 0.3995114  -0.13785839],[ 0.33737586 -0.19338895],[-0.07865705 -0.04086841],[-0.04201914 -0.01077605]
1583,1.5829999999999365,[ 0.3998487  -0.13805182],[ 0.33729721 -0.19342982],[-0.07901463 -0.0406877 ],[-0.04221312 -0.01078871]
1584,1.5839999999999363,[ 0.40018592 -0.13824529],[ 0.33721819 -0.19347051],[-0.079372 -0.040507],[-0.04240698 -0.01080138]
1585,1.5849999999999362,[ 0.40052306 -0.1384388 ],[ 0.33713882 -0.19351102],[-0.07972915 -0.0403263 ],[-0.04260073 -0.01081405]
1586,1.5859999999999361,[ 0.40086012 -0.13863235],[ 0.33705909 -0.19355134],[-0.08008609 -0.0401456 ],[-0.04279436 -0.01082672]
1587,1.586999999999936,[ 0.4011971  -0.13882594],[ 0.336979   -0.19359149],[-0.08044281 -0.03996491],[-0.04298788 -0.0108394 ]
1588,1.587999999999936,[ 0.40153399 -0.13901957],[ 0.33689856 -0.19363145],[-0.08079931 -0.03978422],[-0.04318127 -0.01085209]
1589,1.5889999999999358,[ 0.40187081 -0.13921324],[ 0.33681776 -0.19367124],[-0.0811556  -0.03960353],[-0.04337455 -0.01086477]
1590,1.5899999999999357,[ 0.40220755 -0.13940695],[ 0.33673661 -0.19371084],[-0.08151167 -0.03942284],[-0.04356772 -0.01087747]
1591,1.5909999999999356,[ 0.4025442 -0.1396007],[ 0.3366551  -0.19375026],[-0.08186752 -0.03924216],[-0.04376076 -0.01089017]
1592,1.5919999999999355,[ 0.40288078 -0.13979449],[ 0.33657323 -0.19378951],[-0.08222316 -0.03906147],[-0.04395369 -0.01090287]
1593,1.5929999999999354,[ 0.40321727 -0.13998832],[ 0.336491   -0.19382857],[-0.08257857 -0.03888079],[-0.04414651 -0.01091558]
1594,1.5939999999999352,[ 0.40355368 -0.14018219],[ 0.33640843 -0.19386745],[-0.08293377 -0.03870011],[-0.0443392  -0.01092829]
1595,1.5949999999999351,[ 0.40389   -0.1403761],[ 0.33632549 -0.19390615],[-0.08328876 -0.03851943],[-0.04453178 -0.01094101]
1596,1.595999999999935,[ 0.40422624 -0.14057004],[ 0.3362422  -0.19394467],[-0.08364352 -0.03833875],[-0.04472424 -0.01095373]
1597,1.596999999999935,[ 0.4045624  -0.14076402],[ 0.33615856 -0.19398301],[-0.08399807 -0.03815807],[-0.04491658 -0.01096646]
1598,1.5979999999999348,[ 0.40489848 -0.14095804],[ 0.33607456 -0.19402116],[-0.08435239 -0.03797739],[-0.04510881 -0.01097919]
1599,1.5989999999999347,[ 0.40523447 -0.1411521 ],[ 0.33599021 -0.19405914],[-0.0847065  -0.03779671],[-0.04530092 -0.01099193]
1600,1.5999999999999346,[ 0.40557037 -0.1413462 ],[ 0.3359055  -0.19409694],[-0.08506039 -0.03761603],[-0.04549291 -0.01100467]
1601,1.6009999999999345,[ 0.40590619 -0.14154034],[ 0.33582044 -0.19413455],[-0.08541406 -0.03743534],[-0.04568478 -0.01101742]
1602,1.6019999999999344,[ 0.40624193 -0.14173451],[ 0.33573503 -0.19417199],[-0.08576752 -0.03725466],[-0.04587654 -0.01103017]
1603,1.6029999999999343,[ 0.40657758 -0.14192872],[ 0.33564926 -0.19420924],[-0.08612075 -0.03707397],[-0.04606817 -0.01104293]
1604,1.6039999999999341,[ 0.40691314 -0.14212296],[ 0.33556314 -0.19424632],[ 0.15616133 10.04796511],[0. 0.]
1605,1.604999999999934,[ 0.40724886 -0.14230716],[ 0.3357193  -0.18419835],[ 0.15634791 10.0607802 ],[0. 0.]
1606,1.605999999999934,[ 0.40758474 -0.1424813 ],[ 0.33587565 -0.17413757],[ 0.15652423 10.07289452],[0. 0.]
1607,1.6069999999999338,[ 0.40792077 -0.14264536],[ 0.33603217 -0.16406468],[ 0.15669029 10.08430735],[0. 0.]
1608,1.6079999999999337,[ 0.40825696 -0.14279934],[ 0.33618886 -0.15398037],[ 0.15684608 10.095018  ],[0. 0.]
1609,1.6089999999999336,[ 0.4085933  -0.14294323],[ 0.33634571 -0.14388535],[ 0.15699161 10.10502584],[0. 0.]
1610,1.6099999999999335,[ 0.40892981 -0.14307701],[ 0.3365027  -0.13378033],[ 0.15712686 10.11433028],[0. 0.]
1611,1.6109999999999334,[ 0.40926647 -0.14320068],[ 0.33665983 -0.123666  ],[ 0.15725183 10.12293076],[0. 0.]
1612,1.6119999999999333,[ 0.40960328 -0.14331422],[ 0.33681708 -0.11354307],[ 0.15736653 10.13082678],[0. 0.]
1613,1.6129999999999332,[ 0.40994026 -0.14341763],[ 0.33697445 -0.10341224],[ 0.15747095 10.13801786],[0. 0.]
1614,1.613999999999933,[ 0.41027739 -0.14351091],[ 0.33713192 -0.09327422],[ 0.1575651  10.14450358],[0. 0.]
1615,1.614999999999933,[ 0.41061468 -0.14359403],[ 0.33728948 -0.08312972],[ 0.15764896 10.15028356],[0. 0.]
1616,1.6159999999999328,[ 0.41095213 -0.14366701],[ 0.33744713 -0.07297943],[ 0.15772254 10.15535745],[0. 0.]
1617,1.6169999999999327,[ 0.41128973 -0.14372984],[ 0.33760485 -0.06282408],[ 0.15778584 10.15972496],[0. 0.]
1618,1.6179999999999326,[ 0.41162749 -0.1437825 ],[ 0.33776264 -0.05266435],[ 0.15783885 10.16338582],[0. 0.]
1619,1.6189999999999325,[ 0.41196541 -0.143825  ],[ 0.33792048 -0.04250097],[ 0.15788158 10.16633983],[0. 0.]
1620,1.6199999999999324,[ 0.41230349 -0.14385734],[ 0.33807836 -0.03233463],[ 0.15791403 10.1685868 ],[0. 0.]
1621,1.6209999999999323,[ 0.41264173 -0.1438795 ],[ 0.33823627 -0.02216604],[ 0.15793618 10.1701266 ],[0. 0.]
1622,1.6219999999999322,[ 0.41298012 -0.1438915 ],[ 0.33839421 -0.01199591],[ 0.15794806 10.17095915],[0. 0.]
1623,1.622999999999932,[ 0.41331867 -0.14389333],[ 0.33855216 -0.00182495],[ 0.15794964 10.1710844 ],[0. 0.]
1624,1.623999999999932,[ 0.41365738 -0.14388498],[0.33871011 0.00834613],[ 0.15794095 10.17050233],[0. 0.]
1625,1.6249999999999318,[ 0.41399625 -0.14386646],[0.33886805 0.01851663],[ 0.15792196 10.16921299],[0. 0.]
1626,1.6259999999999317,[ 0.41433528 -0.14383778],[0.33902597 0.02868585],[ 0.15789269 10.16721644],[0. 0.]
1627,1.6269999999999316,[ 0.41467446 -0.14379892],[0.33918386 0.03885306],[ 0.15785314 10.16451282],[0. 0.]
1628,1.6279999999999315,[ 0.4150138  -0.14374991],[0.33934172 0.04901758],[ 0.1578033  10.16110228],[0. 0.]
1629,1.6289999999999314,[ 0.4153533  -0.14369073],[0.33949952 0.05917868],[ 0.15774318 10.15698502],[0. 0.]
1630,1.6299999999999313,[ 0.41569296 -0.14362139],[0.33965726 0.06933566],[ 0.15767278 10.1521613 ],[0. 0.]
1631,1.6309999999999312,[ 0.41603278 -0.1435419 ],[0.33981494 0.07948782],[ 0.1575921  10.14663138],[0. 0.]
1632,1.631999999999931,[ 0.41637275 -0.14345227],[0.33997253 0.08963446],[ 0.15750113 10.14039562],[0. 0.]
1633,1.632999999999931,[ 0.41671288 -0.14335249],[0.34013003 0.09977485],[ 0.15739989 10.13345436],[0. 0.]
1634,1.6339999999999308,[ 0.41705317 -0.14324259],[0.34028743 0.10990831],[ 0.15728838 10.12580804],[0. 0.]
1635,1.6349999999999307,[ 0.41739361 -0.14312255],[0.34044472 0.12003411],[ 0.15716659 10.11745709],[0. 0.]
1636,1.6359999999999306,[ 0.41773421 -0.1429924 ],[0.34060188 0.13015157],[ 0.15703453 10.10840203],[0. 0.]
1637,1.6369999999999305,[ 0.41807497 -0.14285214],[0.34075892 0.14025997],[ 0.1568922  10.09864338],[0. 0.]
1638,1.6379999999999304,[ 0.41841589 -0.14270178],[0.34091581 0.15035862],[ 0.15673961 10.08818173],[0. 0.]
1639,1.6389999999999303,[ 0.41875696 -0.14254134],[0.34107255 0.1604468 ],[ 0.15657675 10.0770177 ],[0. 0.]
1640,1.6399999999999302,[ 0.41909819 -0.14237081],[0.34122913 0.17052382],[ 0.15640362 10.06515195],[0. 0.]
1641,1.64099999999993,[ 0.41943957 -0.14219022],[0.34138553 0.18058897],[ 0.15622025 10.0525852 ],[0. 0.]
1642,1.64199999999993,[ 0.41978112 -0.14199958],[0.34154175 0.19064155],[ 0.15602661 10.03931818],[0. 0.]
1643,1.6429999999999298,[ 0.42012281 -0.1417989 ],[0.34169778 0.20068087],[ 0.15582273 10.0253517 ],[0. 0.]
1644,1.6439999999999297,[ 0.42046467 -0.14158819],[0.3418536  0.21070622],[ 0.15560859 10.01068659],[0. 0.]
1645,1.6449999999999296,[ 0.42080668 -0.14136748],[0.34200921 0.22071691],[0.15538422 9.99532372],[0. 0.]
1646,1.6459999999999295,[ 0.42114884 -0.14113676],[0.34216459 0.23071223],[0.1551496  9.97926401],[0. 0.]
1647,1.6469999999999294,[ 0.42149116 -0.14089607],[0.34231974 0.2406915 ],[0.15490475 9.96250842],[0. 0.]
1648,1.6479999999999293,[ 0.42183364 -0.14064542],[0.34247465 0.25065401],[0.15464967 9.94505795],[0. 0.]
1649,1.6489999999999292,[ 0.42217626 -0.14038482],[0.3426293  0.26059906],[0.15438437 9.92691366],[0. 0.]
1650,1.649999999999929,[ 0.42251905 -0.14011429],[0.34278368 0.27052598],[0.15410884 9.90807662],[0. 0.]
1651,1.650999999999929,[ 0.42286199 -0.13983386],[0.34293779 0.28043405],[0.1538231  9.88854796],[0. 0.]
1652,1.6519999999999289,[ 0.42320508 -0.13954354],[0.34309161 0.2903226 ],[0.15352716 9.86832887],[0. 0.]
1653,1.6529999999999287,[ 0.42354832 -0.13924335],[0.34324514 0.30019093],[0.15322101 9.84742056],[0. 0.]
1654,1.6539999999999286,[ 0.42389172 -0.13893331],[0.34339836 0.31003835],[0.15290466 9.82582427],[0. 0.]
1655,1.6549999999999285,[ 0.42423527 -0.13861344],[0.34355127 0.31986417],[0.15257813 9.80354133],[0. 0.]
1656,1.6559999999999284,[ 0.42457898 -0.13828378],[0.34370385 0.32966772],[0.15224141 9.78057306],[0. 0.]
1657,1.6569999999999283,[ 0.42492283 -0.13794433],[0.34385609 0.33944829],[0.15189452 9.75692085],[0. 0.]
1658,1.6579999999999282,[ 0.42526684 -0.13759512],[0.34400798 0.34920521],[0.15153746 9.73258614],[0. 0.]
1659,1.658999999999928,[ 0.425611   -0.13723619],[0.34415952 0.3589378 ],[0.15117024 9.7075704 ],[0. 0.]
1660,1.659999999999928,[ 0.42595531 -0.13686754],[0.34431069 0.36864537],[0.15079287 9.68187514],[0. 0.]
1661,1.6609999999999279,[ 0.42629977 -0.13648921],[0.34446148 0.37832724],[0.15040536 9.65550192],[0. 0.]
1662,1.6619999999999278,[ 0.42664438 -0.13610123],[0.34461189 0.38798274],[0.15000771 9.62845234],[0. 0.]
1663,1.6629999999999276,[ 0.42698915 -0.13570362],[0.34476189 0.3976112 ],[0.14959994 9.60072804],[0. 0.]
1664,1.6639999999999275,[ 0.42733406 -0.13529641],[0.34491149 0.40721192],[0.14918206 9.57233072],[0. 0.]
1665,1.6649999999999274,[ 0.42767912 -0.13487962],[0.34506068 0.41678425],[0.14875407 9.5432621 ],[0. 0.]
1666,1.6659999999999273,[ 0.42802433 -0.13445329],[0.34520943 0.42632752],[0.14831599 9.51352396],[0. 0.]
1667,1.6669999999999272,[ 0.42836969 -0.13401745],[0.34535775 0.43584104],[0.14786783 9.48311811],[0. 0.]
1668,1.667999999999927,[ 0.42871519 -0.13357213],[0.34550561 0.44532416],[0.1474096  9.45204642],[0. 0.]
1669,1.668999999999927,[ 0.42906084 -0.13311735],[0.34565302 0.45477621],[0.14694131 9.42031079],[0. 0.]
1670,1.6699999999999269,[ 0.42940664 -0.13265316],[0.34579997 0.46419652],[0.14646298 9.38791317],[0. 0.]
1671,1.6709999999999268,[ 0.42975259 -0.13217957],[0.34594643 0.47358443],[0.14597461 9.35485554],[0. 0.]
1672,1.6719999999999267,[ 0.43009868 -0.13169663],[0.3460924  0.48293928],[0.14547623 9.32113995],[0. 0.]
1673,1.6729999999999265,[ 0.43044492 -0.13120437],[0.34623788 0.49226042],[0.14496784 9.28676846],[0. 0.]
1674,1.6739999999999264,[ 0.4307913  -0.13070283],[0.34638285 0.50154719],[0.14444945 9.25174321],[0. 0.]
1675,1.6749999999999263,[ 0.43113783 -0.13019203],[0.3465273  0.51079894],[0.1439211  9.21606636],[0. 0.]
1676,1.6759999999999262,[ 0.4314845  -0.12967201],[0.34667122 0.520015  ],[0.14338278 9.17974011],[0. 0.]
1677,1.676999999999926,[ 0.43183132 -0.12914282],[0.3468146  0.52919474],[0.14283452 9.14276673],[0. 0.]
1678,1.677999999999926,[ 0.43217827 -0.12860448],[0.34695744 0.53833751],[0.14227633 9.1051485 ],[0. 0.]
1679,1.6789999999999259,[ 0.43252537 -0.12805704],[0.34709971 0.54744266],[0.14170823 9.06688777],[0. 0.]
1680,1.6799999999999258,[ 0.43287262 -0.12750053],[0.34724142 0.55650955],[0.14113024 9.02798692],[0. 0.]
1681,1.6809999999999257,[ 0.43322    -0.12693499],[0.34738255 0.56553753],[0.14054238 8.98844838],[0. 0.]
1682,1.6819999999999256,[ 0.43356752 -0.12636046],[0.34752309 0.57452598],[0.13994466 8.94827462],[0. 0.]
1683,1.6829999999999254,[ 0.43391518 -0.12577699],[0.34766304 0.58347426],[0.1393371  8.90746817],[0. 0.]
1684,1.6839999999999253,[ 0.43426299 -0.12518461],[0.34780237 0.59238172],[0.13871973 8.86603157],[0. 0.]
1685,1.6849999999999252,[ 0.43461093 -0.12458336],[0.34794109 0.60124776],[0.13809257 8.82396744],[0. 0.]
1686,1.6859999999999251,[ 0.43495901 -0.12397329],[0.34807919 0.61007172],[0.13745564 8.78127842],[0. 0.]
1687,1.686999999999925,[ 0.43530722 -0.12335444],[0.34821664 0.618853  ],[0.13680895 8.7379672 ],[0. 0.]
1688,1.687999999999925,[ 0.43565558 -0.12272684],[0.34835345 0.62759097],[0.13615254 8.69403653],[0. 0.]
1689,1.6889999999999248,[ 0.43600407 -0.12209056],[0.3484896  0.63628501],[0.13548642 8.64948918],[0. 0.]
1690,1.6899999999999247,[ 0.43635269 -0.12144562],[0.34862509 0.64493449],[0.13481063 8.60432798],[0. 0.]
1691,1.6909999999999246,[ 0.43670145 -0.12079209],[0.3487599  0.65353882],[0.13412518 8.55855579],[0. 0.]
1692,1.6919999999999245,[ 0.43705035 -0.12012999],[0.34889403 0.66209738],[0.13343011 8.51217554],[0. 0.]
1693,1.6929999999999243,[ 0.43739937 -0.11945938],[0.34902746 0.67060955],[0.13272543 8.46519017],[0. 0.]
1694,1.6939999999999242,[ 0.43774853 -0.1187803 ],[0.34916018 0.67907474],[0.13201119 8.41760269],[0. 0.]
1695,1.6949999999999241,[ 0.43809783 -0.11809281],[0.34929219 0.68749235],[0.13128739 8.36941615],[0. 0.]
1696,1.695999999999924,[ 0.43844725 -0.11739695],[0.34942348 0.69586176],[0.13055408 8.32063363],[0. 0.]
1697,1.696999999999924,[ 0.4387968  -0.11669277],[0.34955403 0.7041824 ],[0.12981128 8.27125826],[0. 0.]
1698,1.6979999999999238,[ 0.43914649 -0.11598031],[0.34968385 0.71245365],[0.12905903 8.22129324],[0. 0.]
1699,1.6989999999999237,[ 0.4394963  -0.11525964],[0.3498129  0.72067495],[0.12829735 8.17074177],[0. 0.]
1700,1.6999999999999236,[ 0.43984624 -0.11453079],[0.3499412  0.72884569],[0.12752628 8.11960713],[0. 0.]
1701,1.7009999999999235,[ 0.44019631 -0.11379383],[0.35006873 0.7369653 ],[0.12674586 8.06789262],[0. 0.]
1702,1.7019999999999234,[ 0.4405465  -0.11304879],[0.35019547 0.74503319],[0.1259561  8.01560159],[0. 0.]
1703,1.7029999999999232,[ 0.44089683 -0.11229575],[0.35032143 0.75304879],[0.12515706 7.96273746],[0. 0.]
1704,1.7039999999999231,[ 0.44124727 -0.11153473],[0.35044659 0.76101153],[0.12434876 7.90930365],[0. 0.]
1705,1.704999999999923,[ 0.44159784 -0.11076581],[0.35057094 0.76892083],[0.12353125 7.85530366],[0. 0.]
1706,1.705999999999923,[ 0.44194854 -0.10998904],[0.35069447 0.77677614],[0.12270455 7.80074101],[0. 0.]
1707,1.7069999999999228,[ 0.44229936 -0.10920446],[0.35081717 0.78457688],[0.12186871 7.74561927],[0. 0.]
1708,1.7079999999999227,[ 0.44265029 -0.10841214],[0.35093904 0.7923225 ],[0.12102377 7.68994207],[0. 0.]
1709,1.7089999999999226,[ 0.44300135 -0.10761213],[0.35106006 0.80001244],[0.12016977 7.63371306],[0. 0.]
1710,1.7099999999999225,[ 0.44335253 -0.10680448],[0.35118023 0.80764615],[0.11930675 7.57693595],[0. 0.]
1711,1.7109999999999224,[ 0.44370383 -0.10598926],[0.35129954 0.81522309],[0.11843475 7.51961449],[0. 0.]
1712,1.7119999999999223,[ 0.44405525 -0.10516651],[0.35141798 0.8227427 ],[0.11755381 7.46175246],[0. 0.]
1713,1.7129999999999221,[ 0.44440679 -0.10433631],[0.35153553 0.83020445],[0.11666398 7.4033537 ],[0. 0.]
1714,1.713999999999922,[ 0.44475844 -0.1034987 ],[0.35165219 0.83760781],[0.11576531 7.34442209],[0. 0.]
1715,1.714999999999922,[ 0.44511021 -0.10265375],[0.35176796 0.84495223],[0.11485783 7.28496155],[0. 0.]
1716,1.7159999999999218,[ 0.44546209 -0.10180151],[0.35188282 0.85223719],[0.11394161 7.22497604],[0. 0.]
1717,1.7169999999999217,[ 0.44581409 -0.10094205],[0.35199676 0.85946217],[0.11301668 7.16446956],[0. 0.]
1718,1.7179999999999216,[ 0.4461662  -0.10007542],[0.35210977 0.86662664],[0.11208309 7.10344617],[0. 0.]
1719,1.7189999999999215,[ 0.44651842 -0.09920169],[0.35222186 0.87373008],[0.1111409  7.04190995],[0. 0.]
1720,1.7199999999999214,[ 0.44687075 -0.09832092],[0.352333   0.88077199],[0.11019016 6.97986505],[0. 0.]
1721,1.7209999999999213,[ 0.4472232  -0.09743317],[0.35244319 0.88775186],[0.10923091 6.91731563],[0. 0.]
1722,1.7219999999999211,[ 0.44757575 -0.0965385 ],[0.35255242 0.89466917],[0.10826321 6.85426591],[0. 0.]
1723,1.722999999999921,[ 0.44792841 -0.09563698],[0.35266068 0.90152344],[0.10728712 6.79072016],[0. 0.]
1724,1.723999999999921,[ 0.44828118 -0.09472866],[0.35276797 0.90831416],[0.1063027  6.72668268],[0. 0.]
1725,1.7249999999999208,[ 0.44863405 -0.09381362],[0.35287427 0.91504084],[0.10530999 6.6621578 ],[0. 0.]
1726,1.7259999999999207,[ 0.44898703 -0.09289192],[0.35297958 0.921703  ],[0.10430905 6.59714992],[0. 0.]
1727,1.7269999999999206,[ 0.44934011 -0.09196362],[0.35308389 0.92830015],[0.10329995 6.53166345],[0. 0.]
1728,1.7279999999999205,[ 0.4496933  -0.09102879],[0.35318719 0.93483181],[0.10228274 6.46570287],[0. 0.]
1729,1.7289999999999204,[ 0.45004659 -0.09008749],[0.35328947 0.94129752],[0.10125749 6.39927269],[0. 0.]
1730,1.7299999999999203,[ 0.45039998 -0.08913979],[0.35339073 0.94769679],[0.10022425 6.33237745],[0. 0.]
1731,1.7309999999999202,[ 0.45075347 -0.08818576],[0.35349096 0.95402917],[0.0991831  6.26502175],[0. 0.]
1732,1.73199999999992,[ 0.45110706 -0.08722547],[0.35359014 0.96029419],[0.09813408 6.1972102 ],[0. 0.]
1733,1.73299999999992,[ 0.45146075 -0.08625898],[0.35368827 0.9664914 ],[0.09707728 6.12894749],[0. 0.]
1734,1.7339999999999198,[ 0.45181454 -0.08528636],[0.35378535 0.97262035],[0.09601274 6.06023832],[0. 0.]
1735,1.7349999999999197,[ 0.45216842 -0.08430768],[0.35388136 0.97868058],[0.09494055 5.99108743],[0. 0.]
1736,1.7359999999999196,[ 0.45252239 -0.08332301],[0.3539763  0.98467167],[0.09386077 5.92149963],[0. 0.]
1737,1.7369999999999195,[ 0.45287646 -0.08233241],[0.35407016 0.99059317],[0.09277347 5.85147972],[0. 0.]
1738,1.7379999999999194,[ 0.45323063 -0.08133597],[0.35416294 0.99644465],[0.09167871 5.78103259],[0. 0.]
1739,1.7389999999999193,[ 0.45358488 -0.08033374],[0.35425462 1.00222568],[0.09057658 5.71016312],[0. 0.]
1740,1.7399999999999192,[ 0.45393923 -0.07932581],[0.35434519 1.00793585],[0.08946714 5.63887627],[0. 0.]
1741,1.740999999999919,[ 0.45429366 -0.07831223],[0.35443466 1.01357472],[0.08835047 5.56717701],[0. 0.]
1742,1.741999999999919,[ 0.45464818 -0.07729309],[0.35452301 1.0191419 ],[0.08722665 5.49507037],[0. 0.]
1743,1.7429999999999188,[ 0.45500279 -0.07626845],[0.35461024 1.02463697],[0.08609574 5.42256139],[0. 0.]
1744,1.7439999999999187,[ 0.45535749 -0.07523839],[0.35469633 1.03005953],[0.08495782 5.34965517],[0. 0.]
1745,1.7449999999999186,[ 0.45571227 -0.07420298],[0.35478129 1.03540919],[0.08381298 5.27635683],[0. 0.]
1746,1.7459999999999185,[ 0.45606714 -0.0731623 ],[0.3548651  1.04068554],[0.0826613  5.20267154],[0. 0.]
1747,1.7469999999999184,[ 0.45642209 -0.07211641],[0.35494777 1.04588822],[0.08150284 5.1286045 ],[0. 0.]
1748,1.7479999999999183,[ 0.45677711 -0.07106539],[0.35502927 1.05101682],[0.0803377  5.05416095],[0. 0.]
1749,1.7489999999999182,[ 0.45713222 -0.07000932],[0.35510961 1.05607098],[0.07916596 4.97934615],[0. 0.]
1750,1.749999999999918,[ 0.45748741 -0.06894827],[0.35518877 1.06105033],[0.07798769 4.90416542],[0. 0.]
1751,1.750999999999918,[ 0.45784268 -0.06788232],[0.35526676 1.06595449],[0.07680299 4.82862408],[0. 0.]
1752,1.7519999999999178,[ 0.45819802 -0.06681153],[0.35534356 1.07078312],[0.07561194 4.75272753],[0. 0.]
1753,1.7529999999999177,[ 0.45855344 -0.065736  ],[0.35541917 1.07553584],[0.07441463 4.67648115],[0. 0.]
1754,1.7539999999999176,[ 0.45890894 -0.06465579],[0.35549359 1.08021233],[0.07321114 4.59989041],[0. 0.]
1755,1.7549999999999175,[ 0.4592645  -0.06357097],[0.3555668  1.08481222],[0.07200156 4.52296076],[0. 0.]
1756,1.7559999999999174,[ 0.45962014 -0.06248164],[0.3556388  1.08933518],[0.07078599 4.44569771],[0. 0.]
1757,1.7569999999999173,[ 0.45997585 -0.06138786],[0.35570959 1.09378087],[0.0695645  4.36810681],[0. 0.]
1758,1.7579999999999172,[ 0.46033163 -0.06028971],[0.35577915 1.09814898],[0.06833721 4.29019363],[0. 0.]
1759,1.758999999999917,[ 0.46068748 -0.05918727],[0.35584749 1.10243917],[0.06710419 4.21196376],[0. 0.]
1760,1.759999999999917,[ 0.46104339 -0.05808062],[0.35591459 1.10665114],[0.06586554 4.13342284],[0. 0.]
1761,1.7609999999999169,[ 0.46139937 -0.05696983],[0.35598046 1.11078456],[0.06462135 4.05457653],[0. 0.]
1762,1.7619999999999167,[ 0.46175542 -0.05585499],[0.35604508 1.11483914],[0.06337173 3.97543052],[0. 0.]
1763,1.7629999999999166,[ 0.46211153 -0.05473618],[0.35610845 1.11881457],[0.06211676 3.89599053],[0. 0.]
1764,1.7639999999999165,[ 0.4624677  -0.05361347],[0.35617057 1.12271056],[0.06085654 3.81626232],[0. 0.]
1765,1.7649999999999164,[ 0.46282393 -0.05248694],[0.35623143 1.12652682],[0.05959118 3.73625166],[0. 0.]
1766,1.7659999999999163,[ 0.46318022 -0.05135668],[0.35629102 1.13026307],[0.05832077 3.65596435],[0. 0.]
1767,1.7669999999999162,[ 0.46353657 -0.05022276],[0.35634934 1.13391904],[0.05704542 3.57540624],[0. 0.]
1768,1.767999999999916,[ 0.46389298 -0.04908527],[0.35640638 1.13749444],[0.05576521 3.49458319],[0. 0.]
1769,1.768999999999916,[ 0.46424944 -0.04794428],[0.35646215 1.14098903],[0.05448026 3.41350107],[0. 0.]
1770,1.7699999999999159,[ 0.46460595 -0.04679987],[0.35651663 1.14440253],[0.05319067 3.3321658 ],[0. 0.]
1771,1.7709999999999158,[ 0.46496252 -0.04565214],[0.35656982 1.14773469],[0.05189654 3.25058333],[0. 0.]
1772,1.7719999999999156,[ 0.46531915 -0.04450115],[0.35662172 1.15098528],[0.05059797 3.16875961],[0. 0.]
1773,1.7729999999999155,[ 0.46567582 -0.043347  ],[0.35667231 1.15415404],[0.04929507 3.08670064],[0. 0.]
1774,1.7739999999999154,[ 0.46603254 -0.04218976],[0.35672161 1.15724074],[0.04798795 3.00441241],[0. 0.]
1775,1.7749999999999153,[ 0.46638931 -0.04102951],[0.3567696  1.16024515],[0.04667671 2.92190098],[0. 0.]
1776,1.7759999999999152,[ 0.46674613 -0.03986635],[0.35681627 1.16316705],[0.04536147 2.83917238],[0. 0.]
1777,1.776999999999915,[ 0.46710299 -0.03870034],[0.35686163 1.16600622],[0.04404232 2.75623271],[0. 0.]
1778,1.777999999999915,[ 0.46745989 -0.03753158],[0.35690568 1.16876246],[0.04271937 2.67308806],[0. 0.]
1779,1.7789999999999149,[ 0.46781684 -0.03636014],[0.3569484  1.17143554],[0.04139275 2.58974455],[0. 0.]
1780,1.7799999999999148,[ 0.46817383 -0.03518612],[0.35698979 1.17402529],[0.04006255 2.50620833],[0. 0.]
1781,1.7809999999999147,[ 0.46853086 -0.03400959],[0.35702985 1.1765315 ],[0.03872889 2.42248556],[0. 0.]
1782,1.7819999999999145,[ 0.46888793 -0.03283063],[0.35706858 1.17895398],[0.03739188 2.33858241],[0. 0.]
1783,1.7829999999999144,[ 0.46924504 -0.03164934],[0.35710597 1.18129256],[0.03605164 2.25450508],[0. 0.]
1784,1.7839999999999143,[ 0.46960218 -0.03046579],[0.35714202 1.18354707],[0.03470826 2.1702598 ],[0. 0.]
1785,1.7849999999999142,[ 0.46995935 -0.02928008],[0.35717673 1.18571733],[0.03336188 2.08585279],[0. 0.]
1786,1.785999999999914,[ 0.47031656 -0.02809227],[0.35721009 1.18780318],[0.0320126  2.00129031],[0. 0.]
1787,1.786999999999914,[ 0.47067381 -0.02690247],[0.35724211 1.18980447],[0.03066054 1.91657862],[0. 0.]
1788,1.7879999999999139,[ 0.47103108 -0.02571075],[0.35727277 1.19172105],[0.02930581 1.831724  ],[0. 0.]
1789,1.7889999999999138,[ 0.47138838 -0.02451719],[0.35730207 1.19355278],[0.02794852 1.74673275],[0. 0.]
1790,1.7899999999999137,[ 0.47174571 -0.02332189],[0.35733002 1.19529951],[0.0265888  1.66161119],[0. 0.]
1791,1.7909999999999136,[ 0.47210307 -0.02212493],[0.35735661 1.19696112],[0.02522677 1.57636563],[0. 0.]
1792,1.7919999999999134,[ 0.47246045 -0.0209264 ],[0.35738184 1.19853748],[0.02386253 1.49100242],[0. 0.]
1793,1.7929999999999133,[ 0.47281786 -0.01972637],[0.3574057  1.20002849],[0.0224962 1.4055279],[0. 0.]
1794,1.7939999999999132,[ 0.47317528 -0.01852493],[0.3574282  1.20143402],[0.02112791 1.31994844],[0. 0.]
1795,1.794999999999913,[ 0.47353273 -0.01732218],[0.35744932 1.20275396],[0.01975777 1.2342704 ],[0. 0.]
1796,1.795999999999913,[ 0.4738902  -0.01611819],[0.35746908 1.20398823],[0.0183859  1.14850018],[0. 0.]
1797,1.796999999999913,[ 0.47424769 -0.01491305],[0.35748747 1.20513673],[0.01701242 1.06264415],[0. 0.]
1798,1.7979999999999128,[ 0.47460519 -0.01370686],[0.35750448 1.20619938],[0.01563745 0.97670873],[0. 0.]
1799,1.7989999999999127,[ 0.47496271 -0.01249968],[0.35752012 1.20717609],[0.01426111 0.89070033],[0. 0.]
1800,1.7999999999999126,[ 0.47532025 -0.01129161],[0.35753438 1.20806679],[0.01288351 0.80462535],[0. 0.]
1801,1.8009999999999124,[ 0.4756778  -0.01008274],[0.35754726 1.20887141],[0.01150478 0.71849023],[0. 0.]
1802,1.8019999999999123,[ 0.47603535 -0.00887315],[0.35755877 1.2095899 ],[0.01012504 0.6323014 ],[0. 0.]
1803,1.8029999999999122,[ 0.47639292 -0.00766293],[0.35756889 1.2102222 ],[0.00874441 0.54606528],[0. 0.]
1804,1.8039999999999121,[ 0.4767505  -0.00645216],[0.35757764 1.21076827],[  -1.77297033 -102.94788966],[-0.08486989 -0.11912431]
1805,1.804999999999912,[ 0.47710631 -0.00534434],[0.35580467 1.10782038],[ -1.70881642 -98.84518908],[-0.08495943 -0.11425151]
1806,1.805999999999912,[ 0.4774604  -0.00433536],[0.35409585 1.00897519],[ -1.64703794 -94.89449059],[-0.08505191 -0.10956406]
1807,1.8069999999999118,[ 0.47781285 -0.00342128],[0.35244881 0.9140807 ],[ -1.58755117 -91.09025759],[-0.08514721 -0.10505516]
1808,1.8079999999999117,[ 0.47816371 -0.00259829],[0.35086126 0.82299044],[ -1.53027485 -87.42715001],[-0.08524522 -0.10071825]
1809,1.8089999999999116,[ 0.47851304 -0.00186273],[0.34933099 0.73556329],[ -1.47513021 -83.9000181 ],[-0.08534584 -0.096547  ]
1810,1.8099999999999115,[ 0.4788609  -0.00121107],[0.34785586 0.65166327],[ -1.42204091 -80.50389621],[-0.08544896 -0.09253531]
1811,1.8109999999999113,[ 0.47920733 -0.00063991],[0.34643381 0.57115938],[ -1.37093308 -77.23399676],[-0.08555449 -0.08867733]
1812,1.8119999999999112,[ 4.79552395e-01 -1.45982519e-04],[0.34506288 0.49392538],[ -1.32173522 -74.0857043 ],[-0.08566234 -0.08496739]
1813,1.8129999999999111,[4.79896136e-01 2.73857158e-04],[0.34374115 0.41983968],[ -1.27437821 -71.05456972],[-0.08577241 -0.08140003]
1814,1.813999999999911,[0.4802386  0.00062264],[0.34246677 0.34878511],[ -1.22879523 -68.13630459],[-0.08588462 -0.07797002]
1815,1.814999999999911,[0.48057984 0.00090329],[0.34123797 0.2806488 ],[ -1.18492174 -65.32677566],[-0.08599888 -0.07467228]
1816,1.8159999999999108,[0.48091989 0.00111861],[0.34005305 0.21532203],[ -1.14269543 -62.62199947],[-0.08611512 -0.07150194]
1817,1.8169999999999107,[0.4812588  0.00127131],[0.33891036 0.15270003],[ -1.10205613 -60.01813714],[-0.08623324 -0.06845431]
1818,1.8179999999999106,[0.48159661 0.001364  ],[0.3378083  0.09268189],[ -1.06294578 -57.51148933],[-0.08635319 -0.06552487]
1819,1.8189999999999105,[0.48193336 0.00139917],[0.33674535 0.0351704 ],[ -1.02530837 -55.0984913 ],[-0.08647488 -0.06270924]
1820,1.8199999999999104,[0.48226908 0.00137924],[ 0.33572005 -0.01992809],[ -0.98908987 -52.77570813],[-0.08659824 -0.06000324]
1821,1.8209999999999102,[0.48260381 0.00130653],[ 0.33473096 -0.0727038 ],[ -0.95423821 -50.53983012],[-0.08672322 -0.05740281]
1822,1.8219999999999101,[0.48293759 0.00118329],[ 0.33377672 -0.12324363],[ -0.92070315 -48.38766833],[-0.08684973 -0.05490406]
1823,1.82299999999991,[0.48327044 0.00101166],[ 0.33285601 -0.1716313 ],[ -0.88843629 -46.31615021],[-0.08697773 -0.05250324]
1824,1.82399999999991,[0.48360241 0.00079371],[ 0.33196758 -0.21794745],[ -0.85739096 -44.32231547],[-0.08710715 -0.05019671]
1825,1.8249999999999098,[0.48393352 0.00053144],[ 0.33111019 -0.26226976],[ -0.82752221 -42.40331199],[-0.08723793 -0.04798101]
1826,1.8259999999999097,[4.84263802e-01 2.26768319e-04],[ 0.33028266 -0.30467307],[ -0.79878671 -40.55639192],[-0.08737002 -0.04585276]
1827,1.8269999999999096,[ 4.84593286e-01 -1.18461148e-04],[ 0.32948388 -0.34522947],[ -0.77114271 -38.77890791],[-0.08750336 -0.04380875]
1828,1.8279999999999095,[ 0.484922   -0.00050247],[ 0.32871274 -0.38400837],[ -0.74455001 -37.06830947],[-0.0876379  -0.04184584]
1829,1.8289999999999094,[ 0.48524997 -0.00092355],[ 0.32796819 -0.42107668],[ -0.71896986 -35.42213943],[-0.08777359 -0.03996104]
1830,1.8299999999999093,[ 0.48557722 -0.00138005],[ 0.32724922 -0.45649882],[ -0.69436495 -33.83803057],[-0.08791039 -0.03815146]
1831,1.8309999999999091,[ 0.48590377 -0.00187038],[ 0.32655485 -0.49033685],[ -0.67069934 -32.3137023 ],[-0.08804824 -0.0364143 ]
1832,1.831999999999909,[ 0.48622966 -0.00239303],[ 0.32588415 -0.52265056],[ -0.6479384  -30.84695755],[-0.08818711 -0.03474689]
1833,1.832999999999909,[ 0.48655489 -0.00294653],[ 0.32523621 -0.55349751],[ -0.62604879 -29.43567967],[-0.08832694 -0.03314664]
1834,1.8339999999999088,[ 0.4868795  -0.00352946],[ 0.32461016 -0.58293319],[ -0.60499839 -28.07782954],[-0.0884677  -0.03161106]
1835,1.8349999999999087,[ 0.48720351 -0.00414047],[ 0.32400517 -0.61101102],[ -0.58475628 -26.7714427 ],[-0.08860935 -0.03013774]
1836,1.8359999999999086,[ 0.48752693 -0.00477826],[ 0.32342041 -0.63778247],[ -0.56529267 -25.51462661],[-0.08875184 -0.02872438]
1837,1.8369999999999085,[ 0.48784978 -0.00544155],[ 0.32285512 -0.66329709],[ -0.54657886 -24.30555807],[-0.08889515 -0.02736875]
1838,1.8379999999999084,[ 0.48817209 -0.00612916],[ 0.32230854 -0.68760265],[ -0.52858722 -23.14248061],[-0.08903924 -0.0260687 ]
1839,1.8389999999999083,[ 0.48849387 -0.0068399 ],[ 0.32177995 -0.71074513],[ -0.51129115 -22.0237021 ],[-0.08918407 -0.02482217]
1840,1.8399999999999082,[ 0.48881514 -0.00757267],[ 0.32126866 -0.73276883],[ -0.49466502 -20.94759237],[-0.0893296  -0.02362717]
1841,1.840999999999908,[ 0.48913591 -0.00832639],[ 0.32077399 -0.75371643],[ -0.47868414 -19.91258094],[-0.08947582 -0.02248177]
1842,1.841999999999908,[ 0.48945621 -0.00910002],[ 0.32029531 -0.77362901],[ -0.46332473 -18.91715483],[-0.08962268 -0.02138413]
1843,1.8429999999999078,[ 0.48977604 -0.00989256],[ 0.31983199 -0.79254616],[ -0.44856392 -17.95985646],[-0.08977015 -0.02033246]
1844,1.8439999999999077,[ 0.49009542 -0.01070307],[ 0.31938342 -0.81050602],[ -0.43437963 -17.03928161],[-0.08991822 -0.01932507]
1845,1.8449999999999076,[ 0.49041437 -0.01153061],[ 0.31894904 -0.8275453 ],[ -0.42075063 -16.15407748],[-0.09006684 -0.01836028]
1846,1.8459999999999075,[ 0.4907329  -0.01237431],[ 0.31852829 -0.84369938],[ -0.40765647 -15.30294078],[-0.09021601 -0.01743651]
1847,1.8469999999999074,[ 0.49105102 -0.01323331],[ 0.31812064 -0.85900232],[ -0.39507744 -14.48461594],[-0.09036568 -0.01655223]
1848,1.8479999999999073,[ 0.49136875 -0.0141068 ],[ 0.31772556 -0.87348693],[ -0.38299457 -13.69789335],[-0.09051583 -0.01570596]
1849,1.8489999999999072,[ 0.49168609 -0.01499399],[ 0.31734256 -0.88718483],[ -0.37138957 -12.94160766],[-0.09066644 -0.01489627]
1850,1.849999999999907,[ 0.49200306 -0.01589411],[ 0.31697117 -0.90012643],[ -0.36024484 -12.2146362 ],[-0.0908175  -0.01412181]
1851,1.850999999999907,[ 0.49231967 -0.01680645],[ 0.31661093 -0.91234107],[ -0.3495434  -11.51589737],[-0.09096897 -0.01338123]
1852,1.8519999999999068,[ 0.49263593 -0.01773031],[ 0.31626139 -0.92385697],[ -0.33926894 -10.84434916],[-0.09112083 -0.01267329]
1853,1.8529999999999067,[ 0.49295186 -0.01866501],[ 0.31592212 -0.93470132],[ -0.32940571 -10.19898769],[-0.09127307 -0.01199674]
1854,1.8539999999999066,[ 0.49326745 -0.01960991],[ 0.31559271 -0.9449003 ],[-0.31993854 -9.57884585],[-0.09142566 -0.0113504 ]
1855,1.8549999999999065,[ 0.49358272 -0.02056439],[ 0.31527277 -0.95447915],[-0.31085284 -8.98299188],[-0.09157859 -0.01073315]
1856,1.8559999999999064,[ 0.49389768 -0.02152785],[ 0.31496192 -0.96346214],[-0.30213453 -8.41052815],[-0.09173184 -0.01014389]
1857,1.8569999999999063,[ 0.49421234 -0.02249973],[ 0.31465978 -0.97187267],[-0.29377007 -7.86058986],[-0.09188539 -0.00958156]
1858,1.8579999999999062,[ 0.49452671 -0.02347946],[ 0.31436601 -0.97973326],[-0.2857464  -7.33234388],[-0.09203922 -0.00904514]
1859,1.858999999999906,[ 0.49484079 -0.02446653],[ 0.31408027 -0.9870656 ],[-0.27805093 -6.82498754],[-0.09219332 -0.00853366]
1860,1.859999999999906,[ 0.49515459 -0.02546042],[ 0.31380222 -0.99389059],[-0.27067155 -6.33774757],[-0.09234767 -0.00804616]
1861,1.8609999999999058,[ 0.49546812 -0.02646064],[ 0.31353155 -1.00022834],[-0.26359659 -5.86987898],[-0.09250225 -0.00758176]
1862,1.8619999999999057,[ 0.49578139 -0.02746674],[ 0.31326795 -1.00609822],[-0.2568148  -5.42066406],[-0.09265706 -0.00713956]
1863,1.8629999999999056,[ 0.4960944  -0.02847826],[ 0.31301113 -1.01151888],[-0.25031535 -4.98941137],[-0.09281208 -0.00671873]
1864,1.8639999999999055,[ 0.49640716 -0.02949477],[ 0.31276082 -1.01650829],[-0.24408779 -4.57545477],[-0.09296729 -0.00631845]
1865,1.8649999999999054,[ 0.49671968 -0.03051585],[ 0.31251673 -1.02108375],[-0.23812206 -4.17815248],[-0.09312268 -0.00593795]
1866,1.8659999999999053,[ 0.49703196 -0.03154112],[ 0.31227861 -1.0252619 ],[-0.23240848 -3.79688626],[-0.09327824 -0.00557646]
1867,1.8669999999999052,[ 0.497344   -0.03257017],[ 0.3120462  -1.02905879],[-0.22693771 -3.43106045],[-0.09343395 -0.00523327]
1868,1.867999999999905,[ 0.49765582 -0.03360266],[ 0.31181926 -1.03248985],[-0.22170075 -3.08010124],[-0.09358982 -0.00490767]
1869,1.868999999999905,[ 0.49796742 -0.03463823],[ 0.31159756 -1.03556995],[-0.21668893 -2.74345579],[-0.09374581 -0.004599  ]
1870,1.8699999999999048,[ 0.4982788  -0.03567655],[ 0.31138087 -1.0383134 ],[-0.21189391 -2.42059153],[-0.09390193 -0.00430659]
1871,1.8709999999999047,[ 0.49858997 -0.03671728],[ 0.31116898 -1.040734  ],[-0.20730764 -2.11099538],[-0.09405816 -0.00402984]
1872,1.8719999999999046,[ 0.49890093 -0.03776013],[ 0.31096167 -1.04284499],[-0.20292237 -1.81417304],[-0.09421449 -0.00376813]
1873,1.8729999999999045,[ 0.49921169 -0.03880479],[ 0.31075875 -1.04465916],[-0.19873063 -1.52964834],[-0.09437092 -0.00352088]
1874,1.8739999999999044,[ 0.49952225 -0.03985097],[ 0.31056002 -1.04618881],[-0.19472521 -1.25696251],[-0.09452743 -0.00328755]
1875,1.8749999999999043,[ 0.49983262 -0.04089842],[ 0.31036529 -1.04744578],[-0.19089919 -0.99567363],[-0.09468401 -0.00306759]
1876,1.8759999999999042,[ 0.50014279 -0.04194686],[ 0.31017439 -1.04844145],[-0.18724588 -0.74535593],[-0.09484067 -0.00286048]
1877,1.876999999999904,[ 0.50045278 -0.04299605],[ 0.30998715 -1.04918681],[-0.18375886 -0.50559927],[-0.09499737 -0.00266573]
1878,1.877999999999904,[ 0.50076258 -0.04404574],[ 0.30980339 -1.0496924 ],[-0.1804319  -0.27600852],[-0.09515413 -0.00248286]
1879,1.8789999999999039,[ 0.5010722  -0.04509571],[ 0.30962296 -1.04996841],[-0.17725904 -0.05620304],[-0.09531093 -0.0023114 ]
1880,1.8799999999999037,[ 0.50138165 -0.04614573],[ 0.3094457  -1.05002462],[-0.17423452  0.15418384],[-0.09546777 -0.0021509 ]
1881,1.8809999999999036,[ 0.50169092 -0.0471956 ],[ 0.30927146 -1.04987043],[-0.17135279  0.35550539],[-0.09562463 -0.00200095]
1882,1.8819999999999035,[ 0.50200002 -0.04824512],[ 0.30910011 -1.04951493],[-0.16860851  0.54810189],[-0.09578151 -0.00186111]
1883,1.8829999999999034,[ 0.50230895 -0.04929409],[ 0.3089315  -1.04896682],[-0.16599652  0.73230115],[-0.09593841 -0.00173101]
1884,1.8839999999999033,[ 0.50261772 -0.05034232],[ 0.30876551 -1.04823452],[-0.16351185  0.90841897],[-0.09609531 -0.00161026]
1885,1.8849999999999032,[ 0.50292632 -0.05138965],[ 0.30860199 -1.0473261 ],[-0.16114974  1.07675955],[-0.09625222 -0.00149847]
1886,1.885999999999903,[ 0.50323476 -0.0524359 ],[ 0.30844084 -1.04624935],[-0.15890556  1.23761593],[-0.09640912 -0.00139531]
1887,1.886999999999903,[ 0.50354304 -0.05348091],[ 0.30828194 -1.04501173],[-0.15677489  1.3912704 ],[-0.09656601 -0.00130043]
1888,1.8879999999999029,[ 0.50385117 -0.05452453],[ 0.30812516 -1.04362046],[-0.15475344  1.53799489],[-0.09672289 -0.0012135 ]
1889,1.8889999999999028,[ 0.50415914 -0.05556661],[ 0.30797041 -1.04208246],[-0.15283709  1.67805134],[-0.09687974 -0.0011342 ]
1890,1.8899999999999026,[ 0.50446696 -0.05660702],[ 0.30781757 -1.04040441],[-0.15102187  1.81169207],[-0.09703657 -0.00106222]
1891,1.8909999999999025,[ 0.50477462 -0.05764561],[ 0.30766655 -1.03859272],[-0.14930395  1.93916014],[-0.09719337 -0.00099728]
1892,1.8919999999999024,[ 0.50508214 -0.05868226],[ 0.30751725 -1.03665356],[-0.14767966  2.06068969],[-0.09735013 -0.00093909]
1893,1.8929999999999023,[ 0.50538951 -0.05971685],[ 0.30736957 -1.03459287],[-0.14614543  2.17650622],[-0.09750685 -0.00088737]
1894,1.8939999999999022,[ 0.50569673 -0.06074927],[ 0.30722342 -1.03241636],[-0.14469785  2.28682699],[-0.09766352 -0.00084187]
1895,1.894999999999902,[ 0.50600381 -0.0617794 ],[ 0.30707872 -1.03012954],[-0.14333362  2.39186123],[-0.09782015 -0.00080233]
1896,1.895999999999902,[ 0.50631075 -0.06280714],[ 0.30693539 -1.02773768],[-0.14204956  2.49181049],[-0.09797672 -0.00076851]
1897,1.8969999999999019,[ 0.50661754 -0.06383238],[ 0.30679334 -1.02524587],[-0.14084262  2.58686893],[-0.09813324 -0.00074017]
1898,1.8979999999999018,[ 0.50692419 -0.06485504],[ 0.3066525 -1.022659 ],[-0.13970984  2.67722354],[-0.0982897  -0.00071709]
1899,1.8989999999999017,[ 0.50723071 -0.06587502],[ 0.30651279 -1.01998177],[-0.13864838  2.76305442],[-0.09844609 -0.00069905]
1900,1.8999999999999015,[ 0.50753708 -0.06689224],[ 0.30637414 -1.01721872],[-0.13765552  2.84453507],[-0.09860241 -0.00068584]
1901,1.9009999999999014,[ 0.50784332 -0.06790662],[ 0.30623649 -1.01437418],[-0.1367286   2.92183258],[-0.09875866 -0.00067726]
1902,1.9019999999999013,[ 0.50814942 -0.06891807],[ 0.30609976 -1.01145235],[-0.1358651   2.99510789],[-0.09891484 -0.00067312]
1903,1.9029999999999012,[ 0.50845538 -0.06992653],[ 0.30596389 -1.00845724],[-0.13506257  3.06451601],[-0.09907094 -0.00067323]
1904,1.903999999999901,[ 0.50876121 -0.07093192],[ 0.30582883 -1.00539273],[-0.13431865  3.13020624],[-0.09922696 -0.00067741]
1905,1.904999999999901,[ 0.5090669  -0.07193418],[ 0.30569451 -1.00226252],[-0.13363107  3.19232236],[-0.0993829  -0.00068548]
1906,1.9059999999999009,[ 0.50937246 -0.07293325],[ 0.30556088 -0.9990702 ],[-0.13299764  3.25100288],[-0.09953875 -0.00069729]
1907,1.9069999999999008,[ 0.50967789 -0.07392907],[ 0.30542788 -0.9958192 ],[-0.13241625  3.30638116],[-0.09969451 -0.00071267]
1908,1.9079999999999007,[ 0.50998319 -0.07492158],[ 0.30529547 -0.99251281],[-0.13188488  3.35858566],[-0.09985018 -0.00073147]
1909,1.9089999999999006,[ 0.51028835 -0.07591074],[ 0.30516358 -0.98915423],[-0.13140157  3.40774009],[-0.10000575 -0.00075354]
1910,1.9099999999999004,[ 0.51059338 -0.07689649],[ 0.30503218 -0.98574649],[-0.13096444  3.4539636 ],[-0.10016123 -0.00077873]
1911,1.9109999999999003,[ 0.51089829 -0.07787878],[ 0.30490121 -0.98229253],[-0.13057168  3.49737093],[-0.10031661 -0.00080691]
1912,1.9119999999999002,[ 0.51120306 -0.07885757],[ 0.30477064 -0.97879515],[-0.13022152  3.53807257],[-0.10047189 -0.00083795]
1913,1.9129999999999001,[ 0.5115077  -0.07983283],[ 0.30464042 -0.97525708],[-0.12991231  3.57617494],[-0.10062707 -0.00087172]
1914,1.9139999999999,[ 0.51181221 -0.08080451],[ 0.30451051 -0.97168091],[-0.1296424   3.61178051],[-0.10078214 -0.0009081 ]
1915,1.9149999999999,[ 0.51211659 -0.08177258],[ 0.30438087 -0.96806913],[-0.12941024  3.64498797],[-0.1009371  -0.00094696]
1916,1.9159999999998998,[ 0.51242084 -0.082737  ],[ 0.30425146 -0.96442414],[-0.12921434  3.67589233],[-0.10109196 -0.0009882 ]
1917,1.9169999999998997,[ 0.51272496 -0.08369775],[ 0.30412224 -0.96074825],[-0.12905322  3.70458512],[-0.1012467  -0.00103171]
1918,1.9179999999998996,[ 0.51302895 -0.0846548 ],[ 0.30399319 -0.95704366],[-0.12892552  3.73115443],[-0.10140133 -0.00107738]
1919,1.9189999999998995,[ 0.51333282 -0.08560811],[ 0.30386426 -0.95331251],[-0.12882987  3.75568513],[-0.10155585 -0.00112512]
1920,1.9199999999998993,[ 0.51363655 -0.08655767],[ 0.30373543 -0.94955682],[-0.12876498  3.77825892],[-0.10171025 -0.00117481]
1921,1.9209999999998992,[ 0.51394016 -0.08750344],[ 0.30360667 -0.94577856],[-0.12872962  3.79895445],[-0.10186453 -0.00122638]
1922,1.9219999999998991,[ 0.51424364 -0.08844542],[ 0.30347794 -0.94197961],[-0.12872257  3.81784747],[-0.1020187  -0.00127973]
1923,1.922999999999899,[ 0.51454699 -0.08938359],[ 0.30334922 -0.93816176],[-0.12874269  3.83501092],[-0.10217274 -0.00133477]
1924,1.923999999999899,[ 0.51485021 -0.09031791],[ 0.30322047 -0.93432675],[-0.12878886  3.850515  ],[-0.10232666 -0.00139142]
1925,1.9249999999998988,[ 0.5151533  -0.09124839],[ 0.30309168 -0.93047623],[-0.12886     3.86442734],[-0.10248046 -0.00144961]
1926,1.9259999999998987,[ 0.51545626 -0.092175  ],[ 0.30296282 -0.92661181],[-0.12895509  3.87681301],[-0.10263414 -0.00150925]
1927,1.9269999999998986,[ 0.5157591  -0.09309774],[ 0.30283387 -0.92273499],[-0.12907314  3.88773469],[-0.10278768 -0.00157027]
1928,1.9279999999998985,[ 0.5160618  -0.09401658],[ 0.3027048  -0.91884726],[-0.12921318  3.89725269],[-0.10294111 -0.0016326 ]
1929,1.9289999999998984,[ 0.51636438 -0.09493153],[ 0.30257558 -0.91495001],[-0.12937429  3.90542511],[-0.1030944  -0.00169617]
1930,1.9299999999998982,[ 0.51666682 -0.09584258],[ 0.30244621 -0.91104458],[-0.12955559  3.91230784],[-0.10324756 -0.00176092]
1931,1.9309999999998981,[ 0.51696914 -0.09674971],[ 0.30231665 -0.90713227],[-0.12975623  3.91795472],[-0.1034006  -0.00182678]
1932,1.931999999999898,[ 0.51727133 -0.09765292],[ 0.3021869  -0.90321432],[-0.12997537  3.92241756],[-0.1035535 -0.0018937]
1933,1.932999999999898,[ 0.51757338 -0.09855222],[ 0.30205692 -0.8992919 ],[-0.13021223  3.92574622],[-0.10370627 -0.0019616 ]
1934,1.9339999999998978,[ 0.51787531 -0.09944758],[ 0.30192671 -0.89536616],[-0.13046605  3.92798872],[-0.10385891 -0.00203045]
1935,1.9349999999998977,[ 0.51817711 -0.10033902],[ 0.30179624 -0.89143817],[-0.13073609  3.92919126],[-0.10401141 -0.00210017]
1936,1.9359999999998976,[ 0.51847877 -0.10122653],[ 0.30166551 -0.88750898],[-0.13102165  3.92939832],[-0.10416378 -0.00217073]
1937,1.9369999999998975,[ 0.51878031 -0.10211011],[ 0.30153449 -0.88357958],[-0.13132205  3.92865271],[-0.10431601 -0.00224207]
1938,1.9379999999998974,[ 0.51908171 -0.10298976],[ 0.30140316 -0.87965092],[-0.13163663  3.92699562],[-0.10446811 -0.00231415]
1939,1.9389999999998973,[ 0.51938298 -0.10386548],[ 0.30127153 -0.87572393],[-0.13196476  3.92446671],[-0.10462007 -0.00238691]
1940,1.9399999999998971,[ 0.51968412 -0.10473728],[ 0.30113956 -0.87179946],[-0.13230583  3.92110414],[-0.10477189 -0.00246032]
1941,1.940999999999897,[ 0.51998513 -0.10560516],[ 0.30100726 -0.86787836],[-0.13265927  3.91694462],[-0.10492357 -0.00253432]
1942,1.941999999999897,[ 0.520286   -0.10646912],[ 0.3008746  -0.86396141],[-0.1330245  3.9120235],[-0.10507511 -0.00260889]
1943,1.9429999999998968,[ 0.52058674 -0.10732917],[ 0.30074157 -0.86004939],[-0.133401    3.90637479],[-0.10522652 -0.00268398]
1944,1.9439999999998967,[ 0.52088735 -0.10818531],[ 0.30060817 -0.85614302],[-0.13378824  3.90003119],[-0.10537778 -0.00275956]
1945,1.9449999999998966,[ 0.52118783 -0.10903756],[ 0.30047438 -0.85224298],[-0.13418571  3.8930242 ],[-0.1055289  -0.00283558]
1946,1.9459999999998965,[ 0.52148817 -0.10988591],[ 0.3003402  -0.84834996],[-0.13459294  3.88538411],[-0.10567987 -0.00291202]
1947,1.9469999999998964,[ 0.52178837 -0.11073037],[ 0.3002056  -0.84446458],[-0.13500947  3.87714006],[-0.10583071 -0.00298883]
1948,1.9479999999998963,[ 0.52208844 -0.11157096],[ 0.3000706  -0.84058744],[-0.13543484  3.86832009],[-0.1059814 -0.003066 ]
1949,1.9489999999998961,[ 0.52238838 -0.11240768],[ 0.29993516 -0.83671912],[-0.13586863  3.85895118],[-0.10613195 -0.00314348]
1950,1.949999999999896,[ 0.52268818 -0.11324054],[ 0.29979929 -0.83286016],[-0.13631043  3.84905926],[-0.10628235 -0.00322125]
1951,1.950999999999896,[ 0.52298784 -0.11406955],[ 0.29966298 -0.8290111 ],[-0.13675983  3.83866931],[-0.10643261 -0.00329928]
1952,1.9519999999998958,[ 0.52328737 -0.11489472],[ 0.29952622 -0.82517244],[-0.13721646  3.82780532],[-0.10658273 -0.00337754]
1953,1.9529999999998957,[ 0.52358676 -0.11571607],[ 0.29938901 -0.82134463],[-0.13767995  3.8164904 ],[-0.1067327  -0.00345601]
1954,1.9539999999998956,[ 0.52388601 -0.1165336 ],[ 0.29925133 -0.81752814],[-0.13814995  3.80474674],[-0.10688252 -0.00353467]
1955,1.9549999999998955,[ 0.52418512 -0.11734732],[ 0.29911318 -0.81372339],[-0.13862611  3.79259571],[-0.1070322  -0.00361348]
1956,1.9559999999998954,[ 0.5244841  -0.11815725],[ 0.29897455 -0.8099308 ],[-0.13910811  3.78005785],[-0.10718173 -0.00369243]
1957,1.9569999999998953,[ 0.52478293 -0.1189634 ],[ 0.29883544 -0.80615074],[-0.13959563  3.7671529 ],[-0.10733111 -0.00377149]
1958,1.9579999999998952,[ 0.52508163 -0.11976578],[ 0.29869585 -0.80238359],[-0.14008837  3.75389987],[-0.10748034 -0.00385064]
1959,1.958999999999895,[ 0.52538018 -0.12056441],[ 0.29855576 -0.79862969],[-0.14058605  3.74031699],[-0.10762943 -0.00392987]
1960,1.959999999999895,[ 0.5256786 -0.1213593],[ 0.29841517 -0.79488937],[-0.14108837  3.72642184],[-0.10777837 -0.00400915]
1961,1.9609999999998948,[ 0.52597687 -0.12215047],[ 0.29827408 -0.79116295],[-0.14159508  3.71223129],[-0.10792716 -0.00408846]
1962,1.9619999999998947,[ 0.526275   -0.12293792],[ 0.29813249 -0.78745072],[-0.14210591  3.69776155],[-0.1080758  -0.00416779]
1963,1.9629999999998946,[ 0.52657299 -0.12372167],[ 0.29799038 -0.78375296],[-0.14262062  3.68302823],[-0.1082243  -0.00424712]
1964,1.9639999999998945,[ 0.52687084 -0.12450174],[ 0.29784776 -0.78006993],[-0.14313896  3.6680463 ],[-0.10837264 -0.00432644]
1965,1.9649999999998944,[ 0.52716855 -0.12527814],[ 0.29770462 -0.77640188],[-0.14366071  3.65283017],[-0.10852084 -0.00440573]
1966,1.9659999999998943,[ 0.52746611 -0.12605089],[ 0.29756096 -0.77274905],[-0.14418565  3.63739368],[-0.10866888 -0.00448496]
1967,1.9669999999998942,[ 0.52776352 -0.12682   ],[ 0.29741678 -0.76911166],[-0.14471356  3.62175012],[-0.10881677 -0.00456414]
1968,1.967999999999894,[ 0.5280608  -0.12758549],[ 0.29727206 -0.76548991],[-0.14524424  3.60591229],[-0.10896452 -0.00464325]
1969,1.968999999999894,[ 0.52835792 -0.12834738],[ 0.29712682 -0.76188399],[-0.1457775   3.58989244],[-0.10911211 -0.00472226]
1970,1.9699999999998938,[ 0.5286549  -0.12910567],[ 0.29698104 -0.7582941 ],[-0.14631315  3.57370237],[-0.10925956 -0.00480118]
1971,1.9709999999998937,[ 0.52895174 -0.12986039],[ 0.29683473 -0.7547204 ],[-0.14685101  3.55735342],[-0.10940685 -0.00487999]
1972,1.9719999999998936,[ 0.52924843 -0.13061155],[ 0.29668788 -0.75116305],[-0.14739089  3.54085644],[-0.10955399 -0.00495868]
1973,1.9729999999998935,[ 0.52954497 -0.13135918],[ 0.29654049 -0.74762219],[-0.14793265  3.5242219 ],[-0.10970098 -0.00503723]
1974,1.9739999999998934,[ 0.52984136 -0.13210327],[ 0.29639255 -0.74409797],[-0.14847611  3.50745982],[-0.10984781 -0.00511564]
1975,1.9749999999998933,[ 0.5301376  -0.13284386],[ 0.29624408 -0.74059051],[-0.14902113  3.49057983],[-0.1099945  -0.00519389]
1976,1.9759999999998932,[ 0.5304337  -0.13358096],[ 0.29609506 -0.73709993],[-0.14956756  3.47359117],[-0.11014104 -0.00527199]
1977,1.976999999999893,[ 0.53072964 -0.13431459],[ 0.29594549 -0.73362634],[-0.15011525  3.45650272],[-0.11028742 -0.00534991]
1978,1.977999999999893,[ 0.53102544 -0.13504476],[ 0.29579537 -0.73016983],[-0.15066407  3.439323  ],[-0.11043365 -0.00542765]
1979,1.9789999999998928,[ 0.53132108 -0.13577149],[ 0.29564471 -0.72673051],[-0.15121388  3.42206016],[-0.11057973 -0.00550521]
1980,1.9799999999998927,[ 0.53161658 -0.1364948 ],[ 0.29549349 -0.72330845],[-0.15176458  3.40472207],[-0.11072565 -0.00558257]
1981,1.9809999999998926,[ 0.53191192 -0.1372147 ],[ 0.29534173 -0.71990373],[-0.15231603  3.38731623],[-0.11087142 -0.00565973]
1982,1.9819999999998925,[ 0.53220711 -0.13793122],[ 0.29518941 -0.71651641],[-0.15286811  3.36984986],[-0.11101704 -0.00573668]
1983,1.9829999999998924,[ 0.53250215 -0.13864437],[ 0.29503655 -0.71314656],[-0.15342073  3.35232988],[-0.11116251 -0.00581341]
1984,1.9839999999998923,[ 0.53279703 -0.13935416],[ 0.29488313 -0.70979423],[-0.15397377  3.33476292],[-0.11130783 -0.00588992]
1985,1.9849999999998922,[ 0.53309176 -0.14006062],[ 0.29472915 -0.70645947],[-0.15452713  3.31715535],[-0.11145299 -0.0059662 ]
1986,1.985999999999892,[ 0.53338633 -0.14076376],[ 0.29457462 -0.70314231],[-0.15508072  3.29951326],[-0.111598   -0.00604224]
1987,1.986999999999892,[ 0.53368075 -0.1414636 ],[ 0.29441954 -0.6998428 ],[-0.15563444  3.28184249],[-0.11174285 -0.00611805]
1988,1.9879999999998919,[ 0.53397502 -0.14216017],[ 0.29426391 -0.69656096],[-0.1561882   3.26414865],[-0.11188755 -0.00619362]
1989,1.9889999999998917,[ 0.53426912 -0.14285346],[ 0.29410772 -0.69329681],[-0.15674192  3.24643709],[-0.1120321  -0.00626893]
1990,1.9899999999998916,[ 0.53456308 -0.14354351],[ 0.29395098 -0.69005037],[-0.15729552  3.22871294],[-0.1121765  -0.00634399]
1991,1.9909999999998915,[ 0.53485687 -0.14423033],[ 0.29379368 -0.68682166],[-0.15784891  3.21098114],[-0.11232074 -0.0064188 ]
1992,1.9919999999998914,[ 0.5351505  -0.14491395],[ 0.29363583 -0.68361068],[-0.15840203  3.19324639],[-0.11246483 -0.00649334]
1993,1.9929999999998913,[ 0.53544398 -0.14559436],[ 0.29347743 -0.68041743],[-0.15895479  3.17551319],[-0.11260876 -0.00656761]
1994,1.9939999999998912,[ 0.5357373 -0.1462716],[ 0.29331848 -0.67724192],[-0.15950714  3.15778586],[-0.11275254 -0.00664162]
1995,1.994999999999891,[ 0.53603046 -0.14694569],[ 0.29315897 -0.67408413],[-0.160059    3.14006852],[-0.11289617 -0.00671536]
1996,1.995999999999891,[ 0.53632346 -0.14761663],[ 0.29299891 -0.67094407],[-0.16061032  3.12236512],[-0.11303964 -0.00678882]
1997,1.9969999999998909,[ 0.5366163  -0.14828445],[ 0.2928383 -0.6678217],[-0.16116102  3.10467943],[-0.11318296 -0.006862  ]
1998,1.9979999999998908,[ 0.53690897 -0.14894917],[ 0.29267714 -0.66471702],[-0.16171107  3.08701506],[-0.11332612 -0.0069349 ]
1999,1.9989999999998906,[ 0.53720149 -0.1496108 ],[ 0.29251543 -0.66163001],[-0.16226039  3.06937544],[-0.11346913 -0.00700752]
2000,1.9999999999998905,[ 0.53749384 -0.15026936],[ 0.29235317 -0.65856063],[-0.16280895  3.05176388],[-0.11361199 -0.00707985]
2001,2.0009999999998906,[ 0.53778603 -0.15092487],[ 0.29219036 -0.65550887],[-0.16335668  3.03418352],[-0.11375469 -0.00715189]
2002,2.0019999999998905,[ 0.53807806 -0.15157735],[ 0.292027   -0.65247468],[-0.16390354  3.01663735],[-0.11389724 -0.00722364]
2003,2.0029999999998904,[ 0.53836992 -0.1522268 ],[ 0.2918631  -0.64945805],[-0.16444949  2.99912823],[-0.11403964 -0.00729511]
2004,2.0039999999998903,[ 0.53866162 -0.15287326],[ 0.29169865 -0.64645892],[-0.16499448  2.9816589 ],[-0.11418187 -0.00736627]
2005,2.00499999999989,[ 0.53895316 -0.15351674],[ 0.29153366 -0.64347726],[-0.16553847  2.96423196],[-0.11432396 -0.00743715]
2006,2.00599999999989,[ 0.53924452 -0.15415725],[ 0.29136812 -0.64051303],[-0.16608142  2.94684989],[-0.11446589 -0.00750772]
2007,2.00699999999989,[ 0.53953573 -0.15479482],[ 0.29120204 -0.63756618],[-0.16662329  2.92951505],[-0.11460767 -0.007578  ]
2008,2.00799999999989,[ 0.53982676 -0.15542946],[ 0.29103541 -0.63463666],[-0.16716406  2.91222968],[-0.11474929 -0.00764798]
2009,2.0089999999998898,[ 0.54011763 -0.15606118],[ 0.29086825 -0.63172443],[-0.16770367  2.89499594],[-0.11489076 -0.00771766]
2010,2.0099999999998897,[ 0.54040833 -0.15669001],[ 0.29070054 -0.62882944],[-0.16824211  2.87781585],[-0.11503207 -0.00778704]
2011,2.0109999999998895,[ 0.54069886 -0.15731596],[ 0.2905323  -0.62595162],[-0.16877934  2.86069136],[-0.11517323 -0.00785612]
2012,2.0119999999998894,[ 0.54098923 -0.15793905],[ 0.29036352 -0.62309093],[-0.16931533  2.84362429],[-0.11531424 -0.00792489]
2013,2.0129999999998893,[ 0.54127942 -0.1585593 ],[ 0.29019421 -0.6202473 ],[-0.16985005  2.82661639],[-0.11545509 -0.00799336]
2014,2.013999999999889,[ 0.54156944 -0.15917672],[ 0.29002436 -0.61742069],[-0.17038348  2.80966933],[-0.11559578 -0.00806153]
2015,2.014999999999889,[ 0.5418593  -0.15979133],[ 0.28985397 -0.61461102],[-0.1709156   2.79278466],[-0.11573632 -0.0081294 ]
2016,2.015999999999889,[ 0.54214898 -0.16040315],[ 0.28968306 -0.61181823],[-0.17144637  2.77596387],[-0.11587671 -0.00819696]
2017,2.016999999999889,[ 0.54243849 -0.16101219],[ 0.28951161 -0.60904227],[-0.17197578  2.75920837],[-0.11601694 -0.00826421]
2018,2.0179999999998888,[ 0.54272783 -0.16161847],[ 0.28933964 -0.60628306],[-0.17250381  2.74251949],[-0.11615702 -0.00833116]
2019,2.0189999999998887,[ 0.543017   -0.16222202],[ 0.28916713 -0.60354054],[-0.17303044  2.72589848],[-0.11629694 -0.00839781]
2020,2.0199999999998886,[ 0.54330599 -0.16282283],[ 0.2889941  -0.60081464],[-0.17355564  2.70934654],[-0.11643671 -0.00846415]
2021,2.0209999999998884,[ 0.54359481 -0.16342094],[ 0.28882055 -0.5981053 ],[-0.1740794   2.69286477],[-0.11657633 -0.00853019]
2022,2.0219999999998883,[ 0.54388346 -0.16401635],[ 0.28864647 -0.59541243],[-0.1746017   2.67645424],[-0.11671579 -0.00859592]
2023,2.022999999999888,[ 0.54417193 -0.16460908],[ 0.28847187 -0.59273598],[-0.17512254  2.66011592],[-0.11685509 -0.00866135]
2024,2.023999999999888,[ 0.54446023 -0.16519916],[ 0.28829674 -0.59007586],[-0.17564188  2.64385076],[-0.11699424 -0.00872647]
2025,2.024999999999888,[ 0.54474835 -0.16578659],[ 0.2881211  -0.58743201],[-0.17615973  2.62765962],[-0.11713324 -0.00879129]
2026,2.025999999999888,[ 0.5450363 -0.1663714],[ 0.28794494 -0.58480435],[-0.17667606  2.61154331],[-0.11727208 -0.00885581]
2027,2.026999999999888,[ 0.54532406 -0.16695359],[ 0.28776827 -0.58219281],[-0.17719087  2.59550261],[-0.11741076 -0.00892003]
2028,2.0279999999998877,[ 0.54561165 -0.16753319],[ 0.28759107 -0.57959731],[-0.17770414  2.57953821],[-0.11754929 -0.00898394]
2029,2.0289999999998876,[ 0.54589907 -0.1681102 ],[ 0.28741337 -0.57701777],[-0.17821586  2.56365079],[-0.11768767 -0.00904755]
2030,2.0299999999998875,[ 0.5461863  -0.16868466],[ 0.28723515 -0.57445412],[-0.17872603  2.54784095],[-0.11782589 -0.00911086]
2031,2.0309999999998873,[ 0.54647336 -0.16925656],[ 0.28705643 -0.57190628],[-0.17923463  2.53210927],[-0.11796396 -0.00917387]
2032,2.0319999999998872,[ 0.54676024 -0.16982594],[ 0.28687719 -0.56937417],[-0.17974166  2.51645627],[-0.11810187 -0.00923658]
2033,2.032999999999887,[ 0.54704693 -0.1703928 ],[ 0.28669745 -0.56685771],[-0.18024711  2.50088243],[-0.11823963 -0.009299  ]
2034,2.033999999999887,[ 0.54733345 -0.17095715],[ 0.28651721 -0.56435683],[-0.18075097  2.4853882 ],[-0.11837724 -0.00936111]
2035,2.034999999999887,[ 0.54761979 -0.17151902],[ 0.28633645 -0.56187144],[-0.18125324  2.46997398],[-0.11851469 -0.00942293]
2036,2.035999999999887,[ 0.54790594 -0.17207843],[ 0.2861552  -0.55940147],[-0.18175391  2.45464014],[-0.11865198 -0.00948445]
2037,2.0369999999998867,[ 0.54819192 -0.17263537],[ 0.28597345 -0.55694683],[-0.18225298  2.43938701],[-0.11878912 -0.00954567]
2038,2.0379999999998866,[ 0.54847771 -0.17318988],[ 0.28579119 -0.55450744],[-0.18275043  2.42421489],[-0.11892611 -0.0096066 ]
2039,2.0389999999998865,[ 0.54876332 -0.17374196],[ 0.28560844 -0.55208322],[-0.18324627  2.40912404],[-0.11906294 -0.00966724]
2040,2.0399999999998863,[ 0.54904874 -0.17429164],[ 0.2854252 -0.5496741],[-0.1837405  2.3941147],[-0.11919961 -0.00972758]
2041,2.0409999999998862,[ 0.54933398 -0.17483892],[ 0.28524146 -0.54727999],[-0.18423311  2.37918707],[-0.11933614 -0.00978764]
2042,2.041999999999886,[ 0.54961904 -0.17538382],[ 0.28505722 -0.5449008 ],[-0.18472409  2.36434133],[-0.1194725 -0.0098474]
2043,2.042999999999886,[ 0.54990391 -0.17592635],[ 0.2848725  -0.54253646],[-0.18521346  2.34957762],[-0.11960872 -0.00990687]
2044,2.043999999999886,[ 0.5501886  -0.17646654],[ 0.28468729 -0.54018688],[-0.18570119  2.33489607],[-0.11974478 -0.00996606]
2045,2.044999999999886,[ 0.5504731  -0.17700439],[ 0.28450159 -0.53785198],[-0.1861873   2.32029677],[-0.11988068 -0.01002496]
2046,2.0459999999998857,[ 0.55075742 -0.17753993],[ 0.2843154  -0.53553169],[-0.18667178  2.30577979],[-0.12001643 -0.01008357]
2047,2.0469999999998856,[ 0.55104155 -0.17807315],[ 0.28412873 -0.53322591],[-0.18715464  2.29134518],[-0.12015202 -0.01014189]
2048,2.0479999999998855,[ 0.55132549 -0.17860409],[ 0.28394157 -0.53093456],[-0.18763586  2.27699297],[-0.12028746 -0.01019994]
2049,2.0489999999998854,[ 0.55160924 -0.17913274],[ 0.28375394 -0.52865757],[-0.18811546  2.26272316],[-0.12042275 -0.0102577 ]
2050,2.0499999999998852,[ 0.55189281 -0.17965914],[ 0.28356582 -0.52639485],[-0.18859343  2.24853574],[-0.12055788 -0.01031518]
2051,2.050999999999885,[ 0.55217618 -0.18018328],[ 0.28337723 -0.52414631],[-0.18906977  2.23443066],[-0.12069286 -0.01037238]
2052,2.051999999999885,[ 0.55245937 -0.1807052 ],[ 0.28318816 -0.52191188],[-0.18954448  2.22040788],[-0.12082768 -0.0104293 ]
2053,2.052999999999885,[ 0.55274237 -0.18122489],[ 0.28299861 -0.51969147],[-0.19001758  2.20646732],[-0.12096235 -0.01048594]
2054,2.053999999999885,[ 0.55302518 -0.18174237],[ 0.28280859 -0.517485  ],[-0.19048905  2.1926089 ],[-0.12109686 -0.01054231]
2055,2.0549999999998847,[ 0.5533078  -0.18225767],[ 0.28261811 -0.51529239],[-0.19095889  2.17883251],[-0.12123122 -0.0105984 ]
2056,2.0559999999998846,[ 0.55359022 -0.18277078],[ 0.28242715 -0.51311356],[-0.19142712  2.16513802],[-0.12136542 -0.01065421]
2057,2.0569999999998845,[ 0.55387246 -0.18328173],[ 0.28223572 -0.51094842],[-0.19189374  2.15152531],[-0.12149947 -0.01070976]
2058,2.0579999999998844,[ 0.5541545  -0.18379052],[ 0.28204383 -0.5087969 ],[-0.19235874  2.13799423],[-0.12163337 -0.01076503]
2059,2.0589999999998843,[ 0.55443636 -0.18429718],[ 0.28185147 -0.5066589 ],[-0.19282213  2.1245446 ],[-0.12176711 -0.01082004]
2060,2.059999999999884,[ 0.55471801 -0.18480172],[ 0.28165865 -0.50453436],[-0.19328391  2.11117626],[-0.1219007  -0.01087477]
2061,2.060999999999884,[ 0.55499948 -0.18530414],[ 0.28146536 -0.50242318],[-0.19374409  2.09788901],[-0.12203413 -0.01092924]
2062,2.061999999999884,[ 0.55528075 -0.18580447],[ 0.28127162 -0.50032529],[-0.19420267  2.08468266],[-0.12216741 -0.01098345]
2063,2.062999999999884,[ 0.55556183 -0.18630271],[ 0.28107741 -0.49824061],[-0.19465965  2.07155699],[-0.12230053 -0.01103738]
2064,2.0639999999998837,[ 0.55584271 -0.18679888],[ 0.28088275 -0.49616906],[-0.19511504  2.05851178],[-0.1224335  -0.01109106]
2065,2.0649999999998836,[ 0.5561234  -0.18729299],[ 0.28068764 -0.49411054],[-0.19556884  2.0455468 ],[-0.12256632 -0.01114447]
2066,2.0659999999998835,[ 0.55640389 -0.18778505],[ 0.28049207 -0.492065  ],[-0.19602105  2.03266181],[-0.12269898 -0.01119763]
2067,2.0669999999998834,[ 0.55668419 -0.18827508],[ 0.28029605 -0.49003233],[-0.19647168  2.01985655],[-0.12283149 -0.01125052]
2068,2.0679999999998833,[ 0.55696429 -0.1887631 ],[ 0.28009958 -0.48801248],[-0.19692074  2.00713076],[-0.12296384 -0.01130316]
2069,2.068999999999883,[ 0.55724419 -0.1892491 ],[ 0.27990266 -0.48600535],[-0.19736823  1.99448419],[-0.12309604 -0.01135554]
2070,2.069999999999883,[ 0.55752389 -0.18973311],[ 0.27970529 -0.48401086],[-0.19781414  1.98191654],[-0.12322808 -0.01140766]
2071,2.070999999999883,[ 0.5578034  -0.19021514],[ 0.27950748 -0.48202895],[-0.1982585   1.96942754],[-0.12335997 -0.01145954]
2072,2.071999999999883,[ 0.55808271 -0.1906952 ],[ 0.27930922 -0.48005952],[-0.1987013  1.9570169],[-0.12349171 -0.01151116]
2073,2.0729999999998827,[ 0.55836182 -0.1911733 ],[ 0.27911052 -0.4781025 ],[-0.19914254  1.94468432],[-0.12362329 -0.01156253]
2074,2.0739999999998826,[ 0.55864073 -0.19164946],[ 0.27891137 -0.47615782],[-0.19958224  1.93242949],[-0.12375472 -0.01161365]
2075,2.0749999999998825,[ 0.55891945 -0.19212369],[ 0.27871179 -0.47422539],[-0.20002039  1.92025211],[-0.12388599 -0.01166452]
2076,2.0759999999998824,[ 0.55919796 -0.19259599],[ 0.27851177 -0.47230514],[-0.20045701  1.90815186],[-0.12401711 -0.01171514]
2077,2.0769999999998823,[ 0.55947627 -0.19306639],[ 0.27831131 -0.47039698],[-0.2008921   1.89612842],[-0.12414807 -0.01176552]
2078,2.077999999999882,[ 0.55975438 -0.19353489],[ 0.27811042 -0.46850086],[-0.20132566  1.88418146],[-0.12427888 -0.01181566]
2079,2.078999999999882,[ 0.56003229 -0.19400151],[ 0.2779091  -0.46661667],[-0.2017577   1.87231066],[-0.12440954 -0.01186556]
2080,2.079999999999882,[ 0.56030999 -0.19446625],[ 0.27770734 -0.46474436],[-0.20218823  1.86051568],[-0.12454004 -0.01191521]
2081,2.080999999999882,[ 0.5605875  -0.19492913],[ 0.27750515 -0.46288385],[-0.20261725  1.84879618],[-0.12467039 -0.01196462]
2082,2.0819999999998817,[ 0.5608648  -0.19539017],[ 0.27730253 -0.46103505],[-0.20304476  1.83715182],[-0.12480058 -0.0120138 ]
2083,2.0829999999998816,[ 0.5611419  -0.19584937],[ 0.27709949 -0.4591979 ],[-0.20347077  1.82558225],[-0.12493062 -0.01206274]
2084,2.0839999999998815,[ 0.5614188  -0.19630674],[ 0.27689602 -0.45737232],[-0.2038953   1.81408712],[-0.12506051 -0.01211144]
2085,2.0849999999998814,[ 0.56169549 -0.1967623 ],[ 0.27669212 -0.45555823],[-0.20431834  1.80266608],[-0.12519024 -0.01215991]
2086,2.0859999999998813,[ 0.56197198 -0.19721605],[ 0.2764878  -0.45375556],[-0.20473989  1.79131877],[-0.12531982 -0.01220814]
2087,2.086999999999881,[ 0.56224826 -0.19766802],[ 0.27628306 -0.45196425],[-0.20515998  1.78004483],[-0.12544924 -0.01225615]
2088,2.087999999999881,[ 0.56252434 -0.1981182 ],[ 0.2760779 -0.4501842],[-0.20557859  1.76884391],[-0.12557851 -0.01230392]
2089,2.088999999999881,[ 0.56280021 -0.19856662],[ 0.27587232 -0.44841536],[-0.20599575  1.75771564],[-0.12570763 -0.01235147]
2090,2.089999999999881,[ 0.56307588 -0.19901327],[ 0.27566633 -0.44665764],[-0.20641144  1.74665965],[-0.12583659 -0.01239879]
2091,2.0909999999998807,[ 0.56335134 -0.19945819],[ 0.27545992 -0.44491098],[-0.20682569  1.73567557],[-0.1259654  -0.01244588]
2092,2.0919999999998806,[ 0.56362659 -0.19990136],[ 0.27525309 -0.44317531],[-0.2072385   1.72476304],[-0.12609405 -0.01249275]
2093,2.0929999999998805,[ 0.56390164 -0.20034281],[ 0.27504585 -0.44145054],[-0.20764986  1.71392169],[-0.12622255 -0.01253939]
2094,2.0939999999998804,[ 0.56417647 -0.20078255],[ 0.2748382  -0.43973662],[-0.2080598   1.70315114],[-0.12635089 -0.01258581]
2095,2.0949999999998803,[ 0.5644511  -0.20122058],[ 0.27463014 -0.43803347],[-0.20846831  1.69245102],[-0.12647909 -0.01263202]
2096,2.09599999999988,[ 0.56472553 -0.20165692],[ 0.27442168 -0.43634102],[-0.2088754   1.68182095],[-0.12660712 -0.012678  ]
2097,2.09699999999988,[ 0.56499974 -0.20209158],[ 0.2742128 -0.4346592],[-0.20928108  1.67126055],[-0.12673501 -0.01272376]
2098,2.09799999999988,[ 0.56527374 -0.20252457],[ 0.27400352 -0.43298794],[-0.20968535  1.66076946],[-0.12686274 -0.01276931]
2099,2.09899999999988,[ 0.56554754 -0.2029559 ],[ 0.27379383 -0.43132717],[-0.21008823  1.65034729],[-0.12699031 -0.01281464]
2100,2.0999999999998797,[ 0.56582112 -0.20338557],[ 0.27358375 -0.42967682],[-0.21048971  1.63999367],[-0.12711774 -0.01285976]
2101,2.1009999999998796,[ 0.56609449 -0.20381361],[ 0.27337326 -0.42803683],[-0.2108898   1.62970821],[-0.127245   -0.01290467]
2102,2.1019999999998795,[ 0.56636766 -0.20424002],[ 0.27316237 -0.42640712],[-0.21128851  1.61949054],[-0.12737212 -0.01294936]
2103,2.1029999999998794,[ 0.56664061 -0.20466481],[ 0.27295108 -0.42478763],[-0.21168584  1.60934028],[-0.12749908 -0.01299385]
2104,2.1039999999998793,[ 0.56691335 -0.20508798],[ 0.27273939 -0.42317829],[-0.21208181  1.59925704],[-0.12762588 -0.01303812]
2105,2.104999999999879,[ 0.56718587 -0.20550956],[ 0.27252731 -0.42157903],[-0.21247641  1.58924045],[-0.12775254 -0.01308219]
2106,2.105999999999879,[ 0.56745819 -0.20592955],[ 0.27231483 -0.41998979],[-0.21286966  1.57929013],[-0.12787904 -0.01312605]
2107,2.106999999999879,[ 0.56773029 -0.20634796],[ 0.27210196 -0.4184105 ],[-0.21326156  1.5694057 ],[-0.12800538 -0.01316971]
2108,2.107999999999879,[ 0.56800218 -0.2067648 ],[ 0.2718887 -0.4168411],[-0.21365212  1.55958678],[-0.12813157 -0.01321316]
2109,2.1089999999998787,[ 0.56827385 -0.20718009],[ 0.27167505 -0.41528151],[-0.21404133  1.54983299],[-0.12825761 -0.01325641]
2110,2.1099999999998786,[ 0.56854532 -0.20759382],[ 0.27146101 -0.41373168],[-0.21442922  1.54014395],[-0.12838349 -0.01329946]
2111,2.1109999999998785,[ 0.56881656 -0.20800601],[ 0.27124658 -0.41219153],[-0.21481578  1.53051929],[-0.12850922 -0.01334231]
2112,2.1119999999998784,[ 0.56908759 -0.20841667],[ 0.27103176 -0.41066101],[-0.21520103  1.52095862],[-0.1286348  -0.01338496]
2113,2.1129999999998783,[ 0.56935841 -0.20882581],[ 0.27081656 -0.40914005],[-0.21558496  1.51146157],[-0.12876022 -0.01342741]
2114,2.113999999999878,[ 0.56962901 -0.20923344],[ 0.27060098 -0.40762859],[-0.21596758  1.50202776],[-0.12888549 -0.01346967]
2115,2.114999999999878,[ 0.5698994  -0.20963956],[ 0.27038501 -0.40612656],[-0.21634891  1.49265682],[-0.12901061 -0.01351173]
2116,2.115999999999878,[ 0.57016956 -0.2100442 ],[ 0.27016866 -0.40463391],[-0.21672894  1.48334837],[-0.12913557 -0.0135536 ]
2117,2.116999999999878,[ 0.57043952 -0.21044735],[ 0.26995193 -0.40315056],[-0.21710768  1.47410204],[-0.12926037 -0.01359527]
2118,2.1179999999998778,[ 0.57070925 -0.21084903],[ 0.26973482 -0.40167646],[-0.21748515  1.46491746],[-0.12938503 -0.01363676]
2119,2.1189999999998776,[ 0.57097877 -0.21124924],[ 0.26951734 -0.40021154],[-0.21786134  1.45579424],[-0.12950953 -0.01367805]
2120,2.1199999999998775,[ 0.57124807 -0.21164799],[ 0.26929948 -0.39875575],[-0.21823626  1.44673203],[-0.12963387 -0.01371915]
2121,2.1209999999998774,[ 0.57151715 -0.2120453 ],[ 0.26908124 -0.39730901],[-0.21860991  1.43773045],[-0.12975807 -0.01376007]
2122,2.1219999999998773,[ 0.57178601 -0.21244117],[ 0.26886263 -0.39587128],[-0.21898231  1.42878913],[-0.12988211 -0.0138008 ]
2123,2.122999999999877,[ 0.57205466 -0.21283562],[ 0.26864365 -0.39444249],[-0.21935346  1.41990771],[-0.13000599 -0.01384134]
2124,2.123999999999877,[ 0.57232308 -0.21322864],[ 0.2684243  -0.39302259],[-0.21972336  1.41108581],[-0.13012972 -0.0138817 ]
2125,2.124999999999877,[ 0.57259128 -0.21362025],[ 0.26820457 -0.3916115 ],[-0.22009203  1.40232307],[-0.1302533  -0.01392188]
2126,2.125999999999877,[ 0.57285927 -0.21401046],[ 0.26798448 -0.39020918],[-0.22045946  1.39361913],[-0.13037673 -0.01396187]
2127,2.1269999999998768,[ 0.57312703 -0.21439927],[ 0.26776402 -0.38881556],[-0.22082567  1.38497363],[-0.1305     -0.01400169]
2128,2.1279999999998767,[ 0.57339458 -0.21478671],[ 0.2675432  -0.38743058],[-0.22119066  1.3763862 ],[-0.13062311 -0.01404132]
2129,2.1289999999998765,[ 0.5736619  -0.21517276],[ 0.267322  -0.3860542],[-0.22155443  1.36785648],[-0.13074608 -0.01408077]
2130,2.1299999999998764,[ 0.573929   -0.21555745],[ 0.26710045 -0.38468634],[-0.22191699  1.35938411],[-0.13086889 -0.01412005]
2131,2.1309999999998763,[ 0.57419588 -0.21594077],[ 0.26687853 -0.38332696],[-0.22227835  1.35096874],[-0.13099154 -0.01415915]
2132,2.131999999999876,[ 0.57446253 -0.21632275],[ 0.26665626 -0.38197599],[-0.22263851  1.34261002],[-0.13111405 -0.01419808]
2133,2.132999999999876,[ 0.57472897 -0.21670338],[ 0.26643362 -0.38063338],[-0.22299748  1.33430757],[-0.1312364  -0.01423683]
2134,2.133999999999876,[ 0.57499518 -0.21708268],[ 0.26621062 -0.37929907],[-0.22335527  1.32606106],[-0.13135859 -0.01427541]
2135,2.134999999999876,[ 0.57526117 -0.21746065],[ 0.26598726 -0.37797301],[-0.22371187  1.31787013],[-0.13148063 -0.01431382]
2136,2.1359999999998758,[ 0.57552693 -0.21783731],[ 0.26576355 -0.37665514],[-0.22406731  1.30973443],[-0.13160252 -0.01435205]
2137,2.1369999999998757,[ 0.57579247 -0.21821265],[ 0.26553948 -0.37534541],[-0.22442157  1.30165361],[-0.13172426 -0.01439012]
2138,2.1379999999998756,[ 0.57605778 -0.2185867 ],[ 0.26531506 -0.37404375],[-0.22477467  1.29362733],[-0.13184584 -0.01442801]
2139,2.1389999999998754,[ 0.57632287 -0.21895945],[ 0.26509029 -0.37275012],[-0.22512662  1.28565524],[-0.13196727 -0.01446574]
2140,2.1399999999998753,[ 0.57658774 -0.21933091],[ 0.26486516 -0.37146447],[-0.22547741  1.27773699],[-0.13208854 -0.01450331]
2141,2.1409999999998752,[ 0.57685238 -0.2197011 ],[ 0.26463968 -0.37018673],[-0.22582706  1.26987225],[-0.13220966 -0.0145407 ]
2142,2.141999999999875,[ 0.57711679 -0.22007002],[ 0.26441386 -0.36891686],[-0.22617557  1.26206067],[-0.13233063 -0.01457794]
2143,2.142999999999875,[ 0.57738098 -0.22043767],[ 0.26418768 -0.3676548 ],[-0.22652295  1.25430192],[-0.13245144 -0.01461501]
2144,2.143999999999875,[ 0.57764494 -0.22080407],[ 0.26396116 -0.3664005 ],[-0.22686919  1.24659566],[-0.1325721  -0.01465191]
2145,2.144999999999875,[ 0.57790868 -0.22116923],[ 0.26373429 -0.3651539 ],[-0.22721432  1.23894154],[-0.13269261 -0.01468866]
2146,2.1459999999998747,[ 0.57817218 -0.22153314],[ 0.26350708 -0.36391496],[-0.22755832  1.23133925],[-0.13281296 -0.01472525]
2147,2.1469999999998746,[ 0.57843546 -0.22189582],[ 0.26327952 -0.36268362],[-0.22790121  1.22378844],[-0.13293316 -0.01476167]
2148,2.1479999999998745,[ 0.57869851 -0.22225728],[ 0.26305162 -0.36145983],[-0.228243    1.21628879],[-0.13305321 -0.01479794]
2149,2.1489999999998743,[ 0.57896134 -0.22261753],[ 0.26282337 -0.36024354],[-0.22858369  1.20883997],[-0.1331731  -0.01483405]
2150,2.1499999999998742,[ 0.57922393 -0.22297656],[ 0.26259479 -0.3590347 ],[-0.22892328  1.20144164],[-0.13329284 -0.01487   ]
2151,2.150999999999874,[ 0.5794863 -0.2233344],[ 0.26236587 -0.35783326],[-0.22926177  1.1940935 ],[-0.13341243 -0.0149058 ]
2152,2.151999999999874,[ 0.57974843 -0.22369103],[ 0.2621366  -0.35663917],[-0.22959919  1.1867952 ],[-0.13353186 -0.01494145]
2153,2.152999999999874,[ 0.58001034 -0.22404649],[ 0.261907   -0.35545237],[-0.22993552  1.17954643],[-0.13365114 -0.01497694]
2154,2.153999999999874,[ 0.58027202 -0.22440076],[ 0.26167707 -0.35427283],[-0.23027078  1.17234688],[-0.13377027 -0.01501228]
2155,2.1549999999998737,[ 0.58053347 -0.22475386],[ 0.2614468  -0.35310048],[-0.23060497  1.16519621],[-0.13388924 -0.01504747]
2156,2.1559999999998736,[ 0.58079468 -0.2251058 ],[ 0.26121619 -0.35193528],[-0.23093809  1.15809413],[-0.13400806 -0.0150825 ]
2157,2.1569999999998735,[ 0.58105567 -0.22545657],[ 0.26098526 -0.35077719],[-0.23127016  1.1510403 ],[-0.13412672 -0.01511739]
2158,2.1579999999998734,[ 0.58131642 -0.2258062 ],[ 0.26075399 -0.34962615],[-0.23160117  1.14403442],[-0.13424523 -0.01515213]
2159,2.1589999999998732,[ 0.58157694 -0.22615468],[ 0.26052238 -0.34848212],[-0.23193113  1.13707617],[-0.13436359 -0.01518672]
2160,2.159999999999873,[ 0.58183723 -0.22650203],[ 0.26029045 -0.34734504],[-0.23226005  1.13016525],[-0.1344818  -0.01522116]
2161,2.160999999999873,[ 0.58209729 -0.22684824],[ 0.26005819 -0.34621487],[-0.23258793  1.12330135],[-0.13459985 -0.01525546]
2162,2.161999999999873,[ 0.58235712 -0.22719333],[ 0.2598256  -0.34509157],[-0.23291478  1.11648417],[-0.13471775 -0.01528962]
2163,2.162999999999873,[ 0.58261671 -0.22753731],[ 0.25959269 -0.34397509],[-0.2332406   1.10971339],[-0.13483549 -0.01532363]
2164,2.1639999999998727,[ 0.58287607 -0.22788017],[ 0.25935945 -0.34286537],[-0.23356539  1.10298872],[-0.13495309 -0.0153575 ]
2165,2.1649999999998726,[ 0.5831352  -0.22822194],[ 0.25912588 -0.34176239],[-0.23388917  1.09630985],[-0.13507052 -0.01539122]
2166,2.1659999999998725,[ 0.58339409 -0.2285626 ],[ 0.258892   -0.34066608],[-0.23421193  1.08967649],[-0.13518781 -0.0154248 ]
2167,2.1669999999998724,[ 0.58365275 -0.22890218],[ 0.25865778 -0.3395764 ],[-0.23453368  1.08308834],[-0.13530494 -0.01545825]
2168,2.1679999999998723,[ 0.58391117 -0.22924067],[ 0.25842325 -0.33849331],[-0.23485443  1.0765451 ],[-0.13542192 -0.01549155]
2169,2.168999999999872,[ 0.58416936 -0.22957809],[ 0.25818839 -0.33741677],[-0.23517417  1.07004648],[-0.13553875 -0.01552472]
2170,2.169999999999872,[ 0.58442731 -0.22991444],[ 0.25795322 -0.33634672],[-0.23549293  1.06359219],[-0.13565542 -0.01555775]
2171,2.170999999999872,[ 0.58468503 -0.23024972],[ 0.25771773 -0.33528313],[-0.23581069  1.05718193],[-0.13577194 -0.01559064]
2172,2.171999999999872,[ 0.58494251 -0.23058394],[ 0.25748192 -0.33422595],[-0.23612747  1.05081543],[-0.1358883  -0.01562339]
2173,2.1729999999998717,[ 0.58519976 -0.23091712],[ 0.25724579 -0.33317513],[-0.23644327  1.04449238],[-0.13600451 -0.01565601]
2174,2.1739999999998716,[ 0.58545676 -0.23124925],[ 0.25700935 -0.33213064],[-0.23675809  1.03821252],[-0.13612057 -0.0156885 ]
2175,2.1749999999998715,[ 0.58571354 -0.23158034],[ 0.25677259 -0.33109243],[-0.23707194  1.03197554],[-0.13623648 -0.01572085]
2176,2.1759999999998714,[ 0.58597007 -0.2319104 ],[ 0.25653552 -0.33006045],[-0.23738483  1.02578118],[-0.13635223 -0.01575307]
2177,2.1769999999998713,[ 0.58622637 -0.23223944],[ 0.25629813 -0.32903467],[-0.23769675  1.01962915],[-0.13646783 -0.01578516]
2178,2.177999999999871,[ 0.58648243 -0.23256745],[ 0.25606043 -0.32801504],[-0.23800772  1.01351917],[-0.13658327 -0.01581712]
2179,2.178999999999871,[ 0.58673825 -0.23289445],[ 0.25582243 -0.32700152],[-0.23831773  1.00745097],[-0.13669857 -0.01584895]
2180,2.179999999999871,[ 0.58699384 -0.23322045],[ 0.25558411 -0.32599407],[-0.23862679  1.00142427],[-0.13681371 -0.01588065]
2181,2.180999999999871,[ 0.58724918 -0.23354544],[ 0.25534548 -0.32499265],[-0.23893491  0.9954388 ],[-0.13692869 -0.01591222]
2182,2.1819999999998707,[ 0.58750429 -0.23386944],[ 0.25510655 -0.32399721],[-0.23924209  0.98949429],[-0.13704352 -0.01594366]
2183,2.1829999999998706,[ 0.58775916 -0.23419245],[ 0.25486731 -0.32300771],[-0.23954834  0.98359046],[-0.1371582  -0.01597498]
2184,2.1839999999998705,[ 0.58801379 -0.23451447],[ 0.25462776 -0.32202412],[-0.23985365  0.97772705],[-0.13727273 -0.01600617]
2185,2.1849999999998704,[ 0.58826817 -0.23483552],[ 0.2543879  -0.32104639],[-0.24015804  0.9719038 ],[-0.1373871  -0.01603724]
2186,2.1859999999998703,[ 0.58852232 -0.23515559],[ 0.25414775 -0.32007449],[-0.24046151  0.96612043],[-0.13750132 -0.01606818]
2187,2.18699999999987,[ 0.58877623 -0.2354747 ],[ 0.25390728 -0.31910837],[-0.24076406  0.96037669],[-0.13761539 -0.016099  ]
2188,2.18799999999987,[ 0.58902989 -0.23579285],[ 0.25366652 -0.31814799],[-0.2410657   0.95467231],[-0.1377293  -0.01612969]
2189,2.18899999999987,[ 0.58928332 -0.23611004],[ 0.25342545 -0.31719332],[-0.24136642  0.94900704],[-0.13784306 -0.01616027]
2190,2.18999999999987,[ 0.5895365  -0.23642628],[ 0.25318409 -0.31624431],[-0.24166625  0.94338061],[-0.13795667 -0.01619072]
2191,2.1909999999998697,[ 0.58978945 -0.23674159],[ 0.25294242 -0.31530093],[-0.24196517  0.93779277],[-0.13807012 -0.01622105]
2192,2.1919999999998696,[ 0.59004215 -0.23705595],[ 0.25270046 -0.31436314],[-0.24226319  0.93224326],[-0.13818342 -0.01625126]
2193,2.1929999999998695,[ 0.59029461 -0.23736938],[ 0.25245819 -0.3134309 ],[-0.24256032  0.92673183],[-0.13829657 -0.01628135]
2194,2.1939999999998694,[ 0.59054682 -0.23768188],[ 0.25221563 -0.31250417],[-0.24285657  0.92125823],[-0.13840956 -0.01631133]
2195,2.1949999999998693,[ 0.59079879 -0.23799347],[ 0.25197278 -0.31158291],[-0.24315193  0.9158222 ],[-0.1385224  -0.01634119]
2196,2.195999999999869,[ 0.59105052 -0.23830413],[ 0.25172962 -0.31066709],[-0.24344641  0.91042351],[-0.13863509 -0.01637093]
2197,2.196999999999869,[ 0.59130201 -0.23861389],[ 0.25148618 -0.30975666],[-0.24374001  0.9050619 ],[-0.13874763 -0.01640055]
2198,2.197999999999869,[ 0.59155325 -0.23892274],[ 0.25124244 -0.3088516 ],[-0.24403274  0.89973713],[-0.13886001 -0.01643006]
2199,2.198999999999869,[ 0.59180425 -0.23923069],[ 0.25099841 -0.30795186],[-0.24432461  0.89444895],[-0.13897223 -0.01645946]
2200,2.1999999999998687,[ 0.592055   -0.23953775],[ 0.25075408 -0.30705741],[-0.24461561  0.88919711],[-0.13908431 -0.01648874]
2201,2.2009999999998686,[ 0.59230551 -0.23984392],[ 0.25050947 -0.30616822],[-0.24490575  0.88398139],[-0.13919623 -0.0165179 ]
2202,2.2019999999998685,[ 0.59255578 -0.2401492 ],[ 0.25026456 -0.30528424],[-0.24519503  0.87880154],[-0.139308   -0.01654696]
2203,2.2029999999998684,[ 0.5928058  -0.24045361],[ 0.25001936 -0.30440543],[-0.24548346  0.87365733],[-0.13941962 -0.0165759 ]
2204,2.2039999999998683,[ 0.59305557 -0.24075714],[ 0.24977388 -0.30353178],[-0.24577104  0.86854851],[-0.13953108 -0.01660474]
2205,2.204999999999868,[ 0.5933051 -0.2410598],[ 0.24952811 -0.30266323],[-0.24605778  0.86347485],[-0.13964239 -0.01663346]
2206,2.205999999999868,[ 0.59355438 -0.2413616 ],[ 0.24928205 -0.30179975],[-0.24634367  0.85843612],[-0.13975354 -0.01666207]
2207,2.206999999999868,[ 0.59380342 -0.24166255],[ 0.24903571 -0.30094132],[-0.24662873  0.85343209],[-0.13986455 -0.01669058]
2208,2.207999999999868,[ 0.59405221 -0.24196263],[ 0.24878908 -0.30008788],[-0.24691296  0.84846252],[-0.1399754  -0.01671897]
2209,2.2089999999998677,[ 0.59430075 -0.24226187],[ 0.24854217 -0.29923942],[-0.24719635  0.84352719],[-0.14008609 -0.01674726]
2210,2.2099999999998676,[ 0.59454904 -0.24256027],[ 0.24829497 -0.2983959 ],[-0.24747892  0.83862588],[-0.14019664 -0.01677544]
2211,2.2109999999998675,[ 0.59479709 -0.24285783],[ 0.24804749 -0.29755727],[-0.24776067  0.83375835],[-0.14030703 -0.01680352]
2212,2.2119999999998674,[ 0.59504489 -0.24315455],[ 0.24779973 -0.29672351],[-0.2480416   0.82892438],[-0.14041726 -0.01683149]
2213,2.2129999999998673,[ 0.59529244 -0.24345044],[ 0.24755169 -0.29589459],[-0.24832171  0.82412375],[-0.14052735 -0.01685936]
2214,2.213999999999867,[ 0.59553975 -0.24374551],[ 0.24730337 -0.29507046],[-0.24860102  0.81935624],[-0.14063728 -0.01688712]
2215,2.214999999999867,[ 0.5957868  -0.24403977],[ 0.24705477 -0.29425111],[-0.24887951  0.81462163],[-0.14074706 -0.01691477]
2216,2.215999999999867,[ 0.59603361 -0.2443332 ],[ 0.24680589 -0.29343649],[-0.2491572   0.80991969],[-0.14085668 -0.01694233]
2217,2.216999999999867,[ 0.59628016 -0.24462583],[ 0.24655673 -0.29262657],[-0.24943409  0.80525022],[-0.14096615 -0.01696978]
2218,2.2179999999998667,[ 0.59652647 -0.24491765],[ 0.2463073  -0.29182132],[-0.24971018  0.80061299],[-0.14107547 -0.01699713]
2219,2.2189999999998666,[ 0.59677253 -0.24520867],[ 0.24605759 -0.2910207 ],[-0.24998548  0.79600779],[-0.14118464 -0.01702438]
2220,2.2199999999998665,[ 0.59701834 -0.2454989 ],[ 0.2458076  -0.29022469],[-0.25025999  0.79143442],[-0.14129365 -0.01705153]
2221,2.2209999999998664,[ 0.59726389 -0.24578833],[ 0.24555734 -0.28943326],[-0.25053371  0.78689265],[-0.14140251 -0.01707858]
2222,2.2219999999998663,[ 0.5975092  -0.24607697],[ 0.24530681 -0.28864637],[-0.25080665  0.78238228],[-0.14151122 -0.01710553]
2223,2.222999999999866,[ 0.59775426 -0.24636484],[ 0.245056   -0.28786399],[-0.25107881  0.7779031 ],[-0.14161977 -0.01713238]
2224,2.223999999999866,[ 0.59799906 -0.24665192],[ 0.24480492 -0.28708608],[-0.25135019  0.7734549 ],[-0.14172817 -0.01715914]
2225,2.224999999999866,[ 0.59824361 -0.24693824],[ 0.24455357 -0.28631263],[-0.25162079  0.76903747],[-0.14183642 -0.0171858 ]
2226,2.225999999999866,[ 0.59848792 -0.24722378],[ 0.24430195 -0.28554359],[-0.25189063  0.76465062],[-0.14194452 -0.01721236]
2227,2.2269999999998658,[ 0.59873197 -0.24750856],[ 0.24405006 -0.28477894],[-0.2521597   0.76029414],[-0.14205246 -0.01723882]
2228,2.2279999999998656,[ 0.59897576 -0.24779258],[ 0.2437979  -0.28401864],[-0.25242801  0.75596782],[-0.14216025 -0.01726519]
2229,2.2289999999998655,[ 0.59921931 -0.24807584],[ 0.24354547 -0.28326268],[-0.25269556  0.75167146],[-0.14226788 -0.01729146]
2230,2.2299999999998654,[ 0.5994626  -0.24835835],[ 0.24329278 -0.28251101],[-0.25296235  0.74740488],[-0.14237536 -0.01731764]
2231,2.2309999999998653,[ 0.59970564 -0.24864012],[ 0.24303981 -0.2817636 ],[-0.25322839  0.74316786],[-0.14248269 -0.01734373]
2232,2.231999999999865,[ 0.59994843 -0.24892114],[ 0.24278659 -0.28102043],[-0.25349367  0.73896021],[-0.14258987 -0.01736972]
2233,2.232999999999865,[ 0.60019096 -0.24920142],[ 0.24253309 -0.28028147],[-0.25375821  0.73478174],[-0.14269689 -0.01739562]
2234,2.233999999999865,[ 0.60043324 -0.24948096],[ 0.24227933 -0.27954669],[-0.25402201  0.73063225],[-0.14280376 -0.01742143]
2235,2.234999999999865,[ 0.60067527 -0.24975978],[ 0.24202531 -0.27881606],[-0.25428506  0.72651155],[-0.14291048 -0.01744714]
2236,2.2359999999998648,[ 0.60091704 -0.25003787],[ 0.24177103 -0.27808955],[-0.25454738  0.72241945],[-0.14301705 -0.01747277]
2237,2.2369999999998647,[ 0.60115855 -0.25031524],[ 0.24151648 -0.27736713],[-0.25480896  0.71835576],[-0.14312346 -0.01749831]
2238,2.2379999999998645,[ 0.60139982 -0.25059189],[ 0.24126167 -0.27664877],[-0.25506981  0.71432028],[-0.14322972 -0.01752375]
2239,2.2389999999998644,[ 0.60164082 -0.25086782],[ 0.2410066  -0.27593445],[-0.25532993  0.71031283],[-0.14333582 -0.01754911]
2240,2.2399999999998643,[ 0.60188157 -0.25114304],[ 0.24075127 -0.27522414],[-0.25558932  0.70633323],[-0.14344177 -0.01757438]
2241,2.240999999999864,[ 0.60212207 -0.25141756],[ 0.24049568 -0.27451781],[-0.25584799  0.70238129],[-0.14354757 -0.01759956]
2242,2.241999999999864,[ 0.60236231 -0.25169138],[ 0.24023983 -0.27381542],[-0.25610595  0.69845682],[-0.14365322 -0.01762465]
2243,2.242999999999864,[ 0.60260229 -0.25196449],[ 0.23998373 -0.27311697],[-0.25636318  0.69455965],[-0.14375871 -0.01764965]
2244,2.243999999999864,[ 0.60284202 -0.25223692],[ 0.23972736 -0.27242241],[-0.2566197   0.69068959],[-0.14386405 -0.01767457]
2245,2.2449999999998638,[ 0.60308149 -0.25250865],[ 0.23947074 -0.27173172],[-0.25687551  0.68684645],[-0.14396924 -0.0176994 ]
2246,2.2459999999998637,[ 0.60332071 -0.25277969],[ 0.23921387 -0.27104487],[-0.25713062  0.68303007],[-0.14407428 -0.01772415]
2247,2.2469999999998636,[ 0.60355966 -0.25305006],[ 0.23895674 -0.27036184],[-0.25738501  0.67924025],[-0.14417916 -0.01774881]
2248,2.2479999999998634,[ 0.60379836 -0.25331974],[ 0.23869935 -0.2696826 ],[-0.25763871  0.67547684],[-0.14428389 -0.01777339]
2249,2.2489999999998633,[ 0.6040368  -0.25358875],[ 0.23844171 -0.26900712],[-0.25789171  0.67173964],[-0.14438847 -0.01779789]
2250,2.249999999999863,[ 0.60427499 -0.25385708],[ 0.23818382 -0.26833538],[-0.25814401  0.66802849],[-0.14449289 -0.0178223 ]
2251,2.250999999999863,[ 0.60451291 -0.25412475],[ 0.23792568 -0.26766736],[-0.25839561  0.66434321],[-0.14459716 -0.01784662]
2252,2.251999999999863,[ 0.60475058 -0.25439175],[ 0.23766728 -0.26700301],[-0.25864653  0.66068363],[-0.14470128 -0.01787087]
2253,2.252999999999863,[ 0.60498799 -0.25465809],[ 0.23740864 -0.26634233],[-0.25889676  0.65704958],[-0.14480524 -0.01789503]
2254,2.253999999999863,[ 0.60522514 -0.25492378],[ 0.23714974 -0.26568528],[-0.2591463   0.65344089],[-0.14490905 -0.01791911]
2255,2.2549999999998627,[ 0.60546203 -0.25518881],[ 0.23689059 -0.26503184],[-0.25939516  0.64985739],[-0.14501271 -0.01794312]
2256,2.2559999999998626,[ 0.60569866 -0.25545319],[ 0.2366312  -0.26438198],[-0.25964334  0.64629891],[-0.14511622 -0.01796704]
2257,2.2569999999998624,[ 0.60593503 -0.25571693],[ 0.23637155 -0.26373568],[-0.25989084  0.64276528],[-0.14521957 -0.01799088]
2258,2.2579999999998623,[ 0.60617114 -0.25598002],[ 0.23611166 -0.26309292],[-0.26013766  0.63925635],[-0.14532277 -0.01801464]
2259,2.2589999999998622,[ 0.60640699 -0.25624247],[ 0.23585153 -0.26245366],[-0.26038382  0.63577194],[-0.14542582 -0.01803832]
2260,2.259999999999862,[ 0.60664259 -0.25650429],[ 0.23559114 -0.26181789],[-0.26062931  0.63231189],[-0.14552871 -0.01806193]
2261,2.260999999999862,[ 0.60687792 -0.25676548],[ 0.23533051 -0.26118558],[-0.26087413  0.62887605],[-0.14563146 -0.01808545]
2262,2.261999999999862,[ 0.60711299 -0.25702603],[ 0.23506964 -0.2605567 ],[-0.26111828  0.62546424],[-0.14573404 -0.0181089 ]
2263,2.262999999999862,[ 0.60734779 -0.25728597],[ 0.23480852 -0.25993124],[-0.26136178  0.62207631],[-0.14583648 -0.01813227]
2264,2.2639999999998617,[ 0.60758234 -0.25754528],[ 0.23454716 -0.25930916],[-0.26160461  0.6187121 ],[-0.14593876 -0.01815557]
2265,2.2649999999998616,[ 0.60781663 -0.25780397],[ 0.23428555 -0.25869045],[-0.26184679  0.61537145],[-0.14604089 -0.01817879]
2266,2.2659999999998615,[ 0.60805065 -0.25806204],[ 0.23402371 -0.25807508],[-0.26208831  0.61205421],[-0.14614287 -0.01820193]
2267,2.2669999999998613,[ 0.60828441 -0.2583195 ],[ 0.23376162 -0.25746302],[-0.26232919  0.60876021],[-0.1462447 -0.018225 ]
2268,2.2679999999998612,[ 0.60851791 -0.25857636],[ 0.23349929 -0.25685426],[-0.26256941  0.60548931],[-0.14634637 -0.01824799]
2269,2.268999999999861,[ 0.60875115 -0.25883261],[ 0.23323672 -0.25624877],[-0.26280899  0.60224135],[-0.14644789 -0.01827091]
2270,2.269999999999861,[ 0.60898412 -0.25908825],[ 0.23297391 -0.25564653],[-0.26304793  0.59901618],[-0.14654925 -0.01829376]
2271,2.270999999999861,[ 0.60921683 -0.2593433 ],[ 0.23271086 -0.25504752],[-0.26328622  0.59581364],[-0.14665047 -0.01831653]
2272,2.271999999999861,[ 0.60944928 -0.25959775],[ 0.23244758 -0.2544517 ],[-0.26352388  0.59263359],[-0.14675153 -0.01833923]
2273,2.2729999999998607,[ 0.60968146 -0.25985161],[ 0.23218405 -0.25385907],[-0.2637609   0.58947587],[-0.14685244 -0.01836185]
2274,2.2739999999998606,[ 0.60991339 -0.26010488],[ 0.23192029 -0.25326959],[-0.26399728  0.58634034],[-0.14695319 -0.01838441]
2275,2.2749999999998605,[ 0.61014504 -0.26035756],[ 0.2316563  -0.25268325],[-0.26423303  0.58322685],[-0.14705379 -0.01840689]
2276,2.2759999999998604,[ 0.61037643 -0.26060966],[ 0.23139206 -0.25210003],[-0.26446816  0.58013525],[-0.14715424 -0.0184293 ]
2277,2.2769999999998602,[ 0.61060756 -0.26086118],[ 0.23112759 -0.25151989],[-0.26470265  0.5770654 ],[-0.14725454 -0.01845164]
2278,2.27799999999986,[ 0.61083842 -0.26111213],[ 0.23086289 -0.25094282],[-0.26493652  0.57401714],[-0.14735468 -0.01847391]
2279,2.27899999999986,[ 0.61106902 -0.2613625 ],[ 0.23059796 -0.25036881],[-0.26516977  0.57099035],[-0.14745468 -0.01849611]
2280,2.27999999999986,[ 0.61129935 -0.26161229],[ 0.23033279 -0.24979782],[-0.2654024   0.56798486],[-0.14755451 -0.01851824]
2281,2.28099999999986,[ 0.61152942 -0.26186152],[ 0.23006738 -0.24922983],[-0.26563442  0.56500055],[-0.1476542 -0.0185403]
2282,2.2819999999998597,[ 0.61175922 -0.26211019],[ 0.22980175 -0.24866483],[-0.26586581  0.56203728],[-0.14775373 -0.0185623 ]
2283,2.2829999999998596,[ 0.61198876 -0.26235829],[ 0.22953588 -0.24810279],[-0.2660966   0.55909489],[-0.14785311 -0.01858422]
2284,2.2839999999998595,[ 0.61221803 -0.26260584],[ 0.22926979 -0.2475437 ],[-0.26632677  0.55617325],[-0.14795234 -0.01860608]
2285,2.2849999999998594,[ 0.61244703 -0.26285282],[ 0.22900346 -0.24698753],[-0.26655633  0.55327223],[-0.14805142 -0.01862787]
2286,2.2859999999998593,[ 0.61267577 -0.26309926],[ 0.2287369  -0.24643425],[-0.26678529  0.55039169],[-0.14815034 -0.01864959]
2287,2.286999999999859,[ 0.61290424 -0.26334514],[ 0.22847012 -0.24588386],[-0.26701364  0.54753148],[-0.14824911 -0.01867124]
2288,2.287999999999859,[ 0.61313244 -0.26359048],[ 0.2282031  -0.24533633],[-0.2672414   0.54469148],[-0.14834773 -0.01869283]
2289,2.288999999999859,[ 0.61336038 -0.26383527],[ 0.22793586 -0.24479164],[-0.26746855  0.54187155],[-0.14844619 -0.01871436]
2290,2.289999999999859,[ 0.61358805 -0.26407952],[ 0.22766839 -0.24424977],[-0.2676951   0.53907156],[-0.1485445  -0.01873581]
2291,2.2909999999998587,[ 0.61381545 -0.26432323],[ 0.2274007 -0.2437107],[-0.26792106  0.53629137],[-0.14864266 -0.01875721]
2292,2.2919999999998586,[ 0.61404258 -0.2645664 ],[ 0.22713278 -0.24317441],[-0.26814642  0.53353085],[-0.14874067 -0.01877853]
2293,2.2929999999998585,[ 0.61426945 -0.26480904],[ 0.22686463 -0.24264087],[-0.2683712   0.53078987],[-0.14883852 -0.0187998 ]
2294,2.2939999999998584,[ 0.61449604 -0.26505115],[ 0.22659626 -0.24211008],[-0.26859538  0.5280683 ],[-0.14893622 -0.01882099]
2295,2.2949999999998583,[ 0.61472237 -0.26529274],[ 0.22632766 -0.24158202],[-0.26881898  0.52536602],[-0.14903377 -0.01884213]
2296,2.295999999999858,[ 0.61494843 -0.26553379],[ 0.22605885 -0.24105665],[-0.26904199  0.52268288],[-0.14913117 -0.0188632 ]
2297,2.296999999999858,[ 0.61517422 -0.26577433],[ 0.2257898  -0.24053397],[-0.26926442  0.52001877],[-0.14922841 -0.01888421]
2298,2.297999999999858,[ 0.61539974 -0.26601434],[ 0.22552054 -0.24001395],[-0.26948627  0.51737356],[-0.1493255  -0.01890516]
2299,2.298999999999858,[ 0.61562499 -0.26625384],[ 0.22525105 -0.23949658],[-0.26970754  0.51474712],[-0.14942244 -0.01892604]
2300,2.2999999999998577,[ 0.61584997 -0.26649282],[ 0.22498135 -0.23898183],[-0.26992823  0.51213933],[-0.14951922 -0.01894686]
2301,2.3009999999998576,[ 0.61607468 -0.26673129],[ 0.22471142 -0.23846969],[-0.27014835  0.50955006],[-0.14961586 -0.01896763]
2302,2.3019999999998575,[ 0.61629912 -0.26696925],[ 0.22444127 -0.23796014],[-0.27036789  0.50697919],[-0.14971234 -0.01898833]
2303,2.3029999999998574,[ 0.61652329 -0.2672067 ],[ 0.2241709  -0.23745316],[-0.27058687  0.5044266 ],[-0.14980866 -0.01900897]
2304,2.3039999999998573,[ 0.61674719 -0.26744365],[ 0.22390031 -0.23694873],[-0.27080527  0.50189216],[-0.14990484 -0.01902954]
2305,2.304999999999857,[ 0.61697082 -0.2676801 ],[ 0.22362951 -0.23644684],[-0.27102311  0.49937576],[-0.15000086 -0.01905006]
2306,2.305999999999857,[ 0.61719418 -0.26791605],[ 0.22335849 -0.23594746],[-0.27124038  0.49687727],[-0.15009673 -0.01907052]
2307,2.306999999999857,[ 0.61741727 -0.2681515 ],[ 0.22308725 -0.23545059],[-0.27145709  0.49439658],[-0.15019245 -0.01909092]
2308,2.307999999999857,[ 0.61764009 -0.26838645],[ 0.22281579 -0.23495619],[-0.27167324  0.49193356],[-0.15028801 -0.01911126]
2309,2.3089999999998567,[ 0.61786263 -0.26862092],[ 0.22254412 -0.23446426],[-0.27188883  0.4894881 ],[-0.15038342 -0.01913154]
2310,2.3099999999998566,[ 0.6180849  -0.26885489],[ 0.22227223 -0.23397477],[-0.27210386  0.48706008],[-0.15047868 -0.01915177]
2311,2.3109999999998565,[ 0.6183069  -0.26908838],[ 0.22200012 -0.23348771],[-0.27231833  0.48464939],[-0.15057379 -0.01917193]
2312,2.3119999999998564,[ 0.61852863 -0.26932138],[ 0.2217278  -0.23300306],[-0.27253226  0.48225591],[-0.15066875 -0.01919204]
2313,2.3129999999998563,[ 0.61875009 -0.2695539 ],[ 0.22145527 -0.2325208 ],[-0.27274563  0.47987952],[-0.15076355 -0.01921209]
2314,2.313999999999856,[ 0.61897127 -0.26978594],[ 0.22118253 -0.23204092],[-0.27295845  0.47752011],[-0.1508582  -0.01923209]
2315,2.314999999999856,[ 0.61919218 -0.27001751],[ 0.22090957 -0.2315634 ],[-0.27317072  0.47517758],[-0.1509527  -0.01925202]
2316,2.315999999999856,[ 0.61941281 -0.2702486 ],[ 0.2206364  -0.23108823],[-0.27338244  0.4728518 ],[-0.15104704 -0.01927191]
2317,2.316999999999856,[ 0.61963318 -0.27047921],[ 0.22036301 -0.23061537],[-0.27359362  0.47054266],[-0.15114123 -0.01929173]
2318,2.3179999999998557,[ 0.61985327 -0.27070936],[ 0.22008942 -0.23014483],[-0.27380426  0.46825005],[-0.15123527 -0.0193115 ]
2319,2.3189999999998556,[ 0.62007308 -0.27093903],[ 0.21981562 -0.22967658],[-0.27401436  0.46597387],[-0.15132916 -0.01933121]
2320,2.3199999999998555,[ 0.62029262 -0.27116824],[ 0.2195416  -0.22921061],[-0.27422392  0.46371401],[-0.15142289 -0.01935087]
2321,2.3209999999998554,[ 0.62051189 -0.27139699],[ 0.21926738 -0.22874689],[-0.27443294  0.46147034],[-0.15151648 -0.01937047]
2322,2.3219999999998553,[ 0.62073088 -0.27162528],[ 0.21899295 -0.22828542],[-0.27464142  0.45924278],[-0.15160991 -0.01939002]
2323,2.322999999999855,[ 0.6209496 -0.2718531],[ 0.2187183  -0.22782618],[-0.27484937  0.4570312 ],[-0.15170318 -0.01940952]
2324,2.323999999999855,[ 0.62116805 -0.27208047],[ 0.21844345 -0.22736915],[-0.27505679  0.45483551],[-0.15179631 -0.01942896]
2325,2.324999999999855,[ 0.62138621 -0.27230738],[ 0.2181684  -0.22691431],[-0.27526368  0.4526556 ],[-0.15188928 -0.01944835]
2326,2.325999999999855,[ 0.62160411 -0.27253385],[ 0.21789313 -0.22646166],[-0.27547004  0.45049136],[-0.1519821  -0.01946768]
2327,2.3269999999998547,[ 0.62182172 -0.27275986],[ 0.21761766 -0.22601117],[-0.27567587  0.44834268],[-0.15207477 -0.01948696]
2328,2.3279999999998546,[ 0.62203907 -0.27298542],[ 0.21734199 -0.22556282],[-0.27588117  0.44620947],[-0.15216729 -0.01950619]
2329,2.3289999999998545,[ 0.62225613 -0.27321054],[ 0.21706611 -0.22511662],[-0.27608595  0.44409162],[-0.15225965 -0.01952537]
2330,2.3299999999998544,[ 0.62247292 -0.27343521],[ 0.21679002 -0.22467252],[-0.27629021  0.44198903],[-0.15235186 -0.0195445 ]
2331,2.3309999999998543,[ 0.62268944 -0.27365944],[ 0.21651373 -0.22423053],[-0.27649395  0.4399016 ],[-0.15244392 -0.01956357]
2332,2.331999999999854,[ 0.62290567 -0.27388323],[ 0.21623724 -0.22379063],[-0.27669717  0.43782923],[-0.15253582 -0.01958259]
2333,2.332999999999854,[ 0.62312163 -0.27410658],[ 0.21596054 -0.2233528 ],[-0.27689987  0.43577181],[-0.15262758 -0.01960156]
2334,2.333999999999854,[ 0.62333732 -0.2743295 ],[ 0.21568364 -0.22291703],[-0.27710206  0.43372924],[-0.15271918 -0.01962048]
2335,2.334999999999854,[ 0.62355272 -0.27455198],[ 0.21540654 -0.2224833 ],[-0.27730373  0.43170144],[-0.15281063 -0.01963935]
2336,2.3359999999998537,[ 0.62376785 -0.27477404],[ 0.21512923 -0.2220516 ],[-0.27750489  0.42968829],[-0.15290192 -0.01965817]
2337,2.3369999999998536,[ 0.62398271 -0.27499566],[ 0.21485173 -0.22162191],[-0.27770554  0.4276897 ],[-0.15299307 -0.01967693]
2338,2.3379999999998535,[ 0.62419728 -0.27521685],[ 0.21457402 -0.22119422],[-0.27790568  0.42570558],[-0.15308406 -0.01969565]
2339,2.3389999999998534,[ 0.62441158 -0.27543762],[ 0.21429612 -0.22076852],[-0.27810531  0.42373582],[-0.1531749  -0.01971432]
2340,2.3399999999998533,[ 0.62462559 -0.27565797],[ 0.21401801 -0.22034478],[-0.27830444  0.42178034],[-0.15326559 -0.01973294]
2341,2.340999999999853,[ 0.62483933 -0.27587789],[ 0.21373971 -0.219923  ],[-0.27850306  0.41983904],[-0.15335612 -0.01975151]
2342,2.341999999999853,[ 0.62505279 -0.27609739],[ 0.21346121 -0.21950316],[-0.27870117  0.41791181],[-0.15344651 -0.01977003]
2343,2.342999999999853,[ 0.62526598 -0.27631648],[ 0.2131825  -0.21908525],[-0.27889879  0.41599858],[-0.15353674 -0.01978851]
2344,2.343999999999853,[ 0.62547888 -0.27653515],[ 0.21290361 -0.21866925],[-0.2790959   0.41409924],[-0.15362682 -0.01980693]
2345,2.3449999999998528,[ 0.62569151 -0.2767534 ],[ 0.21262451 -0.21825515],[-0.27929252  0.41221371],[-0.15371674 -0.01982531]
2346,2.3459999999998526,[ 0.62590385 -0.27697124],[ 0.21234522 -0.21784294],[-0.27948864  0.41034188],[-0.15380652 -0.01984364]
2347,2.3469999999998525,[ 0.62611592 -0.27718868],[ 0.21206573 -0.2174326 ],[-0.27968426  0.40848368],[-0.15389614 -0.01986192]
2348,2.3479999999998524,[ 0.6263277 -0.2774057],[ 0.21178604 -0.21702411],[-0.27987939  0.406639  ],[-0.15398561 -0.01988016]
2349,2.3489999999998523,[ 0.62653921 -0.27762232],[ 0.21150616 -0.21661747],[-0.28007403  0.40480776],[-0.15407493 -0.01989835]
2350,2.349999999999852,[ 0.62675043 -0.27783853],[ 0.21122609 -0.21621267],[-0.28026817  0.40298988],[-0.15416409 -0.01991649]
2351,2.350999999999852,[ 0.62696138 -0.27805434],[ 0.21094582 -0.21580968],[-0.28046182  0.40118525],[-0.1542531  -0.01993459]
2352,2.351999999999852,[ 0.62717205 -0.27826975],[ 0.21066536 -0.21540849],[-0.28065499  0.39939379],[-0.15434197 -0.01995264]
2353,2.352999999999852,[ 0.62738243 -0.27848476],[ 0.21038471 -0.2150091 ],[-0.28084767  0.39761542],[-0.15443067 -0.01997064]
2354,2.3539999999998518,[ 0.62759253 -0.27869937],[ 0.21010386 -0.21461148],[-0.28103986  0.39585005],[-0.15451923 -0.0199886 ]
2355,2.3549999999998517,[ 0.62780236 -0.27891359],[ 0.20982282 -0.21421563],[-0.28123157  0.39409758],[-0.15460764 -0.02000651]
2356,2.3559999999998515,[ 0.6280119  -0.27912741],[ 0.20954159 -0.21382154],[-0.28142279  0.39235794],[-0.15469589 -0.02002438]
2357,2.3569999999998514,[ 0.62822116 -0.27934084],[ 0.20926016 -0.21342918],[-0.28161353  0.39063104],[-0.15478399 -0.0200422 ]
2358,2.3579999999998513,[ 0.62843014 -0.27955387],[ 0.20897855 -0.21303855],[-0.2818038   0.38891679],[-0.15487194 -0.02005998]
2359,2.358999999999851,[ 0.62863883 -0.27976652],[ 0.20869675 -0.21264963],[-0.28199358  0.38721511],[-0.15495973 -0.02007771]
2360,2.359999999999851,[ 0.62884725 -0.27997879],[ 0.20841475 -0.21226241],[-0.28218289  0.38552592],[-0.15504738 -0.0200954 ]
2361,2.360999999999851,[ 0.62905538 -0.28019066],[ 0.20813257 -0.21187689],[-0.28237172  0.38384913],[-0.15513487 -0.02011305]
2362,2.361999999999851,[ 0.62926323 -0.28040216],[ 0.2078502  -0.21149304],[-0.28256007  0.38218466],[-0.15522221 -0.02013065]
2363,2.3629999999998508,[ 0.6294708  -0.28061327],[ 0.20756764 -0.21111085],[-0.28274795  0.38053243],[-0.1553094  -0.02014821]
2364,2.3639999999998507,[ 0.62967808 -0.280824  ],[ 0.20728489 -0.21073032],[-0.28293536  0.37889235],[-0.15539643 -0.02016573]
2365,2.3649999999998506,[ 0.62988509 -0.28103435],[ 0.20700195 -0.21035143],[-0.2831223   0.37726435],[-0.15548332 -0.0201832 ]
2366,2.3659999999998504,[ 0.6300918  -0.28124432],[ 0.20671883 -0.20997417],[-0.28330877  0.37564835],[-0.15557005 -0.02020063]
2367,2.3669999999998503,[ 0.63029824 -0.28145392],[ 0.20643552 -0.20959852],[-0.28349477  0.37404426],[-0.15565663 -0.02021802]
2368,2.3679999999998502,[ 0.63050439 -0.28166315],[ 0.20615203 -0.20922447],[-0.2836803  0.372452 ],[-0.15574306 -0.02023536]
2369,2.36899999999985,[ 0.63071026 -0.281872  ],[ 0.20586835 -0.20885202],[-0.28386537  0.3708715 ],[-0.15582933 -0.02025267]
2370,2.36999999999985,[ 0.63091585 -0.28208048],[ 0.20558448 -0.20848115],[-0.28404997  0.36930268],[-0.15591546 -0.02026993]
2371,2.37099999999985,[ 0.63112115 -0.28228859],[ 0.20530043 -0.20811185],[-0.28423411  0.36774546],[-0.15600143 -0.02028715]
2372,2.37199999999985,[ 0.63132616 -0.28249634],[ 0.2050162 -0.2077441],[-0.28441779  0.36619977],[-0.15608725 -0.02030432]
2373,2.3729999999998497,[ 0.63153089 -0.28270371],[ 0.20473178 -0.2073779 ],[-0.284601    0.36466552],[-0.15617292 -0.02032146]
2374,2.3739999999998496,[ 0.63173534 -0.28291073],[ 0.20444718 -0.20701324],[-0.28478376  0.36314264],[-0.15625844 -0.02033856]
2375,2.3749999999998495,[ 0.6319395  -0.28311738],[ 0.2041624  -0.20665009],[-0.28496606  0.36163105],[-0.1563438  -0.02035561]
2376,2.3759999999998493,[ 0.63214338 -0.28332366],[ 0.20387743 -0.20628846],[-0.2851479   0.36013068],[-0.15642901 -0.02037263]
2377,2.3769999999998492,[ 0.63234697 -0.28352959],[ 0.20359228 -0.20592833],[-0.28532929  0.35864146],[-0.15651407 -0.0203896 ]
2378,2.377999999999849,[ 0.63255028 -0.28373516],[ 0.20330695 -0.20556969],[-0.28551022  0.3571633 ],[-0.15659898 -0.02040654]
2379,2.378999999999849,[ 0.6327533  -0.28394038],[ 0.20302144 -0.20521253],[-0.2856907   0.35569615],[-0.15668374 -0.02042343]
2380,2.379999999999849,[ 0.63295604 -0.28414523],[ 0.20273575 -0.20485683],[-0.28587072  0.35423991],[-0.15676835 -0.02044028]
2381,2.380999999999849,[ 0.63315849 -0.28434973],[ 0.20244988 -0.20450259],[-0.2860503   0.35279453],[-0.1568528 -0.0204571]
2382,2.3819999999998487,[ 0.63336065 -0.28455388],[ 0.20216383 -0.2041498 ],[-0.28622942  0.35135992],[-0.1569371  -0.02047387]
2383,2.3829999999998486,[ 0.63356253 -0.28475768],[ 0.2018776  -0.20379844],[-0.28640809  0.34993602],[-0.15702125 -0.02049061]
2384,2.3839999999998485,[ 0.63376412 -0.28496113],[ 0.20159119 -0.2034485 ],[-0.28658632  0.34852275],[-0.15710525 -0.02050731]
2385,2.3849999999998484,[ 0.63396542 -0.28516423],[ 0.20130461 -0.20309998],[-0.2867641   0.34712005],[-0.15718909 -0.02052397]
2386,2.3859999999998482,[ 0.63416644 -0.28536698],[ 0.20101784 -0.20275286],[-0.28694144  0.34572784],[-0.15727279 -0.02054059]
2387,2.386999999999848,[ 0.63436717 -0.28556939],[ 0.2007309  -0.20240713],[-0.28711833  0.34434605],[-0.15735633 -0.02055717]
2388,2.387999999999848,[ 0.63456762 -0.28577145],[ 0.20044378 -0.20206278],[-0.28729478  0.34297461],[-0.15743972 -0.02057371]
2389,2.388999999999848,[ 0.63476777 -0.28597317],[ 0.20015649 -0.20171981],[-0.28747078  0.34161346],[-0.15752296 -0.02059022]
2390,2.389999999999848,[ 0.63496764 -0.28617455],[ 0.19986902 -0.2013782 ],[-0.28764635  0.34026253],[-0.15760605 -0.02060669]
2391,2.3909999999998477,[ 0.63516722 -0.28637559],[ 0.19958137 -0.20103793],[-0.28782147  0.33892174],[-0.15768898 -0.02062312]
2392,2.3919999999998476,[ 0.63536652 -0.28657629],[ 0.19929355 -0.20069901],[-0.28799616  0.33759104],[-0.15777177 -0.02063951]
2393,2.3929999999998475,[ 0.63556552 -0.28677665],[ 0.19900555 -0.20036142],[-0.28817041  0.33627035],[-0.1578544  -0.02065587]
2394,2.3939999999998474,[ 0.63576424 -0.28697668],[ 0.19871738 -0.20002515],[-0.28834422  0.3349596 ],[-0.15793688 -0.02067219]
2395,2.3949999999998473,[ 0.63596267 -0.28717637],[ 0.19842904 -0.19969019],[-0.2885176   0.33365874],[-0.15801921 -0.02068847]
2396,2.395999999999847,[ 0.63616081 -0.28737572],[ 0.19814052 -0.19935653],[-0.28869054  0.33236768],[-0.15810139 -0.02070472]
2397,2.396999999999847,[ 0.63635866 -0.28757475],[ 0.19785183 -0.19902416],[-0.28886305  0.33108638],[-0.15818341 -0.02072092]
2398,2.397999999999847,[ 0.63655622 -0.28777344],[ 0.19756297 -0.19869308],[-0.28903512  0.32981476],[-0.15826529 -0.0207371 ]
2399,2.398999999999847,[ 0.6367535 -0.2879718],[ 0.19727393 -0.19836326],[-0.28920677  0.32855276],[-0.15834701 -0.02075323]
2400,2.3999999999998467,[ 0.63695048 -0.28816984],[ 0.19698473 -0.19803471],[-0.28937799  0.32730031],[-0.15842858 -0.02076934]
2401,2.4009999999998466,[ 0.63714718 -0.28836755],[ 0.19669535 -0.19770741],[-0.28954877  0.32605736],[-0.15851   -0.0207854]
2402,2.4019999999998465,[ 0.63734358 -0.28856493],[ 0.1964058  -0.19738135],[-0.28971913  0.32482383],[-0.15859127 -0.02080143]
2403,2.4029999999998464,[ 0.6375397  -0.28876198],[ 0.19611608 -0.19705653],[-0.28988906  0.32359967],[-0.15867239 -0.02081743]
2404,2.4039999999998463,[ 0.63773553 -0.28895872],[ 0.19582619 -0.19673293],[-0.29005856  0.32238481],[-0.15875335 -0.02083338]
2405,2.404999999999846,[ 0.63793106 -0.28915513],[ 0.19553613 -0.19641054],[-0.29022764  0.32117919],[-0.15883417 -0.02084931]
2406,2.405999999999846,[ 0.63812631 -0.28935122],[ 0.19524591 -0.19608936],[-0.2903963   0.31998275],[-0.15891483 -0.0208652 ]
2407,2.406999999999846,[ 0.63832126 -0.28954699],[ 0.19495551 -0.19576938],[-0.29056453  0.31879543],[-0.15899534 -0.02088105]
2408,2.407999999999846,[ 0.63851593 -0.28974244],[ 0.19466494 -0.19545059],[-0.29073234  0.31761716],[-0.1590757  -0.02089687]
2409,2.4089999999998457,[ 0.6387103  -0.28993757],[ 0.19437421 -0.19513297],[-0.29089973  0.31644789],[-0.15915591 -0.02091266]
2410,2.4099999999998456,[ 0.63890439 -0.29013239],[ 0.19408331 -0.19481652],[-0.2910667   0.31528756],[-0.15923596 -0.02092841]
2411,2.4109999999998455,[ 0.63909818 -0.29032689],[ 0.19379225 -0.19450123],[-0.29123325  0.3141361 ],[-0.15931587 -0.02094413]
2412,2.4119999999998454,[ 0.63929168 -0.29052107],[ 0.19350101 -0.1941871 ],[-0.29139938  0.31299346],[-0.15939562 -0.02095981]
2413,2.4129999999998453,[ 0.63948489 -0.29071495],[ 0.19320961 -0.1938741 ],[-0.29156509  0.31185958],[-0.15947522 -0.02097546]
2414,2.413999999999845,[ 0.63967781 -0.29090851],[ 0.19291805 -0.19356224],[-0.29173039  0.31073441],[-0.15955467 -0.02099108]
2415,2.414999999999845,[ 0.63987043 -0.29110176],[ 0.19262632 -0.19325151],[-0.29189527  0.30961787],[-0.15963397 -0.02100666]
2416,2.415999999999845,[ 0.64006277 -0.2912947 ],[ 0.19233442 -0.19294189],[-0.29205974  0.30850991],[-0.15971312 -0.02102221]
2417,2.416999999999845,[ 0.64025481 -0.29148734],[ 0.19204236 -0.19263338],[-0.2922238   0.30741049],[-0.15979212 -0.02103773]
2418,2.4179999999998447,[ 0.64044656 -0.29167966],[ 0.19175014 -0.19232597],[-0.29238744  0.30631953],[-0.15987096 -0.02105321]
2419,2.4189999999998446,[ 0.64063802 -0.29187168],[ 0.19145775 -0.19201965],[-0.29255067  0.30523699],[-0.15994966 -0.02106866]
2420,2.4199999999998445,[ 0.64082918 -0.2920634 ],[ 0.1911652  -0.19171442],[-0.29271349  0.30416281],[-0.1600282  -0.02108408]
2421,2.4209999999998444,[ 0.64102006 -0.29225481],[ 0.19087249 -0.19141025],[-0.2928759   0.30309693],[-0.16010659 -0.02109947]
2422,2.4219999999998443,[ 0.64121064 -0.29244591],[ 0.19057961 -0.19110716],[-0.2930379   0.30203929],[-0.16018483 -0.02111482]
2423,2.422999999999844,[ 0.64140092 -0.29263672],[ 0.19028657 -0.19080512],[-0.29319949  0.30098985],[-0.16026292 -0.02113014]
2424,2.423999999999844,[ 0.64159092 -0.29282722],[ 0.18999337 -0.19050413],[-0.29336067  0.29994854],[-0.16034086 -0.02114543]
2425,2.424999999999844,[ 0.64178062 -0.29301743],[ 0.18970001 -0.19020418],[-0.29352145  0.29891532],[-0.16041864 -0.02116069]
2426,2.425999999999844,[ 0.64197002 -0.29320733],[ 0.18940649 -0.18990526],[-0.29368183  0.29789012],[-0.16049628 -0.02117592]
2427,2.4269999999998437,[ 0.64215914 -0.29339694],[ 0.18911281 -0.18960737],[-0.2938418  0.2968729],[-0.16057376 -0.02119111]
2428,2.4279999999998436,[ 0.64234795 -0.29358625],[ 0.18881897 -0.1893105 ],[-0.29400136  0.2958636 ],[-0.1606511  -0.02120628]
2429,2.4289999999998435,[ 0.64253648 -0.29377527],[ 0.18852497 -0.18901464],[-0.29416052  0.29486217],[-0.16072828 -0.02122141]
2430,2.4299999999998434,[ 0.64272471 -0.29396399],[ 0.18823081 -0.18871977],[-0.29431928  0.29386856],[-0.16080531 -0.02123651]
2431,2.4309999999998433,[ 0.64291265 -0.29415241],[ 0.18793649 -0.18842591],[-0.29447764  0.29288271],[-0.16088219 -0.02125158]
2432,2.431999999999843,[ 0.64310029 -0.29434054],[ 0.18764201 -0.18813302],[-0.2946356   0.29190457],[-0.16095892 -0.02126662]
2433,2.432999999999843,[ 0.64328764 -0.29452839],[ 0.18734737 -0.18784112],[-0.29479316  0.2909341 ],[-0.1610355  -0.02128163]
2434,2.433999999999843,[ 0.64347469 -0.29471594],[ 0.18705258 -0.18755018],[-0.29495032  0.28997123],[-0.16111192 -0.02129661]
2435,2.434999999999843,[ 0.64366145 -0.2949032 ],[ 0.18675763 -0.18726021],[-0.29510709  0.28901592],[-0.1611882  -0.02131155]
2436,2.4359999999998427,[ 0.64384791 -0.29509017],[ 0.18646252 -0.1869712 ],[-0.29526345  0.28806813],[-0.16126432 -0.02132647]
2437,2.4369999999998426,[ 0.64403408 -0.29527685],[ 0.18616726 -0.18668313],[-0.29541942  0.28712778],[-0.1613403  -0.02134136]
2438,2.4379999999998425,[ 0.64421995 -0.29546325],[ 0.18587184 -0.186396  ],[-0.295575    0.28619485],[-0.16141612 -0.02135621]
2439,2.4389999999998424,[ 0.64440552 -0.29564936],[ 0.18557627 -0.18610981],[-0.29573018  0.28526928],[-0.16149179 -0.02137104]
2440,2.4399999999998423,[ 0.6445908  -0.29583518],[ 0.18528054 -0.18582454],[-0.29588497  0.28435102],[-0.16156731 -0.02138584]
2441,2.440999999999842,[ 0.64477579 -0.29602072],[ 0.18498465 -0.18554019],[-0.29603936  0.28344001],[-0.16164268 -0.02140061]
2442,2.441999999999842,[ 0.64496048 -0.29620598],[ 0.18468861 -0.18525675],[-0.29619336  0.28253622],[-0.1617179  -0.02141535]
2443,2.442999999999842,[ 0.64514487 -0.29639095],[ 0.18439242 -0.18497421],[-0.29634697  0.2816396 ],[-0.16179297 -0.02143006]
2444,2.443999999999842,[ 0.64532897 -0.29657564],[ 0.18409607 -0.18469257],[-0.2965002   0.28075009],[-0.16186788 -0.02144474]
2445,2.4449999999998417,[ 0.64551277 -0.29676006],[ 0.18379957 -0.18441182],[-0.29665303  0.27986765],[-0.16194265 -0.02145939]
2446,2.4459999999998416,[ 0.64569627 -0.29694419],[ 0.18350292 -0.18413195],[-0.29680547  0.27899223],[-0.16201727 -0.02147401]
2447,2.4469999999998415,[ 0.64587947 -0.29712804],[ 0.18320611 -0.18385296],[-0.29695752  0.27812379],[-0.16209173 -0.0214886 ]
2448,2.4479999999998414,[ 0.64606238 -0.29731162],[ 0.18290915 -0.18357484],[-0.29710919  0.27726228],[-0.16216604 -0.02150317]
2449,2.4489999999998413,[ 0.646245   -0.29749491],[ 0.18261205 -0.18329757],[-0.29726047  0.27640764],[-0.16224021 -0.0215177 ]
2450,2.449999999999841,[ 0.64642731 -0.29767793],[ 0.18231478 -0.18302117],[-0.29741136  0.27555985],[-0.16231422 -0.02153221]
2451,2.450999999999841,[ 0.64660933 -0.29786068],[ 0.18201737 -0.18274561],[-0.29756187  0.27471884],[-0.16238808 -0.02154669]
2452,2.451999999999841,[ 0.64679105 -0.29804315],[ 0.18171981 -0.18247089],[-0.29771199  0.27388458],[-0.16246179 -0.02156114]
2453,2.452999999999841,[ 0.64697247 -0.29822535],[ 0.1814221 -0.182197 ],[-0.29786173  0.27305702],[-0.16253535 -0.02157556]
2454,2.4539999999998408,[ 0.64715359 -0.29840727],[ 0.18112424 -0.18192395],[-0.29801109  0.27223611],[-0.16260876 -0.02158996]
2455,2.4549999999998406,[ 0.64733442 -0.29858892],[ 0.18082623 -0.18165171],[-0.29816007  0.27142182],[-0.16268202 -0.02160433]
2456,2.4559999999998405,[ 0.64751495 -0.2987703 ],[ 0.18052807 -0.18138029],[-0.29830866  0.27061409],[-0.16275513 -0.02161867]
2457,2.4569999999998404,[ 0.64769518 -0.29895141],[ 0.18022976 -0.18110967],[-0.29845687  0.26981288],[-0.16282808 -0.02163298]
2458,2.4579999999998403,[ 0.64787511 -0.29913225],[ 0.1799313  -0.18083986],[-0.29860471  0.26901815],[-0.16290089 -0.02164726]
2459,2.45899999999984,[ 0.64805474 -0.29931282],[ 0.1796327  -0.18057084],[-0.29875216  0.26822986],[-0.16297355 -0.02166152]
2460,2.45999999999984,[ 0.64823408 -0.29949313],[ 0.17933394 -0.18030261],[-0.29889924  0.26744796],[-0.16304605 -0.02167575]
2461,2.46099999999984,[ 0.64841311 -0.29967316],[ 0.17903505 -0.18003517],[-0.29904594  0.26667241],[-0.16311841 -0.02168995]
2462,2.46199999999984,[ 0.64859185 -0.29985293],[ 0.178736   -0.17976849],[-0.29919226  0.26590317],[-0.16319061 -0.02170413]
2463,2.4629999999998398,[ 0.64877028 -0.30003243],[ 0.17843681 -0.17950259],[-0.2993382   0.26514019],[-0.16326267 -0.02171828]
2464,2.4639999999998397,[ 0.64894842 -0.30021167],[ 0.17813747 -0.17923745],[-0.29948377  0.26438344],[-0.16333457 -0.0217324 ]
2465,2.4649999999998395,[ 0.64912626 -0.30039064],[ 0.17783798 -0.17897307],[-0.29962896  0.26363287],[-0.16340632 -0.02174649]
2466,2.4659999999998394,[ 0.6493038  -0.30056935],[ 0.17753836 -0.17870943],[-0.29977378  0.26288844],[-0.16347792 -0.02176056]
2467,2.4669999999998393,[ 0.64948104 -0.3007478 ],[ 0.17723858 -0.17844654],[-0.29991822  0.2621501 ],[-0.16354938 -0.0217746 ]
2468,2.467999999999839,[ 0.64965798 -0.30092598],[ 0.17693866 -0.17818439],[-0.3000623   0.26141783],[-0.16362068 -0.02178862]
2469,2.468999999999839,[ 0.64983461 -0.30110391],[ 0.1766386  -0.17792298],[-0.300206    0.26069157],[-0.16369183 -0.02180261]
2470,2.469999999999839,[ 0.65001095 -0.30128157],[ 0.1763384  -0.17766229],[-0.30034932  0.2599713 ],[-0.16376283 -0.02181657]
2471,2.470999999999839,[ 0.65018699 -0.30145897],[ 0.17603805 -0.17740231],[-0.30049228  0.25925696],[-0.16383368 -0.02183051]
2472,2.4719999999998388,[ 0.65036273 -0.30163611],[ 0.17573755 -0.17714306],[-0.30063487  0.25854851],[-0.16390438 -0.02184442]
2473,2.4729999999998387,[ 0.65053816 -0.301813  ],[ 0.17543692 -0.17688451],[-0.30077708  0.25784593],[-0.16397493 -0.02185831]
2474,2.4739999999998386,[ 0.6507133  -0.30198963],[ 0.17513614 -0.17662666],[-0.30091893  0.25714917],[-0.16404533 -0.02187217]
2475,2.4749999999998384,[ 0.65088814 -0.302166  ],[ 0.17483522 -0.17636951],[-0.30106041  0.25645818],[-0.16411558 -0.021886  ]
2476,2.4759999999998383,[ 0.65106267 -0.30234211],[ 0.17453416 -0.17611305],[-0.30120152  0.25577294],[-0.16418568 -0.02189981]
2477,2.476999999999838,[ 0.6512369  -0.30251797],[ 0.17423296 -0.17585728],[-0.30134227  0.2550934 ],[-0.16425563 -0.02191359]
2478,2.477999999999838,[ 0.65141083 -0.30269357],[ 0.17393162 -0.17560219],[-0.30148265  0.25441953],[-0.16432543 -0.02192735]
2479,2.478999999999838,[ 0.65158446 -0.30286892],[ 0.17363014 -0.17534777],[-0.30162266  0.25375128],[-0.16439507 -0.02194109]
2480,2.479999999999838,[ 0.65175779 -0.30304401],[ 0.17332851 -0.17509402],[-0.3017623   0.25308863],[-0.16446457 -0.02195479]
2481,2.480999999999838,[ 0.65193082 -0.30321885],[ 0.17302675 -0.17484093],[-0.30190159  0.25243152],[-0.16453392 -0.02196848]
2482,2.4819999999998377,[ 0.65210355 -0.30339344],[ 0.17272485 -0.1745885 ],[-0.3020405   0.25177994],[-0.16460312 -0.02198213]
2483,2.4829999999998376,[ 0.65227597 -0.30356778],[ 0.17242281 -0.17433672],[-0.30217906  0.25113382],[-0.16467217 -0.02199577]
2484,2.4839999999998374,[ 0.65244809 -0.30374186],[ 0.17212063 -0.17408558],[-0.30231725  0.25049315],[-0.16474106 -0.02200937]
2485,2.4849999999998373,[ 0.65261991 -0.3039157 ],[ 0.17181831 -0.17383509],[-0.30245508  0.24985789],[-0.16480981 -0.02202296]
2486,2.4859999999998372,[ 0.65279142 -0.30408928],[ 0.17151586 -0.17358523],[-0.30259255  0.24922799],[-0.16487841 -0.02203652]
2487,2.486999999999837,[ 0.65296264 -0.30426262],[ 0.17121327 -0.173336  ],[-0.30272966  0.24860343],[-0.16494686 -0.02205005]
2488,2.487999999999837,[ 0.65313355 -0.3044357 ],[ 0.17091054 -0.1730874 ],[-0.3028664   0.24798416],[-0.16501515 -0.02206356]
2489,2.488999999999837,[ 0.65330415 -0.30460854],[ 0.17060767 -0.17283942],[-0.30300279  0.24737016],[-0.1650833  -0.02207705]
2490,2.489999999999837,[ 0.65347446 -0.30478114],[ 0.17030467 -0.17259205],[-0.30313882  0.24676138],[-0.1651513  -0.02209051]
2491,2.4909999999998367,[ 0.65364446 -0.30495348],[ 0.17000153 -0.17234529],[-0.30327449  0.24615779],[-0.16521915 -0.02210395]
2492,2.4919999999998366,[ 0.65381416 -0.30512558],[ 0.16969825 -0.17209913],[-0.3034098   0.24555936],[-0.16528685 -0.02211736]
2493,2.4929999999998365,[ 0.65398355 -0.30529743],[ 0.16939484 -0.17185357],[-0.30354476  0.24496605],[-0.16535439 -0.02213075]
2494,2.4939999999998363,[ 0.65415264 -0.30546904],[ 0.1690913 -0.1716086],[-0.30367935  0.24437783],[-0.16542179 -0.02214412]
2495,2.4949999999998362,[ 0.65432143 -0.30564041],[ 0.16878762 -0.17136422],[-0.30381359  0.24379467],[-0.16548904 -0.02215746]
2496,2.495999999999836,[ 0.65448992 -0.30581153],[ 0.16848381 -0.17112043],[-0.30394748  0.24321652],[-0.16555614 -0.02217078]
2497,2.496999999999836,[ 0.6546581 -0.3059824],[ 0.16817986 -0.17087721],[-0.30408101  0.24264336],[-0.16562309 -0.02218407]
2498,2.497999999999836,[ 0.65482597 -0.30615304],[ 0.16787578 -0.17063457],[-0.30421419  0.24207515],[-0.16568989 -0.02219735]
2499,2.498999999999836,[ 0.65499354 -0.30632343],[ 0.16757156 -0.17039249],[-0.30434701  0.24151186],[-0.16575653 -0.02221059]
2500,2.4999999999998357,[ 0.65516081 -0.30649358],[ 0.16726722 -0.17015098],[-0.30447948  0.24095346],[-0.16582303 -0.02222382]
2501,2.5009999999998356,[ 0.65532777 -0.30666349],[ 0.16696274 -0.16991003],[-0.30461159  0.24039991],[-0.16588938 -0.02223702]
2502,2.5019999999998355,[ 0.65549443 -0.30683316],[ 0.16665812 -0.16966963],[-0.30474336  0.23985118],[-0.16595558 -0.0222502 ]
2503,2.5029999999998354,[ 0.65566078 -0.30700259],[ 0.16635338 -0.16942978],[-0.30487477  0.23930724],[-0.16602163 -0.02226335]
2504,2.5039999999998352,[ 0.65582683 -0.30717178],[ 0.16604851 -0.16919047],[-0.30500583  0.23876806],[-0.16608753 -0.02227649]
2505,2.504999999999835,[ 0.65599258 -0.30734073],[ 0.1657435 -0.1689517],[-0.30513654  0.2382336 ],[-0.16615329 -0.0222896 ]
2506,2.505999999999835,[ 0.65615802 -0.30750945],[ 0.16543836 -0.16871347],[-0.3052669   0.23770383],[-0.16621889 -0.02230268]
2507,2.506999999999835,[ 0.65632315 -0.30767792],[ 0.1651331  -0.16847577],[-0.30539691  0.23717873],[-0.16628434 -0.02231575]
2508,2.507999999999835,[ 0.65648798 -0.30784616],[ 0.1648277  -0.16823859],[-0.30552657  0.23665826],[-0.16634964 -0.02232879]
2509,2.5089999999998347,[ 0.6566525  -0.30801416],[ 0.16452217 -0.16800193],[-0.30565588  0.23614238],[-0.16641479 -0.02234181]
2510,2.5099999999998346,[ 0.65681671 -0.30818193],[ 0.16421652 -0.16776579],[-0.30578484  0.23563108],[-0.1664798  -0.02235481]
2511,2.5109999999998345,[ 0.65698063 -0.30834946],[ 0.16391073 -0.16753016],[-0.30591346  0.23512431],[-0.16654465 -0.02236778]
2512,2.5119999999998344,[ 0.65714423 -0.30851676],[ 0.16360482 -0.16729503],[-0.30604173  0.23462205],[-0.16660936 -0.02238073]
2513,2.5129999999998343,[ 0.65730753 -0.30868382],[ 0.16329878 -0.16706041],[-0.30616965  0.23412427],[-0.16667391 -0.02239366]
2514,2.513999999999834,[ 0.65747052 -0.30885064],[ 0.16299261 -0.16682628],[-0.30629723  0.23363093],[-0.16673832 -0.02240657]
2515,2.514999999999834,[ 0.65763321 -0.30901723],[ 0.16268631 -0.16659265],[-0.30642446  0.23314201],[-0.16680257 -0.02241945]
2516,2.515999999999834,[ 0.65779559 -0.30918359],[ 0.16237989 -0.16635951],[-0.30655135  0.23265748],[-0.16686668 -0.02243232]
2517,2.516999999999834,[ 0.65795766 -0.30934972],[ 0.16207334 -0.16612685],[-0.30667789  0.2321773 ],[-0.16693064 -0.02244516]
2518,2.5179999999998337,[ 0.65811943 -0.30951562],[ 0.16176666 -0.16589468],[-0.30680409  0.23170146],[-0.16699444 -0.02245798]
2519,2.5189999999998336,[ 0.65828089 -0.30968128],[ 0.16145985 -0.16566298],[-0.30692995  0.23122991],[-0.1670581  -0.02247078]
2520,2.5199999999998335,[ 0.65844204 -0.30984671],[ 0.16115292 -0.16543175],[-0.30705546  0.23076264],[-0.16712161 -0.02248355]
2521,2.5209999999998334,[ 0.65860289 -0.31001191],[ 0.16084587 -0.16520098],[-0.30718063  0.2302996 ],[-0.16718497 -0.02249631]
2522,2.5219999999998333,[ 0.65876343 -0.31017688],[ 0.16053869 -0.16497068],[-0.30730546  0.22984078],[-0.16724818 -0.02250904]
2523,2.522999999999833,[ 0.65892366 -0.31034162],[ 0.16023138 -0.16474084],[-0.30742994  0.22938615],[-0.16731125 -0.02252175]
2524,2.523999999999833,[ 0.65908358 -0.31050613],[ 0.15992395 -0.16451146],[-0.30755409  0.22893567],[-0.16737416 -0.02253444]
2525,2.524999999999833,[ 0.6592432  -0.31067042],[ 0.1596164  -0.16428252],[-0.30767789  0.22848932],[-0.16743692 -0.02254711]
2526,2.525999999999833,[ 0.65940251 -0.31083447],[ 0.15930872 -0.16405403],[-0.30780136  0.22804707],[-0.16749954 -0.02255976]
2527,2.5269999999998327,[ 0.65956151 -0.3109983 ],[ 0.15900092 -0.16382598],[-0.30792448  0.2276089 ],[-0.167562   -0.02257238]
2528,2.5279999999998326,[ 0.6597202 -0.3111619],[ 0.15869299 -0.16359838],[-0.30804727  0.22717477],[-0.16762432 -0.02258499]
2529,2.5289999999998325,[ 0.65987858 -0.31132527],[ 0.15838495 -0.1633712 ],[-0.30816972  0.22674467],[-0.16768649 -0.02259757]
2530,2.5299999999998324,[ 0.66003666 -0.31148841],[ 0.15807678 -0.16314446],[-0.30829183  0.22631855],[-0.16774851 -0.02261014]
2531,2.5309999999998323,[ 0.66019443 -0.31165133],[ 0.15776849 -0.16291814],[-0.3084136  0.2258964],[-0.16781038 -0.02262268]
2532,2.531999999999832,[ 0.66035189 -0.31181402],[ 0.15746007 -0.16269224],[-0.30853503  0.22547819],[-0.1678721 -0.0226352]
2533,2.532999999999832,[ 0.66050904 -0.31197649],[ 0.15715154 -0.16246676],[-0.30865613  0.22506389],[-0.16793367 -0.0226477 ]
2534,2.533999999999832,[ 0.66066588 -0.31213873],[ 0.15684288 -0.1622417 ],[-0.30877689  0.22465347],[-0.16799509 -0.02266018]
2535,2.534999999999832,[ 0.66082242 -0.31230075],[ 0.1565341  -0.16201705],[-0.30889732  0.22424692],[-0.16805637 -0.02267264]
2536,2.5359999999998317,[ 0.66097864 -0.31246254],[ 0.15622521 -0.1617928 ],[-0.30901741  0.2238442 ],[-0.16811749 -0.02268507]
2537,2.5369999999998316,[ 0.66113456 -0.31262411],[ 0.15591619 -0.16156895],[-0.30913717  0.22344528],[-0.16817847 -0.02269749]
2538,2.5379999999998315,[ 0.66129017 -0.31278545],[ 0.15560705 -0.16134551],[-0.30925659  0.22305015],[-0.1682393  -0.02270989]
2539,2.5389999999998314,[ 0.66144546 -0.31294658],[ 0.1552978  -0.16112246],[-0.30937568  0.22265878],[-0.16829997 -0.02272226]
2540,2.5399999999998313,[ 0.66160045 -0.31310748],[ 0.15498842 -0.1608998 ],[-0.30949443  0.22227114],[-0.1683605  -0.02273462]
2541,2.540999999999831,[ 0.66175513 -0.31326815],[ 0.15467893 -0.16067753],[-0.30961285  0.2218872 ],[-0.16842089 -0.02274696]
2542,2.541999999999831,[ 0.6619095  -0.31342861],[ 0.15436931 -0.16045564],[-0.30973094  0.22150695],[-0.16848112 -0.02275927]
2543,2.542999999999831,[ 0.66206356 -0.31358884],[ 0.15405958 -0.16023414],[-0.30984869  0.22113035],[-0.1685412  -0.02277157]
2544,2.543999999999831,[ 0.66221731 -0.31374886],[ 0.15374973 -0.160013  ],[-0.30996612  0.22075738],[-0.16860114 -0.02278384]
2545,2.5449999999998307,[ 0.66237075 -0.31390865],[ 0.15343977 -0.15979225],[-0.31008321  0.22038802],[-0.16866092 -0.0227961 ]
2546,2.5459999999998306,[ 0.66252388 -0.31406822],[ 0.15312968 -0.15957186],[-0.31019997  0.22002224],[-0.16872056 -0.02280833]
2547,2.5469999999998305,[ 0.6626767  -0.31422757],[ 0.15281948 -0.15935184],[-0.3103164   0.21966003],[-0.16878005 -0.02282055]
2548,2.5479999999998304,[ 0.66282921 -0.3143867 ],[ 0.15250917 -0.15913218],[-0.3104325   0.21930135],[-0.16883939 -0.02283274]
2549,2.5489999999998303,[ 0.66298141 -0.31454562],[ 0.15219873 -0.15891288],[-0.31054827  0.21894617],[-0.16889859 -0.02284492]
2550,2.54999999999983,[ 0.6631333  -0.31470431],[ 0.15188819 -0.15869393],[-0.31066372  0.21859449],[-0.16895763 -0.02285707]
2551,2.55099999999983,[ 0.66328487 -0.31486279],[ 0.15157752 -0.15847534],[-0.31077883  0.21824627],[-0.16901653 -0.02286921]
2552,2.55199999999983,[ 0.66343614 -0.31502104],[ 0.15126674 -0.15825709],[-0.31089361  0.21790149],[-0.16907527 -0.02288133]
2553,2.55299999999983,[ 0.6635871  -0.31517908],[ 0.15095585 -0.15803919],[-0.31100807  0.21756013],[-0.16913387 -0.02289342]
2554,2.5539999999998297,[ 0.66373774 -0.3153369 ],[ 0.15064484 -0.15782163],[-0.3111222   0.21722216],[-0.16919232 -0.0229055 ]
2555,2.5549999999998296,[ 0.66388807 -0.31549451],[ 0.15033372 -0.1576044 ],[-0.311236    0.21688756],[-0.16925063 -0.02291756]
2556,2.5559999999998295,[ 0.6640381 -0.3156519],[ 0.15002248 -0.15738752],[-0.31134948  0.21655632],[-0.16930878 -0.02292959]
2557,2.5569999999998294,[ 0.66418781 -0.31580907],[ 0.14971113 -0.15717096],[-0.31146263  0.21622839],[-0.16936679 -0.02294161]
2558,2.5579999999998293,[ 0.66433721 -0.31596602],[ 0.14939967 -0.15695473],[-0.31157545  0.21590378],[-0.16942465 -0.02295361]
2559,2.558999999999829,[ 0.6644863  -0.31612276],[ 0.1490881  -0.15673883],[-0.31168794  0.21558244],[-0.16948235 -0.02296559]
2560,2.559999999999829,[ 0.66463507 -0.31627928],[ 0.14877641 -0.15652325],[-0.31180012  0.21526436],[-0.16953992 -0.02297755]
2561,2.560999999999829,[ 0.66478354 -0.31643559],[ 0.14846461 -0.15630798],[-0.31191196  0.21494952],[-0.16959733 -0.02298949]
2562,2.561999999999829,[ 0.66493169 -0.31659169],[ 0.1481527  -0.15609303],[-0.31202349  0.21463789],[-0.16965459 -0.02300142]
2563,2.5629999999998287,[ 0.66507953 -0.31674756],[ 0.14784067 -0.15587839],[-0.31213468  0.21432946],[-0.16971171 -0.02301332]
2564,2.5639999999998286,[ 0.66522706 -0.31690323],[ 0.14752854 -0.15566407],[-0.31224556  0.2140242 ],[-0.16976868 -0.0230252 ]
2565,2.5649999999998285,[ 0.66537427 -0.31705868],[ 0.14721629 -0.15545004],[-0.31235611  0.21372209],[-0.1698255  -0.02303707]
2566,2.5659999999998284,[ 0.66552118 -0.31721391],[ 0.14690394 -0.15523632],[-0.31246634  0.21342311],[-0.16988217 -0.02304892]
2567,2.5669999999998283,[ 0.66566777 -0.31736894],[ 0.14659147 -0.1550229 ],[-0.31257625  0.21312723],[-0.1699387  -0.02306074]
2568,2.567999999999828,[ 0.66581405 -0.31752375],[ 0.14627889 -0.15480977],[-0.31268583  0.21283445],[-0.16999508 -0.02307255]
2569,2.568999999999828,[ 0.66596002 -0.31767834],[ 0.14596621 -0.15459693],[-0.31279509  0.21254473],[-0.17005131 -0.02308434]
2570,2.569999999999828,[ 0.66610567 -0.31783273],[ 0.14565341 -0.15438439],[-0.31290404  0.21225805],[-0.17010739 -0.02309611]
2571,2.570999999999828,[ 0.66625101 -0.3179869 ],[ 0.14534051 -0.15417213],[-0.31301266  0.2119744 ],[-0.17016332 -0.02310787]
2572,2.5719999999998278,[ 0.66639604 -0.31814086],[ 0.1450275  -0.15396016],[-0.31312096  0.21169376],[-0.17021911 -0.0231196 ]
2573,2.5729999999998276,[ 0.66654075 -0.31829461],[ 0.14471438 -0.15374846],[-0.31322893  0.21141609],[-0.17027474 -0.02313132]
2574,2.5739999999998275,[ 0.66668515 -0.31844815],[ 0.14440115 -0.15353705],[-0.31333659  0.2111414 ],[-0.17033023 -0.02314301]
2575,2.5749999999998274,[ 0.66682924 -0.31860147],[ 0.14408781 -0.15332591],[-0.31344393  0.21086964],[-0.17038558 -0.02315469]
2576,2.5759999999998273,[ 0.66697301 -0.31875459],[ 0.14377437 -0.15311504],[-0.31355096  0.21060081],[-0.17044077 -0.02316635]
2577,2.576999999999827,[ 0.66711648 -0.31890749],[ 0.14346081 -0.15290444],[-0.31365766  0.21033488],[-0.17049582 -0.02317799]
2578,2.577999999999827,[ 0.66725962 -0.31906019],[ 0.14314716 -0.1526941 ],[-0.31376404  0.21007184],[-0.17055072 -0.02318961]
2579,2.578999999999827,[ 0.66740246 -0.31921267],[ 0.14283339 -0.15248403],[-0.31387011  0.20981166],[-0.17060547 -0.02320122]
2580,2.579999999999827,[ 0.66754498 -0.31936494],[ 0.14251952 -0.15227422],[-0.31397586  0.20955433],[-0.17066007 -0.0232128 ]
2581,2.5809999999998268,[ 0.66768718 -0.31951701],[ 0.14220555 -0.15206466],[-0.31408129  0.20929982],[-0.17071453 -0.02322437]
2582,2.5819999999998267,[ 0.66782907 -0.31966886],[ 0.14189147 -0.15185536],[-0.3141864   0.20904812],[-0.17076884 -0.02323592]
2583,2.5829999999998265,[ 0.66797065 -0.31982051],[ 0.14157728 -0.15164631],[-0.3142912  0.2087992],[-0.170823   -0.02324745]
2584,2.5839999999998264,[ 0.66811191 -0.31997195],[ 0.14126299 -0.15143752],[-0.31439568  0.20855306],[-0.17087702 -0.02325897]
2585,2.5849999999998263,[ 0.66825286 -0.32012318],[ 0.14094859 -0.15122896],[-0.31449984  0.20830967],[-0.17093088 -0.02327046]
2586,2.585999999999826,[ 0.6683935 -0.3202742],[ 0.14063409 -0.15102065],[-0.31460369  0.208069  ],[-0.1709846  -0.02328194]
2587,2.586999999999826,[ 0.66853381 -0.32042501],[ 0.14031949 -0.15081258],[-0.31470723  0.20783105],[-0.17103817 -0.0232934 ]
2588,2.587999999999826,[ 0.66867382 -0.32057561],[ 0.14000478 -0.15060475],[-0.31481045  0.2075958 ],[-0.1710916  -0.02330484]
2589,2.588999999999826,[ 0.66881351 -0.32072601],[ 0.13968997 -0.15039716],[-0.31491335  0.20736322],[-0.17114488 -0.02331627]
2590,2.5899999999998258,[ 0.66895288 -0.3208762 ],[ 0.13937506 -0.15018979],[-0.31501594  0.20713329],[-0.17119801 -0.02332767]
2591,2.5909999999998257,[ 0.66909194 -0.32102618],[ 0.13906004 -0.14998266],[-0.31511822  0.20690601],[-0.17125099 -0.02333906]
2592,2.5919999999998256,[ 0.66923069 -0.32117596],[ 0.13874492 -0.14977575],[-0.31522018  0.20668135],[-0.17130383 -0.02335043]
2593,2.5929999999998254,[ 0.66936912 -0.32132553],[ 0.1384297  -0.14956907],[-0.31532183  0.2064593 ],[-0.17135651 -0.02336178]
2594,2.5939999999998253,[ 0.66950723 -0.32147489],[ 0.13811438 -0.14936261],[-0.31542317  0.20623983],[-0.17140906 -0.02337312]
2595,2.5949999999998252,[ 0.66964503 -0.32162405],[ 0.13779896 -0.14915637],[-0.3155242   0.20602293],[-0.17146145 -0.02338443]
2596,2.595999999999825,[ 0.66978252 -0.321773  ],[ 0.13748343 -0.14895035],[-0.31562491  0.20580858],[-0.1715137  -0.02339573]
2597,2.596999999999825,[ 0.66991968 -0.32192174],[ 0.13716781 -0.14874454],[-0.31572531  0.20559676],[-0.1715658  -0.02340702]
2598,2.597999999999825,[ 0.67005654 -0.32207028],[ 0.13685208 -0.14853895],[-0.3158254   0.20538746],[-0.17161775 -0.02341828]
2599,2.598999999999825,[ 0.67019307 -0.32221862],[ 0.13653626 -0.14833356],[-0.31592518  0.20518066],[-0.17166956 -0.02342953]
2600,2.5999999999998247,[ 0.67032929 -0.32236674],[ 0.13622033 -0.14812838],[-0.31602465  0.20497635],[-0.17172122 -0.02344076]
2601,2.6009999999998246,[ 0.6704652  -0.32251467],[ 0.13590431 -0.1479234 ],[-0.3161238  0.2047745],[-0.17177273 -0.02345197]
2602,2.6019999999998245,[ 0.67060079 -0.32266239],[ 0.13558819 -0.14771863],[-0.31622265  0.2045751 ],[-0.1718241  -0.02346316]
2603,2.6029999999998243,[ 0.67073606 -0.3228099 ],[ 0.13527196 -0.14751405],[-0.31632118  0.20437813],[-0.17187531 -0.02347434]
2604,2.6039999999998242,[ 0.67087101 -0.32295721],[ 0.13495564 -0.14730967],[-0.31641941  0.20418357],[-0.17192639 -0.0234855 ]
2605,2.604999999999824,[ 0.67100565 -0.32310432],[ 0.13463922 -0.14710549],[-0.31651733  0.20399142],[-0.17197731 -0.02349664]
2606,2.605999999999824,[ 0.67113997 -0.32325122],[ 0.1343227 -0.1469015],[-0.31661494  0.20380164],[-0.17202809 -0.02350777]
2607,2.606999999999824,[ 0.67127398 -0.32339791],[ 0.13400609 -0.1466977 ],[-0.31671224  0.20361424],[-0.17207872 -0.02351888]
2608,2.607999999999824,[ 0.67140767 -0.32354441],[ 0.13368938 -0.14649408],[-0.31680923  0.20342918],[-0.17212921 -0.02352997]
2609,2.6089999999998237,[ 0.67154104 -0.3236907 ],[ 0.13337257 -0.14629065],[-0.31690591  0.20324646],[-0.17217955 -0.02354104]
2610,2.6099999999998236,[ 0.6716741  -0.32383679],[ 0.13305566 -0.14608741],[-0.31700229  0.20306606],[-0.17222974 -0.0235521 ]
2611,2.6109999999998235,[ 0.67180684 -0.32398267],[ 0.13273866 -0.14588434],[-0.31709836  0.20288796],[-0.17227978 -0.02356314]
2612,2.6119999999998234,[ 0.67193926 -0.32412835],[ 0.13242156 -0.14568145],[-0.31719412  0.20271215],[-0.17232968 -0.02357416]
2613,2.6129999999998232,[ 0.67207136 -0.32427383],[ 0.13210437 -0.14547874],[-0.31728957  0.20253861],[-0.17237944 -0.02358517]
2614,2.613999999999823,[ 0.67220315 -0.32441911],[ 0.13178708 -0.1452762 ],[-0.31738472  0.20236732],[-0.17242904 -0.02359616]
2615,2.614999999999823,[ 0.67233462 -0.32456418],[ 0.13146969 -0.14507383],[-0.31747956  0.20219828],[-0.1724785  -0.02360713]
2616,2.615999999999823,[ 0.67246577 -0.32470905],[ 0.13115221 -0.14487164],[-0.3175741   0.20203146],[-0.17252781 -0.02361808]
2617,2.616999999999823,[ 0.67259661 -0.32485372],[ 0.13083464 -0.14466961],[-0.31766833  0.20186685],[-0.17257698 -0.02362902]
2618,2.6179999999998227,[ 0.67272712 -0.32499819],[ 0.13051697 -0.14446774],[-0.31776225  0.20170443],[-0.172626   -0.02363994]
2619,2.6189999999998226,[ 0.67285732 -0.32514246],[ 0.13019921 -0.14426603],[-0.31785587  0.2015442 ],[-0.17267488 -0.02365085]
2620,2.6199999999998225,[ 0.6729872  -0.32528652],[ 0.12988135 -0.14406449],[-0.31794919  0.20138612],[-0.1727236  -0.02366174]
2621,2.6209999999998224,[ 0.67311677 -0.32543038],[ 0.1295634 -0.1438631],[-0.3180422  0.2012302],[-0.17277219 -0.02367261]
2622,2.6219999999998223,[ 0.67324601 -0.32557405],[ 0.12924536 -0.14366187],[-0.31813491  0.20107642],[-0.17282062 -0.02368346]
2623,2.622999999999822,[ 0.67337494 -0.32571751],[ 0.12892723 -0.1434608 ],[-0.31822731  0.20092475],[-0.17286891 -0.0236943 ]
2624,2.623999999999822,[ 0.67350355 -0.32586077],[ 0.128609   -0.14325987],[-0.31831941  0.20077519],[-0.17291705 -0.02370512]
2625,2.624999999999822,[ 0.67363184 -0.32600383],[ 0.12829068 -0.1430591 ],[-0.3184112   0.20062773],[-0.17296505 -0.02371592]
2626,2.625999999999822,[ 0.67375981 -0.32614668],[ 0.12797227 -0.14285847],[-0.3185027   0.20048234],[-0.1730129  -0.02372671]
2627,2.6269999999998217,[ 0.67388747 -0.32628934],[ 0.12765377 -0.14265799],[-0.31859389  0.20033901],[-0.17306061 -0.02373748]
2628,2.6279999999998216,[ 0.6740148 -0.3264318],[ 0.12733517 -0.14245765],[-0.31868478  0.20019773],[-0.17310817 -0.02374824]
2629,2.6289999999998215,[ 0.67414182 -0.32657406],[ 0.12701649 -0.14225745],[-0.31877536  0.20005849],[-0.17315558 -0.02375897]
2630,2.6299999999998214,[ 0.67426852 -0.32671611],[ 0.12669771 -0.14205739],[-0.31886565  0.19992127],[-0.17320285 -0.02376969]
2631,2.6309999999998213,[ 0.67439489 -0.32685797],[ 0.12637885 -0.14185747],[-0.31895563  0.19978605],[-0.17324997 -0.0237804 ]
2632,2.631999999999821,[ 0.67452095 -0.32699963],[ 0.12605989 -0.14165768],[-0.31904531  0.19965283],[-0.17329695 -0.02379109]
2633,2.632999999999821,[ 0.67464669 -0.32714109],[ 0.12574085 -0.14145803],[-0.31913469  0.19952159],[-0.17334378 -0.02380176]
2634,2.633999999999821,[ 0.67477212 -0.32728235],[ 0.12542171 -0.14125851],[-0.31922377  0.19939231],[-0.17339046 -0.02381242]
2635,2.634999999999821,[ 0.67489722 -0.32742341],[ 0.12510249 -0.14105912],[-0.31931255  0.19926499],[-0.173437   -0.02382306]
2636,2.6359999999998207,[ 0.675022   -0.32756426],[ 0.12478317 -0.14085985],[-0.31940103  0.1991396 ],[-0.17348339 -0.02383368]
2637,2.6369999999998206,[ 0.67514647 -0.32770493],[ 0.12446377 -0.14066071],[-0.3194892   0.19901614],[-0.17352964 -0.02384428]
2638,2.6379999999998205,[ 0.67527061 -0.32784539],[ 0.12414428 -0.1404617 ],[-0.31957708  0.1988946 ],[-0.17357574 -0.02385488]
2639,2.6389999999998204,[ 0.67539443 -0.32798565],[ 0.12382471 -0.1402628 ],[-0.31966466  0.19877495],[-0.1736217  -0.02386545]
2640,2.6399999999998203,[ 0.67551794 -0.32812571],[ 0.12350504 -0.14006403],[-0.31975194  0.19865719],[-0.17366751 -0.02387601]
2641,2.64099999999982,[ 0.67564113 -0.32826558],[ 0.12318529 -0.13986537],[-0.31983893  0.1985413 ],[-0.17371317 -0.02388655]
2642,2.64199999999982,[ 0.67576399 -0.32840525],[ 0.12286545 -0.13966683],[-0.31992561  0.19842727],[-0.17375869 -0.02389707]
2643,2.64299999999982,[ 0.67588654 -0.32854471],[ 0.12254553 -0.1394684 ],[-0.32001199  0.19831509],[-0.17380407 -0.02390758]
2644,2.64399999999982,[ 0.67600876 -0.32868398],[ 0.12222551 -0.13927009],[-0.32009808  0.19820475],[-0.1738493  -0.02391808]
2645,2.6449999999998197,[ 0.67613067 -0.32882306],[ 0.12190542 -0.13907188],[-0.32018387  0.19809623],[-0.17389438 -0.02392856]
2646,2.6459999999998196,[ 0.67625225 -0.32896193],[ 0.12158523 -0.13887379],[-0.32026936  0.19798951],[-0.17393932 -0.02393902]
2647,2.6469999999998195,[ 0.67637352 -0.32910061],[ 0.12126496 -0.1386758 ],[-0.32035456  0.1978846 ],[-0.17398411 -0.02394946]
2648,2.6479999999998194,[ 0.67649446 -0.32923908],[ 0.12094461 -0.13847791],[-0.32043945  0.19778147],[-0.17402876 -0.02395989]
2649,2.6489999999998193,[ 0.67661509 -0.32937736],[ 0.12062417 -0.13828013],[-0.32052405  0.19768011],[-0.17407326 -0.0239703 ]
2650,2.649999999999819,[ 0.67673539 -0.32951545],[ 0.12030364 -0.13808245],[-0.32060836  0.19758051],[-0.17411762 -0.0239807 ]
2651,2.650999999999819,[ 0.67685537 -0.32965333],[ 0.11998304 -0.13788487],[-0.32069237  0.19748266],[-0.17416183 -0.02399108]
2652,2.651999999999819,[ 0.67697504 -0.32979102],[ 0.11966234 -0.13768739],[-0.32077608  0.19738654],[-0.1742059  -0.02400145]
2653,2.652999999999819,[ 0.67709438 -0.32992851],[ 0.11934157 -0.13749   ],[-0.32085949  0.19729215],[-0.17424982 -0.0240118 ]
2654,2.6539999999998187,[ 0.6772134 -0.3300658],[ 0.11902071 -0.13729271],[-0.32094261  0.19719947],[-0.1742936  -0.02402213]
2655,2.6549999999998186,[ 0.6773321 -0.3302029],[ 0.11869977 -0.13709551],[-0.32102544  0.19710849],[-0.17433723 -0.02403245]
2656,2.6559999999998185,[ 0.67745048 -0.3303398 ],[ 0.11837874 -0.1368984 ],[-0.32110797  0.1970192 ],[-0.17438072 -0.02404275]
2657,2.6569999999998184,[ 0.67756853 -0.3304765 ],[ 0.11805763 -0.13670138],[-0.32119021  0.19693159],[-0.17442406 -0.02405304]
2658,2.6579999999998183,[ 0.67768627 -0.330613  ],[ 0.11773644 -0.13650445],[-0.32127215  0.19684564],[-0.17446726 -0.02406331]
2659,2.658999999999818,[ 0.67780369 -0.33074931],[ 0.11741517 -0.1363076 ],[-0.3213538   0.19676134],[-0.17451031 -0.02407356]
2660,2.659999999999818,[ 0.67792078 -0.33088542],[ 0.11709382 -0.13611084],[-0.32143515  0.19667869],[-0.17455322 -0.0240838 ]
2661,2.660999999999818,[ 0.67803755 -0.33102133],[ 0.11677238 -0.13591416],[-0.32151621  0.19659766],[-0.17459598 -0.02409402]
2662,2.661999999999818,[ 0.678154   -0.33115705],[ 0.11645086 -0.13571757],[-0.32159697  0.19651826],[-0.1746386  -0.02410423]
2663,2.6629999999998177,[ 0.67827013 -0.33129257],[ 0.11612927 -0.13552105],[-0.32167745  0.19644046],[-0.17468107 -0.02411442]
2664,2.6639999999998176,[ 0.67838594 -0.3314279 ],[ 0.11580759 -0.13532461],[-0.32175763  0.19636426],[-0.1747234 -0.0241246]
2665,2.6649999999998175,[ 0.67850142 -0.33156303],[ 0.11548583 -0.13512824],[-0.32183751  0.19628965],[-0.17476559 -0.02413476]
2666,2.6659999999998174,[ 0.67861659 -0.33169796],[ 0.115164   -0.13493195],[-0.32191711  0.19621661],[-0.17480763 -0.0241449 ]
2667,2.6669999999998173,[ 0.67873143 -0.33183269],[ 0.11484208 -0.13473574],[-0.32199641  0.19614514],[-0.17484952 -0.02415503]
2668,2.667999999999817,[ 0.67884595 -0.33196723],[ 0.11452008 -0.13453959],[-0.32207542  0.19607521],[-0.17489127 -0.02416514]
2669,2.668999999999817,[ 0.67896015 -0.33210158],[ 0.11419801 -0.13434352],[-0.32215414  0.19600683],[-0.17493288 -0.02417524]
2670,2.669999999999817,[ 0.67907402 -0.33223572],[ 0.11387585 -0.13414751],[-0.32223257  0.19593999],[-0.17497434 -0.02418532]
2671,2.670999999999817,[ 0.67918758 -0.33236968],[ 0.11355362 -0.13395157],[-0.3223107   0.19587466],[-0.17501566 -0.02419539]
2672,2.6719999999998167,[ 0.67930081 -0.33250343],[ 0.11323131 -0.13375569],[-0.32238855  0.19581084],[-0.17505683 -0.02420544]
2673,2.6729999999998166,[ 0.67941372 -0.33263699],[ 0.11290892 -0.13355988],[-0.3224661   0.19574852],[-0.17509786 -0.02421548]
2674,2.6739999999998165,[ 0.67952631 -0.33277036],[ 0.11258645 -0.13336414],[-0.32254337  0.19568769],[-0.17513875 -0.0242255 ]
2675,2.6749999999998164,[ 0.67963857 -0.33290352],[ 0.11226391 -0.13316845],[-0.32262034  0.19562834],[-0.17517949 -0.0242355 ]
2676,2.6759999999998163,[ 0.67975051 -0.3330365 ],[ 0.11194129 -0.13297282],[-0.32269702  0.19557046],[-0.17522009 -0.02424549]
2677,2.676999999999816,[ 0.67986213 -0.33316927],[ 0.11161859 -0.13277725],[-0.32277342  0.19551404],[-0.17526054 -0.02425546]
2678,2.677999999999816,[ 0.67997342 -0.33330186],[ 0.11129582 -0.13258173],[-0.32284952  0.19545906],[-0.17530085 -0.02426542]
2679,2.678999999999816,[ 0.6800844  -0.33343424],[ 0.11097297 -0.13238628],[-0.32292533  0.19540553],[-0.17534101 -0.02427536]
2680,2.679999999999816,[ 0.68019505 -0.33356643],[ 0.11065005 -0.13219087],[-0.32300086  0.19535342],[-0.17538103 -0.02428529]
2681,2.6809999999998158,[ 0.68030537 -0.33369843],[ 0.11032704 -0.13199552],[-0.32307609  0.19530273],[-0.17542091 -0.0242952 ]
2682,2.6819999999998156,[ 0.68041538 -0.33383023],[ 0.11000397 -0.13180021],[-0.32315104  0.19525344],[-0.17546064 -0.0243051 ]
2683,2.6829999999998155,[ 0.68052506 -0.33396183],[ 0.10968082 -0.13160496],[-0.3232257   0.19520556],[-0.17550023 -0.02431498]
2684,2.6839999999998154,[ 0.68063442 -0.33409324],[ 0.10935759 -0.13140976],[-0.32330007  0.19515906],[-0.17553968 -0.02432485]
2685,2.6849999999998153,[ 0.68074345 -0.33422446],[ 0.10903429 -0.1312146 ],[-0.32337415  0.19511394],[-0.17557898 -0.0243347 ]
2686,2.685999999999815,[ 0.68085216 -0.33435548],[ 0.10871092 -0.13101948],[-0.32344795  0.19507019],[-0.17561814 -0.02434453]
2687,2.686999999999815,[ 0.68096055 -0.3344863 ],[ 0.10838747 -0.13082441],[-0.32352145  0.1950278 ],[-0.17565715 -0.02435435]
2688,2.687999999999815,[ 0.68106861 -0.33461693],[ 0.10806395 -0.13062938],[-0.32359467  0.19498676],[-0.17569602 -0.02436416]
2689,2.688999999999815,[ 0.68117635 -0.33474737],[ 0.10774035 -0.1304344 ],[-0.32366761  0.19494705],[-0.17573475 -0.02437395]
2690,2.6899999999998148,[ 0.68128377 -0.3348776 ],[ 0.10741669 -0.13023945],[-0.32374025  0.19490868],[-0.17577333 -0.02438372]
2691,2.6909999999998147,[ 0.68139086 -0.33500765],[ 0.10709295 -0.13004454],[-0.32381261  0.19487163],[-0.17581177 -0.02439348]
2692,2.6919999999998145,[ 0.68149763 -0.3351375 ],[ 0.10676913 -0.12984967],[-0.32388468  0.1948359 ],[-0.17585007 -0.02440323]
2693,2.6929999999998144,[ 0.68160408 -0.33526715],[ 0.10644525 -0.12965483],[-0.32395647  0.19480146],[-0.17588822 -0.02441296]
2694,2.6939999999998143,[ 0.6817102  -0.33539661],[ 0.10612129 -0.12946003],[-0.32402797  0.19476832],[-0.17592623 -0.02442267]
2695,2.694999999999814,[ 0.681816   -0.33552588],[ 0.10579726 -0.12926526],[-0.32409918  0.19473647],[-0.1759641  -0.02443237]
2696,2.695999999999814,[ 0.68192147 -0.33565495],[ 0.10547316 -0.12907053],[-0.32417011  0.19470589],[-0.17600182 -0.02444205]
2697,2.696999999999814,[ 0.68202662 -0.33578383],[ 0.10514899 -0.12887582],[-0.32424075  0.19467657],[-0.1760394  -0.02445172]
2698,2.697999999999814,[ 0.68213144 -0.33591251],[ 0.10482475 -0.12868115],[-0.32431111  0.19464852],[-0.17607684 -0.02446137]
2699,2.6989999999998138,[ 0.68223594 -0.33604099],[ 0.10450044 -0.1284865 ],[-0.32438119  0.19462171],[-0.17611413 -0.02447101]
2700,2.6999999999998137,[ 0.68234012 -0.33616928],[ 0.10417606 -0.12829188],[-0.32445097  0.19459614],[-0.17615128 -0.02448063]
2701,2.7009999999998136,[ 0.68244397 -0.33629738],[ 0.10385161 -0.12809728],[-0.32452048  0.19457181],[-0.17618829 -0.02449024]
2702,2.7019999999998134,[ 0.6825475  -0.33642528],[ 0.10352709 -0.12790271],[-0.3245897   0.19454869],[-0.17622516 -0.02449983]
2703,2.7029999999998133,[ 0.6826507  -0.33655299],[ 0.1032025  -0.12770816],[-0.32465863  0.19452679],[-0.17626188 -0.02450941]
2704,2.703999999999813,[ 0.68275358 -0.33668051],[ 0.10287784 -0.12751363],[-0.32472728  0.1945061 ],[-0.17629846 -0.02451898]
2705,2.704999999999813,[ 0.68285613 -0.33680783],[ 0.10255311 -0.12731913],[-0.32479565  0.1944866 ],[-0.17633489 -0.02452852]
2706,2.705999999999813,[ 0.68295836 -0.33693495],[ 0.10222832 -0.12712464],[-0.32486373  0.19446829],[-0.17637118 -0.02453806]
2707,2.706999999999813,[ 0.68306026 -0.33706188],[ 0.10190345 -0.12693017],[-0.32493153  0.19445116],[-0.17640733 -0.02454757]
2708,2.707999999999813,[ 0.68316184 -0.33718862],[ 0.10157852 -0.12673572],[-0.32499905  0.1944352 ],[-0.17644334 -0.02455708]
2709,2.7089999999998127,[ 0.6832631  -0.33731516],[ 0.10125352 -0.12654128],[-0.32506629  0.19442041],[-0.1764792  -0.02456656]
2710,2.7099999999998126,[ 0.68336402 -0.3374415 ],[ 0.10092846 -0.12634686],[-0.32513324  0.19440677],[-0.17651493 -0.02457604]
2711,2.7109999999998124,[ 0.68346463 -0.33756766],[ 0.10060332 -0.12615246],[-0.32519991  0.19439427],[-0.1765505  -0.02458549]
2712,2.7119999999998123,[ 0.68356491 -0.33769361],[ 0.10027812 -0.12595806],[-0.32526629  0.19438292],[-0.17658594 -0.02459494]
2713,2.7129999999998122,[ 0.68366486 -0.33781938],[ 0.09995286 -0.12576368],[-0.3253324   0.19437269],[-0.17662123 -0.02460437]
2714,2.713999999999812,[ 0.68376449 -0.33794495],[ 0.09962753 -0.12556931],[-0.32539822  0.19436359],[-0.17665639 -0.02461378]
2715,2.714999999999812,[ 0.68386379 -0.33807032],[ 0.09930213 -0.12537494],[-0.32546376  0.1943556 ],[-0.17669139 -0.02462318]
2716,2.715999999999812,[ 0.68396277 -0.3381955 ],[ 0.09897666 -0.12518059],[-0.32552902  0.19434871],[-0.17672626 -0.02463256]
2717,2.716999999999812,[ 0.68406142 -0.33832049],[ 0.09865114 -0.12498624],[-0.325594    0.19434293],[-0.17676099 -0.02464193]
2718,2.7179999999998117,[ 0.68415974 -0.33844528],[ 0.09832554 -0.1247919 ],[-0.3256587   0.19433824],[-0.17679557 -0.02465128]
2719,2.7189999999998116,[ 0.68425774 -0.33856988],[ 0.09799988 -0.12459756],[-0.32572312  0.19433462],[-0.17683001 -0.02466062]
2720,2.7199999999998115,[ 0.68435542 -0.33869428],[ 0.09767416 -0.12440322],[-0.32578726  0.19433209],[-0.1768643  -0.02466994]
2721,2.7209999999998113,[ 0.68445276 -0.33881849],[ 0.09734837 -0.12420889],[-0.32585111  0.19433062],[-0.17689846 -0.02467925]
2722,2.7219999999998112,[ 0.68454979 -0.33894251],[ 0.09702252 -0.12401456],[-0.32591469  0.19433021],[-0.17693247 -0.02468855]
2723,2.722999999999811,[ 0.68464648 -0.33906633],[ 0.09669661 -0.12382023],[-0.32597798  0.19433085],[-0.17696634 -0.02469783]
2724,2.723999999999811,[ 0.68474285 -0.33918995],[ 0.09637063 -0.1236259 ],[-0.326041    0.19433254],[-0.17700007 -0.02470709]
2725,2.724999999999811,[ 0.6848389  -0.33931338],[ 0.09604459 -0.12343157],[-0.32610374  0.19433527],[-0.17703366 -0.02471634]
2726,2.725999999999811,[ 0.68493462 -0.33943662],[ 0.09571848 -0.12323723],[-0.32616619  0.19433902],[-0.1770671  -0.02472557]
2727,2.7269999999998107,[ 0.68503001 -0.33955966],[ 0.09539232 -0.12304289],[-0.32622837  0.1943438 ],[-0.1771004  -0.02473479]
2728,2.7279999999998106,[ 0.68512508 -0.33968251],[ 0.09506609 -0.12284855],[-0.32629027  0.19434959],[-0.17713356 -0.024744  ]
2729,2.7289999999998105,[ 0.68521982 -0.33980517],[ 0.0947398 -0.1226542],[-0.32635189  0.19435639],[-0.17716658 -0.02475319]
2730,2.7299999999998104,[ 0.68531423 -0.33992763],[ 0.09441345 -0.12245984],[-0.32641323  0.19436419],[-0.17719946 -0.02476237]
2731,2.7309999999998102,[ 0.68540832 -0.34004989],[ 0.09408703 -0.12226548],[-0.32647429  0.19437298],[-0.1772322  -0.02477153]
2732,2.73199999999981,[ 0.68550208 -0.34017196],[ 0.09376056 -0.12207111],[-0.32653508  0.19438276],[-0.17726479 -0.02478067]
2733,2.73299999999981,[ 0.68559551 -0.34029384],[ 0.09343402 -0.12187672],[-0.32659558  0.19439351],[-0.17729724 -0.0247898 ]
2734,2.73399999999981,[ 0.68568862 -0.34041552],[ 0.09310743 -0.12168233],[-0.32665581  0.19440524],[-0.17732955 -0.02479892]
2735,2.73499999999981,[ 0.6857814  -0.34053701],[ 0.09278077 -0.12148792],[-0.32671576  0.19441794],[-0.17736172 -0.02480802]
2736,2.7359999999998097,[ 0.68587385 -0.3406583 ],[ 0.09245406 -0.12129351],[-0.32677543  0.19443159],[-0.17739375 -0.02481711]
2737,2.7369999999998096,[ 0.68596598 -0.3407794 ],[ 0.09212728 -0.12109908],[-0.32683483  0.19444619],[-0.17742563 -0.02482618]
2738,2.7379999999998095,[ 0.68605778 -0.34090031],[ 0.09180045 -0.12090463],[-0.32689395  0.19446174],[-0.17745738 -0.02483524]
2739,2.7389999999998094,[ 0.68614925 -0.34102102],[ 0.09147355 -0.12071017],[-0.32695279  0.19447822],[-0.17748898 -0.02484428]
2740,2.7399999999998093,[ 0.6862404  -0.34114153],[ 0.0911466  -0.12051569],[-0.32701136  0.19449563],[-0.17752044 -0.02485331]
2741,2.740999999999809,[ 0.68633122 -0.34126185],[ 0.09081959 -0.12032119],[-0.32706964  0.19451397],[-0.17755176 -0.02486233]
2742,2.741999999999809,[ 0.68642171 -0.34138198],[ 0.09049252 -0.12012668],[-0.32712766  0.19453322],[-0.17758294 -0.02487133]
2743,2.742999999999809,[ 0.68651188 -0.34150191],[ 0.09016539 -0.11993215],[-0.32718539  0.19455339],[-0.17761398 -0.02488031]
2744,2.743999999999809,[ 0.68660172 -0.34162165],[ 0.08983821 -0.11973759],[-0.32724285  0.19457446],[-0.17764488 -0.02488928]
2745,2.7449999999998087,[ 0.68669123 -0.34174119],[ 0.08951096 -0.11954302],[-0.32730004  0.19459642],[-0.17767563 -0.02489823]
2746,2.7459999999998086,[ 0.68678041 -0.34186054],[ 0.08918366 -0.11934842],[-0.32735695  0.19461927],[-0.17770625 -0.02490718]
2747,2.7469999999998085,[ 0.68686927 -0.3419797 ],[ 0.08885631 -0.1191538 ],[-0.32741358  0.19464301],[-0.17773672 -0.0249161 ]
2748,2.7479999999998084,[ 0.6869578  -0.34209865],[ 0.08852889 -0.11895916],[-0.32746994  0.19466763],[-0.17776706 -0.02492501]
2749,2.7489999999998083,[ 0.687046   -0.34221742],[ 0.08820142 -0.11876449],[-0.32752602  0.19469312],[-0.17779725 -0.02493391]
2750,2.749999999999808,[ 0.68713387 -0.34233599],[ 0.0878739 -0.1185698],[-0.32758183  0.19471947],[-0.1778273  -0.02494279]
2751,2.750999999999808,[ 0.68722142 -0.34245436],[ 0.08754631 -0.11837508],[-0.32763736  0.19474668],[-0.17785721 -0.02495166]
2752,2.751999999999808,[ 0.68730864 -0.34257254],[ 0.08721868 -0.11818033],[-0.32769262  0.19477474],[-0.17788698 -0.02496051]
2753,2.752999999999808,[ 0.68739553 -0.34269053],[ 0.08689098 -0.11798556],[-0.3277476   0.19480365],[-0.17791661 -0.02496935]
2754,2.7539999999998077,[ 0.68748209 -0.34280832],[ 0.08656324 -0.11779075],[-0.32780231  0.1948334 ],[-0.1779461  -0.02497817]
2755,2.7549999999998076,[ 0.68756833 -0.34292592],[ 0.08623543 -0.11759592],[-0.32785675  0.19486398],[-0.17797544 -0.02498698]
2756,2.7559999999998075,[ 0.68765423 -0.34304332],[ 0.08590758 -0.11740106],[-0.32791091  0.19489539],[-0.17800465 -0.02499578]
2757,2.7569999999998074,[ 0.68773981 -0.34316052],[ 0.08557967 -0.11720616],[-0.3279648   0.19492762],[-0.17803372 -0.02500456]
2758,2.7579999999998073,[ 0.68782506 -0.34327754],[ 0.0852517  -0.11701123],[-0.32801842  0.19496066],[-0.17806264 -0.02501332]
2759,2.758999999999807,[ 0.68790999 -0.34339435],[ 0.08492368 -0.11681627],[-0.32807176  0.19499452],[-0.17809143 -0.02502207]
2760,2.759999999999807,[ 0.68799458 -0.34351097],[ 0.08459561 -0.11662128],[-0.32812483  0.19502918],[-0.17812008 -0.02503081]
2761,2.760999999999807,[ 0.68807885 -0.3436274 ],[ 0.08426749 -0.11642625],[-0.32817763  0.19506463],[-0.17814858 -0.02503953]
2762,2.761999999999807,[ 0.68816279 -0.34374363],[ 0.08393931 -0.11623118],[-0.32823015  0.19510088],[-0.17817695 -0.02504824]
2763,2.7629999999998067,[ 0.6882464  -0.34385967],[ 0.08361108 -0.11603608],[-0.3282824   0.19513791],[-0.17820517 -0.02505693]
2764,2.7639999999998066,[ 0.68832968 -0.34397551],[ 0.0832828  -0.11584095],[-0.32833438  0.19517572],[-0.17823325 -0.02506561]
2765,2.7649999999998065,[ 0.68841264 -0.34409115],[ 0.08295446 -0.11564577],[-0.32838609  0.1952143 ],[-0.1782612  -0.02507427]
2766,2.7659999999998064,[ 0.68849527 -0.3442066 ],[ 0.08262608 -0.11545056],[-0.32843752  0.19525366],[-0.178289   -0.02508292]
2767,2.7669999999998063,[ 0.68857756 -0.34432186],[ 0.08229764 -0.1152553 ],[-0.32848869  0.19529377],[-0.17831667 -0.02509155]
2768,2.767999999999806,[ 0.68865953 -0.34443692],[ 0.08196915 -0.11506001],[-0.32853958  0.19533465],[-0.17834419 -0.02510017]
2769,2.768999999999806,[ 0.68874117 -0.34455178],[ 0.08164061 -0.11486467],[-0.3285902   0.19537627],[-0.17837158 -0.02510878]
2770,2.769999999999806,[ 0.68882248 -0.34466645],[ 0.08131202 -0.1146693 ],[-0.32864055  0.19541864],[-0.17839882 -0.02511737]
2771,2.770999999999806,[ 0.68890347 -0.34478093],[ 0.08098338 -0.11447388],[-0.32869062  0.19546175],[-0.17842593 -0.02512594]
2772,2.7719999999998057,[ 0.68898412 -0.34489521],[ 0.08065469 -0.11427842],[-0.32874043  0.19550559],[-0.17845289 -0.0251345 ]
2773,2.7729999999998056,[ 0.68906445 -0.34500929],[ 0.08032595 -0.11408291],[-0.32878997  0.19555016],[-0.17847972 -0.02514305]
2774,2.7739999999998055,[ 0.68914445 -0.34512318],[ 0.07999716 -0.11388736],[-0.32883923  0.19559546],[-0.1785064  -0.02515158]
2775,2.7749999999998054,[ 0.68922411 -0.34523687],[ 0.07966832 -0.11369177],[-0.32888823  0.19564148],[-0.17853295 -0.0251601 ]
2776,2.7759999999998053,[ 0.68930345 -0.34535036],[ 0.07933943 -0.11349612],[-0.32893695  0.1956882 ],[-0.17855935 -0.02516861]
2777,2.776999999999805,[ 0.68938246 -0.34546366],[ 0.07901049 -0.11330044],[-0.32898541  0.19573564],[-0.17858562 -0.02517709]
2778,2.777999999999805,[ 0.68946115 -0.34557677],[ 0.07868151 -0.1131047 ],[-0.32903359  0.19578377],[-0.17861175 -0.02518557]
2779,2.778999999999805,[ 0.6895395  -0.34568968],[ 0.07835248 -0.11290892],[-0.32908151  0.19583261],[-0.17863774 -0.02519403]
2780,2.779999999999805,[ 0.68961752 -0.34580239],[ 0.07802339 -0.11271308],[-0.32912915  0.19588213],[-0.17866358 -0.02520247]
2781,2.7809999999998047,[ 0.68969522 -0.34591491],[ 0.07769427 -0.1125172 ],[-0.32917653  0.19593234],[-0.17868929 -0.02521091]
2782,2.7819999999998046,[ 0.68977258 -0.34602723],[ 0.07736509 -0.11232127],[-0.32922364  0.19598323],[-0.17871486 -0.02521932]
2783,2.7829999999998045,[ 0.68984962 -0.34613935],[ 0.07703587 -0.11212529],[-0.32927047  0.1960348 ],[-0.17874029 -0.02522772]
2784,2.7839999999998044,[ 0.68992632 -0.34625128],[ 0.07670659 -0.11192925],[-0.32931704  0.19608704],[-0.17876559 -0.02523611]
2785,2.7849999999998043,[ 0.6900027  -0.34636302],[ 0.07637728 -0.11173316],[-0.32936334  0.19613995],[-0.17879074 -0.02524448]
2786,2.785999999999804,[ 0.69007875 -0.34647455],[ 0.07604791 -0.11153702],[-0.32940938  0.19619351],[-0.17881575 -0.02525284]
2787,2.786999999999804,[ 0.69015447 -0.34658589],[ 0.0757185  -0.11134083],[-0.32945514  0.19624773],[-0.17884063 -0.02526119]
2788,2.787999999999804,[ 0.69022986 -0.34669704],[ 0.07538905 -0.11114458],[-0.32950064  0.19630261],[-0.17886536 -0.02526952]
2789,2.788999999999804,[ 0.69030492 -0.34680799],[ 0.07505955 -0.11094828],[-0.32954586  0.19635812],[-0.17888996 -0.02527783]
2790,2.7899999999998037,[ 0.69037965 -0.34691874],[ 0.07473    -0.11075192],[-0.32959082  0.19641428],[-0.17891442 -0.02528613]
2791,2.7909999999998036,[ 0.69045405 -0.34702929],[ 0.07440041 -0.11055551],[-0.32963552  0.19647108],[-0.17893873 -0.02529442]
2792,2.7919999999998035,[ 0.69052812 -0.34713965],[ 0.07407078 -0.11035904],[-0.32967994  0.1965285 ],[-0.17896291 -0.02530269]
2793,2.7929999999998034,[ 0.69060186 -0.34724982],[ 0.0737411  -0.11016251],[-0.3297241   0.19658656],[-0.17898696 -0.02531095]
2794,2.7939999999998033,[ 0.69067527 -0.34735978],[ 0.07341137 -0.10996592],[-0.32976799  0.19664523],[-0.17901086 -0.02531919]
2795,2.794999999999803,[ 0.69074835 -0.34746955],[ 0.0730816  -0.10976928],[-0.32981161  0.19670452],[-0.17903462 -0.02532742]
2796,2.795999999999803,[ 0.6908211  -0.34757912],[ 0.07275179 -0.10957257],[-0.32985497  0.19676442],[-0.17905825 -0.02533563]
2797,2.796999999999803,[ 0.69089352 -0.3476885 ],[ 0.07242194 -0.10937581],[-0.32989806  0.19682493],[-0.17908174 -0.02534383]
2798,2.797999999999803,[ 0.69096562 -0.34779768],[ 0.07209204 -0.10917898],[-0.32994088  0.19688605],[-0.17910509 -0.02535202]
2799,2.7989999999998028,[ 0.69103738 -0.34790666],[ 0.0717621 -0.1089821],[-0.32998344  0.19694776],[-0.1791283  -0.02536019]
2800,2.7999999999998026,[ 0.69110881 -0.34801545],[ 0.07143212 -0.10878515],[-0.33002573  0.19701006],[-0.17915137 -0.02536835]
2801,2.8009999999998025,[ 0.69117991 -0.34812403],[ 0.07110209 -0.10858814],[-0.33006775  0.19707295],[-0.1791743  -0.02537649]
2802,2.8019999999998024,[ 0.69125069 -0.34823243],[ 0.07077202 -0.10839107],[-0.33010951  0.19713643],[-0.1791971  -0.02538461]
2803,2.8029999999998023,[ 0.69132113 -0.34834062],[ 0.07044191 -0.10819393],[-0.33015101  0.19720049],[-0.17921975 -0.02539273]
2804,2.803999999999802,[ 0.69139124 -0.34844862],[ 0.07011176 -0.10799673],[-0.33019224  0.19726512],[-0.17924227 -0.02540083]
2805,2.804999999999802,[ 0.69146102 -0.34855642],[ 0.06978157 -0.10779946],[-0.3302332   0.19733032],[-0.17926466 -0.02540891]
2806,2.805999999999802,[ 0.69153047 -0.34866402],[ 0.06945134 -0.10760213],[-0.3302739   0.19739609],[-0.1792869  -0.02541698]
2807,2.806999999999802,[ 0.69159959 -0.34877142],[ 0.06912106 -0.10740474],[-0.33031433  0.19746242],[-0.179309   -0.02542503]
2808,2.8079999999998018,[ 0.69166838 -0.34887863],[ 0.06879075 -0.10720728],[-0.3303545   0.19752931],[-0.17933097 -0.02543307]
2809,2.8089999999998017,[ 0.69173684 -0.34898564],[ 0.06846039 -0.10700975],[-0.3303944   0.19759675],[-0.1793528 -0.0254411]
2810,2.8099999999998015,[ 0.69180497 -0.34909245],[ 0.06813    -0.10681215],[-0.33043404  0.19766474],[-0.17937449 -0.02544911]
2811,2.8109999999998014,[ 0.69187277 -0.34919907],[ 0.06779957 -0.10661448],[-0.33047341  0.19773327],[-0.17939605 -0.02545711]
2812,2.8119999999998013,[ 0.69194024 -0.34930548],[ 0.06746909 -0.10641675],[-0.33051252  0.19780235],[-0.17941746 -0.02546509]
2813,2.812999999999801,[ 0.69200738 -0.3494117 ],[ 0.06713858 -0.10621895],[-0.33055137  0.19787196],[-0.17943874 -0.02547306]
2814,2.813999999999801,[ 0.69207419 -0.34951772],[ 0.06680803 -0.10602108],[-0.33058995  0.1979421 ],[-0.17945988 -0.02548101]
2815,2.814999999999801,[ 0.69214067 -0.34962355],[ 0.06647744 -0.10582314],[-0.33062827  0.19801277],[-0.17948089 -0.02548895]
2816,2.815999999999801,[ 0.69220681 -0.34972917],[ 0.06614681 -0.10562512],[-0.33066633  0.19808397],[-0.17950175 -0.02549688]
2817,2.8169999999998008,[ 0.69227263 -0.3498346 ],[ 0.06581614 -0.10542704],[-0.33070412  0.19815568],[-0.17952248 -0.02550479]
2818,2.8179999999998007,[ 0.69233812 -0.34993983],[ 0.06548544 -0.10522888],[-0.33074165  0.19822791],[-0.17954307 -0.02551268]
2819,2.8189999999998006,[ 0.69240327 -0.35004486],[ 0.0651547  -0.10503065],[-0.33077891  0.19830065],[-0.17956353 -0.02552057]
2820,2.8199999999998004,[ 0.69246809 -0.35014969],[ 0.06482392 -0.10483235],[-0.33081592  0.19837389],[-0.17958384 -0.02552843]
2821,2.8209999999998003,[ 0.69253259 -0.35025432],[ 0.0644931  -0.10463398],[-0.33085266  0.19844764],[-0.17960402 -0.02553629]
2822,2.8219999999998002,[ 0.69259675 -0.35035876],[ 0.06416225 -0.10443553],[-0.33088913  0.19852189],[-0.17962407 -0.02554412]
2823,2.8229999999998,[ 0.69266058 -0.350463  ],[ 0.06383136 -0.10423701],[-0.33092535  0.19859664],[-0.17964397 -0.02555195]
2824,2.8239999999998,[ 0.69272408 -0.35056703],[ 0.06350044 -0.10403841],[-0.3309613   0.19867187],[-0.17966374 -0.02555976]
2825,2.8249999999998,[ 0.69278725 -0.35067087],[ 0.06316947 -0.10383974],[-0.33099699  0.19874759],[-0.17968337 -0.02556755]
2826,2.8259999999998,[ 0.69285009 -0.35077452],[ 0.06283848 -0.10364099],[-0.33103242  0.1988238 ],[-0.17970287 -0.02557533]
2827,2.8269999999997997,[ 0.6929126  -0.35087796],[ 0.06250745 -0.10344217],[-0.33106759  0.19890048],[-0.17972222 -0.0255831 ]
2828,2.8279999999997996,[ 0.69297477 -0.3509812 ],[ 0.06217638 -0.10324327],[-0.33110249  0.19897764],[-0.17974144 -0.02559085]
2829,2.8289999999997995,[ 0.69303662 -0.35108425],[ 0.06184527 -0.10304429],[-0.33113714  0.19905527],[-0.17976053 -0.02559859]
2830,2.8299999999997993,[ 0.69309813 -0.35118709],[ 0.06151414 -0.10284524],[-0.33117152  0.19913337],[-0.17977948 -0.02560631]
2831,2.8309999999997992,[ 0.69315932 -0.35128974],[ 0.06118297 -0.1026461 ],[-0.33120564  0.19921194],[-0.17979829 -0.02561402]
2832,2.831999999999799,[ 0.69322017 -0.35139218],[ 0.06085176 -0.10244689],[-0.33123951  0.19929096],[-0.17981696 -0.02562171]
2833,2.832999999999799,[ 0.69328069 -0.35149443],[ 0.06052052 -0.1022476 ],[-0.33127311  0.19937044],[-0.1798355  -0.02562939]
2834,2.833999999999799,[ 0.69334088 -0.35159648],[ 0.06018925 -0.10204823],[-0.33130645  0.19945037],[-0.1798539  -0.02563705]
2835,2.834999999999799,[ 0.69340073 -0.35169833],[ 0.05985794 -0.10184878],[-0.33133952  0.19953076],[-0.17987216 -0.0256447 ]
2836,2.8359999999997987,[ 0.69346026 -0.35179998],[ 0.0595266  -0.10164925],[-0.33137234  0.19961158],[-0.17989029 -0.02565234]
2837,2.8369999999997986,[ 0.69351946 -0.35190143],[ 0.05919523 -0.10144964],[-0.3314049   0.19969285],[-0.17990828 -0.02565996]
2838,2.8379999999997985,[ 0.69357832 -0.35200268],[ 0.05886382 -0.10124995],[-0.3314372   0.19977456],[-0.17992614 -0.02566757]
2839,2.8389999999997984,[ 0.69363685 -0.35210373],[ 0.05853239 -0.10105017],[-0.33146924  0.1998567 ],[-0.17994386 -0.02567516]
2840,2.8399999999997982,[ 0.69369505 -0.35220458],[ 0.05820092 -0.10085031],[-0.33150102  0.19993928],[-0.17996144 -0.02568274]
2841,2.840999999999798,[ 0.69375292 -0.35230523],[ 0.05786942 -0.10065037],[-0.33153254  0.20002228],[-0.17997889 -0.0256903 ]
2842,2.841999999999798,[ 0.69381046 -0.35240568],[ 0.05753788 -0.10045035],[-0.3315638   0.20010571],[-0.1799962  -0.02569785]
2843,2.842999999999798,[ 0.69386767 -0.35250593],[ 0.05720632 -0.10025025],[-0.3315948   0.20018955],[-0.18001338 -0.02570539]
2844,2.843999999999798,[ 0.69392454 -0.35260598],[ 0.05687473 -0.10005006],[-0.33162554  0.20027381],[-0.18003042 -0.02571291]
2845,2.8449999999997977,[ 0.69398108 -0.35270583],[ 0.0565431  -0.09984978],[-0.33165602  0.20035849],[-0.18004732 -0.02572041]
2846,2.8459999999997976,[ 0.6940373  -0.35280548],[ 0.05621144 -0.09964942],[-0.33168625  0.20044358],[-0.18006409 -0.0257279 ]
2847,2.8469999999997975,[ 0.69409318 -0.35290493],[ 0.05587976 -0.09944898],[-0.33171622  0.20052907],[-0.18008072 -0.02573538]
2848,2.8479999999997974,[ 0.69414872 -0.35300418],[ 0.05554804 -0.09924845],[-0.33174592  0.20061497],[-0.18009722 -0.02574284]
2849,2.8489999999997973,[ 0.69420394 -0.35310322],[ 0.0552163  -0.09904784],[-0.33177537  0.20070126],[-0.18011358 -0.02575029]
2850,2.849999999999797,[ 0.69425882 -0.35320207],[ 0.05488452 -0.09884714],[-0.33180456  0.20078796],[-0.1801298  -0.02575772]
2851,2.850999999999797,[ 0.69431338 -0.35330072],[ 0.05455272 -0.09864635],[-0.3318335   0.20087504],[-0.18014589 -0.02576514]
2852,2.851999999999797,[ 0.6943676  -0.35339916],[ 0.05422088 -0.09844547],[-0.33186217  0.20096252],[-0.18016185 -0.02577254]
2853,2.852999999999797,[ 0.69442149 -0.35349741],[ 0.05388902 -0.09824451],[-0.33189059  0.20105038],[-0.18017767 -0.02577993]
2854,2.8539999999997967,[ 0.69447504 -0.35359545],[ 0.05355713 -0.09804346],[-0.33191875  0.20113863],[-0.18019335 -0.02578731]
2855,2.8549999999997966,[ 0.69452827 -0.35369329],[ 0.05322521 -0.09784232],[-0.33194665  0.20122725],[-0.1802089  -0.02579467]
2856,2.8559999999997965,[ 0.69458116 -0.35379093],[ 0.05289326 -0.09764109],[-0.3319743   0.20131626],[-0.18022431 -0.02580201]
2857,2.8569999999997964,[ 0.69463372 -0.35388837],[ 0.05256129 -0.09743978],[-0.33200169  0.20140563],[-0.18023959 -0.02580935]
2858,2.8579999999997963,[ 0.69468595 -0.35398561],[ 0.05222929 -0.09723837],[-0.33202882  0.20149538],[-0.18025473 -0.02581666]
2859,2.858999999999796,[ 0.69473785 -0.35408265],[ 0.05189726 -0.09703688],[-0.33205569  0.2015855 ],[-0.18026974 -0.02582397]
2860,2.859999999999796,[ 0.69478942 -0.35417948],[ 0.0515652  -0.09683529],[-0.33208231  0.20167597],[-0.18028461 -0.02583125]
2861,2.860999999999796,[ 0.69484065 -0.35427612],[ 0.05123312 -0.09663362],[-0.33210867  0.20176681],[-0.18029935 -0.02583853]
2862,2.861999999999796,[ 0.69489155 -0.35437255],[ 0.05090101 -0.09643185],[-0.33213478  0.20185801],[-0.18031395 -0.02584579]
2863,2.8629999999997957,[ 0.69494212 -0.35446878],[ 0.05056888 -0.09622999],[-0.33216063  0.20194956],[-0.18032842 -0.02585303]
2864,2.8639999999997956,[ 0.69499236 -0.35456481],[ 0.05023672 -0.09602804],[-0.33218622  0.20204147],[-0.18034275 -0.02586026]
2865,2.8649999999997955,[ 0.69504226 -0.35466063],[ 0.04990453 -0.095826  ],[-0.33221156  0.20213372],[-0.18035695 -0.02586747]
2866,2.8659999999997954,[ 0.69509183 -0.35475626],[ 0.04957232 -0.09562387],[-0.33223664  0.20222632],[-0.18037102 -0.02587468]
2867,2.8669999999997953,[ 0.69514107 -0.35485168],[ 0.04924008 -0.09542164],[-0.33226147  0.20231926],[-0.18038495 -0.02588186]
2868,2.867999999999795,[ 0.69518998 -0.3549469 ],[ 0.04890782 -0.09521932],[-0.33228604  0.20241254],[-0.18039874 -0.02588903]
2869,2.868999999999795,[ 0.69523856 -0.35504192],[ 0.04857554 -0.09501691],[-0.33231036  0.20250616],[-0.1804124  -0.02589619]
2870,2.869999999999795,[ 0.6952868  -0.35513673],[ 0.04824323 -0.0948144 ],[-0.33233442  0.20260011],[-0.18042593 -0.02590333]
2871,2.870999999999795,[ 0.69533471 -0.35523134],[ 0.04791089 -0.0946118 ],[-0.33235822  0.2026944 ],[-0.18043932 -0.02591046]
2872,2.8719999999997947,[ 0.69538229 -0.35532575],[ 0.04757853 -0.09440911],[-0.33238177  0.20278901],[-0.18045258 -0.02591757]
2873,2.8729999999997946,[ 0.69542954 -0.35541996],[ 0.04724615 -0.09420632],[-0.33240507  0.20288394],[-0.1804657  -0.02592467]
2874,2.8739999999997945,[ 0.69547645 -0.35551396],[ 0.04691375 -0.09400343],[-0.33242811  0.2029792 ],[-0.18047869 -0.02593176]
2875,2.8749999999997944,[ 0.69552303 -0.35560776],[ 0.04658132 -0.09380045],[-0.3324509   0.20307478],[-0.18049154 -0.02593883]
2876,2.8759999999997943,[ 0.69556928 -0.35570136],[ 0.04624887 -0.09359738],[-0.33247344  0.20317067],[-0.18050427 -0.02594588]
2877,2.876999999999794,[ 0.6956152  -0.35579475],[ 0.04591639 -0.09339421],[-0.33249572  0.20326688],[-0.18051685 -0.02595292]
2878,2.877999999999794,[ 0.69566078 -0.35588794],[ 0.0455839  -0.09319094],[-0.33251774  0.2033634 ],[-0.18052931 -0.02595995]
2879,2.878999999999794,[ 0.69570603 -0.35598093],[ 0.04525138 -0.09298758],[-0.33253952  0.20346022],[-0.18054163 -0.02596696]
2880,2.879999999999794,[ 0.69575095 -0.35607371],[ 0.04491884 -0.09278412],[-0.33256104  0.20355735],[-0.18055381 -0.02597396]
2881,2.8809999999997937,[ 0.69579554 -0.3561663 ],[ 0.04458628 -0.09258056],[-0.3325823   0.20365479],[-0.18056586 -0.02598094]
2882,2.8819999999997936,[ 0.69583979 -0.35625867],[ 0.0442537  -0.09237691],[-0.33260331  0.20375252],[-0.18057778 -0.0259879 ]
2883,2.8829999999997935,[ 0.69588371 -0.35635085],[ 0.04392109 -0.09217315],[-0.33262407  0.20385055],[-0.18058956 -0.02599486]
2884,2.8839999999997934,[ 0.6959273  -0.35644281],[ 0.04358847 -0.0919693 ],[-0.33264458  0.20394887],[-0.18060122 -0.0260018 ]
2885,2.8849999999997933,[ 0.69597055 -0.35653458],[ 0.04325583 -0.09176535],[-0.33266483  0.20404749],[-0.18061273 -0.02600872]
2886,2.885999999999793,[ 0.69601348 -0.35662614],[ 0.04292316 -0.09156131],[-0.33268484  0.2041464 ],[-0.18062412 -0.02601563]
2887,2.886999999999793,[ 0.69605607 -0.3567175 ],[ 0.04259048 -0.09135716],[-0.33270458  0.20424559],[-0.18063537 -0.02602252]
2888,2.887999999999793,[ 0.69609833 -0.35680865],[ 0.04225777 -0.09115292],[-0.33272408  0.20434506],[-0.18064648 -0.0260294 ]
2889,2.888999999999793,[ 0.69614025 -0.3568996 ],[ 0.04192505 -0.09094857],[-0.33274333  0.20444482],[-0.18065747 -0.02603627]
2890,2.8899999999997927,[ 0.69618184 -0.35699034],[ 0.0415923  -0.09074413],[-0.33276232  0.20454485],[-0.18066832 -0.02604312]
2891,2.8909999999997926,[ 0.6962231  -0.35708088],[ 0.04125954 -0.09053958],[-0.33278106  0.20464516],[-0.18067904 -0.02604995]
2892,2.8919999999997925,[ 0.69626403 -0.35717122],[ 0.04092676 -0.09033494],[-0.33279955  0.20474575],[-0.18068962 -0.02605677]
2893,2.8929999999997924,[ 0.69630462 -0.35726135],[ 0.04059396 -0.09013019],[-0.33281779  0.2048466 ],[-0.18070007 -0.02606358]
2894,2.8939999999997923,[ 0.69634489 -0.35735127],[ 0.04026114 -0.08992534],[-0.33283577  0.20494772],[-0.18071039 -0.02607037]
2895,2.894999999999792,[ 0.69638481 -0.35744099],[ 0.03992831 -0.0897204 ],[-0.33285351  0.20504911],[-0.18072058 -0.02607715]
2896,2.895999999999792,[ 0.69642441 -0.35753051],[ 0.03959545 -0.08951535],[-0.33287099  0.20515076],[-0.18073063 -0.02608391]
2897,2.896999999999792,[ 0.69646367 -0.35761982],[ 0.03926258 -0.0893102 ],[-0.33288822  0.20525267],[-0.18074055 -0.02609066]
2898,2.897999999999792,[ 0.6965026  -0.35770893],[ 0.03892969 -0.08910494],[-0.3329052   0.20535484],[-0.18075034 -0.02609739]
2899,2.8989999999997917,[ 0.6965412  -0.35779782],[ 0.03859679 -0.08889959],[-0.33292194  0.20545727],[-0.18075999 -0.02610411]
2900,2.8999999999997916,[ 0.69657946 -0.35788652],[ 0.03826387 -0.08869413],[-0.33293842  0.20555995],[-0.18076952 -0.02611082]
2901,2.9009999999997915,[ 0.69661739 -0.35797501],[ 0.03793093 -0.08848857],[-0.33295465  0.20566287],[-0.18077891 -0.02611751]
2902,2.9019999999997914,[ 0.69665499 -0.35806329],[ 0.03759797 -0.08828291],[-0.33297063  0.20576605],[-0.18078816 -0.02612418]
2903,2.9029999999997913,[ 0.69669226 -0.35815137],[ 0.037265   -0.08807714],[-0.33298636  0.20586948],[-0.18079729 -0.02613084]
2904,2.903999999999791,[ 0.69672919 -0.35823924],[ 0.03693202 -0.08787127],[-0.33300184  0.20597314],[-0.18080628 -0.02613748]
2905,2.904999999999791,[ 0.69676579 -0.3583269 ],[ 0.03659902 -0.0876653 ],[-0.33301707  0.20607705],[-0.18081514 -0.02614411]
2906,2.905999999999791,[ 0.69680205 -0.35841436],[ 0.036266   -0.08745922],[ 0.36145784 24.59560062],[0. 0.]
2907,2.906999999999791,[ 0.69683868 -0.35847723],[ 0.03662746 -0.06286362],[ 0.36148595 24.59947797],[0. 0.]
2908,2.9079999999997908,[ 0.69687567 -0.35851549],[ 0.03698894 -0.03826414],[ 0.36150163 24.60182922],[0. 0.]
2909,2.9089999999997906,[ 0.69691302 -0.35852915],[ 0.03735044 -0.01366231],[ 0.36150487 24.60265438],[0. 0.]
2910,2.9099999999997905,[ 0.69695073 -0.35851821],[0.03771195 0.01094034],[ 0.36149568 24.60195346],[0. 0.]
2911,2.9109999999997904,[ 0.6969888  -0.35848267],[0.03807344 0.03554229],[ 0.36147407 24.59972646],[0. 0.]
2912,2.9119999999997903,[ 0.69702724 -0.35842253],[0.03843492 0.06014202],[ 0.36144002 24.59597341],[0. 0.]
2913,2.91299999999979,[ 0.69706604 -0.35833779],[0.03879636 0.08473799],[ 0.36139352 24.59069432],[0. 0.]
2914,2.91399999999979,[ 0.69710519 -0.35822846],[0.03915775 0.10932869],[ 0.36133456 24.5838892 ],[0. 0.]
2915,2.91499999999979,[ 0.69714471 -0.35809455],[0.03951909 0.13391258],[ 0.36126309 24.57555809],[0. 0.]
2916,2.91599999999979,[ 0.69718459 -0.35793606],[0.03988035 0.15848813],[ 0.3611791  24.56570099],[0. 0.]
2917,2.9169999999997898,[ 0.69722483 -0.35775301],[0.04024153 0.18305384],[ 0.36108254 24.55431796],[0. 0.]
2918,2.9179999999997897,[ 0.69726544 -0.3575454 ],[0.04060261 0.20760815],[ 0.36097337 24.541409  ],[0. 0.]
2919,2.9189999999997895,[ 0.6973064  -0.35731325],[0.04096358 0.23214956],[ 0.36085153 24.52697417],[0. 0.]
2920,2.9199999999997894,[ 0.69734773 -0.35705657],[0.04132444 0.25667654],[ 0.36071698 24.5110135 ],[0. 0.]
2921,2.9209999999997893,[ 0.69738941 -0.35677539],[0.04168515 0.28118755],[ 0.36056963 24.49352703],[0. 0.]
2922,2.921999999999789,[ 0.69743146 -0.3564697 ],[0.04204572 0.30568108],[ 0.36040943 24.47451482],[0. 0.]
2923,2.922999999999789,[ 0.69747386 -0.35613955],[0.04240613 0.33015559],[ 0.36023629 24.45397692],[0. 0.]
2924,2.923999999999789,[ 0.69751663 -0.35578494],[0.04276637 0.35460957],[ 0.36005014 24.43191339],[0. 0.]
2925,2.924999999999789,[ 0.69755976 -0.3554059 ],[0.04312642 0.37904148],[ 0.35985089 24.40832431],[0. 0.]
2926,2.9259999999997888,[ 0.69760324 -0.35500245],[0.04348627 0.40344981],[ 0.35963843 24.38320974],[0. 0.]
2927,2.9269999999997887,[ 0.69764709 -0.35457462],[0.04384591 0.42783302],[ 0.35941268 24.35656977],[0. 0.]
2928,2.9279999999997885,[ 0.69769129 -0.35412243],[0.04420532 0.45218959],[ 0.35917353 24.3284045 ],[0. 0.]
2929,2.9289999999997884,[ 0.69773586 -0.35364591],[0.04456449 0.47651799],[ 0.35892086 24.29871403],[0. 0.]
2930,2.9299999999997883,[ 0.69778078 -0.35314509],[0.04492341 0.5008167 ],[ 0.35865456 24.26749848],[0. 0.]
2931,2.930999999999788,[ 0.69782606 -0.35262001],[0.04528207 0.5250842 ],[ 0.35837451 24.23475797],[0. 0.]
2932,2.931999999999788,[ 0.6978717  -0.35207069],[0.04564044 0.54931896],[ 0.35808057 24.20049265],[0. 0.]
2933,2.932999999999788,[ 0.6979177  -0.35149717],[0.04599852 0.57351945],[ 0.35777261 24.16470265],[0. 0.]
2934,2.933999999999788,[ 0.69796406 -0.35089948],[0.0463563  0.59768416],[ 0.35745049 24.12738816],[0. 0.]
2935,2.934999999999788,[ 0.69801077 -0.35027767],[0.04671375 0.62181154],[ 0.35711408 24.08854936],[0. 0.]
2936,2.9359999999997877,[ 0.69805784 -0.34963177],[0.04707086 0.64590009],[ 0.35676321 24.04818644],[0. 0.]
2937,2.9369999999997876,[ 0.69810527 -0.34896182],[0.04742762 0.66994828],[ 0.35639773 24.00629963],[0. 0.]
2938,2.9379999999997874,[ 0.69815305 -0.34826787],[0.04778402 0.69395458],[ 0.35601749 23.96288915],[0. 0.]
2939,2.9389999999997873,[ 0.69820119 -0.34754995],[0.04814004 0.71791747],[ 0.35562232 23.91795528],[0. 0.]
2940,2.9399999999997872,[ 0.69824969 -0.34680812],[0.04849566 0.74183542],[ 0.35521205 23.87149829],[0. 0.]
2941,2.940999999999787,[ 0.69829854 -0.34604241],[0.04885087 0.76570692],[ 0.3547865  23.82351849],[0. 0.]
2942,2.941999999999787,[ 0.69834775 -0.34525288],[0.04920566 0.78953044],[ 0.3543455 23.7740162],[0. 0.]
2943,2.942999999999787,[ 0.69839731 -0.34443957],[0.04956001 0.81330446],[ 0.35388886 23.72299177],[0. 0.]
2944,2.943999999999787,[ 0.69844722 -0.34360255],[0.0499139  0.83702745],[ 0.3534164 23.6704456],[0. 0.]
2945,2.9449999999997867,[ 0.69849749 -0.34274185],[0.05026731 0.8606979 ],[ 0.35292792 23.61637808],[0. 0.]
2946,2.9459999999997866,[ 0.69854811 -0.34185754],[0.05062024 0.88431427],[ 0.35242323 23.56078967],[0. 0.]
2947,2.9469999999997865,[ 0.69859908 -0.34094966],[0.05097266 0.90787506],[ 0.35190212 23.50368083],[0. 0.]
2948,2.9479999999997863,[ 0.69865041 -0.34001828],[0.05132457 0.93137874],[ 0.3513644  23.44505207],[0. 0.]
2949,2.9489999999997862,[ 0.69870208 -0.33906346],[0.05167593 0.9548238 ],[ 0.35080986 23.38490394],[0. 0.]
2950,2.949999999999786,[ 0.69875411 -0.33808525],[0.05202674 0.9782087 ],[ 0.35023828 23.32323702],[0. 0.]
2951,2.950999999999786,[ 0.69880648 -0.33708372],[0.05237698 1.00153194],[ 0.34964945 23.26005193],[0. 0.]
2952,2.951999999999786,[ 0.69885921 -0.33605892],[0.05272663 1.02479199],[ 0.34904316 23.19534932],[0. 0.]
2953,2.952999999999786,[ 0.69891229 -0.33501094],[0.05307567 1.04798734],[ 0.34841918 23.1291299 ],[0. 0.]
2954,2.9539999999997857,[ 0.69896571 -0.33393982],[0.05342409 1.07111647],[ 0.34777728 23.06139443],[0. 0.]
2955,2.9549999999997856,[ 0.69901948 -0.33284564],[0.05377187 1.09417786],[ 0.34711725 22.99214368],[0. 0.]
2956,2.9559999999997855,[ 0.6990736  -0.33172847],[0.05411898 1.11717001],[ 0.34643885 22.92137852],[0. 0.]
2957,2.9569999999997854,[ 0.69912807 -0.33058838],[0.05446542 1.14009138],[ 0.34574184 22.84909982],[0. 0.]
2958,2.9579999999997852,[ 0.69918288 -0.32942544],[0.05481116 1.16294048],[ 0.34502601 22.77530854],[0. 0.]
2959,2.958999999999785,[ 0.69923803 -0.32823973],[0.05515619 1.18571579],[ 0.3442911  22.70000567],[0. 0.]
2960,2.959999999999785,[ 0.69929354 -0.32703131],[0.05550048 1.2084158 ],[ 0.34353689 22.62319228],[0. 0.]
2961,2.960999999999785,[ 0.69934938 -0.32580027],[0.05584402 1.23103899],[ 0.34276312 22.54486947],[0. 0.]
2962,2.961999999999785,[ 0.69940557 -0.32454669],[0.05618678 1.25358386],[ 0.34196956 22.46503843],[0. 0.]
2963,2.9629999999997847,[ 0.69946209 -0.32327064],[0.05652875 1.2760489 ],[ 0.34115597 22.3837004 ],[0. 0.]
2964,2.9639999999997846,[ 0.69951896 -0.32197221],[0.05686991 1.2984326 ],[ 0.3403221  22.30085667],[0. 0.]
2965,2.9649999999997845,[ 0.69957618 -0.32065147],[0.05721023 1.32073346],[ 0.3394677  22.21650863],[0. 0.]
2966,2.9659999999997844,[ 0.69963372 -0.31930852],[0.0575497  1.34294996],[ 0.33859253 22.13065771],[0. 0.]
2967,2.9669999999997843,[ 0.69969161 -0.31794344],[0.05788829 1.36508062],[ 0.33769633 22.04330542],[0. 0.]
2968,2.967999999999784,[ 0.69974984 -0.31655632],[0.05822599 1.38712393],[ 0.33677887 21.95445337],[0. 0.]
2969,2.968999999999784,[ 0.6998084  -0.31514724],[0.05856276 1.40907838],[ 0.33583989 21.8641032 ],[0. 0.]
2970,2.969999999999784,[ 0.6998673 -0.3137163],[0.0588986  1.43094248],[ 0.33487914 21.77225667],[0. 0.]
2971,2.970999999999784,[ 0.69992653 -0.31226358],[0.05923348 1.45271474],[ 0.33389638 21.67891561],[0. 0.]
2972,2.9719999999997837,[ 0.6999861  -0.31078919],[0.05956738 1.47439366],[ 0.33289135 21.58408191],[0. 0.]
2973,2.9729999999997836,[ 0.700046   -0.30929321],[0.05990027 1.49597774],[ 0.33186381 21.48775758],[0. 0.]
2974,2.9739999999997835,[ 0.70010623 -0.30777574],[0.06023214 1.5174655 ],[ 0.3308135  21.38994471],[0. 0.]
2975,2.9749999999997834,[ 0.7001668  -0.30623689],[0.06056295 1.53885544],[ 0.32974019 21.29064546],[0. 0.]
2976,2.9759999999997833,[ 0.70022769 -0.30467674],[0.06089269 1.56014609],[ 0.32864362 21.18986211],[0. 0.]
2977,2.976999999999783,[ 0.70028891 -0.30309541],[0.06122133 1.58133595],[ 0.32752356 21.08759703],[0. 0.]
2978,2.977999999999783,[ 0.70035046 -0.30149298],[0.06154886 1.60242355],[ 0.32637975 20.98385268],[0. 0.]
2979,2.978999999999783,[ 0.70041233 -0.29986958],[0.06187524 1.6234074 ],[ 0.32521195 20.87863162],[0. 0.]
2980,2.979999999999783,[ 0.70047454 -0.29822529],[0.06220045 1.64428603],[ 0.32401993 20.77193653],[0. 0.]
2981,2.9809999999997827,[ 0.70053706 -0.29656023],[0.06252447 1.66505797],[ 0.32280344 20.66377019],[0. 0.]
2982,2.9819999999997826,[ 0.70059991 -0.29487451],[0.06284727 1.68572174],[ 0.32156225 20.55413547],[0. 0.]
2983,2.9829999999997825,[ 0.70066308 -0.29316823],[0.06316883 1.70627587],[ 0.32029613 20.44303537],[0. 0.]
2984,2.9839999999997824,[ 0.70072656 -0.29144152],[0.06348913 1.72671891],[ 0.31900484 20.33047302],[0. 0.]
2985,2.9849999999997823,[ 0.70079037 -0.28969447],[0.06380813 1.74704938],[ 0.31768816 20.21645162],[0. 0.]
2986,2.985999999999782,[ 0.7008545 -0.2879272],[0.06412582 1.76726583],[ 0.31634586 20.10097454],[0. 0.]
2987,2.986999999999782,[ 0.70091894 -0.28613983],[0.06444217 1.78736681],[ 0.31497772 19.98404523],[0. 0.]
2988,2.987999999999782,[ 0.7009837  -0.28433248],[0.06475715 1.80735085],[ 0.31358352 19.8656673 ],[0. 0.]
2989,2.988999999999782,[ 0.70104877 -0.28250527],[0.06507073 1.82721652],[ 0.31216305 19.74584446],[0. 0.]
2990,2.9899999999997817,[ 0.70111415 -0.2806583 ],[0.06538289 1.84696236],[ 0.31071608 19.62458055],[0. 0.]
2991,2.9909999999997816,[ 0.70117985 -0.27879172],[0.06569361 1.86658694],[ 0.30924243 19.50187958],[0. 0.]
2992,2.9919999999997815,[ 0.70124585 -0.27690563],[0.06600285 1.88608882],[ 0.30774188 19.37774563],[0. 0.]
2993,2.9929999999997814,[ 0.70131216 -0.27500016],[0.06631059 1.90546657],[ 0.30621424 19.25218298],[0. 0.]
2994,2.9939999999997813,[ 0.70137878 -0.27307544],[0.06661681 1.92471875],[ 0.3046593  19.12519602],[0. 0.]
2995,2.994999999999781,[ 0.7014457 -0.2711316],[0.06692147 1.94384395],[ 0.3030769  18.99678927],[0. 0.]
2996,2.995999999999781,[ 0.70151292 -0.26916876],[0.06722454 1.96284074],[ 0.30146683 18.86696742],[0. 0.]
2997,2.996999999999781,[ 0.70158045 -0.26718705],[0.06752601 1.9817077 ],[ 0.29982893 18.73573529],[0. 0.]
2998,2.997999999999781,[ 0.70164827 -0.26518661],[0.06782584 2.00044344],[ 0.29816301 18.60309787],[0. 0.]
2999,2.9989999999997807,[ 0.7017164  -0.26316756],[0.068124   2.01904654],[ 0.29646892 18.46906027],[0. 0.]
3000,2.9999999999997806,[ 0.70178482 -0.26113005],[0.06842047 2.0375156 ],[ 0.2947465  18.33362778],[0. 0.]
3001,3.0009999999997805,[ 0.70185353 -0.2590742 ],[0.06871522 2.05584923],[ 0.29299557 18.19680583],[0. 0.]
3002,3.0019999999997804,[ 0.70192254 -0.25700015],[0.06900821 2.07404603],[ 0.29121601 18.05860004],[0. 0.]
3003,3.0029999999997803,[ 0.70199184 -0.25490805],[0.06929943 2.09210463],[ 0.28940767 17.91901615],[0. 0.]
3004,3.00399999999978,[ 0.70206143 -0.25279802],[0.06958884 2.11002365],[ 0.2875704  17.77806008],[0. 0.]
3005,3.00499999999978,[ 0.70213131 -0.25067022],[0.06987641 2.12780171],[ 0.28570409 17.63573794],[0. 0.]
3006,3.00599999999978,[ 0.70220147 -0.24852478],[0.07016211 2.14543745],[ 0.28380861 17.49205596],[0. 0.]
3007,3.00699999999978,[ 0.70227191 -0.24636185],[0.07044592 2.1629295 ],[ 0.28188385 17.34702059],[0. 0.]
3008,3.0079999999997797,[ 0.70234264 -0.24418158],[0.0707278  2.18027652],[ 0.2799297  17.20063841],[0. 0.]
3009,3.0089999999997796,[ 0.70241365 -0.2419841 ],[0.07100773 2.19747716],[ 0.27794607 17.0529162 ],[0. 0.]
3010,3.0099999999997795,[ 0.70248494 -0.23976957],[0.07128568 2.21453008],[ 0.27593285 16.90386092],[0. 0.]
3011,3.0109999999997794,[ 0.7025565  -0.23753814],[0.07156161 2.23143394],[ 0.27388998 16.75347969],[0. 0.]
3012,3.0119999999997793,[ 0.70262833 -0.23528995],[0.0718355  2.24818742],[ 0.27181736 16.60177981],[0. 0.]
3013,3.012999999999779,[ 0.70270044 -0.23302516],[0.07210732 2.2647892 ],[ 0.26971495 16.44876878],[0. 0.]
3014,3.013999999999779,[ 0.70277282 -0.23074392],[0.07237704 2.28123797],[ 0.26758268 16.29445428],[0. 0.]
3015,3.014999999999779,[ 0.70284546 -0.22844639],[0.07264462 2.29753242],[ 0.26542049 16.13884416],[0. 0.]
3016,3.015999999999779,[ 0.70291837 -0.22613272],[0.07291004 2.31367126],[ 0.26322836 15.98194647],[0. 0.]
3017,3.0169999999997787,[ 0.70299154 -0.22380306],[0.07317327 2.32965321],[ 0.26100624 15.82376944],[0. 0.]
3018,3.0179999999997786,[ 0.70306498 -0.22145759],[0.07343427 2.34547698],[ 0.25875412 15.66432151],[0. 0.]
3019,3.0189999999997785,[ 0.70313867 -0.21909645],[0.07369303 2.3611413 ],[ 0.25647199 15.50361129],[0. 0.]
3020,3.0199999999997784,[ 0.70321262 -0.2167198 ],[0.0739495  2.37664491],[ 0.25415983 15.3416476 ],[0. 0.]
3021,3.0209999999997783,[ 0.70328683 -0.21432781],[0.07420366 2.39198656],[ 0.25181766 15.17843944],[0. 0.]
3022,3.021999999999778,[ 0.70336128 -0.21192065],[0.07445548 2.407165  ],[ 0.24944549 15.01399601],[0. 0.]
3023,3.022999999999778,[ 0.70343599 -0.20949847],[0.07470492 2.422179  ],[ 0.24704335 14.84832673],[0. 0.]
3024,3.023999999999778,[ 0.70351094 -0.20706144],[0.07495197 2.43702732],[ 0.24461127 14.68144117],[0. 0.]
3025,3.024999999999778,[ 0.70358613 -0.20460973],[0.07519658 2.45170876],[ 0.24214929 14.51334915],[0. 0.]
3026,3.0259999999997778,[ 0.70366157 -0.20214351],[0.07543873 2.46622211],[ 0.23965748 14.34406066],[0. 0.]
3027,3.0269999999997776,[ 0.70373725 -0.19966295],[0.07567838 2.48056617],[ 0.23713589 14.1735859 ],[0. 0.]
3028,3.0279999999997775,[ 0.70381317 -0.19716821],[0.07591552 2.49473976],[ 0.23458461 14.00193527],[0. 0.]
3029,3.0289999999997774,[ 0.70388932 -0.19465946],[0.0761501 2.5087417],[ 0.23200372 13.82911938],[0. 0.]
3030,3.0299999999997773,[ 0.7039657  -0.19213689],[0.07638211 2.52257081],[ 0.22939332 13.65514904],[0. 0.]
3031,3.030999999999777,[ 0.70404231 -0.18960067],[0.0766115  2.53622596],[ 0.22675351 13.48003526],[0. 0.]
3032,3.031999999999777,[ 0.70411915 -0.18705096],[0.07683825 2.549706  ],[ 0.22408442 13.30378924],[0. 0.]
3033,3.032999999999777,[ 0.70419621 -0.18448795],[0.07706234 2.56300979],[ 0.22138616 13.12642242],[0. 0.]
3034,3.033999999999777,[ 0.70427349 -0.18191182],[0.07728372 2.57613621],[ 0.21865889 12.94794642],[0. 0.]
3035,3.0349999999997768,[ 0.704351   -0.17932273],[0.07750238 2.58908416],[ 0.21590275 12.76837307],[0. 0.]
3036,3.0359999999997767,[ 0.70442872 -0.17672088],[0.07771829 2.60185253],[ 0.2131179 12.5877144],[0. 0.]
3037,3.0369999999997765,[ 0.70450665 -0.17410644],[0.0779314  2.61444024],[ 0.21030452 12.40598265],[0. 0.]
3038,3.0379999999997764,[ 0.70458479 -0.17147959],[0.07814171 2.62684623],[ 0.20746279 12.22319027],[0. 0.]
3039,3.0389999999997763,[ 0.70466314 -0.16884052],[0.07834917 2.63906942],[ 0.20459291 12.0393499 ],[0. 0.]
3040,3.039999999999776,[ 0.70474169 -0.16618941],[0.07855376 2.65110877],[ 0.20169507 11.8544744 ],[0. 0.]
3041,3.040999999999776,[ 0.70482045 -0.16352645],[0.07875546 2.66296324],[ 0.19876949 11.66857683],[0. 0.]
3042,3.041999999999776,[ 0.7048994  -0.16085182],[0.07895423 2.67463182],[ 0.19581641 11.48167044],[0. 0.]
3043,3.042999999999776,[ 0.70497855 -0.15816571],[0.07915005 2.68611349],[ 0.19283606 11.29376869],[0. 0.]
3044,3.0439999999997758,[ 0.70505789 -0.1554683 ],[0.07934288 2.69740726],[ 0.18982869 11.10488525],[0. 0.]
3045,3.0449999999997757,[ 0.70513743 -0.15275979],[0.07953271 2.70851214],[ 0.18679456 10.91503398],[0. 0.]
3046,3.0459999999997756,[ 0.70521715 -0.15004036],[0.0797195  2.71942718],[ 0.18373394 10.72422894],[0. 0.]
3047,3.0469999999997754,[ 0.70529705 -0.14731021],[0.07990324 2.73015141],[ 0.18064711 10.53248439],[0. 0.]
3048,3.0479999999997753,[ 0.70537713 -0.14456952],[0.08008389 2.74068389],[ 0.17753437 10.33981479],[0. 0.]
3049,3.0489999999997752,[ 0.70545739 -0.1418185 ],[0.08026142 2.75102371],[ 0.17439602 10.14623478],[0. 0.]
3050,3.049999999999775,[ 0.70553783 -0.13905733],[0.08043582 2.76116994],[0.17123238 9.95175922],[0. 0.]
3051,3.050999999999775,[ 0.70561844 -0.13628621],[0.08060705 2.7711217 ],[0.16804376 9.75640315],[0. 0.]
3052,3.051999999999775,[ 0.70569921 -0.13350533],[0.08077509 2.7808781 ],[0.16483052 9.56018179],[0. 0.]
3053,3.052999999999775,[ 0.70578015 -0.13071489],[0.08093992 2.79043828],[0.16159298 9.36311056],[0. 0.]
3054,3.0539999999997747,[ 0.70586125 -0.12791509],[0.08110152 2.79980139],[0.15833152 9.16520507],[0. 0.]
3055,3.0549999999997746,[ 0.70594251 -0.12510612],[0.08125985 2.8089666 ],[0.15504649 8.9664811 ],[0. 0.]
3056,3.0559999999997745,[ 0.70602393 -0.12228819],[0.08141489 2.81793308],[0.15173828 8.76695464],[0. 0.]
3057,3.0569999999997743,[ 0.7061055  -0.11946149],[0.08156663 2.82670004],[0.14840728 8.56664182],[0. 0.]
3058,3.0579999999997742,[ 0.70618721 -0.11662622],[0.08171504 2.83526668],[0.14505387 8.36555898],[0. 0.]
3059,3.058999999999774,[ 0.70626907 -0.11378259],[0.08186009 2.84363224],[0.14167847 8.16372262],[0. 0.]
3060,3.059999999999774,[ 0.70635107 -0.1109308 ],[0.08200177 2.85179596],[0.1382815  7.96114943],[0. 0.]
3061,3.060999999999774,[ 0.70643321 -0.10807104],[0.08214005 2.85975711],[0.13486339 7.75785625],[0. 0.]
3062,3.061999999999774,[ 0.70651549 -0.10520352],[0.08227492 2.86751496],[0.13142456 7.5538601 ],[0. 0.]
3063,3.0629999999997737,[ 0.70659789 -0.10232846],[0.08240634 2.87506882],[0.12796547 7.34917815],[0. 0.]
3064,3.0639999999997736,[ 0.70668043 -0.09944604],[0.08253431 2.882418  ],[0.12448658 7.14382775],[0. 0.]
3065,3.0649999999997735,[ 0.70676309 -0.09655648],[0.08265879 2.88956183],[0.12098834 6.93782639],[0. 0.]
3066,3.0659999999997734,[ 0.70684587 -0.09365998],[0.08277978 2.89649966],[0.11747124 6.73119173],[0. 0.]
3067,3.0669999999997732,[ 0.70692876 -0.09075674],[0.08289725 2.90323085],[0.11393574 6.52394156],[0. 0.]
3068,3.067999999999773,[ 0.70701178 -0.08784699],[0.08301119 2.90975479],[0.11038235 6.31609385],[0. 0.]
3069,3.068999999999773,[ 0.7070949  -0.08493092],[0.08312157 2.91607088],[0.10681156 6.10766668],[0. 0.]
3070,3.069999999999773,[ 0.70717813 -0.08200874],[0.08322838 2.92217855],[0.10322388 5.8986783 ],[0. 0.]
3071,3.070999999999773,[ 0.70726146 -0.07908066],[0.08333161 2.92807723],[0.09961983 5.68914707],[0. 0.]
3072,3.0719999999997727,[ 0.70734489 -0.0761469 ],[0.08343123 2.93376638],[0.09599992 5.4790915 ],[0. 0.]
3073,3.0729999999997726,[ 0.70742842 -0.07320765],[0.08352723 2.93924547],[0.09236469 5.26853022],[0. 0.]
3074,3.0739999999997725,[ 0.70751203 -0.07026314],[0.08361959 2.944514  ],[0.08871467 5.057482  ],[0. 0.]
3075,3.0749999999997724,[ 0.70759574 -0.06731357],[0.08370831 2.94957148],[0.0850504  4.84596571],[0. 0.]
3076,3.0759999999997722,[ 0.70767954 -0.06435915],[0.08379336 2.95441745],[0.08137245 4.63400035],[0. 0.]
3077,3.076999999999772,[ 0.70776341 -0.0614001 ],[0.08387473 2.95905145],[0.07768136 4.42160503],[0. 0.]
3078,3.077999999999772,[ 0.70784736 -0.05843662],[0.08395241 2.96347305],[0.07397771 4.20879896],[0. 0.]
3079,3.078999999999772,[ 0.70793139 -0.05546894],[0.08402639 2.96768185],[0.07026205 3.99560147],[0. 0.]
3080,3.079999999999772,[ 0.70801549 -0.05249726],[0.08409665 2.97167745],[0.06653496 3.78203196],[0. 0.]
3081,3.0809999999997717,[ 0.70809965 -0.04952181],[0.08416318 2.97545948],[0.06279704 3.56810996],[0. 0.]
3082,3.0819999999997716,[ 0.70818388 -0.04654278],[0.08422598 2.97902759],[0.05904885 3.35385506],[0. 0.]
3083,3.0829999999997715,[ 0.70826816 -0.0435604 ],[0.08428503 2.98238145],[0.055291   3.13928696],[0. 0.]
3084,3.0839999999997714,[ 0.7083525  -0.04057488],[0.08434032 2.98552074],[0.05152408 2.92442541],[0. 0.]
3085,3.0849999999997713,[ 0.70843689 -0.03758643],[0.08439185 2.98844516],[0.04774869 2.70929026],[0. 0.]
3086,3.085999999999771,[ 0.70852133 -0.03459528],[0.08443959 2.99115445],[0.04396543 2.49390142],[0. 0.]
3087,3.086999999999771,[ 0.70860582 -0.03160163],[0.08448356 2.99364835],[0.04017491 2.27827887],[0. 0.]
3088,3.087999999999771,[ 0.70869034 -0.0286057 ],[0.08452373 2.99592663],[0.03637775 2.06244264],[0. 0.]
3089,3.088999999999771,[ 0.7087749  -0.02560771],[0.08456011 2.99798907],[0.03257455 1.84641283],[0. 0.]
3090,3.0899999999997707,[ 0.70885949 -0.02260788],[0.08459269 2.99983549],[0.02876595 1.63020958],[0. 0.]
3091,3.0909999999997706,[ 0.70894411 -0.01960641],[0.08462145 3.0014657 ],[0.02495255 1.41385308],[0. 0.]
3092,3.0919999999997705,[ 0.70902876 -0.01660353],[0.08464641 3.00287955],[0.02113498 1.19736356],[0. 0.]
3093,3.0929999999997704,[ 0.70911343 -0.01359945],[0.08466754 3.00407691],[0.01731386 0.98076127],[0. 0.]
3094,3.0939999999997703,[ 0.70919811 -0.0105944 ],[0.08468485 3.00505767],[0.01348983 0.76406651],[0. 0.]
3095,3.09499999999977,[ 0.70928281 -0.00758857],[0.08469834 3.00582174],[0.00966351 0.5472996 ],[0. 0.]
3096,3.09599999999977,[ 0.70936752 -0.00458221],[0.08470801 3.00636904],[0.00583553 0.33048086],[0. 0.]
3097,3.09699999999977,[ 0.70945223 -0.00157551],[0.08471384 3.00669952],[0.00200652 0.11363066],[0. 0.]
3098,3.09799999999977,[0.70953695 0.00143131],[0.08471585 3.00681315],[-0.00182289 -0.10323066],[0. 0.]
3099,3.0989999999997697,[0.70962166 0.00443802],[0.08471403 3.00670992],[-0.00565207 -0.32008273],[0. 0.]
3100,3.0999999999997696,[0.70970637 0.00744441],[0.08470837 3.00638984],[-0.00948038 -0.5369052 ],[0. 0.]
3101,3.1009999999997695,[0.70979107 0.01045026],[0.08469889 3.00585293],[-0.01330721 -0.75367771],[0. 0.]
3102,3.1019999999997694,[0.70987576 0.01345536],[0.08468559 3.00509926],[-0.0171319  -0.97037994],[0. 0.]
3103,3.1029999999997693,[0.70996042 0.01645949],[0.08466846 3.00412888],[-0.02095385 -1.18699154],[0. 0.]
3104,3.103999999999769,[0.71004507 0.01946243],[0.0846475  3.00294188],[-0.02477242 -1.40349224],[0. 0.]
3105,3.104999999999769,[0.71012969 0.02246397],[0.08462273 3.00153839],[-0.02858698 -1.61986176],[0. 0.]
3106,3.105999999999769,[0.71021429 0.02546389],[0.08459414 2.99991853],[  -3.90408072 -226.49215186],[-0.18703416 -0.25877823]
3107,3.106999999999769,[0.71029498 0.02823731],[0.08069006 2.77342638],[  -3.76125794 -217.43721675],[-0.1868502 -0.2480091]
3108,3.1079999999997687,[0.71037191 0.0307933 ],[0.0769288  2.55598916],[  -3.62366643 -208.71794565],[-0.18667291 -0.23764916]
3109,3.1089999999997686,[0.71044521 0.03314057],[0.07330514 2.34727122],[  -3.49114363 -200.32227319],[-0.18650206 -0.22768337]
3110,3.1099999999997685,[0.71051503 0.03528752],[0.06981399 2.14694894],[  -3.36352698 -192.23851974],[-0.1863374  -0.21809724]
3111,3.1109999999997684,[0.71058148 0.03724223],[0.06645047 1.95471042],[  -3.24065485 -184.45538674],[-0.18617869 -0.20887677]
3112,3.1119999999997683,[0.71064469 0.03901249],[0.06320981 1.77025504],[  -3.12236736 -176.9619507 ],[-0.18602572 -0.20000851]
3113,3.112999999999768,[0.71070477 0.04060578],[0.06008744 1.59329309],[  -3.00850691 -169.74765646],[-0.18587826 -0.19147945]
3114,3.113999999999768,[0.71076185 0.04202933],[0.05707894 1.42354543],[  -2.89891878 -162.80230948],[-0.18573611 -0.18327709]
3115,3.114999999999768,[0.71081603 0.04329007],[0.05418002 1.26074312],[  -2.79345145 -156.11606773],[-0.18559907 -0.17538937]
3116,3.115999999999768,[0.71086742 0.0443947 ],[0.05138657 1.10462705],[  -2.69195699 -149.67943289],[-0.18546693 -0.16780468]
3117,3.1169999999997677,[0.71091611 0.04534964],[0.04869461 0.95494762],[  -2.59429125 -143.48324144],[-0.18533951 -0.1605118 ]
3118,3.1179999999997676,[0.71096221 0.04616111],[0.04610032 0.81146438],[  -2.50031407 -137.51865533],[-0.18521663 -0.15349998]
3119,3.1189999999997675,[0.71100581 0.04683505],[0.0436     0.67394572],[  -2.40988936 -131.77715259],[-0.18509812 -0.14675881]
3120,3.1199999999997674,[0.711047   0.04737722],[0.04119012 0.54216857],[  -2.32288524 -126.25051783],[-0.1849838  -0.14027829]
3121,3.1209999999997673,[0.71108587 0.04779314],[0.03886723 0.41591805],[  -2.23917403 -120.93083271],[-0.18487351 -0.13404878]
3122,3.121999999999767,[0.7111225  0.04808813],[0.03662806 0.29498722],[  -2.15863228 -115.81046652],[-0.18476709 -0.128061  ]
3123,3.122999999999767,[0.71115697 0.0482673 ],[0.03446942 0.17917675],[  -2.08114073 -110.88206675],[-0.18466441 -0.12230602]
3124,3.123999999999767,[0.71118936 0.0483356 ],[0.03238828 0.06829469],[  -2.00658428 -106.13854983],[-0.1845653 -0.1167752]
3125,3.124999999999767,[0.71121974 0.04829776],[ 0.0303817  -0.03784386],[  -1.93485195 -101.57309201],[-0.18446964 -0.11146027]
3126,3.1259999999997667,[0.71124819 0.04815834],[ 0.02844685 -0.13941696],[ -1.86583675 -97.1791204 ],[-0.18437728 -0.10635322]
3127,3.1269999999997666,[0.71127477 0.04792174],[ 0.02658101 -0.23659608],[ -1.79943563 -92.95030427],[-0.18428811 -0.10144637]
3128,3.1279999999997665,[0.71129955 0.0475922 ],[ 0.02478157 -0.32954638],[ -1.7355494 -88.8805464],[-0.18420198 -0.09673231]
3129,3.1289999999997664,[0.7113226  0.04717377],[ 0.02304602 -0.41842693],[ -1.67408259 -84.96397487],[-0.1841188  -0.09220388]
3130,3.1299999999997663,[0.71134397 0.04667038],[ 0.02137194 -0.5033909 ],[ -1.61494334 -81.19493487],[-0.18403843 -0.08785422]
3131,3.130999999999766,[0.71136372 0.04608579],[ 0.019757   -0.58458584],[ -1.55804333 -77.56798086],[-0.18396078 -0.08367671]
3132,3.131999999999766,[0.71138192 0.04542364],[ 0.01819896 -0.66215382],[ -1.50329763 -74.07786896],[-0.18388573 -0.07966496]
3133,3.132999999999766,[0.71139862 0.04468741],[ 0.01669566 -0.73623169],[ -1.45062459 -70.71954952],[-0.18381318 -0.07581283]
3134,3.133999999999766,[0.71141386 0.04388046],[ 0.01524503 -0.80695124],[ -1.39994574 -67.48816   ],[-0.18374304 -0.07211441]
3135,3.1349999999997658,[0.71142771 0.04300602],[ 0.01384509 -0.8744394 ],[ -1.35118566 -64.37901802],[-0.18367521 -0.06856399]
3136,3.1359999999997656,[0.7114402 0.0420672],[ 0.0124939  -0.93881841],[ -1.30427188 -61.3876147 ],[-0.18360959 -0.06515608]
3137,3.1369999999997655,[0.71145139 0.04106699],[ 0.01118963 -1.00020603],[ -1.25913476 -58.50960817],[-0.18354611 -0.06188539]
3138,3.1379999999997654,[0.71146132 0.04000828],[ 0.0099305  -1.05871564],[ -1.21570738 -55.7408174 ],[-0.18348467 -0.05874684]
3139,3.1389999999997653,[0.71147004 0.03889382],[ 0.00871479 -1.11445645],[ -1.17392545 -53.07721612],[-0.1834252 -0.0557355]
3140,3.139999999999765,[0.71147758 0.03772629],[ 0.00754086 -1.16753367],[ -1.13372718 -50.5149271 ],[-0.18336761 -0.05284666]
3141,3.140999999999765,[0.71148399 0.03650824],[ 0.00640714 -1.2180486 ],[ -1.09505322 -48.05021651],[-0.18331184 -0.05007577]
3142,3.141999999999765,[0.7114893  0.03524214],[ 0.00531208 -1.26609881],[ -1.0578465  -45.67948859],[-0.18325781 -0.04741843]
3143,3.142999999999765,[0.71149355 0.03393036],[ 0.00425424 -1.3117783 ],[ -1.02205222 -43.39928045],[-0.18320545 -0.04487042]
3144,3.1439999999997648,[0.71149678 0.03257518],[ 0.00323218 -1.35517758],[ -0.98761768 -41.20625711],[-0.18315469 -0.04242767]
3145,3.1449999999997647,[0.71149903 0.0311788 ],[ 0.00224457 -1.39638384],[ -0.95449224 -39.09720667],[-0.18310547 -0.04008627]
3146,3.1459999999997645,[0.71150032 0.02974332],[ 1.29007356e-03 -1.43548105e+00],[ -0.92262722 -37.06903572],[-0.18305773 -0.03784243]
3147,3.1469999999997644,[0.71150069 0.02827077],[ 3.67446339e-04 -1.47255008e+00],[ -0.89197583 -35.11876491],[-0.1830114  -0.03569251]
3148,3.1479999999997643,[0.71150016 0.0267631 ],[-5.24529490e-04 -1.50766885e+00],[ -0.86249308 -33.24352464],[-0.18296644 -0.03363301]
3149,3.148999999999764,[0.71149877 0.02522219],[-1.38702257e-03 -1.54091237e+00],[ -0.8341357  -31.44055099],[-0.18292278 -0.03166056]
3150,3.149999999999764,[0.71149655 0.02364983],[-0.00222116 -1.57235292],[ -0.80686212 -29.70718175],[-0.18288037 -0.0297719 ]
3151,3.150999999999764,[0.71149353 0.02204777],[-0.00302802 -1.60206011],[ -0.7806323  -28.04085262],[-0.18283916 -0.0279639 ]
3152,3.151999999999764,[0.71148972 0.02041767],[-0.00380865 -1.63010096],[ -0.75540779 -26.43909356],[-0.1827991  -0.02623353]
3153,3.1529999999997638,[0.71148515 0.01876113],[-0.00456406 -1.65654005],[ -0.73115155 -24.89952524],[-0.18276014 -0.0245779 ]
3154,3.1539999999997637,[0.71147986 0.01707969],[-0.00529521 -1.68143958],[ -0.70782799 -23.41985572],[-0.18272224 -0.0229942 ]
3155,3.1549999999997635,[0.71147385 0.01537483],[-0.00600304 -1.70485943],[ -0.68540283 -21.99787715],[-0.18268535 -0.02147972]
3156,3.1559999999997634,[0.71146717 0.01364798],[-0.00668844 -1.72685731],[ -0.6638431  -20.63146265],[-0.18264943 -0.02003188]
3157,3.1569999999997633,[0.71145981 0.01190049],[-0.00735229 -1.74748877],[ -0.64311707 -19.31856332],[-0.18261444 -0.01864816]
3158,3.157999999999763,[0.71145182 0.01013368],[-0.0079954  -1.76680734],[ -0.62319421 -18.05720531],[-0.18258034 -0.01732615]
3159,3.158999999999763,[0.7114432  0.00834882],[-0.0086186  -1.78486454],[ -0.6040451  -16.84548707],[-0.18254709 -0.01606353]
3160,3.159999999999763,[0.71143398 0.00654711],[-0.00922264 -1.80171003],[ -0.58564145 -15.68157669],[-0.18251465 -0.01485805]
3161,3.160999999999763,[0.71142417 0.00472971],[-0.00980828 -1.8173916 ],[ -0.56795601 -14.56370925],[-0.18248299 -0.01370757]
3162,3.161999999999763,[0.71141379 0.00289776],[-0.01037624 -1.83195531],[ -0.55096253 -13.49018443],[-0.18245208 -0.01260999]
3163,3.1629999999997627,[0.71140287 0.00105231],[-0.0109272 -1.8454455],[ -0.53463574 -12.45936405],[-0.18242188 -0.01156333]
3164,3.1639999999997626,[ 0.7113914  -0.00080559],[-0.01146184 -1.85790486],[ -0.51895131 -11.46966984],[-0.18239236 -0.01056564]
3165,3.1649999999997624,[ 0.71137942 -0.00267497],[-0.01198079 -1.86937453],[ -0.5038858  -10.51958121],[-0.18236349 -0.00961508]
3166,3.1659999999997623,[ 0.71136694 -0.00455486],[-0.01248468 -1.87989411],[-0.48941663 -9.6076331 ],[-0.18233524 -0.00870984]
3167,3.1669999999997622,[ 0.71135396 -0.00644436],[-0.01297409 -1.88950175],[-0.47552204 -8.73241398],[-0.18230758 -0.00784822]
3168,3.167999999999762,[ 0.71134051 -0.0083426 ],[-0.01344961 -1.89823416],[-0.46218108 -7.89256386],[-0.18228049 -0.00702853]
3169,3.168999999999762,[ 0.7113266  -0.01024872],[-0.01391179 -1.90612672],[-0.44937356 -7.08677241],[-0.18225393 -0.00624919]
3170,3.169999999999762,[ 0.71131224 -0.01216194],[-0.01436117 -1.9132135 ],[-0.43708001 -6.31377711],[-0.18222789 -0.00550866]
3171,3.170999999999762,[ 0.71129744 -0.01408146],[-0.01479825 -1.91952727],[-0.4252817  -5.57236155],[-0.18220234 -0.00480544]
3172,3.1719999999997617,[ 0.71128222 -0.01600656],[-0.01522353 -1.92509964],[-0.41396055 -4.86135369],[-0.18217725 -0.0041381 ]
3173,3.1729999999997616,[ 0.71126658 -0.01793652],[-0.01563749 -1.92996099],[-0.40309915 -4.17962428],[-0.1821526  -0.00350528]
3174,3.1739999999997615,[ 0.71125054 -0.01987066],[-0.01604059 -1.93414061],[-0.39268072 -3.52608525],[-0.18212838 -0.00290563]
3175,3.1749999999997613,[ 0.71123411 -0.02180833],[-0.01643327 -1.9376667 ],[-0.38268908 -2.89968824],[-0.18210456 -0.00233789]
3176,3.1759999999997612,[ 0.71121729 -0.0237489 ],[-0.01681596 -1.94056639],[-0.37310863 -2.29942314],[-0.18208111 -0.00180081]
3177,3.176999999999761,[ 0.7112001  -0.02569176],[-0.01718907 -1.94286581],[-0.36392434 -1.72431671],[-0.18205803 -0.00129322]
3178,3.177999999999761,[ 0.71118255 -0.02763635],[-0.01755299 -1.94459013],[-0.35512173 -1.17343119],[-0.18203529 -0.00081397]
3179,3.178999999999761,[ 0.71116464 -0.02958212],[-0.01790811 -1.94576356],[-0.34668682 -0.64586304],[-0.18201287 -0.00036196]
3180,3.179999999999761,[ 0.71114639 -0.03152853],[-0.0182548  -1.94640942],[-0.33860614 -0.14074172],[-1.81990751e-01  6.38698424e-05]
3181,3.1809999999997607,[ 0.71112779 -0.03347508],[-0.01859341 -1.94655016],[-0.33086672  0.34277158],[-0.18196893  0.00046454]
3182,3.1819999999997606,[ 0.71110887 -0.03542128],[-0.01892427 -1.94620739],[-0.32345602  0.80548504],[-0.18194737  0.00084104]
3183,3.1829999999997605,[ 0.71108962 -0.03736669],[-0.01924773 -1.94540191],[-0.31636199  1.24817733],[-0.18192608  0.00119432]
3184,3.1839999999997604,[ 0.71107006 -0.03931084],[-0.01956409 -1.94415373],[-0.30957297  1.67159873],[-0.18190502  0.00152528]
3185,3.1849999999997602,[ 0.71105018 -0.04125332],[-0.01987367 -1.94248213],[-0.30307776  2.07647209],[-0.1818842  0.0018348]
3186,3.18599999999976,[ 0.71103001 -0.04319373],[-0.02017674 -1.94040566],[-0.29686552  2.46349389],[-0.18186358  0.00212374]
3187,3.18699999999976,[ 0.71100953 -0.04513167],[-0.02047361 -1.93794216],[-0.29092583  2.83333516],[-0.18184317  0.0023929 ]
3188,3.18799999999976,[ 0.71098877 -0.04706678],[-0.02076453 -1.93510883],[-0.28524862  3.18664243],[-0.18182294  0.00264308]
3189,3.18899999999976,[ 0.71096772 -0.0489987 ],[-0.02104978 -1.93192219],[-0.27982419  3.52403858],[-0.18180289  0.00287502]
3190,3.1899999999997597,[ 0.71094639 -0.0509271 ],[-0.02132961 -1.92839815],[-0.27464319  3.84612377],[-0.181783    0.00308946]
3191,3.1909999999997596,[ 0.71092479 -0.05285165],[-0.02160425 -1.92455202],[-0.26969658  4.15347618],[-0.18176326  0.00328709]
3192,3.1919999999997595,[ 0.71090291 -0.05477205],[-0.02187395 -1.92039855],[-0.26497568  4.44665286],[-0.18174366  0.0034686 ]
3193,3.1929999999997594,[ 0.71088077 -0.056688  ],[-0.02213892 -1.91595189],[-0.2604721   4.72619051],[-0.18172419  0.00363463]
3194,3.1939999999997593,[ 0.71085837 -0.05859923],[-0.02239939 -1.9112257 ],[-0.25617774  4.99260616],[-0.18170484  0.00378581]
3195,3.194999999999759,[ 0.71083572 -0.06050546],[-0.02265557 -1.9062331 ],[-0.25208481  5.24639794],[-0.1816856   0.00392273]
3196,3.195999999999759,[ 0.71081281 -0.06240645],[-0.02290766 -1.9009867 ],[-0.24818577  5.48804574],[-0.18166645  0.004046  ]
3197,3.196999999999759,[ 0.71078965 -0.06430195],[-0.02315584 -1.89549865],[-0.24447339  5.71801188],[-0.1816474   0.00415615]
3198,3.197999999999759,[ 0.71076625 -0.06619173],[-0.02340032 -1.88978064],[-0.24094065  5.93674172],[-0.18162843  0.00425373]
3199,3.1989999999997587,[ 0.71074261 -0.06807557],[-0.02364126 -1.8838439 ],[-0.23758083  6.14466434],[-0.18160953  0.00433926]
3200,3.1999999999997586,[ 0.71071873 -0.06995327],[-0.02387884 -1.87769924],[-0.2343874   6.34219306],[-0.18159069  0.00441323]
3201,3.2009999999997585,[ 0.71069462 -0.07182463],[-0.02411323 -1.87135704],[-0.23135411  6.52972604],[-0.18157191  0.00447613]
3202,3.2019999999997584,[ 0.71067028 -0.07368945],[-0.02434458 -1.86482732],[-0.22847491  6.70764686],[-0.18155318  0.00452842]
3203,3.2029999999997583,[ 0.7106457  -0.07554757],[-0.02457305 -1.85811967],[-0.22574396  6.876325  ],[-0.18153449  0.00457054]
3204,3.203999999999758,[ 0.7106209  -0.07739882],[-0.0247988  -1.85124335],[-0.22315563  7.03611637],[-0.18151583  0.00460292]
3205,3.204999999999758,[ 0.71059588 -0.07924302],[-0.02502195 -1.84420723],[-0.22070452  7.18736382],[-0.18149721  0.00462598]
3206,3.205999999999758,[ 0.71057064 -0.08108004],[-0.02524266 -1.83701987],[-0.21838539  7.3303976 ],[-0.1814786  0.0046401]
3207,3.206999999999758,[ 0.71054518 -0.08290973],[-0.02546104 -1.82968947],[-0.21619321  7.4655358 ],[-0.18146     0.00464568]
3208,3.2079999999997577,[ 0.7105195  -0.08473196],[-0.02567724 -1.82222393],[-0.2141231   7.59308482],[-0.18144142  0.00464309]
3209,3.2089999999997576,[ 0.71049361 -0.08654659],[-0.02589136 -1.81463085],[-0.2121704  7.7133398],[-0.18142284  0.00463266]
3210,3.2099999999997575,[ 0.71046751 -0.08835351],[-0.02610353 -1.80691751],[-0.21033058  7.82658499],[-0.18140425  0.00461476]
3211,3.2109999999997574,[ 0.71044119 -0.0901526 ],[-0.02631386 -1.79909092],[-0.20859928  7.93309418],[-0.18138566  0.00458969]
3212,3.2119999999997573,[ 0.71041467 -0.09194375],[-0.02652246 -1.79115783],[-0.20697231  8.03313106],[-0.18136705  0.00455779]
3213,3.212999999999757,[ 0.71038794 -0.09372688],[-0.02672943 -1.7831247 ],[-0.20544563  8.12694961],[-0.18134843  0.00451934]
3214,3.213999999999757,[ 0.71036101 -0.09550188],[-0.02693488 -1.77499775],[-0.20401533  8.21479442],[-0.18132978  0.00447466]
3215,3.214999999999757,[ 0.71033387 -0.09726866],[-0.02713889 -1.76678295],[-0.20267764  8.29690108],[-0.1813111  0.004424 ]
3216,3.215999999999757,[ 0.71030653 -0.09902715],[-0.02734157 -1.75848605],[-0.20142895  8.37349645],[-0.18129239  0.00436766]
3217,3.2169999999997567,[ 0.71027898 -0.10077726],[-0.027543   -1.75011256],[-0.20026577  8.44479901],[-0.18127365  0.00430588]
3218,3.2179999999997566,[ 0.71025124 -0.10251893],[-0.02774327 -1.74166776],[-0.19918471  8.51101917],[-0.18125486  0.00423892]
3219,3.2189999999997565,[ 0.7102233  -0.10425208],[-0.02794245 -1.73315674],[-0.19818254  8.57235956],[-0.18123603  0.00416702]
3220,3.2199999999997564,[ 0.71019516 -0.10597667],[-0.02814063 -1.72458438],[-0.19725612  8.62901528],[-0.18121715  0.0040904 ]
3221,3.2209999999997563,[ 0.71016682 -0.10769262],[-0.02833789 -1.71595536],[-0.19640245  8.68117423],[-0.18119822  0.0040093 ]
3222,3.221999999999756,[ 0.71013828 -0.1093999 ],[-0.02853429 -1.70727419],[-0.19561861  8.72901734],[-0.18117923  0.00392393]
3223,3.222999999999756,[ 0.71010955 -0.11109844],[-0.02872991 -1.69854517],[-0.1949018   8.77271881],[-0.18116019  0.00383449]
3224,3.223999999999756,[ 0.71008063 -0.11278821],[-0.02892481 -1.68977245],[-0.19424932  8.81244639],[-0.18114108  0.00374118]
3225,3.224999999999756,[ 0.71005151 -0.11446917],[-0.02911906 -1.68096001],[-0.19365858  8.84836158],[-0.18112191  0.00364419]
3226,3.2259999999997557,[ 0.7100222  -0.11614129],[-0.02931272 -1.67211164],[-0.19312706  8.88061991],[-0.18110267  0.00354371]
3227,3.2269999999997556,[ 0.70999269 -0.11780452],[-0.02950585 -1.66323102],[-0.19265235  8.90937109],[-0.18108336  0.00343992]
3228,3.2279999999997555,[ 0.70996299 -0.11945884],[-0.0296985  -1.65432165],[-0.19223212  8.93475927],[-0.18106397  0.00333297]
3229,3.2289999999997554,[ 0.7099331  -0.12110423],[-0.02989073 -1.64538689],[-0.19186412  8.95692323],[-0.18104451  0.00322304]
3230,3.2299999999997553,[ 0.70990302 -0.12274066],[-0.0300826  -1.63642997],[-0.19154621  8.97599658],[-0.18102497  0.00311028]
3231,3.230999999999755,[ 0.70987275 -0.12436811],[-0.03027414 -1.62745397],[-0.19127629  8.99210793],[-0.18100535  0.00299485]
3232,3.231999999999755,[ 0.70984228 -0.12598657],[-0.03046542 -1.61846187],[-0.19105236  9.0053811 ],[-0.18098565  0.00287688]
3233,3.232999999999755,[ 0.70981162 -0.12759603],[-0.03065647 -1.60945649],[-0.1908725   9.01593527],[-0.18096586  0.00275652]
3234,3.233999999999755,[ 0.70978078 -0.12919647],[-0.03084734 -1.60044055],[-0.19073482  9.02388517],[-0.18094598  0.0026339 ]
3235,3.2349999999997547,[ 0.70974974 -0.13078789],[-0.03103808 -1.59141666],[-0.19063756  9.02934124],[-0.18092601  0.00250915]
3236,3.2359999999997546,[ 0.70971851 -0.13237027],[-0.03122872 -1.58238732],[-0.19057897  9.03240977],[-0.18090595  0.00238239]
3237,3.2369999999997545,[ 0.70968709 -0.13394363],[-0.03141929 -1.57335491],[-0.19055739  9.03319307],[-0.1808858   0.00225374]
3238,3.2379999999997544,[ 0.70965548 -0.13550795],[-0.03160985 -1.56432172],[-0.19057123  9.03178959],[-0.18086555  0.00212332]
3239,3.2389999999997543,[ 0.70962368 -0.13706324],[-0.03180042 -1.55528993],[-0.19061894  9.02829411],[-0.1808452   0.00199124]
3240,3.239999999999754,[ 0.70959169 -0.1386095 ],[-0.03199104 -1.54626164],[-0.19069903  9.02279782],[-0.18082476  0.00185759]
3241,3.240999999999754,[ 0.70955951 -0.14014674],[-0.03218174 -1.53723884],[-0.19081007  9.01538849],[-0.18080422  0.00172249]
3242,3.241999999999754,[ 0.70952713 -0.14167496],[-0.03237255 -1.52822345],[-0.19095069  9.00615058],[-0.18078357  0.00158603]
3243,3.242999999999754,[ 0.70949457 -0.14319418],[-0.0325635 -1.5192173],[-0.19111955  8.99516535],[-0.18076282  0.0014483 ]
3244,3.2439999999997537,[ 0.70946182 -0.1447044 ],[-0.03275462 -1.51022213],[-0.19131539  8.982511  ],[-0.18074197  0.00130939]
3245,3.2449999999997536,[ 0.70942887 -0.14620564],[-0.03294594 -1.50123962],[-0.19153697  8.96826277],[-0.18072101  0.0011694 ]
3246,3.2459999999997535,[ 0.70939573 -0.14769791],[-0.03313747 -1.49227136],[-0.19178311  8.95249306],[-0.18069994  0.00102839]
3247,3.2469999999997534,[ 0.7093624  -0.14918123],[-0.03332926 -1.48331887],[-0.19205266  8.9352715 ],[-0.18067877  0.00088645]
3248,3.2479999999997533,[ 0.70932888 -0.15065562],[-0.03352131 -1.4743836 ],[-0.19234454  8.91666511],[-0.18065748  0.00074366]
3249,3.248999999999753,[ 0.70929517 -0.15212108],[-0.03371365 -1.46546693],[-0.19265768  8.89673833],[-0.18063609  0.00060008]
3250,3.249999999999753,[ 0.70926126 -0.15357765],[-0.03390631 -1.45657019],[-0.19299107  8.87555318],[-0.18061458  0.0004558 ]
3251,3.250999999999753,[ 0.70922716 -0.15502535],[-0.0340993  -1.44769464],[-0.19334373  8.85316929],[-0.18059297  0.00031087]
3252,3.251999999999753,[ 0.70919287 -0.15646419],[-0.03429265 -1.43884147],[-0.19371472  8.82964402],[-1.80571235e-01  1.65362362e-04]
3253,3.2529999999997528,[ 0.70915838 -0.1578942 ],[-0.03448636 -1.43001183],[-0.19410313  8.80503255],[-1.80549390e-01  1.93373682e-05]
3254,3.2539999999997526,[ 0.7091237  -0.15931541],[-0.03468046 -1.42120679],[-0.19450809  8.77938793],[-1.80527429e-01 -1.27145891e-04]
3255,3.2549999999997525,[ 0.70908883 -0.16072784],[-0.03487497 -1.41242741],[-0.19492877  8.7527612 ],[-0.18050535 -0.00027403]
3256,3.2559999999997524,[ 0.70905376 -0.16213151],[-0.0350699  -1.40367464],[-0.19536435  8.72520142],[-0.18048316 -0.00042126]
3257,3.2569999999997523,[ 0.70901849 -0.16352646],[-0.03526527 -1.39494944],[-0.19581406  8.69675576],[-0.18046085 -0.00056879]
3258,3.257999999999752,[ 0.70898303 -0.16491271],[-0.03546108 -1.38625269],[-0.19627716  8.6674696 ],[-0.18043842 -0.00071656]
3259,3.258999999999752,[ 0.70894738 -0.1662903 ],[-0.03565736 -1.37758522],[-0.19675292  8.63738655],[-0.18041587 -0.00086453]
3260,3.259999999999752,[ 0.70891152 -0.16765925],[-0.03585411 -1.36894783],[-0.19724065  8.60654853],[-0.18039321 -0.00101265]
3261,3.260999999999752,[ 0.70887547 -0.16901959],[-0.03605135 -1.36034128],[-0.1977397   8.57499585],[-0.18037042 -0.00116087]
3262,3.2619999999997518,[ 0.70883922 -0.17037135],[-0.03624909 -1.35176629],[-0.19824942  8.54276724],[-0.18034752 -0.00130917]
3263,3.2629999999997517,[ 0.70880277 -0.17171458],[-0.03644734 -1.34322352],[-0.19876919  8.50989996],[-0.18032449 -0.00145748]
3264,3.2639999999997515,[ 0.70876613 -0.17304929],[-0.03664611 -1.33471362],[-0.19929843  8.47642977],[-0.18030134 -0.00160578]
3265,3.2649999999997514,[ 0.70872928 -0.17437553],[-0.03684541 -1.32623719],[-0.19983657  8.44239107],[-0.18027807 -0.00175404]
3266,3.2659999999997513,[ 0.70869224 -0.17569332],[-0.03704524 -1.3177948 ],[-0.20038307  8.4078169 ],[-0.18025468 -0.0019022 ]
3267,3.266999999999751,[ 0.70865499 -0.17700271],[-0.03724563 -1.30938698],[-0.20093739  8.37273902],[-0.18023116 -0.00205025]
3268,3.267999999999751,[ 0.70861754 -0.17830372],[-0.03744656 -1.30101424],[-0.20149904  8.33718792],[-0.18020753 -0.00219814]
3269,3.268999999999751,[ 0.7085799 -0.1795964],[-0.03764806 -1.29267706],[-0.20206754  8.30119291],[-0.18018377 -0.00234585]
3270,3.269999999999751,[ 0.70854205 -0.18088078],[-0.03785013 -1.28437586],[-0.2026424   8.26478213],[-0.18015988 -0.00249335]
3271,3.2709999999997508,[ 0.70850399 -0.18215689],[-0.03805277 -1.27611108],[-0.2032232   8.22798261],[-0.18013587 -0.00264061]
3272,3.2719999999997507,[ 0.70846574 -0.18342477],[-0.038256  -1.2678831],[-0.2038095   8.19082032],[-0.18011174 -0.0027876 ]
3273,3.2729999999997506,[ 0.70842728 -0.18468446],[-0.03845981 -1.25969228],[-0.20440089  8.15332018],[-0.18008748 -0.0029343 ]
3274,3.2739999999997504,[ 0.70838861 -0.185936  ],[-0.03866421 -1.25153896],[-0.20499696  8.11550612],[-0.1800631  -0.00308069]
3275,3.2749999999997503,[ 0.70834974 -0.18717942],[-0.0388692  -1.24342345],[-0.20559735  8.07740113],[-0.18003859 -0.00322673]
3276,3.2759999999997502,[ 0.70831067 -0.18841477],[-0.0390748  -1.23534605],[-0.20620168  8.03902725],[-0.18001396 -0.00337241]
3277,3.27699999999975,[ 0.70827139 -0.18964208],[-0.039281   -1.22730702],[-0.20680961  8.00040566],[-0.1799892 -0.0035177]
3278,3.27799999999975,[ 0.7082319  -0.19086138],[-0.03948781 -1.21930662],[-0.2074208   7.96155668],[-0.17996432 -0.0036626 ]
3279,3.27899999999975,[ 0.70819221 -0.19207273],[-0.03969523 -1.21134506],[-0.20803493  7.92249978],[-0.17993931 -0.00380707]
3280,3.27999999999975,[ 0.7081523  -0.19327615],[-0.03990327 -1.20342256],[-0.20865168  7.88325368],[-0.17991418 -0.0039511 ]
3281,3.2809999999997497,[ 0.70811219 -0.19447169],[-0.04011192 -1.19553931],[-0.20927077  7.84383631],[-0.17988891 -0.00409467]
3282,3.2819999999997496,[ 0.70807187 -0.19565939],[-0.04032119 -1.18769547],[-0.2098919   7.80426487],[-0.17986353 -0.00423776]
3283,3.2829999999997495,[ 0.70803134 -0.19683928],[-0.04053108 -1.17989121],[-0.2105148   7.76455588],[-0.17983802 -0.00438036]
3284,3.2839999999997493,[ 0.7079906 -0.1980114],[-0.0407416  -1.17212665],[-0.21113921  7.72472513],[-0.17981238 -0.00452246]
3285,3.2849999999997492,[ 0.70794964 -0.19917581],[-0.04095274 -1.16440192],[-0.21176487  7.68478781],[-0.17978661 -0.00466404]
3286,3.285999999999749,[ 0.70790848 -0.20033252],[-0.0411645  -1.15671714],[-0.21239156  7.64475844],[-0.17976072 -0.00480509]
3287,3.286999999999749,[ 0.7078671 -0.2014816],[-0.04137689 -1.14907238],[-0.21301904  7.60465095],[-0.1797347  -0.00494559]
3288,3.287999999999749,[ 0.70782551 -0.20262306],[-0.04158991 -1.14146773],[-0.21364708  7.56447868],[-0.17970856 -0.00508553]
3289,3.288999999999749,[ 0.70778371 -0.20375697],[-0.04180356 -1.13390325],[-0.21427547  7.52425443],[-0.17968229 -0.00522491]
3290,3.2899999999997487,[ 0.70774169 -0.20488335],[-0.04201783 -1.12637899],[-0.21490402  7.48399043],[-0.17965589 -0.00536371]
3291,3.2909999999997486,[ 0.70769946 -0.20600224],[-0.04223274 -1.118895  ],[-0.21553252  7.44369841],[-0.17962937 -0.00550191]
3292,3.2919999999997485,[ 0.70765701 -0.20711369],[-0.04244827 -1.11145131],[-0.2161608   7.40338958],[-0.17960272 -0.00563952]
3293,3.2929999999997484,[ 0.70761435 -0.20821774],[-0.04266443 -1.10404792],[-0.21678867  7.36307468],[-0.17957594 -0.00577652]
3294,3.2939999999997482,[ 0.70757146 -0.20931443],[-0.04288122 -1.09668484],[-0.21741597  7.322764  ],[-0.17954904 -0.0059129 ]
3295,3.294999999999748,[ 0.70752837 -0.21040379],[-0.04309864 -1.08936208],[-0.21804253  7.28246736],[-0.17952201 -0.00604866]
3296,3.295999999999748,[ 0.70748505 -0.21148587],[-0.04331668 -1.08207961],[-0.2186682   7.24219417],[-0.17949486 -0.00618379]
3297,3.296999999999748,[ 0.70744151 -0.2125607 ],[-0.04353535 -1.07483742],[-0.21929282  7.2019534 ],[-0.17946758 -0.00631828]
3298,3.297999999999748,[ 0.70739776 -0.21362834],[-0.04375464 -1.06763546],[-0.21991626  7.16175365],[-0.17944017 -0.00645212]
3299,3.2989999999997477,[ 0.70735378 -0.21468881],[-0.04397456 -1.06047371],[-0.22053839  7.12160313],[-0.17941264 -0.00658531]
3300,3.2999999999997476,[ 0.70730959 -0.21574217],[-0.04419509 -1.05335211],[-0.22115906  7.08150968],[-0.17938498 -0.00671785]
3301,3.3009999999997475,[ 0.70726517 -0.21678844],[-0.04441625 -1.0462706 ],[-0.22177817  7.04148078],[-0.17935719 -0.00684973]
3302,3.3019999999997474,[ 0.70722053 -0.21782767],[-0.04463803 -1.03922911],[-0.22239558  7.00152357],[-0.17932928 -0.00698094]
3303,3.3029999999997472,[ 0.70717567 -0.21885989],[-0.04486043 -1.03222759],[-0.2230112   6.96164488],[-0.17930125 -0.00711147]
3304,3.303999999999747,[ 0.70713059 -0.21988516],[-0.04508344 -1.02526595],[-0.2236249  6.9218512],[-0.17927309 -0.00724134]
3305,3.304999999999747,[ 0.70708528 -0.2209035 ],[-0.04530706 -1.0183441 ],[-0.2242366   6.88214874],[-0.1792448  -0.00737052]
3306,3.305999999999747,[ 0.70703975 -0.22191497],[-0.0455313  -1.01146195],[-0.22484619  6.8425434 ],[-0.17921639 -0.00749902]
3307,3.306999999999747,[ 0.706994   -0.22291958],[-0.04575615 -1.0046194 ],[-0.22545358  6.8030408 ],[-0.17918785 -0.00762684]
3308,3.3079999999997467,[ 0.70694801 -0.2239174 ],[-0.0459816  -0.99781636],[-0.22605868  6.76364632],[-0.17915919 -0.00775397]
3309,3.3089999999997466,[ 0.70690181 -0.22490845],[-0.04620766 -0.99105272],[-0.22666142  6.72436503],[-0.1791304  -0.00788041]
3310,3.3099999999997465,[ 0.70685537 -0.22589278],[-0.04643432 -0.98432835],[-0.2272617  6.6852018],[-0.17910148 -0.00800615]
3311,3.3109999999997464,[ 0.70680871 -0.22687042],[-0.04666158 -0.97764315],[-0.22785946  6.64616123],[-0.17907245 -0.0081312 ]
3312,3.3119999999997463,[ 0.70676182 -0.22784142],[-0.04688944 -0.97099699],[-0.22845463  6.6072477 ],[-0.17904329 -0.00825556]
3313,3.312999999999746,[ 0.7067147  -0.22880581],[-0.0471179  -0.96438974],[-0.22904713  6.56846537],[-0.179014   -0.00837921]
3314,3.313999999999746,[ 0.70666736 -0.22976363],[-0.04734694 -0.95782127],[-0.2296369   6.52981817],[-0.17898459 -0.00850217]
3315,3.314999999999746,[ 0.70661978 -0.23071492],[-0.04757658 -0.95129146],[-0.23022389  6.49130985],[-0.17895505 -0.00862443]
3316,3.315999999999746,[ 0.70657197 -0.23165972],[-0.0478068  -0.94480015],[-0.23080803  6.45294395],[-0.1789254  -0.00874599]
3317,3.3169999999997457,[ 0.70652394 -0.23259807],[-0.04803761 -0.9383472 ],[-0.23138927  6.41472382],[-0.17889561 -0.00886684]
3318,3.3179999999997456,[ 0.70647567 -0.23353   ],[-0.048269   -0.93193248],[-0.23196756  6.37665263],[-0.17886571 -0.008987  ]
3319,3.3189999999997455,[ 0.70642717 -0.23445556],[-0.04850097 -0.92555583],[-0.23254286  6.33873337],[-0.17883568 -0.00910645]
3320,3.3199999999997454,[ 0.70637843 -0.23537478],[-0.04873351 -0.91921709],[-0.2331151   6.30096888],[-0.17880553 -0.0092252 ]
3321,3.3209999999997453,[ 0.70632947 -0.23628769],[-0.04896663 -0.91291612],[-0.23368427  6.26336182],[-0.17877525 -0.00934325]
3322,3.321999999999745,[ 0.70628027 -0.23719435],[-0.04920031 -0.90665276],[-0.23425031  6.2259147 ],[-0.17874485 -0.0094606 ]
3323,3.322999999999745,[ 0.70623083 -0.23809477],[-0.04943456 -0.90042685],[-0.23481318  6.18862987],[-0.17871433 -0.00957724]
3324,3.323999999999745,[ 0.70618116 -0.23898901],[-0.04966937 -0.89423822],[-0.23537286  6.15150957],[-0.17868369 -0.00969319]
3325,3.324999999999745,[ 0.70613126 -0.2398771 ],[-0.04990475 -0.88808671],[-0.2359293   6.11455587],[-0.17865292 -0.00980843]
3326,3.3259999999997447,[ 0.70608112 -0.24075907],[-0.05014068 -0.88197215],[-0.23648249  6.07777071],[-0.17862203 -0.00992298]
3327,3.3269999999997446,[ 0.70603074 -0.24163496],[-0.05037716 -0.87589438],[-0.23703238  6.04115593],[-0.17859102 -0.01003683]
3328,3.3279999999997445,[ 0.70598013 -0.24250482],[-0.05061419 -0.86985323],[-0.23757896  6.00471322],[-0.17855989 -0.01014998]
3329,3.3289999999997444,[ 0.70592927 -0.24336867],[-0.05085177 -0.86384851],[-0.2381222   5.96844416],[-0.17852863 -0.01026244]
3330,3.3299999999997443,[ 0.70587818 -0.24422655],[-0.05108989 -0.85788007],[-0.23866208  5.93235023],[-0.17849726 -0.01037421]
3331,3.330999999999744,[ 0.70582685 -0.24507849],[-0.05132855 -0.85194772],[-0.23919857  5.89643279],[-0.17846576 -0.01048528]
3332,3.331999999999744,[ 0.70577529 -0.24592455],[-0.05156775 -0.84605129],[-0.23973166  5.8606931 ],[-0.17843414 -0.01059566]
3333,3.332999999999744,[ 0.70572348 -0.24676474],[-0.05180748 -0.84019059],[-0.24026133  5.82513231],[-0.1784024  -0.01070536]
3334,3.333999999999744,[ 0.70567143 -0.2475991 ],[-0.05204775 -0.83436546],[-0.24078757  5.7897515 ],[-0.17837055 -0.01081436]
3335,3.3349999999997437,[ 0.70561914 -0.24842768],[-0.05228853 -0.82857571],[-0.24131036  5.75455163],[-0.17833857 -0.01092268]
3336,3.3359999999997436,[ 0.70556661 -0.2492505 ],[-0.05252984 -0.82282116],[-0.24182969  5.7195336 ],[-0.17830646 -0.01103032]
3337,3.3369999999997435,[ 0.70551384 -0.2500676 ],[-0.05277167 -0.81710162],[-0.24234554  5.68469821],[-0.17827424 -0.01113728]
3338,3.3379999999997434,[ 0.70546083 -0.25087902],[-0.05301402 -0.81141692],[-0.24285792  5.65004617],[-0.1782419  -0.01124356]
3339,3.3389999999997433,[ 0.70540757 -0.25168478],[-0.05325688 -0.80576688],[-0.2433668   5.61557813],[-0.17820944 -0.01134916]
3340,3.339999999999743,[ 0.70535407 -0.25248493],[-0.05350024 -0.8001513 ],[-0.24387219  5.58129467],[-0.17817686 -0.01145408]
3341,3.340999999999743,[ 0.70530033 -0.2532795 ],[-0.05374412 -0.79457001],[-0.24437407  5.54719627],[-0.17814417 -0.01155834]
3342,3.341999999999743,[ 0.70524634 -0.25406853],[-0.05398849 -0.78902281],[-0.24487244  5.51328337],[-0.17811135 -0.01166192]
3343,3.342999999999743,[ 0.7051921  -0.25485204],[-0.05423336 -0.78350953],[-0.24536731  5.47955634],[-0.17807841 -0.01176484]
3344,3.3439999999997427,[ 0.70513763 -0.25563007],[-0.05447873 -0.77802997],[-0.24585865  5.44601548],[-0.17804535 -0.01186709]
3345,3.3449999999997426,[ 0.7050829  -0.25640265],[-0.05472459 -0.77258395],[-0.24634649  5.41266103],[-0.17801218 -0.01196868]
3346,3.3459999999997425,[ 0.70502793 -0.25716982],[-0.05497093 -0.76717129],[-0.2468308   5.37949317],[-0.17797889 -0.01206962]
3347,3.3469999999997424,[ 0.70497271 -0.25793161],[-0.05521777 -0.7617918 ],[-0.2473116   5.34651204],[-0.17794548 -0.01216989]
3348,3.3479999999997423,[ 0.70491725 -0.25868806],[-0.05546508 -0.75644529],[-0.24778888  5.31371772],[-0.17791195 -0.01226951]
3349,3.348999999999742,[ 0.70486153 -0.25943919],[-0.05571287 -0.75113157],[-0.24826265  5.28111024],[-0.1778783  -0.01236848]
3350,3.349999999999742,[ 0.70480557 -0.26018504],[-0.05596113 -0.74585046],[-0.24873291  5.24868957],[-0.17784454 -0.0124668 ]
3351,3.350999999999742,[ 0.70474936 -0.26092564],[-0.05620986 -0.74060177],[-0.24919966  5.21645564],[-0.17781066 -0.01256448]
3352,3.351999999999742,[ 0.7046929  -0.26166103],[-0.05645906 -0.73538532],[-0.24966291  5.18440835],[-0.17777666 -0.01266151]
3353,3.3529999999997417,[ 0.7046362  -0.26239123],[-0.05670872 -0.73020091],[-0.25012265  5.15254755],[-0.17774255 -0.0127579 ]
3354,3.3539999999997416,[ 0.70457924 -0.26311628],[-0.05695885 -0.72504836],[-0.25057891  5.12087304],[-0.17770832 -0.01285366]
3355,3.3549999999997415,[ 0.70452203 -0.26383621],[-0.05720943 -0.71992749],[-0.25103168  5.08938459],[-0.17767397 -0.01294878]
3356,3.3559999999997414,[ 0.70446457 -0.26455104],[-0.05746046 -0.7148381 ],[-0.25148097  5.05808194],[-0.1776395  -0.01304327]
3357,3.3569999999997413,[ 0.70440686 -0.26526082],[-0.05771194 -0.70978002],[-0.25192679  5.02696478],[-0.17760492 -0.01313713]
3358,3.357999999999741,[ 0.70434889 -0.26596558],[-0.05796387 -0.70475305],[-0.25236915  4.99603277],[-0.17757023 -0.01323037]
3359,3.358999999999741,[ 0.70429068 -0.26666533],[-0.05821623 -0.69975702],[-0.25280805  4.96528556],[-0.17753542 -0.01332298]
3360,3.359999999999741,[ 0.70423221 -0.26736013],[-0.05846904 -0.69479174],[-0.25324351  4.93472273],[-0.17750049 -0.01341498]
3361,3.360999999999741,[ 0.70417348 -0.26804998],[-0.05872229 -0.68985701],[-0.25367553  4.90434386],[-0.17746545 -0.01350636]
3362,3.3619999999997408,[ 0.70411451 -0.26873493],[-0.05897596 -0.68495267],[-0.25410412  4.87414851],[-0.17743029 -0.01359713]
3363,3.3629999999997406,[ 0.70405528 -0.26941501],[-0.05923007 -0.68007852],[-0.2545293   4.84413618],[-0.17739502 -0.01368729]
3364,3.3639999999997405,[ 0.70399579 -0.27009025],[-0.0594846  -0.67523439],[-0.25495107  4.81430637],[-0.17735963 -0.01377684]
3365,3.3649999999997404,[ 0.70393605 -0.27076067],[-0.05973955 -0.67042008],[-0.25536945  4.78465855],[-0.17732413 -0.01386579]
3366,3.3659999999997403,[ 0.70387606 -0.2714263 ],[-0.05999492 -0.66563542],[-0.25578444  4.75519217],[-0.17728852 -0.01395414]
3367,3.36699999999974,[ 0.70381581 -0.27208718],[-0.0602507  -0.66088023],[-0.25619607  4.72590665],[-0.17725279 -0.01404189]
3368,3.36799999999974,[ 0.7037553  -0.27274334],[-0.0605069  -0.65615432],[-0.25660434  4.6968014 ],[-0.17721695 -0.01412905]
3369,3.36899999999974,[ 0.70369454 -0.2733948 ],[-0.0607635  -0.65145752],[-0.25700926  4.66787581],[-0.17718099 -0.01421561]
3370,3.36999999999974,[ 0.70363352 -0.27404159],[-0.06102051 -0.64678964],[-0.25741086  4.63912924],[-0.17714492 -0.01430159]
3371,3.3709999999997398,[ 0.70357224 -0.27468374],[-0.06127792 -0.64215052],[-0.25780913  4.61056105],[-0.17710874 -0.01438699]
3372,3.3719999999997397,[ 0.7035107  -0.27532128],[-0.06153573 -0.63753995],[-0.2582041   4.58217056],[-0.17707244 -0.0144718 ]
3373,3.3729999999997395,[ 0.70344891 -0.27595423],[-0.06179393 -0.63295778],[-0.25859578  4.5539571 ],[-0.17703603 -0.01455604]
3374,3.3739999999997394,[ 0.70338686 -0.27658264],[-0.06205253 -0.62840383],[-0.25898418  4.52591997],[-0.17699951 -0.0146397 ]
3375,3.3749999999997393,[ 0.70332455 -0.27720652],[-0.06231151 -0.62387791],[-0.25936932  4.49805845],[-0.17696288 -0.01472279]
3376,3.375999999999739,[ 0.70326197 -0.27782589],[-0.06257088 -0.61937985],[-0.25975121  4.47037183],[-0.17692614 -0.01480531]
3377,3.376999999999739,[ 0.70319914 -0.2784408 ],[-0.06283063 -0.61490948],[-0.26012987  4.44285937],[-0.17688928 -0.01488727]
3378,3.377999999999739,[ 0.70313605 -0.27905127],[-0.06309076 -0.61046662],[-0.2605053   4.41552031],[-0.17685231 -0.01496867]
3379,3.378999999999739,[ 0.7030727  -0.27965732],[-0.06335127 -0.6060511 ],[-0.26087754  4.38835391],[-0.17681523 -0.0150495 ]
3380,3.3799999999997388,[ 0.70300909 -0.28025898],[-0.06361215 -0.60166274],[-0.26124658  4.36135939],[-0.17677804 -0.01512978]
3381,3.3809999999997387,[ 0.70294522 -0.28085629],[-0.06387339 -0.59730138],[-0.26161246  4.33453598],[-0.17674074 -0.01520951]
3382,3.3819999999997385,[ 0.70288108 -0.28144925],[-0.06413501 -0.59296685],[-0.26197517  4.30788287],[-0.17670332 -0.01528869]
3383,3.3829999999997384,[ 0.70281668 -0.28203791],[-0.06439698 -0.58865896],[-0.26233474  4.28139929],[-0.1766658  -0.01536732]
3384,3.3839999999997383,[ 0.70275203 -0.28262229],[-0.06465932 -0.58437756],[-0.26269119  4.25508442],[-0.17662816 -0.01544541]
3385,3.384999999999738,[ 0.7026871  -0.28320241],[-0.06492201 -0.58012248],[-0.26304453  4.22893746],[-0.17659042 -0.01552296]
3386,3.385999999999738,[ 0.70262192 -0.28377831],[-0.06518505 -0.57589354],[-0.26339477  4.20295758],[-0.17655256 -0.01559997]
3387,3.386999999999738,[ 0.70255647 -0.28435   ],[-0.06544845 -0.57169059],[-0.26374193  4.17714396],[-0.1765146  -0.01567645]
3388,3.387999999999738,[ 0.70249076 -0.28491751],[-0.06571219 -0.56751344],[-0.26408603  4.15149577],[-0.17647652 -0.0157524 ]
3389,3.3889999999997378,[ 0.70242478 -0.28548087],[-0.06597627 -0.56336195],[-0.26442709  4.12601217],[-0.17643834 -0.01582782]
3390,3.3899999999997377,[ 0.70235854 -0.28604011],[-0.0662407  -0.55923593],[-0.26476512  4.10069233],[-0.17640004 -0.01590272]
3391,3.3909999999997376,[ 0.70229203 -0.28659524],[-0.06650547 -0.55513524],[-0.26510013  4.07553539],[-0.17636164 -0.0159771 ]
3392,3.3919999999997374,[ 0.70222526 -0.2871463 ],[-0.06677057 -0.55105971],[-0.26543214  4.05054051],[-0.17632313 -0.01605096]
3393,3.3929999999997373,[ 0.70215823 -0.28769331],[-0.067036   -0.54700917],[-0.26576118  4.02570684],[-0.17628451 -0.0161243 ]
3394,3.3939999999997372,[ 0.70209093 -0.2882363 ],[-0.06730176 -0.54298346],[-0.26608725  4.00103351],[-0.17624578 -0.01619713]
3395,3.394999999999737,[ 0.70202336 -0.28877528],[-0.06756785 -0.53898243],[-0.26641037  3.97651967],[-0.17620694 -0.01626946]
3396,3.395999999999737,[ 0.70195552 -0.28931028],[-0.06783426 -0.53500591],[-0.26673057  3.95216446],[-0.176168   -0.01634128]
3397,3.396999999999737,[ 0.70188742 -0.28984134],[-0.06810099 -0.53105374],[-0.26704785  3.92796702],[-0.17612895 -0.01641259]
3398,3.397999999999737,[ 0.70181906 -0.29036846],[-0.06836804 -0.52712577],[-0.26736223  3.90392647],[-0.17608979 -0.01648341]
3399,3.3989999999997367,[ 0.70175042 -0.29089168],[-0.0686354  -0.52322185],[-0.26767373  3.88004195],[-0.17605052 -0.01655373]
3400,3.3999999999997366,[ 0.70168152 -0.29141103],[-0.06890307 -0.51934181],[-0.26798236  3.85631259],[-0.17601114 -0.01662355]
3401,3.4009999999997365,[ 0.70161235 -0.29192651],[-0.06917105 -0.51548549],[-0.26828815  3.83273752],[-0.17597166 -0.01669289]
3402,3.4019999999997363,[ 0.70154291 -0.29243816],[-0.06943934 -0.51165276],[-0.26859111  3.80931587],[-0.17593207 -0.01676173]
3403,3.4029999999997362,[ 0.7014732  -0.29294601],[-0.06970793 -0.50784344],[-0.26889125  3.78604677],[-0.17589237 -0.0168301 ]
3404,3.403999999999736,[ 0.70140322 -0.29345007],[-0.06997682 -0.50405739],[-0.2691886   3.76292935],[-0.17585257 -0.01689798]
3405,3.404999999999736,[ 0.70133298 -0.29395036],[-0.07024601 -0.50029446],[-0.26948317  3.73996272],[-0.17581266 -0.01696538]
3406,3.405999999999736,[ 0.70126246 -0.29444691],[-0.0705155 -0.4965545],[-0.26977497  3.71714603],[-0.17577264 -0.01703231]
3407,3.406999999999736,[ 0.70119168 -0.29493975],[-0.07078527 -0.49283735],[-0.27006402  3.6944784 ],[-0.17573252 -0.01709876]
3408,3.4079999999997357,[ 0.70112062 -0.29542889],[-0.07105534 -0.48914288],[-0.27035034  3.67195896],[-0.17569229 -0.01716475]
3409,3.4089999999997356,[ 0.70104929 -0.29591437],[-0.07132569 -0.48547092],[-0.27063395  3.64958684],[-0.17565196 -0.01723026]
3410,3.4099999999997355,[ 0.7009777  -0.29639619],[-0.07159632 -0.48182133],[-0.27091485  3.62736118],[-0.17561152 -0.01729532]
3411,3.4109999999997354,[ 0.70090583 -0.29687438],[-0.07186723 -0.47819397],[-0.27119308  3.60528109],[-0.17557098 -0.01735991]
3412,3.4119999999997352,[ 0.70083369 -0.29734897],[-0.07213843 -0.47458869],[-0.27146864  3.58334572],[-0.17553033 -0.01742404]
3413,3.412999999999735,[ 0.70076128 -0.29781998],[-0.0724099  -0.47100534],[-0.27174155  3.5615542 ],[-0.17548957 -0.01748772]
3414,3.413999999999735,[ 0.7006886  -0.29828742],[-0.07268164 -0.46744379],[-0.27201183  3.53990568],[-0.17544871 -0.01755094]
3415,3.414999999999735,[ 0.70061565 -0.29875132],[-0.07295365 -0.46390388],[-0.2722795   3.51839927],[-0.17540775 -0.01761371]
3416,3.415999999999735,[ 0.70054242 -0.29921171],[-0.07322593 -0.46038548],[-0.27254456  3.49703414],[-0.17536668 -0.01767604]
3417,3.4169999999997347,[ 0.70046892 -0.2996686 ],[-0.07349847 -0.45688845],[-0.27280704  3.47580941],[-0.17532551 -0.01773792]
3418,3.4179999999997346,[ 0.70039515 -0.30012201],[-0.07377128 -0.45341264],[-0.27306695  3.45472424],[-0.17528423 -0.01779936]
3419,3.4189999999997345,[ 0.70032111 -0.30057197],[-0.07404435 -0.44995792],[-0.27332431  3.43377776],[-0.17524285 -0.01786037]
3420,3.4199999999997344,[ 0.70024679 -0.30101849],[-0.07431767 -0.44652414],[-0.27357913  3.41296914],[-0.17520137 -0.01792093]
3421,3.4209999999997343,[ 0.7001722 -0.3014616],[-0.07459125 -0.44311117],[-0.27383144  3.39229752],[-0.17515978 -0.01798106]
3422,3.421999999999734,[ 0.70009733 -0.30190132],[-0.07486508 -0.43971887],[-0.27408124  3.37176205],[-0.17511809 -0.01804076]
3423,3.422999999999734,[ 0.70002219 -0.30233767],[-0.07513916 -0.43634711],[-0.27432855  3.3513619 ],[-0.1750763  -0.01810004]
3424,3.423999999999734,[ 0.69994678 -0.30277066],[-0.07541349 -0.43299575],[-0.27457339  3.33109622],[-0.17503441 -0.01815888]
3425,3.424999999999734,[ 0.69987109 -0.30320033],[-0.07568807 -0.42966465],[-0.27481578  3.31096417],[-0.17499241 -0.01821731]
3426,3.4259999999997337,[ 0.69979513 -0.30362668],[-0.07596288 -0.42635369],[-0.27505572  3.29096493],[-0.17495031 -0.01827531]
3427,3.4269999999997336,[ 0.69971889 -0.30404975],[-0.07623794 -0.42306272],[-0.27529324  3.27109765],[-0.1749081 -0.0183329]
3428,3.4279999999997335,[ 0.69964238 -0.30446954],[-0.07651323 -0.41979162],[-0.27552835  3.25136152],[-0.1748658  -0.01839007]
3429,3.4289999999997334,[ 0.69956559 -0.30488608],[-0.07678876 -0.41654026],[-0.27576106  3.23175571],[-0.17482339 -0.01844683]
3430,3.4299999999997333,[ 0.69948852 -0.30529939],[-0.07706452 -0.41330851],[-0.2759914   3.21227939],[-0.17478088 -0.01850318]
3431,3.430999999999733,[ 0.69941118 -0.30570948],[-0.07734051 -0.41009623],[-0.27621938  3.19293176],[-0.17473827 -0.01855912]
3432,3.431999999999733,[ 0.69933357 -0.30611639],[-0.07761673 -0.4069033 ],[-0.276445    3.17371199],[-0.17469556 -0.01861466]
3433,3.432999999999733,[ 0.69925567 -0.30652011],[-0.07789318 -0.40372958],[-0.27666829  3.15461927],[-0.17465274 -0.0186698 ]
3434,3.433999999999733,[ 0.6991775  -0.30692069],[-0.07816984 -0.40057496],[-0.27688927  3.1356528 ],[-0.17460983 -0.01872453]
3435,3.4349999999997327,[ 0.69909906 -0.30731813],[-0.07844673 -0.39743931],[-0.27710794  3.11681177],[-0.17456681 -0.01877887]
3436,3.4359999999997326,[ 0.69902033 -0.30771245],[-0.07872384 -0.3943225 ],[-0.27732432  3.09809538],[-0.17452369 -0.01883281]
3437,3.4369999999997325,[ 0.69894133 -0.30810368],[-0.07900117 -0.3912244 ],[-0.27753844  3.07950284],[-0.17448048 -0.01888637]
3438,3.4379999999997324,[ 0.69886205 -0.30849182],[-0.0792787 -0.3881449],[-0.27775029  3.06103335],[-0.17443716 -0.01893953]
3439,3.4389999999997323,[ 0.6987825 -0.3088769],[-0.07955645 -0.38508387],[-0.2779599   3.04268613],[-0.17439374 -0.0189923 ]
3440,3.439999999999732,[ 0.69870266 -0.30925895],[-0.07983441 -0.38204118],[-0.27816728  3.02446038],[-0.17435022 -0.01904469]
3441,3.440999999999732,[ 0.69862255 -0.30963796],[-0.08011258 -0.37901672],[-0.27837245  3.00635534],[-0.17430661 -0.0190967 ]
3442,3.441999999999732,[ 0.69854216 -0.31001397],[-0.08039095 -0.37601037],[-0.27857541  2.98837021],[-0.17426289 -0.01914833]
3443,3.442999999999732,[ 0.69846149 -0.310387  ],[-0.08066953 -0.373022  ],[-0.27877619  2.97050423],[-0.17421907 -0.01919958]
3444,3.4439999999997317,[ 0.69838054 -0.31075705],[-0.08094831 -0.37005149],[-0.27897481  2.95275662],[-0.17417515 -0.01925045]
3445,3.4449999999997316,[ 0.69829931 -0.31112415],[-0.08122728 -0.36709874],[-0.27917126  2.93512663],[-0.17413114 -0.01930095]
3446,3.4459999999997315,[ 0.69821781 -0.31148831],[-0.08150645 -0.36416361],[-0.27936557  2.91761349],[-0.17408702 -0.01935108]
3447,3.4469999999997314,[ 0.69813602 -0.31184955],[-0.08178582 -0.361246  ],[-0.27955775  2.90021643],[-0.17404281 -0.01940084]
3448,3.4479999999997313,[ 0.69805396 -0.3122079 ],[-0.08206538 -0.35834578],[-0.27974782  2.88293472],[-0.1739985  -0.01945024]
3449,3.448999999999731,[ 0.69797161 -0.31256336],[-0.08234512 -0.35546284],[-0.27993579  2.86576759],[-0.17395409 -0.01949927]
3450,3.449999999999731,[ 0.69788899 -0.31291596],[-0.08262506 -0.35259708],[-0.28012167  2.84871431],[-0.17390958 -0.01954794]
3451,3.450999999999731,[ 0.69780608 -0.31326571],[-0.08290518 -0.34974836],[-0.28030547  2.83177413],[-0.17386497 -0.01959626]
3452,3.451999999999731,[ 0.6977229  -0.31361263],[-0.08318549 -0.34691659],[-0.28048722  2.81494631],[-0.17382026 -0.01964421]
3453,3.4529999999997307,[ 0.69763943 -0.31395673],[-0.08346597 -0.34410164],[-0.28066692  2.79823012],[-0.17377546 -0.01969181]
3454,3.4539999999997306,[ 0.69755568 -0.31429803],[-0.08374664 -0.34130341],[-0.28084459  2.78162483],[-0.17373056 -0.01973906]
3455,3.4549999999997305,[ 0.69747166 -0.31463655],[-0.08402748 -0.33852179],[-0.28102024  2.76512971],[-0.17368556 -0.01978596]
3456,3.4559999999997304,[ 0.69738735 -0.31497231],[-0.0843085  -0.33575666],[-0.28119389  2.74874405],[-0.17364047 -0.01983251]
3457,3.4569999999997303,[ 0.69730276 -0.31530532],[-0.0845897  -0.33300791],[-0.28136554  2.73246713],[-0.17359527 -0.01987871]
3458,3.45799999999973,[ 0.69721789 -0.31563559],[-0.08487106 -0.33027545],[-0.28153521  2.71629823],[-0.17354998 -0.01992457]
3459,3.45899999999973,[ 0.69713273 -0.31596315],[-0.0851526  -0.32755915],[-0.28170292  2.70023665],[-0.1735046  -0.01997009]
3460,3.45999999999973,[ 0.6970473  -0.31628801],[-0.0854343  -0.32485891],[-0.28186867  2.68428167],[-0.17345911 -0.02001527]
3461,3.46099999999973,[ 0.69696158 -0.31661019],[-0.08571617 -0.32217463],[-0.28203248  2.66843261],[-0.17341353 -0.02006011]
3462,3.4619999999997297,[ 0.69687559 -0.31692969],[-0.0859982 -0.3195062],[-0.28219437  2.65268876],[-0.17336785 -0.02010462]
3463,3.4629999999997296,[ 0.69678931 -0.31724654],[-0.0862804  -0.31685351],[-0.28235434  2.63704943],[-0.17332208 -0.0201488 ]
3464,3.4639999999997295,[ 0.69670274 -0.31756076],[-0.08656275 -0.31421646],[-0.28251241  2.62151393],[-0.17327621 -0.02019264]
3465,3.4649999999997294,[ 0.6966159  -0.31787236],[-0.08684526 -0.31159494],[-0.28266859  2.60608158],[-0.17323025 -0.02023615]
3466,3.4659999999997293,[ 0.69652877 -0.31818135],[-0.08712793 -0.30898886],[-0.28282289  2.59075169],[-0.17318419 -0.02027934]
3467,3.466999999999729,[ 0.69644136 -0.31848774],[-0.08741076 -0.30639811],[-0.28297533  2.5755236 ],[-0.17313803 -0.0203222 ]
3468,3.467999999999729,[ 0.69635366 -0.31879157],[-0.08769373 -0.30382259],[-0.28312591  2.56039663],[-0.17309178 -0.02036474]
3469,3.468999999999729,[ 0.69626569 -0.31909283],[-0.08797686 -0.30126219],[-0.28327466  2.54537011],[-0.17304543 -0.02040696]
3470,3.469999999999729,[ 0.69617743 -0.31939154],[-0.08826013 -0.29871682],[-0.28342158  2.53044337],[-0.17299899 -0.02044886]
3471,3.4709999999997287,[ 0.69608888 -0.31968773],[-0.08854355 -0.29618638],[-0.28356668  2.51561577],[-0.17295245 -0.02049044]
3472,3.4719999999997286,[ 0.69600006 -0.3199814 ],[-0.08882712 -0.29367076],[-0.28370998  2.50088664],[-0.17290582 -0.02053171]
3473,3.4729999999997285,[ 0.69591095 -0.32027257],[-0.08911083 -0.29116988],[-0.28385149  2.48625532],[-0.17285909 -0.02057267]
3474,3.4739999999997284,[ 0.69582155 -0.32056126],[-0.08939468 -0.28868362],[-0.28399121  2.47172118],[-0.17281227 -0.02061331]
3475,3.4749999999997283,[ 0.69573187 -0.32084747],[-0.08967867 -0.2862119 ],[-0.28412917  2.45728357],[-0.17276536 -0.02065365]
3476,3.475999999999728,[ 0.69564191 -0.32113122],[-0.0899628  -0.28375462],[-0.28426538  2.44294185],[-0.17271835 -0.02069368]
3477,3.476999999999728,[ 0.69555166 -0.32141253],[-0.09024707 -0.28131167],[-0.28439983  2.42869538],[-0.17267125 -0.0207334 ]
3478,3.477999999999728,[ 0.69546113 -0.32169142],[-0.09053147 -0.27888298],[-0.28453256  2.41454353],[-0.17262405 -0.02077282]
3479,3.478999999999728,[ 0.69537032 -0.32196789],[-0.090816   -0.27646843],[-0.28466356  2.40048567],[-0.17257676 -0.02081194]
3480,3.4799999999997278,[ 0.69527921 -0.32224195],[-0.09110066 -0.27406795],[-0.28479286  2.38652118],[-0.17252937 -0.02085076]
3481,3.4809999999997276,[ 0.69518783 -0.32251363],[-0.09138546 -0.27168143],[-0.28492045  2.37264945],[-0.1724819  -0.02088928]
3482,3.4819999999997275,[ 0.69509616 -0.32278294],[-0.09167038 -0.26930878],[-0.28504635  2.35886985],[-0.17243433 -0.02092751]
3483,3.4829999999997274,[ 0.6950042  -0.32304989],[-0.09195542 -0.26694991],[-0.28517058  2.34518176],[-0.17238666 -0.02096544]
3484,3.4839999999997273,[ 0.69491196 -0.3233145 ],[-0.09224059 -0.26460473],[-0.28529315  2.3315846 ],[-0.1723389  -0.02100308]
3485,3.484999999999727,[ 0.69481944 -0.32357677],[-0.09252589 -0.26227314],[-0.28541406  2.31807774],[-0.17229106 -0.02104043]
3486,3.485999999999727,[ 0.69472663 -0.32383673],[-0.0928113  -0.25995506],[-0.28553332  2.30466058],[-0.17224311 -0.02107749]
3487,3.486999999999727,[ 0.69463353 -0.32409438],[-0.09309683 -0.2576504 ],[-0.28565096  2.29133254],[-0.17219508 -0.02111427]
3488,3.487999999999727,[ 0.69454015 -0.32434974],[-0.09338249 -0.25535907],[-0.28576697  2.27809302],[-0.17214695 -0.02115076]
3489,3.4889999999997268,[ 0.69444648 -0.32460282],[-0.09366825 -0.25308098],[-0.28588137  2.26494143],[-0.17209873 -0.02118696]
3490,3.4899999999997267,[ 0.69435252 -0.32485363],[-0.09395413 -0.25081604],[-0.28599416  2.25187718],[-0.17205042 -0.02122289]
3491,3.4909999999997265,[ 0.69425828 -0.3251022 ],[-0.09424013 -0.24856416],[-0.28610537  2.2388997 ],[-0.17200202 -0.02125853]
3492,3.4919999999997264,[ 0.69416376 -0.32534852],[-0.09452623 -0.24632526],[-0.286215   2.2260084],[-0.17195352 -0.0212939 ]
3493,3.4929999999997263,[ 0.69406895 -0.32559262],[-0.09481245 -0.24409925],[-0.28632306  2.21320271],[-0.17190494 -0.02132899]
3494,3.493999999999726,[ 0.69397385 -0.32583451],[-0.09509877 -0.24188605],[-0.28642956  2.20048206],[-0.17185626 -0.02136381]
3495,3.494999999999726,[ 0.69387846 -0.32607419],[-0.0953852  -0.23968557],[-0.28653451  2.18784588],[-0.17180749 -0.02139835]
3496,3.495999999999726,[ 0.69378279 -0.32631169],[-0.09567174 -0.23749772],[-0.28663793  2.17529362],[-0.17175863 -0.02143263]
3497,3.496999999999726,[ 0.69368683 -0.32654701],[-0.09595837 -0.23532243],[-0.28673981  2.1628247 ],[-0.17170968 -0.02146663]
3498,3.4979999999997258,[ 0.69359059 -0.32678017],[-0.09624511 -0.2331596 ],[-0.28684018  2.15043858],[-0.17166064 -0.02150037]
3499,3.4989999999997257,[ 0.69349405 -0.32701118],[-0.09653195 -0.23100916],[-0.28693904  2.13813471],[-0.17161151 -0.02153384]
3500,3.4999999999997256,[ 0.69339724 -0.32724005],[-0.09681889 -0.22887103],[-0.2870364   2.12591253],[-0.17156228 -0.02156704]
3501,3.5009999999997254,[ 0.69330013 -0.3274668 ],[-0.09710593 -0.22674512],[-0.28713227  2.1137715 ],[-0.17151297 -0.02159998]
3502,3.5019999999997253,[ 0.69320274 -0.32769143],[-0.09739306 -0.22463135],[-0.28722666  2.10171108],[-0.17146357 -0.02163266]
3503,3.5029999999997252,[ 0.69310506 -0.32791396],[-0.09768029 -0.22252963],[-0.28731958  2.08973074],[-0.17141407 -0.02166509]
3504,3.503999999999725,[ 0.69300709 -0.3281344 ],[-0.09796761 -0.2204399 ],[-0.28741104  2.07782992],[-0.17136449 -0.02169725]
3505,3.504999999999725,[ 0.69290883 -0.32835276],[-0.09825502 -0.21836207],[-0.28750106  2.06600812],[-0.17131482 -0.02172916]
3506,3.505999999999725,[ 0.69281029 -0.32856906],[-0.09854252 -0.21629607],[-0.28758963  2.0542648 ],[-0.17126506 -0.02176081]
3507,3.506999999999725,[ 0.69271146 -0.3287833 ],[-0.09883011 -0.2142418 ],[-0.28767677  2.04259943],[-0.1712152  -0.02179221]
3508,3.5079999999997247,[ 0.69261234 -0.3289955 ],[-0.09911779 -0.2121992 ],[-0.28776249  2.03101149],[-0.17116526 -0.02182335]
3509,3.5089999999997246,[ 0.69251294 -0.32920567],[-0.09940555 -0.21016819],[-0.2878468   2.01950048],[-0.17111523 -0.02185425]
3510,3.5099999999997245,[ 0.69241324 -0.32941381],[-0.09969339 -0.20814869],[-0.2879297   2.00806586],[-0.17106511 -0.0218849 ]
3511,3.5109999999997243,[ 0.69231326 -0.32961996],[-0.09998132 -0.20614062],[-0.28801121  1.99670715],[-0.17101491 -0.0219153 ]
3512,3.5119999999997242,[ 0.69221299 -0.3298241 ],[-0.10026934 -0.20414392],[-0.28809134  1.98542382],[-0.17096461 -0.02194545]
3513,3.512999999999724,[ 0.69211244 -0.33002626],[-0.10055743 -0.20215849],[-0.28817009  1.97421538],[-0.17091422 -0.02197536]
3514,3.513999999999724,[ 0.69201159 -0.33022644],[-0.1008456  -0.20018428],[-0.28824747  1.96308132],[-0.17086375 -0.02200503]
3515,3.514999999999724,[ 0.69191046 -0.33042466],[-0.10113384 -0.1982212 ],[-0.2883235   1.95202115],[-0.17081319 -0.02203446]
3516,3.515999999999724,[ 0.69180903 -0.33062093],[-0.10142217 -0.19626917],[-0.28839817  1.94103437],[-0.17076254 -0.02206364]
3517,3.5169999999997237,[ 0.69170732 -0.33081526],[-0.10171057 -0.19432814],[-0.28847151  1.9301205 ],[-0.1707118  -0.02209259]
3518,3.5179999999997236,[ 0.69160532 -0.33100766],[-0.10199904 -0.19239802],[-0.28854351  1.91927905],[-0.17066097 -0.0221213 ]
3519,3.5189999999997235,[ 0.69150304 -0.33119814],[-0.10228758 -0.19047874],[-0.28861419  1.90850953],[-0.17061006 -0.02214978]
3520,3.5199999999997234,[ 0.69140046 -0.33138671],[-0.1025762  -0.18857023],[-0.28868355  1.89781146],[-0.17055906 -0.02217802]
3521,3.5209999999997232,[ 0.6912976  -0.33157338],[-0.10286488 -0.18667242],[-0.28875161  1.88718437],[-0.17050797 -0.02220603]
3522,3.521999999999723,[ 0.69119444 -0.33175817],[-0.10315363 -0.18478524],[-0.28881837  1.87662778],[-0.17045679 -0.02223381]
3523,3.522999999999723,[ 0.691091   -0.33194107],[-0.10344245 -0.18290861],[-0.28888385  1.86614123],[-0.17040553 -0.02226136]
3524,3.523999999999723,[ 0.69098727 -0.33212212],[-0.10373133 -0.18104247],[-0.28894804  1.85572423],[-0.17035418 -0.02228868]
3525,3.524999999999723,[ 0.69088325 -0.3323013 ],[-0.10402028 -0.17918674],[-0.28901096  1.84537634],[-0.17030274 -0.02231577]
3526,3.5259999999997227,[ 0.69077894 -0.33247864],[-0.10430929 -0.17734137],[-0.28907261  1.83509709],[-0.17025122 -0.02234264]
3527,3.5269999999997226,[ 0.69067434 -0.33265415],[-0.10459836 -0.17550627],[-0.28913301  1.82488601],[-0.17019961 -0.02236928]
3528,3.5279999999997225,[ 0.69056945 -0.33282783],[-0.1048875  -0.17368138],[-0.28919216  1.81474266],[-0.17014791 -0.0223957 ]
3529,3.5289999999997224,[ 0.69046428 -0.3329997 ],[-0.10517669 -0.17186664],[-0.28925007  1.80466657],[-0.17009613 -0.0224219 ]
3530,3.5299999999997222,[ 0.69035881 -0.33316976],[-0.10546594 -0.17006197],[-0.28930675  1.79465731],[-0.17004426 -0.02244788]
3531,3.530999999999722,[ 0.69025306 -0.33333803],[-0.10575525 -0.16826732],[-0.2893622   1.78471443],[-0.1699923  -0.02247364]
3532,3.531999999999722,[ 0.69014701 -0.33350451],[-0.10604461 -0.1664826 ],[-0.28941644  1.77483748],[-0.16994026 -0.02249918]
3533,3.532999999999722,[ 0.69004068 -0.33366922],[-0.10633403 -0.16470776],[-0.28946947  1.76502601],[-0.16988813 -0.02252451]
3534,3.533999999999722,[ 0.68993405 -0.33383216],[-0.10662349 -0.16294274],[-0.2895213   1.75527961],[-0.16983592 -0.02254962]
3535,3.5349999999997217,[ 0.68982714 -0.33399335],[-0.10691302 -0.16118746],[-0.28957194  1.74559782],[-0.16978362 -0.02257452]
3536,3.5359999999997216,[ 0.68971994 -0.33415279],[-0.10720259 -0.15944186],[-0.28962139  1.73598022],[-0.16973124 -0.0225992 ]
3537,3.5369999999997215,[ 0.68961245 -0.3343105 ],[-0.10749221 -0.15770588],[-0.28966966  1.72642638],[-0.16967877 -0.02262367]
3538,3.5379999999997214,[ 0.68950466 -0.33446648],[-0.10778188 -0.15597945],[-0.28971676  1.71693588],[-0.16962622 -0.02264794]
3539,3.5389999999997213,[ 0.68939659 -0.33462074],[-0.1080716  -0.15426252],[-0.2897627   1.70750829],[-0.16957358 -0.02267199]
3540,3.539999999999721,[ 0.68928823 -0.33477329],[-0.10836136 -0.15255501],[-0.28980749  1.69814318],[-0.16952086 -0.02269584]
3541,3.540999999999721,[ 0.68917958 -0.33492415],[-0.10865117 -0.15085687],[-0.28985113  1.68884015],[-0.16946805 -0.02271948]
3542,3.541999999999721,[ 0.68907064 -0.33507332],[-0.10894102 -0.14916803],[-0.28989362  1.67959878],[-0.16941516 -0.02274292]
3543,3.542999999999721,[ 0.68896141 -0.33522081],[-0.10923091 -0.14748843],[-0.28993499  1.67041865],[-0.16936218 -0.02276615]
3544,3.5439999999997207,[ 0.68885189 -0.33536662],[-0.10952085 -0.14581801],[-0.28997523  1.66129937],[-0.16930912 -0.02278918]
3545,3.5449999999997206,[ 0.68874208 -0.33551078],[-0.10981082 -0.14415671],[-0.29001434  1.65224051],[-0.16925597 -0.02281201]
3546,3.5459999999997205,[ 0.68863197 -0.33565329],[-0.11010084 -0.14250447],[-0.29005235  1.64324168],[-0.16920274 -0.02283464]
3547,3.5469999999997204,[ 0.68852158 -0.33579415],[-0.11039089 -0.14086123],[-0.29008925  1.63430248],[-0.16914943 -0.02285707]
3548,3.5479999999997203,[ 0.6884109  -0.33593337],[-0.11068098 -0.13922692],[-0.29012506  1.62542251],[-0.16909603 -0.02287931]
3549,3.54899999999972,[ 0.68829993 -0.33607098],[-0.1109711 -0.1376015],[-0.29015977  1.61660137],[-0.16904256 -0.02290134]
3550,3.54999999999972,[ 0.68818867 -0.33620696],[-0.11126126 -0.1359849 ],[-0.2901934   1.60783868],[-0.16898899 -0.02292319]
3551,3.55099999999972,[ 0.68807712 -0.33634134],[-0.11155146 -0.13437706],[-0.29022596  1.59913403],[-0.16893535 -0.02294483]
3552,3.55199999999972,[ 0.68796528 -0.33647412],[-0.11184168 -0.13277793],[-0.29025744  1.59048705],[-0.16888162 -0.02296629]
3553,3.5529999999997197,[ 0.68785315 -0.3366053 ],[-0.11213194 -0.13118744],[-0.29028786  1.58189734],[-0.1688278  -0.02298755]
3554,3.5539999999997196,[ 0.68774072 -0.33673491],[-0.11242223 -0.12960554],[-0.29031723  1.57336454],[-0.16877391 -0.02300862]
3555,3.5549999999997195,[ 0.68762801 -0.33686294],[-0.11271254 -0.12803218],[-0.29034554  1.56488824],[-0.16871993 -0.0230295 ]
3556,3.5559999999997194,[ 0.68751501 -0.33698941],[-0.11300289 -0.12646729],[-0.29037281  1.55646809],[-0.16866587 -0.0230502 ]
3557,3.5569999999997193,[ 0.68740171 -0.33711432],[-0.11329326 -0.12491082],[-0.29039904  1.5481037 ],[-0.16861173 -0.0230707 ]
3558,3.557999999999719,[ 0.68728813 -0.33723768],[-0.11358366 -0.12336272],[-0.29042425  1.5397947 ],[-0.1685575  -0.02309102]
3559,3.558999999999719,[ 0.68717426 -0.3373595 ],[-0.11387409 -0.12182292],[-0.29044843  1.53154073],[-0.16850319 -0.02311116]
3560,3.559999999999719,[ 0.68706009 -0.3374798 ],[-0.11416453 -0.12029138],[-0.29047159  1.5233414 ],[-0.1684488  -0.02313111]
3561,3.560999999999719,[ 0.68694564 -0.33759856],[-0.11445501 -0.11876804],[-0.29049374  1.51519637],[-0.16839433 -0.02315088]
3562,3.5619999999997187,[ 0.68683089 -0.33771582],[-0.1147455  -0.11725285],[-0.29051489  1.50710527],[-0.16833978 -0.02317046]
3563,3.5629999999997186,[ 0.68671586 -0.33783156],[-0.11503601 -0.11574574],[-0.29053504  1.49906774],[-0.16828514 -0.02318987]
3564,3.5639999999997185,[ 0.68660053 -0.33794581],[-0.11532655 -0.11424667],[-0.2905542   1.49108341],[-0.16823043 -0.02320909]
3565,3.5649999999997184,[ 0.68648491 -0.33805856],[-0.1156171  -0.11275559],[-0.29057237  1.48315194],[-0.16817563 -0.02322814]
3566,3.5659999999997183,[ 0.686369   -0.33816984],[-0.11590768 -0.11127244],[-0.29058956  1.47527298],[-0.16812075 -0.02324701]
3567,3.566999999999718,[ 0.68625281 -0.33827963],[-0.11619826 -0.10979716],[-0.29060578  1.46744617],[-0.16806579 -0.0232657 ]
3568,3.567999999999718,[ 0.68613632 -0.33838796],[-0.11648887 -0.10832972],[-0.29062103  1.45967116],[-0.16801075 -0.02328422]
3569,3.568999999999718,[ 0.68601954 -0.33849483],[-0.11677949 -0.10687005],[-0.29063532  1.45194761],[-0.16795563 -0.02330256]
3570,3.569999999999718,[ 0.68590247 -0.33860025],[-0.11707013 -0.1054181 ],[-0.29064866  1.44427518],[-0.16790042 -0.02332073]
3571,3.5709999999997177,[ 0.68578511 -0.33870423],[-0.11736078 -0.10397382],[-0.29066105  1.43665352],[-0.16784514 -0.02333872]
3572,3.5719999999997176,[ 0.68566746 -0.33880676],[-0.11765144 -0.10253717],[-0.29067249  1.4290823 ],[-0.16778978 -0.02335654]
3573,3.5729999999997175,[ 0.68554951 -0.33890787],[-0.11794211 -0.10110809],[-0.29068299  1.42156118],[-0.16773433 -0.0233742 ]
3574,3.5739999999997174,[ 0.68543128 -0.33900756],[-0.11823279 -0.09968653],[-0.29069257  1.41408982],[-0.16767881 -0.02339168]
3575,3.5749999999997173,[ 0.68531276 -0.33910583],[-0.11852348 -0.09827244],[-0.29070121  1.4066679 ],[-0.16762321 -0.023409  ]
3576,3.575999999999717,[ 0.68519394 -0.3392027 ],[-0.11881419 -0.09686577],[-0.29070894  1.39929508],[-0.16756752 -0.02342614]
3577,3.576999999999717,[ 0.68507484 -0.33929816],[-0.1191049  -0.09546647],[-0.29071575  1.39197104],[-0.16751176 -0.02344313]
3578,3.577999999999717,[ 0.68495544 -0.33939224],[-0.11939561 -0.0940745 ],[-0.29072165  1.38469545],[-0.16745591 -0.02345994]
3579,3.578999999999717,[ 0.68483576 -0.33948493],[-0.11968633 -0.09268981],[-0.29072665  1.37746799],[-0.16739999 -0.02347659]
3580,3.5799999999997167,[ 0.68471578 -0.33957624],[-0.11997706 -0.09131234],[-0.29073076  1.37028834],[-0.16734399 -0.02349308]
3581,3.5809999999997166,[ 0.68459551 -0.33966618],[-0.12026779 -0.08994205],[-0.29073397  1.36315618],[-0.16728791 -0.0235094 ]
3582,3.5819999999997165,[ 0.68447495 -0.33975476],[-0.12055852 -0.0885789 ],[-0.29073629  1.35607118],[-0.16723175 -0.02352556]
3583,3.5829999999997164,[ 0.6843541  -0.33984198],[-0.12084926 -0.08722282],[-0.29073773  1.34903305],[-0.16717551 -0.02354157]
3584,3.5839999999997163,[ 0.68423296 -0.33992786],[-0.12114    -0.08587379],[-0.2907383   1.34204146],[-0.16711919 -0.02355741]
3585,3.584999999999716,[ 0.68411153 -0.34001239],[-0.12143074 -0.08453175],[-0.290738    1.33509611],[-0.16706279 -0.02357309]
3586,3.585999999999716,[ 0.68398981 -0.34009558],[-0.12172147 -0.08319665],[-0.29073683  1.32819668],[-0.16700631 -0.02358861]
3587,3.586999999999716,[ 0.6838678  -0.34017745],[-0.12201221 -0.08186846],[-0.2907348   1.32134288],[-0.16694976 -0.02360398]
3588,3.587999999999716,[ 0.6837455 -0.340258 ],[-0.12230295 -0.08054711],[-0.29073192  1.31453439],[-0.16689313 -0.02361919]
3589,3.5889999999997158,[ 0.6836229  -0.34033723],[-0.12259368 -0.07923258],[-0.29072819  1.30777092],[-0.16683641 -0.02363424]
3590,3.5899999999997156,[ 0.68350002 -0.34041516],[-0.12288441 -0.07792481],[-0.29072361  1.30105216],[-0.16677963 -0.02364914]
3591,3.5909999999997155,[ 0.68337684 -0.34049178],[-0.12317513 -0.07662376],[-0.2907182   1.29437782],[-0.16672276 -0.02366389]
3592,3.5919999999997154,[ 0.68325338 -0.34056711],[-0.12346585 -0.07532938],[-0.29071195  1.2877476 ],[-0.16666581 -0.02367848]
3593,3.5929999999997153,[ 0.68312962 -0.34064115],[-0.12375656 -0.07404163],[-0.29070487  1.28116121],[-0.16660879 -0.02369292]
3594,3.593999999999715,[ 0.68300557 -0.34071391],[-0.12404726 -0.07276047],[-0.29069697  1.27461835],[-0.16655169 -0.02370721]
3595,3.594999999999715,[ 0.68288124 -0.3407854 ],[-0.12433796 -0.07148585],[-0.29068825  1.26811874],[-0.16649451 -0.02372135]
3596,3.595999999999715,[ 0.68275661 -0.34085562],[-0.12462865 -0.07021773],[-0.29067872  1.26166208],[-0.16643726 -0.02373534]
3597,3.596999999999715,[ 0.68263169 -0.34092457],[-0.12491933 -0.06895607],[-0.29066838  1.25524809],[-0.16637992 -0.02374919]
3598,3.5979999999997148,[ 0.68250648 -0.34099227],[-0.12521    -0.06770082],[-0.29065723  1.2488765 ],[-0.16632251 -0.02376288]
3599,3.5989999999997146,[ 0.68238098 -0.34105873],[-0.12550065 -0.06645195],[-0.29064529  1.242547  ],[-0.16626503 -0.02377643]
3600,3.5999999999997145,[ 0.68225519 -0.34112393],[-0.1257913 -0.0652094],[-0.29063255  1.23625933],[-0.16620746 -0.02378983]
3601,3.6009999999997144,[ 0.6821291  -0.34118791],[-0.12608193 -0.06397314],[-0.29061903  1.23001321],[-0.16614982 -0.02380308]
3602,3.6019999999997143,[ 0.68200273 -0.34125065],[-0.12637255 -0.06274313],[-0.29060471  1.22380835],[-0.16609211 -0.0238162 ]
3603,3.602999999999714,[ 0.68187607 -0.34131217],[-0.12666316 -0.06151932],[-0.29058962  1.21764449],[-0.16603432 -0.02382916]
3604,3.603999999999714,[ 0.68174911 -0.34137247],[-0.12695375 -0.06030167],[-0.29057376  1.21152135],[-0.16597645 -0.02384199]
3605,3.604999999999714,[ 0.68162187 -0.34143156],[-0.12724432 -0.05909015],[-0.29055712  1.20543866],[-0.1659185  -0.02385467]
3606,3.605999999999714,[ 0.68149433 -0.34148945],[-0.12753488 -0.05788471],[-0.29053972  1.19939614],[-0.16586048 -0.02386722]
3607,3.6069999999997138,[ 0.68136651 -0.34154613],[-0.12782542 -0.05668532],[-0.29052156  1.19339354],[-0.16580238 -0.02387962]
3608,3.6079999999997137,[ 0.68123839 -0.34160162],[-0.12811594 -0.05549192],[-0.29050264  1.18743059],[-0.16574421 -0.02389188]
3609,3.6089999999997135,[ 0.68110999 -0.34165593],[-0.12840644 -0.05430449],[-0.29048297  1.18150702],[-0.16568596 -0.023904  ]
3610,3.6099999999997134,[ 0.68098129 -0.34170905],[-0.12869692 -0.05312299],[-0.29046255  1.17562258],[-0.16562764 -0.02391599]
3611,3.6109999999997133,[ 0.6808523 -0.341761 ],[-0.12898739 -0.05194736],[-0.29044139  1.16977699],[-0.16556924 -0.02392784]
3612,3.611999999999713,[ 0.68072302 -0.34181178],[-0.12927783 -0.05077759],[-0.29041949  1.16397   ],[-0.16551076 -0.02393955]
3613,3.612999999999713,[ 0.68059346 -0.34186139],[-0.12956825 -0.04961362],[-0.29039686  1.15820136],[-0.16545221 -0.02395112]
3614,3.613999999999713,[ 0.6804636  -0.34190985],[-0.12985864 -0.04845542],[-0.2903735   1.15247081],[-0.16539358 -0.02396256]
3615,3.614999999999713,[ 0.68033345 -0.34195715],[-0.13014902 -0.04730295],[-0.29034941  1.14677809],[-0.16533488 -0.02397387]
3616,3.6159999999997128,[ 0.68020301 -0.3420033 ],[-0.13043937 -0.04615617],[-0.2903246   1.14112296],[-0.16527611 -0.02398504]
3617,3.6169999999997127,[ 0.68007228 -0.34204832],[-0.13072969 -0.04501504],[-0.29029908  1.13550517],[-0.16521726 -0.02399608]
3618,3.6179999999997126,[ 0.67994126 -0.3420922 ],[-0.13101999 -0.04387954],[-0.29027284  1.12992445],[-0.16515833 -0.02400699]
3619,3.6189999999997124,[ 0.67980995 -0.34213495],[-0.13131026 -0.04274961],[-0.2902459   1.12438058],[-0.16509934 -0.02401777]
3620,3.6199999999997123,[ 0.67967835 -0.34217657],[-0.13160051 -0.04162523],[-0.29021825  1.1188733 ],[-0.16504026 -0.02402841]
3621,3.6209999999997122,[ 0.67954646 -0.34221708],[-0.13189073 -0.04050636],[-0.2901899   1.11340237],[-0.16498112 -0.02403893]
3622,3.621999999999712,[ 0.67941428 -0.34225647],[-0.13218092 -0.03939296],[-0.29016085  1.10796755],[-0.16492189 -0.02404932]
3623,3.622999999999712,[ 0.67928181 -0.34229476],[-0.13247108 -0.03828499],[-0.29013112  1.1025686 ],[-0.1648626  -0.02405958]
3624,3.623999999999712,[ 0.67914905 -0.34233194],[-0.13276121 -0.03718242],[-0.29010069  1.09720528],[-0.16480323 -0.02406971]
3625,3.624999999999712,[ 0.67901599 -0.34236803],[-0.13305131 -0.03608522],[-0.29006959  1.09187735],[-0.16474379 -0.02407971]
3626,3.6259999999997117,[ 0.67888265 -0.34240302],[-0.13334138 -0.03499334],[-0.2900378   1.08658457],[-0.16468427 -0.02408959]
3627,3.6269999999997116,[ 0.67874902 -0.34243693],[-0.13363142 -0.03390676],[-0.29000534  1.08132672],[-0.16462468 -0.02409934]
3628,3.6279999999997115,[ 0.6786151  -0.34246975],[-0.13392142 -0.03282543],[-0.28997221  1.07610356],[-0.16456502 -0.02410897]
3629,3.6289999999997113,[ 0.67848089 -0.3425015 ],[-0.13421139 -0.03174932],[-0.28993841  1.07091486],[-0.16450528 -0.02411847]
3630,3.6299999999997112,[ 0.67834639 -0.34253218],[-0.13450133 -0.03067841],[-0.28990395  1.06576039],[-0.16444547 -0.02412785]
3631,3.630999999999711,[ 0.6782116  -0.34256179],[-0.13479124 -0.02961265],[-0.28986883  1.06063993],[-0.16438559 -0.02413711]
3632,3.631999999999711,[ 0.67807651 -0.34259034],[-0.13508111 -0.02855201],[-0.28983305  1.05555324],[-0.16432564 -0.02414624]
3633,3.632999999999711,[ 0.67794114 -0.34261784],[-0.13537094 -0.02749646],[-0.28979662  1.0505001 ],[-0.16426561 -0.02415525]
3634,3.633999999999711,[ 0.67780548 -0.34264429],[-0.13566074 -0.02644596],[-0.28975955  1.04548029],[-0.16420551 -0.02416415]
3635,3.6349999999997107,[ 0.67766953 -0.34266969],[-0.13595049 -0.02540048],[-0.28972183  1.04049359],[-0.16414534 -0.02417292]
3636,3.6359999999997106,[ 0.67753329 -0.34269405],[-0.13624022 -0.02435998],[-0.28968347  1.03553978],[-0.16408509 -0.02418157]
3637,3.6369999999997105,[ 0.67739676 -0.34271737],[-0.1365299  -0.02332444],[-0.28964447  1.03061863],[-0.16402477 -0.0241901 ]
3638,3.6379999999997104,[ 0.67725994 -0.34273967],[-0.13681954 -0.02229382],[-0.28960484  1.02572994],[-0.16396439 -0.02419852]
3639,3.6389999999997102,[ 0.67712283 -0.34276093],[-0.13710915 -0.02126809],[-0.28956458  1.02087348],[-0.16390392 -0.02420681]
3640,3.63999999999971,[ 0.67698543 -0.34278118],[-0.13739871 -0.02024722],[-0.2895237   1.01604904],[-0.16384339 -0.02421499]
3641,3.64099999999971,[ 0.67684775 -0.34280041],[-0.13768824 -0.01923117],[-0.28948219  1.01125641],[-0.16378279 -0.02422306]
3642,3.64199999999971,[ 0.67670977 -0.34281863],[-0.13797772 -0.01821992],[-0.28944007  1.00649538],[-0.16372211 -0.024231  ]
3643,3.64299999999971,[ 0.6765715  -0.34283585],[-0.13826716 -0.01721342],[-0.28939733  1.00176573],[-0.16366136 -0.02423884]
3644,3.6439999999997097,[ 0.67643295 -0.34285206],[-0.13855656 -0.01621165],[-0.28935398  0.99706726],[-0.16360054 -0.02424655]
3645,3.6449999999997096,[ 0.6762941  -0.34286727],[-0.13884591 -0.01521459],[-0.28931003  0.99239976],[-0.16353965 -0.02425416]
3646,3.6459999999997095,[ 0.67615496 -0.34288149],[-0.13913522 -0.01422219],[-0.28926546  0.98776303],[-0.16347869 -0.02426165]
3647,3.6469999999997094,[ 0.67601554 -0.34289473],[-0.13942449 -0.01323442],[-0.2892203   0.98315686],[-0.16341766 -0.02426903]
3648,3.6479999999997093,[ 0.67587583 -0.34290698],[-0.13971371 -0.01225127],[-0.28917455  0.97858104],[-0.16335656 -0.02427629]
3649,3.648999999999709,[ 0.67573582 -0.34291825],[-0.14000288 -0.01127269],[-0.28912819  0.97403538],[-0.16329538 -0.02428345]
3650,3.649999999999709,[ 0.67559553 -0.34292855],[-0.14029201 -0.01029865],[-0.28908125  0.96951967],[-0.16323414 -0.02429049]
3651,3.650999999999709,[ 0.67545495 -0.34293788],[-0.14058109 -0.00932913],[-0.28903373  0.96503372],[-0.16317282 -0.02429742]
3652,3.651999999999709,[ 0.67531408 -0.34294624],[-0.14087012 -0.0083641 ],[-0.28898561  0.96057733],[-0.16311144 -0.02430425]
3653,3.6529999999997087,[ 0.67517292 -0.34295365],[-0.14115911 -0.00740352],[-0.28893692  0.9561503 ],[-0.16304998 -0.02431096]
3654,3.6539999999997086,[ 0.67503147 -0.34296009],[-0.14144805 -0.00644737],[-0.28888766  0.95175243],[-0.16298846 -0.02431757]
3655,3.6549999999997085,[ 0.67488974 -0.34296559],[-0.14173693 -0.00549562],[-0.28883782  0.94738354],[-0.16292686 -0.02432406]
3656,3.6559999999997084,[ 0.67474771 -0.34297014],[-0.14202577 -0.00454823],[-0.28878741  0.94304342],[-0.1628652  -0.02433045]
3657,3.6569999999997083,[ 0.6746054  -0.34297374],[-0.14231456 -0.00360519],[-0.28873643  0.9387319 ],[-0.16280346 -0.02433674]
3658,3.657999999999708,[ 0.67446279 -0.34297641],[-0.1426033  -0.00266646],[-0.28868489  0.93444877],[-0.16274166 -0.02434291]
3659,3.658999999999708,[ 0.6743199  -0.34297814],[-0.14289198 -0.00173201],[-0.28863279  0.93019385],[-0.16267978 -0.02434898]
3660,3.659999999999708,[ 0.67417672 -0.34297894],[-0.14318061 -0.00080182],[-0.28858013  0.92596695],[-0.16261784 -0.02435495]
3661,3.660999999999708,[ 0.67403325 -0.34297882],[-1.43469194e-01  1.24151248e-04],[-0.28852692  0.92176789],[-0.16255583 -0.02436081]
3662,3.6619999999997077,[ 0.67388949 -0.34297777],[-0.14375772  0.00104592],[-0.28847316  0.91759648],[-0.16249374 -0.02436657]
3663,3.6629999999997076,[ 0.67374545 -0.34297581],[-0.14404619  0.00196352],[-0.28841885  0.91345254],[-0.16243159 -0.02437222]
3664,3.6639999999997075,[ 0.67360111 -0.34297293],[-0.14433461  0.00287697],[-0.28836399  0.90933588],[-0.16236937 -0.02437777]
3665,3.6649999999997074,[ 0.67345649 -0.34296915],[-0.14462298  0.0037863 ],[-0.2883086   0.90524633],[-0.16230708 -0.02438322]
3666,3.6659999999997073,[ 0.67331158 -0.34296446],[-0.14491129  0.00469155],[-0.28825267  0.9011837 ],[-0.16224473 -0.02438856]
3667,3.666999999999707,[ 0.67316638 -0.34295886],[-0.14519954  0.00559273],[-0.2881962   0.89714781],[-0.1621823  -0.02439381]
3668,3.667999999999707,[ 0.67302089 -0.34295237],[-0.14548773  0.00648988],[-0.2881392   0.89313849],[-0.16211981 -0.02439895]
3669,3.668999999999707,[ 0.67287511 -0.34294499],[-0.14577587  0.00738302],[-0.28808167  0.88915555],[-0.16205724 -0.02440399]
3670,3.669999999999707,[ 0.67272905 -0.34293672],[-0.14606396  0.00827218],[-0.28802361  0.88519884],[-0.16199461 -0.02440893]
3671,3.6709999999997067,[ 0.6725827  -0.34292756],[-0.14635198  0.00915737],[-0.28796504  0.88126816],[-0.16193191 -0.02441378]
3672,3.6719999999997066,[ 0.67243606 -0.34291752],[-0.14663994  0.01003864],[-0.28790594  0.87736335],[-0.16186915 -0.02441852]
3673,3.6729999999997065,[ 0.67228913 -0.34290661],[-0.14692785  0.01091601],[-0.28784632  0.87348424],[-0.16180631 -0.02442317]
3674,3.6739999999997064,[ 0.67214191 -0.34289482],[-0.1472157   0.01178949],[-0.28778619  0.86963065],[-0.16174341 -0.02442772]
3675,3.6749999999997063,[ 0.67199441 -0.34288216],[-0.14750348  0.01265912],[-0.28772555  0.86580241],[-0.16168044 -0.02443217]
3676,3.675999999999706,[ 0.67184662 -0.34286863],[-0.14779121  0.01352492],[-0.2876644   0.86199936],[-0.1616174  -0.02443652]
3677,3.676999999999706,[ 0.67169854 -0.34285425],[-0.14807887  0.01438692],[-0.28760275  0.85822133],[-0.1615543  -0.02444078]
3678,3.677999999999706,[ 0.67155017 -0.342839  ],[-0.14836648  0.01524514],[-0.28754059  0.85446816],[-0.16149112 -0.02444494]
3679,3.678999999999706,[ 0.67140152 -0.3428229 ],[-0.14865402  0.01609961],[-0.28747793  0.85073967],[-0.16142789 -0.02444901]
3680,3.6799999999997057,[ 0.67125258 -0.34280595],[-0.14894149  0.01695035],[-0.28741478  0.8470357 ],[-0.16136458 -0.02445298]
3681,3.6809999999997056,[ 0.67110335 -0.34278815],[-0.14922891  0.01779739],[-0.28735113  0.8433561 ],[-0.16130121 -0.02445686]
3682,3.6819999999997055,[ 0.67095383 -0.34276951],[-0.14951626  0.01864074],[-0.28728699  0.83970069],[-0.16123777 -0.02446064]
3683,3.6829999999997054,[ 0.67080403 -0.34275003],[-0.14980355  0.01948044],[-0.28722236  0.83606933],[-0.16117426 -0.02446433]
3684,3.6839999999997053,[ 0.67065394 -0.34272972],[-0.15009077  0.02031651],[-0.28715724  0.83246184],[-0.16111069 -0.02446793]
3685,3.684999999999705,[ 0.67050356 -0.34270857],[-0.15037793  0.02114898],[-0.28709164  0.82887807],[-0.16104705 -0.02447143]
3686,3.685999999999705,[ 0.6703529  -0.34268659],[-0.15066502  0.02197785],[-0.28702556  0.82531786],[-0.16098334 -0.02447484]
3687,3.686999999999705,[ 0.67020194 -0.34266379],[-0.15095204  0.02280317],[-0.286959    0.82178106],[-0.16091957 -0.02447816]
3688,3.687999999999705,[ 0.67005071 -0.34264016],[-0.151239    0.02362495],[-0.28689197  0.8182675 ],[-0.16085573 -0.02448139]
3689,3.6889999999997047,[ 0.66989918 -0.34261572],[-0.15152589  0.02444322],[-0.28682447  0.81477705],[-0.16079183 -0.02448453]
3690,3.6899999999997046,[ 0.66974737 -0.34259046],[-0.15181272  0.025258  ],[-0.28675649  0.81130953],[-0.16072786 -0.02448758]
3691,3.6909999999997045,[ 0.66959527 -0.34256439],[-0.15209948  0.02606931],[-0.28668805  0.80786481],[-0.16066383 -0.02449054]
3692,3.6919999999997044,[ 0.66944288 -0.34253751],[-0.15238616  0.02687717],[-0.28661914  0.80444272],[-0.16059972 -0.02449341]
3693,3.6929999999997043,[ 0.66929021 -0.34250983],[-0.15267278  0.02768161],[-0.28654977  0.80104312],[-0.16053556 -0.02449619]
3694,3.693999999999704,[ 0.66913725 -0.34248135],[-0.15295933  0.02848266],[-0.28647994  0.79766586],[-0.16047133 -0.02449888]
3695,3.694999999999704,[ 0.668984   -0.34245207],[-0.15324581  0.02928032],[-0.28640965  0.79431079],[-0.16040703 -0.02450148]
3696,3.695999999999704,[ 0.66883047 -0.34242199],[-0.15353222  0.03007463],[-0.28633891  0.79097776],[-0.16034267 -0.024504  ]
3697,3.696999999999704,[ 0.66867665 -0.34239113],[-0.15381856  0.03086561],[-0.28626772  0.78766663],[-0.16027824 -0.02450643]
3698,3.6979999999997037,[ 0.66852255 -0.34235947],[-0.15410483  0.03165328],[-0.28619607  0.78437724],[-0.16021375 -0.02450877]
3699,3.6989999999997036,[ 0.66836816 -0.34232704],[-0.15439102  0.03243766],[-0.28612398  0.78110947],[-0.16014919 -0.02451102]
3700,3.6999999999997035,[ 0.66821348 -0.34229382],[-0.15467715  0.03321877],[-0.28605145  0.77786315],[-0.16008457 -0.02451319]
3701,3.7009999999997034,[ 0.66805852 -0.34225982],[-0.1549632   0.03399663],[-0.28597847  0.77463816],[-0.16001989 -0.02451528]
3702,3.7019999999997033,[ 0.66790327 -0.34222505],[-0.15524918  0.03477127],[-0.28590505  0.77143434],[-0.15995514 -0.02451728]
3703,3.702999999999703,[ 0.66774773 -0.34218951],[-0.15553508  0.0355427 ],[-0.2858312   0.76825156],[-0.15989032 -0.02451919]
3704,3.703999999999703,[ 0.66759191 -0.3421532 ],[-0.15582092  0.03631095],[-0.28575691  0.76508968],[-0.15982545 -0.02452102]
3705,3.704999999999703,[ 0.6674358  -0.34211612],[-0.15610667  0.03707604],[-0.28568219  0.76194855],[-0.1597605  -0.02452277]
3706,3.705999999999703,[ 0.66727941 -0.34207828],[-0.15639235  0.03783799],[-0.28560704  0.75882805],[-0.1596955  -0.02452443]
3707,3.7069999999997028,[ 0.66712273 -0.34203969],[-0.15667796  0.03859682],[-0.28553146  0.75572803],[-0.15963043 -0.02452601]
3708,3.7079999999997026,[ 0.66696577 -0.34200033],[-0.15696349  0.03935255],[-0.28545545  0.75264836],[-0.15956529 -0.02452751]
3709,3.7089999999997025,[ 0.66680852 -0.34196023],[-0.15724895  0.0401052 ],[-0.28537902  0.7495889 ],[-0.1595001  -0.02452893]
3710,3.7099999999997024,[ 0.66665099 -0.34191937],[-0.15753433  0.04085478],[-0.28530217  0.74654952],[-0.15943484 -0.02453026]
3711,3.7109999999997023,[ 0.66649317 -0.34187777],[-0.15781963  0.04160133],[-0.2852249   0.74353008],[-0.15936951 -0.02453151]
3712,3.711999999999702,[ 0.66633506 -0.34183543],[-0.15810485  0.04234486],[-0.28514722  0.74053046],[-0.15930413 -0.02453268]
3713,3.712999999999702,[ 0.66617667 -0.34179234],[-0.15839     0.04308539],[-0.28506912  0.73755051],[-0.15923868 -0.02453378]
3714,3.713999999999702,[ 0.666018   -0.34174852],[-0.15867507  0.04382294],[-0.28499061  0.73459012],[-0.15917316 -0.02453479]
3715,3.714999999999702,[ 0.66585904 -0.34170396],[-0.15896006  0.04455753],[-0.28491169  0.73164914],[-0.15910759 -0.02453572]
3716,3.7159999999997018,[ 0.66569979 -0.34165867],[-0.15924497  0.04528918],[-0.28483236  0.72872746],[-0.15904195 -0.02453657]
3717,3.7169999999997017,[ 0.66554026 -0.34161265],[-0.15952981  0.04601791],[-0.28475263  0.72582493],[-0.15897625 -0.02453734]
3718,3.7179999999997015,[ 0.66538045 -0.34156591],[-0.15981456  0.04674374],[-0.28467249  0.72294144],[-0.15891048 -0.02453803]
3719,3.7189999999997014,[ 0.66522035 -0.34151844],[-0.16009923  0.04746668],[-0.28459195  0.72007686],[-0.15884466 -0.02453865]
3720,3.7199999999997013,[ 0.66505997 -0.34147026],[-0.16038382  0.04818675],[-0.28451102  0.71723107],[-0.15877877 -0.02453918]
3721,3.720999999999701,[ 0.6648993  -0.34142135],[-0.16066833  0.04890399],[-0.28442969  0.71440393],[-0.15871282 -0.02453964]
3722,3.721999999999701,[ 0.66473834 -0.34137173],[-0.16095276  0.04961839],[-0.28434796  0.71159532],[-0.15864681 -0.02454002]
3723,3.722999999999701,[ 0.66457711 -0.3413214 ],[-0.16123711  0.05032998],[-0.28426584  0.70880513],[-0.15858073 -0.02454033]
3724,3.723999999999701,[ 0.66441559 -0.34127037],[-0.16152138  0.05103879],[-0.28418333  0.70603322],[-0.1585146  -0.02454056]
3725,3.7249999999997008,[ 0.66425378 -0.34121862],[-0.16180556  0.05174482],[-0.28410044  0.70327948],[-0.1584484  -0.02454071]
3726,3.7259999999997007,[ 0.66409169 -0.34116617],[-0.16208966  0.0524481 ],[-0.28401716  0.70054379],[-0.15838214 -0.02454079]
3727,3.7269999999997006,[ 0.66392932 -0.34111302],[-0.16237368  0.05314865],[-0.28393349  0.69782602],[-0.15831582 -0.02454079]
3728,3.7279999999997004,[ 0.66376666 -0.34105918],[-0.16265761  0.05384647],[-0.28384944  0.69512606],[-0.15824943 -0.02454071]
3729,3.7289999999997003,[ 0.66360372 -0.34100464],[-0.16294146  0.0545416 ],[-0.28376501  0.69244378],[-0.15818299 -0.02454056]
3730,3.7299999999997,[ 0.66344049 -0.3409494 ],[-0.16322523  0.05523404],[-0.28368021  0.68977908],[-0.15811649 -0.02454034]
3731,3.7309999999997,[ 0.66327698 -0.34089348],[-0.16350891  0.05592382],[-0.28359503  0.68713183],[-0.15804992 -0.02454004]
3732,3.7319999999997,[ 0.66311319 -0.34083687],[-0.1637925   0.05661095],[-0.28350947  0.68450192],[-0.15798329 -0.02453967]
3733,3.7329999999997,[ 0.66294912 -0.34077957],[-0.16407601  0.05729546],[-0.28342355  0.68188923],[-0.15791661 -0.02453923]
3734,3.7339999999997,[ 0.66278476 -0.34072159],[-0.16435943  0.05797734],[-0.28333725  0.67929365],[-0.15784986 -0.02453871]
3735,3.7349999999996997,[ 0.66262011 -0.34066294],[-0.16464277  0.05865664],[-0.28325059  0.67671507],[-0.15778305 -0.02453812]
3736,3.7359999999996996,[ 0.66245519 -0.3406036 ],[-0.16492602  0.05933335],[-0.28316356  0.67415336],[-0.15771618 -0.02453746]
3737,3.7369999999996995,[ 0.66228998 -0.3405436 ],[-0.16520919  0.06000751],[-0.28307616  0.67160842],[-0.15764925 -0.02453672]
3738,3.7379999999996993,[ 0.66212449 -0.34048292],[-0.16549226  0.06067911],[-0.28298841  0.66908015],[-0.15758226 -0.02453591]
3739,3.7389999999996992,[ 0.66195871 -0.34042157],[-0.16577525  0.0613482 ],[-0.28290029  0.66656841],[-0.15751522 -0.02453504]
3740,3.739999999999699,[ 0.66179265 -0.34035955],[-0.16605815  0.06201476],[-0.28281182  0.66407312],[-0.15744811 -0.02453409]
3741,3.740999999999699,[ 0.66162631 -0.34029688],[-0.16634096  0.06267884],[-0.28272299  0.66159415],[-0.15738094 -0.02453307]
3742,3.741999999999699,[ 0.66145969 -0.34023354],[-0.16662368  0.06334043],[-0.28263381  0.6591314 ],[-0.15731371 -0.02453198]
3743,3.742999999999699,[ 0.66129278 -0.34016954],[-0.16690632  0.06399956],[-0.28254427  0.65668476],[-0.15724642 -0.02453081]
3744,3.7439999999996987,[ 0.66112559 -0.34010488],[-0.16718886  0.06465625],[-0.28245438  0.65425413],[-0.15717907 -0.02452958]
3745,3.7449999999996986,[ 0.66095812 -0.34003957],[-0.16747132  0.0653105 ],[-0.28236415  0.65183939],[-0.15711167 -0.02452828]
3746,3.7459999999996985,[ 0.66079037 -0.33997361],[-0.16775368  0.06596234],[-0.28227357  0.64944044],[-0.1570442  -0.02452691]
3747,3.7469999999996983,[ 0.66062233 -0.339907  ],[-0.16803596  0.06661178],[-0.28218264  0.64705718],[-0.15697667 -0.02452548]
3748,3.7479999999996982,[ 0.66045401 -0.33983974],[-0.16831814  0.06725884],[-0.28209137  0.6446895 ],[-0.15690909 -0.02452397]
3749,3.748999999999698,[ 0.66028541 -0.33977183],[-0.16860023  0.06790353],[-0.28199976  0.6423373 ],[-0.15684145 -0.02452239]
3750,3.749999999999698,[ 0.66011653 -0.33970329],[-0.16888223  0.06854586],[-0.2819078   0.64000048],[-0.15677374 -0.02452075]
3751,3.750999999999698,[ 0.65994737 -0.3396341 ],[-0.16916414  0.06918587],[-0.28181551  0.63767893],[-0.15670598 -0.02451904]
3752,3.751999999999698,[ 0.65977792 -0.33956428],[-0.16944595  0.06982354],[-0.28172289  0.63537255],[-0.15663816 -0.02451726]
3753,3.7529999999996977,[ 0.65960819 -0.33949382],[-0.16972768  0.07045892],[-0.28162993  0.63308124],[-0.15657029 -0.02451542]
3754,3.7539999999996976,[ 0.65943818 -0.33942273],[-0.17000931  0.071092  ],[-0.28153664  0.6308049 ],[-0.15650235 -0.02451351]
3755,3.7549999999996975,[ 0.65926789 -0.339351  ],[-0.17029084  0.0717228 ],[-0.28144301  0.62854343],[-0.15643436 -0.02451153]
3756,3.7559999999996974,[ 0.65909732 -0.33927865],[-0.17057228  0.07235135],[-0.28134906  0.62629673],[-0.1563663  -0.02450948]
3757,3.7569999999996972,[ 0.65892647 -0.33920567],[-0.17085363  0.07297764],[-0.28125478  0.62406471],[-0.15629819 -0.02450737]
3758,3.757999999999697,[ 0.65875533 -0.33913207],[-0.17113489  0.07360171],[-0.28116018  0.62184726],[-0.15623002 -0.0245052 ]
3759,3.758999999999697,[ 0.65858392 -0.33905785],[-0.17141605  0.07422356],[-0.28106525  0.61964429],[-0.1561618  -0.02450295]
3760,3.759999999999697,[ 0.65841222 -0.33898301],[-0.17169711  0.0748432 ],[-0.28097    0.6174557],[-0.15609352 -0.02450065]
3761,3.760999999999697,[ 0.65824024 -0.33890755],[-0.17197808  0.07546066],[-0.28087443  0.61528139],[-0.15602517 -0.02449827]
3762,3.7619999999996967,[ 0.65806798 -0.33883147],[-0.17225896  0.07607594],[-0.28077854  0.61312128],[-0.15595678 -0.02449584]
3763,3.7629999999996966,[ 0.65789544 -0.33875478],[-0.17253974  0.07668906],[-0.28068233  0.61097527],[-0.15588832 -0.02449334]
3764,3.7639999999996965,[ 0.65772262 -0.33867748],[-0.17282042  0.07730003],[-0.2805858   0.60884326],[-0.15581981 -0.02449077]
3765,3.7649999999996964,[ 0.65754952 -0.33859957],[-0.17310101  0.07790888],[-0.28048897  0.60672515],[-0.15575124 -0.02448815]
3766,3.7659999999996963,[ 0.65737614 -0.33852106],[-0.17338149  0.0785156 ],[-0.28039182  0.60462087],[-0.15568261 -0.02448545]
3767,3.766999999999696,[ 0.65720248 -0.33844194],[-0.17366189  0.07912022],[-0.28029436  0.60253031],[-0.15561393 -0.0244827 ]
3768,3.767999999999696,[ 0.65702854 -0.33836221],[-0.17394218  0.07972275],[-0.28019659  0.60045338],[-0.15554519 -0.02447988]
3769,3.768999999999696,[ 0.65685431 -0.33828189],[-0.17422238  0.08032321],[-0.28009851  0.59839   ],[-0.15547639 -0.024477  ]
3770,3.769999999999696,[ 0.65667981 -0.33820097],[-0.17450248  0.0809216 ],[-0.28000013  0.59634007],[-0.15540754 -0.02447406]
3771,3.7709999999996957,[ 0.65650503 -0.33811945],[-0.17478248  0.08151794],[-0.27990144  0.5943035 ],[-0.15533863 -0.02447106]
3772,3.7719999999996956,[ 0.65632997 -0.33803734],[-0.17506238  0.08211224],[-0.27980245  0.5922802 ],[-0.15526966 -0.02446799]
3773,3.7729999999996955,[ 0.65615462 -0.33795463],[-0.17534218  0.08270452],[-0.27970316  0.59027009],[-0.15520064 -0.02446486]
3774,3.7739999999996954,[ 0.655979   -0.33787134],[-0.17562188  0.08329479],[-0.27960357  0.58827308],[-0.15513156 -0.02446167]
3775,3.7749999999996953,[ 0.6558031  -0.33778746],[-0.17590149  0.08388306],[-0.27950368  0.58628908],[-0.15506242 -0.02445842]
3776,3.775999999999695,[ 0.65562692 -0.33770299],[-0.17618099  0.08446935],[-0.27940349  0.584318  ],[-0.15499323 -0.02445511]
3777,3.776999999999695,[ 0.65545046 -0.33761793],[-0.17646039  0.08505367],[-0.27930301  0.58235976],[-0.15492399 -0.02445174]
3778,3.777999999999695,[ 0.65527372 -0.3375323 ],[-0.1767397   0.08563603],[-0.27920224  0.58041427],[-0.15485469 -0.02444831]
3779,3.778999999999695,[ 0.6550967  -0.33744608],[-0.1770189   0.08621644],[-0.27910117  0.57848145],[-0.15478533 -0.02444481]
3780,3.7799999999996947,[ 0.6549194  -0.33735929],[-0.177298    0.08679493],[-0.27899982  0.57656121],[-0.15471592 -0.02444126]
3781,3.7809999999996946,[ 0.65474183 -0.33727191],[-0.177577    0.08737149],[-0.27889817  0.57465347],[-0.15464645 -0.02443765]
3782,3.7819999999996945,[ 0.65456397 -0.33718397],[-0.1778559   0.08794614],[-0.27879624  0.57275815],[-0.15457693 -0.02443398]
3783,3.7829999999996944,[ 0.65438583 -0.33709545],[-0.17813469  0.0885189 ],[-0.27869402  0.57087515],[-0.15450735 -0.02443025]
3784,3.7839999999996943,[ 0.65420742 -0.33700636],[-0.17841339  0.08908977],[-0.27859151  0.56900441],[-0.15443772 -0.02442646]
3785,3.784999999999694,[ 0.65402873 -0.3369167 ],[-0.17869198  0.08965878],[-0.27848873  0.56714584],[-0.15436803 -0.02442262]
3786,3.785999999999694,[ 0.65384976 -0.33682647],[-0.17897047  0.09022592],[-0.27838566  0.56529935],[-0.15429829 -0.02441871]
3787,3.786999999999694,[ 0.65367051 -0.33673568],[-0.17924885  0.09079122],[-0.27828231  0.56346487],[-0.1542285  -0.02441475]
3788,3.787999999999694,[ 0.65349098 -0.33664433],[-0.17952714  0.09135469],[-0.27817868  0.56164232],[-0.15415865 -0.02441072]
3789,3.7889999999996937,[ 0.65331118 -0.33655241],[-0.17980531  0.09191633],[-0.27807477  0.55983161],[-0.15408874 -0.02440665]
3790,3.7899999999996936,[ 0.65313109 -0.33645994],[-0.18008339  0.09247616],[-0.27797059  0.55803268],[-0.15401878 -0.02440251]
3791,3.7909999999996935,[ 0.65295073 -0.3363669 ],[-0.18036136  0.09303419],[-0.27786614  0.55624543],[-0.15394877 -0.02439831]
3792,3.7919999999996934,[ 0.65277009 -0.33627331],[-0.18063923  0.09359044],[-0.27776141  0.55446979],[-0.1538787  -0.02439406]
3793,3.7929999999996933,[ 0.65258918 -0.33617917],[-0.18091699  0.09414491],[-0.27765641  0.55270569],[-0.15380858 -0.02438976]
3794,3.793999999999693,[ 0.65240798 -0.33608447],[-0.18119464  0.09469762],[-0.27755113  0.55095304],[-0.15373841 -0.02438539]
3795,3.794999999999693,[ 0.65222651 -0.33598922],[-0.1814722   0.09524857],[-0.27744559  0.54921178],[-0.15366818 -0.02438097]
3796,3.795999999999693,[ 0.65204476 -0.33589342],[-0.18174964  0.09579778],[-0.27733978  0.54748182],[-0.1535979 -0.0243765]
3797,3.796999999999693,[ 0.65186273 -0.33579708],[-0.18202698  0.09634526],[-0.27723371  0.54576309],[-0.15352756 -0.02437196]
3798,3.7979999999996927,[ 0.65168043 -0.33570019],[-0.18230421  0.09689103],[-0.27712737  0.54405552],[-0.15345717 -0.02436738]
3799,3.7989999999996926,[ 0.65149785 -0.33560275],[-0.18258134  0.09743508],[-0.27702077  0.54235902],[-0.15338673 -0.02436273]
3800,3.7999999999996925,[ 0.65131499 -0.33550477],[-0.18285836  0.09797744],[-0.2769139   0.54067353],[-0.15331624 -0.02435803]
3801,3.8009999999996924,[ 0.65113185 -0.33540626],[-0.18313528  0.09851811],[-0.27680677  0.53899898],[-0.15324569 -0.02435328]
3802,3.8019999999996923,[ 0.65094844 -0.3353072 ],[-0.18341208  0.09905711],[-0.27669939  0.53733528],[-0.15317509 -0.02434847]
3803,3.802999999999692,[ 0.65076475 -0.3352076 ],[-0.18368878  0.09959445],[-0.27659174  0.53568237],[-0.15310444 -0.02434361]
3804,3.803999999999692,[ 0.65058079 -0.33510747],[-0.18396537  0.10013013],[-0.27648384  0.53404017],[-0.15303373 -0.02433869]
3805,3.804999999999692,[ 0.65039655 -0.33500681],[-0.18424186  0.10066417],[-0.27637568  0.53240862],[-0.15296297 -0.02433372]
3806,3.805999999999692,[ 0.65021203 -0.33490561],[-0.18451823  0.10119658],[-0.27626727  0.53078764],[-0.15289216 -0.0243287 ]
3807,3.8069999999996917,[ 0.65002723 -0.33480389],[-0.1847945   0.10172737],[-0.2761586   0.52917716],[-0.1528213  -0.02432362]
3808,3.8079999999996916,[ 0.64984216 -0.33470163],[-0.18507066  0.10225654],[-0.27604968  0.52757711],[-0.15275038 -0.02431848]
3809,3.8089999999996915,[ 0.64965682 -0.33459885],[-0.18534671  0.10278412],[-0.27594051  0.52598743],[-0.15267942 -0.0243133 ]
3810,3.8099999999996914,[ 0.64947119 -0.33449553],[-0.18562265  0.10331011],[-0.2758311   0.52440803],[-0.1526084  -0.02430806]
3811,3.8109999999996913,[ 0.64928529 -0.3343917 ],[-0.18589848  0.10383452],[-0.27572143  0.52283887],[-0.15253733 -0.02430277]
3812,3.811999999999691,[ 0.64909912 -0.33428734],[-0.1861742   0.10435735],[-0.27561152  0.52127985],[-0.1524662  -0.02429742]
3813,3.812999999999691,[ 0.64891267 -0.33418246],[-0.18644981  0.10487863],[-0.27550136  0.51973093],[-0.15239503 -0.02429203]
3814,3.813999999999691,[ 0.64872595 -0.33407707],[-0.18672532  0.10539837],[-0.27539095  0.51819202],[-0.1523238  -0.02428658]
3815,3.814999999999691,[ 0.64853894 -0.33397115],[-0.18700071  0.10591656],[-0.27528031  0.51666307],[-0.15225253 -0.02428107]
3816,3.8159999999996908,[ 0.64835167 -0.33386472],[-0.18727599  0.10643322],[-0.27516942  0.515144  ],[-0.1521812  -0.02427552]
3817,3.8169999999996906,[ 0.64816412 -0.33375777],[-0.18755116  0.10694836],[-0.27505829  0.51363475],[-0.15210982 -0.02426992]
3818,3.8179999999996905,[ 0.64797629 -0.33365031],[-0.18782621  0.107462  ],[-0.27494692  0.51213526],[-0.15203839 -0.02426426]
3819,3.8189999999996904,[ 0.64778819 -0.33354233],[-0.18810116  0.10797413],[-0.27483531  0.51064546],[-0.15196691 -0.02425855]
3820,3.8199999999996903,[ 0.64759981 -0.33343385],[-0.188376    0.10848478],[-0.27472346  0.50916528],[-0.15189538 -0.02425279]
3821,3.82099999999969,[ 0.64741116 -0.33332485],[-0.18865072  0.10899395],[-0.27461138  0.50769466],[-0.15182379 -0.02424698]
3822,3.82199999999969,[ 0.64722224 -0.33321535],[-0.18892533  0.10950164],[-0.27449907  0.50623354],[-0.15175216 -0.02424112]
3823,3.82299999999969,[ 0.64703304 -0.33310534],[-0.18919983  0.11000787],[-0.27438652  0.50478185],[-0.15168048 -0.02423521]
3824,3.82399999999969,[ 0.64684356 -0.33299483],[-0.18947422  0.11051266],[-0.27427373  0.50333953],[-0.15160874 -0.02422925]
3825,3.8249999999996898,[ 0.64665382 -0.33288381],[-0.18974849  0.111016  ],[-0.27416072  0.50190652],[-0.15153696 -0.02422323]
3826,3.8259999999996896,[ 0.64646379 -0.3327723 ],[-0.19002265  0.1115179 ],[-0.27404747  0.50048275],[-0.15146513 -0.02421717]
3827,3.8269999999996895,[ 0.6462735  -0.33266028],[-0.1902967   0.11201838],[-0.273934    0.49906817],[-0.15139324 -0.02421106]
3828,3.8279999999996894,[ 0.64608293 -0.33254776],[-0.19057063  0.11251745],[-0.2738203  0.4976627],[-0.15132131 -0.0242049 ]
3829,3.8289999999996893,[ 0.64589208 -0.33243475],[-0.19084445  0.11301512],[-0.27370637  0.4962663 ],[-0.15124932 -0.02419869]
3830,3.829999999999689,[ 0.64570096 -0.33232123],[-0.19111816  0.11351138],[-0.27359222  0.49487889],[-0.15117729 -0.02419243]
3831,3.830999999999689,[ 0.64550957 -0.33220723],[-0.19139175  0.11400626],[-0.27347784  0.49350043],[-0.15110521 -0.02418612]
3832,3.831999999999689,[ 0.64531791 -0.33209273],[-0.19166523  0.11449976],[-0.27336323  0.49213084],[-0.15103307 -0.02417976]
3833,3.832999999999689,[ 0.64512597 -0.33197774],[-0.19193859  0.11499189],[-0.27324841  0.49077007],[-0.15096089 -0.02417335]
3834,3.8339999999996888,[ 0.64493376 -0.33186225],[-0.19221184  0.11548266],[-0.27313336  0.48941807],[-0.15088866 -0.02416689]
3835,3.8349999999996887,[ 0.64474127 -0.33174628],[-0.19248497  0.11597208],[-0.2730181   0.48807476],[-0.15081638 -0.02416039]
3836,3.8359999999996885,[ 0.64454851 -0.33162982],[-0.19275799  0.11646015],[-0.27290261  0.4867401 ],[-0.15074405 -0.02415384]
3837,3.8369999999996884,[ 0.64435548 -0.33151287],[-0.1930309   0.11694689],[-0.27278691  0.48541403],[-0.15067168 -0.02414723]
3838,3.8379999999996883,[ 0.64416218 -0.33139544],[-0.19330368  0.11743231],[-0.27267099  0.48409648],[-0.15059925 -0.02414058]
3839,3.838999999999688,[ 0.6439686  -0.33127753],[-0.19357635  0.11791641],[-0.27255485  0.4827874 ],[-0.15052677 -0.02413389]
3840,3.839999999999688,[ 0.64377475 -0.33115913],[-0.19384891  0.11839919],[-0.2724385   0.48148674],[-0.15045425 -0.02412714]
3841,3.840999999999688,[ 0.64358063 -0.33104025],[-0.19412135  0.11888068],[-0.27232193  0.48019444],[-0.15038168 -0.02412035]
3842,3.841999999999688,[ 0.64338624 -0.33092089],[-0.19439367  0.11936087],[-0.27220515  0.47891043],[-0.15030906 -0.02411351]
3843,3.8429999999996878,[ 0.64319157 -0.33080105],[-0.19466587  0.11983978],[-0.27208816  0.47763467],[-0.15023639 -0.02410662]
3844,3.8439999999996877,[ 0.64299663 -0.33068073],[-0.19493796  0.12031742],[-0.27197096  0.47636711],[-0.15016367 -0.02409969]
3845,3.8449999999996876,[ 0.64280142 -0.33055993],[-0.19520993  0.12079379],[-0.27185355  0.47510768],[-0.15009091 -0.02409271]
3846,3.8459999999996874,[ 0.64260594 -0.33043867],[-0.19548179  0.12126889],[-0.27173593  0.47385633],[-0.15001809 -0.02408568]
3847,3.8469999999996873,[ 0.64241019 -0.33031692],[-0.19575352  0.12174275],[-0.27161811  0.472613  ],[-0.14994523 -0.02407861]
3848,3.8479999999996872,[ 0.64221416 -0.33019471],[-0.19602514  0.12221536],[-0.27150007  0.47137765],[-0.14987233 -0.02407149]
3849,3.848999999999687,[ 0.64201787 -0.33007202],[-0.19629664  0.12268674],[-0.27138184  0.47015022],[-0.14979937 -0.02406432]
3850,3.849999999999687,[ 0.6418213  -0.32994886],[-0.19656802  0.12315689],[-0.27126339  0.46893066],[-0.14972637 -0.02405711]
3851,3.850999999999687,[ 0.64162446 -0.32982524],[-0.19683929  0.12362582],[-0.27114475  0.4677189 ],[-0.14965332 -0.02404985]
3852,3.851999999999687,[ 0.64142735 -0.32970114],[-0.19711043  0.12409354],[-0.2710259   0.46651491],[-0.14958022 -0.02404255]
3853,3.8529999999996867,[ 0.64122997 -0.32957658],[-0.19738146  0.12456006],[-0.27090685  0.46531863],[-0.14950707 -0.0240352 ]
3854,3.8539999999996866,[ 0.64103232 -0.32945156],[-0.19765236  0.12502537],[-0.27078759  0.46413   ],[-0.14943388 -0.0240278 ]
3855,3.8549999999996865,[ 0.64083439 -0.32932607],[-0.19792315  0.1254895 ],[-0.27066814  0.46294898],[-0.14936064 -0.02402036]
3856,3.8559999999996863,[ 0.6406362  -0.32920012],[-0.19819382  0.12595245],[-0.27054849  0.46177552],[-0.14928736 -0.02401288]
3857,3.8569999999996862,[ 0.64043773 -0.3290737 ],[-0.19846437  0.12641423],[-0.27042865  0.46060956],[-0.14921403 -0.02400535]
3858,3.857999999999686,[ 0.640239   -0.32894683],[-0.1987348   0.12687484],[-0.2703086   0.45945105],[-0.14914065 -0.02399777]
3859,3.858999999999686,[ 0.64003999 -0.32881949],[-0.1990051   0.12733429],[-0.27018836  0.45829994],[-0.14906723 -0.02399015]
3860,3.859999999999686,[ 0.63984072 -0.3286917 ],[-0.19927529  0.12779259],[-0.27006793  0.45715619],[-0.14899375 -0.02398249]
3861,3.860999999999686,[ 0.63964117 -0.32856345],[-0.19954536  0.12824975],[-0.2699473   0.45601974],[-0.14892024 -0.02397478]
3862,3.8619999999996857,[ 0.63944136 -0.32843475],[-0.19981531  0.12870576],[-0.26982648  0.45489054],[-0.14884667 -0.02396703]
3863,3.8629999999996856,[ 0.63924127 -0.32830558],[-0.20008513  0.12916066],[-0.26970546  0.45376855],[-0.14877307 -0.02395923]
3864,3.8639999999996855,[ 0.63904092 -0.32817597],[-0.20035484  0.12961442],[-0.26958426  0.45265372],[-0.14869941 -0.02395139]
3865,3.8649999999996854,[ 0.63884029 -0.3280459 ],[-0.20062442  0.13006708],[-0.26946287  0.45154599],[-0.14862571 -0.0239435 ]
3866,3.8659999999996852,[ 0.6386394  -0.32791538],[-0.20089389  0.13051862],[-0.26934128  0.45044533],[-0.14855196 -0.02393557]
3867,3.866999999999685,[ 0.63843824 -0.32778442],[-0.20116323  0.13096907],[-0.26921951  0.44935168],[-0.14847817 -0.0239276 ]
3868,3.867999999999685,[ 0.6382368 -0.327653 ],[-0.20143245  0.13141842],[-0.26909755  0.448265  ],[-0.14840434 -0.02391959]
3869,3.868999999999685,[ 0.6380351  -0.32752113],[-0.20170155  0.13186669],[-0.2689754   0.44718524],[-0.14833045 -0.02391153]
3870,3.869999999999685,[ 0.63783313 -0.32738882],[-0.20197052  0.13231387],[-0.26885307  0.44611235],[-0.14825653 -0.02390342]
3871,3.8709999999996847,[ 0.63763089 -0.32725606],[-0.20223937  0.13275998],[-0.26873056  0.44504628],[-0.14818255 -0.02389528]
3872,3.8719999999996846,[ 0.63742838 -0.32712285],[-0.2025081   0.13320503],[-0.26860786  0.443987  ],[-0.14810854 -0.02388709]
3873,3.8729999999996845,[ 0.63722561 -0.3269892 ],[-0.20277671  0.13364902],[-0.26848498  0.44293445],[-0.14803447 -0.02387886]
3874,3.8739999999996844,[ 0.63702256 -0.32685511],[-0.2030452   0.13409195],[-0.26836191  0.44188859],[-0.14796037 -0.02387059]
3875,3.8749999999996843,[ 0.63681925 -0.32672058],[-0.20331356  0.13453384],[-0.26823867  0.44084938],[-0.14788622 -0.02386227]
3876,3.875999999999684,[ 0.63661567 -0.3265856 ],[-0.2035818   0.13497469],[-0.26811524  0.43981676],[-0.14781202 -0.02385391]
3877,3.876999999999684,[ 0.63641182 -0.32645019],[-0.20384991  0.13541451],[-0.26799164  0.4387907 ],[-0.14773778 -0.02384551]
3878,3.877999999999684,[ 0.6362077  -0.32631433],[-0.2041179  0.1358533],[-0.26786785  0.43777115],[-0.14766349 -0.02383707]
3879,3.878999999999684,[ 0.63600331 -0.32617804],[-0.20438577  0.13629107],[-0.26774389  0.43675807],[-0.14758916 -0.02382858]
3880,3.8799999999996837,[ 0.63579866 -0.32604132],[-0.20465352  0.13672783],[-0.26761975  0.43575141],[-0.14751479 -0.02382006]
3881,3.8809999999996836,[ 0.63559374 -0.32590415],[-0.20492114  0.13716358],[-0.26749544  0.43475113],[-0.14744038 -0.02381149]
3882,3.8819999999996835,[ 0.63538855 -0.32576655],[-0.20518863  0.13759833],[-0.26737095  0.43375719],[-0.14736591 -0.02380288]
3883,3.8829999999996834,[ 0.63518309 -0.32562852],[-0.205456    0.13803209],[-0.26724629  0.43276954],[-0.14729141 -0.02379423]
3884,3.8839999999996833,[ 0.63497737 -0.32549006],[-0.20572325  0.13846485],[-0.26712145  0.43178814],[-0.14721686 -0.02378553]
3885,3.884999999999683,[ 0.63477138 -0.32535116],[-0.20599037  0.13889664],[-0.26699644  0.43081295],[-0.14714227 -0.0237768 ]
3886,3.885999999999683,[ 0.63456512 -0.32521183],[-0.20625737  0.13932746],[-0.26687126  0.42984393],[-0.14706764 -0.02376802]
3887,3.886999999999683,[ 0.6343586  -0.32507208],[-0.20652424  0.1397573 ],[-0.26674591  0.42888104],[-0.14699296 -0.02375921]
3888,3.887999999999683,[ 0.63415181 -0.32493189],[-0.20679098  0.14018618],[-0.26662039  0.42792423],[-0.14691824 -0.02375035]
3889,3.8889999999996827,[ 0.63394475 -0.32479128],[-0.2070576   0.14061411],[-0.2664947   0.42697346],[-0.14684347 -0.02374145]
3890,3.8899999999996826,[ 0.63373743 -0.32465023],[-0.2073241   0.14104108],[-0.26636884  0.42602869],[-0.14676866 -0.02373251]
3891,3.8909999999996825,[ 0.63352984 -0.32450877],[-0.20759047  0.14146711],[-0.26624282  0.42508989],[-0.14669381 -0.02372353]
3892,3.8919999999996824,[ 0.63332198 -0.32436687],[-0.20785671  0.1418922 ],[-0.26611663  0.424157  ],[-0.14661892 -0.02371451]
3893,3.8929999999996823,[ 0.63311386 -0.32422456],[-0.20812283  0.14231635],[-0.26599027  0.42323   ],[-0.14654399 -0.02370545]
3894,3.893999999999682,[ 0.63290547 -0.32408182],[-0.20838882  0.14273958],[-0.26586374  0.42230884],[-0.14646901 -0.02369635]
3895,3.894999999999682,[ 0.63269681 -0.32393866],[-0.20865468  0.14316189],[-0.26573705  0.42139348],[-0.14639399 -0.02368721]
3896,3.895999999999682,[ 0.63248789 -0.32379507],[-0.20892042  0.14358329],[-0.2656102   0.42048388],[-0.14631893 -0.02367803]
3897,3.896999999999682,[ 0.63227871 -0.32365107],[-0.20918603  0.14400377],[-0.26548319  0.41958001],[-0.14624382 -0.02366881]
3898,3.8979999999996817,[ 0.63206925 -0.32350665],[-0.20945151  0.14442335],[-0.26535601  0.41868182],[-0.14616867 -0.02365955]
3899,3.8989999999996816,[ 0.63185954 -0.3233618 ],[-0.20971687  0.14484203],[-0.26522867  0.41778928],[-0.14609349 -0.02365026]
3900,3.8999999999996815,[ 0.63164956 -0.32321654],[-0.2099821   0.14525982],[-0.26510118  0.41690235],[-0.14601826 -0.02364092]
3901,3.9009999999996814,[ 0.63143931 -0.32307087],[-0.2102472   0.14567672],[-0.26497352  0.41602098],[-0.14594298 -0.02363154]
3902,3.9019999999996813,[ 0.6312288  -0.32292478],[-0.21051217  0.14609274],[-0.2648457   0.41514515],[-0.14586767 -0.02362212]
3903,3.902999999999681,[ 0.63101802 -0.32277827],[-0.21077702  0.14650789],[-0.26471773  0.41427481],[-0.14579231 -0.02361266]
3904,3.903999999999681,[ 0.63080698 -0.32263135],[-0.21104173  0.14692216],[-0.26458959  0.41340993],[-0.14571692 -0.02360317]
3905,3.904999999999681,[ 0.63059567 -0.32248401],[-0.21130632  0.14733557],[-0.26446131  0.41255047],[-0.14564148 -0.02359363]
3906,3.905999999999681,[ 0.6303841  -0.32233626],[-0.21157079  0.14774813],[-0.26433286  0.4116964 ],[-0.145566   -0.02358406]
3907,3.9069999999996807,[ 0.63017227 -0.3221881 ],[-0.21183512  0.14815982],[-0.26420426  0.41084767],[-0.14549048 -0.02357445]
3908,3.9079999999996806,[ 0.62996017 -0.32203953],[-0.21209932  0.14857067],[-0.26407551  0.41000425],[-0.14541492 -0.0235648 ]
3909,3.9089999999996805,[ 0.6297478  -0.32189055],[-0.2123634   0.14898067],[-0.2639466   0.40916611],[-0.14533932 -0.02355511]
3910,3.9099999999996804,[ 0.62953518 -0.32174116],[-0.21262734  0.14938984],[-0.26381754  0.4083332 ],[-0.14526368 -0.02354538]
3911,3.9109999999996803,[ 0.62932228 -0.32159136],[-0.21289116  0.14979817],[-0.26368833  0.4075055 ],[-0.14518799 -0.02353561]
3912,3.91199999999968,[ 0.62910913 -0.32144116],[-0.21315485  0.15020568],[-0.26355896  0.40668297],[-0.14511227 -0.02352581]
3913,3.91299999999968,[ 0.62889571 -0.32129054],[-0.21341841  0.15061236],[-0.26342945  0.40586557],[-0.14503651 -0.02351597]
3914,3.91399999999968,[ 0.62868203 -0.32113953],[-0.21368184  0.15101823],[-0.26329978  0.40505327],[-0.1449607  -0.02350609]
3915,3.91499999999968,[ 0.62846808 -0.3209881 ],[-0.21394514  0.15142328],[-0.26316997  0.40424603],[-0.14488486 -0.02349617]
3916,3.9159999999996797,[ 0.62825388 -0.32083628],[-0.21420831  0.15182753],[-0.26304001  0.40344382],[-0.14480897 -0.02348621]
3917,3.9169999999996796,[ 0.6280394  -0.32068404],[-0.21447135  0.15223097],[-0.2629099  0.4026466],[-0.14473305 -0.02347622]
3918,3.9179999999996795,[ 0.62782467 -0.32053141],[-0.21473426  0.15263362],[-0.26277964  0.40185435],[-0.14465708 -0.02346619]
3919,3.9189999999996794,[ 0.62760967 -0.32037838],[-0.21499704  0.15303547],[-0.26264924  0.40106702],[-0.14458108 -0.02345612]
3920,3.9199999999996793,[ 0.62739441 -0.32022494],[-0.21525969  0.15343654],[-0.26251869  0.40028458],[-0.14450504 -0.02344601]
3921,3.920999999999679,[ 0.62717889 -0.3200711 ],[-0.21552221  0.15383682],[-0.262388    0.39950701],[-0.14442895 -0.02343587]
3922,3.921999999999679,[ 0.62696311 -0.31991687],[-0.21578459  0.15423633],[-0.26225716  0.39873426],[-0.14435283 -0.02342569]
3923,3.922999999999679,[ 0.62674706 -0.31976223],[-0.21604685  0.15463506],[-0.26212618  0.39796631],[-0.14427667 -0.02341547]
3924,3.923999999999679,[ 0.62653075 -0.3196072 ],[-0.21630898  0.15503303],[-0.26199505  0.39720312],[-0.14420047 -0.02340521]
3925,3.9249999999996787,[ 0.62631418 -0.31945177],[-0.21657097  0.15543023],[-0.26186379  0.39644465],[-0.14412423 -0.02339492]
3926,3.9259999999996786,[ 0.62609735 -0.31929594],[-0.21683284  0.15582668],[-0.26173238  0.39569088],[-0.14404795 -0.02338459]
3927,3.9269999999996785,[ 0.62588025 -0.31913972],[-0.21709457  0.15622237],[-0.26160083  0.39494178],[-0.14397163 -0.02337422]
3928,3.9279999999996784,[ 0.6256629 -0.3189831],[-0.21735617  0.15661731],[-0.26146914  0.39419731],[-0.14389528 -0.02336382]
3929,3.9289999999996783,[ 0.62544528 -0.31882609],[-0.21761764  0.15701151],[-0.26133731  0.39345744],[-0.14381888 -0.02335338]
3930,3.929999999999678,[ 0.6252274  -0.31866868],[-0.21787898  0.15740497],[-0.26120534  0.39272215],[-0.14374245 -0.0233429 ]
3931,3.930999999999678,[ 0.62500926 -0.31851089],[-0.21814018  0.15779769],[-0.26107324  0.39199139],[-0.14366598 -0.02333239]
3932,3.931999999999678,[ 0.62479086 -0.3183527 ],[-0.21840125  0.15818968],[-0.260941    0.39126513],[-0.14358947 -0.02332184]
3933,3.932999999999678,[ 0.6245722  -0.31819412],[-0.2186622   0.15858094],[-0.26080862  0.39054336],[-0.14351292 -0.02331126]
3934,3.9339999999996778,[ 0.62435327 -0.31803514],[-0.218923    0.15897149],[-0.2606761   0.38982603],[-0.14343633 -0.02330064]
3935,3.9349999999996776,[ 0.62413409 -0.31787578],[-0.21918368  0.15936131],[-0.26054345  0.38911311],[-0.14335971 -0.02328998]
3936,3.9359999999996775,[ 0.62391465 -0.31771603],[-0.21944422  0.15975043],[-0.26041066  0.38840459],[-0.14328305 -0.02327929]
3937,3.9369999999996774,[ 0.62369494 -0.31755589],[-0.21970463  0.16013883],[-0.26027774  0.38770041],[-0.14320635 -0.02326856]
3938,3.9379999999996773,[ 0.62347498 -0.31739537],[-0.21996491  0.16052653],[-0.26014469  0.38700057],[-0.14312961 -0.02325779]
3939,3.938999999999677,[ 0.62325475 -0.31723445],[-0.22022506  0.16091353],[-0.2600115   0.38630502],[-0.14305284 -0.02324699]
3940,3.939999999999677,[ 0.62303427 -0.31707315],[-0.22048507  0.16129984],[-0.25987818  0.38561373],[-0.14297602 -0.02323616]
3941,3.940999999999677,[ 0.62281352 -0.31691147],[-0.22074495  0.16168545],[-0.25974473  0.38492669],[-0.14289917 -0.02322528]
3942,3.941999999999677,[ 0.62259252 -0.3167494 ],[-0.22100469  0.16207038],[-0.25961115  0.38424385],[-0.14282229 -0.02321438]
3943,3.9429999999996768,[ 0.62237125 -0.31658694],[-0.2212643   0.16245462],[-0.25947744  0.38356519],[-0.14274536 -0.02320344]
3944,3.9439999999996767,[ 0.62214973 -0.31642411],[-0.22152378  0.16283819],[-0.2593436   0.38289069],[-0.1426684  -0.02319246]
3945,3.9449999999996765,[ 0.62192794 -0.31626088],[-0.22178312  0.16322108],[-0.25920963  0.3822203 ],[-0.14259141 -0.02318144]
3946,3.9459999999996764,[ 0.6217059  -0.31609728],[-0.22204233  0.1636033 ],[-0.25907553  0.38155401],[-0.14251437 -0.0231704 ]
3947,3.9469999999996763,[ 0.6214836 -0.3159333],[-0.22230141  0.16398485],[-0.25894131  0.38089179],[-0.1424373  -0.02315931]
3948,3.947999999999676,[ 0.62126104 -0.31576893],[-0.22256035  0.16436574],[-0.25880695  0.3802336 ],[-0.14236019 -0.02314819]
3949,3.948999999999676,[ 0.62103822 -0.31560418],[-0.22281916  0.16474598],[-0.25867247  0.37957943],[-0.14228305 -0.02313704]
3950,3.949999999999676,[ 0.62081514 -0.31543906],[-0.22307783  0.16512556],[-0.25853787  0.37892924],[-0.14220587 -0.02312585]
3951,3.950999999999676,[ 0.62059181 -0.31527355],[-0.22333637  0.16550449],[-0.25840314  0.378283  ],[-0.14212865 -0.02311463]
3952,3.9519999999996758,[ 0.62036821 -0.31510767],[-0.22359477  0.16588277],[-0.25826828  0.3776407 ],[-0.1420514  -0.02310337]
3953,3.9529999999996757,[ 0.62014436 -0.31494141],[-0.22385304  0.16626041],[-0.2581333   0.37700229],[-0.14197411 -0.02309208]
3954,3.9539999999996756,[ 0.61992025 -0.31477477],[-0.22411117  0.16663741],[-0.2579982   0.37636776],[-0.14189679 -0.02308075]
3955,3.9549999999996754,[ 0.61969588 -0.31460776],[-0.22436917  0.16701378],[-0.25786297  0.37573708],[-0.14181943 -0.02306939]
3956,3.9559999999996753,[ 0.61947125 -0.31444037],[-0.22462703  0.16738952],[-0.25772762  0.37511022],[-0.14174203 -0.023058  ]
3957,3.956999999999675,[ 0.61924637 -0.31427261],[-0.22488476  0.16776463],[-0.25759215  0.37448715],[-0.1416646  -0.02304657]
3958,3.957999999999675,[ 0.61902122 -0.31410447],[-0.22514235  0.16813911],[-0.25745656  0.37386786],[-0.14158714 -0.0230351 ]
3959,3.958999999999675,[ 0.61879583 -0.31393595],[-0.22539981  0.16851298],[-0.25732085  0.3732523 ],[-0.14150964 -0.02302361]
3960,3.959999999999675,[ 0.61857017 -0.31376707],[-0.22565713  0.16888623],[-0.25718501  0.37264047],[-0.1414321  -0.02301207]
3961,3.960999999999675,[ 0.61834425 -0.31359781],[-0.22591432  0.16925887],[-0.25704906  0.37203232],[-0.14135453 -0.02300051]
3962,3.9619999999996747,[ 0.61811808 -0.31342818],[-0.22617136  0.16963091],[-0.25691299  0.37142785],[-0.14127692 -0.02298891]
3963,3.9629999999996746,[ 0.61789165 -0.31325818],[-0.22642828  0.17000233],[-0.2567768   0.37082701],[-0.14119928 -0.02297727]
3964,3.9639999999996745,[ 0.61766497 -0.3130878 ],[-0.22668505  0.17037316],[-0.2566405   0.37022979],[-0.1411216  -0.02296561]
3965,3.9649999999996743,[ 0.61743803 -0.31291706],[-0.22694169  0.17074339],[-0.25650408  0.36963616],[-0.14104389 -0.0229539 ]
3966,3.9659999999996742,[ 0.61721083 -0.31274595],[-0.2271982   0.17111303],[-0.25636754  0.3690461 ],[-0.14096615 -0.02294217]
3967,3.966999999999674,[ 0.61698337 -0.31257446],[-0.22745457  0.17148207],[-0.25623088  0.36845958],[-0.14088837 -0.0229304 ]
3968,3.967999999999674,[ 0.61675566 -0.31240261],[-0.2277108   0.17185053],[-0.25609411  0.36787658],[-0.14081055 -0.0229186 ]
3969,3.968999999999674,[ 0.6165277  -0.31223039],[-0.22796689  0.17221841],[-0.25595722  0.36729707],[-0.1407327  -0.02290676]
3970,3.969999999999674,[ 0.61629947 -0.31205781],[-0.22822285  0.17258571],[-0.25582022  0.36672102],[-0.14065482 -0.0228949 ]
3971,3.9709999999996737,[ 0.616071   -0.31188486],[-0.22847867  0.17295243],[-0.25568311  0.36614843],[-0.14057691 -0.02288299]
3972,3.9719999999996736,[ 0.61584226 -0.31171154],[-0.22873435  0.17331858],[-0.25554588  0.36557925],[-0.14049895 -0.02287106]
3973,3.9729999999996735,[ 0.61561327 -0.31153785],[-0.2289899   0.17368416],[-0.25540855  0.36501347],[-0.14042097 -0.02285909]
3974,3.9739999999996733,[ 0.61538403 -0.3113638 ],[-0.22924531  0.17404917],[-0.25527109  0.36445107],[-0.14034295 -0.02284709]
3975,3.9749999999996732,[ 0.61515453 -0.31118939],[-0.22950058  0.17441362],[-0.25513353  0.36389201],[-0.1402649  -0.02283505]
3976,3.975999999999673,[ 0.61492477 -0.31101461],[-0.22975571  0.17477751],[-0.25499586  0.36333629],[-0.14018682 -0.02282299]
3977,3.976999999999673,[ 0.61469476 -0.31083947],[-0.23001071  0.17514085],[-0.25485808  0.36278386],[-0.1401087  -0.02281089]
3978,3.977999999999673,[ 0.61446449 -0.31066397],[-0.23026557  0.17550363],[-0.25472018  0.36223472],[-0.14003055 -0.02279875]
3979,3.978999999999673,[ 0.61423397 -0.3104881 ],[-0.23052029  0.17586587],[-0.25458218  0.36168884],[-0.13995236 -0.02278659]
3980,3.9799999999996727,[ 0.6140032  -0.31031188],[-0.23077487  0.17622756],[-0.25444407  0.36114619],[-0.13987415 -0.02277439]
3981,3.9809999999996726,[ 0.61377217 -0.31013529],[-0.23102931  0.1765887 ],[-0.25430585  0.36060676],[-0.1397959  -0.02276216]
3982,3.9819999999996725,[ 0.61354089 -0.30995834],[-0.23128362  0.17694931],[-0.25416752  0.36007052],[-0.13971761 -0.02274989]
3983,3.9829999999996724,[ 0.61330935 -0.30978103],[-0.23153778  0.17730938],[-0.25402909  0.35953744],[-0.1396393 -0.0227376]
3984,3.9839999999996722,[ 0.61307756 -0.30960336],[-0.23179181  0.17766892],[-0.25389055  0.35900752],[-0.13956095 -0.02272527]
3985,3.984999999999672,[ 0.61284551 -0.30942533],[-0.2320457   0.17802792],[-0.2537519   0.35848071],[-0.13948257 -0.02271291]
3986,3.985999999999672,[ 0.61261321 -0.30924695],[-0.23229946  0.17838641],[-0.25361315  0.35795702],[-0.13940416 -0.02270052]
3987,3.986999999999672,[ 0.61238066 -0.3090682 ],[-0.23255307  0.17874436],[-0.25347429  0.3574364 ],[-0.13932571 -0.02268809]
3988,3.987999999999672,[ 0.61214785 -0.3088891 ],[-0.23280654  0.1791018 ],[-0.25333533  0.35691884],[-0.13924723 -0.02267563]
3989,3.9889999999996717,[ 0.61191479 -0.30870964],[-0.23305988  0.17945872],[-0.25319626  0.35640433],[-0.13916872 -0.02266314]
3990,3.9899999999996716,[ 0.61168148 -0.30852983],[-0.23331308  0.17981512],[-0.2530571   0.35589283],[-0.13909018 -0.02265062]
3991,3.9909999999996715,[ 0.61144791 -0.30834965],[-0.23356613  0.18017101],[-0.25291782  0.35538432],[-0.13901161 -0.02263807]
3992,3.9919999999996714,[ 0.61121409 -0.30816913],[-0.23381905  0.1805264 ],[-0.25277845  0.3548788 ],[-0.13893301 -0.02262548]
3993,3.9929999999996713,[ 0.61098002 -0.30798825],[-0.23407183  0.18088128],[-0.25263897  0.35437623],[-0.13885437 -0.02261286]
3994,3.993999999999671,[ 0.6107457  -0.30780701],[-0.23432447  0.18123565],[-0.2524994   0.35387659],[-0.1387757  -0.02260021]
3995,3.994999999999671,[ 0.61051112 -0.30762542],[-0.23457697  0.18158953],[-0.25235972  0.35337987],[-0.138697   -0.02258753]
3996,3.995999999999671,[ 0.61027629 -0.30744348],[-0.23482933  0.18194291],[-0.25221994  0.35288604],[-0.13861827 -0.02257482]
3997,3.996999999999671,[ 0.61004121 -0.30726118],[-0.23508155  0.1822958 ],[-0.25208006  0.35239508],[-0.13853951 -0.02256208]
3998,3.9979999999996707,[ 0.60980587 -0.30707853],[-0.23533363  0.18264819],[-0.25194008  0.35190698],[-0.13846072 -0.0225493 ]
3999,3.9989999999996706,[ 0.60957029 -0.30689553],[-0.23558557  0.1830001 ],[-0.2518      0.35142171],[-0.1383819  -0.02253649]
4000,3.9999999999996705,[ 0.60933445 -0.30671218],[-0.23583737  0.18335152],[-0.25165983  0.35093926],[-0.13830304 -0.02252365]
4001,4.000999999999671,[ 0.60909836 -0.30652848],[-0.23608903  0.18370246],[-0.25151956  0.3504596 ],[-0.13822416 -0.02251078]
4002,4.001999999999671,[ 0.60886202 -0.30634443],[-0.23634055  0.18405292],[-0.25137919  0.34998271],[-0.13814524 -0.02249788]
4003,4.0029999999996715,[ 0.60862543 -0.30616002],[-0.23659193  0.1844029 ],[-0.25123872  0.34950858],[-0.1380663  -0.02248495]
4004,4.003999999999672,[ 0.60838859 -0.30597527],[-0.23684316  0.18475241],[-0.25109816  0.34903718],[-0.13798732 -0.02247198]
4005,4.004999999999672,[ 0.60815149 -0.30579017],[-0.23709426  0.18510145],[-0.2509575  0.3485685],[-0.13790831 -0.02245899]
4006,4.0059999999996725,[ 0.60791415 -0.30560472],[-0.23734522  0.18545002],[-0.25081674  0.34810252],[-0.13782928 -0.02244596]
4007,4.006999999999673,[ 0.60767655 -0.30541892],[-0.23759604  0.18579812],[-0.25067589  0.34763922],[-0.13775021 -0.0224329 ]
4008,4.007999999999673,[ 0.60743871 -0.30523278],[-0.23784671  0.18614576],[-0.25053495  0.34717858],[-0.13767112 -0.02241982]
4009,4.0089999999996735,[ 0.60720061 -0.30504628],[-0.23809725  0.18649294],[-0.25039391  0.34672057],[-0.13759199 -0.0224067 ]
4010,4.009999999999674,[ 0.60696226 -0.30485944],[-0.23834764  0.18683966],[-0.25025278  0.34626519],[-0.13751283 -0.02239354]
4011,4.010999999999674,[ 0.60672366 -0.30467226],[-0.23859789  0.18718592],[-0.25011155  0.34581242],[-0.13743365 -0.02238036]
4012,4.0119999999996745,[ 0.60648481 -0.30448473],[-0.23884801  0.18753173],[-0.24997024  0.34536223],[-0.13735443 -0.02236715]
4013,4.012999999999675,[ 0.60624572 -0.30429685],[-0.23909798  0.1878771 ],[-0.24982883  0.34491461],[-0.13727519 -0.02235391]
4014,4.013999999999675,[ 0.60600637 -0.30410863],[-0.2393478   0.18822201],[-0.24968733  0.34446953],[-0.13719591 -0.02234063]
4015,4.0149999999996755,[ 0.60576677 -0.30392006],[-0.23959749  0.18856648],[-0.24954573  0.34402699],[-0.13711661 -0.02232733]
4016,4.015999999999676,[ 0.60552692 -0.30373115],[-0.23984704  0.18891051],[-0.24940405  0.34358696],[-0.13703728 -0.02231399]
4017,4.016999999999676,[ 0.60528683 -0.3035419 ],[-0.24009644  0.18925409],[-0.24926228  0.34314943],[-0.13695792 -0.02230063]
4018,4.0179999999996765,[ 0.60504648 -0.3033523 ],[-0.2403457   0.18959724],[-0.24912042  0.34271438],[-0.13687853 -0.02228723]
4019,4.018999999999677,[ 0.60480589 -0.30316236],[-0.24059482  0.18993996],[-0.24897846  0.34228178],[-0.13679911 -0.02227381]
4020,4.019999999999677,[ 0.60456504 -0.30297208],[-0.2408438   0.19028224],[-0.24883642  0.34185164],[-0.13671966 -0.02226035]
4021,4.0209999999996775,[ 0.60432395 -0.30278145],[-0.24109264  0.19062409],[-0.2486943   0.34142391],[-0.13664019 -0.02224686]
4022,4.021999999999678,[ 0.60408261 -0.30259049],[-0.24134133  0.19096552],[-0.24855208  0.3409986 ],[-0.13656068 -0.02223334]
4023,4.022999999999678,[ 0.60384102 -0.30239918],[-0.24158989  0.19130651],[-0.24840977  0.34057568],[-0.13648115 -0.0222198 ]
4024,4.0239999999996785,[ 0.60359918 -0.30220753],[-0.2418383   0.19164709],[-0.24826738  0.34015513],[-0.13640159 -0.02220622]
4025,4.024999999999679,[ 0.60335709 -0.30201555],[-0.24208656  0.19198725],[-0.24812491  0.33973694],[-0.136322   -0.02219261]
4026,4.025999999999679,[ 0.60311476 -0.30182322],[-0.24233469  0.19232698],[-0.24798234  0.3393211 ],[-0.13624239 -0.02217897]
4027,4.0269999999996795,[ 0.60287218 -0.30163055],[-0.24258267  0.1926663 ],[-0.24783969  0.33890757],[-0.13616274 -0.0221653 ]
4028,4.02799999999968,[ 0.60262935 -0.30143755],[-0.24283051  0.19300521],[-0.24769696  0.33849636],[-0.13608307 -0.0221516 ]
4029,4.02899999999968,[ 0.60238627 -0.3012442 ],[-0.24307821  0.19334371],[-0.24755414  0.33808744],[-0.13600337 -0.02213787]
4030,4.0299999999996805,[ 0.60214294 -0.30105052],[-0.24332576  0.19368179],[-0.24741124  0.33768079],[-0.13592364 -0.02212412]
4031,4.030999999999681,[ 0.60189937 -0.3008565 ],[-0.24357317  0.19401948],[-0.24726825  0.33727641],[-0.13584389 -0.02211033]
4032,4.031999999999681,[ 0.60165555 -0.30066215],[-0.24382044  0.19435675],[-0.24712518  0.33687427],[-0.1357641  -0.02209651]
4033,4.0329999999996815,[ 0.60141148 -0.30046745],[-0.24406757  0.19469363],[-0.24698203  0.33647435],[-0.1356843  -0.02208266]
4034,4.033999999999682,[ 0.60116717 -0.30027242],[-0.24431455  0.1950301 ],[-0.24683879  0.33607665],[-0.13560446 -0.02206878]
4035,4.034999999999682,[ 0.60092261 -0.30007706],[-0.24456139  0.19536618],[-0.24669547  0.33568114],[-0.1355246  -0.02205488]
4036,4.0359999999996825,[ 0.6006778  -0.29988135],[-0.24480808  0.19570186],[-0.24655207  0.33528782],[-0.13544471 -0.02204094]
4037,4.036999999999683,[ 0.60043274 -0.29968532],[-0.24505463  0.19603715],[-0.24640859  0.33489666],[-0.13536479 -0.02202697]
4038,4.037999999999683,[ 0.60018744 -0.29948895],[-0.24530104  0.19637204],[-0.24626503  0.33450765],[-0.13528484 -0.02201298]
4039,4.0389999999996835,[ 0.59994189 -0.29929224],[-0.24554731  0.19670655],[-0.24612139  0.33412077],[-0.13520487 -0.02199895]
4040,4.039999999999684,[ 0.5996961 -0.2990952],[-0.24579343  0.19704067],[-0.24597767  0.33373601],[-0.13512488 -0.0219849 ]
4041,4.040999999999684,[ 0.59945006 -0.29889782],[-0.24603941  0.19737441],[-0.24583386  0.33335336],[-0.13504485 -0.02197081]
4042,4.0419999999996845,[ 0.59920378 -0.29870012],[-0.24628524  0.19770776],[-0.24568998  0.33297279],[-0.13496481 -0.0219567 ]
4043,4.042999999999685,[ 0.59895725 -0.29850208],[-0.24653093  0.19804073],[-0.24554603  0.3325943 ],[-0.13488473 -0.02194255]
4044,4.043999999999685,[ 0.59871047 -0.2983037 ],[-0.24677648  0.19837333],[-0.24540199  0.33221787],[-0.13480463 -0.02192838]
4045,4.0449999999996855,[ 0.59846345 -0.298105  ],[-0.24702188  0.19870555],[-0.24525787  0.33184348],[-0.1347245  -0.02191418]
4046,4.045999999999686,[ 0.59821618 -0.29790596],[-0.24726714  0.19903739],[-0.24511368  0.33147112],[-0.13464435 -0.02189995]
4047,4.046999999999686,[ 0.59796867 -0.29770659],[-0.24751225  0.19936886],[-0.24496941  0.33110078],[-0.13456417 -0.02188569]
4048,4.0479999999996865,[ 0.59772091 -0.29750689],[-0.24775722  0.19969996],[-0.24482507  0.33073244],[-0.13448396 -0.0218714 ]
4049,4.048999999999687,[ 0.59747291 -0.29730686],[-0.24800204  0.20003069],[-0.24468064  0.33036608],[-0.13440373 -0.02185708]
4050,4.049999999999687,[ 0.59722466 -0.2971065 ],[-0.24824673  0.20036106],[-0.24453615  0.3300017 ],[-0.13432348 -0.02184273]
4051,4.0509999999996875,[ 0.59697617 -0.29690581],[-0.24849126  0.20069106],[-0.24439157  0.32963927],[-0.1342432  -0.02182835]
4052,4.051999999999688,[ 0.59672743 -0.29670479],[-0.24873565  0.2010207 ],[-0.24424692  0.32927879],[-0.13416289 -0.02181395]
4053,4.052999999999688,[ 0.59647845 -0.29650344],[-0.2489799   0.20134998],[-0.2441022   0.32892023],[-0.13408256 -0.02179951]
4054,4.0539999999996885,[ 0.59622923 -0.29630176],[-0.249224   0.2016789],[-0.24395741  0.3285636 ],[-0.13400221 -0.02178505]
4055,4.054999999999689,[ 0.59597976 -0.29609975],[-0.24946796  0.20200746],[-0.24381254  0.32820886],[-0.13392183 -0.02177056]
4056,4.055999999999689,[ 0.59573005 -0.29589741],[-0.24971177  0.20233567],[-0.24366759  0.32785601],[-0.13384142 -0.02175604]
4057,4.0569999999996895,[ 0.5954801  -0.29569475],[-0.24995544  0.20266353],[-0.24352258  0.32750504],[-0.13376099 -0.02174149]
4058,4.05799999999969,[ 0.5952299  -0.29549176],[-0.25019896  0.20299103],[-0.24337749  0.32715593],[-0.13368054 -0.02172691]
4059,4.05899999999969,[ 0.59497945 -0.29528844],[-0.25044234  0.20331819],[-0.24323233  0.32680867],[-0.13360006 -0.0217123 ]
4060,4.0599999999996905,[ 0.59472877 -0.2950848 ],[-0.25068557  0.203645  ],[-0.2430871   0.32646324],[-0.13351956 -0.02169766]
4061,4.060999999999691,[ 0.59447784 -0.29488083],[-0.25092866  0.20397146],[-0.24294179  0.32611963],[-0.13343903 -0.021683  ]
4062,4.061999999999691,[ 0.59422667 -0.29467653],[-0.2511716   0.20429758],[-0.24279642  0.32577784],[-0.13335848 -0.02166831]
4063,4.0629999999996915,[ 0.59397525 -0.2944719 ],[-0.2514144   0.20462336],[-0.24265097  0.32543783],[-0.1332779  -0.02165358]
4064,4.063999999999692,[ 0.5937236  -0.29426696],[-0.25165705  0.2049488 ],[-0.24250546  0.32509961],[-0.1331973  -0.02163883]
4065,4.064999999999692,[ 0.5934717  -0.29406168],[-0.25189955  0.2052739 ],[-0.24235987  0.32476316],[-0.13311668 -0.02162406]
4066,4.0659999999996925,[ 0.59321956 -0.29385608],[-0.25214191  0.20559866],[-0.24221422  0.32442846],[-0.13303603 -0.02160925]
4067,4.066999999999693,[ 0.59296717 -0.29365016],[-0.25238413  0.20592309],[-0.2420685  0.3240955],[-0.13295536 -0.02159441]
4068,4.067999999999693,[ 0.59271455 -0.29344391],[-0.2526262   0.20624718],[-0.24192271  0.32376428],[-0.13287467 -0.02157955]
4069,4.0689999999996935,[ 0.59246168 -0.29323734],[-0.25286812  0.20657095],[-0.24177685  0.32343478],[-0.13279395 -0.02156466]
4070,4.069999999999694,[ 0.59220857 -0.29303045],[-0.2531099   0.20689438],[-0.24163092  0.32310698],[-0.13271321 -0.02154974]
4071,4.070999999999694,[ 0.59195522 -0.29282323],[-0.25335153  0.20721749],[-0.24148493  0.32278087],[-0.13263245 -0.02153479]
4072,4.0719999999996945,[ 0.59170162 -0.29261569],[-0.25359301  0.20754027],[-0.24133887  0.32245645],[-0.13255166 -0.02151981]
4073,4.072999999999695,[ 0.59144779 -0.29240783],[-0.25383435  0.20786273],[-0.24119274  0.32213369],[-0.13247085 -0.0215048 ]
4074,4.073999999999695,[ 0.59119371 -0.29219964],[-0.25407554  0.20818486],[-0.24104654  0.32181259],[-0.13239002 -0.02148977]
4075,4.0749999999996955,[ 0.5909394  -0.29199114],[-0.25431659  0.20850667],[-0.24090028  0.32149314],[-0.13230917 -0.02147471]
4076,4.075999999999696,[ 0.59068484 -0.29178231],[-0.25455749  0.20882817],[-0.24075396  0.32117531],[-0.13222829 -0.02145962]
4077,4.076999999999696,[ 0.59043004 -0.29157316],[-0.25479824  0.20914934],[-0.24060757  0.32085911],[-0.13214739 -0.0214445 ]
4078,4.0779999999996965,[ 0.590175   -0.29136369],[-0.25503885  0.2094702 ],[-0.24046111  0.32054452],[-0.13206647 -0.02142936]
4079,4.078999999999697,[ 0.58991972 -0.2911539 ],[-0.25527931  0.20979074],[-0.2403146   0.32023152],[-0.13198553 -0.02141418]
4080,4.079999999999697,[ 0.5896642  -0.29094379],[-0.25551963  0.21011098],[-0.24016801  0.31992011],[-0.13190456 -0.02139898]
4081,4.0809999999996975,[ 0.58940844 -0.29073335],[-0.2557598  0.2104309],[-0.24002137  0.31961027],[-0.13182357 -0.02138375]
4082,4.081999999999698,[ 0.58915244 -0.2905226 ],[-0.25599982  0.21075051],[-0.23987466  0.31930199],[-0.13174256 -0.02136849]
4083,4.082999999999698,[ 0.5888962  -0.29031153],[-0.25623969  0.21106981],[-0.23972788  0.31899527],[-0.13166153 -0.02135321]
4084,4.0839999999996985,[ 0.58863972 -0.29010015],[-0.25647942  0.2113888 ],[-0.23958105  0.31869008],[-0.13158048 -0.0213379 ]
4085,4.084999999999699,[ 0.58838301 -0.28988844],[-0.256719    0.21170749],[-0.23943415  0.31838642],[-0.1314994  -0.02132255]
4086,4.085999999999699,[ 0.58812605 -0.28967641],[-0.25695843  0.21202588],[-0.23928719  0.31808428],[-0.1314183  -0.02130719]
4087,4.0869999999996995,[ 0.58786885 -0.28946407],[-0.25719772  0.21234396],[-0.23914017  0.31778364],[-0.13133719 -0.02129179]
4088,4.0879999999997,[ 0.58761141 -0.28925141],[-0.25743686  0.21266175],[-0.23899309  0.31748449],[-0.13125605 -0.02127637]
4089,4.0889999999997,[ 0.58735374 -0.28903843],[-0.25767586  0.21297923],[-0.23884595  0.31718683],[-0.13117489 -0.02126091]
4090,4.0899999999997005,[ 0.58709582 -0.28882513],[-0.2579147   0.21329642],[-0.23869875  0.31689065],[-0.1310937  -0.02124543]
4091,4.090999999999701,[ 0.58683767 -0.28861152],[-0.2581534   0.21361331],[-0.23855149  0.31659592],[-0.1310125  -0.02122993]
4092,4.091999999999701,[ 0.58657928 -0.28839759],[-0.25839195  0.21392991],[-0.23840417  0.31630264],[-0.13093128 -0.02121439]
4093,4.0929999999997015,[ 0.58632065 -0.28818334],[-0.25863036  0.21424621],[-0.23825679  0.31601081],[-0.13085003 -0.02119883]
4094,4.093999999999702,[ 0.58606178 -0.28796878],[-0.25886861  0.21456222],[-0.23810935  0.3157204 ],[-0.13076877 -0.02118324]
4095,4.094999999999702,[ 0.58580267 -0.2877539 ],[-0.25910672  0.21487794],[-0.23796185  0.31543141],[-0.13068748 -0.02116763]
4096,4.0959999999997025,[ 0.58554333 -0.28753871],[-0.25934468  0.21519337],[-0.2378143   0.31514383],[-0.13060618 -0.02115198]
4097,4.096999999999703,[ 0.58528374 -0.2873232 ],[-0.2595825   0.21550852],[-0.23766669  0.31485765],[-0.13052485 -0.02113631]
4098,4.097999999999703,[ 0.58502392 -0.28710738],[-0.25982016  0.21582337],[-0.23751902  0.31457285],[-0.13044351 -0.02112061]
4099,4.0989999999997035,[ 0.58476387 -0.28689124],[-0.26005768  0.21613795],[-0.23737129  0.31428943],[-0.13036214 -0.02110488]
4100,4.099999999999704,[ 0.58450357 -0.28667479],[-0.26029505  0.21645224],[-0.2372235   0.31400738],[-0.13028075 -0.02108913]
4101,4.100999999999704,[ 0.58424304 -0.28645802],[-0.26053228  0.21676624],[-0.23707566  0.31372668],[-0.13019935 -0.02107335]
4102,4.1019999999997045,[ 0.58398227 -0.28624094],[-0.26076935  0.21707997],[-0.23692777  0.31344733],[-0.13011792 -0.02105754]
4103,4.102999999999705,[ 0.58372126 -0.28602355],[-0.26100628  0.21739342],[-0.23677982  0.31316931],[-0.13003647 -0.02104171]
4104,4.103999999999705,[ 0.58346002 -0.28580584],[-0.26124306  0.21770659],[-0.23663181  0.31289263],[-0.12995501 -0.02102584]
4105,4.1049999999997056,[ 0.58319854 -0.28558782],[-0.26147969  0.21801948],[-0.23648375  0.31261725],[-0.12987352 -0.02100995]
4106,4.105999999999706,[ 0.58293682 -0.28536949],[-0.26171618  0.2183321 ],[-0.23633563  0.31234319],[-0.12979202 -0.02099404]
4107,4.106999999999706,[ 0.58267487 -0.28515084],[-0.26195251  0.21864444],[-0.23618746  0.31207042],[-0.1297105  -0.02097809]
4108,4.1079999999997066,[ 0.58241268 -0.28493189],[-0.2621887   0.21895651],[-0.23603924  0.31179894],[-0.12962895 -0.02096212]
4109,4.108999999999707,[ 0.58215026 -0.28471262],[-0.26242474  0.21926831],[-0.23589096  0.31152873],[-0.12954739 -0.02094612]
4110,4.109999999999707,[ 0.5818876  -0.28449304],[-0.26266063  0.21957984],[-0.23574263  0.31125979],[-0.12946581 -0.0209301 ]
4111,4.1109999999997076,[ 0.5816247  -0.28427315],[-0.26289637  0.2198911 ],[-0.23559425  0.31099212],[-0.12938421 -0.02091405]
4112,4.111999999999708,[ 0.58136157 -0.28405295],[-0.26313197  0.22020209],[-0.23544581  0.31072569],[-0.12930259 -0.02089797]
4113,4.112999999999708,[ 0.5810982  -0.28383243],[-0.26336741  0.22051281],[-0.23529732  0.31046049],[-0.12922096 -0.02088186]
4114,4.113999999999709,[ 0.5808346  -0.28361161],[-0.26360271  0.22082327],[-0.23514878  0.31019653],[-0.1291393  -0.02086573]
4115,4.114999999999709,[ 0.58057076 -0.28339048],[-0.26383786  0.22113347],[-0.23500019  0.30993379],[-0.12905763 -0.02084957]
4116,4.115999999999709,[ 0.58030669 -0.28316903],[-0.26407286  0.22144341],[-0.23485155  0.30967226],[-0.12897594 -0.02083338]
4117,4.11699999999971,[ 0.58004238 -0.28294728],[-0.26430771  0.22175308],[-0.23470286  0.30941193],[-0.12889423 -0.02081717]
4118,4.11799999999971,[ 0.57977784 -0.28272522],[-0.26454241  0.22206249],[-0.23455411  0.3091528 ],[-0.1288125  -0.02080093]
4119,4.11899999999971,[ 0.57951306 -0.28250285],[-0.26477697  0.22237164],[-0.23440532  0.30889485],[-0.12873075 -0.02078466]
4120,4.119999999999711,[ 0.57924805 -0.28228017],[-0.26501137  0.22268054],[-0.23425647  0.30863807],[-0.12864899 -0.02076837]
4121,4.120999999999711,[ 0.5789828  -0.28205718],[-0.26524563  0.22298918],[-0.23410758  0.30838246],[-0.12856721 -0.02075204]
4122,4.121999999999711,[ 0.57871732 -0.28183388],[-0.26547974  0.22329756],[-0.23395864  0.30812801],[-0.12848541 -0.0207357 ]
4123,4.122999999999712,[ 0.57845161 -0.28161027],[-0.2657137   0.22360569],[-0.23380965  0.30787471],[-0.12840359 -0.02071932]
4124,4.123999999999712,[ 0.57818566 -0.28138636],[-0.26594751  0.22391356],[-0.23366061  0.30762254],[-0.12832176 -0.02070292]
4125,4.124999999999712,[ 0.57791948 -0.28116214],[-0.26618117  0.22422118],[-0.23351152  0.30737151],[-0.1282399 -0.0206865]
4126,4.125999999999713,[ 0.57765307 -0.28093761],[-0.26641468  0.22452855],[-0.23336239  0.3071216 ],[-0.12815804 -0.02067004]
4127,4.126999999999713,[ 0.57738642 -0.28071277],[-0.26664804  0.22483568],[-0.2332132  0.3068728],[-0.12807615 -0.02065356]
4128,4.127999999999713,[ 0.57711954 -0.28048763],[-0.26688125  0.22514255],[-0.23306397  0.30662511],[-0.12799425 -0.02063705]
4129,4.128999999999714,[ 0.57685242 -0.28026218],[-0.26711432  0.22544917],[-0.2329147   0.30637851],[-0.12791233 -0.02062052]
4130,4.129999999999714,[ 0.57658508 -0.28003643],[-0.26734723  0.22575555],[-0.23276537  0.30613301],[-0.12783039 -0.02060396]
4131,4.130999999999714,[ 0.5763175  -0.27981036],[-0.26758     0.22606169],[-0.232616    0.30588858],[-0.12774844 -0.02058737]
4132,4.131999999999715,[ 0.57604968 -0.279584  ],[-0.26781261  0.22636757],[-0.23246659  0.30564522],[-0.12766647 -0.02057076]
4133,4.132999999999715,[ 0.57578164 -0.27935732],[-0.26804508  0.22667322],[-0.23231713  0.30540293],[-0.12758448 -0.02055412]
4134,4.133999999999715,[ 0.57551336 -0.27913035],[-0.2682774   0.22697862],[-0.23216762  0.30516169],[-0.12750248 -0.02053746]
4135,4.134999999999716,[ 0.57524485 -0.27890306],[-0.26850956  0.22728378],[-0.23201807  0.3049215 ],[-0.12742046 -0.02052076]
4136,4.135999999999716,[ 0.57497611 -0.27867547],[-0.26874158  0.22758871],[-0.23186848  0.30468235],[-0.12733842 -0.02050404]
4137,4.136999999999716,[ 0.57470714 -0.27844758],[-0.26897345  0.22789339],[-0.23171884  0.30444423],[-0.12725637 -0.0204873 ]
4138,4.137999999999717,[ 0.57443793 -0.27821938],[-0.26920517  0.22819783],[-0.23156915  0.30420714],[-0.1271743  -0.02047053]
4139,4.138999999999717,[ 0.57416849 -0.27799088],[-0.26943674  0.22850204],[-0.23141943  0.30397106],[-0.12709222 -0.02045373]
4140,4.139999999999717,[ 0.57389883 -0.27776207],[-0.26966816  0.22880601],[-0.23126966  0.30373598],[-0.12701012 -0.02043691]
4141,4.140999999999718,[ 0.57362893 -0.27753296],[-0.26989943  0.22910975],[-0.23111984  0.30350191],[-0.12692801 -0.02042006]
4142,4.141999999999718,[ 0.5733588  -0.27730355],[-0.27013055  0.22941325],[-0.23096999  0.30326882],[-0.12684588 -0.02040318]
4143,4.142999999999718,[ 0.57308843 -0.27707383],[-0.27036152  0.22971652],[-0.23082009  0.30303672],[-0.12676373 -0.02038628]
4144,4.143999999999719,[ 0.57281784 -0.27684381],[-0.27059234  0.23001955],[-0.23067015  0.3028056 ],[-0.12668157 -0.02036935]
4145,4.144999999999719,[ 0.57254702 -0.27661349],[-0.27082301  0.23032236],[-0.23052017  0.30257544],[-0.12659939 -0.0203524 ]
4146,4.145999999999719,[ 0.57227597 -0.27638287],[-0.27105353  0.23062493],[-0.23037014  0.30234625],[-0.1265172  -0.02033542]
4147,4.14699999999972,[ 0.57200468 -0.27615194],[-0.2712839   0.23092728],[-0.23022008  0.30211801],[-0.126435   -0.02031841]
4148,4.14799999999972,[ 0.57173317 -0.27592071],[-0.27151412  0.2312294 ],[-0.23006997  0.30189072],[-0.12635278 -0.02030138]
4149,4.14899999999972,[ 0.57146142 -0.27568918],[-0.27174419  0.23153129],[-0.22991983  0.30166436],[-0.12627054 -0.02028432]
4150,4.149999999999721,[ 0.57118945 -0.27545735],[-0.27197411  0.23183295],[-0.22976964  0.30143894],[-0.12618829 -0.02026723]
4151,4.150999999999721,[ 0.57091725 -0.27522521],[-0.27220388  0.23213439],[-0.22961942  0.30121444],[-0.12610602 -0.02025012]
4152,4.151999999999721,[ 0.57064481 -0.27499278],[-0.2724335   0.23243561],[-0.22946915  0.30099085],[-0.12602374 -0.02023298]
4153,4.152999999999722,[ 0.57037215 -0.27476004],[-0.27266297  0.2327366 ],[-0.22931885  0.30076818],[-0.12594145 -0.02021582]
4154,4.153999999999722,[ 0.57009926 -0.274527  ],[-0.27289229  0.23303737],[-0.2291685   0.30054641],[-0.12585914 -0.02019863]
4155,4.154999999999722,[ 0.56982614 -0.27429366],[-0.27312145  0.23333791],[-0.22901812  0.30032553],[-0.12577682 -0.02018142]
4156,4.155999999999723,[ 0.56955279 -0.27406003],[-0.27335047  0.23363824],[-0.2288677   0.30010554],[-0.12569448 -0.02016418]
4157,4.156999999999723,[ 0.56927921 -0.27382609],[-0.27357934  0.23393834],[-0.22871724  0.29988643],[-0.12561213 -0.02014691]
4158,4.157999999999723,[ 0.5690054  -0.27359185],[-0.27380806  0.23423823],[-0.22856675  0.2996682 ],[-0.12552977 -0.02012962]
4159,4.158999999999724,[ 0.56873136 -0.27335731],[-0.27403662  0.2345379 ],[-0.22841621  0.29945083],[-0.12544739 -0.0201123 ]
4160,4.159999999999724,[ 0.5684571  -0.27312247],[-0.27426504  0.23483735],[-0.22826564  0.29923433],[-0.125365   -0.02009496]
4161,4.160999999999724,[ 0.5681826  -0.27288734],[-0.27449331  0.23513658],[-0.22811504  0.29901867],[-0.12528259 -0.02007759]
4162,4.161999999999725,[ 0.56790788 -0.2726519 ],[-0.27472142  0.2354356 ],[-0.22796439  0.29880387],[-0.12520017 -0.02006019]
4163,4.162999999999725,[ 0.56763293 -0.27241617],[-0.27494939  0.23573441],[-0.22781371  0.2985899 ],[-0.12511774 -0.02004277]
4164,4.163999999999725,[ 0.56735775 -0.27218013],[-0.2751772  0.236033 ],[-0.227663    0.29837677],[-0.1250353  -0.02002532]
4165,4.164999999999726,[ 0.56708235 -0.2719438 ],[-0.27540486  0.23633137],[-0.22751225  0.29816446],[-0.12495284 -0.02000785]
4166,4.165999999999726,[ 0.56680672 -0.27170717],[-0.27563237  0.23662954],[-0.22736146  0.29795297],[-0.12487037 -0.01999035]
4167,4.166999999999726,[ 0.56653086 -0.27147025],[-0.27585974  0.23692749],[-0.22721064  0.2977423 ],[-0.12478788 -0.01997283]
4168,4.167999999999727,[ 0.56625477 -0.27123302],[-0.27608695  0.23722523],[-0.22705978  0.29753243],[-0.12470539 -0.01995528]
4169,4.168999999999727,[ 0.56597846 -0.2709955 ],[-0.27631401  0.23752277],[-0.22690889  0.29732336],[-0.12462288 -0.0199377 ]
4170,4.169999999999727,[ 0.56570192 -0.27075768],[-0.27654091  0.23782009],[-0.22675796  0.29711509],[-0.12454035 -0.0199201 ]
4171,4.170999999999728,[ 0.56542515 -0.27051956],[-0.27676767  0.2381172 ],[-0.226607   0.2969076],[-0.12445782 -0.01990247]
4172,4.171999999999728,[ 0.56514815 -0.27028115],[-0.27699428  0.23841411],[-0.22645601  0.2967009 ],[-0.12437527 -0.01988482]
4173,4.172999999999728,[ 0.56487093 -0.27004244],[-0.27722074  0.23871081],[-0.22630499  0.29649497],[-0.12429271 -0.01986714]
4174,4.173999999999729,[ 0.56459349 -0.26980343],[-0.27744704  0.23900731],[-0.22615393  0.29628981],[-0.12421014 -0.01984944]
4175,4.174999999999729,[ 0.56431581 -0.26956413],[-0.27767319  0.2393036 ],[-0.22600284  0.29608541],[-0.12412756 -0.01983171]
4176,4.175999999999729,[ 0.56403791 -0.26932453],[-0.2778992   0.23959968],[-0.22585171  0.29588176],[-0.12404496 -0.01981395]
4177,4.17699999999973,[ 0.56375979 -0.26908463],[-0.27812505  0.23989556],[-0.22570056  0.29567887],[-0.12396236 -0.01979617]
4178,4.17799999999973,[ 0.56348144 -0.26884444],[-0.27835075  0.24019124],[-0.22554937  0.29547672],[-0.12387974 -0.01977837]
4179,4.17899999999973,[ 0.56320286 -0.26860395],[-0.2785763   0.24048672],[-0.22539815  0.2952753 ],[-0.12379711 -0.01976054]
4180,4.179999999999731,[ 0.56292406 -0.26836317],[-0.2788017   0.24078199],[-0.2252469   0.29507462],[-0.12371446 -0.01974268]
4181,4.180999999999731,[ 0.56264503 -0.26812209],[-0.27902694  0.24107707],[-0.22509562  0.29487466],[-0.12363181 -0.0197248 ]
4182,4.181999999999731,[ 0.56236578 -0.26788072],[-0.27925204  0.24137194],[-0.22494431  0.29467543],[-0.12354914 -0.01970689]
4183,4.182999999999732,[ 0.5620863  -0.26763905],[-0.27947698  0.24166662],[-0.22479296  0.2944769 ],[-0.12346647 -0.01968896]
4184,4.183999999999732,[ 0.5618066  -0.26739709],[-0.27970178  0.2419611 ],[-0.22464159  0.29427909],[-0.12338378 -0.019671  ]
4185,4.184999999999732,[ 0.56152668 -0.26715484],[-0.27992642  0.24225538],[-0.22449019  0.29408197],[-0.12330108 -0.01965302]
4186,4.185999999999733,[ 0.56124652 -0.26691229],[-0.28015091  0.24254946],[-0.22433876  0.29388556],[-0.12321837 -0.01963501]
4187,4.186999999999733,[ 0.56096615 -0.26666945],[-0.28037525  0.24284334],[-0.2241873   0.29368983],[-0.12313565 -0.01961698]
4188,4.187999999999733,[ 0.56068555 -0.26642631],[-0.28059943  0.24313703],[-0.22403581  0.29349479],[-0.12305292 -0.01959892]
4189,4.188999999999734,[ 0.56040473 -0.26618288],[-0.28082347  0.24343053],[-0.22388429  0.29330042],[-0.12297018 -0.01958084]
4190,4.189999999999734,[ 0.56012368 -0.26593915],[-0.28104736  0.24372383],[-0.22373274  0.29310673],[-0.12288743 -0.01956273]
4191,4.190999999999734,[ 0.55984241 -0.26569514],[-0.28127109  0.24401693],[-0.22358116  0.29291371],[-0.12280467 -0.01954459]
4192,4.191999999999735,[ 0.55956091 -0.26545083],[-0.28149467  0.24430985],[-0.22342956  0.29272135],[-0.12272189 -0.01952643]
4193,4.192999999999735,[ 0.5592792  -0.26520622],[-0.2817181   0.24460257],[-0.22327793  0.29252965],[-0.12263911 -0.01950825]
4194,4.193999999999735,[ 0.55899725 -0.26496133],[-0.28194138  0.2448951 ],[-0.22312627  0.29233859],[-0.12255632 -0.01949004]
4195,4.194999999999736,[ 0.55871509 -0.26471614],[-0.2821645   0.24518744],[-0.22297459  0.29214818],[-0.12247352 -0.0194718 ]
4196,4.195999999999736,[ 0.5584327  -0.26447066],[-0.28238748  0.24547959],[-0.22282288  0.29195842],[-0.1223907  -0.01945354]
4197,4.196999999999736,[ 0.55815009 -0.26422489],[-0.2826103   0.24577154],[-0.22267114  0.29176928],[-0.12230788 -0.01943525]
4198,4.197999999999737,[ 0.55786726 -0.26397883],[-0.28283297  0.24606331],[-0.22251937  0.29158078],[-0.12222505 -0.01941694]
4199,4.198999999999737,[ 0.5575842  -0.26373247],[-0.28305549  0.24635489],[-0.22236758  0.2913929 ],[-0.12214221 -0.01939861]
4200,4.199999999999737,[ 0.55730093 -0.26348583],[-0.28327786  0.24664629],[-0.22221577  0.29120564],[-0.12205936 -0.01938025]
4201,4.200999999999738,[ 0.55701743 -0.26323889],[-0.28350007  0.24693749],[-0.22206393  0.291019  ],[-0.12197649 -0.01936186]
4202,4.201999999999738,[ 0.5567337  -0.26299166],[-0.28372214  0.24722851],[-0.22191206  0.29083296],[-0.12189362 -0.01934345]
4203,4.202999999999738,[ 0.55644976 -0.26274414],[-0.28394405  0.24751935],[-0.22176017  0.29064752],[-0.12181075 -0.01932501]
4204,4.203999999999739,[ 0.55616559 -0.26249633],[-0.28416581  0.24780999],[-0.22160826  0.29046269],[-0.12172786 -0.01930655]
4205,4.204999999999739,[ 0.55588121 -0.26224823],[-0.28438742  0.24810046],[-0.22145632  0.29027844],[-0.12164496 -0.01928807]
4206,4.205999999999739,[ 0.5555966  -0.26199984],[-0.28460887  0.24839073],[-0.22130435  0.29009478],[-0.12156206 -0.01926955]
4207,4.20699999999974,[ 0.55531177 -0.26175116],[-0.28483018  0.24868083],[-0.22115237  0.28991171],[-0.12147914 -0.01925102]
4208,4.20799999999974,[ 0.55502672 -0.26150219],[-0.28505133  0.24897074],[-0.22100035  0.28972922],[-0.12139622 -0.01923246]
4209,4.20899999999974,[ 0.55474144 -0.26125293],[-0.28527233  0.24926047],[-0.22084832  0.28954729],[-0.12131329 -0.01921387]
4210,4.209999999999741,[ 0.55445595 -0.26100338],[-0.28549318  0.24955002],[-0.22069626  0.28936594],[-0.12123035 -0.01919526]
4211,4.210999999999741,[ 0.55417024 -0.26075354],[-0.28571388  0.24983938],[-0.22054419  0.28918515],[-0.1211474  -0.01917663]
4212,4.211999999999741,[ 0.5538843  -0.26050341],[-0.28593442  0.25012857],[-0.22039208  0.28900491],[-0.12106444 -0.01915796]
4213,4.212999999999742,[ 0.55359815 -0.26025299],[-0.28615481  0.25041757],[-0.22023996  0.28882523],[-0.12098148 -0.01913928]
4214,4.213999999999742,[ 0.55331177 -0.26000229],[-0.28637505  0.2507064 ],[-0.22008781  0.2886461 ],[-0.1208985  -0.01912057]
4215,4.214999999999742,[ 0.55302518 -0.25975129],[-0.28659514  0.25099504],[-0.21993565  0.28846751],[-0.12081552 -0.01910183]
4216,4.215999999999743,[ 0.55273836 -0.25950001],[-0.28681508  0.25128351],[-0.21978346  0.28828946],[-0.12073254 -0.01908307]
4217,4.216999999999743,[ 0.55245133 -0.25924844],[-0.28703486  0.2515718 ],[-0.21963125  0.28811194],[-0.12064954 -0.01906429]
4218,4.217999999999743,[ 0.55216407 -0.25899658],[-0.28725449  0.25185991],[-0.21947902  0.28793496],[-0.12056654 -0.01904548]
4219,4.218999999999744,[ 0.5518766  -0.25874443],[-0.28747397  0.25214785],[-0.21932677  0.2877585 ],[-0.12048353 -0.01902665]
4220,4.219999999999744,[ 0.55158891 -0.25849199],[-0.2876933   0.25243561],[-0.2191745   0.28758255],[-0.12040051 -0.01900779]
4221,4.220999999999744,[ 0.55130099 -0.25823927],[-0.28791247  0.25272319],[-0.21902221  0.28740713],[-0.12031748 -0.0189889 ]
4222,4.221999999999745,[ 0.55101286 -0.25798626],[-0.28813149  0.2530106 ],[-0.2188699   0.28723221],[-0.12023445 -0.01896999]
4223,4.222999999999745,[ 0.55072451 -0.25773296],[-0.28835036  0.25329783],[-0.21871757  0.28705781],[-0.12015141 -0.01895106]
4224,4.223999999999745,[ 0.55043594 -0.25747938],[-0.28856908  0.25358489],[-0.21856522  0.2868839 ],[-0.12006836 -0.0189321 ]
4225,4.224999999999746,[ 0.55014715 -0.2572255 ],[-0.28878765  0.25387177],[-0.21841285  0.28671049],[-0.11998531 -0.01891312]
4226,4.225999999999746,[ 0.54985815 -0.25697135],[-0.28900606  0.25415848],[-0.21826047  0.28653758],[-0.11990225 -0.01889411]
4227,4.226999999999746,[ 0.54956892 -0.2567169 ],[-0.28922432  0.25444502],[-0.21810806  0.28636515],[-0.11981918 -0.01887508]
4228,4.227999999999747,[ 0.54927948 -0.25646217],[-0.28944243  0.25473138],[-0.21795564  0.28619321],[-0.11973611 -0.01885603]
4229,4.228999999999747,[ 0.54898982 -0.25620715],[-0.28966038  0.25501758],[-0.2178032   0.28602175],[-0.11965303 -0.01883694]
4230,4.229999999999747,[ 0.54869994 -0.25595185],[-0.28987819  0.2553036 ],[-0.21765074  0.28585076],[-0.11956994 -0.01881784]
4231,4.230999999999748,[ 0.54840985 -0.25569626],[-0.29009584  0.25558945],[-0.21749826  0.28568024],[-0.11948685 -0.01879871]
4232,4.231999999999748,[ 0.54811953 -0.25544038],[-0.29031334  0.25587513],[-0.21734577  0.2855102 ],[-0.11940375 -0.01877955]
4233,4.232999999999748,[ 0.547829   -0.25518422],[-0.29053068  0.25616064],[-0.21719326  0.28534061],[-0.11932064 -0.01876037]
4234,4.233999999999749,[ 0.54753825 -0.25492778],[-0.29074787  0.25644598],[-0.21704073  0.28517148],[-0.11923753 -0.01874117]
4235,4.234999999999749,[ 0.54724729 -0.25467105],[-0.29096491  0.25673115],[-0.21688819  0.28500281],[-0.11915442 -0.01872194]
4236,4.235999999999749,[ 0.54695611 -0.25441403],[-0.2911818   0.25701615],[-0.21673563  0.28483459],[-0.11907129 -0.01870269]
4237,4.23699999999975,[ 0.54666471 -0.25415673],[-0.29139854  0.25730099],[-0.21658306  0.28466681],[-0.11898817 -0.01868341]
4238,4.23799999999975,[ 0.54637309 -0.25389914],[-0.29161512  0.25758566],[-0.21643047  0.28449948],[-0.11890503 -0.01866411]
4239,4.23899999999975,[ 0.54608126 -0.25364127],[-0.29183155  0.25787016],[-0.21627786  0.28433258],[-0.11882189 -0.01864478]
4240,4.239999999999751,[ 0.54578922 -0.25338312],[-0.29204783  0.25815449],[-0.21612524  0.28416612],[-0.11873875 -0.01862543]
4241,4.240999999999751,[ 0.54549695 -0.25312468],[-0.29226396  0.25843865],[-0.21597261  0.28400009],[-0.1186556  -0.01860606]
4242,4.241999999999751,[ 0.54520447 -0.25286596],[-0.29247993  0.25872265],[-0.21581996  0.28383448],[-0.11857244 -0.01858666]
4243,4.242999999999752,[ 0.54491178 -0.25260695],[-0.29269575  0.25900649],[-0.2156673  0.2836693],[-0.11848928 -0.01856723]
4244,4.243999999999752,[ 0.54461886 -0.25234766],[-0.29291142  0.25929016],[-0.21551462  0.28350453],[-0.11840612 -0.01854778]
4245,4.244999999999752,[ 0.54432574 -0.25208809],[-0.29312693  0.25957366],[-0.21536193  0.28334018],[-0.11832295 -0.01852831]
4246,4.245999999999753,[ 0.54403239 -0.25182823],[-0.29334229  0.259857  ],[-0.21520922  0.28317624],[-0.11823978 -0.01850881]
4247,4.246999999999753,[ 0.54373884 -0.25156809],[-0.2935575   0.26014018],[-0.21505651  0.28301271],[-0.1181566  -0.01848929]
4248,4.247999999999753,[ 0.54344506 -0.25130767],[-0.29377256  0.26042319],[-0.21490377  0.28284957],[-0.11807341 -0.01846974]
4249,4.248999999999754,[ 0.54315108 -0.25104696],[-0.29398746  0.26070604],[-0.21475103  0.28268684],[-0.11799023 -0.01845017]
4250,4.249999999999754,[ 0.54285688 -0.25078597],[-0.29420221  0.26098873],[-0.21459827  0.2825245 ],[-0.11790703 -0.01843058]
4251,4.250999999999754,[ 0.54256246 -0.2505247 ],[-0.29441681  0.26127125],[-0.21444551  0.28236255],[-0.11782384 -0.01841096]
4252,4.251999999999755,[ 0.54226783 -0.25026315],[-0.29463126  0.26155362],[-0.21429273  0.28220099],[-0.11774064 -0.01839132]
4253,4.252999999999755,[ 0.54197298 -0.25000131],[-0.29484555  0.26183582],[-0.21413993  0.28203982],[-0.11765743 -0.01837165]
4254,4.253999999999755,[ 0.54167792 -0.24973919],[-0.29505969  0.26211786],[-0.21398713  0.28187902],[-0.11757423 -0.01835196]
4255,4.254999999999756,[ 0.54138265 -0.24947679],[-0.29527368  0.26239973],[-0.21383431  0.2817186 ],[-0.11749101 -0.01833224]
4256,4.255999999999756,[ 0.54108716 -0.24921411],[-0.29548751  0.26268145],[-0.21368149  0.28155855],[-0.1174078 -0.0183125]
4257,4.256999999999756,[ 0.54079146 -0.24895115],[-0.29570119  0.26296301],[-0.21352865  0.28139888],[-0.11732458 -0.01829274]
4258,4.257999999999757,[ 0.54049554 -0.2486879 ],[-0.29591472  0.26324441],[-0.2133758   0.28123957],[-0.11724136 -0.01827295]
4259,4.258999999999757,[ 0.54019942 -0.24842438],[-0.2961281   0.26352565],[-0.21322295  0.28108062],[-0.11715813 -0.01825313]
4260,4.259999999999757,[ 0.53990308 -0.24816057],[-0.29634132  0.26380673],[-0.21307008  0.28092202],[-0.1170749 -0.0182333]
4261,4.260999999999758,[ 0.53960652 -0.24789648],[-0.29655439  0.26408765],[-0.2129172   0.28076379],[-0.11699167 -0.01821343]
4262,4.261999999999758,[ 0.53930975 -0.24763212],[-0.29676731  0.26436842],[-0.21276432  0.2806059 ],[-0.11690843 -0.01819355]
4263,4.262999999999758,[ 0.53901277 -0.24736747],[-0.29698007  0.26464902],[-0.21261142  0.28044837],[-0.1168252  -0.01817364]
4264,4.263999999999759,[ 0.53871558 -0.24710254],[-0.29719268  0.26492947],[-0.21245851  0.28029118],[-0.11674195 -0.0181537 ]
4265,4.264999999999759,[ 0.53841818 -0.24683733],[-0.29740514  0.26520976],[-0.2123056   0.28013433],[-0.11665871 -0.01813375]
4266,4.265999999999759,[ 0.53812056 -0.24657184],[-0.29761745  0.2654899 ],[-0.21215268  0.27997781],[-0.11657546 -0.01811376]
4267,4.26699999999976,[ 0.53782273 -0.24630607],[-0.2978296   0.26576987],[-0.21199975  0.27982163],[-0.11649221 -0.01809376]
4268,4.26799999999976,[ 0.53752469 -0.24604002],[-0.2980416  0.2660497],[-0.21184681  0.27966579],[-0.11640896 -0.01807373]
4269,4.26899999999976,[ 0.53722643 -0.24577369],[-0.29825345  0.26632936],[-0.21169386  0.27951027],[-0.11632571 -0.01805367]
4270,4.269999999999761,[ 0.53692797 -0.24550708],[-0.29846514  0.26660887],[-0.21154091  0.27935507],[-0.11624245 -0.01803359]
4271,4.270999999999761,[ 0.53662929 -0.24524019],[-0.29867668  0.26688823],[-0.21138795  0.2792002 ],[-0.11615919 -0.01801349]
4272,4.271999999999761,[ 0.5363304  -0.24497302],[-0.29888807  0.26716743],[-0.21123498  0.27904564],[-0.11607593 -0.01799336]
4273,4.272999999999762,[ 0.5360313  -0.24470558],[-0.2990993   0.26744647],[-0.211082   0.2788914],[-0.11599267 -0.01797321]
4274,4.273999999999762,[ 0.53573199 -0.24443785],[-0.29931039  0.26772536],[-0.21092902  0.27873747],[-0.1159094  -0.01795304]
4275,4.274999999999762,[ 0.53543247 -0.24416985],[-0.29952131  0.2680041 ],[-0.21077603  0.27858385],[-0.11582614 -0.01793284]
4276,4.275999999999763,[ 0.53513274 -0.24390157],[-0.29973209  0.26828269],[-0.21062304  0.27843054],[-0.11574287 -0.01791262]
4277,4.276999999999763,[ 0.5348328 -0.243633 ],[-0.29994271  0.26856112],[-0.21047004  0.27827752],[-0.1156596  -0.01789237]
4278,4.277999999999763,[ 0.53453264 -0.24336416],[-0.30015318  0.26883939],[-0.21031703  0.27812481],[-0.11557633 -0.0178721 ]
4279,4.278999999999764,[ 0.53423228 -0.24309505],[-0.3003635   0.26911752],[-0.21016402  0.27797239],[-0.11549306 -0.0178518 ]
4280,4.279999999999764,[ 0.53393171 -0.24282565],[-0.30057366  0.26939549],[-0.210011    0.27782026],[-0.11540978 -0.01783148]
4281,4.280999999999764,[ 0.53363092 -0.24255598],[-0.30078368  0.26967331],[-0.20985798  0.27766843],[-0.11532651 -0.01781114]
4282,4.281999999999765,[ 0.53332993 -0.24228603],[-0.30099353  0.26995098],[-0.20970495  0.27751688],[-0.11524323 -0.01779078]
4283,4.282999999999765,[ 0.53302873 -0.2420158 ],[-0.30120324  0.2702285 ],[-0.20955192  0.27736561],[-0.11515996 -0.01777039]
4284,4.283999999999765,[ 0.53272731 -0.24174529],[-0.30141279  0.27050586],[-0.20939889  0.27721462],[-0.11507668 -0.01774997]
4285,4.284999999999766,[ 0.53242569 -0.24147451],[-0.30162219  0.27078308],[-0.20924585  0.27706392],[-0.1149934  -0.01772953]
4286,4.285999999999766,[ 0.53212386 -0.24120345],[-0.30183143  0.27106014],[-0.20909281  0.27691348],[-0.11491012 -0.01770907]
4287,4.286999999999766,[ 0.53182182 -0.24093211],[-0.30204053  0.27133705],[-0.20893976  0.27676332],[-0.11482684 -0.01768858]
4288,4.287999999999767,[ 0.53151957 -0.2406605 ],[-0.30224947  0.27161382],[-0.20878671  0.27661343],[-0.11474356 -0.01766807]
4289,4.288999999999767,[ 0.53121711 -0.24038861],[-0.30245825  0.27189043],[-0.20863366  0.2764638 ],[-0.11466028 -0.01764754]
4290,4.289999999999767,[ 0.53091445 -0.24011644],[-0.30266689  0.27216689],[-0.2084806   0.27631443],[-0.114577   -0.01762698]
4291,4.290999999999768,[ 0.53061157 -0.239844  ],[-0.30287537  0.27244321],[-0.20832755  0.27616533],[-0.11449372 -0.0176064 ]
4292,4.291999999999768,[ 0.53030849 -0.23957128],[-0.3030837   0.27271937],[-0.20817448  0.27601648],[-0.11441044 -0.0175858 ]
4293,4.292999999999768,[ 0.53000519 -0.23929828],[-0.30329187  0.27299539],[-0.20802142  0.27586789],[-0.11432716 -0.01756517]
4294,4.293999999999769,[ 0.52970169 -0.23902501],[-0.30349989  0.27327126],[-0.20786836  0.27571955],[-0.11424388 -0.01754451]
4295,4.294999999999769,[ 0.52939799 -0.23875147],[-0.30370776  0.27354698],[-0.20771529  0.27557145],[-0.1141606  -0.01752384]
4296,4.295999999999769,[ 0.52909407 -0.23847764],[-0.30391548  0.27382255],[-0.20756222  0.27542361],[-0.11407732 -0.01750314]
4297,4.29699999999977,[ 0.52878995 -0.23820355],[-0.30412304  0.27409797],[-0.20740916  0.275276  ],[-0.11399404 -0.01748241]
4298,4.29799999999977,[ 0.52848562 -0.23792917],[-0.30433045  0.27437325],[-0.20725609  0.27512864],[-0.11391076 -0.01746166]
4299,4.29899999999977,[ 0.52818108 -0.23765452],[-0.3045377   0.27464838],[-0.20710302  0.27498152],[-0.11382749 -0.01744089]
4300,4.299999999999771,[ 0.52787634 -0.2373796 ],[-0.30474481  0.27492336],[-0.20694995  0.27483463],[-0.11374421 -0.0174201 ]
4301,4.300999999999771,[ 0.52757138 -0.2371044 ],[-0.30495176  0.27519819],[-0.20679688  0.27468797],[-0.11366093 -0.01739928]
4302,4.301999999999771,[ 0.52726623 -0.23682893],[-0.30515855  0.27547288],[-0.2066438   0.27454154],[-0.11357766 -0.01737844]
4303,4.302999999999772,[ 0.52696086 -0.23655318],[-0.3053652   0.27574742],[-0.20649073  0.27439534],[-0.11349438 -0.01735757]
4304,4.303999999999772,[ 0.52665529 -0.23627716],[-0.30557169  0.27602182],[-0.20633766  0.27424937],[-0.11341111 -0.01733668]
4305,4.304999999999772,[ 0.52634951 -0.23600086],[-0.30577803  0.27629607],[-0.20618459  0.27410361],[-0.11332784 -0.01731576]
4306,4.305999999999773,[ 0.52604353 -0.23572429],[-0.30598421  0.27657017],[-0.20603153  0.27395808],[-0.11324457 -0.01729483]
4307,4.306999999999773,[ 0.52573734 -0.23544745],[-0.30619024  0.27684413],[-0.20587846  0.27381276],[-0.1131613  -0.01727387]
4308,4.307999999999773,[ 0.52543094 -0.23517033],[-0.30639612  0.27711794],[-0.20572539  0.27366766],[-0.11307803 -0.01725288]
4309,4.308999999999774,[ 0.52512434 -0.23489294],[-0.30660185  0.27739161],[-0.20557233  0.27352277],[-0.11299476 -0.01723187]
4310,4.309999999999774,[ 0.52481753 -0.23461527],[-0.30680742  0.27766513],[-0.20541926  0.27337809],[-0.1129115  -0.01721084]
4311,4.310999999999774,[ 0.52451052 -0.23433734],[-0.30701284  0.27793851],[-0.2052662   0.27323361],[-0.11282824 -0.01718979]
4312,4.311999999999775,[ 0.5242033  -0.23405912],[-0.3072181   0.27821175],[-0.20511314  0.27308934],[-0.11274498 -0.01716871]
4313,4.312999999999775,[ 0.52389588 -0.23378064],[-0.30742322  0.27848483],[-0.20496009  0.27294527],[-0.11266172 -0.0171476 ]
4314,4.313999999999775,[ 0.52358825 -0.23350188],[-0.30762818  0.27875778],[-0.20480704  0.2728014 ],[-0.11257846 -0.01712648]
4315,4.314999999999776,[ 0.52328042 -0.23322285],[-0.30783298  0.27903058],[-0.20465399  0.27265773],[-0.11249521 -0.01710533]
4316,4.315999999999776,[ 0.52297238 -0.23294355],[-0.30803764  0.27930324],[-0.20450094  0.27251425],[-0.11241196 -0.01708415]
4317,4.316999999999776,[ 0.52266414 -0.23266397],[-0.30824214  0.27957575],[-0.20434789  0.27237096],[-0.11232871 -0.01706296]
4318,4.317999999999777,[ 0.52235569 -0.23238412],[-0.30844649  0.27984812],[-0.20419485  0.27222787],[-0.11224546 -0.01704174]
4319,4.318999999999777,[ 0.52204704 -0.232104  ],[-0.30865068  0.28012035],[-0.20404182  0.27208496],[-0.11216222 -0.01702049]
4320,4.319999999999777,[ 0.52173818 -0.23182361],[-0.30885472  0.28039244],[-0.20388879  0.27194223],[-0.11207898 -0.01699922]
4321,4.320999999999778,[ 0.52142912 -0.23154295],[-0.30905861  0.28066438],[-0.20373576  0.27179969],[-0.11199574 -0.01697793]
4322,4.321999999999778,[ 0.52111986 -0.23126201],[-0.30926235  0.28093618],[-0.20358273  0.27165733],[-0.11191251 -0.01695662]
4323,4.322999999999778,[ 0.5208104 -0.2309808],[-0.30946593  0.28120784],[-0.20342972  0.27151515],[-0.11182927 -0.01693528]
4324,4.323999999999779,[ 0.52050073 -0.23069932],[-0.30966936  0.28147935],[-0.2032767   0.27137314],[-0.11174604 -0.01691392]
4325,4.324999999999779,[ 0.52019085 -0.23041757],[-0.30987264  0.28175072],[-0.20312369  0.27123131],[-0.11166282 -0.01689253]
4326,4.325999999999779,[ 0.51988078 -0.23013555],[-0.31007576  0.28202196],[-0.20297069  0.27108965],[-0.1115796  -0.01687113]
4327,4.32699999999978,[ 0.5195705  -0.22985326],[-0.31027873  0.28229305],[-0.20281769  0.27094815],[-0.11149638 -0.01684969]
4328,4.32799999999978,[ 0.51926002 -0.22957069],[-0.31048155  0.28256399],[-0.2026647   0.27080683],[-0.11141316 -0.01682824]
4329,4.32899999999978,[ 0.51894933 -0.22928786],[-0.31068421  0.2828348 ],[-0.20251172  0.27066566],[-0.11132995 -0.01680676]
4330,4.329999999999781,[ 0.51863845 -0.22900475],[-0.31088672  0.28310547],[-0.20235874  0.27052466],[-0.11124674 -0.01678526]
4331,4.330999999999781,[ 0.51832736 -0.22872138],[-0.31108908  0.28337599],[-0.20220576  0.27038382],[-0.11116354 -0.01676373]
4332,4.331999999999781,[ 0.51801607 -0.22843773],[-0.31129129  0.28364637],[-0.2020528   0.27024314],[-0.11108034 -0.01674218]
4333,4.332999999999782,[ 0.51770457 -0.22815381],[-0.31149334  0.28391662],[-0.20189984  0.27010262],[-0.11099714 -0.01672061]
4334,4.333999999999782,[ 0.51739288 -0.22786963],[-0.31169524  0.28418672],[-0.20174689  0.26996225],[-0.11091395 -0.01669902]
4335,4.334999999999782,[ 0.51708098 -0.22758517],[-0.31189699  0.28445668],[-0.20159394  0.26982203],[-0.11083076 -0.0166774 ]
4336,4.335999999999783,[ 0.51676888 -0.22730044],[-0.31209858  0.2847265 ],[-0.201441    0.26968195],[-0.11074758 -0.01665575]
4337,4.336999999999783,[ 0.51645658 -0.22701545],[-0.31230002  0.28499619],[-0.20128808  0.26954203],[-0.1106644  -0.01663409]
4338,4.337999999999783,[ 0.51614408 -0.22673018],[-0.31250131  0.28526573],[-0.20113515  0.26940225],[-0.11058123 -0.0166124 ]
4339,4.338999999999784,[ 0.51583138 -0.22644465],[-0.31270245  0.28553513],[-0.20098224  0.26926262],[-0.11049806 -0.01659069]
4340,4.339999999999784,[ 0.51551848 -0.22615884],[-0.31290343  0.28580439],[-0.20082934  0.26912313],[-0.11041489 -0.01656895]
4341,4.340999999999784,[ 0.51520537 -0.22587277],[-0.31310426  0.28607352],[-0.20067644  0.26898377],[-0.11033173 -0.01654719]
4342,4.341999999999785,[ 0.51489207 -0.22558643],[-0.31330494  0.2863425 ],[-0.20052356  0.26884456],[-0.11024858 -0.01652541]
4343,4.342999999999785,[ 0.51457856 -0.22529982],[-0.31350546  0.28661134],[-0.20037068  0.26870547],[-0.11016543 -0.01650361]
4344,4.343999999999785,[ 0.51426486 -0.22501294],[-0.31370583  0.28688005],[-0.20021781  0.26856653],[-0.11008228 -0.01648178]
4345,4.344999999999786,[ 0.51395095 -0.22472579],[-0.31390605  0.28714862],[-0.20006495  0.26842771],[-0.10999914 -0.01645992]
4346,4.345999999999786,[ 0.51363684 -0.22443837],[-0.31410611  0.28741704],[-0.1999121   0.26828902],[-0.10991601 -0.01643805]
4347,4.346999999999786,[ 0.51332254 -0.22415068],[-0.31430602  0.28768533],[-0.19975926  0.26815046],[-0.10983288 -0.01641615]
4348,4.347999999999787,[ 0.51300803 -0.22386273],[-0.31450578  0.28795348],[-0.19960644  0.26801203],[-0.10974976 -0.01639423]
4349,4.348999999999787,[ 0.51269333 -0.22357451],[-0.31470539  0.2882215 ],[-0.19945362  0.26787372],[-0.10966664 -0.01637228]
4350,4.349999999999787,[ 0.51237842 -0.22328602],[-0.31490484  0.28848937],[-0.19930081  0.26773553],[-0.10958353 -0.01635032]
4351,4.350999999999788,[ 0.51206332 -0.22299726],[-0.31510414  0.28875711],[-0.19914801  0.26759746],[-0.10950042 -0.01632833]
4352,4.351999999999788,[ 0.51174801 -0.22270824],[-0.31530329  0.2890247 ],[-0.19899523  0.2674595 ],[-0.10941732 -0.01630631]
4353,4.352999999999788,[ 0.51143251 -0.22241895],[-0.31550229  0.28929216],[-0.19884246  0.26732167],[-0.10933423 -0.01628427]
4354,4.353999999999789,[ 0.51111681 -0.22212939],[-0.31570113  0.28955948],[-0.19868969  0.26718395],[-0.10925114 -0.01626221]
4355,4.354999999999789,[ 0.51080091 -0.22183956],[-0.31589982  0.28982667],[-0.19853694  0.26704634],[-0.10916806 -0.01624013]
4356,4.355999999999789,[ 0.51048481 -0.22154947],[-0.31609836  0.29009371],[-0.1983842   0.26690884],[-0.10908498 -0.01621802]
4357,4.35699999999979,[ 0.51016852 -0.22125911],[-0.31629674  0.29036062],[-0.19823148  0.26677145],[-0.10900191 -0.01619589]
4358,4.35799999999979,[ 0.50985202 -0.22096848],[-0.31649497  0.29062739],[-0.19807876  0.26663416],[-0.10891885 -0.01617374]
4359,4.35899999999979,[ 0.50953533 -0.22067758],[-0.31669305  0.29089403],[-0.19792606  0.26649698],[-0.1088358  -0.01615156]
4360,4.359999999999791,[ 0.50921844 -0.22038642],[-0.31689098  0.29116053],[-0.19777337  0.26635991],[-0.10875275 -0.01612936]
4361,4.360999999999791,[ 0.50890135 -0.220095  ],[-0.31708875  0.29142689],[-0.1976207   0.26622293],[-0.1086697  -0.01610714]
4362,4.361999999999791,[ 0.50858406 -0.2198033 ],[-0.31728637  0.29169311],[-0.19746803  0.26608606],[-0.10858667 -0.01608489]
4363,4.362999999999792,[ 0.50826658 -0.21951135],[-0.31748384  0.29195919],[-0.19731538  0.26594928],[-0.10850364 -0.01606263]
4364,4.363999999999792,[ 0.5079489  -0.21921912],[-0.31768115  0.29222514],[-0.19716275  0.2658126 ],[-0.10842062 -0.01604033]
4365,4.364999999999792,[ 0.50763102 -0.21892663],[-0.31787832  0.29249096],[-0.19701013  0.26567602],[-0.10833761 -0.01601802]
4366,4.365999999999793,[ 0.50731294 -0.21863387],[-0.31807533  0.29275663],[-0.19685752  0.26553952],[-0.1082546  -0.01599568]
4367,4.366999999999793,[ 0.50699467 -0.21834085],[-0.31827219  0.29302217],[-0.19670493  0.26540312],[-0.1081716  -0.01597332]
4368,4.367999999999793,[ 0.5066762  -0.21804756],[-0.31846889  0.29328758],[-0.19655235  0.26526681],[-0.10808861 -0.01595094]
4369,4.368999999999794,[ 0.50635754 -0.21775401],[-0.31866544  0.29355284],[-0.19639978  0.26513059],[-0.10800562 -0.01592853]
4370,4.369999999999794,[ 0.50603867 -0.21746019],[-0.31886184  0.29381797],[-0.19624723  0.26499445],[-0.10792265 -0.0159061 ]
4371,4.370999999999794,[ 0.50571962 -0.21716611],[-0.31905809  0.29408297],[-0.1960947   0.26485839],[-0.10783968 -0.01588365]
4372,4.371999999999795,[ 0.50540036 -0.21687176],[-0.31925418  0.29434783],[-0.19594218  0.26472242],[-0.10775672 -0.01586117]
4373,4.372999999999795,[ 0.50508091 -0.21657715],[-0.31945013  0.29461255],[-0.19578968  0.26458653],[-0.10767376 -0.01583867]
4374,4.373999999999795,[ 0.50476127 -0.21628227],[-0.31964592  0.29487713],[-0.19563719  0.26445072],[-0.10759082 -0.01581615]
4375,4.374999999999796,[ 0.50444142 -0.21598713],[-0.31984155  0.29514159],[-0.19548472  0.26431499],[-0.10750788 -0.0157936 ]
4376,4.375999999999796,[ 0.50412139 -0.21569172],[-0.32003704  0.2954059 ],[-0.19533227  0.26417933],[-0.10742495 -0.01577104]
4377,4.376999999999796,[ 0.50380116 -0.21539605],[-0.32023237  0.29567008],[-0.19517983  0.26404375],[-0.10734203 -0.01574844]
4378,4.377999999999797,[ 0.50348073 -0.21510012],[-0.32042755  0.29593412],[-0.1950274   0.26390824],[-0.10725912 -0.01572583]
4379,4.378999999999797,[ 0.5031601  -0.21480392],[-0.32062258  0.29619803],[-0.194875    0.26377281],[-0.10717622 -0.01570319]
4380,4.379999999999797,[ 0.50283929 -0.21450746],[-0.32081745  0.2964618 ],[-0.19472261  0.26363744],[-0.10709332 -0.01568053]
4381,4.380999999999798,[ 0.50251828 -0.21421073],[-0.32101217  0.29672544],[-0.19457024  0.26350215],[-0.10701044 -0.01565785]
4382,4.381999999999798,[ 0.50219707 -0.21391375],[-0.32120675  0.29698894],[-0.19441789  0.26336691],[-0.10692756 -0.01563515]
4383,4.382999999999798,[ 0.50187567 -0.21361649],[-0.32140116  0.29725231],[-0.19426555  0.26323175],[-0.10684469 -0.01561242]
4384,4.383999999999799,[ 0.50155407 -0.21331898],[-0.32159543  0.29751554],[-0.19411323  0.26309665],[-0.10676183 -0.01558967]
4385,4.384999999999799,[ 0.50123228 -0.2130212 ],[-0.32178954  0.29777864],[-0.19396093  0.26296161],[-0.10667898 -0.01556689]
4386,4.385999999999799,[ 0.5009103  -0.21272316],[-0.3219835  0.2980416],[-0.19380865  0.26282663],[-0.10659614 -0.0155441 ]
4387,4.3869999999998,[ 0.50058812 -0.21242485],[-0.32217731  0.29830443],[-0.19365638  0.26269172],[-0.10651331 -0.01552128]
4388,4.3879999999998,[ 0.50026575 -0.21212629],[-0.32237097  0.29856712],[-0.19350414  0.26255686],[-0.10643049 -0.01549843]
4389,4.3889999999998,[ 0.49994319 -0.21182746],[-0.32256447  0.29882968],[-0.19335191  0.26242206],[-0.10634768 -0.01547557]
4390,4.389999999999801,[ 0.49962043 -0.21152836],[-0.32275782  0.2990921 ],[-0.19319971  0.26228731],[-0.10626487 -0.01545268]
4391,4.390999999999801,[ 0.49929748 -0.21122901],[-0.32295102  0.29935439],[-0.19304752  0.26215262],[-0.10618208 -0.01542977]
4392,4.391999999999801,[ 0.49897433 -0.21092939],[-0.32314407  0.29961654],[-0.19289535  0.26201797],[-0.1060993  -0.01540684]
4393,4.392999999999802,[ 0.498651   -0.21062951],[-0.32333697  0.29987856],[-0.1927432   0.26188338],[-0.10601653 -0.01538388]
4394,4.393999999999802,[ 0.49832747 -0.21032937],[-0.32352971  0.30014044],[-0.19259107  0.26174884],[-0.10593376 -0.0153609 ]
4395,4.394999999999802,[ 0.49800374 -0.21002897],[-0.3237223   0.30040219],[-0.19243897  0.26161435],[-0.10585101 -0.0153379 ]
4396,4.395999999999803,[ 0.49767983 -0.20972831],[-0.32391474  0.3006638 ],[-0.19228688  0.26147991],[-0.10576827 -0.01531487]
4397,4.396999999999803,[ 0.49735572 -0.20942738],[-0.32410703  0.30092528],[-0.19213481  0.26134551],[-0.10568553 -0.01529182]
4398,4.397999999999803,[ 0.49703142 -0.2091262 ],[-0.32429916  0.30118663],[-0.19198276  0.26121115],[-0.10560281 -0.01526875]
4399,4.398999999999804,[ 0.49670693 -0.20882475],[-0.32449114  0.30144784],[-0.19183074  0.26107684],[-0.1055201  -0.01524566]
4400,4.399999999999804,[ 0.49638225 -0.20852304],[-0.32468297  0.30170892],[-0.19167873  0.26094257],[-0.1054374  -0.01522254]
4401,4.400999999999804,[ 0.49605737 -0.20822107],[-0.32487465  0.30196986],[-0.19152675  0.26080834],[-0.10535471 -0.01519941]
4402,4.401999999999805,[ 0.49573231 -0.20791884],[-0.32506618  0.30223067],[-0.19137479  0.26067415],[-0.10527203 -0.01517624]
4403,4.402999999999805,[ 0.49540705 -0.20761635],[-0.32525756  0.30249134],[-0.19122284  0.26053999],[-0.10518936 -0.01515306]
4404,4.403999999999805,[ 0.4950816 -0.2073136],[-0.32544878  0.30275188],[-0.19107093  0.26040587],[-0.1051067  -0.01512985]
4405,4.404999999999806,[ 0.49475596 -0.20701058],[-0.32563985  0.30301229],[-0.19091903  0.26027179],[-0.10502405 -0.01510662]
4406,4.405999999999806,[ 0.49443013 -0.20670731],[-0.32583077  0.30327256],[-0.19076716  0.26013774],[-0.10494142 -0.01508337]
4407,4.406999999999806,[ 0.49410411 -0.20640378],[-0.32602154  0.3035327 ],[-0.1906153   0.26000372],[-0.10485879 -0.0150601 ]
4408,4.407999999999807,[ 0.4937779  -0.20609999],[-0.32621215  0.3037927 ],[-0.19046348  0.25986973],[-0.10477618 -0.0150368 ]
4409,4.408999999999807,[ 0.4934515  -0.20579593],[-0.32640261  0.30405257],[-0.19031167  0.25973578],[-0.10469358 -0.01501348]
4410,4.409999999999807,[ 0.4931249  -0.20549162],[-0.32659293  0.30431231],[-0.19015989  0.25960185],[-0.10461099 -0.01499014]
4411,4.410999999999808,[ 0.49279812 -0.20518705],[-0.32678309  0.30457191],[-0.19000813  0.25946795],[-0.10452841 -0.01496677]
4412,4.411999999999808,[ 0.49247115 -0.20488222],[-0.32697309  0.30483138],[-0.18985639  0.25933407],[-0.10444585 -0.01494339]
4413,4.412999999999808,[ 0.49214398 -0.20457713],[-0.32716295  0.30509071],[-0.18970468  0.25920022],[-0.10436329 -0.01491997]
4414,4.413999999999809,[ 0.49181663 -0.20427178],[-0.32735265  0.30534991],[-0.18955299  0.25906639],[-0.10428075 -0.01489654]
4415,4.414999999999809,[ 0.49148909 -0.20396617],[-0.32754221  0.30560898],[-0.18940133  0.25893259],[-0.10419822 -0.01487309]
4416,4.415999999999809,[ 0.49116136 -0.2036603 ],[-0.32773161  0.30586791],[-0.18924969  0.25879881],[-0.1041157  -0.01484961]
4417,4.41699999999981,[ 0.49083344 -0.20335417],[-0.32792086  0.30612671],[-0.18909807  0.25866504],[-0.10403319 -0.01482611]
4418,4.41799999999981,[ 0.49050533 -0.20304779],[-0.32810996  0.30638537],[-0.18894648  0.2585313 ],[-0.1039507  -0.01480258]
4419,4.41899999999981,[ 0.49017703 -0.20274114],[-0.3282989  0.3066439],[-0.18879492  0.25839757],[-0.10386821 -0.01477904]
4420,4.419999999999811,[ 0.48984854 -0.20243424],[-0.3284877  0.3069023],[-0.18864337  0.25826386],[-0.10378575 -0.01475547]
4421,4.420999999999811,[ 0.48951986 -0.20212708],[-0.32867634  0.30716057],[-0.18849186  0.25813017],[-0.10370329 -0.01473188]
4422,4.421999999999811,[ 0.489191   -0.20181966],[-0.32886483  0.3074187 ],[-0.18834037  0.25799649],[-0.10362084 -0.01470826]
4423,4.422999999999812,[ 0.48886194 -0.20151199],[-0.32905317  0.30767669],[-0.18818891  0.25786282],[-0.10353841 -0.01468463]
4424,4.423999999999812,[ 0.4885327  -0.20120405],[-0.32924136  0.30793455],[-0.18803747  0.25772917],[-0.10345599 -0.01466097]
4425,4.424999999999812,[ 0.48820327 -0.20089586],[-0.3294294   0.30819228],[-0.18788606  0.25759553],[-0.10337359 -0.01463729]
4426,4.425999999999813,[ 0.48787366 -0.20058741],[-0.32961729  0.30844988],[-0.18773467  0.25746189],[-0.1032912  -0.01461359]
4427,4.426999999999813,[ 0.48754385 -0.2002787 ],[-0.32980502  0.30870734],[-0.18758331  0.25732827],[-0.10320882 -0.01458986]
4428,4.427999999999813,[ 0.48721386 -0.19996974],[-0.3299926   0.30896467],[-0.18743198  0.25719465],[-0.10312645 -0.01456611]
4429,4.428999999999814,[ 0.48688368 -0.19966051],[-0.33018004  0.30922186],[-0.18728067  0.25706104],[-0.1030441  -0.01454234]
4430,4.429999999999814,[ 0.48655331 -0.19935104],[-0.33036732  0.30947893],[-0.18712939  0.25692743],[-0.10296176 -0.01451855]
4431,4.430999999999814,[ 0.48622276 -0.1990413 ],[-0.33055445  0.30973585],[-0.18697814  0.25679383],[-0.10287943 -0.01449473]
4432,4.431999999999815,[ 0.48589202 -0.19873131],[-0.33074142  0.30999265],[-0.18682692  0.25666023],[-0.10279712 -0.01447089]
4433,4.432999999999815,[ 0.48556109 -0.19842106],[-0.33092825  0.31024931],[-0.18667572  0.25652663],[-0.10271482 -0.01444703]
4434,4.433999999999815,[ 0.48522997 -0.19811055],[-0.33111493  0.31050583],[-0.18652455  0.25639304],[-0.10263254 -0.01442315]
4435,4.434999999999816,[ 0.48489867 -0.19779979],[-0.33130145  0.31076223],[-0.18637341  0.25625944],[-0.10255027 -0.01439924]
4436,4.435999999999816,[ 0.48456718 -0.19748877],[-0.33148782  0.31101849],[-0.1862223   0.25612585],[-0.10246801 -0.01437532]
4437,4.436999999999816,[ 0.48423551 -0.1971775 ],[-0.33167405  0.31127461],[-0.18607122  0.25599225],[-0.10238577 -0.01435137]
4438,4.437999999999817,[ 0.48390365 -0.19686597],[-0.33186012  0.3115306 ],[-0.18592016  0.25585865],[-0.10230354 -0.01432739]
4439,4.438999999999817,[ 0.4835716  -0.19655418],[-0.33204604  0.31178646],[-0.18576914  0.25572505],[-0.10222133 -0.0143034 ]
4440,4.439999999999817,[ 0.48323937 -0.19624214],[-0.33223181  0.31204219],[-0.18561814  0.25559144],[-0.10213913 -0.01427938]
4441,4.440999999999818,[ 0.48290695 -0.19592984],[-0.33241743  0.31229778],[-0.18546717  0.25545782],[-0.10205694 -0.01425534]
4442,4.441999999999818,[ 0.48257435 -0.19561729],[-0.33260289  0.31255324],[-0.18531624  0.2553242 ],[-0.10197477 -0.01423128]
4443,4.442999999999818,[ 0.48224156 -0.19530448],[-0.33278821  0.31280856],[-0.18516533  0.25519057],[-0.10189261 -0.0142072 ]
4444,4.443999999999819,[ 0.48190859 -0.19499141],[-0.33297337  0.31306375],[-0.18501445  0.25505693],[-0.10181047 -0.01418309]
4445,4.444999999999819,[ 0.48157543 -0.1946781 ],[-0.33315839  0.31331881],[-0.1848636   0.25492328],[-0.10172835 -0.01415896]
4446,4.445999999999819,[ 0.48124209 -0.19436452],[-0.33334325  0.31357373],[-0.18471278  0.25478962],[-0.10164624 -0.01413481]
4447,4.44699999999982,[ 0.48090856 -0.19405069],[-0.33352797  0.31382852],[-0.18456199  0.25465595],[-0.10156414 -0.01411064]
4448,4.44799999999982,[ 0.48057485 -0.19373661],[-0.33371253  0.31408318],[-0.18441124  0.25452226],[-0.10148206 -0.01408644]
4449,4.44899999999982,[ 0.48024095 -0.19342227],[-0.33389694  0.3143377 ],[-0.18426051  0.25438857],[-0.10139999 -0.01406222]
4450,4.449999999999821,[ 0.47990687 -0.19310768],[-0.3340812   0.31459209],[-0.18410981  0.25425485],[-0.10131794 -0.01403798]
4451,4.450999999999821,[ 0.4795726  -0.19279283],[-0.33426531  0.31484634],[-0.18395915  0.25412113],[-0.10123591 -0.01401372]
4452,4.451999999999821,[ 0.47923815 -0.19247773],[-0.33444927  0.31510046],[-0.18380852  0.25398738],[-0.10115389 -0.01398944]
4453,4.452999999999822,[ 0.47890352 -0.19216238],[-0.33463308  0.31535445],[-0.18365791  0.25385362],[-0.10107188 -0.01396513]
4454,4.453999999999822,[ 0.4785687  -0.19184677],[-0.33481673  0.31560831],[-0.18350734  0.25371984],[-0.10098989 -0.0139408 ]
4455,4.454999999999822,[ 0.4782337  -0.19153091],[-0.33500024  0.31586203],[-0.18335681  0.25358604],[-0.10090792 -0.01391645]
4456,4.455999999999823,[ 0.47789852 -0.19121479],[-0.3351836   0.31611561],[-0.1832063   0.25345222],[-0.10082596 -0.01389208]
4457,4.456999999999823,[ 0.47756315 -0.19089842],[-0.3353668   0.31636906],[-0.18305583  0.25331838],[-0.10074402 -0.01386768]
4458,4.457999999999823,[ 0.4772276 -0.1905818],[-0.33554986  0.31662238],[-0.18290538  0.25318452],[-0.1006621  -0.01384326]
4459,4.458999999999824,[ 0.47689187 -0.19026493],[-0.33573277  0.31687557],[-0.18275498  0.25305064],[-0.10058019 -0.01381882]
4460,4.459999999999824,[ 0.47655596 -0.1899478 ],[-0.33591552  0.31712862],[-0.1826046   0.25291673],[-0.1004983  -0.01379436]
4461,4.460999999999824,[ 0.47621986 -0.18963042],[-0.33609813  0.31738153],[-0.18245426  0.2527828 ],[-0.10041642 -0.01376987]
4462,4.461999999999825,[ 0.47588358 -0.18931278],[-0.33628058  0.31763432],[-0.18230395  0.25264884],[-0.10033456 -0.01374537]
4463,4.462999999999825,[ 0.47554711 -0.18899489],[-0.33646288  0.31788697],[-0.18215367  0.25251486],[-0.10025272 -0.01372084]
4464,4.463999999999825,[ 0.47521047 -0.18867676],[-0.33664504  0.31813948],[-0.18200343  0.25238085],[-0.10017089 -0.01369629]
4465,4.464999999999826,[ 0.47487364 -0.18835836],[-0.33682704  0.31839186],[-0.18185322  0.25224681],[-0.10008908 -0.01367172]
4466,4.465999999999826,[ 0.47453663 -0.18803972],[-0.33700889  0.31864411],[-0.18170305  0.25211274],[-0.10000729 -0.01364712]
4467,4.466999999999826,[ 0.47419944 -0.18772082],[-0.3371906   0.31889622],[-0.18155291  0.25197864],[-0.09992551 -0.0136225 ]
4468,4.467999999999827,[ 0.47386207 -0.18740167],[-0.33737215  0.3191482 ],[-0.1814028   0.25184452],[-0.09984375 -0.01359786]
4469,4.468999999999827,[ 0.47352452 -0.18708227],[-0.33755355  0.31940004],[-0.18125273  0.25171036],[-0.09976201 -0.0135732 ]
4470,4.4699999999998274,[ 0.47318678 -0.18676262],[-0.33773481  0.31965175],[-0.18110269  0.25157617],[-0.09968029 -0.01354852]
4471,4.470999999999828,[ 0.47284887 -0.18644272],[-0.33791591  0.31990333],[-0.18095269  0.25144195],[-0.09959858 -0.01352381]
4472,4.471999999999828,[ 0.47251077 -0.18612256],[-0.33809686  0.32015477],[-0.18080273  0.2513077 ],[-0.09951689 -0.01349909]
4473,4.4729999999998284,[ 0.47217249 -0.18580216],[-0.33827766  0.32040608],[-0.1806528   0.25117341],[-0.09943522 -0.01347434]
4474,4.473999999999829,[ 0.47183403 -0.1854815 ],[-0.33845832  0.32065725],[-0.1805029   0.25103908],[-0.09935356 -0.01344957]
4475,4.474999999999829,[ 0.47149539 -0.18516059],[-0.33863882  0.32090829],[-0.18035304  0.25090472],[-0.09927192 -0.01342477]
4476,4.4759999999998294,[ 0.47115658 -0.18483943],[-0.33881917  0.3211592 ],[-0.18020322  0.25077033],[-0.0991903  -0.01339996]
4477,4.47699999999983,[ 0.47081758 -0.18451802],[-0.33899938  0.32140997],[-0.18005343  0.25063589],[-0.0991087  -0.01337512]
4478,4.47799999999983,[ 0.4704784  -0.18419636],[-0.33917943  0.3216606 ],[-0.17990368  0.25050142],[-0.09902712 -0.01335026]
4479,4.4789999999998305,[ 0.47013904 -0.18387445],[-0.33935933  0.3219111 ],[-0.17975396  0.25036691],[-0.09894555 -0.01332538]
4480,4.479999999999831,[ 0.4697995  -0.18355229],[-0.33953909  0.32216147],[-0.17960428  0.25023236],[-0.098864   -0.01330047]
4481,4.480999999999831,[ 0.46945978 -0.18322988],[-0.33971869  0.3224117 ],[-0.17945464  0.25009777],[-0.09878247 -0.01327555]
4482,4.4819999999998315,[ 0.46911988 -0.18290722],[-0.33989815  0.3226618 ],[-0.17930504  0.24996314],[-0.09870096 -0.0132506 ]
4483,4.482999999999832,[ 0.4687798  -0.18258431],[-0.34007745  0.32291176],[-0.17915547  0.24982847],[-0.09861947 -0.01322563]
4484,4.483999999999832,[ 0.46843955 -0.18226114],[-0.34025661  0.32316159],[-0.17900594  0.24969376],[-0.09853799 -0.01320064]
4485,4.4849999999998325,[ 0.46809911 -0.18193773],[-0.34043561  0.32341129],[-0.17885645  0.249559  ],[-0.09845654 -0.01317563]
4486,4.485999999999833,[ 0.4677585  -0.18161407],[-0.34061447  0.32366085],[-0.17870699  0.2494242 ],[-0.0983751  -0.01315059]
4487,4.486999999999833,[ 0.4674177  -0.18129016],[-0.34079318  0.32391027],[-0.17855758  0.24928935],[-0.09829368 -0.01312553]
4488,4.4879999999998335,[ 0.46707673 -0.180966  ],[-0.34097173  0.32415956],[-0.1784082   0.24915446],[-0.09821228 -0.01310046]
4489,4.488999999999834,[ 0.46673558 -0.18064159],[-0.34115014  0.32440871],[-0.17825886  0.24901952],[-0.0981309  -0.01307535]
4490,4.489999999999834,[ 0.46639425 -0.18031694],[-0.3413284   0.32465773],[-0.17810955  0.24888454],[-0.09804954 -0.01305023]
4491,4.4909999999998345,[ 0.46605275 -0.17999203],[-0.34150651  0.32490662],[-0.17796029  0.24874951],[-0.0979682  -0.01302509]
4492,4.491999999999835,[ 0.46571106 -0.17966687],[-0.34168447  0.32515537],[-0.17781107  0.24861443],[-0.09788687 -0.01299992]
4493,4.492999999999835,[ 0.4653692  -0.17934147],[-0.34186228  0.32540398],[-0.17766188  0.2484793 ],[-0.09780557 -0.01297473]
4494,4.4939999999998355,[ 0.46502716 -0.17901582],[-0.34203994  0.32565246],[-0.17751273  0.24834413],[-0.09772428 -0.01294952]
4495,4.494999999999836,[ 0.46468494 -0.17868992],[-0.34221746  0.32590081],[-0.17736363  0.2482089 ],[-0.09764302 -0.01292429]
4496,4.495999999999836,[ 0.46434255 -0.17836377],[-0.34239482  0.32614901],[-0.17721456  0.24807362],[-0.09756177 -0.01289904]
4497,4.4969999999998365,[ 0.46399998 -0.17803737],[-0.34257203  0.32639709],[-0.17706553  0.2479383 ],[-0.09748054 -0.01287376]
4498,4.497999999999837,[ 0.46365723 -0.17771073],[-0.3427491   0.32664503],[-0.17691655  0.24780292],[-0.09739934 -0.01284846]
4499,4.498999999999837,[ 0.4633143  -0.17738383],[-0.34292602  0.32689283],[-0.1767676   0.24766748],[-0.09731815 -0.01282314]
4500,4.4999999999998375,[ 0.4629712  -0.17705669],[-0.34310278  0.3271405 ],[-0.17661869  0.247532  ],[-0.09723698 -0.0127978 ]
4501,4.500999999999838,[ 0.46262792 -0.1767293 ],[-0.3432794   0.32738803],[-0.17646982  0.24739646],[-0.09715584 -0.01277244]
4502,4.501999999999838,[ 0.46228446 -0.17640167],[-0.34345587  0.32763543],[-0.176321    0.24726087],[-0.09707471 -0.01274706]
4503,4.5029999999998385,[ 0.46194083 -0.17607379],[-0.34363219  0.32788269],[-0.17617221  0.24712522],[-0.0969936  -0.01272165]
4504,4.503999999999839,[ 0.46159702 -0.17574566],[-0.34380837  0.32812981],[-0.17602347  0.24698951],[-0.09691252 -0.01269622]
4505,4.504999999999839,[ 0.46125304 -0.17541728],[-0.34398439  0.3283768 ],[-0.17587477  0.24685375],[-0.09683145 -0.01267077]
4506,4.5059999999998395,[ 0.46090888 -0.17508866],[-0.34416026  0.32862365],[-0.17572611  0.24671793],[-0.0967504 -0.0126453]
4507,4.50699999999984,[ 0.46056454 -0.17475979],[-0.34433599  0.32887037],[-0.17557749  0.24658206],[-0.09666938 -0.01261981]
4508,4.50799999999984,[ 0.46022003 -0.17443067],[-0.34451157  0.32911695],[-0.17542891  0.24644613],[-0.09658838 -0.01259429]
4509,4.5089999999998405,[ 0.45987534 -0.1741013 ],[-0.344687   0.3293634],[-0.17528037  0.24631014],[-0.09650739 -0.01256876]
4510,4.509999999999841,[ 0.45953048 -0.1737717 ],[-0.34486228  0.32960971],[-0.17513188  0.24617408],[-0.09642643 -0.0125432 ]
4511,4.510999999999841,[ 0.45918544 -0.17344184],[-0.34503741  0.32985589],[-0.17498343  0.24603797],[-0.09634549 -0.01251762]
4512,4.5119999999998415,[ 0.45884023 -0.17311174],[-0.34521239  0.33010192],[-0.17483502  0.2459018 ],[-0.09626457 -0.01249202]
4513,4.512999999999842,[ 0.45849484 -0.17278139],[-0.34538723  0.33034782],[-0.17468665  0.24576557],[-0.09618367 -0.01246639]
4514,4.513999999999842,[ 0.45814928 -0.1724508 ],[-0.34556191  0.33059359],[-0.17453833  0.24562928],[-0.09610279 -0.01244075]
4515,4.5149999999998425,[ 0.45780355 -0.17211996],[-0.34573645  0.33083922],[-0.17439005  0.24549292],[-0.09602193 -0.01241508]
4516,4.515999999999843,[ 0.45745764 -0.17178887],[-0.34591084  0.33108471],[-0.17424181  0.2453565 ],[-0.0959411  -0.01238939]
4517,4.516999999999843,[ 0.45711155 -0.17145754],[-0.34608508  0.33133007],[-0.17409362  0.24522002],[-0.09586028 -0.01236368]
4518,4.5179999999998435,[ 0.45676529 -0.17112597],[-0.34625918  0.33157529],[-0.17394547  0.24508348],[-0.09577949 -0.01233795]
4519,4.518999999999844,[ 0.45641886 -0.17079415],[-0.34643312  0.33182037],[-0.17379736  0.24494687],[-0.09569872 -0.0123122 ]
4520,4.519999999999844,[ 0.45607225 -0.17046208],[-0.34660692  0.33206532],[-0.1736493  0.2448102],[-0.09561797 -0.01228642]
4521,4.5209999999998445,[ 0.45572547 -0.17012977],[-0.34678057  0.33231013],[-0.17350128  0.24467346],[-0.09553724 -0.01226063]
4522,4.521999999999845,[ 0.45537852 -0.16979722],[-0.34695407  0.3325548 ],[-0.1733533   0.24453665],[-0.09545653 -0.01223481]
4523,4.522999999999845,[ 0.45503139 -0.16946442],[-0.34712742  0.33279934],[-0.17320537  0.24439978],[-0.09537585 -0.01220897]
4524,4.5239999999998455,[ 0.45468409 -0.16913137],[-0.34730063  0.33304374],[-0.17305749  0.24426284],[-0.09529519 -0.01218311]
4525,4.524999999999846,[ 0.45433661 -0.16879808],[-0.34747369  0.333288  ],[-0.17290965  0.24412584],[-0.09521455 -0.01215723]
4526,4.525999999999846,[ 0.45398897 -0.16846455],[-0.3476466   0.33353213],[-0.17276185  0.24398876],[-0.09513393 -0.01213132]
4527,4.5269999999998465,[ 0.45364115 -0.16813078],[-0.34781936  0.33377612],[-0.1726141   0.24385162],[-0.09505334 -0.0121054 ]
4528,4.527999999999847,[ 0.45329316 -0.16779676],[-0.34799197  0.33401997],[-0.1724664   0.24371441],[-0.09497276 -0.01207945]
4529,4.528999999999847,[ 0.45294499 -0.16746249],[-0.34816444  0.33426368],[-0.17231874  0.24357713],[-0.09489221 -0.01205348]
4530,4.5299999999998475,[ 0.45259666 -0.16712799],[-0.34833676  0.33450726],[-0.17217112  0.24343978],[-0.09481169 -0.01202749]
4531,4.530999999999848,[ 0.45224815 -0.16679324],[-0.34850893  0.3347507 ],[-0.17202355  0.24330235],[-0.09473118 -0.01200148]
4532,4.531999999999848,[ 0.45189947 -0.16645824],[-0.34868095  0.334994  ],[-0.17187603  0.24316486],[-0.0946507  -0.01197545]
4533,4.5329999999998485,[ 0.45155061 -0.166123  ],[-0.34885283  0.33523717],[-0.17172856  0.2430273 ],[-0.09457024 -0.0119494 ]
4534,4.533999999999849,[ 0.45120159 -0.16578752],[-0.34902456  0.33548019],[-0.17158113  0.24288966],[-0.0944898  -0.01192332]
4535,4.534999999999849,[ 0.45085239 -0.1654518 ],[-0.34919614  0.33572308],[-0.17143375  0.24275196],[-0.09440939 -0.01189722]
4536,4.5359999999998495,[ 0.45050302 -0.16511583],[-0.34936757  0.33596584],[-0.17128641  0.24261417],[-0.094329  -0.0118711]
4537,4.53699999999985,[ 0.45015349 -0.16477963],[-0.34953886  0.33620845],[-0.17113912  0.24247632],[-0.09424863 -0.01184496]
4538,4.53799999999985,[ 0.44980378 -0.16444318],[-0.34971     0.33645093],[-0.17099188  0.24233839],[-0.09416829 -0.0118188 ]
4539,4.5389999999998505,[ 0.44945389 -0.16410648],[-0.34988099  0.33669326],[-0.17084468  0.24220039],[-0.09408797 -0.01179262]
4540,4.539999999999851,[ 0.44910384 -0.16376955],[-0.35005183  0.33693547],[-0.17069754  0.24206231],[-0.09400768 -0.01176642]
4541,4.540999999999851,[ 0.44875362 -0.16343237],[-0.35022253  0.33717753],[-0.17055044  0.24192416],[-0.0939274  -0.01174019]
4542,4.5419999999998515,[ 0.44840323 -0.16309495],[-0.35039308  0.33741945],[-0.17040339  0.24178593],[-0.09384715 -0.01171394]
4543,4.542999999999852,[ 0.44805266 -0.16275729],[-0.35056349  0.33766124],[-0.17025638  0.24164763],[-0.09376693 -0.01168768]
4544,4.543999999999852,[ 0.44770193 -0.16241939],[-0.35073374  0.33790289],[-0.17010943  0.24150925],[-0.09368673 -0.01166139]
4545,4.5449999999998525,[ 0.44735103 -0.16208124],[-0.35090385  0.33814439],[-0.16996252  0.24137079],[-0.09360655 -0.01163507]
4546,4.545999999999853,[ 0.44699995 -0.16174286],[-0.35107381  0.33838577],[-0.16981566  0.24123226],[-0.0935264  -0.01160874]
4547,4.546999999999853,[ 0.44664871 -0.16140423],[-0.35124363  0.338627  ],[-0.16966885  0.24109365],[-0.09344627 -0.01158239]
4548,4.5479999999998535,[ 0.4462973  -0.16106536],[-0.3514133   0.33886809],[-0.16952209  0.24095495],[-0.09336616 -0.01155601]
4549,4.548999999999854,[ 0.44594571 -0.16072625],[-0.35158282  0.33910905],[-0.16937538  0.24081619],[-0.09328608 -0.01152962]
4550,4.549999999999854,[ 0.44559396 -0.1603869 ],[-0.3517522   0.33934986],[-0.16922871  0.24067734],[-0.09320602 -0.0115032 ]
4551,4.5509999999998545,[ 0.44524204 -0.16004731],[-0.35192142  0.33959054],[-0.1690821   0.24053841],[-0.09312599 -0.01147676]
4552,4.551999999999855,[ 0.44488995 -0.15970748],[-0.35209051  0.33983108],[-0.16893554  0.2403994 ],[-0.09304598 -0.0114503 ]
4553,4.552999999999855,[ 0.44453769 -0.15936741],[-0.35225944  0.34007148],[-0.16878902  0.24026031],[-0.092966   -0.01142382]
4554,4.5539999999998555,[ 0.44418526 -0.1590271 ],[-0.35242823  0.34031174],[-0.16864256  0.24012114],[-0.09288604 -0.01139732]
4555,4.554999999999856,[ 0.44383266 -0.15868654],[-0.35259687  0.34055186],[-0.16849614  0.23998189],[-0.09280611 -0.0113708 ]
4556,4.555999999999856,[ 0.4434799  -0.15834575],[-0.35276537  0.34079184],[-0.16834978  0.23984256],[-0.0927262  -0.01134425]
4557,4.5569999999998565,[ 0.44312696 -0.15800472],[-0.35293372  0.34103168],[-0.16820346  0.23970315],[-0.09264632 -0.01131768]
4558,4.557999999999857,[ 0.44277386 -0.15766345],[-0.35310192  0.34127139],[-0.1680572   0.23956365],[-0.09256646 -0.0112911 ]
4559,4.558999999999857,[ 0.44242059 -0.15732194],[-0.35326998  0.34151095],[-0.16791099  0.23942407],[-0.09248663 -0.01126449]
4560,4.5599999999998575,[ 0.44206715 -0.15698019],[-0.35343789  0.34175037],[-0.16776483  0.23928441],[-0.09240682 -0.01123786]
4561,4.560999999999858,[ 0.44171355 -0.1566382 ],[-0.35360566  0.34198966],[-0.16761872  0.23914467],[-0.09232704 -0.01121121]
4562,4.561999999999858,[ 0.44135978 -0.15629597],[-0.35377327  0.3422288 ],[-0.16747266  0.23900484],[-0.09224728 -0.01118454]
4563,4.5629999999998585,[ 0.44100584 -0.1559535 ],[-0.35394075  0.34246781],[-0.16732665  0.23886492],[-0.09216755 -0.01115784]
4564,4.563999999999859,[ 0.44065173 -0.1556108 ],[-0.35410807  0.34270667],[-0.16718069  0.23872493],[-0.09208784 -0.01113113]
4565,4.564999999999859,[ 0.44029745 -0.15526785],[-0.35427525  0.3429454 ],[-0.16703479  0.23858484],[-0.09200816 -0.01110439]
4566,4.5659999999998595,[ 0.43994301 -0.15492467],[-0.35444229  0.34318398],[-0.16688894  0.23844467],[-0.09192851 -0.01107764]
4567,4.56699999999986,[ 0.4395884  -0.15458124],[-0.35460918  0.34342243],[-0.16674314  0.23830442],[-0.09184888 -0.01105086]
4568,4.56799999999986,[ 0.43923362 -0.15423758],[-0.35477592  0.34366073],[-0.16659739  0.23816408],[-0.09176928 -0.01102406]
4569,4.5689999999998605,[ 0.43887868 -0.15389368],[-0.35494252  0.3438989 ],[-0.16645169  0.23802365],[-0.0916897  -0.01099724]
4570,4.569999999999861,[ 0.43852357 -0.15354955],[-0.35510897  0.34413692],[-0.16630605  0.23788314],[-0.09161015 -0.0109704 ]
4571,4.570999999999861,[ 0.4381683  -0.15320517],[-0.35527528  0.3443748 ],[-0.16616046  0.23774254],[-0.09153063 -0.01094354]
4572,4.5719999999998615,[ 0.43781286 -0.15286056],[-0.35544144  0.34461255],[-0.16601492  0.23760185],[-0.09145113 -0.01091666]
4573,4.572999999999862,[ 0.43745725 -0.15251571],[-0.35560745  0.34485015],[-0.16586944  0.23746108],[-0.09137166 -0.01088975]
4574,4.573999999999862,[ 0.43710148 -0.15217062],[-0.35577332  0.34508761],[-0.16572401  0.23732021],[-0.09129221 -0.01086283]
4575,4.5749999999998625,[ 0.43674554 -0.1518253 ],[-0.35593905  0.34532493],[-0.16557863  0.23717926],[-0.09121279 -0.01083588]
4576,4.575999999999863,[ 0.43638943 -0.15147974],[-0.35610462  0.34556211],[-0.16543331  0.23703822],[-0.0911334  -0.01080892]
4577,4.576999999999863,[ 0.43603316 -0.15113394],[-0.35627006  0.34579915],[-0.16528804  0.23689709],[-0.09105404 -0.01078193]
4578,4.5779999999998635,[ 0.43567673 -0.1507879 ],[-0.35643535  0.34603604],[-0.16514282  0.23675587],[-0.0909747  -0.01075492]
4579,4.578999999999864,[ 0.43532013 -0.15044163],[-0.35660049  0.3462728 ],[-0.16499766  0.23661456],[-0.09089539 -0.01072789]
4580,4.579999999999864,[ 0.43496336 -0.15009512],[-0.35676549  0.34650941],[-0.16485255  0.23647316],[-0.0908161  -0.01070084]
4581,4.5809999999998645,[ 0.43460643 -0.14974837],[-0.35693034  0.34674589],[-0.1647075   0.23633167],[-0.09073685 -0.01067377]
4582,4.581999999999865,[ 0.43424934 -0.14940139],[-0.35709505  0.34698222],[-0.1645625   0.23619009],[-0.09065762 -0.01064667]
4583,4.582999999999865,[ 0.43389208 -0.14905417],[-0.35725961  0.34721841],[-0.16441756  0.23604842],[-0.09057841 -0.01061956]
4584,4.5839999999998655,[ 0.43353465 -0.14870672],[-0.35742403  0.34745446],[-0.16427267  0.23590665],[-0.09049924 -0.01059243]
4585,4.584999999999866,[ 0.43317706 -0.14835903],[-0.3575883   0.34769036],[-0.16412783  0.2357648 ],[-0.09042009 -0.01056527]
4586,4.585999999999866,[ 0.43281931 -0.1480111 ],[-0.35775243  0.34792613],[-0.16398306  0.23562285],[-0.09034097 -0.01053809]
4587,4.5869999999998665,[ 0.43246139 -0.14766294],[-0.35791641  0.34816175],[-0.16383833  0.23548081],[-0.09026188 -0.0105109 ]
4588,4.587999999999867,[ 0.43210331 -0.14731454],[-0.35808025  0.34839723],[-0.16369367  0.23533868],[-0.09018281 -0.01048368]
4589,4.588999999999867,[ 0.43174507 -0.14696591],[-0.35824394  0.34863257],[-0.16354906  0.23519645],[-0.09010377 -0.01045644]
4590,4.5899999999998675,[ 0.43138666 -0.14661704],[-0.35840749  0.34886777],[-0.1634045   0.23505413],[-0.09002476 -0.01042918]
4591,4.590999999999868,[ 0.43102809 -0.14626794],[-0.3585709   0.34910282],[-0.16326     0.23491172],[-0.08994578 -0.0104019 ]
4592,4.591999999999868,[ 0.43066936 -0.1459186 ],[-0.35873416  0.34933773],[-0.16311556  0.23476922],[-0.08986683 -0.0103746 ]
4593,4.5929999999998685,[ 0.43031046 -0.14556903],[-0.35889727  0.3495725 ],[-0.16297117  0.23462662],[-0.0897879  -0.01034728]
4594,4.593999999999869,[ 0.4299514  -0.14521922],[-0.35906024  0.34980713],[-0.16282684  0.23448392],[-0.089709   -0.01031993]
4595,4.594999999999869,[ 0.42959218 -0.14486918],[-0.35922307  0.35004161],[-0.16268257  0.23434113],[-0.08963013 -0.01029257]
4596,4.5959999999998695,[ 0.42923279 -0.1445189 ],[-0.35938575  0.35027595],[-0.16253835  0.23419825],[-0.08955129 -0.01026519]
4597,4.59699999999987,[ 0.42887324 -0.14416839],[-0.35954829  0.35051015],[-0.1623942   0.23405527],[-0.08947248 -0.01023778]
4598,4.59799999999987,[ 0.42851353 -0.14381765],[-0.35971068  0.35074421],[-0.16225009  0.2339122 ],[-0.0893937  -0.01021035]
4599,4.5989999999998705,[ 0.42815366 -0.14346667],[-0.35987293  0.35097812],[-0.16210605  0.23376903],[-0.08931494 -0.01018291]
4600,4.599999999999871,[ 0.42779362 -0.14311546],[-0.36003504  0.35121189],[-0.16196206  0.23362576],[-0.08923622 -0.01015544]
4601,4.600999999999871,[ 0.42743343 -0.14276401],[-0.360197    0.35144551],[-0.16181814  0.2334824 ],[-0.08915752 -0.01012795]
4602,4.6019999999998715,[ 0.42707307 -0.14241233],[-0.36035882  0.351679  ],[-0.16167427  0.23333894],[-0.08907885 -0.01010044]
4603,4.602999999999872,[ 0.42671255 -0.14206042],[-0.36052049  0.35191234],[-0.16153045  0.23319539],[-0.08900021 -0.01007291]
4604,4.603999999999872,[ 0.42635187 -0.14170828],[-0.36068202  0.35214553],[-0.1613867   0.23305173],[-0.0889216  -0.01004536]
4605,4.6049999999998725,[ 0.42599102 -0.1413559 ],[-0.36084341  0.35237858],[-0.161243    0.23290799],[-0.08884302 -0.01001779]
4606,4.605999999999873,[ 0.42563002 -0.14100329],[-0.36100465  0.35261149],[-0.16109937  0.23276414],[-0.08876446 -0.0099902 ]
4607,4.606999999999873,[ 0.42526885 -0.14065044],[-0.36116575  0.35284426],[-0.16095579  0.23262019],[-0.08868594 -0.00996259]
4608,4.6079999999998735,[ 0.42490753 -0.14029737],[-0.36132671  0.35307688],[-0.16081227  0.23247615],[-0.08860745 -0.00993495]
4609,4.608999999999874,[ 0.42454604 -0.13994406],[-0.36148752  0.35330935],[-0.16066881  0.23233201],[-0.08852898 -0.0099073 ]
4610,4.609999999999874,[ 0.42418439 -0.13959051],[-0.36164819  0.35354168],[-0.16052541  0.23218777],[-0.08845055 -0.00987963]
4611,4.6109999999998745,[ 0.42382258 -0.13923674],[-0.36180872  0.35377387],[-0.16038207  0.23204343],[-0.08837214 -0.00985193]
4612,4.611999999999875,[ 0.42346061 -0.13888273],[-0.3619691   0.35400591],[-0.16023879  0.23189899],[-0.08829377 -0.00982422]
4613,4.612999999999875,[ 0.42309848 -0.1385285 ],[-0.36212934  0.35423781],[-0.16009556  0.23175446],[-0.08821542 -0.00979648]
4614,4.6139999999998755,[ 0.42273619 -0.13817403],[-0.36228943  0.35446957],[-0.1599524   0.23160982],[-0.08813711 -0.00976872]
4615,4.614999999999876,[ 0.42237374 -0.13781933],[-0.36244939  0.35470118],[-0.1598093   0.23146508],[-0.08805882 -0.00974095]
4616,4.615999999999876,[ 0.42201113 -0.13746439],[-0.36260919  0.35493264],[-0.15966626  0.23132025],[-0.08798056 -0.00971315]
4617,4.6169999999998765,[ 0.42164837 -0.13710923],[-0.36276886  0.35516396],[-0.15952328  0.23117531],[-0.08790234 -0.00968533]
4618,4.617999999999877,[ 0.42128544 -0.13675383],[-0.36292838  0.35539514],[-0.15938036  0.23103028],[-0.08782414 -0.00965749]
4619,4.618999999999877,[ 0.42092235 -0.13639821],[-0.36308776  0.35562617],[-0.1592375   0.23088514],[-0.08774598 -0.00962963]
4620,4.6199999999998775,[ 0.4205591  -0.13604235],[-0.363247    0.35585705],[-0.1590947  0.2307399],[-0.08766784 -0.00960175]
4621,4.620999999999878,[ 0.4201957  -0.13568626],[-0.3634061   0.35608779],[-0.15895196  0.23059456],[-0.08758974 -0.00957385]
4622,4.621999999999878,[ 0.41983213 -0.13532994],[-0.36356505  0.35631839],[-0.15880928  0.23044912],[-0.08751167 -0.00954593]
4623,4.6229999999998785,[ 0.41946841 -0.1349734 ],[-0.36372386  0.35654884],[-0.15866667  0.23030358],[-0.08743362 -0.00951799]
4624,4.623999999999879,[ 0.41910453 -0.13461662],[-0.36388252  0.35677914],[-0.15852411  0.23015794],[-0.08735561 -0.00949003]
4625,4.624999999999879,[ 0.41874048 -0.13425961],[-0.36404105  0.3570093 ],[-0.15838162  0.23001219],[-0.08727763 -0.00946205]
4626,4.6259999999998795,[ 0.41837628 -0.13390237],[-0.36419943  0.35723931],[-0.15823919  0.22986635],[-0.08719968 -0.00943404]
4627,4.62699999999988,[ 0.41801193 -0.1335449 ],[-0.36435767  0.35746918],[-0.15809682  0.2297204 ],[-0.08712176 -0.00940602]
4628,4.62799999999988,[ 0.41764741 -0.1331872 ],[-0.36451577  0.3576989 ],[-0.15795452  0.22957435],[-0.08704387 -0.00937798]
4629,4.6289999999998805,[ 0.41728274 -0.13282927],[-0.36467372  0.35792847],[-0.15781227  0.22942819],[-0.08696601 -0.00934991]
4630,4.629999999999881,[ 0.41691791 -0.13247111],[-0.36483153  0.3581579 ],[-0.15767009  0.22928194],[-0.08688818 -0.00932183]
4631,4.630999999999881,[ 0.41655292 -0.13211273],[-0.3649892   0.35838718],[-0.15752797  0.22913558],[-0.08681039 -0.00929372]
4632,4.6319999999998815,[ 0.41618777 -0.13175411],[-0.36514673  0.35861632],[-0.15738592  0.22898911],[-0.08673263 -0.0092656 ]
4633,4.632999999999882,[ 0.41582247 -0.13139526],[-0.36530412  0.35884531],[-0.15724393  0.22884255],[-0.08665489 -0.00923745]
4634,4.633999999999882,[ 0.415457   -0.13103619],[-0.36546136  0.35907415],[-0.157102    0.22869587],[-0.08657719 -0.00920929]
4635,4.6349999999998825,[ 0.41509139 -0.13067689],[-0.36561846  0.35930285],[-0.15696013  0.2285491 ],[-0.08649952 -0.0091811 ]
4636,4.635999999999883,[ 0.41472561 -0.13031736],[-0.36577542  0.35953139],[-0.15681833  0.22840222],[-0.08642189 -0.0091529 ]
4637,4.636999999999883,[ 0.41435968 -0.1299576 ],[-0.36593224  0.3597598 ],[-0.15667659  0.22825524],[-0.08634428 -0.00912467]
4638,4.6379999999998835,[ 0.41399359 -0.12959761],[-0.36608892  0.35998805],[-0.15653491  0.22810815],[-0.08626671 -0.00909642]
4639,4.638999999999884,[ 0.41362734 -0.12923739],[-0.36624545  0.36021616],[-0.1563933   0.22796096],[-0.08618917 -0.00906816]
4640,4.639999999999884,[ 0.41326094 -0.12887695],[-0.36640185  0.36044412],[-0.15625175  0.22781367],[-0.08611166 -0.00903987]
4641,4.6409999999998846,[ 0.41289438 -0.12851628],[-0.3665581   0.36067193],[-0.15611027  0.22766626],[-0.08603418 -0.00901156]
4642,4.641999999999885,[ 0.41252767 -0.12815538],[-0.36671421  0.3608996 ],[-0.15596885  0.22751876],[-0.08595673 -0.00898323]
4643,4.642999999999885,[ 0.4121608  -0.12779425],[-0.36687018  0.36112712],[-0.1558275   0.22737115],[-0.08587932 -0.00895488]
4644,4.6439999999998856,[ 0.41179377 -0.1274329 ],[-0.367026    0.36135449],[-0.15568621  0.22722343],[-0.08580194 -0.00892652]
4645,4.644999999999886,[ 0.41142659 -0.12707131],[-0.36718169  0.36158171],[-0.15554498  0.22707561],[-0.08572459 -0.00889813]
4646,4.645999999999886,[ 0.41105925 -0.1267095 ],[-0.36733724  0.36180879],[-0.15540382  0.22692768],[-0.08564728 -0.00886972]
4647,4.6469999999998866,[ 0.41069176 -0.12634747],[-0.36749264  0.36203572],[-0.15526273  0.22677965],[-0.08556999 -0.00884129]
4648,4.647999999999887,[ 0.41032411 -0.12598521],[-0.3676479  0.3622625],[-0.1551217   0.22663151],[-0.08549274 -0.00881284]
4649,4.648999999999887,[ 0.40995631 -0.12562272],[-0.36780302  0.36248913],[-0.15498074  0.22648326],[-0.08541552 -0.00878437]
4650,4.649999999999888,[ 0.40958835 -0.12526   ],[-0.367958    0.36271561],[-0.15483984  0.22633491],[-0.08533834 -0.00875588]
4651,4.650999999999888,[ 0.40922024 -0.12489706],[-0.36811284  0.36294195],[-0.15469901  0.22618645],[-0.08526119 -0.00872737]
4652,4.651999999999888,[ 0.40885197 -0.12453389],[-0.36826754  0.36316813],[-0.15455824  0.22603788],[-0.08518407 -0.00869884]
4653,4.652999999999889,[ 0.40848355 -0.1241705 ],[-0.3684221   0.36339417],[-0.15441754  0.22588921],[-0.08510698 -0.00867029]
4654,4.653999999999889,[ 0.40811497 -0.12380688],[-0.36857652  0.36362006],[-0.15427691  0.22574043],[-0.08502993 -0.00864172]
4655,4.654999999999889,[ 0.40774624 -0.12344303],[-0.3687308  0.3638458],[-0.15413634  0.22559155],[-0.08495291 -0.00861313]
4656,4.65599999999989,[ 0.40737736 -0.12307896],[-0.36888493  0.36407139],[-0.15399584  0.22544255],[-0.08487593 -0.00858452]
4657,4.65699999999989,[ 0.40700832 -0.12271466],[-0.36903893  0.36429684],[-0.15385541  0.22529345],[-0.08479897 -0.00855589]
4658,4.65799999999989,[ 0.40663913 -0.12235014],[-0.36919278  0.36452213],[-0.15371504  0.22514424],[-0.08472205 -0.00852724]
4659,4.658999999999891,[ 0.40626978 -0.12198539],[-0.3693465   0.36474727],[-0.15357474  0.22499493],[-0.08464517 -0.00849857]
4660,4.659999999999891,[ 0.40590028 -0.12162042],[-0.36950007  0.36497227],[-0.15343451  0.2248455 ],[-0.08456832 -0.00846988]
4661,4.660999999999891,[ 0.40553063 -0.12125522],[-0.36965351  0.36519711],[-0.15329434  0.22469597],[-0.0844915  -0.00844117]
4662,4.661999999999892,[ 0.40516082 -0.1208898 ],[-0.3698068   0.36542181],[-0.15315425  0.22454633],[-0.08441472 -0.00841244]
4663,4.662999999999892,[ 0.40479086 -0.12052416],[-0.36995996  0.36564636],[-0.15301422  0.22439658],[-0.08433797 -0.00838369]
4664,4.663999999999892,[ 0.40442075 -0.12015829],[-0.37011297  0.36587075],[-0.15287425  0.22424673],[-0.08426125 -0.00835492]
4665,4.664999999999893,[ 0.40405048 -0.11979219],[-0.37026585  0.366095  ],[-0.15273436  0.22409676],[-0.08418457 -0.00832613]
4666,4.665999999999893,[ 0.40368006 -0.11942587],[-0.37041858  0.3663191 ],[-0.15259453  0.22394669],[-0.08410792 -0.00829732]
4667,4.666999999999893,[ 0.40330949 -0.11905933],[-0.37057117  0.36654304],[-0.15245478  0.2237965 ],[-0.08403131 -0.00826849]
4668,4.667999999999894,[ 0.40293877 -0.11869256],[-0.37072363  0.36676684],[-0.15231509  0.22364621],[-0.08395473 -0.00823964]
4669,4.668999999999894,[ 0.40256789 -0.11832557],[-0.37087594  0.36699049],[-0.15217547  0.22349581],[-0.08387818 -0.00821077]
4670,4.669999999999894,[ 0.40219686 -0.11795836],[-0.37102812  0.36721398],[-0.15203592  0.2233453 ],[-0.08380167 -0.00818188]
4671,4.670999999999895,[ 0.40182568 -0.11759092],[-0.37118016  0.36743733],[-0.15189643  0.22319468],[-0.08372519 -0.00815297]
4672,4.671999999999895,[ 0.40145435 -0.11722326],[-0.37133205  0.36766052],[-0.15175702  0.22304395],[-0.08364875 -0.00812404]
4673,4.672999999999895,[ 0.40108287 -0.11685538],[-0.37148381  0.36788356],[-0.15161767  0.22289312],[-0.08357235 -0.00809509]
4674,4.673999999999896,[ 0.40071123 -0.11648727],[-0.37163543  0.36810646],[-0.1514784   0.22274217],[-0.08349597 -0.00806613]
4675,4.674999999999896,[ 0.40033945 -0.11611894],[-0.3717869  0.3683292],[-0.15133919  0.22259111],[-0.08341964 -0.00803714]
4676,4.675999999999896,[ 0.39996751 -0.11575039],[-0.37193824  0.36855179],[-0.15120006  0.22243995],[-0.08334334 -0.00800813]
4677,4.676999999999897,[ 0.39959542 -0.11538161],[-0.37208944  0.36877423],[-0.15106099  0.22228867],[-0.08326707 -0.0079791 ]
4678,4.677999999999897,[ 0.39922318 -0.11501262],[-0.3722405   0.36899652],[-0.150922    0.22213728],[-0.08319084 -0.00795005]
4679,4.678999999999897,[ 0.39885079 -0.1146434 ],[-0.37239143  0.36921866],[-0.15078307  0.22198579],[-0.08311464 -0.00792098]
4680,4.679999999999898,[ 0.39847824 -0.11427396],[-0.37254221  0.36944064],[-0.15064421  0.22183418],[-0.08303848 -0.0078919 ]
4681,4.680999999999898,[ 0.39810555 -0.1139043 ],[-0.37269285  0.36966248],[-0.15050543  0.22168246],[-0.08296235 -0.00786279]
4682,4.681999999999898,[ 0.39773271 -0.11353441],[-0.37284336  0.36988416],[-0.15036671  0.22153063],[-0.08288626 -0.00783366]
4683,4.682999999999899,[ 0.39735971 -0.11316431],[-0.37299373  0.37010569],[-0.15022807  0.22137869],[-0.08281021 -0.00780451]
4684,4.683999999999899,[ 0.39698657 -0.11279398],[-0.37314395  0.37032707],[-0.1500895   0.22122664],[-0.08273419 -0.00777535]
4685,4.684999999999899,[ 0.39661328 -0.11242343],[-0.37329404  0.3705483 ],[-0.149951    0.22107448],[-0.0826582  -0.00774616]
4686,4.6859999999999,[ 0.39623983 -0.11205266],[-0.37344399  0.37076937],[-0.14981256  0.22092221],[-0.08258226 -0.00771695]
4687,4.6869999999999,[ 0.39586624 -0.11168167],[-0.37359381  0.37099029],[-0.1496742   0.22076983],[-0.08250634 -0.00768773]
4688,4.6879999999999,[ 0.39549249 -0.11131046],[-0.37374348  0.37121106],[-0.14953592  0.22061734],[-0.08243047 -0.00765848]
4689,4.688999999999901,[ 0.3951186  -0.11093903],[-0.37389302  0.37143168],[-0.1493977   0.22046473],[-0.08235463 -0.00762922]
4690,4.689999999999901,[ 0.39474456 -0.11056738],[-0.37404242  0.37165214],[-0.14925956  0.22031202],[-0.08227882 -0.00759993]
4691,4.690999999999901,[ 0.39437037 -0.1101955 ],[-0.37419167  0.37187246],[-0.14912148  0.22015919],[-0.08220306 -0.00757063]
4692,4.691999999999902,[ 0.39399603 -0.10982341],[-0.3743408   0.37209262],[-0.14898348  0.22000625],[-0.08212732 -0.0075413 ]
4693,4.692999999999902,[ 0.39362154 -0.1094511 ],[-0.37448978  0.37231262],[-0.14884555  0.21985321],[-0.08205163 -0.00751196]
4694,4.693999999999902,[ 0.3932469  -0.10907857],[-0.37463863  0.37253247],[-0.1487077   0.21970004],[-0.08197597 -0.0074826 ]
4695,4.694999999999903,[ 0.39287211 -0.10870581],[-0.37478733  0.37275217],[-0.14856992  0.21954677],[-0.08190035 -0.00745321]
4696,4.695999999999903,[ 0.39249717 -0.10833284],[-0.3749359   0.37297172],[-0.14843221  0.21939339],[-0.08182476 -0.00742381]
4697,4.696999999999903,[ 0.39212209 -0.10795965],[-0.37508434  0.37319111],[-0.14829457  0.21923989],[-0.08174921 -0.00739439]
4698,4.697999999999904,[ 0.39174686 -0.10758624],[-0.37523263  0.37341035],[-0.148157    0.21908628],[-0.0816737  -0.00736495]
4699,4.698999999999904,[ 0.39137148 -0.10721261],[-0.37538079  0.37362944],[-0.14801951  0.21893256],[-0.08159822 -0.00733549]
4700,4.699999999999904,[ 0.39099595 -0.10683876],[-0.37552881  0.37384837],[-0.14788209  0.21877873],[-0.08152278 -0.00730601]
4701,4.700999999999905,[ 0.39062027 -0.1064647 ],[-0.37567669  0.37406715],[-0.14774475  0.21862478],[-0.08144738 -0.00727651]
4702,4.701999999999905,[ 0.39024445 -0.10609041],[-0.37582443  0.37428578],[-0.14760748  0.21847073],[-0.08137201 -0.00724699]
4703,4.702999999999905,[ 0.38986847 -0.10571591],[-0.37597204  0.37450425],[-0.14747028  0.21831656],[-0.08129669 -0.00721745]
4704,4.703999999999906,[ 0.38949236 -0.10534118],[-0.37611951  0.37472256],[-0.14733316  0.21816228],[-0.08122139 -0.00718789]
4705,4.704999999999906,[ 0.38911609 -0.10496624],[-0.37626684  0.37494073],[-0.14719611  0.21800788],[-0.08114614 -0.00715831]
4706,4.705999999999906,[ 0.38873967 -0.10459108],[-0.37641404  0.37515873],[-0.14705913  0.21785338],[-0.08107092 -0.00712872]
4707,4.706999999999907,[ 0.38836311 -0.10421571],[-0.3765611   0.37537659],[-0.14692223  0.21769876],[-0.08099575 -0.0070991 ]
4708,4.707999999999907,[ 0.38798641 -0.10384011],[-0.37670802  0.37559429],[-0.1467854   0.21754403],[-0.0809206  -0.00706947]
4709,4.708999999999907,[ 0.38760955 -0.1034643 ],[-0.37685481  0.37581183],[-0.14664865  0.21738918],[-0.0808455  -0.00703981]
4710,4.709999999999908,[ 0.38723255 -0.10308827],[-0.37700146  0.37602922],[-0.14651197  0.21723422],[-0.08077043 -0.00701014]
4711,4.710999999999908,[ 0.3868554  -0.10271203],[-0.37714797  0.37624645],[-0.14637537  0.21707915],[-0.0806954  -0.00698044]
4712,4.711999999999908,[ 0.38647811 -0.10233556],[-0.37729434  0.37646353],[-0.14623884  0.21692397],[-0.08062041 -0.00695073]
4713,4.712999999999909,[ 0.38610067 -0.10195888],[-0.37744058  0.37668046],[-0.14610239  0.21676867],[-0.08054546 -0.006921  ]
4714,4.713999999999909,[ 0.38572308 -0.10158198],[-0.37758668  0.37689723],[-0.14596601  0.21661326],[-0.08047055 -0.00689124]
4715,4.714999999999909,[ 0.38534535 -0.10120487],[-0.37773265  0.37711384],[-0.14582971  0.21645774],[-0.08039567 -0.00686147]
4716,4.71599999999991,[ 0.38496747 -0.10082754],[-0.37787848  0.3773303 ],[-0.14569349  0.21630211],[-0.08032083 -0.00683168]
4717,4.71699999999991,[ 0.38458944 -0.10044999],[-0.37802417  0.3775466 ],[-0.14555734  0.21614636],[-0.08024603 -0.00680187]
4718,4.71799999999991,[ 0.38421127 -0.10007223],[-0.37816973  0.37776275],[-0.14542126  0.2159905 ],[-0.08017127 -0.00677204]
4719,4.718999999999911,[ 0.38383296 -0.09969425],[-0.37831515  0.37797874],[-0.14528526  0.21583452],[-0.08009654 -0.0067422 ]
4720,4.719999999999911,[ 0.3834545  -0.09931606],[-0.37846044  0.37819457],[-0.14514934  0.21567843],[-0.08002186 -0.00671233]
4721,4.720999999999911,[ 0.38307589 -0.09893765],[-0.37860559  0.37841025],[-0.1450135   0.21552223],[-0.07994721 -0.00668244]
4722,4.721999999999912,[ 0.38269714 -0.09855902],[-0.3787506   0.37862577],[-0.14487773  0.21536591],[-0.0798726  -0.00665254]
4723,4.722999999999912,[ 0.38231825 -0.09818018],[-0.37889548  0.37884114],[-0.14474204  0.21520949],[-0.07979803 -0.00662261]
4724,4.723999999999912,[ 0.38193921 -0.09780112],[-0.37904022  0.37905635],[-0.14460642  0.21505294],[-0.0797235  -0.00659267]
4725,4.724999999999913,[ 0.38156002 -0.09742185],[-0.37918483  0.3792714 ],[-0.14447088  0.21489629],[-0.079649  -0.0065627]
4726,4.725999999999913,[ 0.38118069 -0.09704237],[-0.3793293  0.3794863],[-0.14433542  0.21473952],[-0.07957455 -0.00653272]
4727,4.726999999999913,[ 0.38080122 -0.09666266],[-0.37947363  0.37970104],[-0.14420004  0.21458263],[-0.07950014 -0.00650272]
4728,4.727999999999914,[ 0.3804216  -0.09628275],[-0.37961783  0.37991562],[-0.14406473  0.21442564],[-0.07942576 -0.0064727 ]
4729,4.728999999999914,[ 0.38004184 -0.09590262],[-0.3797619   0.38013004],[-0.1439295   0.21426852],[-0.07935142 -0.00644266]
4730,4.729999999999914,[ 0.37966193 -0.09552227],[-0.37990583  0.38034431],[-0.14379435  0.2141113 ],[-0.07927713 -0.0064126 ]
4731,4.730999999999915,[ 0.37928188 -0.09514172],[-0.38004962  0.38055842],[-0.14365928  0.21395396],[-0.07920287 -0.00638252]
4732,4.731999999999915,[ 0.37890169 -0.09476094],[-0.38019328  0.38077238],[-0.14352428  0.21379651],[-0.07912865 -0.00635242]
4733,4.732999999999915,[ 0.37852135 -0.09437996],[-0.3803368   0.38098617],[-0.14338936  0.21363894],[-0.07905447 -0.00632231]
4734,4.733999999999916,[ 0.37814087 -0.09399876],[-0.38048019  0.38119981],[-0.14325452  0.21348126],[-0.07898033 -0.00629217]
4735,4.734999999999916,[ 0.37776025 -0.09361734],[-0.38062345  0.38141329],[-0.14311976  0.21332346],[-0.07890623 -0.00626202]
4736,4.735999999999916,[ 0.37737948 -0.09323572],[-0.38076657  0.38162662],[-0.14298508  0.21316555],[-0.07883217 -0.00623185]
4737,4.736999999999917,[ 0.37699857 -0.09285388],[-0.38090955  0.38183978],[-0.14285048  0.21300753],[-0.07875814 -0.00620165]
4738,4.737999999999917,[ 0.37661752 -0.09247183],[-0.3810524   0.38205279],[-0.14271595  0.21284939],[-0.07868416 -0.00617144]
4739,4.738999999999917,[ 0.37623633 -0.09208956],[-0.38119512  0.38226564],[-0.1425815   0.21269114],[-0.07861022 -0.00614121]
4740,4.739999999999918,[ 0.37585499 -0.09170708],[-0.3813377   0.38247833],[-0.14244714  0.21253277],[-0.07853632 -0.00611096]
4741,4.740999999999918,[ 0.37547351 -0.09132439],[-0.38148015  0.38269086],[-0.14231285  0.21237429],[-0.07846246 -0.0060807 ]
4742,4.741999999999918,[ 0.37509189 -0.09094149],[-0.38162246  0.38290324],[-0.14217864  0.2122157 ],[-0.07838864 -0.00605041]
4743,4.742999999999919,[ 0.37471012 -0.09055837],[-0.38176464  0.38311545],[-0.14204451  0.21205699],[-0.07831485 -0.0060201 ]
4744,4.743999999999919,[ 0.37432822 -0.09017504],[-0.38190668  0.38332751],[-0.14191046  0.21189817],[-0.07824111 -0.00598978]
4745,4.744999999999919,[ 0.37394617 -0.08979151],[-0.3820486   0.38353941],[-0.14177649  0.21173923],[-0.07816741 -0.00595944]
4746,4.74599999999992,[ 0.37356398 -0.08940775],[-0.38219037  0.38375115],[-0.1416426   0.21158018],[-0.07809375 -0.00592907]
4747,4.74699999999992,[ 0.37318164 -0.08902379],[-0.38233201  0.38396273],[-0.14150879  0.21142101],[-0.07802013 -0.00589869]
4748,4.74799999999992,[ 0.37279917 -0.08863962],[-0.38247352  0.38417415],[-0.14137507  0.21126173],[-0.07794655 -0.00586829]
4749,4.748999999999921,[ 0.37241656 -0.08825523],[-0.3826149   0.38438541],[-0.14124142  0.21110233],[-0.07787301 -0.00583787]
4750,4.749999999999921,[ 0.3720338  -0.08787064],[-0.38275614  0.38459651],[-0.14110785  0.21094282],[-0.07779951 -0.00580744]
4751,4.750999999999921,[ 0.3716509  -0.08748583],[-0.38289725  0.38480746],[-0.14097436  0.2107832 ],[-0.07772606 -0.00577698]
4752,4.751999999999922,[ 0.37126786 -0.08710081],[-0.38303822  0.38501824],[-0.14084095  0.21062346],[-0.07765264 -0.00574651]
4753,4.752999999999922,[ 0.37088469 -0.08671558],[-0.38317906  0.38522886],[-0.14070763  0.2104636 ],[-0.07757926 -0.00571601]
4754,4.753999999999922,[ 0.37050137 -0.08633014],[-0.38331977  0.38543933],[-0.14057438  0.21030364],[-0.07750593 -0.0056855 ]
4755,4.754999999999923,[ 0.3701179  -0.08594449],[-0.38346034  0.38564963],[-0.14044122  0.21014355],[-0.07743263 -0.00565497]
4756,4.755999999999923,[ 0.3697343  -0.08555863],[-0.38360079  0.38585977],[-0.14030814  0.20998335],[-0.07735938 -0.00562442]
4757,4.756999999999923,[ 0.36935056 -0.08517256],[-0.38374109  0.38606976],[-0.14017513  0.20982304],[-0.07728617 -0.00559385]
4758,4.757999999999924,[ 0.36896668 -0.08478628],[-0.38388127  0.38627958],[-0.14004221  0.20966261],[-0.077213   -0.00556326]
4759,4.758999999999924,[ 0.36858266 -0.08439979],[-0.38402131  0.38648924],[-0.13990938  0.20950207],[-0.07713987 -0.00553266]
4760,4.759999999999924,[ 0.3681985  -0.08401309],[-0.38416122  0.38669874],[-0.13977662  0.20934142],[-0.07706678 -0.00550203]
4761,4.760999999999925,[ 0.3678142  -0.08362619],[-0.384301    0.38690809],[-0.13964395  0.20918064],[-0.07699374 -0.00547139]
4762,4.761999999999925,[ 0.36742976 -0.08323907],[-0.38444064  0.38711727],[-0.13951136  0.20901976],[-0.07692073 -0.00544073]
4763,4.762999999999925,[ 0.36704518 -0.08285174],[-0.38458015  0.38732629],[-0.13937885  0.20885876],[-0.07684777 -0.00541005]
4764,4.763999999999926,[ 0.36666046 -0.08246421],[-0.38471953  0.38753515],[-0.13924642  0.20869764],[-0.07677485 -0.00537935]
4765,4.764999999999926,[ 0.3662756  -0.08207646],[-0.38485878  0.38774384],[-0.13911408  0.20853641],[-0.07670197 -0.00534863]
4766,4.765999999999926,[ 0.3658906  -0.08168851],[-0.38499789  0.38795238],[-0.13898181  0.20837507],[-0.07662913 -0.00531789]
4767,4.766999999999927,[ 0.36550546 -0.08130035],[-0.38513687  0.38816075],[-0.13884964  0.20821361],[-0.07655633 -0.00528714]
4768,4.767999999999927,[ 0.36512019 -0.08091198],[-0.38527572  0.38836897],[-0.13871754  0.20805203],[-0.07648358 -0.00525637]
4769,4.768999999999927,[ 0.36473477 -0.0805234 ],[-0.38541444  0.38857702],[-0.13858553  0.20789034],[-0.07641087 -0.00522557]
4770,4.769999999999928,[ 0.36434922 -0.08013462],[-0.38555303  0.38878491],[-0.1384536   0.20772854],[-0.0763382  -0.00519476]
4771,4.770999999999928,[ 0.36396353 -0.07974563],[-0.38569148  0.38899264],[-0.13832175  0.20756662],[-0.07626557 -0.00516393]
4772,4.771999999999928,[ 0.3635777  -0.07935643],[-0.3858298   0.38920021],[-0.13818999  0.20740459],[-0.07619299 -0.00513309]
4773,4.772999999999929,[ 0.36319173 -0.07896702],[-0.38596799  0.38940761],[-0.13805831  0.20724244],[-0.07612044 -0.00510222]
4774,4.773999999999929,[ 0.36280563 -0.0785774 ],[-0.38610605  0.38961485],[-0.13792672  0.20708017],[-0.07604794 -0.00507134]
4775,4.774999999999929,[ 0.36241938 -0.07818758],[-0.38624398  0.38982193],[-0.13779521  0.20691779],[-0.07597548 -0.00504044]
4776,4.77599999999993,[ 0.362033   -0.07779755],[-0.38638177  0.39002885],[-0.13766378  0.2067553 ],[-0.07590307 -0.00500951]
4777,4.77699999999993,[ 0.36164648 -0.07740732],[-0.38651944  0.39023561],[-0.13753244  0.20659269],[-0.0758307  -0.00497858]
4778,4.77799999999993,[ 0.36125982 -0.07701688],[-0.38665697  0.3904422 ],[-0.13740118  0.20642997],[-0.07575837 -0.00494762]
4779,4.778999999999931,[ 0.36087303 -0.07662623],[-0.38679437  0.39064863],[-0.13727     0.20626713],[-0.07568608 -0.00491664]
4780,4.779999999999931,[ 0.3604861  -0.07623537],[-0.38693164  0.3908549 ],[-0.13713891  0.20610418],[-0.07561384 -0.00488565]
4781,4.780999999999931,[ 0.36009903 -0.07584431],[-0.38706878  0.391061  ],[-0.13700791  0.20594111],[-0.07554164 -0.00485464]
4782,4.781999999999932,[ 0.35971182 -0.07545304],[-0.38720579  0.39126694],[-0.13687699  0.20577793],[-0.07546948 -0.0048236 ]
4783,4.782999999999932,[ 0.35932448 -0.07506157],[-0.38734266  0.39147272],[-0.13674616  0.20561463],[-0.07539736 -0.00479256]
4784,4.783999999999932,[ 0.358937   -0.07466989],[-0.38747941  0.39167833],[-0.13661541  0.20545122],[-0.07532529 -0.00476149]
4785,4.784999999999933,[ 0.35854939 -0.07427801],[-0.38761602  0.39188378],[-0.13648474  0.20528769],[-0.07525326 -0.0047304 ]
4786,4.785999999999933,[ 0.35816163 -0.07388592],[-0.38775251  0.39208907],[-0.13635416  0.20512405],[-0.07518128 -0.0046993 ]
4787,4.786999999999933,[ 0.35777374 -0.07349363],[-0.38788886  0.3922942 ],[-0.13622367  0.20496029],[-0.07510933 -0.00466818]
4788,4.787999999999934,[ 0.35738572 -0.07310113],[-0.38802509  0.39249916],[-0.13609326  0.20479642],[-0.07503744 -0.00463704]
4789,4.788999999999934,[ 0.35699756 -0.07270842],[-0.38816118  0.39270395],[-0.13596294  0.20463244],[-0.07496558 -0.00460588]
4790,4.789999999999934,[ 0.35660926 -0.07231551],[-0.38829714  0.39290859],[-0.13583271  0.20446834],[-0.07489377 -0.0045747 ]
4791,4.790999999999935,[ 0.35622083 -0.0719224 ],[-0.38843298  0.39311305],[-0.13570256  0.20430412],[-0.074822  -0.0045435]
4792,4.791999999999935,[ 0.35583226 -0.07152908],[-0.38856868  0.39331736],[-0.13557249  0.20413979],[-0.07475028 -0.00451229]
4793,4.792999999999935,[ 0.35544355 -0.07113556],[-0.38870425  0.3935215 ],[-0.13544252  0.20397534],[-0.0746786  -0.00448106]
4794,4.793999999999936,[ 0.35505471 -0.07074184],[-0.38883969  0.39372547],[-0.13531263  0.20381078],[-0.07460696 -0.00444981]
4795,4.794999999999936,[ 0.35466574 -0.07034791],[-0.38897501  0.39392928],[-0.13518282  0.20364611],[-0.07453537 -0.00441854]
4796,4.795999999999936,[ 0.35427663 -0.06995378],[-0.38911019  0.39413293],[-0.13505311  0.20348132],[-0.07446382 -0.00438726]
4797,4.796999999999937,[ 0.35388738 -0.06955944],[-0.38924524  0.39433641],[-0.13492348  0.20331642],[-0.07439232 -0.00435595]
4798,4.797999999999937,[ 0.353498  -0.0691649],[-0.38938017  0.39453973],[-0.13479393  0.2031514 ],[-0.07432086 -0.00432463]
4799,4.798999999999937,[ 0.35310849 -0.06877016],[-0.38951496  0.39474288],[-0.13466448  0.20298626],[-0.07424944 -0.00429329]
4800,4.799999999999938,[ 0.35271884 -0.06837521],[-0.38964962  0.39494587],[-0.13453511  0.20282102],[-0.07417807 -0.00426193]
4801,4.800999999999938,[ 0.35232906 -0.06798006],[-0.38978416  0.39514869],[-0.13440583  0.20265565],[-0.07410674 -0.00423056]
4802,4.801999999999938,[ 0.35193914 -0.06758471],[-0.38991857  0.39535134],[-0.13427664  0.20249017],[-0.07403546 -0.00419917]
4803,4.802999999999939,[ 0.35154908 -0.06718916],[-0.39005284  0.39555383],[-0.13414753  0.20232458],[-0.07396422 -0.00416775]
4804,4.803999999999939,[ 0.3511589 -0.0667934],[-0.39018699  0.39575616],[-0.13401851  0.20215888],[-0.07389303 -0.00413632]
4805,4.804999999999939,[ 0.35076858 -0.06639744],[-0.39032101  0.39595832],[-0.13388958  0.20199305],[-0.07382188 -0.00410488]
4806,4.80599999999994,[ 0.35037812 -0.06600128],[-0.3904549   0.39616031],[-0.13376074  0.20182712],[-0.07375078 -0.00407341]
4807,4.80699999999994,[ 0.34998753 -0.06560492],[-0.39058866  0.39636214],[-0.13363199  0.20166107],[-0.07367972 -0.00404193]
4808,4.80799999999994,[ 0.34959681 -0.06520836],[-0.39072229  0.3965638 ],[-0.13350332  0.2014949 ],[-0.0736087  -0.00401043]
4809,4.808999999999941,[ 0.34920595 -0.06481159],[-0.39085579  0.39676529],[-0.13337474  0.20132862],[-0.07353773 -0.00397891]
4810,4.809999999999941,[ 0.34881497 -0.06441462],[-0.39098917  0.39696662],[-0.13324626  0.20116223],[-0.07346681 -0.00394737]
4811,4.810999999999941,[ 0.34842384 -0.06401746],[-0.39112241  0.39716778],[-0.13311786  0.20099572],[-0.07339593 -0.00391581]
4812,4.811999999999942,[ 0.34803259 -0.06362009],[-0.39125553  0.39736878],[-0.13298954  0.2008291 ],[-0.07332509 -0.00388424]
4813,4.812999999999942,[ 0.3476412  -0.06322252],[-0.39138852  0.39756961],[-0.13286132  0.20066236],[-0.0732543  -0.00385265]
4814,4.813999999999942,[ 0.34724968 -0.06282475],[-0.39152138  0.39777027],[-0.13273319  0.20049551],[-0.07318356 -0.00382104]
4815,4.814999999999943,[ 0.34685802 -0.06242678],[-0.39165412  0.39797077],[-0.13260515  0.20032854],[-0.07311286 -0.00378942]
4816,4.815999999999943,[ 0.34646624 -0.06202861],[-0.39178672  0.39817109],[-0.13247719  0.20016146],[-0.07304221 -0.00375777]
4817,4.816999999999943,[ 0.34607432 -0.06163023],[-0.3919192   0.39837126],[-0.13234933  0.19999426],[-0.0729716  -0.00372611]
4818,4.817999999999944,[ 0.34568227 -0.06123166],[-0.39205155  0.39857125],[-0.13222155  0.19982695],[-0.07290104 -0.00369443]
4819,4.818999999999944,[ 0.34529008 -0.06083289],[-0.39218377  0.39877108],[-0.13209387  0.19965953],[-0.07283052 -0.00366273]
4820,4.819999999999944,[ 0.34489777 -0.06043392],[-0.39231586  0.39897074],[-0.13196627  0.19949199],[-0.07276005 -0.00363102]
4821,4.820999999999945,[ 0.34450532 -0.06003475],[-0.39244783  0.39917023],[-0.13183877  0.19932434],[-0.07268963 -0.00359929]
4822,4.821999999999945,[ 0.34411274 -0.05963538],[-0.39257967  0.39936955],[-0.13171135  0.19915657],[-0.07261925 -0.00356754]
4823,4.822999999999945,[ 0.34372003 -0.05923581],[-0.39271138  0.39956871],[-0.13158403  0.19898869],[-0.07254892 -0.00353577]
4824,4.823999999999946,[ 0.34332718 -0.05883605],[-0.39284296  0.3997677 ],[-0.1314568  0.1988207],[-0.07247863 -0.00350398]
4825,4.824999999999946,[ 0.34293421 -0.05843608],[-0.39297442  0.39996652],[-0.13132965  0.19865259],[-0.07240839 -0.00347218]
4826,4.825999999999946,[ 0.3425411  -0.05803591],[-0.39310575  0.40016517],[-0.1312026   0.19848436],[-0.07233819 -0.00344036]
4827,4.826999999999947,[ 0.34214787 -0.05763555],[-0.39323695  0.40036366],[-0.13107564  0.19831603],[-0.07226804 -0.00340852]
4828,4.827999999999947,[ 0.3417545  -0.05723499],[-0.39336803  0.40056197],[-0.13094877  0.19814757],[-0.07219794 -0.00337666]
4829,4.828999999999947,[ 0.341361   -0.05683423],[-0.39349898  0.40076012],[-0.13082198  0.19797901],[-0.07212789 -0.00334479]
4830,4.829999999999948,[ 0.34096737 -0.05643327],[-0.3936298  0.4009581],[-0.1306953   0.19781033],[-0.07205788 -0.0033129 ]
4831,4.830999999999948,[ 0.34057361 -0.05603211],[-0.39376049  0.40115591],[-0.1305687   0.19764154],[-0.07198791 -0.00328099]
4832,4.831999999999948,[ 0.34017972 -0.05563076],[-0.39389106  0.40135355],[-0.13044219  0.19747263],[-0.071918   -0.00324907]
4833,4.832999999999949,[ 0.3397857  -0.05522921],[-0.39402151  0.40155102],[-0.13031578  0.19730361],[-0.07184813 -0.00321712]
4834,4.833999999999949,[ 0.33939155 -0.05482746],[-0.39415182  0.40174833],[-0.13018945  0.19713447],[-0.0717783  -0.00318516]
4835,4.834999999999949,[ 0.33899726 -0.05442552],[-0.39428201  0.40194546],[-0.13006322  0.19696522],[-0.07170853 -0.00315318]
4836,4.83599999999995,[ 0.33860285 -0.05402337],[-0.39441207  0.40214243],[-0.12993708  0.19679586],[-0.0716388  -0.00312119]
4837,4.83699999999995,[ 0.33820831 -0.05362103],[-0.39454201  0.40233922],[-0.12981104  0.19662638],[-0.07156911 -0.00308917]
4838,4.83799999999995,[ 0.33781364 -0.0532185 ],[-0.39467182  0.40253585],[-0.12968508  0.19645679],[-0.07149948 -0.00305714]
4839,4.838999999999951,[ 0.33741884 -0.05281577],[-0.39480151  0.40273231],[-0.12955922  0.19628709],[-0.07142989 -0.0030251 ]
4840,4.839999999999951,[ 0.3370239  -0.05241284],[-0.39493107  0.40292859],[-0.12943345  0.19611727],[-0.07136035 -0.00299303]
4841,4.840999999999951,[ 0.33662884 -0.05200971],[-0.3950605   0.40312471],[-0.12930777  0.19594734],[-0.07129085 -0.00296095]
4842,4.841999999999952,[ 0.33623365 -0.05160639],[-0.39518981  0.40332066],[-0.12918219  0.1957773 ],[-0.0712214  -0.00292885]
4843,4.842999999999952,[ 0.33583834 -0.05120288],[-0.39531899  0.40351643],[-0.12905669  0.19560714],[-0.071152   -0.00289673]
4844,4.843999999999952,[ 0.33544289 -0.05079916],[-0.39544805  0.40371204],[-0.12893129  0.19543687],[-0.07108265 -0.0028646 ]
4845,4.844999999999953,[ 0.33504731 -0.05039526],[-0.39557698  0.40390748],[-0.12880599  0.19526648],[-0.07101334 -0.00283244]
4846,4.845999999999953,[ 0.3346516  -0.04999115],[-0.39570578  0.40410274],[-0.12868077  0.19509598],[-0.07094409 -0.00280027]
4847,4.846999999999953,[ 0.33425577 -0.04958685],[-0.39583446  0.40429784],[-0.12855565  0.19492537],[-0.07087488 -0.00276809]
4848,4.847999999999954,[ 0.33385981 -0.04918236],[-0.39596302  0.40449277],[-0.12843063  0.19475464],[-0.07080571 -0.00273588]
4849,4.848999999999954,[ 0.33346372 -0.04877767],[-0.39609145  0.40468752],[-0.1283057  0.1945838],[-0.0707366  -0.00270366]
4850,4.849999999999954,[ 0.3330675  -0.04837279],[-0.39621976  0.4048821 ],[-0.12818086  0.19441285],[-0.07066753 -0.00267143]
4851,4.850999999999955,[ 0.33267115 -0.04796772],[-0.39634794  0.40507652],[-0.12805611  0.19424178],[-0.07059851 -0.00263917]
4852,4.851999999999955,[ 0.33227467 -0.04756245],[-0.39647599  0.40527076],[-0.12793146  0.19407061],[-0.07052954 -0.0026069 ]
4853,4.852999999999955,[ 0.33187807 -0.04715698],[-0.39660392  0.40546483],[-0.1278069   0.19389931],[-0.07046062 -0.00257461]
4854,4.853999999999956,[ 0.33148134 -0.04675132],[-0.39673173  0.40565873],[-0.12768244  0.19372791],[-0.07039174 -0.0025423 ]
4855,4.854999999999956,[ 0.33108448 -0.04634547],[-0.39685941  0.40585246],[-0.12755807  0.19355639],[-0.07032291 -0.00250998]
4856,4.855999999999956,[ 0.33068749 -0.04593942],[-0.39698697  0.40604601],[-0.1274338   0.19338476],[-0.07025413 -0.00247764]
4857,4.856999999999957,[ 0.33029038 -0.04553318],[-0.39711441  0.4062394 ],[-0.12730962  0.19321301],[-0.0701854  -0.00244528]
4858,4.857999999999957,[ 0.32989313 -0.04512675],[-0.39724172  0.40643261],[-0.12718553  0.19304116],[-0.07011672 -0.0024129 ]
4859,4.858999999999957,[ 0.32949577 -0.04472013],[-0.3973689   0.40662565],[-0.12706154  0.19286919],[-0.07004808 -0.00238051]
4860,4.859999999999958,[ 0.32909827 -0.04431331],[-0.39749596  0.40681852],[-0.12693764  0.1926971 ],[-0.0699795 -0.0023481]
4861,4.860999999999958,[ 0.32870065 -0.0439063 ],[-0.3976229   0.40701122],[-0.12681384  0.19252491],[-0.06991096 -0.00231568]
4862,4.861999999999958,[ 0.3283029  -0.04349909],[-0.39774971  0.40720374],[-0.12669014  0.1923526 ],[-0.06984247 -0.00228324]
4863,4.862999999999959,[ 0.32790502 -0.0430917 ],[-0.3978764  0.4073961],[-0.12656653  0.19218018],[-0.06977403 -0.00225078]
4864,4.863999999999959,[ 0.32750702 -0.04268411],[-0.39800297  0.40758828],[-0.12644301  0.19200764],[-0.06970564 -0.0022183 ]
4865,4.864999999999959,[ 0.32710889 -0.04227633],[-0.39812941  0.40778028],[-0.12631959  0.191835  ],[-0.06963729 -0.0021858 ]
4866,4.86599999999996,[ 0.32671063 -0.04186836],[-0.39825573  0.40797212],[-0.12619627  0.19166224],[-0.069569   -0.00215329]
4867,4.86699999999996,[ 0.32631225 -0.04146019],[-0.39838193  0.40816378],[-0.12607304  0.19148936],[-0.06950075 -0.00212077]
4868,4.86799999999996,[ 0.32591374 -0.04105184],[-0.398508    0.40835527],[-0.12594991  0.19131638],[-0.06943256 -0.00208822]
4869,4.868999999999961,[ 0.32551511 -0.04064329],[-0.39863395  0.40854659],[-0.12582688  0.19114328],[-0.06936441 -0.00205566]
4870,4.869999999999961,[ 0.32511635 -0.04023455],[-0.39875978  0.40873773],[-0.12570394  0.19097007],[-0.06929631 -0.00202308]
4871,4.870999999999961,[ 0.32471746 -0.03982562],[-0.39888548  0.4089287 ],[-0.12558109  0.19079675],[-0.06922826 -0.00199049]
4872,4.871999999999962,[ 0.32431845 -0.0394165 ],[-0.39901106  0.4091195 ],[-0.12545834  0.19062332],[-0.06916026 -0.00195788]
4873,4.872999999999962,[ 0.32391932 -0.03900719],[-0.39913652  0.40931012],[-0.12533569  0.19044977],[-0.06909231 -0.00192525]
4874,4.873999999999962,[ 0.32352005 -0.03859769],[-0.39926186  0.40950057],[-0.12521314  0.19027611],[-0.06902441 -0.0018926 ]
4875,4.874999999999963,[ 0.32312067 -0.038188  ],[-0.39938707  0.40969085],[-0.12509068  0.19010234],[-0.06895656 -0.00185994]
4876,4.875999999999963,[ 0.32272115 -0.03777812],[-0.39951216  0.40988095],[-0.12496832  0.18992845],[-0.06888876 -0.00182726]
4877,4.876999999999963,[ 0.32232152 -0.03736805],[-0.39963713  0.41007088],[-0.12484606  0.18975446],[-0.068821   -0.00179456]
4878,4.877999999999964,[ 0.32192176 -0.03695779],[-0.39976198  0.41026063],[-0.12472389  0.18958035],[-0.0687533  -0.00176185]
4879,4.878999999999964,[ 0.32152187 -0.03654734],[-0.3998867   0.41045021],[-0.12460182  0.18940613],[-0.06868565 -0.00172912]
4880,4.879999999999964,[ 0.32112186 -0.0361367 ],[-0.4000113   0.41063962],[-0.12447985  0.1892318 ],[-0.06861804 -0.00169638]
4881,4.880999999999965,[ 0.32072172 -0.03572587],[-0.40013578  0.41082885],[-0.12435798  0.18905736],[-0.06855049 -0.00166362]
4882,4.881999999999965,[ 0.32032146 -0.03531485],[-0.40026014  0.41101791],[-0.1242362  0.1888828],[-0.06848298 -0.00163084]
4883,4.882999999999965,[ 0.31992108 -0.03490365],[-0.40038438  0.41120679],[-0.12411452  0.18870813],[-0.06841553 -0.00159804]
4884,4.883999999999966,[ 0.31952057 -0.03449225],[-0.40050849  0.4113955 ],[-0.12399294  0.18853336],[-0.06834812 -0.00156523]
4885,4.884999999999966,[ 0.31911994 -0.03408067],[-0.40063248  0.41158403],[-0.12387145  0.18835847],[-0.06828077 -0.0015324 ]
4886,4.885999999999966,[ 0.31871918 -0.03366889],[-0.40075636  0.41177239],[-0.12375007  0.18818346],[-0.06821347 -0.00149956]
4887,4.886999999999967,[ 0.3183183  -0.03325693],[-0.40088011  0.41196057],[-0.12362878  0.18800835],[-0.06814621 -0.00146669]
4888,4.887999999999967,[ 0.3179173  -0.03284479],[-0.40100373  0.41214858],[-0.12350759  0.18783312],[-0.06807901 -0.00143382]
4889,4.888999999999967,[ 0.31751617 -0.03243245],[-0.40112724  0.41233641],[-0.1233865   0.18765779],[-0.06801185 -0.00140092]
4890,4.889999999999968,[ 0.31711492 -0.03201992],[-0.40125063  0.41252407],[-0.12326551  0.18748234],[-0.06794475 -0.00136801]
4891,4.890999999999968,[ 0.31671354 -0.03160721],[-0.40137389  0.41271155],[-0.12314461  0.18730678],[-0.0678777  -0.00133508]
4892,4.891999999999968,[ 0.31631205 -0.03119431],[-0.40149704  0.41289886],[-0.12302382  0.18713111],[-0.0678107  -0.00130214]
4893,4.892999999999969,[ 0.31591043 -0.03078123],[-0.40162006  0.41308599],[-0.12290312  0.18695532],[-0.06774374 -0.00126918]
4894,4.893999999999969,[ 0.31550868 -0.03036796],[-0.40174297  0.41327295],[-0.12278252  0.18677943],[-0.06767684 -0.0012362 ]
4895,4.894999999999969,[ 0.31510682 -0.0299545 ],[-0.40186575  0.41345973],[-0.12266203  0.18660343],[-0.06760999 -0.00120321]
4896,4.89599999999997,[ 0.31470483 -0.02954085],[-0.40198841  0.41364633],[-0.12254163  0.18642731],[-0.06754319 -0.0011702 ]
4897,4.89699999999997,[ 0.31430272 -0.02912702],[-0.40211095  0.41383276],[-0.12242133  0.18625108],[-0.06747644 -0.00113717]
4898,4.89799999999997,[ 0.31390049 -0.028713  ],[-0.40223337  0.41401901],[-0.12230113  0.18607474],[-0.06740975 -0.00110413]
4899,4.898999999999971,[ 0.31349813 -0.02829879],[-0.40235567  0.41420508],[-0.12218103  0.1858983 ],[-0.0673431  -0.00107107]
4900,4.899999999999971,[ 0.31309565 -0.0278844 ],[-0.40247786  0.41439098],[-0.12206102  0.18572174],[-0.0672765 -0.001038 ]
4901,4.900999999999971,[ 0.31269305 -0.02746982],[-0.40259992  0.4145767 ],[-0.12194112  0.18554506],[-0.06720996 -0.0010049 ]
4902,4.901999999999972,[ 0.31229033 -0.02705506],[-0.40272186  0.41476225],[-0.12182132  0.18536828],[-0.06714346 -0.0009718 ]
4903,4.902999999999972,[ 0.31188749 -0.02664011],[-0.40284368  0.41494762],[-0.12170162  0.18519139],[-0.06707702 -0.00093867]
4904,4.903999999999972,[ 0.31148452 -0.02622498],[-0.40296538  0.41513281],[-0.12158202  0.18501439],[-0.06701063 -0.00090553]
4905,4.904999999999973,[ 0.31108143 -0.02580966],[-0.40308696  0.41531782],[-0.12146252  0.18483727],[-0.06694429 -0.00087238]
4906,4.905999999999973,[ 0.31067823 -0.02539416],[-0.40320842  0.41550266],[-0.12134312  0.18466005],[-0.066878  -0.0008392]
4907,4.906999999999973,[ 0.3102749  -0.02497847],[-0.40332977  0.41568732],[-0.12122381  0.18448271],[-0.06681176 -0.00080602]
4908,4.907999999999974,[ 0.30987144 -0.0245626 ],[-0.40345099  0.4158718 ],[-0.12110461  0.18430527],[-0.06674558 -0.00077281]
4909,4.908999999999974,[ 0.30946787 -0.02414655],[-0.4035721   0.41605611],[-0.12098552  0.18412771],[-0.06667944 -0.00073959]
4910,4.909999999999974,[ 0.30906418 -0.02373031],[-0.40369308  0.41624024],[-0.12086652  0.18395005],[-0.06661336 -0.00070635]
4911,4.910999999999975,[ 0.30866037 -0.02331388],[-0.40381395  0.41642419],[-0.12074762  0.18377227],[-0.06654733 -0.0006731 ]
4912,4.911999999999975,[ 0.30825643 -0.02289727],[-0.4039347   0.41660796],[-0.12062882  0.18359438],[-0.06648135 -0.00063983]
4913,4.912999999999975,[ 0.30785238 -0.02248048],[-0.40405532  0.41679155],[-0.12051013  0.18341639],[-0.06641542 -0.00060655]
4914,4.913999999999976,[ 0.3074482  -0.02206351],[-0.40417584  0.41697497],[-0.12039153  0.18323828],[-0.06634955 -0.00057325]
4915,4.914999999999976,[ 0.3070439  -0.02164635],[-0.40429623  0.41715821],[-0.12027304  0.18306006],[-0.06628372 -0.00053993]
4916,4.915999999999976,[ 0.30663949 -0.02122901],[-0.4044165   0.41734127],[-0.12015465  0.18288173],[-0.06621795 -0.0005066 ]
4917,4.916999999999977,[ 0.30623495 -0.02081148],[-0.40453665  0.41752415],[-0.12003636  0.1827033 ],[-0.06615223 -0.00047325]
4918,4.917999999999977,[ 0.30583029 -0.02039378],[-0.40465669  0.41770685],[-0.11991817  0.18252475],[-0.06608657 -0.00043988]
4919,4.918999999999977,[ 0.30542552 -0.01997589],[-0.40477661  0.41788938],[-0.11980008  0.18234609],[-0.06602095 -0.0004065 ]
4920,4.919999999999978,[ 0.30502062 -0.01955782],[-0.40489641  0.41807172],[-0.1196821   0.18216733],[-0.06595539 -0.0003731 ]
4921,4.920999999999978,[ 0.3046156  -0.01913956],[-0.40501609  0.41825389],[-0.11956422  0.18198845],[-0.06588988 -0.00033969]
4922,4.921999999999978,[ 0.30421047 -0.01872113],[-0.40513566  0.41843588],[-0.11944644  0.18180946],[-0.06582442 -0.00030626]
4923,4.922999999999979,[ 0.30380521 -0.01830251],[-0.4052551   0.41861769],[-0.11932876  0.18163037],[-0.06575901 -0.00027282]
4924,4.923999999999979,[ 0.30339984 -0.01788371],[-0.40537443  0.41879932],[-0.11921118  0.18145116],[-0.06569366 -0.00023936]
4925,4.924999999999979,[ 0.30299435 -0.01746473],[-0.40549364  0.41898077],[-0.11909371  0.18127185],[-0.06562836 -0.00020588]
4926,4.92599999999998,[ 0.30258873 -0.01704557],[-0.40561274  0.41916204],[-0.11897634  0.18109242],[-0.06556311 -0.00017239]
4927,4.92699999999998,[ 0.302183   -0.01662622],[-0.40573171  0.41934313],[-0.11885907  0.18091289],[-0.06549792 -0.00013888]
4928,4.92799999999998,[ 0.30177715 -0.0162067 ],[-0.40585057  0.41952405],[-0.1187419   0.18073325],[-0.06543277 -0.00010536]
4929,4.928999999999981,[ 0.30137118 -0.01578699],[-0.40596931  0.41970478],[-0.11862484  0.1805535 ],[-6.53676834e-02 -7.18186845e-05]
4930,4.929999999999981,[ 0.30096509 -0.01536711],[-0.40608794  0.41988533],[-0.11850788  0.18037363],[-6.53026463e-02 -3.82637150e-05]
4931,4.930999999999981,[ 0.30055889 -0.01494704],[-0.40620645  0.42006571],[-0.11839103  0.18019366],[-6.52376622e-02 -4.69304241e-06]
4932,4.931999999999982,[ 0.30015256 -0.0145268 ],[-0.40632484  0.4202459 ],[-0.11827427  0.18001358],[-6.51727311e-02  2.88933137e-05]
4933,4.932999999999982,[ 0.29974612 -0.01410637],[-0.40644311  0.42042592],[-0.11815762  0.1798334 ],[-6.51078529e-02  6.24953339e-05]
4934,4.933999999999982,[ 0.29933956 -0.01368577],[-0.40656127  0.42060575],[-0.11804108  0.1796531 ],[-6.50430279e-02  9.61129986e-05]
4935,4.934999999999983,[ 0.29893288 -0.01326498],[-0.40667931  0.4207854 ],[-0.11792464  0.17947269],[-0.06497826  0.00012975]
4936,4.935999999999983,[ 0.29852608 -0.01284402],[-0.40679723  0.42096487],[-0.1178083   0.17929218],[-0.06491354  0.0001634 ]
4937,4.936999999999983,[ 0.29811917 -0.01242287],[-0.40691504  0.42114417],[-0.11769206  0.17911155],[-0.06484887  0.00019706]
4938,4.937999999999984,[ 0.29771213 -0.01200155],[-0.40703273  0.42132328],[-0.11757593  0.17893082],[-0.06478426  0.00023074]
4939,4.938999999999984,[ 0.29730498 -0.01158005],[-0.40715031  0.42150221],[-0.1174599   0.17874998],[-0.0647197   0.00026444]
4940,4.939999999999984,[ 0.29689772 -0.01115836],[-0.40726777  0.42168096],[-0.11734398  0.17856903],[-0.0646552   0.00029815]
4941,4.940999999999985,[ 0.29649033 -0.01073651],[-0.40738511  0.42185953],[-0.11722816  0.17838797],[-0.06459074  0.00033187]
4942,4.941999999999985,[ 0.29608283 -0.01031447],[-0.40750234  0.42203792],[-0.11711245  0.1782068 ],[-0.06452635  0.00036562]
4943,4.942999999999985,[ 0.29567521 -0.00989225],[-0.40761945  0.42221612],[-0.11699684  0.17802553],[-0.064462    0.00039937]
4944,4.943999999999986,[ 0.29526747 -0.00946986],[-0.40773645  0.42239415],[-0.11688133  0.17784415],[-0.06439771  0.00043315]
4945,4.944999999999986,[ 0.29485962 -0.00904729],[-0.40785333  0.42257199],[-0.11676593  0.17766265],[-0.06433347  0.00046693]
4946,4.945999999999986,[ 0.29445165 -0.00862454],[-0.4079701   0.42274965],[-0.11665063  0.17748105],[-0.06426929  0.00050074]
4947,4.946999999999987,[ 0.29404356 -0.00820161],[-0.40808675  0.42292714],[-0.11653544  0.17729934],[-0.06420516  0.00053456]
4948,4.947999999999987,[ 0.29363536 -0.0077785 ],[-0.40820328  0.42310444],[-0.11642035  0.17711753],[-0.06414109  0.00056839]
4949,4.948999999999987,[ 0.29322704 -0.00735522],[-0.40831971  0.42328155],[-0.11630537  0.1769356 ],[-0.06407707  0.00060224]
4950,4.949999999999988,[ 0.2928186  -0.00693176],[-0.40843601  0.42345849],[-0.1161905   0.17675357],[-0.0640131   0.00063611]
4951,4.950999999999988,[ 0.29241005 -0.00650813],[-0.4085522   0.42363524],[-0.11607573  0.17657143],[-0.06394918  0.00066999]
4952,4.951999999999988,[ 0.29200138 -0.00608432],[-0.40866828  0.42381181],[-0.11596106  0.17638918],[-0.06388533  0.00070388]
4953,4.952999999999989,[ 0.2915926  -0.00566033],[-0.40878424  0.4239882 ],[-0.1158465   0.17620683],[-0.06382152  0.00073779]
4954,4.953999999999989,[ 0.2911837  -0.00523616],[-0.40890008  0.42416441],[-0.11573204  0.17602436],[-0.06375777  0.00077172]
4955,4.954999999999989,[ 0.29077468 -0.00481182],[-0.40901582  0.42434043],[-0.1156177   0.17584179],[-0.06369407  0.00080566]
4956,4.95599999999999,[ 0.29036555 -0.00438731],[-0.40913143  0.42451628],[-0.11550345  0.17565912],[-0.06363043  0.00083962]
4957,4.95699999999999,[ 0.2899563  -0.00396262],[-0.40924694  0.42469193],[-0.11538932  0.17547633],[-0.06356684  0.00087359]
4958,4.95799999999999,[ 0.28954694 -0.00353775],[-0.40936233  0.42486741],[-0.11527528  0.17529344],[-0.06350331  0.00090758]
4959,4.958999999999991,[ 0.28913746 -0.00311271],[-0.4094776  0.4250427],[-0.11516136  0.17511043],[-0.06343983  0.00094158]
4960,4.959999999999991,[ 0.28872787 -0.00268749],[-0.40959276  0.42521781],[-0.11504754  0.17492733],[-0.06337641  0.0009756 ]
4961,4.960999999999991,[ 0.28831816 -0.00226209],[-0.40970781  0.42539274],[-0.11493383  0.17474411],[-0.06331304  0.00100963]
4962,4.961999999999992,[ 0.28790834 -0.00183653],[-0.40982274  0.42556749],[-0.11482022  0.17456079],[-0.06324973  0.00104368]
4963,4.962999999999992,[ 0.2874984  -0.00141079],[-0.40993757  0.42574205],[-0.11470672  0.17437736],[-0.06318647  0.00107774]
4964,4.963999999999992,[ 0.28708835 -0.00098487],[-0.41005227  0.42591642],[-0.11459333  0.17419382],[-0.06312326  0.00111182]
4965,4.964999999999993,[ 0.28667818 -0.00055878],[-0.41016687  0.42609062],[-0.11448004  0.17401018],[-0.06306011  0.00114591]
4966,4.965999999999993,[ 2.86267903e-01 -1.32513768e-04],[-0.41028135  0.42626463],[-0.11436687  0.17382643],[-0.06299702  0.00118002]
4967,4.966999999999993,[0.28585751 0.00029392],[-0.41039571  0.42643845],[-0.11425379  0.17364257],[-0.06293398  0.00121414]
4968,4.967999999999994,[0.285447   0.00072054],[-0.41050997  0.4266121 ],[-0.11414083  0.1734586 ],[-0.062871    0.00124828]
4969,4.968999999999994,[0.28503637 0.00114732],[-0.41062411  0.42678556],[-0.11402797  0.17327453],[-0.06280807  0.00128243]
4970,4.969999999999994,[0.28462563 0.00157428],[-0.41073813  0.42695883],[-0.11391522  0.17309035],[-0.06274519  0.0013166 ]
4971,4.970999999999995,[0.28421478 0.00200141],[-0.41085205  0.42713192],[-0.11380258  0.17290607],[-0.06268237  0.00135078]
4972,4.971999999999995,[0.28380382 0.00242872],[-0.41096585  0.42730483],[-0.11369004  0.17272168],[-0.06261961  0.00138498]
4973,4.972999999999995,[0.28339274 0.0028562 ],[-0.41107954  0.42747755],[-0.11357761  0.17253718],[-0.0625569   0.00141919]
4974,4.973999999999996,[0.28298154 0.00328385],[-0.41119312  0.42765009],[-0.11346529  0.17235258],[-0.06249425  0.00145342]
4975,4.974999999999996,[0.28257024 0.00371167],[-0.41130659  0.42782244],[-0.11335308  0.17216787],[-0.06243165  0.00148766]
4976,4.975999999999996,[0.28215882 0.00413966],[-0.41141994  0.42799461],[-0.11324097  0.17198305],[-0.06236911  0.00152192]
4977,4.976999999999997,[0.28174728 0.00456783],[-0.41153318  0.42816659],[-0.11312898  0.17179813],[-0.06230662  0.00155619]
4978,4.977999999999997,[0.28133564 0.00499617],[-0.41164631  0.42833839],[-0.11301709  0.1716131 ],[-0.06224419  0.00159048]
4979,4.978999999999997,[0.28092388 0.00542468],[-0.41175933  0.42851   ],[-0.11290531  0.17142796],[-0.06218182  0.00162478]
4980,4.979999999999998,[0.28051201 0.00585336],[-0.41187223  0.42868143],[-0.11279363  0.17124272],[-0.0621195   0.00165909]
4981,4.980999999999998,[0.28010002 0.00628221],[-0.41198502  0.42885267],[-0.11268207  0.17105737],[-0.06205724  0.00169342]
4982,4.981999999999998,[0.27968792 0.00671124],[-0.41209771  0.42902373],[-0.11257061  0.17087192],[-0.06199503  0.00172777]
4983,4.982999999999999,[0.27927571 0.00714043],[-0.41221028  0.4291946 ],[-0.11245927  0.17068636],[-0.06193288  0.00176213]
4984,4.983999999999999,[0.27886339 0.0075698 ],[-0.41232274  0.42936529],[-0.11234803  0.1705007 ],[-0.06187078  0.0017965 ]
4985,4.984999999999999,[0.27845096 0.00799933],[-0.41243508  0.42953579],[-0.1122369   0.17031493],[-0.06180875  0.00183089]
4986,4.986,[0.27803841 0.00842904],[-0.41254732  0.4297061 ],[-0.11212588  0.17012905],[-0.06174676  0.0018653 ]
4987,4.987,[0.27762575 0.00885891],[-0.41265945  0.42987623],[-0.11201497  0.16994307],[-0.06168484  0.00189972]
4988,4.988,[0.27721298 0.00928896],[-0.41277146  0.43004617],[-0.11190416  0.16975698],[-0.06162296  0.00193415]
4989,4.989000000000001,[0.27680009 0.00971918],[-0.41288337  0.43021593],[-0.11179347  0.16957079],[-0.06156115  0.0019686 ]
4990,4.990000000000001,[0.2763871  0.01014956],[-0.41299516  0.4303855 ],[-0.11168289  0.16938449],[-0.06149939  0.00200306]
4991,4.991000000000001,[0.27597399 0.01058012],[-0.41310684  0.43055489],[-0.11157241  0.16919809],[-0.06143769  0.00203753]
4992,4.992000000000002,[0.27556077 0.01101084],[-0.41321842  0.43072409],[-0.11146205  0.16901158],[-0.06137605  0.00207202]
4993,4.993000000000002,[0.27514744 0.01144173],[-0.41332988  0.4308931 ],[-0.11135179  0.16882497],[-0.06131446  0.00210653]
4994,4.994000000000002,[0.274734  0.0118728],[-0.41344123  0.43106192],[-0.11124165  0.16863825],[-0.06125293  0.00214105]
4995,4.995000000000003,[0.27432045 0.01230403],[-0.41355247  0.43123056],[-0.11113161  0.16845143],[-0.06119145  0.00217558]
4996,4.996000000000003,[0.27390679 0.01273542],[-0.4136636   0.43139901],[-0.11102168  0.1682645 ],[-0.06113003  0.00221013]
4997,4.997000000000003,[0.27349301 0.01316699],[-0.41377462  0.43156728],[-0.11091187  0.16807746],[-0.06106867  0.00224469]
4998,4.998000000000004,[0.27307913 0.01359873],[-0.41388554  0.43173535],[-0.11080216  0.16789033],[-0.06100736  0.00227927]
4999,4.999000000000004,[0.27266513 0.01403063],[-0.41399634  0.43190324],[-0.11069256  0.16770308],[-0.06094612  0.00231386]
