,time,qpos,qvel,qacc,ctrl
0,0.001,[1.23767606e-05 1.69626402e-04],[0.01237676 0.1696264 ],[ 12.3767606  169.62640176],[-0.184  0.375]
1,0.002,[3.68103743e-05 5.04819763e-04],[0.02443361 0.33519336],[ 12.0568531  165.56695957],[-0.18463303  0.36657665]
2,0.003,[7.29867753e-05 1.00159467e-03],[0.0361764  0.49677491],[ 11.74278728 161.58154502],[-0.18525128  0.35833958]
3,0.004,[0.0001206  0.00165604],[0.04761085 0.65444375],[ 11.43444994 157.66883942],[-0.18585499  0.35028549]
4,0.005,[0.00017934 0.00246431],[0.05874257 0.80827125],[ 11.13172232 153.82750287],[-0.18644442  0.34241114]
5,0.006,[0.00024892 0.00342264],[0.06957705 0.95832743],[ 10.83448159 150.05618359],[-0.18701983  0.33471334]
6,0.007,[0.00032904 0.00452732],[0.08011966 1.10468096],[ 10.54260219 146.35352616],[-0.18758146  0.32718896]
7,0.008,[0.00041941 0.00577472],[0.09037561 1.24739914],[ 10.25595695 142.71817873],[-0.18812955  0.31983495]
8,0.009000000000000001,[0.00051976 0.00716127],[0.10035003 1.38654794],[  9.97441817 139.14879925],[-0.18866433  0.3126483 ]
9,0.010000000000000002,[0.00062981 0.00868346],[0.11004789 1.522192  ],[  9.6978585  135.64406087],[-0.18918603  0.30562607]
10,0.011000000000000003,[0.00074928 0.01033785],[0.11947404 1.65439465],[  9.42615168 132.20265659],[-0.18969486  0.29876538]
11,0.012000000000000004,[0.00087792 0.01212107],[0.12863322 1.78321796],[  9.15917329 128.82330319],[-0.19019105  0.2920634 ]
12,0.013000000000000005,[0.00101545 0.01402979],[0.13753002 1.9087227 ],[  8.89680127 125.5047445 ],[-0.19067481  0.28551738]
13,0.014000000000000005,[0.00116162 0.01606076],[0.14616893 2.03096846],[  8.63891647 122.24575412],[-0.19114634  0.2791246 ]
14,0.015000000000000006,[0.00131617 0.01821077],[0.15455434 2.15001359],[  8.385403   119.04513769],[-0.19160583  0.27288241]
15,0.016000000000000007,[0.00147886 0.02047669],[0.16269049 2.26591533],[  8.13614865 115.90173454],[-0.19205348  0.26678821]
16,0.017000000000000008,[0.00164944 0.02285542],[0.17058153 2.37872975],[  7.89104513 112.81441912],[-0.19248948  0.26083947]
17,0.01800000000000001,[0.00182767 0.02534393],[0.17823152 2.48851185],[  7.6499883  109.78210187],[-0.19291401  0.25503367]
18,0.01900000000000001,[0.00201332 0.02793925],[0.1856444  2.59531558],[  7.41287832 106.80372991],[-0.19332726  0.24936837]
19,0.02000000000000001,[0.00220614 0.03063844],[0.19282402 2.69919387],[  7.17961984 103.87828733],[-0.19372938  0.24384118]
20,0.02100000000000001,[0.00240592 0.03343864],[0.19977414 2.80019866],[  6.95012199 101.00479524],[-0.19412056  0.23844975]
21,0.022000000000000013,[0.00261242 0.03633702],[0.20649844 2.89838097],[ 6.7242985  98.18231163],[-0.19450096  0.23319175]
22,0.023000000000000013,[0.00282542 0.03933081],[0.2130005 2.9937909],[ 6.50206767 95.40993095],[-0.19487073  0.22806492]
23,0.024000000000000014,[0.0030447  0.04241729],[0.21928386 3.08647769],[ 6.28335236 92.68678355],[-0.19523005  0.22306704]
24,0.025000000000000015,[0.00327005 0.04559378],[0.22535194 3.17648972],[ 6.06807993 90.01203495],[-0.19557905  0.21819591]
25,0.026000000000000016,[0.00350126 0.04885765],[0.23120812 3.26387461],[ 5.85618218 87.38488497],[-0.19591789  0.21344939]
26,0.027000000000000017,[0.00373812 0.05220633],[0.23685571 3.34867917],[ 5.64759523 84.8045667 ],[-0.19624672  0.20882535]
27,0.028000000000000018,[0.00398041 0.05563728],[0.24229797 3.43094952],[ 5.44225946 82.27034544],[-0.19656569  0.20432172]
28,0.02900000000000002,[0.00422795 0.05914801],[0.24753809 3.51073104],[ 5.24011932 79.78151749],[-0.19687493  0.19993643]
29,0.03000000000000002,[0.00448053 0.06273608],[0.25257922 3.58806845],[ 5.04112322 77.33740888],[-0.19717458  0.19566747]
30,0.03100000000000002,[0.00473796 0.06639909],[0.25742444 3.66300582],[ 4.84522336 74.93737406],[-0.19746479  0.19151286]
31,0.03200000000000002,[0.00500003 0.07013467],[0.26207682 3.73558661],[ 4.65237556 72.58079449],[-0.19774568  0.18747061]
32,0.03300000000000002,[0.00526657 0.07394053],[0.26653935 3.80585369],[ 4.46253913 70.26707726],[-0.19801739  0.1835388 ]
33,0.03400000000000002,[0.00553739 0.07781438],[0.27081503 3.87384935],[ 4.27567661 67.99565364],[-0.19828006  0.17971552]
34,0.035000000000000024,[0.00581229 0.08175399],[0.27490678 3.93961532],[ 4.09175365 65.76597764],[-0.19853381  0.17599888]
35,0.036000000000000025,[0.00609111 0.08575719],[0.27881752 4.00319285],[ 3.91073879 63.5775245 ],[-0.19877877  0.17238701]
36,0.037000000000000026,[0.00637366 0.08982181],[0.28255013 4.06462264],[ 3.73260326 61.42978927],[-0.19901506  0.16887807]
37,0.03800000000000003,[0.00665977 0.09394575],[0.28610745 4.12394492],[ 3.55732083 59.32228534],[-0.19924282  0.16547025]
38,0.03900000000000003,[0.00694926 0.09812695],[0.28949232 4.18119947],[ 3.38486754 57.254543  ],[-0.19946217  0.16216173]
39,0.04000000000000003,[0.00724197 0.10236338],[0.29270754 4.23642557],[ 3.21522158 55.22610801],[-0.19967323  0.15895074]
40,0.04100000000000003,[0.00753772 0.10665304],[0.2957559  4.28966211],[ 3.04836305 53.23654022],[-0.19987613  0.15583551]
41,0.04200000000000003,[0.00783636 0.11099399],[0.29864017 4.34094753],[ 2.88427379 51.2854122 ],[-0.20007099  0.15281431]
42,0.04300000000000003,[0.00813773 0.11538431],[0.30136311 4.39031983],[ 2.72293718 49.37230796],[-0.20025793  0.1498854 ]
43,0.04400000000000003,[0.00844165 0.11982212],[0.30392745 4.43781666],[ 2.56433799 47.49682158],[-0.20043708  0.14704707]
44,0.04500000000000003,[0.00874799 0.1243056 ],[0.30633591 4.48347521],[ 2.40846215 45.65855608],[-0.20060855  0.14429764]
45,0.046000000000000034,[0.00905658 0.12883293],[0.30859121 4.52733233],[ 2.25529662 43.85712216],[-0.20077246  0.14163542]
46,0.047000000000000035,[0.00936728 0.13340236],[0.31069604 4.56942447],[ 2.10482921 42.09213709],[-0.20092893  0.13905875]
47,0.048000000000000036,[0.00967993 0.13801214],[0.31265309 4.60978769],[ 1.95704843 40.36322367],[-0.2010781   0.13656599]
48,0.04900000000000004,[0.0099944 0.1426606],[0.31446503 4.6484577 ],[ 1.81194331 38.67000913],[-0.20122006  0.1341555 ]
49,0.05000000000000004,[0.01031053 0.14734607],[0.31613453 4.68546983],[ 1.66950327 37.01212425],[-0.20135495  0.13182568]
50,0.05100000000000004,[0.01062819 0.15206693],[0.31766425 4.72085903],[ 1.52971801 35.3892024 ],[-0.20148288  0.12957491]
51,0.05200000000000004,[0.01094725 0.15682159],[0.31905683 4.75465991],[ 1.39257732 33.80087874],[-0.20160398  0.12740162]
52,0.05300000000000004,[0.01126757 0.1616085 ],[0.3203149 4.7869067],[ 1.25807101 32.24678942],[-0.20171835  0.12530423]
53,0.05400000000000004,[0.01158901 0.16642613],[0.32144109 4.81763327],[ 1.12618876 30.72657086],[-0.20182612  0.12328118]
54,0.05500000000000004,[0.01191145 0.171273  ],[0.32243801 4.84687313],[ 0.99692004 29.23985912],[-0.20192741  0.12133094]
55,0.05600000000000004,[0.01223475 0.17614766],[0.32330826 4.87465942],[ 0.87025398 27.78628928],[-0.20202233  0.11945198]
56,0.057000000000000044,[0.01255881 0.18104869],[0.32405444 4.90102491],[ 0.74617933 26.36549494],[-0.202111    0.11764279]
57,0.058000000000000045,[0.01288349 0.18597469],[0.32467912 4.92600202],[ 0.62468433 24.97710772],[-0.20219354  0.11590186]
58,0.059000000000000045,[0.01320867 0.19092431],[0.32518488 4.94962278],[ 0.50575664 23.62075689],[-0.20227006  0.11422773]
59,0.060000000000000046,[0.01353425 0.19589623],[0.32557426 4.97191885],[ 0.3893833  22.29606896],[-0.20234069  0.11261891]
60,0.06100000000000005,[0.0138601  0.20088915],[0.32584982 4.99292151],[ 0.27555067 21.00266745],[-0.20240553  0.11107397]
61,0.06200000000000005,[0.01418611 0.20590181],[0.32601406 5.01266169],[ 0.16424436 19.7401726 ],[-0.20246471  0.10959146]
62,0.06300000000000004,[0.01451218 0.21093298],[0.32606951 5.03116989],[ 0.05544918 18.50820119],[-0.20251834  0.10816997]
63,0.06400000000000004,[0.0148382  0.21598146],[0.32601866 5.04847625],[-0.05085086 17.30636644],[-0.20256653  0.10680809]
64,0.06500000000000004,[0.01516406 0.22104607],[0.32586399 5.06461053],[-0.1546726  16.13427785],[-0.20260939  0.10550444]
65,0.06600000000000004,[0.01548967 0.22612567],[0.32560795 5.07960207],[-0.25603377 14.99154124],[-0.20264705  0.10425765]
66,0.06700000000000005,[0.01581492 0.23121915],[0.325253   5.09347983],[-0.35495295 13.87775868],[-0.20267961  0.10306636]
67,0.06800000000000005,[0.01613973 0.23632543],[0.32480155 5.10627236],[-0.45144966 12.79252856],[-0.20270719  0.10192924]
68,0.06900000000000005,[0.01646398 0.24144343],[0.324256   5.11800781],[-0.54554428 11.73544565],[-0.2027299   0.10084497]
69,0.07000000000000005,[0.0167876  0.24657215],[0.32361875 5.12871391],[-0.63725812 10.70610125],[-0.20274784  0.09981224]
70,0.07100000000000005,[0.01711049 0.25171057],[0.32289213 5.13841799],[-0.72661336  9.7040833 ],[-0.20276113  0.09882978]
71,0.07200000000000005,[0.01743257 0.25685771],[0.3220785  5.14714697],[-0.81363306  8.72897656],[-0.20276988  0.09789632]
72,0.07300000000000005,[0.01775375 0.26201264],[0.32118016 5.15492733],[-0.89834116  7.78036283],[-0.20277419  0.0970106 ]
73,0.07400000000000005,[0.01807395 0.26717442],[0.3201994  5.16178515],[-0.98076243  6.85782116],[-0.20277418  0.09617141]
74,0.07500000000000005,[0.01839309 0.27234217],[0.31913847 5.16774608],[-1.06092247  5.96092809],[-0.20276994  0.09537752]
75,0.07600000000000005,[0.01871109 0.27751501],[0.31799963 5.17283534],[-1.13884765  5.08925796],[-0.20276159  0.09462774]
76,0.07700000000000005,[0.01902787 0.28269208],[0.31678506 5.17707772],[-1.21456514  4.24238313],[-0.20274922  0.09392091]
77,0.07800000000000006,[0.01934337 0.28787258],[0.31549696 5.18049759],[-1.2881028   3.41987435],[-0.20273294  0.09325587]
78,0.07900000000000006,[0.01965751 0.2930557 ],[0.31413747 5.1831189 ],[-1.35948922  2.621301  ],[-0.20271286  0.09263147]
79,0.08000000000000006,[0.01997022 0.29824067],[0.31270872 5.18496513],[-1.42875362  1.84623145],[-0.20268907  0.0920466 ]
80,0.08100000000000006,[0.02028143 0.30342672],[0.31121279 5.18605936],[-1.49592585  1.0942334 ],[-0.20266167  0.09150018]
81,0.08200000000000006,[0.02059108 0.30861315],[0.30965175 5.18642423],[-1.56103635  0.36487415],[-0.20263075  0.0909911 ]
82,0.08300000000000006,[0.02089911 0.31379923],[0.30802764 5.18608196],[-1.62411608 -0.34227899],[-0.20259643  0.09051833]
83,0.08400000000000006,[0.02120545 0.31898429],[0.30634244 5.1850543 ],[-1.6851965  -1.02765843],[-0.20255878  0.09008081]
84,0.08500000000000006,[0.02151005 0.32416765],[0.30459813 5.1833626 ],[-1.74430951 -1.69169591],[-0.20251791  0.08967754]
85,0.08600000000000006,[0.02181285 0.32934868],[0.30279664 5.18102778],[-1.80148744 -2.33482222],[-0.20247391  0.0893075 ]
86,0.08700000000000006,[0.02211379 0.33452675],[0.30093988 5.17807031],[-1.85676296 -2.95746683],[-0.20242686  0.08896971]
87,0.08800000000000006,[0.02241282 0.33970126],[0.29902971 5.17451025],[-1.91016907 -3.56005757],[-0.20237687  0.08866323]
88,0.08900000000000007,[0.02270988 0.34487162],[0.29706797 5.17036723],[-1.96173905 -4.14302034],[-0.20232401  0.08838709]
89,0.09000000000000007,[0.02300494 0.35003728],[0.29505647 5.16566046],[-2.01150641 -4.70677877],[-0.20226837  0.08814038]
90,0.09100000000000007,[0.02329794 0.35519769],[0.29299696 5.1604087 ],[-2.05950485 -5.25175394],[-0.20221004  0.0879222 ]
91,0.09200000000000007,[0.02358883 0.36035232],[0.29089119 5.15463034],[-2.10576821 -5.77836406],[-0.2021491   0.08773165]
92,0.09300000000000007,[0.02387757 0.36550067],[0.28874086 5.14834331],[-2.15033044 -6.28702423],[-0.20208563  0.08756789]
93,0.09400000000000007,[0.02416412 0.37064223],[0.28654764 5.14156517],[-2.19322557 -6.77814613],[-0.20201972  0.08743005]
94,0.09500000000000007,[0.02444843 0.37577654],[0.28431315 5.13431303],[-2.23448765 -7.25213776],[-0.20195144  0.08731731]
95,0.09600000000000007,[0.02473047 0.38090315],[0.282039   5.12660363],[-2.2741507  -7.70940324],[-0.20188087  0.08722886]
96,0.09700000000000007,[0.0250102 0.3860216],[0.27972675 5.11845328],[-2.31224873 -8.15034252],[-0.20180809  0.08716391]
97,0.09800000000000007,[0.02528757 0.39113148],[0.27737793 5.10987793],[-2.34881564 -8.57535119],[-0.20173317  0.08712169]
98,0.09900000000000007,[0.02556257 0.39623237],[0.27499405 5.10089311],[-2.38388523 -8.98482025],[-0.20165619  0.08710145]
99,0.10000000000000007,[0.02583514 0.40132389],[0.27257656 5.09151398],[-2.41749114 -9.37913594],[-0.2015772   0.08710244]
100,0.10100000000000008,[0.02610527 0.40640564],[0.27012689 5.0817553 ],[-2.44966683 -9.75867953],[-0.2014963   0.08712396]
101,0.10200000000000008,[0.02637292 0.41147727],[0.26764645 5.07163147],[ -2.48044555 -10.12382718],[-0.20141354  0.08716529]
102,0.10300000000000008,[0.02663805 0.41653843],[0.26513659 5.06115652],[ -2.50986034 -10.47494975],[-0.20132899  0.08722576]
103,0.10400000000000008,[0.02690065 0.42158877],[0.26259864 5.05034411],[ -2.53794393 -10.81241268],[-0.20124271  0.0873047 ]
104,0.10500000000000008,[0.02716069 0.42662798],[0.26003391 5.03920753],[ -2.5647288  -11.13657587],[-0.20115477  0.08740146]
105,0.10600000000000008,[0.02741813 0.43165574],[0.25744367 5.02775974],[ -2.59024709 -11.44779354],[-0.20106524  0.08751541]
106,0.10700000000000008,[0.02767296 0.43667175],[0.25482914 5.01601332],[ -2.61453063 -11.74641412],[-0.20097416  0.08764593]
107,0.10800000000000008,[0.02792515 0.44167573],[0.25219152 5.00398054],[ -2.63761087 -12.0327802 ],[-0.20088161  0.08779243]
108,0.10900000000000008,[0.02817468 0.44666741],[0.24953201 4.99167331],[ -2.65951891 -12.3072284 ],[-0.20078764  0.08795431]
109,0.11000000000000008,[0.02842153 0.45164651],[0.24685172 4.97910323],[ -2.68028545 -12.57008935],[-0.2006923   0.08813101]
110,0.11100000000000008,[0.02866569 0.45661279],[0.24415178 4.96628154],[ -2.69994078 -12.82168758],[-0.20059566  0.08832198]
111,0.11200000000000009,[0.02890712 0.46156601],[0.24143326 4.9532192 ],[ -2.71851476 -13.06234153],[-0.20049776  0.08852667]
112,0.11300000000000009,[0.02914582 0.46650594],[0.23869723 4.93992683],[ -2.73603684 -13.29236347],[-0.20039865  0.08874458]
113,0.11400000000000009,[0.02938176 0.47143235],[0.23594469 4.92641477],[ -2.75253599 -13.51205949],[-0.20029839  0.08897517]
114,0.11500000000000009,[0.02961494 0.47634505],[0.23317665 4.91269304],[ -2.76804076 -13.72172952],[-0.20019703  0.08921798]
115,0.11600000000000009,[0.02984533 0.48124382],[0.23039407 4.89877138],[ -2.78257919 -13.92166724],[-0.20009462  0.0894725 ]
116,0.11700000000000009,[0.03007293 0.48612848],[0.22759789 4.88465922],[ -2.79617889 -14.11216016],[-0.1999912   0.08973828]
117,0.11800000000000009,[0.03029772 0.49099884],[0.22478903 4.87036573],[ -2.80886695 -14.29348962],[-0.19988681  0.09001486]
118,0.11900000000000009,[0.03051969 0.49585474],[0.22196836 4.8558998 ],[ -2.82066998 -14.46593077],[-0.19978151  0.0903018 ]
119,0.12000000000000009,[0.03073882 0.50069601],[0.21913674 4.84127004],[ -2.83161412 -14.62975261],[-0.19967533  0.09059868]
120,0.1210000000000001,[0.03095512 0.5055225 ],[0.21629502 4.82648483],[ -2.84172499 -14.78521805],[-0.19956831  0.09090508]
121,0.1220000000000001,[0.03116856 0.51033405],[0.21344399 4.81155224],[ -2.85102771 -14.93258395],[-0.19946051  0.0912206 ]
122,0.1230000000000001,[0.03137915 0.51513053],[0.21058444 4.79648014],[ -2.85954691 -15.0721011 ],[-0.19935195  0.09154485]
123,0.1240000000000001,[0.03158686 0.51991181],[0.20771714 4.78127613],[ -2.8673067  -15.20401435],[-0.19924268  0.09187744]
124,0.12500000000000008,[0.03179171 0.52467775],[0.2048428  4.76594756],[ -2.8743307  -15.32856265],[-0.19913273  0.09221802]
125,0.12600000000000008,[0.03199367 0.52942826],[0.20196216 4.75050158],[ -2.88064202 -15.44597906],[-0.19902214  0.09256623]
126,0.12700000000000009,[0.03219275 0.5341632 ],[0.1990759  4.73494509],[ -2.88626327 -15.55649088],[-0.19891094  0.09292172]
127,0.12800000000000009,[0.03238893 0.53888249],[0.19618468 4.71928477],[ -2.89121655 -15.6603197 ],[-0.19879917  0.09328415]
128,0.1290000000000001,[0.03258222 0.54358601],[0.19328916 4.70352709],[ -2.89552348 -15.75768145],[-0.19868686  0.09365321]
129,0.1300000000000001,[0.03277261 0.54827369],[0.19038995 4.68767831],[ -2.89920517 -15.84878652],[-0.19857404  0.09402858]
130,0.1310000000000001,[0.0329601  0.55294543],[0.18748767 4.67174447],[ -2.90228224 -15.9338398 ],[-0.19846074  0.09440996]
131,0.1320000000000001,[0.03314468 0.55760117],[0.1845829  4.65573142],[ -2.90477482 -16.01304078],[-0.198347    0.09479705]
132,0.1330000000000001,[0.03332636 0.56224081],[0.18167619 4.63964484],[ -2.90670257 -16.08658366],[-0.19823284  0.09518956]
133,0.1340000000000001,[0.03350512 0.5668643 ],[0.17876811 4.62349018],[ -2.90808464 -16.1546574 ],[-0.19811829  0.09558723]
134,0.1350000000000001,[0.03368098 0.57147157],[0.17585917 4.60727274],[ -2.90893975 -16.21744582],[-0.19800338  0.09598979]
135,0.1360000000000001,[0.03385393 0.57606257],[0.17294988 4.59099761],[ -2.90928612 -16.27512772],[-0.19788813  0.09639697]
136,0.1370000000000001,[0.03402397 0.58063724],[0.17004074 4.57466973],[ -2.90914152 -16.32787694],[-0.19777257  0.09680853]
137,0.1380000000000001,[0.03419111 0.58519554],[0.16713222 4.55829387],[ -2.90852325 -16.37586244],[-0.19765672  0.09722423]
138,0.1390000000000001,[0.03435533 0.58973741],[0.16422477 4.54187462],[ -2.9074482  -16.41924847],[-0.19754061  0.09764383]
139,0.1400000000000001,[0.03451665 0.59426283],[0.16131884 4.52541643],[ -2.90593276 -16.45819458],[-0.19742426  0.09806711]
140,0.1410000000000001,[0.03467506 0.59877175],[0.15841485 4.50892357],[ -2.90399294 -16.49285575],[-0.19730769  0.09849385]
141,0.1420000000000001,[0.03483058 0.60326415],[0.1555132  4.49240019],[ -2.90164429 -16.52338252],[-0.19719092  0.09892384]
142,0.1430000000000001,[0.03498319 0.60774   ],[0.1526143  4.47585027],[ -2.89890194 -16.54992102],[-0.19707398  0.09935688]
143,0.1440000000000001,[0.03513291 0.61219928],[0.14971852 4.45927766],[ -2.89578063 -16.57261312],[-0.19695689  0.09979276]
144,0.1450000000000001,[0.03527974 0.61664196],[0.14682622 4.44268606],[ -2.89229465 -16.5915965 ],[-0.19683965  0.1002313 ]
145,0.1460000000000001,[0.03542367 0.62106804],[0.14393777 4.42607905],[ -2.88845795 -16.60700475],[-0.1967223   0.10067231]
146,0.1470000000000001,[0.03556473 0.6254775 ],[0.14105348 4.40946009],[ -2.88428404 -16.61896748],[-0.19660485  0.10111563]
147,0.1480000000000001,[0.0357029  0.62987034],[0.1381737  4.39283248],[ -2.87978608 -16.62761038],[-0.19648732  0.10156107]
148,0.1490000000000001,[0.0358382  0.63424654],[0.13529872 4.37619942],[ -2.87497682 -16.63305538],[-0.19636972  0.10200847]
149,0.1500000000000001,[0.03597063 0.6386061 ],[0.13242885 4.359564  ],[ -2.86986868 -16.63542064],[-0.19625207  0.10245767]
150,0.1510000000000001,[0.03610019 0.64294903],[0.12956438 4.34292918],[ -2.86447371 -16.63482074],[-0.19613438  0.10290853]
151,0.1520000000000001,[0.0362269  0.64727533],[0.12670557 4.32629781],[ -2.85880359 -16.63136673],[-0.19601668  0.10336088]
152,0.1530000000000001,[0.03635075 0.651585  ],[0.1238527  4.30967265],[ -2.85286968 -16.62516621],[-0.19589897  0.10381459]
153,0.1540000000000001,[0.03647176 0.65587806],[0.12100602 4.29305632],[ -2.84668299 -16.61632344],[-0.19578127  0.10426952]
154,0.1550000000000001,[0.03658992 0.66015451],[0.11816577 4.27645138],[ -2.8402542 -16.6049394],[-0.19566359  0.10472554]
155,0.1560000000000001,[0.03670526 0.66441437],[0.11533217 4.25986027],[ -2.83359368 -16.59111192],[-0.19554594  0.10518251]
156,0.1570000000000001,[0.03681776 0.66865765],[0.11250546 4.24328534],[ -2.82671148 -16.57493572],[-0.19542834  0.10564032]
157,0.1580000000000001,[0.03692745 0.67288438],[0.10968584 4.22672883],[ -2.81961735 -16.55650251],[-0.1953108   0.10609884]
158,0.1590000000000001,[0.03703432 0.67709457],[0.10687352 4.21019293],[ -2.81232074 -16.5359011 ],[-0.19519333  0.10655796]
159,0.16000000000000011,[0.03713839 0.68128825],[0.10406869 4.19367972],[ -2.80483081 -16.51321742],[-0.19507594  0.10701758]
160,0.16100000000000012,[0.03723966 0.68546544],[0.10127154 4.17719118],[ -2.79715642 -16.48853466],[-0.19495864  0.10747758]
161,0.16200000000000012,[0.03733814 0.68962617],[0.09848223 4.16072925],[ -2.78930619 -16.4619333 ],[-0.19484145  0.10793786]
162,0.16300000000000012,[0.03743384 0.69377047],[0.09570094 4.14429576],[ -2.78128843 -16.43349122],[-0.19472436  0.10839832]
163,0.16400000000000012,[0.03752677 0.69789836],[0.09292783 4.12789247],[ -2.77311122 -16.40328376],[-0.19460739  0.10885887]
164,0.16500000000000012,[0.03761694 0.70200988],[0.09016305 4.11152109],[ -2.76478236 -16.37138379],[-0.19449055  0.10931942]
165,0.16600000000000012,[0.03770434 0.70610507],[0.08740674 4.09518323],[ -2.75630943 -16.33786178],[-0.19437385  0.10977987]
166,0.16700000000000012,[0.037789   0.71018395],[0.08465904 4.07888044],[ -2.74769974 -16.30278589],[-0.19425729  0.11024015]
167,0.16800000000000012,[0.03787092 0.71424656],[0.08192008 4.06261422],[ -2.73896038 -16.266222  ],[-0.19414088  0.11070018]
168,0.16900000000000012,[0.03795011 0.71829295],[0.07918998 4.04638598],[ -2.7300982  -16.22823383],[-0.19402464  0.11115987]
169,0.17000000000000012,[0.03802658 0.72232314],[0.07646886 4.0301971 ],[ -2.72111985 -16.18888294],[-0.19390856  0.11161915]
170,0.17100000000000012,[0.03810034 0.72633719],[0.07375683 4.01404887],[ -2.71203173 -16.14822885],[-0.19379265  0.11207795]
171,0.17200000000000013,[0.03817139 0.73033514],[0.07105399 3.99794254],[ -2.70284006 -16.10632908],[-0.19367693  0.11253619]
172,0.17300000000000013,[0.03823975 0.73431702],[0.06836044 3.9818793 ],[ -2.69355084 -16.0632392 ],[-0.19356139  0.11299382]
173,0.17400000000000013,[0.03830543 0.73828288],[0.06567627 3.96586029],[ -2.68416987 -16.01901291],[-0.19344604  0.11345077]
174,0.17500000000000013,[0.03836843 0.74223276],[0.06300156 3.94988659],[ -2.67470277 -15.97370207],[-0.19333089  0.11390697]
175,0.17600000000000013,[0.03842877 0.74616672],[0.06033641 3.93395923],[ -2.66515496 -15.92735678],[-0.19321595  0.11436238]
176,0.17700000000000013,[0.03848645 0.7500848 ],[0.05768088 3.91807921],[ -2.65553167 -15.88002544],[-0.19310121  0.11481692]
177,0.17800000000000013,[0.03854148 0.75398705],[0.05503504 3.90224745],[ -2.64583797 -15.83175477],[-0.19298668  0.11527056]
178,0.17900000000000013,[0.03859388 0.75787351],[0.05239896 3.88646486],[ -2.63607875 -15.7825899 ],[-0.19287237  0.11572323]
179,0.18000000000000013,[0.03864365 0.76174425],[0.0497727  3.87073229],[ -2.62625875 -15.73257439],[-0.19275828  0.11617489]
180,0.18100000000000013,[0.03869081 0.7655993 ],[0.04715632 3.85505054],[ -2.61638251 -15.68175029],[-0.19264442  0.11662549]
181,0.18200000000000013,[0.03873536 0.76943872],[0.04454987 3.83942038],[ -2.60645445 -15.6301582 ],[-0.19253079  0.11707498]
182,0.18300000000000013,[0.03877731 0.77326256],[0.04195339 3.82384254],[ -2.59647882 -15.57783728],[-0.19241738  0.11752332]
183,0.18400000000000014,[0.03881668 0.77707088],[0.03936693 3.80831772],[ -2.58645973 -15.52482535],[-0.19230422  0.11797047]
184,0.18500000000000014,[0.03885347 0.78086372],[0.03679053 3.79284656],[ -2.57640113 -15.47115889],[-0.19219129  0.11841639]
185,0.18600000000000014,[0.03888769 0.78464115],[0.03422422 3.77742969],[ -2.56630685 -15.41687309],[-0.19207861  0.11886104]
186,0.18700000000000014,[0.03891936 0.78840322],[0.03166804 3.76206768],[ -2.55618058 -15.36200191],[-0.19196617  0.11930438]
187,0.18800000000000014,[0.03894848 0.79214998],[0.02912201 3.74676111],[ -2.54602587 -15.30657809],[-0.19185397  0.11974638]
188,0.18900000000000014,[0.03897507 0.79588149],[0.02658617 3.73151047],[ -2.53584616 -15.25063322],[-0.19174203  0.12018701]
189,0.19000000000000014,[0.03899913 0.79959781],[0.02406052 3.71631627],[ -2.52564475 -15.19419776],[-0.19163034  0.12062624]
190,0.19100000000000014,[0.03902069 0.80329903],[0.0215571  3.70122447],[ -2.50342362 -15.09180603],[-0.19151891  0.12106403]
191,0.19200000000000014,[0.03903997 0.80698605],[0.01928344 3.68701822],[ -2.27365926 -14.20624443],[-0.19140833  0.12149807]
192,0.19300000000000014,[0.03905716 0.81065955],[0.01719106 3.67349774],[ -2.09238143 -13.52048221],[-0.19130901  0.12188913]
193,0.19400000000000014,[0.03907227 0.81431955],[0.01510587 3.65999734],[ -2.08518932 -13.50040157],[-0.19121854  0.12224712]
194,0.19500000000000015,[0.0390853  0.81796606],[0.01302795 3.64651819],[ -2.07791344 -13.47914737],[-0.19112821  0.12260532]
195,0.19600000000000015,[0.03909625 0.82159913],[0.0109574  3.63306143],[ -2.07055817 -13.45676227],[-0.19103804  0.12296367]
196,0.19700000000000015,[0.03910515 0.82521875],[0.00889427 3.61962814],[ -2.06312778 -13.43328764],[-0.19094803  0.12332211]
197,0.19800000000000015,[0.03911199 0.82882497],[0.00683864 3.60621938],[ -2.05562639 -13.40876359],[-0.19085818  0.12368059]
198,0.19900000000000015,[0.03911678 0.83241781],[0.00479058 3.59283615],[ -2.04805799 -13.38322901],[-0.1907685   0.12403906]
199,0.20000000000000015,[0.03911953 0.83599729],[2.75015754e-03 3.57947943e+00],[ -2.04042646 -13.35672159],[-0.19067899  0.12439745]
200,0.20100000000000015,[0.03912024 0.83956344],[7.17421985e-04 3.56615015e+00],[ -2.03273556 -13.32927788],[-0.19058965  0.12475572]
201,0.20200000000000015,[0.03911894 0.84311629],[-1.30756693e-03  3.55284922e+00],[ -2.02498892 -13.30093331],[-0.19050049  0.12511381]
202,0.20300000000000015,[0.03911561 0.84665587],[-3.32475699e-03  3.53957750e+00],[ -2.01719006 -13.27172222],[-0.19041151  0.12547169]
203,0.20400000000000015,[0.03911028 0.8501822 ],[-0.0053341   3.52633582],[ -2.00934239 -13.24167791],[-0.19032271  0.1258293 ]
204,0.20500000000000015,[0.03910294 0.85369533],[-0.00733555  3.51312498],[ -2.00144923 -13.21083262],[-0.1902341  0.1261866]
205,0.20600000000000016,[0.03909361 0.85719527],[-0.00932906  3.49994577],[ -1.99351376 -13.17921763],[-0.19014569  0.12654355]
206,0.20700000000000016,[0.0390823  0.86068207],[-0.0113146  3.4867989],[ -1.98553909 -13.14686324],[-0.19005747  0.1269001 ]
207,0.20800000000000016,[0.03906901 0.86415576],[-0.01329213  3.47368511],[ -1.97752821 -13.11379882],[-0.18996944  0.12725621]
208,0.20900000000000016,[0.03905375 0.86761636],[-0.01526161  3.46060505],[ -1.96948403 -13.08005283],[-0.18988162  0.12761185]
209,0.21000000000000016,[0.03903652 0.87106392],[-0.01722302  3.4475594 ],[ -1.96140937 -13.04565284],[-0.18979399  0.12796697]
210,0.21100000000000016,[0.03901735 0.87449847],[-0.01917633  3.43454877],[ -1.95330692 -13.01062558],[-0.18970657  0.12832155]
211,0.21200000000000016,[0.03899622 0.87792004],[-0.02112151  3.42157378],[ -1.94517934 -12.97499694],[-0.18961936  0.12867555]
212,0.21300000000000016,[0.03897317 0.88132868],[-0.02305854  3.40863498],[ -1.93702916 -12.93879199],[-0.18953236  0.12902893]
213,0.21400000000000016,[0.03894818 0.88472441],[-0.0249874   3.39573295],[ -1.92885884 -12.90203505],[-0.18944556  0.12938166]
214,0.21500000000000016,[0.03892127 0.88810728],[-0.02690807  3.3828682 ],[ -1.92067076 -12.86474966],[-0.18935898  0.1297337 ]
215,0.21600000000000016,[0.03889245 0.89147732],[-0.02882054  3.37004124],[ -1.91246723 -12.82695863],[-0.18927262  0.13008504]
216,0.21700000000000016,[0.03886173 0.89483457],[-0.03072479  3.35725256],[ -1.90425047 -12.78868404],[-0.18918646  0.13043564]
217,0.21800000000000017,[0.0388291  0.89817908],[-0.03262081  3.34450261],[ -1.89602263 -12.74994732],[-0.18910053  0.13078547]
218,0.21900000000000017,[0.0387946  0.90151087],[-0.03450859  3.33179184],[ -1.8877858  -12.71076918],[-0.18901481  0.13113451]
219,0.22000000000000017,[0.03875821 0.90482999],[-0.03638814  3.31912067],[ -1.87954197 -12.67116971],[-0.18892931  0.13148272]
220,0.22100000000000017,[0.03871995 0.90813648],[-0.03825943  3.3064895 ],[ -1.8712931  -12.63116836],[-0.18884404  0.13183009]
221,0.22200000000000017,[0.03867983 0.91143038],[-0.04012247  3.29389872],[ -1.86304106 -12.59078396],[-0.18875898  0.13217659]
222,0.22300000000000017,[0.03863785 0.91471172],[-0.04197726  3.28134868],[ -1.85478765 -12.55003476],[-0.18867415  0.1325222 ]
223,0.22400000000000017,[0.03859402 0.91798056],[-0.04382379  3.26883975],[ -1.84653463 -12.50893843],[-0.18858955  0.13286689]
224,0.22500000000000017,[0.03854836 0.92123694],[-0.04566208  3.25637223],[ -1.83828369 -12.46751206],[-0.18850516  0.13321064]
225,0.22600000000000017,[0.03850087 0.92448088],[-0.04749211  3.24394646],[ -1.83003645 -12.42577223],[-0.188421    0.13355344]
226,0.22700000000000017,[0.03845156 0.92771245],[-0.04931391  3.23156273],[ -1.8217945  -12.38373498],[-0.18833707  0.13389526]
227,0.22800000000000017,[0.03840043 0.93093167],[-0.05112747  3.21922131],[ -1.81355934 -12.34141584],[-0.18825337  0.13423609]
228,0.22900000000000018,[0.0383475  0.93413859],[-0.0529328   3.20692248],[ -1.80533244 -12.29882985],[-0.18816989  0.1345759 ]
229,0.23000000000000018,[0.03829277 0.93733326],[-0.05472991  3.19466649],[ -1.79711521 -12.25599156],[-0.18808664  0.13491467]
230,0.23100000000000018,[0.03823625 0.94051571],[-0.05651882  3.18245357],[ -1.78890901 -12.21291507],[-0.18800361  0.1352524 ]
231,0.23200000000000018,[0.03817795 0.94368599],[-0.05829954  3.17028396],[ -1.78071516 -12.16961402],[-0.18792082  0.13558907]
232,0.23300000000000018,[0.03811788 0.94684415],[-0.06007207  3.15815786],[ -1.77253491 -12.12610162],[-0.18783825  0.13592465]
233,0.23400000000000018,[0.03805604 0.94999023],[-0.06183644  3.14607547],[ -1.7643695  -12.08239067],[-0.18775591  0.13625913]
234,0.23500000000000018,[0.03799245 0.95312426],[-0.06359266  3.13403697],[ -1.75622008 -12.03849352],[-0.1876738   0.13659251]
235,0.23600000000000018,[0.03792711 0.95624631],[-0.06534075  3.12204255],[ -1.7480878  -11.99442217],[-0.18759192  0.13692476]
236,0.23700000000000018,[0.03786003 0.9593564 ],[-0.06708072  3.11009236],[ -1.73997373 -11.95018819],[-0.18751026  0.13725588]
237,0.23800000000000018,[0.03779121 0.96245459],[-0.0688126   3.09818656],[ -1.73187893 -11.90580282],[-0.18742884  0.13758585]
238,0.23900000000000018,[0.03772068 0.96554091],[-0.07053641  3.08632528],[ -1.72380439 -11.8612769 ],[-0.18734764  0.13791465]
239,0.24000000000000019,[0.03764842 0.96861542],[-0.07225216  3.07450866],[ -1.71575109 -11.81662095],[-0.18726667  0.13824229]
240,0.2410000000000002,[0.03757446 0.97167816],[-0.07395988  3.06273682],[ -1.70771996 -11.77184512],[-0.18718593  0.13856874]
241,0.2420000000000002,[0.0374988  0.97472917],[-0.07565959  3.05100986],[ -1.6997119  -11.72695925],[-0.18710541  0.13889399]
242,0.2430000000000002,[0.03742145 0.97776849],[-0.07735132  3.03932789],[ -1.69172775 -11.68197286],[-0.18702512  0.13921804]
243,0.2440000000000002,[0.03734242 0.98079619],[-0.07903509  3.02769099],[ -1.68376835 -11.63689516],[-0.18694506  0.13954088]
244,0.2450000000000002,[0.03726171 0.98381228],[-0.08071092  3.01609926],[ -1.67583448 -11.59173504],[-0.18686523  0.13986249]
245,0.2460000000000002,[0.03717933 0.98681684],[-0.08237885  3.00455275],[ -1.66792691 -11.54650113],[-0.18678562  0.14018287]
246,0.2470000000000002,[0.03709529 0.98980989],[-0.08403889  2.99305155],[ -1.66004636 -11.50120176],[-0.18670623  0.14050202]
247,0.2480000000000002,[0.0370096  0.99279148],[-0.08569109  2.98159571],[ -1.65219353 -11.45584498],[-0.18662707  0.14081991]
248,0.2490000000000002,[0.03692226 0.99576167],[-0.08733546  2.97018527],[ -1.64436909 -11.4104386 ],[-0.18654813  0.14113655]
249,0.25000000000000017,[0.03683329 0.99872049],[-0.08897203  2.95882028],[ -1.63657368 -11.36499014],[-0.18646942  0.14145193]
250,0.25100000000000017,[0.03674269 1.00166799],[-0.09060084  2.94750077],[ -1.62880791 -11.31950689],[-0.18639093  0.14176604]
251,0.25200000000000017,[0.03665047 1.00460422],[-0.09222191  2.93622678],[ -1.62107236 -11.27399591],[-0.18631266  0.14207888]
252,0.25300000000000017,[0.03655663 1.00752922],[-0.09383528  2.92499831],[ -1.61336759 -11.22846401],[-0.18623461  0.14239043]
253,0.25400000000000017,[0.03646119 1.01044303],[-0.09544097  2.91381539],[ -1.60569414 -11.18291777],[-0.18615678  0.1427007 ]
254,0.25500000000000017,[0.03636415 1.01334571],[-0.09703903  2.90267803],[ -1.59805252 -11.13736357],[-0.18607917  0.14300968]
255,0.25600000000000017,[0.03626552 1.0162373 ],[-0.09862947  2.89158622],[ -1.59044321 -11.09180755],[-0.18600178  0.14331736]
256,0.2570000000000002,[0.03616531 1.01911784],[-0.10021234  2.88053997],[ -1.58286668 -11.04625566],[-0.18592461  0.14362374]
257,0.2580000000000002,[0.03606352 1.02198737],[-0.10178766  2.86953925],[ -1.57532336 -11.00071366],[-0.18584766  0.14392882]
258,0.2590000000000002,[0.03596017 1.02484596],[-0.10335547  2.85858407],[ -1.56781367 -10.9551871 ],[-0.18577092  0.14423258]
259,0.2600000000000002,[0.03585525 1.02769363],[-0.10491581  2.84767439],[ -1.56033802 -10.90968135],[-0.18569439  0.14453503]
260,0.2610000000000002,[0.03574878 1.03053044],[-0.10646871  2.83681018],[ -1.55289677 -10.8642016 ],[-0.18561808  0.14483617]
261,0.2620000000000002,[0.03564077 1.03335643],[-0.1080142   2.82599143],[ -1.54549029 -10.81875284],[-0.18554198  0.14513598]
262,0.2630000000000002,[0.03553122 1.03617165],[-0.10955232  2.81521809],[ -1.53811891 -10.77333994],[-0.1854661   0.14543448]
263,0.2640000000000002,[0.03542013 1.03897614],[-0.1110831   2.80449012],[ -1.53078297 -10.72796754],[-0.18539043  0.14573164]
264,0.2650000000000002,[0.03530753 1.04176995],[-0.11260658  2.79380748],[ -1.52348274 -10.68264018],[-0.18531496  0.14602748]
265,0.2660000000000002,[0.0351934  1.04455312],[-0.1141228   2.78317012],[ -1.51621853 -10.63736221],[-0.18523971  0.14632199]
266,0.2670000000000002,[0.03507777 1.0473257 ],[-0.11563179  2.77257798],[ -1.50899061 -10.59213783],[-0.18516466  0.14661516]
267,0.2680000000000002,[0.03496064 1.05008773],[-0.11713359  2.76203101],[ -1.50179921 -10.54697112],[-0.18508982  0.146907  ]
268,0.2690000000000002,[0.03484201 1.05283926],[-0.11862823  2.75152915],[ -1.49464458 -10.50186598],[-0.18501519  0.14719751]
269,0.2700000000000002,[0.0347219  1.05558033],[-0.12011576  2.74107232],[ -1.48752694 -10.45682621],[-0.18494076  0.14748668]
270,0.2710000000000002,[0.0346003  1.05831099],[-0.12159621  2.73066046],[ -1.48044649 -10.41185545],[-0.18486653  0.1477745 ]
271,0.2720000000000002,[0.03447723 1.06103129],[-0.12306961  2.72029351],[ -1.47340343 -10.36695723],[-0.18479251  0.14806099]
272,0.2730000000000002,[0.03435269 1.06374126],[-0.12453601  2.70997137],[ -1.46639794 -10.32213494],[-0.18471869  0.14834614]
273,0.2740000000000002,[0.0342267  1.06644095],[-0.12599544  2.69969398],[ -1.45943017 -10.27739187],[-0.18464506  0.14862995]
274,0.2750000000000002,[0.03409925 1.06913041],[-0.12744794  2.68946125],[ -1.45250028 -10.23273117],[-0.18457164  0.14891241]
275,0.2760000000000002,[0.03397036 1.07180968],[-0.12889355  2.67927309],[ -1.4456084  -10.18815589],[-0.18449841  0.14919354]
276,0.2770000000000002,[0.03384002 1.07447881],[-0.1303323   2.66912942],[ -1.43875467 -10.14366897],[-0.18442538  0.14947332]
277,0.2780000000000002,[0.03370826 1.07713784],[-0.13176424  2.65903015],[ -1.4319392  -10.09927324],[-0.18435255  0.14975176]
278,0.2790000000000002,[0.03357507 1.07978682],[-0.1331894   2.64897518],[ -1.42516208 -10.05497142],[-0.18427991  0.15002886]
279,0.2800000000000002,[0.03344046 1.08242578],[-0.13460783  2.63896441],[ -1.41842342 -10.01076615],[-0.18420746  0.15030461]
280,0.2810000000000002,[0.03330444 1.08505478],[-0.13601955  2.62899775],[-1.41172329 -9.96665996],[-0.1841352   0.15057903]
281,0.2820000000000002,[0.03316702 1.08767386],[-0.13742461  2.6190751 ],[-1.40506176 -9.92265528],[-0.18406313  0.1508521 ]
282,0.2830000000000002,[0.0330282  1.09028305],[-0.13882305  2.60919634],[-1.39843889 -9.87875446],[-0.18399125  0.15112383]
283,0.2840000000000002,[0.03288798 1.09288241],[-0.14021491  2.59936138],[-1.39185474 -9.83495977],[-0.18391956  0.15139423]
284,0.2850000000000002,[0.03274638 1.09547198],[-0.14160022  2.58957011],[-1.38530934 -9.79127337],[-0.18384806  0.15166328]
285,0.2860000000000002,[0.0326034  1.09805181],[-0.14297902  2.57982241],[-1.37880273 -9.74769735],[-0.18377674  0.151931  ]
286,0.2870000000000002,[0.03245905 1.10062193],[-0.14435135  2.57011818],[-1.37233493 -9.70423373],[-0.1837056   0.15219738]
287,0.2880000000000002,[0.03231333 1.10318238],[-0.14571726  2.5604573 ],[-1.36590596 -9.66088445],[-0.18363465  0.15246243]
288,0.2890000000000002,[0.03216626 1.10573322],[-0.14707678  2.55083964],[-1.35951582 -9.61765135],[-0.18356388  0.15272614]
289,0.2900000000000002,[0.03201783 1.10827449],[-0.14842994  2.54126511],[-1.35316451 -9.57453623],[-0.18349328  0.15298852]
290,0.2910000000000002,[0.03186805 1.11080622],[-0.14977679  2.53173357],[-1.34685202 -9.5315408 ],[-0.18342287  0.15324957]
291,0.2920000000000002,[0.03171693 1.11332847],[-0.15111737  2.5222449 ],[-1.34057834 -9.4886667 ],[-0.18335263  0.1535093 ]
292,0.2930000000000002,[0.03156448 1.11584126],[-0.15245171  2.51279899],[-1.33434343 -9.44591552],[-0.18328257  0.15376769]
293,0.2940000000000002,[0.0314107  1.11834466],[-0.15377986  2.5033957 ],[-1.32814728 -9.40328878],[-0.18321268  0.15402476]
294,0.2950000000000002,[0.0312556 1.1208387],[-0.15510185  2.49403491],[-1.32198984 -9.36078793],[-0.18314297  0.15428051]
295,0.2960000000000002,[0.03109918 1.12332341],[-0.15641772  2.48471649],[-1.31587108 -9.31841437],[-0.18307343  0.15453493]
296,0.2970000000000002,[0.03094145 1.12579885],[-0.15772751  2.47544032],[-1.30979093 -9.27616942],[-0.18300406  0.15478804]
297,0.2980000000000002,[0.03078242 1.12826506],[-0.15903126  2.46620627],[-1.30374934 -9.23405438],[-0.18293485  0.15503983]
298,0.2990000000000002,[0.03062209 1.13072207],[-0.16032901  2.4570142 ],[-1.29774625 -9.19207046],[-0.18286582  0.15529031]
299,0.3000000000000002,[0.03046047 1.13316994],[-0.16162079  2.44786398],[-1.2917816  -9.15021884],[-0.18279695  0.15553947]
300,0.3010000000000002,[0.03029757 1.13560869],[-0.16290665  2.43875548],[-1.28585531 -9.10850063],[-0.18272825  0.15578733]
301,0.3020000000000002,[0.03013338 1.13803838],[-0.16418661  2.42968856],[-1.2799673  -9.06691692],[-0.18265971  0.15603388]
302,0.3030000000000002,[0.02996792 1.14045904],[-0.16546073  2.42066309],[-1.27411749 -9.02546872],[-0.18259133  0.15627912]
303,0.3040000000000002,[0.02980119 1.14287072],[-0.16672904  2.41167894],[-1.26830578 -8.984157  ],[-0.18252312  0.15652306]
304,0.3050000000000002,[0.0296332  1.14527346],[-0.16799157  2.40273595],[-1.2625321  -8.94298271],[-0.18245506  0.15676571]
305,0.3060000000000002,[0.02946395 1.14766729],[-0.16924836  2.39383401],[-1.25679634 -8.90194672],[-0.18238717  0.15700705]
306,0.3070000000000002,[0.02929345 1.15005227],[-0.17049946  2.38497296],[-1.25109839 -8.86104989],[-0.18231943  0.1572471 ]
307,0.3080000000000002,[0.02912171 1.15242842],[-0.1717449   2.37615267],[-1.24543815 -8.820293  ],[-0.18225184  0.15748587]
308,0.3090000000000002,[0.02894872 1.15479579],[-0.17298472  2.36737299],[-1.23981552 -8.77967684],[-0.18218441  0.15772334]
309,0.3100000000000002,[0.0287745  1.15715443],[-0.17421895  2.35863379],[-1.23423038 -8.73920212],[-0.18211714  0.15795953]
310,0.3110000000000002,[0.02859905 1.15950436],[-0.17544763  2.34993492],[-1.2286826  -8.69886953],[-0.18205002  0.15819444]
311,0.3120000000000002,[0.02842238 1.16184564],[-0.1766708   2.34127624],[-1.22317208 -8.65867972],[-0.18198304  0.15842807]
312,0.3130000000000002,[0.02824449 1.16417829],[-0.1778885  2.3326576],[-1.21769867 -8.61863332],[-0.18191622  0.15866042]
313,0.3140000000000002,[0.02806539 1.16650237],[-0.17910076  2.32407887],[-1.21226227 -8.57873089],[-0.18184954  0.15889151]
314,0.3150000000000002,[0.02788509 1.16881791],[-0.18030763  2.3155399 ],[-1.20686273 -8.538973  ],[-0.18178301  0.15912132]
315,0.3160000000000002,[0.02770358 1.17112495],[-0.18150913  2.30704054],[-1.20149991 -8.49936015],[-0.18171663  0.15934987]
316,0.3170000000000002,[0.02752087 1.17342353],[-0.1827053   2.29858065],[-1.19617369 -8.45989285],[-0.18165039  0.15957715]
317,0.3180000000000002,[0.02733698 1.17571369],[-0.18389618  2.29016008],[-1.19088393 -8.42057153],[-0.18158429  0.15980318]
318,0.31900000000000023,[0.02715189 1.17799547],[-0.18508181  2.28177868],[-1.18563047 -8.38139664],[-0.18151834  0.16002795]
319,0.32000000000000023,[0.02696563 1.18026891],[-0.18626223  2.27343631],[-1.18041318 -8.34236856],[-0.18145252  0.16025146]
320,0.32100000000000023,[0.02677819 1.18253404],[-0.18743746  2.26513282],[-1.17523191 -8.30348768],[-0.18138685  0.16047373]
321,0.32200000000000023,[0.02658959 1.18479091],[-0.18860754  2.25686807],[-1.1700865  -8.26475434],[-0.18132131  0.16069475]
322,0.32300000000000023,[0.02639981 1.18703955],[-0.18977252  2.2486419 ],[-1.1649768  -8.22616886],[-0.1812559   0.16091454]
323,0.32400000000000023,[0.02620888 1.18928001],[-0.19093242  2.24045417],[-1.15990267 -8.18773154],[-0.18119064  0.16113308]
324,0.32500000000000023,[0.02601679 1.19151231],[-0.19208729  2.23230473],[-1.15486393 -8.14944265],[-0.1811255   0.16135039]
325,0.32600000000000023,[0.02582356 1.1937365 ],[-0.19323715  2.22419342],[-1.14986044 -8.11130243],[-0.1810605   0.16156646]
326,0.32700000000000023,[0.02562918 1.19595262],[-0.19438204  2.21612011],[-1.14489203 -8.07331113],[-0.18099563  0.16178131]
327,0.32800000000000024,[0.02543365 1.19816071],[-0.195522    2.20808464],[-1.13995855 -8.03546893],[-0.18093089  0.16199494]
328,0.32900000000000024,[0.025237  1.2003608],[-0.19665706  2.20008687],[-1.13505982 -7.99777602],[-0.18086628  0.16220734]
329,0.33000000000000024,[0.02503921 1.20255292],[-0.19778725  2.19212663],[-1.13019568 -7.96023257],[-0.18080179  0.16241853]
330,0.33100000000000024,[0.0248403  1.20473713],[-0.19891262  2.1842038 ],[-1.12536596 -7.92283872],[-0.18073744  0.16262851]
331,0.33200000000000024,[0.02464026 1.20691344],[-0.20003319  2.1763182 ],[-1.12057049 -7.8855946 ],[-0.1806732   0.16283728]
332,0.33300000000000024,[0.02443911 1.20908191],[-0.201149   2.1684697],[-1.11580912 -7.84850031],[-0.18060909  0.16304484]
333,0.33400000000000024,[0.02423685 1.21124257],[-0.20226008  2.16065814],[-1.11108165 -7.81155593],[-0.18054511  0.1632512 ]
334,0.33500000000000024,[0.02403349 1.21339546],[-0.20336647  2.15288338],[-1.10638792 -7.77476155],[-0.18048124  0.16345636]
335,0.33600000000000024,[0.02382902 1.2155406 ],[-0.2044682   2.14514527],[-1.10172776 -7.73811721],[-0.18041749  0.16366033]
336,0.33700000000000024,[0.02362345 1.21767804],[-0.2055653   2.13744364],[-1.09710099 -7.70162295],[-0.18035387  0.16386311]
337,0.33800000000000024,[0.0234168  1.21980782],[-0.20665781  2.12977836],[-1.09250744 -7.66527879],[-0.18029036  0.16406471]
338,0.33900000000000025,[0.02320905 1.22192997],[-0.20774575  2.12214928],[-1.08794692 -7.62908474],[-0.18022696  0.16426512]
339,0.34000000000000025,[0.02300022 1.22404453],[-0.20882917  2.11455624],[-1.08341926 -7.59304079],[-0.18016369  0.16446435]
340,0.34100000000000025,[0.02279031 1.22615153],[-0.2099081   2.10699909],[-1.07892429 -7.55714692],[-0.18010052  0.16466241]
341,0.34200000000000025,[0.02257933 1.228251  ],[-0.21098256  2.09947769],[-1.07446182 -7.52140309],[-0.18003747  0.1648593 ]
342,0.34300000000000025,[0.02236728 1.230343  ],[-0.21205259  2.09199188],[-1.07003166 -7.48580925],[-0.17997453  0.16505502]
343,0.34400000000000025,[0.02215416 1.23242754],[-0.21311822  2.08454151],[-1.06563365 -7.45036533],[-0.1799117   0.16524958]
344,0.34500000000000025,[0.02193998 1.23450466],[-0.21417949  2.07712644],[-1.0612676  -7.41507127],[-0.17984898  0.16544298]
345,0.34600000000000025,[0.02172474 1.23657441],[-0.21523642  2.06974652],[-1.05693333 -7.37992697],[-0.17978637  0.16563523]
346,0.34700000000000025,[0.02150845 1.23863681],[-0.21628906  2.06240158],[-1.05263065 -7.34493234],[-0.17972387  0.16582632]
347,0.34800000000000025,[0.02129112 1.2406919 ],[-0.21733741  2.0550915 ],[-1.04835938 -7.31008725],[-0.17966147  0.16601627]
348,0.34900000000000025,[0.02107274 1.24273972],[-0.21838153  2.0478161 ],[-1.04411934 -7.2753916 ],[-0.17959917  0.16620508]
349,0.35000000000000026,[0.02085331 1.2447803 ],[-0.21942144  2.04057526],[-1.03991034 -7.24084524],[-0.17953698  0.16639275]
350,0.35100000000000026,[0.02063286 1.24681366],[-0.22045718  2.03336881],[-1.0357322  -7.20644804],[-0.17947489  0.16657928]
351,0.35200000000000026,[0.02041137 1.24883986],[-0.22148876  2.02619661],[-1.03158474 -7.17219983],[-0.17941291  0.16676468]
352,0.35300000000000026,[0.02018885 1.25085892],[-0.22251623  2.01905851],[-1.02746777 -7.13810046],[-0.17935102  0.16694896]
353,0.35400000000000026,[0.01996531 1.25287087],[-0.22353961  2.01195436],[-1.02338111 -7.10414976],[-0.17928923  0.16713211]
354,0.35500000000000026,[0.01974075 1.25487576],[-0.22455893  2.00488401],[-1.01932456 -7.07034753],[-0.17922754  0.16731415]
355,0.35600000000000026,[0.01951518 1.25687361],[-0.22557423  1.99784732],[-1.01529795 -7.03669359],[-0.17916594  0.16749507]
356,0.35700000000000026,[0.01928859 1.25886445],[-0.22658553  1.99084413],[-1.0113011  -7.00318775],[-0.17910445  0.16767488]
357,0.35800000000000026,[0.019061   1.26084832],[-0.22759287  1.9838743 ],[-1.0073338  -6.96982978],[-0.17904304  0.16785359]
358,0.35900000000000026,[0.0188324  1.26282526],[-0.22859626  1.97693768],[-1.00339589 -6.93661949],[-0.17898173  0.16803119]
359,0.36000000000000026,[0.01860281 1.2647953 ],[-0.22959575  1.97003413],[-0.99948717 -6.90355663],[-0.17892051  0.1682077 ]
360,0.36100000000000027,[0.01837222 1.26675846],[-0.23059136  1.96316349],[-0.99560746 -6.87064099],[-0.17885939  0.16838311]
361,0.36200000000000027,[0.01814063 1.26871478],[-0.23158311  1.95632561],[-0.99175657 -6.83787233],[-0.17879835  0.16855743]
362,0.36300000000000027,[0.01790806 1.27066431],[-0.23257105  1.94952036],[-0.98793432 -6.80525039],[-0.1787374   0.16873067]
363,0.36400000000000027,[0.01767451 1.27260705],[-0.23355519  1.94274759],[-0.98414052 -6.77277493],[-0.17867655  0.16890282]
364,0.36500000000000027,[0.01743997 1.27454306],[-0.23453556  1.93600714],[-0.980375   -6.74044568],[-0.17861577  0.1690739 ]
365,0.36600000000000027,[0.01720446 1.27647236],[-0.2355122   1.92929888],[-0.97663756 -6.70826239],[-0.17855509  0.1692439 ]
366,0.36700000000000027,[0.01696798 1.27839498],[-0.23648513  1.92262265],[-0.97292801 -6.67622478],[-0.17849449  0.16941283]
367,0.36800000000000027,[0.01673052 1.28031096],[-0.23745438  1.91597832],[-0.96924619 -6.64433257],[-0.17843397  0.1695807 ]
368,0.36900000000000027,[0.0164921  1.28222033],[-0.23841997  1.90936574],[-0.96559189 -6.61258549],[-0.17837354  0.16974751]
369,0.3700000000000003,[0.01625272 1.28412311],[-0.23938193  1.90278475],[-0.96196495 -6.58098323],[-0.17831318  0.16991326]
370,0.3710000000000003,[0.01601238 1.28601935],[-0.2403403   1.89623523],[-0.95836517 -6.54952551],[-0.17825291  0.17007795]
371,0.3720000000000003,[0.01577108 1.28790906],[-0.24129509  1.88971702],[-0.95479237 -6.51821203],[-0.17819272  0.1702416 ]
372,0.3730000000000003,[0.01552884 1.28979229],[-0.24224634  1.88322997],[-0.95124637 -6.48704249],[-0.17813261  0.17040421]
373,0.3740000000000003,[0.01528564 1.29166907],[-0.24319406  1.87677396],[-0.947727   -6.45601656],[-0.17807258  0.17056577]
374,0.3750000000000003,[0.0150415  1.29353942],[-0.2441383   1.87034882],[-0.94423405 -6.42513395],[-0.17801262  0.17072629]
375,0.3760000000000003,[0.01479643 1.29540337],[-0.24507907  1.86395443],[-0.94076737 -6.39439433],[-0.17795274  0.17088579]
376,0.3770000000000003,[0.01455041 1.29726096],[-0.24601639  1.85759063],[-0.93732676 -6.36379737],[-0.17789293  0.17104425]
377,0.3780000000000003,[0.01430346 1.29911222],[-0.2469503   1.85125729],[-0.93391204 -6.33334276],[-0.1778332   0.17120169]
378,0.3790000000000003,[0.01405558 1.30095717],[-0.24788083  1.84495426],[-0.93052304 -6.30303015],[-0.17777354  0.17135811]
379,0.3800000000000003,[0.01380677 1.30279585],[-0.24880799  1.8386814 ],[-0.92715957 -6.27285922],[-0.17771395  0.17151352]
380,0.3810000000000003,[0.01355704 1.30462829],[-0.24973181  1.83243857],[-0.92382146 -6.24282962],[-0.17765444  0.17166791]
381,0.3820000000000003,[0.01330639 1.30645452],[-0.25065232  1.82622563],[-0.92050853 -6.21294101],[-0.17759499  0.17182129]
382,0.3830000000000003,[0.01305482 1.30827456],[-0.25156954  1.82004244],[-0.9172206  -6.18319305],[-0.17753561  0.17197367]
383,0.3840000000000003,[0.01280233 1.31008845],[-0.25248349  1.81388885],[-0.91395749 -6.15358538],[-0.17747631  0.17212505]
384,0.3850000000000003,[0.01254894 1.31189621],[-0.25339421  1.80776473],[-0.91071903 -6.12411764],[-0.17741706  0.17227544]
385,0.3860000000000003,[0.01229464 1.31369788],[-0.25430172  1.80166994],[-0.90750504 -6.09478949],[-0.17735789  0.17242483]
386,0.3870000000000003,[0.01203943 1.31549349],[-0.25520603  1.79560434],[-0.90431535 -6.06560056],[-0.17729878  0.17257324]
387,0.3880000000000003,[0.01178332 1.31728306],[-0.25610718  1.78956779],[-0.90114978 -6.03655049],[-0.17723974  0.17272066]
388,0.3890000000000003,[0.01152632 1.31906662],[-0.25700519  1.78356015],[-0.89800816 -6.00763891],[-0.17718076  0.1728671 ]
389,0.3900000000000003,[0.01126842 1.3208442 ],[-0.25790008  1.77758129],[-0.89489031 -5.97886545],[-0.17712184  0.17301257]
390,0.3910000000000003,[0.01100963 1.32261583],[-0.25879188  1.77163106],[-0.89179606 -5.95022975],[-0.17706299  0.17315706]
391,0.3920000000000003,[0.01074995 1.32438154],[-0.2596806   1.76570933],[-0.88872525 -5.92173142],[-0.17700419  0.17330059]
392,0.3930000000000003,[0.01048938 1.32614135],[-0.26056628  1.75981596],[-0.88567769 -5.89337009],[-0.17694546  0.17344315]
393,0.3940000000000003,[0.01022793 1.3278953 ],[-0.26144893  1.75395081],[-0.88265322 -5.86514539],[-0.17688679  0.17358476]
394,0.3950000000000003,[0.0099656  1.32964342],[-0.26232859  1.74811375],[-0.87965167 -5.83705692],[-0.17682817  0.17372541]
395,0.3960000000000003,[0.0097024  1.33138572],[-0.26320526  1.74230465],[-0.87667287 -5.8091043 ],[-0.17676961  0.17386511]
396,0.3970000000000003,[0.00943832 1.33312225],[-0.26407898  1.73652336],[-0.87371664 -5.78128716],[-0.17671111  0.17400386]
397,0.3980000000000003,[0.00917337 1.33485302],[-0.26494976  1.73076976],[-0.87078283 -5.75360509],[-0.17665267  0.17414166]
398,0.3990000000000003,[0.00890755 1.33657806],[-0.26581763  1.7250437 ],[-0.86787127 -5.72605772],[-0.17659428  0.17427853]
399,0.4000000000000003,[0.00864087 1.3382974 ],[-0.26668261  1.71934506],[-0.86498179 -5.69864464],[-0.17653594  0.17441447]
400,0.4010000000000003,[0.00837332 1.34001108],[-0.26754473  1.71367369],[-0.86211421 -5.67136546],[-0.17647766  0.17454947]
401,0.4020000000000003,[0.00810492 1.34171911],[-0.26840399  1.70802947],[-0.85926839 -5.64421979],[-0.17641943  0.17468354]
402,0.4030000000000003,[0.00783566 1.34342152],[-0.26926044  1.70241226],[-0.85644416 -5.61720723],[-0.17636126  0.17481669]
403,0.4040000000000003,[0.00756555 1.34511834],[-0.27011408  1.69682194],[-0.85364134 -5.59032737],[-0.17630313  0.17494893]
404,0.4050000000000003,[0.00729458 1.3468096 ],[-0.27096494  1.69125836],[-0.85085979 -5.56357983],[-0.17624506  0.17508024]
405,0.4060000000000003,[0.00702277 1.34849532],[-0.27181304  1.68572139],[-0.84809933 -5.53696418],[-0.17618703  0.17521065]
406,0.4070000000000003,[0.00675011 1.35017553],[-0.2726584   1.68021091],[-0.84535981 -5.51048004],[-0.17612905  0.17534014]
407,0.4080000000000003,[0.00647661 1.35185026],[-0.27350104  1.67472678],[-0.84264107 -5.48412699],[-0.17607112  0.17546874]
408,0.4090000000000003,[0.00620227 1.35351953],[-0.27434098  1.66926888],[-0.83994295 -5.45790463],[-0.17601324  0.17559643]
409,0.4100000000000003,[0.00592709 1.35518337],[-0.27517825  1.66383707],[-0.83726529 -5.43181255],[-0.17595541  0.17572323]
410,0.4110000000000003,[0.00565108 1.3568418 ],[-0.27601286  1.65843122],[-0.83460792 -5.40585033],[-0.17589762  0.17584914]
411,0.4120000000000003,[0.00537423 1.35849485],[-0.27684483  1.6530512 ],[-0.83197071 -5.38001757],[-0.17583987  0.17597416]
412,0.4130000000000003,[0.00509656 1.36014254],[-0.27767418  1.64769689],[-0.82935348 -5.35431386],[-0.17578217  0.17609829]
413,0.4140000000000003,[0.00481806 1.36178491],[-0.27850094  1.64236815],[-0.82675609 -5.32873878],[-0.17572452  0.17622155]
414,0.4150000000000003,[0.00453873 1.36342198],[-0.27932511  1.63706485],[-0.82417838 -5.30329192],[-0.1756669   0.17634393]
415,0.4160000000000003,[0.00425858 1.36505376],[-0.28014673  1.63178688],[-0.8216202  -5.27797286],[-0.17560933  0.17646543]
416,0.4170000000000003,[0.00397762 1.3666803 ],[-0.28096582  1.6265341 ],[-0.81908139 -5.25278119],[-0.1755518   0.17658607]
417,0.4180000000000003,[0.00369584 1.3683016 ],[-0.28178238  1.62130638],[-0.8165618  -5.22771649],[-0.17549431  0.17670585]
418,0.4190000000000003,[0.00341324 1.36991771],[-0.28259644  1.61610361],[-0.81406128 -5.20277833],[-0.17543686  0.17682476]
419,0.4200000000000003,[0.00312983 1.37152863],[-0.28340802  1.61092564],[-0.81157969 -5.17796631],[-0.17537945  0.17694282]
420,0.4210000000000003,[0.00284561 1.37313441],[-0.28421714  1.60577236],[-0.80911686 -5.15328   ],[-0.17532208  0.17706002]
421,0.4220000000000003,[0.00256059 1.37473505],[-0.28502381  1.60064364],[-0.80667266 -5.12871898],[-0.17526474  0.17717638]
422,0.4230000000000003,[0.00227476 1.37633059],[-0.28582806  1.59553936],[-0.80424694 -5.10428283],[-0.17520744  0.17729188]
423,0.4240000000000003,[0.00198813 1.37792105],[-0.2866299   1.59045939],[-0.80183955 -5.07997113],[-0.17515018  0.17740655]
424,0.4250000000000003,[0.0017007  1.37950645],[-0.28742935  1.5854036 ],[-0.79945034 -5.05578346],[-0.17509296  0.17752038]
425,0.4260000000000003,[0.00141248 1.38108682],[-0.28822642  1.58037188],[-0.79707917 -5.03171939],[-0.17503576  0.17763338]
426,0.4270000000000003,[1.12345527e-03 1.38266219e+00],[-0.28902115  1.57536411],[-0.79472589 -5.0077785 ],[-0.17497861  0.17774554]
427,0.4280000000000003,[8.33641733e-04 1.38423257e+00],[-0.28981354  1.57038014],[-0.79239037 -4.98396036],[-0.17492148  0.17785688]
428,0.4290000000000003,[5.43038120e-04 1.38579799e+00],[-0.29060361  1.56541988],[-0.79007245 -4.96026455],[-0.17486439  0.1779674 ]
429,0.4300000000000003,[2.51646735e-04 1.38735847e+00],[-0.29139139  1.56048319],[-0.787772   -4.93669065],[-0.17480734  0.1780771 ]
430,0.4310000000000003,[-4.05301392e-05  1.38891404e+00],[-0.29217687  1.55556995],[-0.78548888 -4.91323822],[-0.17475031  0.17818598]
431,0.43200000000000033,[-3.33490236e-04  1.39046472e+00],[-0.2929601   1.55068004],[-0.78322295 -4.88990685],[-0.17469332  0.17829406]
432,0.43300000000000033,[-6.27231307e-04  1.39201053e+00],[-0.29374107  1.54581335],[-0.78097406 -4.8666961 ],[-0.17463635  0.17840132]
433,0.43400000000000033,[-9.21751121e-04  1.39355150e+00],[-0.29451981  1.54096974],[-0.77874208 -4.84360556],[-0.17457942  0.17850778]
434,0.43500000000000033,[-1.21704746e-03  1.39508765e+00],[-0.29529634  1.53614911],[-0.77652688 -4.82063479],[-0.17452251  0.17861344]
435,0.43600000000000033,[-0.00151312  1.39661901],[-0.29607067  1.53135132],[-0.77432831 -4.79778336],[-0.17446563  0.17871831]
436,0.43700000000000033,[-0.00180996  1.39814558],[-0.29684281  1.52657627],[-0.77214624 -4.77505085],[-0.17440878  0.17882238]
437,0.43800000000000033,[-0.00210757  1.39966741],[-0.2976128   1.52182384],[-0.76998053 -4.75243684],[-0.17435196  0.17892566]
438,0.43900000000000033,[-0.00240595  1.4011845 ],[-0.29838063  1.5170939 ],[-0.76783106 -4.72994088],[-0.17429517  0.17902816]
439,0.44000000000000034,[-0.0027051   1.40269689],[-0.29914632  1.51238633],[-0.76569769 -4.70756256],[-0.1742384   0.17912988]
440,0.44100000000000034,[-0.00300501  1.40420459],[-0.2999099   1.50770103],[-0.76358028 -4.68530145],[-0.17418165  0.17923082]
441,0.44200000000000034,[-0.00330568  1.40570762],[-0.30067138  1.50303787],[-0.76147871 -4.66315711],[-0.17412494  0.17933098]
442,0.44300000000000034,[-0.00360711  1.40720602],[-0.30143078  1.49839675],[-0.75939285 -4.64112912],[-0.17406824  0.17943037]
443,0.44400000000000034,[-0.0039093  1.4086998],[-0.3021881   1.49377753],[-0.75732256 -4.61921706],[-0.17401157  0.179529  ]
444,0.44500000000000034,[-0.00421224  1.41018898],[-0.30294337  1.48918011],[-0.75526771 -4.59742048],[-0.17395492  0.17962686]
445,0.44600000000000034,[-0.00451594  1.41167358],[-0.30369659  1.48460437],[-0.75322819 -4.57573897],[-0.1738983   0.17972397]
446,0.44700000000000034,[-0.00482039  1.41315363],[-0.3044478  1.4800502],[-0.75120385 -4.5541721 ],[-0.1738417   0.17982031]
447,0.44800000000000034,[-0.00512559  1.41462915],[-0.30519699  1.47551748],[-0.74919459 -4.53271943],[-0.17378511  0.17991591]
448,0.44900000000000034,[-0.00543153  1.41610016],[-0.30594419  1.4710061 ],[-0.74720026 -4.51138054],[-0.17372855  0.18001075]
449,0.45000000000000034,[-0.00573822  1.41756667],[-0.30668941  1.46651594],[-0.74522074 -4.490155  ],[-0.17367201  0.18010485]
450,0.45100000000000035,[-0.00604565  1.41902872],[-0.30743267  1.4620469 ],[-0.74325592 -4.46904238],[-0.17361549  0.18019821]
451,0.45200000000000035,[-0.00635383  1.42048632],[-0.30817398  1.45759886],[-0.74130567 -4.44804225],[-0.17355899  0.18029083]
452,0.45300000000000035,[-0.00666274  1.42193949],[-0.30891335  1.4531717 ],[-0.73936986 -4.42715419],[-0.17350251  0.18038272]
453,0.45400000000000035,[-0.00697239  1.42338826],[-0.30965079  1.44876533],[-0.73744838 -4.40637777],[-0.17344605  0.18047387]
454,0.45500000000000035,[-0.00728278  1.42483264],[-0.31038633  1.44437961],[-0.73554111 -4.38571256],[-0.1733896  0.1805643]
455,0.45600000000000035,[-0.0075939   1.42627265],[-0.31111998  1.44001445],[-0.73364792 -4.36515813],[-0.17333317  0.180654  ]
456,0.45700000000000035,[-0.00790575  1.42770832],[-0.31185175  1.43566974],[-0.73176869 -4.34471405],[-0.17327676  0.18074298]
457,0.45800000000000035,[-0.00821833  1.42913966],[-0.31258165  1.43134536],[-0.72990332 -4.3243799 ],[-0.17322036  0.18083124]
458,0.45900000000000035,[-0.00853164  1.43056671],[-0.31330971  1.42704121],[-0.72805168 -4.30415525],[-0.17316398  0.18091879]
459,0.46000000000000035,[-0.00884568  1.43198946],[-0.31403592  1.42275717],[-0.72621365 -4.28403968],[-0.17310761  0.18100563]
460,0.46100000000000035,[-0.00916044  1.43340796],[-0.31476031  1.41849313],[-0.72438913 -4.26403275],[-0.17305126  0.18109177]
461,0.46200000000000035,[-0.00947592  1.43482221],[-0.31548289  1.414249  ],[-0.72257799 -4.24413405],[-0.17299492  0.1811772 ]
462,0.46300000000000036,[-0.00979212  1.43623223],[-0.31620367  1.41002466],[-0.72078012 -4.22434314],[-0.1729386   0.18126193]
463,0.46400000000000036,[-0.01010904  1.43763805],[-0.31692266  1.40582   ],[-0.71899541 -4.2046596 ],[-0.17288229  0.18134596]
464,0.46500000000000036,[-0.01042668  1.43903968],[-0.31763989  1.40163491],[-0.71722374 -4.18508301],[-0.17282599  0.1814293 ]
465,0.46600000000000036,[-0.01074504  1.44043715],[-0.31835535  1.3974693 ],[-0.71546501 -4.16561294],[-0.1727697   0.18151195]
466,0.46700000000000036,[-0.01106411  1.44183048],[-0.31906907  1.39332305],[-0.71371911 -4.14624896],[-0.17271343  0.18159392]
467,0.46800000000000036,[-0.01138389  1.44321967],[-0.31978106  1.38919606],[-0.71198592 -4.12699066],[-0.17265717  0.1816752 ]
468,0.46900000000000036,[-0.01170438  1.44460476],[-0.32049132  1.38508822],[-0.71026533 -4.10783761],[-0.17260091  0.1817558 ]
469,0.47000000000000036,[-0.01202558  1.44598576],[-0.32119988  1.38099943],[-0.70855724 -4.08878938],[-0.17254467  0.18183573]
470,0.47100000000000036,[-0.01234749  1.44736269],[-0.32190674  1.37692959],[-0.70686154 -4.06984556],[-0.17248844  0.18191499]
471,0.47200000000000036,[-0.0126701   1.44873557],[-0.32261192  1.37287858],[-0.70517813 -4.05100572],[-0.17243222  0.18199357]
472,0.47300000000000036,[-0.01299342  1.45010442],[-0.32331543  1.36884631],[-0.70350689 -4.03226944],[-0.172376    0.18207149]
473,0.47400000000000037,[-0.01331743  1.45146925],[-0.32401727  1.36483268],[-0.70184772 -4.01363629],[-0.1723198   0.18214874]
474,0.47500000000000037,[-0.01364215  1.45283009],[-0.32471747  1.36083757],[-0.70020052 -3.99510587],[-0.1722636   0.18222534]
475,0.47600000000000037,[-0.01396757  1.45418695],[-0.32541604  1.35686089],[-0.69856519 -3.97667774],[-0.17220741  0.18230128]
476,0.47700000000000037,[-0.01429368  1.45553985],[-0.32611298  1.35290254],[-0.69694161 -3.95835149],[-0.17215122  0.18237657]
477,0.47800000000000037,[-0.01462049  1.45688881],[-0.32680831  1.34896242],[-0.6953297 -3.9401267],[-0.17209505  0.18245121]
478,0.47900000000000037,[-0.01494799  1.45823385],[-0.32750204  1.34504041],[-0.69372934 -3.92200295],[-0.17203888  0.1825252 ]
479,0.48000000000000037,[-0.01527618  1.45957499],[-0.32819418  1.34113643],[-0.69214044 -3.90397982],[-0.17198271  0.18259855]
480,0.48100000000000037,[-0.01560507  1.46091224],[-0.32888474  1.33725038],[-0.69056289 -3.8860569 ],[-0.17192655  0.18267126]
481,0.4820000000000004,[-0.01593464  1.46224562],[-0.32957374  1.33338214],[-0.68899661 -3.86823376],[-0.1718704   0.18274333]
482,0.4830000000000004,[-0.0162649   1.46357515],[-0.33026118  1.32953163],[-0.68744148 -3.85051   ],[-0.17181425  0.18281477]
483,0.4840000000000004,[-0.01659585  1.46490085],[-0.33094708  1.32569875],[-0.68589742 -3.83288519],[-0.17175811  0.18288558]
484,0.4850000000000004,[-0.01692748  1.46622273],[-0.33163144  1.32188339],[-0.68436432 -3.81535892],[-0.17170196  0.18295576]
485,0.4860000000000004,[-0.0172598   1.46754082],[-0.33231428  1.31808546],[-0.68284209 -3.79793078],[-0.17164583  0.18302532]
486,0.4870000000000004,[-0.01759279  1.46885512],[-0.33299562  1.31430486],[-0.68133063 -3.78060035],[-0.17158969  0.18309426]
487,0.4880000000000004,[-0.01792647  1.47016567],[-0.33367545  1.31054149],[-0.67982986 -3.76336721],[-0.17153356  0.18316258]
488,0.4890000000000004,[-0.01826082  1.47147246],[-0.33435378  1.30679526],[-0.67833967 -3.74623097],[-0.17147743  0.18323028]
489,0.4900000000000004,[-0.01859585  1.47277553],[-0.33503064  1.30306607],[-0.67685997 -3.7291912 ],[-0.1714213   0.18329738]
490,0.4910000000000004,[-0.01893156  1.47407488],[-0.33570604  1.29935382],[-0.67539067 -3.71224749],[-0.17136517  0.18336387]
491,0.4920000000000004,[-0.01926794  1.47537054],[-0.33637997  1.29565842],[-0.67393167 -3.69539943],[-0.17130905  0.18342975]
492,0.4930000000000004,[-0.01960499  1.47666252],[-0.33705245  1.29197977],[-0.6724829  -3.67864662],[-0.17125292  0.18349503]
493,0.4940000000000004,[-0.01994271  1.47795084],[-0.33772349  1.28831778],[-0.67104424 -3.66198865],[-0.1711968   0.18355971]
494,0.4950000000000004,[-0.02028111  1.47923551],[-0.33839311  1.28467236],[-0.66961563 -3.6454251 ],[-0.17114067  0.1836238 ]
495,0.4960000000000004,[-0.02062017  1.48051655],[-0.33906131  1.2810434 ],[-0.66819696 -3.62895556],[-0.17108454  0.1836873 ]
496,0.4970000000000004,[-0.0209599   1.48179398],[-0.3397281   1.27743082],[-0.66678816 -3.61257964],[-0.17102842  0.1837502 ]
497,0.4980000000000004,[-0.02130029  1.48306782],[-0.34039348  1.27383453],[-0.66538912 -3.59629693],[-0.17097229  0.18381252]
498,0.4990000000000004,[-0.02164135  1.48433807],[-0.34105748  1.27025442],[-0.66399977 -3.58010701],[-0.17091616  0.18387426]
499,0.5000000000000003,[-0.02198307  1.48560476],[-0.3417201   1.26669041],[-0.66262001 -3.56400949],[-0.17086003  0.18393542]
500,0.5010000000000003,[-0.02232545  1.48686791],[-0.34238135  1.26314241],[-0.66124977 -3.54800396],[-0.1708039  0.183996 ]
501,0.5020000000000003,[-0.02266849  1.48812752],[-0.34304124  1.25961032],[-0.65988896 -3.53209002],[-0.17074776  0.184056  ]
502,0.5030000000000003,[-0.02301219  1.48938361],[-0.34369978  1.25609405],[-0.65853749 -3.51626727],[-0.17069162  0.18411544]
503,0.5040000000000003,[-0.02335655  1.4906362 ],[-0.34435698  1.25259351],[-0.65719527 -3.5005353 ],[-0.17063548  0.1841743 ]
504,0.5050000000000003,[-0.02370156  1.49188531],[-0.34501284  1.24910862],[-0.65586224 -3.48489372],[-0.17057934  0.18423261]
505,0.5060000000000003,[-0.02404723  1.49313095],[-0.34566738  1.24563928],[-0.6545383  -3.46934212],[-0.17052319  0.18429035]
506,0.5070000000000003,[-0.02439355  1.49437314],[-0.3463206  1.2421854],[-0.65322337 -3.4538801 ],[-0.17046703  0.18434753]
507,0.5080000000000003,[-0.02474052  1.49561188],[-0.34697252  1.23874689],[-0.65191738 -3.43850728],[-0.17041088  0.18440415]
508,0.5090000000000003,[-0.02508814  1.49684721],[-0.34762314  1.23532367],[-0.65062024 -3.42322325],[-0.17035471  0.18446022]
509,0.5100000000000003,[-0.02543642  1.49807912],[-0.34827247  1.23191564],[-0.64933187 -3.40802761],[-0.17029855  0.18451574]
510,0.5110000000000003,[-0.02578534  1.49930765],[-0.34892052  1.22852272],[-0.64805219 -3.39291997],[-0.17024237  0.18457072]
511,0.5120000000000003,[-0.0261349   1.50053279],[-0.3495673   1.22514482],[-0.64678112 -3.37789993],[-0.17018619  0.18462515]
512,0.5130000000000003,[-0.02648512  1.50175457],[-0.35021282  1.22178185],[-0.6455186  -3.36296711],[-0.17013001  0.18467903]
513,0.5140000000000003,[-0.02683597  1.50297301],[-0.35085709  1.21843373],[-0.64426453 -3.3481211 ],[-0.17007382  0.18473238]
514,0.5150000000000003,[-0.02718747  1.50418811],[-0.3515001   1.21510037],[-0.64301885 -3.33336152],[-0.17001762  0.1847852 ]
515,0.5160000000000003,[-0.02753962  1.50539989],[-0.35214189  1.21178168],[-0.64178147 -3.31868797],[-0.16996141  0.18483748]
516,0.5170000000000003,[-0.0278924   1.50660837],[-0.35278244  1.20847758],[-0.64055233 -3.30410007],[-0.1699052   0.18488923]
517,0.5180000000000003,[-0.02824582  1.50781355],[-0.35342177  1.20518799],[-0.63933134 -3.28959742],[-0.16984898  0.18494045]
518,0.5190000000000003,[-0.02859988  1.50901547],[-0.35405989  1.20191281],[-0.63811843 -3.27517964],[-0.16979275  0.18499115]
519,0.5200000000000004,[-0.02895458  1.51021412],[-0.3546968   1.19865196],[-0.63691354 -3.26084635],[-0.16973651  0.18504133]
520,0.5210000000000004,[-0.02930991  1.51140952],[-0.35533252  1.19540536],[-0.63571658 -3.24659714],[-0.16968027  0.18509099]
521,0.5220000000000004,[-0.02966588  1.5126017 ],[-0.35596705  1.19217293],[-0.63452749 -3.23243164],[-0.16962402  0.18514013]
522,0.5230000000000004,[-0.03002248  1.51379065],[-0.35660039  1.18895458],[-0.63334618 -3.21834947],[-0.16956775  0.18518876]
523,0.5240000000000004,[-0.03037971  1.5149764 ],[-0.35723256  1.18575023],[-0.63217261 -3.20435024],[-0.16951148  0.18523688]
524,0.5250000000000004,[-0.03073757  1.51615896],[-0.35786357  1.1825598 ],[-0.63100668 -3.19043356],[-0.1694552   0.18528449]
525,0.5260000000000004,[-0.03109607  1.51733834],[-0.35849342  1.1793832 ],[-0.62984833 -3.17659906],[-0.16939891  0.1853316 ]
526,0.5270000000000004,[-0.03145519  1.51851457],[-0.35912212  1.17622035],[-0.62869749 -3.16284636],[-0.16934261  0.1853782 ]
527,0.5280000000000004,[-0.03181494  1.51968764],[-0.35974967  1.17307118],[-0.6275541  -3.14917507],[-0.16928629  0.18542431]
528,0.5290000000000004,[-0.03217531  1.52085757],[-0.36037609  1.16993559],[-0.62641809 -3.13558482],[-0.16922997  0.18546992]
529,0.5300000000000004,[-0.03253631  1.52202439],[-0.36100138  1.16681352],[-0.62528938 -3.12207522],[-0.16917364  0.18551503]
530,0.5310000000000004,[-0.03289794  1.52318809],[-0.36162555  1.16370487],[-0.62416791 -3.10864592],[-0.16911729  0.18555966]
531,0.5320000000000004,[-0.03326019  1.5243487 ],[-0.3622486   1.16060957],[-0.62305361 -3.09529651],[-0.16906094  0.18560379]
532,0.5330000000000004,[-0.03362306  1.52550623],[-0.36287055  1.15752755],[-0.62194642 -3.08202664],[-0.16900457  0.18564744]
533,0.5340000000000004,[-0.03398655  1.52666069],[-0.36349139  1.15445871],[-0.62084627 -3.06883593],[-0.16894819  0.18569061]
534,0.5350000000000004,[-0.03435066  1.52781209],[-0.36411115  1.15140299],[-0.6197531  -3.05572401],[-0.1688918   0.18573329]
535,0.5360000000000004,[-0.03471539  1.52896045],[-0.36472981  1.1483603 ],[-0.61866685 -3.0426905 ],[-0.16883539  0.1857755 ]
536,0.5370000000000004,[-0.03508074  1.53010578],[-0.3653474   1.14533056],[-0.61758744 -3.02973503],[-0.16877898  0.18581724]
537,0.5380000000000004,[-0.0354467   1.53124809],[-0.36596391  1.14231371],[-0.61651481 -3.01685724],[-0.16872255  0.1858585 ]
538,0.5390000000000004,[-0.03581328  1.5323874 ],[-0.36657936  1.13930965],[-0.61544892 -3.00405675],[-0.1686661   0.18589929]
539,0.5400000000000004,[-0.03618048  1.53352372],[-0.36719375  1.13631832],[-0.61438968 -2.99133321],[-0.16860965  0.18593961]
540,0.5410000000000004,[-0.03654828  1.53465706],[-0.36780709  1.13333963],[-0.61333704 -2.97868623],[-0.16855318  0.18597947]
541,0.5420000000000004,[-0.0369167   1.53578743],[-0.36841938  1.13037351],[-0.61229094 -2.96611547],[-0.16849669  0.18601887]
542,0.5430000000000004,[-0.03728573  1.53691485],[-0.36903063  1.12741989],[-0.61125131 -2.95362054],[-0.16844019  0.1860578 ]
543,0.5440000000000004,[-0.03765537  1.53803933],[-0.36964085  1.12447869],[-0.6102181 -2.9412011],[-0.16838368  0.18609628]
544,0.5450000000000004,[-0.03802562  1.53916088],[-0.37025004  1.12154984],[-0.60919125 -2.92885678],[-0.16832715  0.18613431]
545,0.5460000000000004,[-0.03839648  1.54027952],[-0.37085821  1.11863325],[-0.6081707  -2.91658721],[-0.16827061  0.18617188]
546,0.5470000000000004,[-0.03876795  1.54139525],[-0.37146537  1.11572886],[-0.60715639 -2.90439204],[-0.16821406  0.18620901]
547,0.5480000000000004,[-0.03914002  1.54250808],[-0.37207152  1.11283658],[-0.60614826 -2.8922709 ],[-0.16815748  0.18624569]
548,0.5490000000000004,[-0.0395127   1.54361804],[-0.37267666  1.10995636],[-0.60514625 -2.88022345],[-0.1681009   0.18628192]
549,0.5500000000000004,[-0.03988598  1.54472513],[-0.37328081  1.10708811],[-0.60415031 -2.86824932],[-0.16804429  0.18631771]
550,0.5510000000000004,[-0.04025986  1.54582936],[-0.37388397  1.10423176],[-0.60316039 -2.85634816],[-0.16798768  0.18635306]
551,0.5520000000000004,[-0.04063435  1.54693075],[-0.37448615  1.10138724],[-0.60217641 -2.84451961],[-0.16793104  0.18638798]
552,0.5530000000000004,[-0.04100943  1.5480293 ],[-0.37508735  1.09855448],[-0.60119833 -2.83276332],[-0.16787439  0.18642246]
553,0.5540000000000004,[-0.04138512  1.54912503],[-0.37568758  1.0957334 ],[-0.6002261  -2.82107895],[-0.16781772  0.18645651]
554,0.5550000000000004,[-0.04176141  1.55021796],[-0.37628683  1.09292394],[-0.59925965 -2.80946612],[-0.16776104  0.18649013]
555,0.5560000000000004,[-0.04213829  1.55130808],[-0.37688513  1.09012601],[-0.59829894 -2.79792451],[-0.16770434  0.18652332]
556,0.5570000000000004,[-0.04251578  1.55239542],[-0.37748248  1.08733956],[-0.59734391 -2.78645375],[-0.16764762  0.18655609]
557,0.5580000000000004,[-0.04289386  1.55347999],[-0.37807887  1.0845645 ],[-0.5963945  -2.77505351],[-0.16759089  0.18658844]
558,0.5590000000000004,[-0.04327253  1.55456179],[-0.37867432  1.08180078],[-0.59545067 -2.76372343],[-0.16753413  0.18662036]
559,0.5600000000000004,[-0.0436518   1.55564084],[-0.37926884  1.07904832],[-0.59451236 -2.75246316],[-0.16747737  0.18665187]
560,0.5610000000000004,[-0.04403166  1.55671714],[-0.37986241  1.07630705],[-0.59357952 -2.74127237],[-0.16742058  0.18668296]
561,0.5620000000000004,[-0.04441212  1.55779072],[-0.38045507  1.07357689],[-0.5926521  -2.73015071],[-0.16736377  0.18671365]
562,0.5630000000000004,[-0.04479316  1.55886158],[-0.3810468  1.0708578],[-0.59173005 -2.71909784],[-0.16730695  0.18674392]
563,0.5640000000000004,[-0.0451748   1.55992973],[-0.38163761  1.06814968],[-0.59081331 -2.70811342],[-0.16725011  0.18677378]
564,0.5650000000000004,[-0.04555703  1.56099518],[-0.38222751  1.06545249],[-0.58990184 -2.69719711],[-0.16719325  0.18680324]
565,0.5660000000000004,[-0.04593984  1.56205795],[-0.38281651  1.06276614],[-0.58899558 -2.68634856],[-0.16713637  0.18683229]
566,0.5670000000000004,[-0.04632325  1.56311804],[-0.3834046   1.06009057],[-0.58809449 -2.67556745],[-0.16707947  0.18686095]
567,0.5680000000000004,[-0.04670724  1.56417546],[-0.3839918   1.05742572],[-0.58719852 -2.66485343],[-0.16702255  0.1868892 ]
568,0.5690000000000004,[-0.04709182  1.56523023],[-0.38457811  1.05477151],[-0.58630762 -2.65420617],[-0.16696562  0.18691706]
569,0.5700000000000004,[-0.04747698  1.56628236],[-0.38516353  1.05212789],[-0.58542175 -2.64362534],[-0.16690866  0.18694453]
570,0.5710000000000004,[-0.04786273  1.56733186],[-0.38574807  1.04949477],[-0.58454084 -2.6331106 ],[-0.16685168  0.1869716 ]
571,0.5720000000000004,[-0.04824906  1.56837873],[-0.38633174  1.04687211],[-0.58366486 -2.62266163],[-0.16679469  0.18699829]
572,0.5730000000000004,[-0.04863598  1.56942299],[-0.38691453  1.04425983],[-0.58279377 -2.61227808],[-0.16673768  0.18702458]
573,0.5740000000000004,[-0.04902347  1.57046465],[-0.38749646  1.04165788],[-0.5819275  -2.60195964],[-0.16668064  0.18705049]
574,0.5750000000000004,[-0.04941155  1.57150371],[-0.38807752  1.03906617],[-0.58106603 -2.59170597],[-0.16662359  0.18707602]
575,0.5760000000000004,[-0.04980021  1.5725402 ],[-0.38865773  1.03648465],[-0.58020929 -2.58151674],[-0.16656651  0.18710117]
576,0.5770000000000004,[-0.05018945  1.57357411],[-0.38923709  1.03391326],[-0.57935725 -2.57139164],[-0.16650941  0.18712595]
577,0.5780000000000004,[-0.05057926  1.57460546],[-0.3898156   1.03135193],[-0.57850987 -2.56133033],[-0.1664523   0.18715034]
578,0.5790000000000004,[-0.05096965  1.57563426],[-0.39039327  1.0288006 ],[-0.57766709 -2.5513325 ],[-0.16639516  0.18717436]
579,0.5800000000000004,[-0.05136062  1.57666052],[-0.3909701  1.0262592],[-0.57682888 -2.54139781],[-0.166338    0.18719801]
580,0.5810000000000004,[-0.05175217  1.57768425],[-0.39154609  1.02372767],[-0.57599519 -2.53152595],[-0.16628082  0.18722129]
581,0.5820000000000004,[-0.05214429  1.57870546],[-0.39212126  1.02120596],[-0.57516597 -2.5217166 ],[-0.16622362  0.18724421]
582,0.5830000000000004,[-0.05253699  1.57972415],[-0.3926956   1.01869399],[-0.57434119 -2.51196944],[-0.1661664   0.18726676]
583,0.5840000000000004,[-0.05293026  1.58074034],[-0.39326912  1.0161917 ],[-0.5735208  -2.50228416],[-0.16610916  0.18728894]
584,0.5850000000000004,[-0.0533241   1.58175404],[-0.39384182  1.01369904],[-0.57270476 -2.49266043],[-0.16605189  0.18731077]
585,0.5860000000000004,[-0.05371851  1.58276526],[-0.39441372  1.01121595],[-0.57189303 -2.48309794],[-0.1659946   0.18733224]
586,0.5870000000000004,[-0.0541135  1.583774 ],[-0.3949848   1.00874235],[-0.57108556 -2.47359637],[-0.1659373   0.18735335]
587,0.5880000000000004,[-0.05450905  1.58478028],[-0.39555508  1.00627819],[-0.57028233 -2.46415542],[-0.16587996  0.1873741 ]
588,0.5890000000000004,[-0.05490518  1.5857841 ],[-0.39612457  1.00382342],[-0.56948327 -2.45477477],[-0.16582261  0.18739451]
589,0.5900000000000004,[-0.05530187  1.58678548],[-0.39669326  1.00137797],[-0.56868836 -2.44545411],[-0.16576524  0.18741456]
590,0.5910000000000004,[-0.05569913  1.58778442],[-0.39726115  0.99894177],[-0.56789756 -2.43619314],[-0.16570784  0.18743427]
591,0.5920000000000004,[-0.05609696  1.58878094],[-0.39782826  0.99651478],[-0.56711082 -2.42699153],[-0.16565042  0.18745363]
592,0.5930000000000004,[-0.05649535  1.58977503],[-0.39839459  0.99409693],[-0.56632811 -2.417849  ],[-0.16559297  0.18747265]
593,0.5940000000000004,[-0.05689431  1.59076672],[-0.39896014  0.99168817],[-0.56554939 -2.40876522],[-0.16553551  0.18749132]
594,0.5950000000000004,[-0.05729384  1.59175601],[-0.39952492  0.98928843],[-0.56477461 -2.39973991],[-0.16547802  0.18750966]
595,0.5960000000000004,[-0.05769393  1.59274291],[-0.40008892  0.98689765],[-0.56400375 -2.39077274],[-0.1654205   0.18752766]
596,0.5970000000000004,[-0.05809458  1.59372742],[-0.40065216  0.98451579],[-0.56323676 -2.38186343],[-0.16536297  0.18754532]
597,0.5980000000000004,[-0.05849579  1.59470957],[-0.40121463  0.98214278],[-0.5624736  -2.37301166],[-0.16530541  0.18756265]
598,0.5990000000000004,[-0.05889757  1.59568934],[-0.40177634  0.97977856],[-0.56171425 -2.36421715],[-0.16524782  0.18757964]
599,0.6000000000000004,[-0.05929991  1.59666677],[-0.4023373   0.97742308],[-0.56095865 -2.35547959],[-0.16519022  0.18759631]
600,0.6010000000000004,[-0.05970281  1.59764184],[-0.40289751  0.97507628],[-0.56020679 -2.34679868],[-0.16513259  0.18761265]
601,0.6020000000000004,[-0.06010626  1.59861458],[-0.40345697  0.97273811],[-0.55945861 -2.33817413],[-0.16507493  0.18762867]
602,0.6030000000000004,[-0.06051028  1.59958499],[-0.40401568  0.9704085 ],[-0.55871408 -2.32960564],[-0.16501725  0.18764436]
603,0.6040000000000004,[-0.06091485  1.60055308],[-0.40457366  0.96808741],[-0.55797318 -2.32109292],[-0.16495955  0.18765973]
604,0.6050000000000004,[-0.06131998  1.60151885],[-0.40513089  0.96577477],[-0.55723585 -2.31263568],[-0.16490183  0.18767478]
605,0.6060000000000004,[-0.06172567  1.60248232],[-0.40568739  0.96347054],[-0.55650208 -2.30423362],[-0.16484407  0.18768951]
606,0.6070000000000004,[-0.06213191  1.6034435 ],[-0.40624317  0.96117465],[-0.55577182 -2.29588646],[-0.1647863   0.18770393]
607,0.6080000000000004,[-0.06253871  1.60440238],[-0.40679821  0.95888706],[-0.55504504 -2.2875939 ],[-0.1647285   0.18771803]
608,0.6090000000000004,[-0.06294606  1.60535899],[-0.40735253  0.95660771],[-0.5543217  -2.27935566],[-0.16467067  0.18773182]
609,0.6100000000000004,[-0.06335397  1.60631333],[-0.40790613  0.95433653],[-0.55360178 -2.27117145],[-0.16461282  0.1877453 ]
610,0.6110000000000004,[-0.06376243  1.6072654 ],[-0.40845902  0.95207349],[-0.55288524 -2.26304099],[-0.16455495  0.18775848]
611,0.6120000000000004,[-0.06417144  1.60821522],[-0.40901119  0.94981853],[-0.55217204 -2.25496399],[-0.16449705  0.18777134]
612,0.6130000000000004,[-0.064581    1.60916279],[-0.40956265  0.94757159],[-0.55146215 -2.24694017],[-0.16443913  0.18778391]
613,0.6140000000000004,[-0.06499112  1.61010812],[-0.41011341  0.94533262],[-0.55075555 -2.23896924],[-0.16438118  0.18779617]
614,0.6150000000000004,[-0.06540178  1.61105123],[-0.41066346  0.94310157],[-0.5500522  -2.23105093],[-0.1643232   0.18780813]
615,0.6160000000000004,[-0.06581299  1.6119921 ],[-0.41121281  0.94087838],[-0.54935206 -2.22318496],[-0.1642652   0.18781979]
616,0.6170000000000004,[-0.06622475  1.61293077],[-0.41176147  0.93866301],[-0.54865511 -2.21537105],[-0.16420718  0.18783115]
617,0.6180000000000004,[-0.06663706  1.61386722],[-0.41230943  0.9364554 ],[-0.54796131 -2.20760891],[-0.16414913  0.18784222]
618,0.6190000000000004,[-0.06704992  1.61480148],[-0.4128567   0.93425551],[-0.54727064 -2.19989828],[-0.16409105  0.187853  ]
619,0.6200000000000004,[-0.06746332  1.61573354],[-0.41340328  0.93206327],[-0.54658306 -2.19223888],[-0.16403295  0.18786349]
620,0.6210000000000004,[-0.06787727  1.61666342],[-0.41394918  0.92987864],[-0.54589854 -2.18463044],[-0.16397482  0.18787368]
621,0.6220000000000004,[-0.06829177  1.61759112],[-0.4144944   0.92770156],[-0.54521706 -2.17707268],[-0.16391666  0.18788359]
622,0.6230000000000004,[-0.06870681  1.61851665],[-0.41503894  0.925532  ],[-0.54453857 -2.16956533],[-0.16385848  0.18789321]
623,0.6240000000000004,[-0.06912239  1.61944002],[-0.4155828   0.92336989],[-0.54386307 -2.16210813],[-0.16380028  0.18790255]
624,0.6250000000000004,[-0.06953852  1.62036124],[-0.41612599  0.92121519],[-0.5431905 -2.1547008],[-0.16374205  0.18791161]
625,0.6260000000000004,[-0.06995518  1.62128031],[-0.41666851  0.91906785],[-0.54252085 -2.14734308],[-0.16368379  0.18792039]
626,0.6270000000000004,[-0.07037239  1.62219723],[-0.41721037  0.91692781],[-0.54185409 -2.1400347 ],[-0.1636255   0.18792888]
627,0.6280000000000004,[-0.07079015  1.62311203],[-0.41775156  0.91479504],[-0.54119019 -2.13277539],[-0.16356719  0.1879371 ]
628,0.6290000000000004,[-0.07120844  1.6240247 ],[-0.41829209  0.91266947],[-0.54052911 -2.12556489],[-0.16350885  0.18794505]
629,0.6300000000000004,[-0.07162727  1.62493525],[-0.41883196  0.91055107],[-0.53987084 -2.11840294],[-0.16345049  0.18795272]
630,0.6310000000000004,[-0.07204664  1.62584369],[-0.41937117  0.90843978],[-0.53921534 -2.11128928],[-0.1633921   0.18796012]
631,0.6320000000000005,[-0.07246655  1.62675003],[-0.41990973  0.90633555],[-0.53856259 -2.10422364],[-0.16333368  0.18796725]
632,0.6330000000000005,[-0.072887    1.62765426],[-0.42044765  0.90423835],[-0.53791256 -2.09720577],[-0.16327523  0.18797412]
633,0.6340000000000005,[-0.07330798  1.62855641],[-0.42098491  0.90214811],[-0.53726522 -2.0902354 ],[-0.16321676  0.18798071]
634,0.6350000000000005,[-0.0737295   1.62945648],[-0.42152153  0.9000648 ],[-0.53662055 -2.08331229],[-0.16315826  0.18798704]
635,0.6360000000000005,[-0.07415156  1.63035447],[-0.42205751  0.89798837],[-0.53597852 -2.07643617],[-0.16309974  0.18799311]
636,0.6370000000000005,[-0.07457416  1.63125038],[-0.42259285  0.89591876],[-0.5353391  -2.06960679],[-0.16304118  0.18799892]
637,0.6380000000000005,[-0.07499728  1.63214424],[-0.42312755  0.89385593],[-0.53470227 -2.06282389],[-0.1629826   0.18800447]
638,0.6390000000000005,[-0.07542094  1.63303604],[-0.42366162  0.89179985],[-0.534068   -2.05608723],[-0.162924    0.18800975]
639,0.6400000000000005,[-0.07584514  1.63392579],[-0.42419506  0.88975045],[-0.53343627 -2.04939655],[-0.16286536  0.18801479]
640,0.6410000000000005,[-0.07626987  1.6348135 ],[-0.42472786  0.8877077 ],[-0.53280705 -2.04275161],[-0.1628067   0.18801957]
641,0.6420000000000005,[-0.07669513  1.63569917],[-0.42526004  0.88567155],[-0.53218032 -2.03615215],[-0.16274801  0.18802409]
642,0.6430000000000005,[-0.07712092  1.63658281],[-0.4257916   0.88364195],[-0.53155605 -2.02959792],[-0.16268929  0.18802836]
643,0.6440000000000005,[-0.07754724  1.63746443],[-0.42632253  0.88161886],[-0.53093421 -2.02308868],[-0.16263055  0.18803239]
644,0.6450000000000005,[-0.07797409  1.63834403],[-0.42685285  0.87960224],[-0.53031479 -2.01662419],[-0.16257177  0.18803616]
645,0.6460000000000005,[-0.07840148  1.63922162],[-0.42738255  0.87759203],[-0.52969776 -2.01020419],[-0.16251297  0.18803969]
646,0.6470000000000005,[-0.07882939  1.64009721],[-0.42791163  0.8755882 ],[-0.52908309 -2.00382845],[-0.16245415  0.18804298]
647,0.6480000000000005,[-0.07925783  1.6409708 ],[-0.4284401   0.87359071],[-0.52847077 -1.99749672],[-0.16239529  0.18804602]
648,0.6490000000000005,[-0.0796868  1.6418424],[-0.42896796  0.8715995 ],[-0.52786076 -1.99120877],[-0.16233641  0.18804882]
649,0.6500000000000005,[-0.08011629  1.64271202],[-0.42949521  0.86961453],[-0.52725305 -1.98496435],[-0.16227749  0.18805138]
650,0.6510000000000005,[-0.08054631  1.64357965],[-0.43002186  0.86763577],[-0.52664761 -1.97876322],[-0.16221855  0.1880537 ]
651,0.6520000000000005,[-0.08097686  1.64444532],[-0.43054791  0.86566317],[-0.52604443 -1.97260515],[-0.16215959  0.18805578]
652,0.6530000000000005,[-0.08140793  1.64530901],[-0.43107335  0.86369668],[-0.52544346 -1.9664899 ],[-0.16210059  0.18805763]
653,0.6540000000000005,[-0.08183953  1.64617075],[-0.43159819  0.86173626],[-0.52484471 -1.96041724],[-0.16204157  0.18805924]
654,0.6550000000000005,[-0.08227166  1.64703053],[-0.43212244  0.85978187],[-0.52424813 -1.95438692],[-0.16198251  0.18806063]
655,0.6560000000000005,[-0.0827043   1.64788836],[-0.4326461   0.85783347],[-0.52365372 -1.94839872],[-0.16192343  0.18806178]
656,0.6570000000000005,[-0.08313747  1.64874426],[-0.43316916  0.85589102],[-0.52306144 -1.94245241],[-0.16186432  0.1880627 ]
657,0.6580000000000005,[-0.08357116  1.64959821],[-0.43369163  0.85395447],[-0.52247129 -1.93654776],[-0.16180518  0.1880634 ]
658,0.6590000000000005,[-0.08400538  1.65045023],[-0.43421351  0.85202379],[-0.52188323 -1.93068453],[-0.16174602  0.18806386]
659,0.6600000000000005,[-0.08444011  1.65130033],[-0.43473481  0.85009893],[-0.52129724 -1.92486249],[-0.16168682  0.18806411]
660,0.6610000000000005,[-0.08487537  1.65214851],[-0.43525552  0.84817984],[-0.52071331 -1.91908143],[-0.1616276   0.18806413]
661,0.6620000000000005,[-0.08531114  1.65299478],[-0.43577565  0.8462665 ],[-0.52013142 -1.91334111],[-0.16156835  0.18806393]
662,0.6630000000000005,[-0.08574744  1.65383914],[-0.43629521  0.84435886],[-0.51955153 -1.9076413 ],[-0.16150907  0.18806351]
663,0.6640000000000005,[-0.08618425  1.65468159],[-0.43681418  0.84245688],[-0.51897365 -1.90198179],[-0.16144976  0.18806287]
664,0.6650000000000005,[-0.08662158  1.65552216],[-0.43733258  0.84056052],[-0.51839773 -1.89636236],[-0.16139042  0.18806201]
665,0.6660000000000005,[-0.08705943  1.65636083],[-0.4378504   0.83866973],[-0.51782377 -1.89078276],[-0.16133105  0.18806094]
666,0.6670000000000005,[-0.0874978   1.65719761],[-0.43836765  0.83678449],[-0.51725174 -1.8852428 ],[-0.16127166  0.18805965]
667,0.6680000000000005,[-0.08793669  1.65803251],[-0.43888433  0.83490475],[-0.51668162 -1.87974225],[-0.16121223  0.18805815]
668,0.6690000000000005,[-0.08837609  1.65886554],[-0.43940045  0.83303047],[-0.5161134  -1.87428088],[-0.16115278  0.18805644]
669,0.6700000000000005,[-0.088816    1.65969671],[-0.439916    0.83116161],[-0.51554706 -1.86885849],[-0.16109329  0.18805452]
670,0.6710000000000005,[-0.08925643  1.660526  ],[-0.44043098  0.82929814],[-0.51498257 -1.86347485],[-0.16103378  0.18805239]
671,0.6720000000000005,[-0.08969738  1.66135344],[-0.4409454   0.82744001],[-0.51441992 -1.85812975],[-0.16097424  0.18805005]
672,0.6730000000000005,[-0.09013884  1.66217903],[-0.44145926  0.82558718],[-0.51385909 -1.85282298],[-0.16091467  0.18804751]
673,0.6740000000000005,[-0.09058081  1.66300277],[-0.44197256  0.82373963],[-0.51330006 -1.84755432],[-0.16085507  0.18804476]
674,0.6750000000000005,[-0.0910233   1.66382467],[-0.4424853  0.8218973],[-0.51274281 -1.84232356],[-0.16079544  0.18804181]
675,0.6760000000000005,[-0.09146629  1.66464473],[-0.44299749  0.82006017],[-0.51218733 -1.83713048],[-0.16073579  0.18803866]
676,0.6770000000000005,[-0.0919098   1.66546296],[-0.44350912  0.8182282 ],[-0.51163359 -1.83197489],[-0.1606761   0.18803531]
677,0.6780000000000005,[-0.09235382  1.66627936],[-0.4440202   0.81640134],[-0.51108158 -1.82685657],[-0.16061638  0.18803176]
678,0.6790000000000005,[-0.09279835  1.66709394],[-0.44453073  0.81457957],[-0.51053129 -1.82177531],[-0.16055664  0.18802801]
679,0.6800000000000005,[-0.09324339  1.6679067 ],[-0.44504072  0.81276284],[-0.50998269 -1.8167309 ],[-0.16049686  0.18802407]
680,0.6810000000000005,[-0.09368894  1.66871765],[-0.44555015  0.81095111],[-0.50943576 -1.81172314],[-0.16043706  0.18801993]
681,0.6820000000000005,[-0.094135   1.6695268],[-0.44605904  0.80914436],[-0.5088905  -1.80675183],[-0.16037722  0.1880156 ]
682,0.6830000000000005,[-0.09458157  1.67033414],[-0.44656739  0.80734254],[-0.50834688 -1.80181676],[-0.16031736  0.18801108]
683,0.6840000000000005,[-0.09502865  1.67113968],[-0.44707519  0.80554563],[-0.50780488 -1.79691773],[-0.16025747  0.18800637]
684,0.6850000000000005,[-0.09547623  1.67194344],[-0.44758246  0.80375357],[-0.50726449 -1.79205453],[-0.16019755  0.18800147]
685,0.6860000000000005,[-0.09592432  1.6727454 ],[-0.44808918  0.80196635],[-0.5067257  -1.78722697],[-0.16013759  0.18799638]
686,0.6870000000000005,[-0.09637291  1.67354559],[-0.44859537  0.80018391],[-0.50618849 -1.78243484],[-0.16007761  0.1879911 ]
687,0.6880000000000005,[-0.09682201  1.67434399],[-0.44910103  0.79840623],[-0.50565283 -1.77767796],[-0.1600176   0.18798564]
688,0.6890000000000005,[-0.09727162  1.67514063],[-0.44960614  0.79663328],[-0.50511872 -1.77295611],[-0.15995756  0.18798   ]
689,0.6900000000000005,[-0.09772173  1.67593549],[-0.45011073  0.79486501],[-0.50458614 -1.7682691 ],[-0.15989749  0.18797417]
690,0.6910000000000005,[-0.09817235  1.67672859],[-0.45061479  0.79310139],[-0.50405507 -1.76361675],[-0.15983739  0.18796816]
691,0.6920000000000005,[-0.09862346  1.67751994],[-0.45111831  0.79134239],[-0.5035255  -1.75899885],[-0.15977726  0.18796197]
692,0.6930000000000005,[-0.09907509  1.67830952],[-0.45162131  0.78958798],[-0.50299742 -1.75441521],[-0.1597171   0.18795561]
693,0.6940000000000005,[-0.09952721  1.67909736],[-0.45212378  0.78783811],[-0.5024708  -1.74986563],[-0.15965691  0.18794906]
694,0.6950000000000005,[-0.09997983  1.67988346],[-0.45262572  0.78609276],[-0.50194563 -1.74534993],[-0.15959669  0.18794234]
695,0.6960000000000005,[-0.10043296  1.68066781],[-0.45312715  0.78435189],[-0.5014219  -1.74086792],[-0.15953644  0.18793545]
696,0.6970000000000005,[-0.10088659  1.68145042],[-0.45362805  0.78261547],[-0.5008996  -1.73641941],[-0.15947616  0.18792838]
697,0.6980000000000005,[-0.10134072  1.68223131],[-0.45412843  0.78088347],[-0.5003787 -1.7320042],[-0.15941585  0.18792114]
698,0.6990000000000005,[-0.10179535  1.68301046],[-0.45462828  0.77915585],[-0.49985919 -1.72762211],[-0.15935551  0.18791373]
699,0.7000000000000005,[-0.10225047  1.68378789],[-0.45512763  0.77743257],[-0.49934107 -1.72327296],[-0.15929514  0.18790615]
700,0.7010000000000005,[-0.1027061   1.68456361],[-0.45562645  0.77571362],[-0.49882431 -1.71895656],[-0.15923474  0.1878984 ]
701,0.7020000000000005,[-0.10316223  1.68533761],[-0.45612476  0.77399895],[-0.4983089  -1.71467272],[-0.15917431  0.18789048]
702,0.7030000000000005,[-0.10361885  1.6861099 ],[-0.45662255  0.77228852],[-0.49779483 -1.71042126],[-0.15911385  0.1878824 ]
703,0.7040000000000005,[-0.10407597  1.68688048],[-0.45711984  0.77058232],[-0.49728209 -1.706202  ],[-0.15905336  0.18787415]
704,0.7050000000000005,[-0.10453358  1.68764936],[-0.45761661  0.76888031],[-0.49677065 -1.70201476],[-0.15899284  0.18786574]
705,0.7060000000000005,[-0.1049917   1.68841654],[-0.45811287  0.76718245],[-0.49626051 -1.69785935],[-0.15893229  0.18785717]
706,0.7070000000000005,[-0.10545031  1.68918203],[-0.45860862  0.76548871],[-0.49575165 -1.6937356 ],[-0.15887171  0.18784843]
707,0.7080000000000005,[-0.10590941  1.68994583],[-0.45910386  0.76379907],[-0.49524407 -1.68964333],[-0.1588111   0.18783954]
708,0.7090000000000005,[-0.10636901  1.69070794],[-0.4595986   0.76211349],[-0.49473774 -1.68558235],[-0.15875046  0.18783048]
709,0.7100000000000005,[-0.1068291   1.69146837],[-0.46009283  0.76043193],[-0.49423265 -1.6815525 ],[-0.15868979  0.18782127]
710,0.7110000000000005,[-0.10728969  1.69222713],[-0.46058656  0.75875438],[-0.4937288 -1.6775536],[-0.15862909  0.18781191]
711,0.7120000000000005,[-0.10775077  1.69298421],[-0.46107979  0.7570808 ],[-0.49322616 -1.67358547],[-0.15856836  0.18780238]
712,0.7130000000000005,[-0.10821234  1.69373962],[-0.46157251  0.75541115],[-0.49272473 -1.66964794],[-0.1585076   0.18779271]
713,0.7140000000000005,[-0.10867441  1.69449337],[-0.46206474  0.75374541],[-0.49222449 -1.66574083],[-0.15844681  0.18778288]
714,0.7150000000000005,[-0.10913696  1.69524545],[-0.46255646  0.75208354],[-0.49172544 -1.66186398],[-0.15838599  0.1877729 ]
715,0.7160000000000005,[-0.10960001  1.69599587],[-0.46304769  0.75042553],[-0.49122755 -1.65801721],[-0.15832514  0.18776276]
716,0.7170000000000005,[-0.11006355  1.69674465],[-0.46353842  0.74877132],[-0.49073082 -1.65420036],[-0.15826426  0.18775248]
717,0.7180000000000005,[-0.11052758  1.69749177],[-0.46402866  0.74712091],[-0.49023523 -1.65041324],[-0.15820334  0.18774205]
718,0.7190000000000005,[-0.11099209  1.69823724],[-0.4645184   0.74547426],[-0.48974078 -1.6466557 ],[-0.1581424   0.18773148]
719,0.7200000000000005,[-0.1114571   1.69898107],[-0.46500764  0.74383133],[-0.48924745 -1.64292757],[-0.15808143  0.18772075]
720,0.7210000000000005,[-0.1119226   1.69972326],[-0.4654964  0.7421921],[-0.48875522 -1.63922868],[-0.15802043  0.18770989]
721,0.7220000000000005,[-0.11238858  1.70046382],[-0.46598466  0.74055654],[-0.4882641  -1.63555887],[-0.15795939  0.18769888]
722,0.7230000000000005,[-0.11285506  1.70120275],[-0.46647244  0.73892462],[-0.48777406 -1.63191797],[-0.15789833  0.18768772]
723,0.7240000000000005,[-0.11332202  1.70194004],[-0.46695972  0.73729632],[-0.48728509 -1.62830581],[-0.15783724  0.18767643]
724,0.7250000000000005,[-0.11378946  1.70267571],[-0.46744652  0.73567159],[-0.48679719 -1.62472224],[-0.15777611  0.18766499]
725,0.7260000000000005,[-0.11425739  1.70340976],[-0.46793283  0.73405043],[-0.48631035 -1.62116709],[-0.15771496  0.18765342]
726,0.7270000000000005,[-0.11472581  1.7041422 ],[-0.46841865  0.73243279],[-0.48582454 -1.6176402 ],[-0.15765377  0.1876417 ]
727,0.7280000000000005,[-0.11519472  1.70487302],[-0.46890399  0.73081865],[-0.48533977 -1.61414141],[-0.15759256  0.18762985]
728,0.7290000000000005,[-0.11566411  1.70560222],[-0.46938885  0.72920798],[-0.48485602 -1.61067056],[-0.15753131  0.18761787]
729,0.7300000000000005,[-0.11613398  1.70632982],[-0.46987322  0.72760075],[-0.48437327 -1.6072275 ],[-0.15747003  0.18760575]
730,0.7310000000000005,[-0.11660434  1.70705582],[-0.47035712  0.72599694],[-0.48389153 -1.60381206],[-0.15740873  0.18759349]
731,0.7320000000000005,[-0.11707518  1.70778022],[-0.47084053  0.72439651],[-0.48341077 -1.60042409],[-0.15734739  0.1875811 ]
732,0.7330000000000005,[-0.1175465   1.70850302],[-0.47132346  0.72279945],[-0.48293099 -1.59706343],[-0.15728602  0.18756859]
733,0.7340000000000005,[-0.11801831  1.70922422],[-0.47180591  0.72120572],[-0.48245219 -1.59372993],[-0.15722462  0.18755594]
734,0.7350000000000005,[-0.11849059  1.70994384],[-0.47228788  0.7196153 ],[-0.48197433 -1.59042344],[-0.1571632   0.18754316]
735,0.7360000000000005,[-0.11896336  1.71066187],[-0.47276938  0.71802815],[-0.48149743 -1.58714379],[-0.15710174  0.18753025]
736,0.7370000000000005,[-0.11943661  1.71137831],[-0.4732504   0.71644426],[-0.48102147 -1.58389085],[-0.15704025  0.18751721]
737,0.7380000000000005,[-0.11991035  1.71209317],[-0.47373095  0.7148636 ],[-0.48054643 -1.58066445],[-0.15697873  0.18750405]
738,0.7390000000000005,[-0.12038456  1.71280646],[-0.47421102  0.71328613],[-0.48007231 -1.57746444],[-0.15691718  0.18749076]
739,0.7400000000000005,[-0.12085925  1.71351817],[-0.47469062  0.71171184],[-0.47959911 -1.57429069],[-0.1568556   0.18747735]
740,0.7410000000000005,[-0.12133442  1.71422831],[-0.47516975  0.7101407 ],[-0.4791268  -1.57114303],[-0.15679399  0.18746382]
741,0.7420000000000005,[-0.12181006  1.71493689],[-0.4756484   0.70857268],[-0.47865538 -1.56802131],[-0.15673234  0.18745016]
742,0.7430000000000005,[-0.12228619  1.71564389],[-0.47612659  0.70700775],[-0.47818484 -1.56492541],[-0.15667067  0.18743638]
743,0.7440000000000005,[-0.1227628   1.71634934],[-0.4766043  0.7054459],[-0.47771518 -1.56185515],[-0.15660897  0.18742248]
744,0.7450000000000006,[-0.12323988  1.71705323],[-0.47708155  0.70388709],[-0.47724637 -1.55881041],[-0.15654724  0.18740846]
745,0.7460000000000006,[-0.12371744  1.71775556],[-0.47755833  0.70233129],[-0.47677842 -1.55579103],[-0.15648547  0.18739433]
746,0.7470000000000006,[-0.12419547  1.71845634],[-0.47803464  0.7007785 ],[-0.47631132 -1.55279687],[-0.15642368  0.18738007]
747,0.7480000000000006,[-0.12467398  1.71915556],[-0.47851048  0.69922867],[-0.47584505 -1.54982779],[-0.15636185  0.1873657 ]
748,0.7490000000000006,[-0.12515297  1.71985325],[-0.47898586  0.69768179],[-0.4753796  -1.54688364],[-0.1563      0.18735122]
749,0.7500000000000006,[-0.12563243  1.72054938],[-0.47946078  0.69613782],[-0.47491498 -1.54396429],[-0.15623811  0.18733662]
750,0.7510000000000006,[-0.12611236  1.72124398],[-0.47993523  0.69459675],[-0.47445116 -1.54106959],[-0.1561762  0.1873219]
751,0.7520000000000006,[-0.12659277  1.72193704],[-0.48040922  0.69305855],[-0.47398815 -1.5381994 ],[-0.15611425  0.18730708]
752,0.7530000000000006,[-0.12707365  1.72262856],[-0.48088274  0.6915232 ],[-0.47352593 -1.53535359],[-0.15605227  0.18729214]
753,0.7540000000000006,[-0.12755501  1.72331855],[-0.48135581  0.68999067],[-0.47306449 -1.53253201],[-0.15599027  0.18727709]
754,0.7550000000000006,[-0.12803684  1.72400701],[-0.48182841  0.68846093],[-0.47260383 -1.52973452],[-0.15592823  0.18726194]
755,0.7560000000000006,[-0.12851914  1.72469395],[-0.48230056  0.68693397],[-0.47214394 -1.526961  ],[-0.15586616  0.18724667]
756,0.7570000000000006,[-0.12900191  1.72537936],[-0.48277224  0.68540976],[-0.4716848 -1.5242113],[-0.15580406  0.1872313 ]
757,0.7580000000000006,[-0.12948516  1.72606325],[-0.48324347  0.68388828],[-0.47122642 -1.5214853 ],[-0.15574193  0.18721582]
758,0.7590000000000006,[-0.12996887  1.72674562],[-0.48371424  0.68236949],[-0.47076878 -1.51878284],[-0.15567977  0.18720023]
759,0.7600000000000006,[-0.13045305  1.72742647],[-0.48418455  0.68085339],[-0.47031188 -1.51610381],[-0.15561758  0.18718454]
760,0.7610000000000006,[-0.13093771  1.72810581],[-0.4846544   0.67933994],[-0.46985571 -1.51344806],[-0.15555536  0.18716875]
761,0.7620000000000006,[-0.13142283  1.72878364],[-0.4851238   0.67782913],[-0.46940026 -1.51081547],[-0.15549311  0.18715285]
762,0.7630000000000006,[-0.13190842  1.72945996],[-0.48559275  0.67632092],[-0.46894552 -1.50820591],[-0.15543083  0.18713685]
763,0.7640000000000006,[-0.13239449  1.73013477],[-0.48606124  0.6748153 ],[-0.46849148 -1.50561923],[-0.15536852  0.18712075]
764,0.7650000000000006,[-0.13288102  1.73080809],[-0.48652928  0.67331224],[-0.46803815 -1.50305532],[-0.15530618  0.18710455]
765,0.7660000000000006,[-0.13336801  1.7314799 ],[-0.48699686  0.67181173],[-0.4675855  -1.50051405],[-0.1552438   0.18708826]
766,0.7670000000000006,[-0.13385548  1.73215021],[-0.487464    0.67031374],[-0.46713354 -1.49799528],[-0.1551814   0.18707186]
767,0.7680000000000006,[-0.13434341  1.73281903],[-0.48793068  0.66881824],[-0.46668226 -1.49549888],[-0.15511897  0.18705536]
768,0.7690000000000006,[-0.1348318   1.73348636],[-0.48839691  0.66732521],[-0.46623164 -1.49302474],[-0.1550565   0.18703877]
769,0.7700000000000006,[-0.13532067  1.73415219],[-0.48886269  0.66583464],[-0.46578169 -1.49057272],[-0.15499401  0.18702209]
770,0.7710000000000006,[-0.13580999  1.73481654],[-0.48932803  0.6643465 ],[-0.46533239 -1.4881427 ],[-0.15493148  0.18700531]
771,0.7720000000000006,[-0.13629851  1.73542697],[-0.48851287  0.61043466],[  0.81515484 -53.91183905],[0. 0.]
772,0.7730000000000006,[-0.1367862   1.73598349],[-0.48768982  0.55651844],[  0.82305408 -53.91622207],[0. 0.]
773,0.7740000000000006,[-0.13727306  1.73648609],[-0.48685954  0.50259817],[  0.83027563 -53.92026362],[0. 0.]
774,0.7750000000000006,[-0.13775909  1.73693571],[-0.4860349   0.44961868],[  0.82463947 -52.97949295],[0. 0.]
775,0.7760000000000006,[-0.1382443   1.73733251],[-0.48520663  0.39680152],[  0.82826899 -52.81715614],[0. 0.]
776,0.7770000000000006,[-0.13872867  1.73767649],[-0.48437326  0.34398151],[  0.83337035 -52.82001293],[0. 0.]
777,0.7780000000000006,[-0.13921221  1.73796765],[-0.48353544  0.29115898],[  0.83782162 -52.82252638],[0. 0.]
778,0.7790000000000006,[-0.1396949   1.73820598],[-0.48269382  0.23833429],[  0.84162277 -52.82469202],[0. 0.]
779,0.7800000000000006,[-0.14017675  1.73839149],[-0.48184904  0.18550779],[  0.84477378 -52.82650601],[0. 0.]
780,0.7810000000000006,[-0.14065775  1.73852417],[-0.48100177  0.13267982],[  0.84727464 -52.8279652 ],[0. 0.]
781,0.7820000000000006,[-0.1411379   1.73860402],[-0.48015264  0.07985075],[  0.84912533 -52.82906709],[0. 0.]
782,0.7830000000000006,[-0.14161721  1.73863104],[-0.47930232  0.02702094],[  0.85032584 -52.82980981],[0. 0.]
783,0.7840000000000006,[-0.14209566  1.73860523],[-0.47845144 -0.02580925],[  0.85087615 -52.83019219],[0. 0.]
784,0.7850000000000006,[-0.14257326  1.73852659],[-0.47760067 -0.07863946],[  0.85077625 -52.8302137 ],[0. 0.]
785,0.7860000000000006,[-0.14305001  1.73839512],[-0.47675064 -0.13146934],[  0.85002613 -52.82987446],[0. 0.]
786,0.7870000000000006,[-0.14352591  1.73821083],[-0.47590201 -0.18429851],[  0.84862578 -52.82917525],[0. 0.]
787,0.7880000000000006,[-0.14400097  1.7379737 ],[-0.47505544 -0.23712663],[  0.8465752  -52.82811753],[0. 0.]
788,0.7890000000000006,[-0.14447518  1.73768375],[-0.47421156 -0.28995333],[  0.84387438 -52.82670339],[0. 0.]
789,0.7900000000000006,[-0.14494855  1.73734097],[-0.47337104 -0.34277827],[  0.84052332 -52.8249356 ],[0. 0.]
790,0.7910000000000006,[-0.14542108  1.73694537],[-0.47253452 -0.39560109],[  0.83652202 -52.82281758],[0. 0.]
791,0.7920000000000006,[-0.14589279  1.73649695],[-0.47170265 -0.44842144],[  0.83187048 -52.8203534 ],[0. 0.]
792,0.7930000000000006,[-0.14636366  1.73599571],[-0.47087608 -0.50123899],[  0.8265687  -52.81754782],[0. 0.]
793,0.7940000000000006,[-0.14683372  1.73544165],[-0.47005546 -0.55405339],[  0.82061668 -52.81440623],[0. 0.]
794,0.7950000000000006,[-0.14730296  1.73483479],[-0.46924145 -0.60686433],[  0.81401444 -52.81093469],[0. 0.]
795,0.7960000000000006,[-0.14777139  1.73417512],[-0.46843469 -0.65967147],[  0.80676197 -52.80713993],[0. 0.]
796,0.7970000000000006,[-0.14823903  1.73346264],[-0.46763583 -0.7124745 ],[  0.79885929 -52.80302932],[0. 0.]
797,0.7980000000000006,[-0.14870588  1.73269737],[-0.46684552 -0.76527311],[  0.79030641 -52.79861092],[0. 0.]
798,0.7990000000000006,[-0.14917194  1.7318793 ],[-0.46606442 -0.818067  ],[  0.78110333 -52.79389343],[0. 0.]
799,0.8000000000000006,[-0.14963723  1.73100845],[-0.46529317 -0.87085589],[  0.77125008 -52.78888622],[0. 0.]
800,0.8010000000000006,[-0.15010177  1.73008481],[-0.46453242 -0.92363949],[  0.76074666 -52.78359934],[0. 0.]
801,0.8020000000000006,[-0.15056555  1.72910839],[-0.46378283 -0.97641753],[  0.74959308 -52.77804349],[0. 0.]
802,0.8030000000000006,[-0.15102859  1.7280792 ],[-0.46304504 -1.02918976],[  0.73778938 -52.77223002],[0. 0.]
803,0.8040000000000006,[-0.15149091  1.72699724],[-0.4623197  -1.08195593],[  0.72533555 -52.76617097],[0. 0.]
804,0.8050000000000006,[-0.15195252  1.72586253],[-0.46160747 -1.13471581],[  0.71223161 -52.75987905],[0. 0.]
805,0.8060000000000006,[-0.15241343  1.72467506],[-0.46090899 -1.18746918],[  0.69847759 -52.75336763],[0. 0.]
806,0.8070000000000006,[-0.15287365  1.72343484],[-0.46022492 -1.24021583],[  0.6840735  -52.74665073],[0. 0.]
807,0.8080000000000006,[-0.15333321  1.72214189],[-0.4595559  -1.29295557],[  0.66901935 -52.73974306],[0. 0.]
808,0.8090000000000006,[-0.15379211  1.7207962 ],[-0.45890259 -1.34568823],[  0.65331516 -52.73266001],[0. 0.]
809,0.8100000000000006,[-0.15425038  1.71939779],[-0.45826563 -1.39841365],[  0.63696094 -52.72541762],[0. 0.]
810,0.8110000000000006,[-0.15470802  1.71794665],[-0.45764567 -1.45113168],[  0.61995672 -52.71803261],[0. 0.]
811,0.8120000000000006,[-0.15516507  1.71644281],[-0.45704337 -1.50384221],[  0.6023025  -52.71052238],[0. 0.]
812,0.8130000000000006,[-0.15562153  1.71488627],[-0.45645937 -1.55654511],[  0.58399829 -52.702905  ],[0. 0.]
813,0.8140000000000006,[-0.15607742  1.71327703],[-0.45589432 -1.60924031],[  0.56504411 -52.6951992 ],[0. 0.]
814,0.8150000000000006,[-0.15653277  1.7116151 ],[-0.45534888 -1.66192773],[  0.54543995 -52.68742441],[0. 0.]
815,0.8160000000000006,[-0.15698759  1.70990049],[-0.4548237  -1.71460733],[  0.52518584 -52.67960073],[0. 0.]
816,0.8170000000000006,[-0.15744191  1.70813321],[-0.45431942 -1.76727908],[  0.50428176 -52.67174893],[0. 0.]
817,0.8180000000000006,[-0.15789575  1.70631327],[-0.45383669 -1.81994297],[  0.48272772 -52.66389047],[0. 0.]
818,0.8190000000000006,[-0.15834913  1.70444067],[-0.45337616 -1.87259902],[  0.46052372 -52.65604748],[0. 0.]
819,0.8200000000000006,[-0.15880206  1.70251542],[-0.45293849 -1.92524726],[  0.43766974 -52.64824278],[0. 0.]
820,0.8210000000000006,[-0.15925459  1.70053754],[-0.45252433 -1.97788776],[  0.41416577 -52.64049986],[0. 0.]
821,0.8220000000000006,[-0.15970672  1.69850701],[-0.45213432 -2.03052061],[  0.3900118  -52.63284291],[0. 0.]
822,0.8230000000000006,[-0.16015849  1.69642387],[-0.45176911 -2.0831459 ],[  0.36520779 -52.6252968 ],[0. 0.]
823,0.8240000000000006,[-0.16060992  1.6942881 ],[-0.45142936 -2.13576379],[  0.33975373 -52.61788707],[0. 0.]
824,0.8250000000000006,[-0.16106104  1.69209973],[-0.45111571 -2.18837443],[  0.31364957 -52.61063997],[0. 0.]
825,0.8260000000000006,[-0.16151187  1.68985875],[-0.45082881 -2.24097801],[  0.28689527 -52.60358241],[0. 0.]
826,0.8270000000000006,[-0.16196244  1.68756518],[-0.45056932 -2.29357476],[  0.25949078 -52.59674201],[0. 0.]
827,0.8280000000000006,[-0.16241277  1.68521901],[-0.45033788 -2.3461649 ],[  0.23143605 -52.59014707],[0. 0.]
828,0.8290000000000006,[-0.16286291  1.68282026],[-0.45013515 -2.39874873],[  0.202731   -52.58382658],[0. 0.]
829,0.8300000000000006,[-0.16331287  1.68036894],[-0.44996178 -2.45132654],[  0.17337555 -52.57781023],[0. 0.]
830,0.8310000000000006,[-0.16376269  1.67786504],[-0.44981841 -2.50389867],[  0.14336963 -52.57212838],[0. 0.]
831,0.8320000000000006,[-0.16421239  1.67530857],[-0.44970569 -2.55646548],[  0.11271312 -52.56681211],[0. 0.]
832,0.8330000000000006,[-0.16466202  1.67269955],[-0.44962429 -2.60902737],[  0.08140593 -52.56189317],[0. 0.]
833,0.8340000000000006,[-0.16511159  1.67003796],[-0.44957484 -2.66158478],[ 4.94479274e-02 -5.25574040e+01],[0. 0.]
834,0.8350000000000006,[-0.16556115  1.66732382],[-0.449558   -2.71413815],[ 1.68389780e-02 -5.25533778e+01],[0. 0.]
835,0.8360000000000006,[-0.16601073  1.66455714],[-0.44957442 -2.766688  ],[-1.64210663e-02 -5.25498484e+01],[0. 0.]
836,0.8370000000000006,[-0.16646035  1.6617379 ],[-0.44962476 -2.81923485],[-5.03323689e-02 -5.25468503e+01],[0. 0.]
837,0.8380000000000006,[-0.16691006  1.65886612],[-0.44970965 -2.87177927],[ -0.08489511 -52.54441872],[0. 0.]
838,0.8390000000000006,[-0.16735989  1.6559418 ],[-0.44982976 -2.92432186],[ -0.12010948 -52.54258968],[0. 0.]
839,0.8400000000000006,[-0.16780988  1.65296494],[-0.44998574 -2.97686326],[ -0.1559757  -52.54139979],[0. 0.]
840,0.8410000000000006,[-0.16826005  1.64993553],[-0.45017823 -3.02940415],[ -0.19249399 -52.54088637],[0. 0.]
841,0.8420000000000006,[-0.16871046  1.64685359],[-0.45040789 -3.08194524],[ -0.2296646  -52.54108746],[0. 0.]
842,0.8430000000000006,[-0.16916114  1.6437191 ],[-0.45067538 -3.13448728],[ -0.26748781 -52.54204181],[0. 0.]
843,0.8440000000000006,[-0.16961212  1.64053207],[-0.45098135 -3.18703107],[ -0.3059639  -52.54378885],[0. 0.]
844,0.8450000000000006,[-0.17006345  1.63729249],[-0.45132644 -3.23957744],[ -0.34509318 -52.54636873],[0. 0.]
845,0.8460000000000006,[-0.17051516  1.63400036],[-0.45171131 -3.29212726],[ -0.38487599 -52.54982229],[0. 0.]
846,0.8470000000000006,[-0.17096729  1.63065568],[-0.45213663 -3.34468145],[ -0.42531268 -52.55419107],[0. 0.]
847,0.8480000000000006,[-0.1714199   1.62725844],[-0.45260303 -3.39724097],[ -0.46640364 -52.55951734],[0. 0.]
848,0.8490000000000006,[-0.17187301  1.62380863],[-0.45311118 -3.44980681],[ -0.50814927 -52.56584405],[0. 0.]
849,0.8500000000000006,[-0.17232667  1.62030625],[-0.45366173 -3.50238002],[ -0.55055001 -52.57321485],[0. 0.]
850,0.8510000000000006,[-0.17278092  1.61675129],[-0.45425534 -3.5549617 ],[ -0.59360631 -52.58167412],[0. 0.]
851,0.8520000000000006,[-0.17323582  1.61314374],[-0.45489266 -3.60755297],[ -0.63731867 -52.59126693],[0. 0.]
852,0.8530000000000006,[-0.17369139  1.60948358],[-0.45557434 -3.660155  ],[ -0.68168761 -52.60203905],[0. 0.]
853,0.8540000000000006,[-0.17414769  1.60577082],[-0.45630106 -3.71276904],[ -0.72671367 -52.61403697],[0. 0.]
854,0.8550000000000006,[-0.17460477  1.60200542],[-0.45707345 -3.76539635],[ -0.77239743 -52.62730789],[0. 0.]
855,0.8560000000000006,[-0.17506266  1.59818738],[-0.45789219 -3.81803825],[ -0.81873952 -52.64189968],[0. 0.]
856,0.8570000000000007,[-0.17552142  1.59431668],[-0.45875793 -3.87069611],[ -0.86574057 -52.65786096],[0. 0.]
857,0.8580000000000007,[-0.17598109  1.59039331],[-0.45967134 -3.92337135],[ -0.91340126 -52.67524104],[0. 0.]
858,0.8590000000000007,[-0.17644172  1.58641725],[-0.46063306 -3.97606544],[ -0.96172232 -52.69408992],[0. 0.]
859,0.8600000000000007,[-0.17690336  1.58238847],[-0.46164376 -4.0287799 ],[ -1.0107045  -52.71445834],[0. 0.]
860,0.8610000000000007,[-0.17736607  1.57830695],[-0.46270411 -4.0815163 ],[ -1.06034858 -52.73639771],[0. 0.]
861,0.8620000000000007,[-0.17782988  1.57417268],[-0.46381477 -4.13427626],[ -1.1106554  -52.75996017],[0. 0.]
862,0.8630000000000007,[-0.17829486  1.56998561],[-0.46497639 -4.18706146],[ -1.16162581 -52.78519855],[0. 0.]
863,0.8640000000000007,[-0.17876105  1.56574574],[-0.46618965 -4.23987362],[ -1.21326074 -52.81216639],[0. 0.]
864,0.8650000000000007,[-0.1792285   1.56145303],[-0.46745521 -4.29271454],[ -1.26556111 -52.84091793],[0. 0.]
865,0.8660000000000007,[-0.17969728  1.55710744],[-0.46877374 -4.34558605],[ -1.31852794 -52.87150812],[0. 0.]
866,0.8670000000000007,[-0.18016742  1.55270895],[-0.4701459  -4.39849004],[ -1.37216223 -52.9039926 ],[0. 0.]
867,0.8680000000000007,[-0.180639    1.54825752],[-0.47157237 -4.45142847],[ -1.42646507 -52.93842771],[0. 0.]
868,0.8690000000000007,[-0.18111205  1.54375312],[-0.47305381 -4.50440334],[ -1.48143758 -52.9748705 ],[0. 0.]
869,0.8700000000000007,[-0.18158664  1.5391957 ],[-0.47459089 -4.55741672],[ -1.53708091 -53.0133787 ],[0. 0.]
870,0.8710000000000007,[-0.18206283  1.53458523],[-0.47618428 -4.61047073],[ -1.59339626 -53.05401074],[0. 0.]
871,0.8720000000000007,[-0.18254066  1.52992166],[-0.47783467 -4.66356755],[ -1.65038489 -53.09682574],[0. 0.]
872,0.8730000000000007,[-0.1830202   1.52520495],[-0.47954272 -4.71670944],[ -1.70804809 -53.14188351],[0. 0.]
873,0.8740000000000007,[-0.18350151  1.52043505],[-0.4813091  -4.76989868],[ -1.7663872  -53.18924453],[0. 0.]
874,0.8750000000000007,[-0.18398465  1.51561192],[-0.48313451 -4.82313765],[ -1.82540359 -53.23896999],[0. 0.]
875,0.8760000000000007,[-0.18446967  1.51073549],[-0.48501961 -4.87642877],[ -1.8850987  -53.29112173],[0. 0.]
876,0.8770000000000007,[-0.18495663  1.50580571],[-0.48696508 -4.92977454],[ -1.945474   -53.34576228],[0. 0.]
877,0.8780000000000007,[-0.1854456   1.50082254],[-0.48897161 -4.98317749],[ -2.00653101 -53.40295481],[0. 0.]
878,0.8790000000000007,[-0.18593664  1.4957859 ],[-0.49103988 -5.03664025],[ -2.06827128 -53.46276318],[0. 0.]
879,0.8800000000000007,[-0.18642981  1.49069573],[-0.49317058 -5.09016551],[ -2.13069643 -53.5252519 ],[0. 0.]
880,0.8810000000000007,[-0.18692518  1.48555197],[-0.49536439 -5.14375599],[ -2.19380809 -53.5904861 ],[0. 0.]
881,0.8820000000000007,[-0.1874228   1.48035456],[-0.497622   -5.19741452],[ -2.25760796 -53.65853159],[0. 0.]
882,0.8830000000000007,[-0.18792274  1.47510342],[-0.49994409 -5.25114398],[ -2.32209777 -53.72945477],[0. 0.]
883,0.8840000000000007,[-0.18842508  1.46979847],[-0.50233137 -5.3049473 ],[ -2.38727928 -53.80332269],[0. 0.]
884,0.8850000000000007,[-0.18892986  1.46443964],[-0.50478453 -5.3588275 ],[ -2.45315429 -53.880203  ],[0. 0.]
885,0.8860000000000007,[-0.18943716  1.45902685],[-0.50730425 -5.41278767],[ -2.51972465 -53.96016395],[0. 0.]
886,0.8870000000000007,[-0.18994706  1.45356002],[-0.50989124 -5.46683094],[ -2.58699224 -54.04327436],[0. 0.]
887,0.8880000000000007,[-0.1904596   1.44803906],[-0.5125462  -5.52096055],[ -2.65495895 -54.12960363],[0. 0.]
888,0.8890000000000007,[-0.19097487  1.44246388],[-0.51526983 -5.57517977],[ -2.72362672 -54.21922173],[0. 0.]
889,0.8900000000000007,[-0.19149293  1.43683439],[-0.51806283 -5.62949197],[ -2.7929975  -54.31219914],[0. 0.]
890,0.8910000000000007,[-0.19201386  1.43115049],[-0.5209259  -5.68390057],[ -2.86307329 -54.40860688],[0. 0.]
891,0.8920000000000007,[-0.19253772  1.42541208],[-0.52385976 -5.73840909],[ -2.93385608 -54.50851645],[0. 0.]
892,0.8930000000000007,[-0.19306458  1.41961906],[-0.5268651  -5.79302109],[ -3.00534789 -54.61199983],[0. 0.]
893,0.8940000000000007,[-0.19359453  1.41377132],[-0.52994265 -5.84774022],[ -3.07755073 -54.71912946],[0. 0.]
894,0.8950000000000007,[-0.19412762  1.40786875],[-0.53309312 -5.9025702 ],[ -3.15046664 -54.82997819],[0. 0.]
895,0.8960000000000007,[-0.19466394  1.40191123],[-0.53631722 -5.95751482],[ -3.22409764 -54.94461926],[0. 0.]
896,0.8970000000000007,[-0.19520355  1.39589866],[-0.53961566 -6.01257794],[ -3.29844576 -55.06312627],[0. 0.]
897,0.8980000000000007,[-0.19574654  1.38983089],[-0.54298918 -6.06776352],[ -3.37351301 -55.18557317],[0. 0.]
898,0.8990000000000007,[-0.19629298  1.38370782],[-0.54643848 -6.12307555],[ -3.44930138 -55.31203416],[0. 0.]
899,0.9000000000000007,[-0.19684295  1.3775293 ],[-0.54996429 -6.17851813],[ -3.52581282 -55.44258371],[0. 0.]
900,0.9010000000000007,[-0.19739651  1.3712952 ],[-0.55356734 -6.23409543],[ -3.60304927 -55.57729648],[0. 0.]
901,0.9020000000000007,[-0.19795376  1.36500539],[-0.55724835 -6.28981168],[ -3.68101261 -55.71624728],[0. 0.]
902,0.9030000000000007,[-0.19851477  1.35865972],[-0.56100806 -6.34567119],[ -3.75970467 -55.85951103],[0. 0.]
903,0.9040000000000007,[-0.19907962  1.35225804],[-0.56484719 -6.40167835],[ -3.8391272  -56.00716267],[0. 0.]
904,0.9050000000000007,[-0.19964838  1.34580021],[-0.56876647 -6.45783763],[ -3.91928191 -56.15927713],[0. 0.]
905,0.9060000000000007,[-0.20022115  1.33928605],[-0.57276664 -6.51415356],[ -4.00017038 -56.31592924],[0. 0.]
906,0.9070000000000007,[-0.200798    1.33271542],[-0.57684843 -6.57063075],[ -4.08179411 -56.47719369],[0. 0.]
907,0.9080000000000007,[-0.20137901  1.32608815],[-0.58101259 -6.6272739 ],[ -4.16415449 -56.6431449 ],[0. 0.]
908,0.9090000000000007,[-0.20196427  1.31940406],[-0.58525984 -6.68408775],[ -4.24725277 -56.81385697],[0. 0.]
909,0.9100000000000007,[-0.20255386  1.31266298],[-0.58959093 -6.74107716],[ -4.33109006 -56.98940358],[0. 0.]
910,0.9110000000000007,[-0.20314787  1.30586473],[-0.5940066  -6.79824702],[ -4.41566728 -57.1698579 ],[0. 0.]
911,0.9120000000000007,[-0.20374638  1.29900913],[-0.59850758 -6.85560231],[ -4.50098521 -57.35529244],[0. 0.]
912,0.9130000000000007,[-0.20434947  1.29209598],[-0.60309463 -6.91314809],[ -4.58704438 -57.545779  ],[0. 0.]
913,0.9140000000000007,[-0.20495724  1.2851251 ],[-0.60776847 -6.97088948],[ -4.67384514 -57.74138848],[0. 0.]
914,0.9150000000000007,[-0.20556977  1.27809626],[-0.61252986 -7.02883167],[ -4.76138755 -57.94219079],[0. 0.]
915,0.9160000000000007,[-0.20618715  1.27100928],[-0.61737953 -7.08697992],[ -4.84967143 -58.14825469],[0. 0.]
916,0.9170000000000007,[-0.20680947  1.26386394],[-0.62231823 -7.14533957],[ -4.93869627 -58.35964761],[0. 0.]
917,0.9180000000000007,[-0.20743681  1.25666003],[-0.62734669 -7.203916  ],[ -5.02846125 -58.57643552],[0. 0.]
918,0.9190000000000007,[-0.20806928  1.24939731],[-0.63246565 -7.26271469],[ -5.11896519 -58.79868273],[0. 0.]
919,0.9200000000000007,[-0.20870695  1.24207557],[-0.63767586 -7.32174114],[ -5.21020651 -59.02645167],[0. 0.]
920,0.9210000000000007,[-0.20934993  1.23469457],[-0.64297804 -7.38100094],[ -5.3021832  -59.25980273],[0. 0.]
921,0.9220000000000007,[-0.20999831  1.22725407],[-0.64837294 -7.44049974],[ -5.39489279 -59.49879401],[0. 0.]
922,0.9230000000000007,[-0.21065217  1.21975383],[-0.65386127 -7.50024322],[ -5.48833232 -59.74348104],[0. 0.]
923,0.9240000000000007,[-0.21131161  1.21219359],[-0.65944377 -7.56023713],[ -5.58249826 -59.99391658],[0. 0.]
924,0.9250000000000007,[-0.21197673  1.2045731 ],[-0.66512115 -7.62048728],[ -5.67738649 -60.25015032],[0. 0.]
925,0.9260000000000007,[-0.21264763  1.1968921 ],[-0.67089414 -7.68099951],[ -5.77299227 -60.51222856],[0. 0.]
926,0.9270000000000007,[-0.21332439  1.18915032],[-0.67676346 -7.74177971],[ -5.86931015 -60.78019389],[0. 0.]
927,0.9280000000000007,[-0.21400712  1.18134749],[-0.68272979 -7.80283379],[ -5.96633392 -61.05408488],[0. 0.]
928,0.9290000000000007,[-0.21469591  1.17348332],[-0.68879385 -7.86416773],[ -6.0640566  -61.33393568],[0. 0.]
929,0.9300000000000007,[-0.21539087  1.16555754],[-0.69495632 -7.9257875 ],[ -6.1624703 -61.6197756],[0. 0.]
930,0.9310000000000007,[-0.21609209  1.15756984],[-0.70121788 -7.98769913],[ -6.26156622 -61.91162876],[0. 0.]
931,0.9320000000000007,[-0.21679967  1.14951993],[-0.70757922 -8.04990864],[ -6.36133454 -62.20951355],[0. 0.]
932,0.9330000000000007,[-0.21751371  1.14140751],[-0.71404098 -8.11242209],[ -6.46176437 -62.5134422 ],[0. 0.]
933,0.9340000000000007,[-0.21823431  1.13323226],[-0.72060382 -8.17524551],[ -6.56284365 -62.82342024],[0. 0.]
934,0.9350000000000007,[-0.21896158  1.12499388],[-0.72726838 -8.23838495],[ -6.66455907 -63.13944593],[0. 0.]
935,0.9360000000000007,[-0.21969561  1.11669203],[-0.73403528 -8.30184646],[ -6.76689598 -63.46150971],[0. 0.]
936,0.9370000000000007,[-0.22043652  1.10832639],[-0.74090512 -8.36563606],[ -6.86983828 -63.78959349],[0. 0.]
937,0.9380000000000007,[-0.2211844   1.09989663],[-0.74787849 -8.42975973],[ -6.97336836 -64.12367006],[0. 0.]
938,0.9390000000000007,[-0.22193935  1.09140241],[-0.75495595 -8.49422343],[ -7.07746695 -64.46370229],[0. 0.]
939,0.9400000000000007,[-0.22270149  1.08284338],[-0.76213807 -8.55903307],[ -7.182113   -64.80964238],[0. 0.]
940,0.9410000000000007,[-0.22347092  1.07421918],[-0.76942535 -8.6241945 ],[ -7.28728358 -65.16143107],[0. 0.]
941,0.9420000000000007,[-0.22424774  1.06552947],[-0.7768183 -8.6897135],[ -7.39295375 -65.51899671],[0. 0.]
942,0.9430000000000007,[-0.22503205  1.05677387],[-0.7843174  -8.75559575],[ -7.49909641 -65.88225435],[0. 0.]
943,0.9440000000000007,[-0.22582398  1.04795203],[-0.79192308 -8.82184686],[ -7.60568216 -66.25110474],[0. 0.]
944,0.9450000000000007,[-0.22662361  1.03906355],[-0.79963576 -8.88847229],[ -7.71267913 -66.62543327],[0. 0.]
945,0.9460000000000007,[-0.22743107  1.03010808],[-0.80745581 -8.9554774 ],[ -7.82005284 -67.00510883],[0. 0.]
946,0.9470000000000007,[-0.22824645  1.02108521],[-0.81538358 -9.02286738],[ -7.927766   -67.38998264],[0. 0.]
947,0.9480000000000007,[-0.22906987  1.01199456],[-0.82341936 -9.09064727],[ -8.03577835 -67.77988693],[0. 0.]
948,0.9490000000000007,[-0.22990143  1.00283574],[-0.83156341 -9.1588219 ],[ -8.14404645 -68.17463363],[0. 0.]
949,0.9500000000000007,[-0.23074125  0.99360834],[-0.83981593 -9.22739592],[ -8.25252348 -68.57401291],[0. 0.]
950,0.9510000000000007,[-0.23158943  0.98431197],[-0.84817709 -9.29637371],[ -8.36115903 -68.9777917 ],[0. 0.]
951,0.9520000000000007,[-0.23244607  0.97494621],[-0.85664699 -9.36575942],[ -8.46989887 -69.38571203],[0. 0.]
952,0.9530000000000007,[-0.2333113   0.96551065],[-0.86522567 -9.43555691],[ -8.57868468 -69.79748934],[0. 0.]
953,0.9540000000000007,[-0.23418521  0.95600488],[-0.87391312 -9.50576972],[ -8.68745386 -70.21281074],[0. 0.]
954,0.9550000000000007,[-0.23506792  0.94642848],[-0.88270926 -9.57640105],[ -8.79613919 -70.63133302],[0. 0.]
955,0.9560000000000007,[-0.23595954  0.93678103],[-0.89161393 -9.64745373],[ -8.90466861 -71.05268074],[0. 0.]
956,0.9570000000000007,[-0.23686016  0.9270621 ],[-0.9006269  -9.71893018],[ -9.01296492 -71.47644404],[0. 0.]
957,0.9580000000000007,[-0.23776991  0.91727127],[-0.90974784 -9.79083235],[ -9.12094544 -71.90217651],[0. 0.]
958,0.9590000000000007,[-0.23868889  0.9074081 ],[-0.91897636 -9.86316175],[ -9.22852171 -72.32939277],[0. 0.]
959,0.9600000000000007,[-0.2396172   0.89747219],[-0.92831196 -9.93591931],[ -9.33559918 -72.7575661 ],[0. 0.]
960,0.9610000000000007,[-0.24055495  0.88746308],[ -0.93775404 -10.00910544],[ -9.44207683 -73.18612586],[0. 0.]
961,0.9620000000000007,[-0.24150226  0.87738036],[ -0.94730189 -10.08271989],[ -9.5478468  -73.61445482],[0. 0.]
962,0.9630000000000007,[-0.24245921  0.8672236 ],[ -0.95695468 -10.15676178],[ -9.65279407 -74.04188636],[0. 0.]
963,0.9640000000000007,[-0.24342592  0.85699237],[ -0.96671148 -10.23122948],[ -9.75679601 -74.46770157],[0. 0.]
964,0.9650000000000007,[-0.24440249  0.84668625],[ -0.9765712  -10.30612061],[ -9.859722   -74.89112628],[0. 0.]
965,0.9660000000000007,[-0.24538903  0.83630482],[ -0.98653263 -10.38143194],[ -9.96143305 -75.31132788],[0. 0.]
966,0.9670000000000007,[-0.24638562  0.82584766],[ -0.99659441 -10.45715935],[-10.06178131 -75.72741212],[0. 0.]
967,0.9680000000000007,[-0.24739237  0.81531436],[ -1.00675502 -10.53329777],[-10.1606097  -76.13841981],[0. 0.]
968,0.9690000000000007,[-0.24840939  0.80470452],[ -1.01701278 -10.60984109],[-10.25775142 -76.54332338],[0. 0.]
969,0.9700000000000008,[-0.24943675  0.79401774],[ -1.0273658  -10.68678211],[-10.35302951 -76.94102343],[0. 0.]
970,0.9710000000000008,[-0.25047457  0.78325362],[ -1.03781206 -10.76411246],[-10.44625644 -77.33034515],[0. 0.]
971,0.9720000000000008,[-0.25150715  0.77270466],[ -1.03258715 -10.54896461],[  5.22491467 215.14785351],[-0.11777333  0.8462128 ]
972,0.9730000000000008,[-0.2525341   0.76237041],[ -1.02694438 -10.33425277],[  5.6427619  214.71183424],[-0.11793959  0.83646185]
973,0.9740000000000008,[-0.253555    0.75225038],[ -1.02090266 -10.12002918],[  6.04172579 214.22359494],[-0.1181273   0.82671113]
974,0.9750000000000008,[-0.25456948  0.74234403],[-1.01448081 -9.90634897],[  6.42184569 213.68020879],[-0.11833555  0.81696328]
975,0.9760000000000008,[-0.25557718  0.73265076],[-1.00769763 -9.69326988],[  6.78318725 213.07909015],[-0.11856345  0.80722112]
976,0.9770000000000008,[-0.25657775  0.72316991],[-1.00057178 -9.48085189],[  7.1258431  212.41799236],[-0.11881008  0.79748759]
977,0.9780000000000008,[-0.25757087  0.71390075],[-0.99312185 -9.26915688],[  7.44993321 211.69500394],[-0.11907456  0.78776576]
978,0.9790000000000008,[-0.25855624  0.7048425 ],[-0.98536624 -9.05824834],[  7.75560509 210.90854351],[-0.11935597  0.7780588 ]
979,0.9800000000000008,[-0.25953356  0.69599431],[-0.97732321 -8.84819098],[  8.04303366 210.05735313],[-0.11965343  0.76836996]
980,0.9810000000000008,[-0.26050257  0.68735526],[-0.96901079 -8.63905049],[  8.31242094 209.14049037],[-0.11996607  0.75870256]
981,0.9820000000000008,[-0.26146302  0.67892437],[-0.96044679 -8.43089318],[  8.56399547 208.15731904],[-0.120293    0.74905997]
982,0.9830000000000008,[-0.26241467  0.67070058],[-0.95164878 -8.22378568],[  8.7980116  207.10749877],[-0.12063335  0.73944562]
983,0.9840000000000008,[-0.2633573   0.66268279],[-0.94263403 -8.0177947 ],[  9.01474851 205.99097333],[-0.12098628  0.72986293]
984,0.9850000000000008,[-0.26429072  0.6548698 ],[-0.93341953 -7.81298674],[  9.21450911 204.8079581 ],[-0.12135094  0.72031536]
985,0.9860000000000008,[-0.26521474  0.64726037],[-0.92402191 -7.60942782],[  9.39761884 203.55892657],[-0.1217265   0.71080634]
986,0.9870000000000008,[-0.2661292   0.63985319],[-0.91445748 -7.40718322],[  9.56442419 202.24459605],[-0.12211215  0.7013393 ]
987,0.9880000000000008,[-0.26703394  0.63264687],[-0.90474219 -7.20631731],[  9.71529128 200.86591281],[-0.12250709  0.69191765]
988,0.9890000000000008,[-0.26792883  0.62563998],[-0.89489159 -7.00689327],[  9.85060425 199.42403665],[-0.12291053  0.68254473]
989,0.9900000000000008,[-0.26881376  0.618831  ],[-0.88492082 -6.80897295],[  9.97076361 197.92032516],[-0.12332172  0.67322385]
990,0.9910000000000008,[-0.2696886   0.61221839],[-0.87484464 -6.61261663],[ 10.07618451 196.35631768],[-0.12373991  0.66395825]
991,0.9920000000000008,[-0.27055328  0.60580051],[-0.86467734 -6.41788291],[ 10.16729502 194.73371916],[-0.12416437  0.6547511 ]
992,0.9930000000000008,[-0.27140771  0.59957568],[-0.85443281 -6.22482853],[ 10.24453437 193.05438406],[-0.12459439  0.64560549]
993,0.9940000000000008,[-0.27225183  0.59354217],[-0.84412446 -6.03350823],[ 10.30835123 191.3203003 ],[-0.12502929  0.63652444]
994,0.9950000000000008,[-0.2730856   0.58769819],[-0.83376526 -5.84397465],[ 10.35920189 189.53357347],[-0.12546841  0.62751084]
995,0.9960000000000008,[-0.27390897  0.58204192],[-0.82336771 -5.65627824],[ 10.39754864 187.69641142],[-0.1259111   0.61856751]
996,0.9970000000000008,[-0.27472191  0.57657145],[-0.81294385 -5.47046713],[ 10.42385803 185.81110914],[-0.12635673  0.60969716]
997,0.9980000000000008,[-0.27552442  0.57128486],[-0.80250525 -5.2865871 ],[ 10.43859934 183.88003423],[-0.12680472  0.60090239]
998,0.9990000000000008,[-0.27631648  0.56618018],[-0.79206301 -5.10468149],[ 10.44224294 181.90561294],[-0.12725448  0.59218566]
999,1.0000000000000007,[-0.27709811  0.56125539],[-0.78162775 -4.92479117],[ 10.4352589  179.89031674],[-0.12770546  0.58354935]
1000,1.0010000000000006,[-0.27786932  0.55650843],[-0.77120963 -4.74695452],[ 10.41811553 177.83664962],[-0.12815713  0.57499571]
1001,1.0020000000000004,[-0.27863014  0.55193723],[-0.76081835 -4.57120738],[ 10.39127812 175.74713613],[-0.12860897  0.56652685]
1002,1.0030000000000003,[-0.2793806   0.54753964],[-0.75046315 -4.39758307],[ 10.35520766 173.62431012],[-0.12906051  0.55814479]
1003,1.0040000000000002,[-0.28012075  0.54331353],[-0.74015279 -4.22611237],[ 10.31035976 171.47070419],[-0.12951126  0.54985139]
1004,1.0050000000000001,[-0.28085065  0.53925671],[-0.7298956  -4.05682353],[ 10.25718357 169.28884002],[-0.1299608   0.54164841]
1005,1.006,[-0.28157035  0.53536697],[-0.71969948 -3.88974231],[ 10.19612088 167.08121939],[-0.1304087   0.53353748]
1006,1.007,[-0.28227992  0.53164207],[-0.70957188 -3.72489199],[ 10.12760522 164.85031602],[-0.13085456  0.52552011]
1007,1.0079999999999998,[-0.28297944  0.52807978],[-0.69951982 -3.56229342],[ 10.05206115 162.59856813],[-0.131298    0.51759769]
1008,1.0089999999999997,[-0.28366899  0.52467782],[-0.68954991 -3.40196505],[  9.96990353 160.32837179],[-0.13173866  0.50977149]
1009,1.0099999999999996,[-0.28434866  0.52143389],[-0.67966838 -3.24392298],[  9.88153703 158.04207495],[-0.1321762   0.50204265]
1010,1.0109999999999995,[-0.28501854  0.51834571],[-0.66988102 -3.08818101],[  9.78735553 155.74197225],[-0.1326103   0.49441221]
1011,1.0119999999999993,[-0.28567873  0.51541096],[-0.66019328 -2.93475071],[  9.68774179 153.43030038],[-0.13304066  0.48688109]
1012,1.0129999999999992,[-0.28632934  0.51262732],[-0.65061021 -2.78364147],[  9.58306709 151.10923423],[-0.13346701  0.4794501 ]
1013,1.0139999999999991,[-0.28697048  0.50999246],[-0.64113652 -2.63486059],[  9.47369093 148.78088352],[-0.13388907  0.47211994]
1014,1.014999999999999,[-0.28760225  0.50750404],[-0.63177656 -2.4884133 ],[  9.3599609  146.44729008],[-0.1343066   0.46489121]
1015,1.015999999999999,[-0.28822479  0.50515974],[-0.62253435 -2.34430287],[  9.24221248 144.11042565],[-0.13471938  0.4577644 ]
1016,1.0169999999999988,[-0.2888382   0.50295721],[-0.61341358 -2.20253068],[  9.12076903 141.77219014],[-0.13512718  0.45073991]
1017,1.0179999999999987,[-0.28944262  0.50089412],[-0.60441764 -2.06309627],[  8.99594174 139.43441046],[-0.13552982  0.44381805]
1018,1.0189999999999986,[-0.29003817  0.49896812],[-0.59554961 -1.92599743],[  8.86802965 137.09883962],[-0.1359271   0.43699901]
1019,1.0199999999999985,[-0.29062498  0.49717689],[-0.58681229 -1.79123028],[  8.73731976 134.76715638],[-0.13631887  0.43028294]
1020,1.0209999999999984,[-0.29120319  0.4955181 ],[-0.5782082  -1.65878931],[  8.60408713 132.44096514],[-0.13670498  0.42366986]
1021,1.0219999999999982,[-0.29177293  0.49398943],[-0.5697396  -1.52866751],[  8.46859502 130.12179621],[-0.13708527  0.41715974]
1022,1.0229999999999981,[-0.29233434  0.49258857],[-0.56140851 -1.40085641],[  8.3310951  127.81110633],[-0.13745963  0.41075245]
1023,1.023999999999998,[-0.29288755  0.49131323],[-0.55321668 -1.27534613],[  8.19182765 125.5102795 ],[-0.13782793  0.4044478 ]
1024,1.024999999999998,[-0.29343272  0.4901611 ],[-0.54516566 -1.1521255 ],[  8.0510218  123.22062795],[-0.13819009  0.39824553]
1025,1.0259999999999978,[-0.29396998  0.48912992],[-0.53725676 -1.03118211],[  7.90889577 120.9433934 ],[-0.138546    0.39214531]
1026,1.0269999999999977,[-0.29449958  0.48821578],[-0.52960437 -0.91414331],[  7.65239505 117.03879693],[-0.1388956   0.38614675]
1027,1.0279999999999976,[-0.29502167  0.48741646],[-0.52209402 -0.79932093],[  7.51035249 114.82238298],[-0.13923312  0.3803316 ]
1028,1.0289999999999975,[-0.2955364   0.48672976],[-0.51472639 -0.68669928],[  7.36762294 112.62164517],[-0.13956428  0.37461568]
1029,1.0299999999999974,[-0.2960439  0.4861535],[-0.50750202 -0.57626175],[  7.22437882 110.43752733],[-0.13988904  0.36899842]
1030,1.0309999999999973,[-0.29654432  0.4856855 ],[-0.50042123 -0.46799084],[  7.08078339 108.27091272],[-0.14020735  0.36347921]
1031,1.0319999999999971,[-0.29703781  0.48532364],[-0.49348424 -0.36186822],[  6.93699111 106.12262593],[-0.14051918  0.3580574 ]
1032,1.032999999999997,[-0.2975245   0.48506576],[-0.48669109 -0.25787478],[  6.79314791 103.99343473],[-0.14082451  0.35273228]
1033,1.033999999999997,[-0.29800454  0.48490977],[-0.4800417  -0.15599073],[  6.64939152 101.88405204],[-0.14112331  0.3475031 ]
1034,1.0349999999999968,[-0.29847808  0.48485358],[-0.47353585 -0.05619559],[ 6.50585177 99.79513786],[-0.14141559  0.3423691 ]
1035,1.0359999999999967,[-0.29894525  0.48489511],[-0.4671732   0.04153171],[ 6.36265091 97.72730118],[-0.14170133  0.33732945]
1036,1.0369999999999966,[-0.2994062   0.48503232],[-0.46095329  0.13721281],[ 6.21990388 95.68110199],[-0.14198054  0.33238331]
1037,1.0379999999999965,[-0.29986108  0.48526319],[-0.45487558  0.23086987],[ 6.07771866 93.65705316],[-0.14225323  0.32752981]
1038,1.0389999999999964,[-0.30031002  0.48558571],[-0.44893938  0.32252549],[ 5.9361965  91.65562242],[-0.14251941  0.32276802]
1039,1.0399999999999963,[-0.30075316  0.48599792],[-0.44314395  0.41220272],[ 5.79543227 89.67723415],[-0.1427791   0.31809704]
1040,1.0409999999999962,[-0.30119065  0.48649784],[-0.43748843  0.49992499],[ 5.65551469 87.72227133],[-0.14303232  0.31351589]
1041,1.041999999999996,[-0.30162262  0.48708356],[-0.43197191  0.58571607],[ 5.5165266  85.79107733],[-0.14327911  0.30902361]
1042,1.042999999999996,[-0.30204922  0.48775316],[-0.42659336  0.66960003],[ 5.37854528 83.88395765],[-0.14351948  0.3046192 ]
1043,1.0439999999999958,[-0.30247057  0.48850476],[-0.42135172  0.75160121],[ 5.24164262 82.00118173],[-0.1437535   0.30030165]
1044,1.0449999999999957,[-0.30288681  0.4893365 ],[-0.41624583  0.83174419],[ 5.10588547 80.14298455],[-0.14398118  0.29606992]
1045,1.0459999999999956,[-0.30329809  0.49024656],[-0.4112745   0.91005376],[ 4.97133576 78.30956835],[-0.14420257  0.29192298]
1046,1.0469999999999955,[-0.30370453  0.49123311],[-0.40643645  0.98655487],[ 4.83805084 76.50110418],[-0.14441773  0.28785977]
1047,1.0479999999999954,[-0.30410626  0.49229439],[-0.40173036  1.0612726 ],[ 4.70608362 74.71773342],[-0.1446267   0.28387923]
1048,1.0489999999999953,[-0.30450341  0.49342862],[-0.39715488  1.13423217],[ 4.57548285 72.95956933],[-0.14482954  0.27998027]
1049,1.0499999999999952,[-0.30489612  0.49463408],[-0.39270859  1.20545887],[ 4.44629326 71.2266984 ],[-0.14502629  0.27616181]
1050,1.050999999999995,[-0.30528451  0.49590905],[-0.38839003  1.27497805],[ 4.3185558  69.51918182],[-0.14521702  0.27242276]
1051,1.051999999999995,[-0.30566871  0.49725187],[-0.38419772  1.34281511],[ 4.19230782 67.83705675],[-0.14540179  0.26876203]
1052,1.0529999999999948,[-0.30604884  0.49866087],[-0.38013014  1.40899544],[ 4.06758323 66.1803376 ],[-0.14558066  0.26517851]
1053,1.0539999999999947,[-0.30642502  0.50013441],[-0.37618573  1.47354446],[ 3.94441271 64.54901732],[-0.14575369  0.26167109]
1054,1.0549999999999946,[-0.30679739  0.5016709 ],[-0.3723629   1.53648753],[ 3.82282384 62.94306852],[-0.14592095  0.25823868]
1055,1.0559999999999945,[-0.30716605  0.50326875],[-0.36866006  1.59784997],[ 3.70284127 61.36244462],[-0.14608251  0.25488016]
1056,1.0569999999999944,[-0.30753112  0.5049264 ],[-0.36507557  1.65765706],[ 3.58448688 59.80708096],[-0.14623843  0.25159443]
1057,1.0579999999999943,[-0.30789273  0.50664234],[-0.36160779  1.71593395],[ 3.46777989 58.2768958 ],[-0.14638878  0.24838037]
1058,1.0589999999999942,[-0.30825098  0.50841504],[-0.35825506  1.77270574],[ 3.35273707 56.77179135],[-0.14653363  0.24523689]
1059,1.059999999999994,[-0.308606    0.51024304],[-0.35501568  1.8279974 ],[ 3.23937277 55.29165472],[-0.14667307  0.24216287]
1060,1.060999999999994,[-0.30895789  0.51212487],[-0.35188799  1.88183376],[ 3.12769913 53.83635882],[-0.14680714  0.23915722]
1061,1.0619999999999938,[-0.30930676  0.51405911],[-0.34887026  1.93423952],[ 3.01772616 52.40576323],[-0.14693594  0.23621885]
1062,1.0629999999999937,[-0.30965272  0.51604435],[-0.3459608   1.98523923],[ 2.90946186 50.99971505],[-0.14705954  0.23334665]
1063,1.0639999999999936,[-0.30999588  0.51807921],[-0.34315789  2.03485728],[ 2.80291233 49.6180497 ],[-0.147178    0.23053955]
1064,1.0649999999999935,[-0.31033634  0.52016233],[-0.3404598   2.08311788],[ 2.69808187 48.26059166],[-0.14729142  0.22779645]
1065,1.0659999999999934,[-0.3106742   0.52229237],[-0.33786483  2.13004503],[ 2.59497306 46.92715522],[-0.14739985  0.2251163 ]
1066,1.0669999999999933,[-0.31100957  0.52446804],[-0.33537124  2.17566258],[ 2.49358692 45.61754516],[-0.14750337  0.22249801]
1067,1.0679999999999932,[-0.31134255  0.52668803],[-0.33297732  2.21999413],[ 2.3939229  44.33155745],[-0.14760207  0.21994054]
1068,1.068999999999993,[-0.31167323  0.52895109],[-0.33068134  2.26306311],[ 2.29597906 43.06897981],[-0.14769602  0.21744282]
1069,1.069999999999993,[-0.31200171  0.53125599],[-0.32848159  2.30489271],[ 2.19975209 41.82959241],[-0.14778529  0.21500381]
1070,1.0709999999999928,[-0.31232809  0.53360149],[-0.32637635  2.34550587],[ 2.1052374  40.61316837],[-0.14786997  0.21262249]
1071,1.0719999999999927,[-0.31265245  0.53598642],[-0.32436392  2.38492535],[ 2.01242922 39.41947437],[-0.14795012  0.21029781]
1072,1.0729999999999926,[-0.3129749   0.53840959],[-0.3224426   2.42317362],[ 1.92132062 38.24827112],[-0.14802582  0.20802876]
1073,1.0739999999999925,[-0.31329551  0.54086986],[-0.3206107   2.46027293],[ 1.83190365 37.09931393],[-0.14809715  0.20581435]
1074,1.0749999999999924,[-0.31361437  0.54336611],[-0.31886653  2.49624529],[ 1.74416933 35.97235313],[-0.14816419  0.20365356]
1075,1.0759999999999923,[-0.31393158  0.54589722],[-0.31720842  2.53111242],[ 1.65810775 34.86713457],[-0.14822701  0.20154541]
1076,1.0769999999999922,[-0.31424722  0.54846212],[-0.31563471  2.56489582],[ 1.57370813 33.78340004],[-0.14828568  0.19948893]
1077,1.077999999999992,[-0.31456136  0.55105973],[-0.31414375  2.59761671],[ 1.49095885 32.72088769],[-0.14834028  0.19748315]
1078,1.078999999999992,[-0.31487409  0.55368903],[-0.31273391  2.62929604],[ 1.40984755 31.67933242],[-0.14839089  0.19552711]
1079,1.0799999999999919,[-0.3151855   0.55634898],[-0.31140355  2.65995451],[ 1.33036113 30.65846628],[-0.14843757  0.19361987]
1080,1.0809999999999917,[-0.31549565  0.5590386 ],[-0.31015106  2.68961253],[ 1.25248582 29.6580188 ],[-0.1484804  0.1917605]
1081,1.0819999999999916,[-0.31580462  0.56175689],[-0.30897485  2.71829024],[ 1.17620723 28.6777174 ],[-0.14851946  0.18994808]
1082,1.0829999999999915,[-0.3161125  0.5645029],[-0.30787334  2.74600753],[ 1.1015104  27.71728762],[-0.14855481  0.1881817 ]
1083,1.0839999999999914,[-0.31641934  0.56727568],[-0.30684496  2.77278399],[ 1.02837984 26.77645354],[-0.14858653  0.18646046]
1084,1.0849999999999913,[-0.31672523  0.57007432],[-0.30588816  2.79863892],[ 0.95679953 25.85493799],[-0.14861469  0.18478348]
1085,1.0859999999999912,[-0.31703023  0.57289791],[-0.30500141  2.82359139],[ 0.88675303 24.9524629 ],[-0.14863936  0.18314987]
1086,1.086999999999991,[-0.31733441  0.57574557],[-0.30418319  2.84766014],[ 0.81822347 24.06874953],[-0.14866061  0.18155879]
1087,1.087999999999991,[-0.31763785  0.57861643],[-0.30343199  2.87086365],[ 0.75119359 23.20351875],[-0.1486785   0.18000938]
1088,1.0889999999999909,[-0.31794059  0.58150965],[-0.30274635  2.89322015],[ 0.68564578 22.35649126],[-0.14869311  0.1785008 ]
1089,1.0899999999999908,[-0.31824272  0.5844244 ],[-0.30212479  2.91474753],[ 0.62156213 21.52738787],[-0.14870451  0.17703222]
1090,1.0909999999999906,[-0.31854428  0.58735986],[-0.30156586  2.93546346],[ 0.55892442 20.71592968],[-0.14871275  0.17560285]
1091,1.0919999999999905,[-0.31884535  0.59031525],[-0.30106815  2.9553853 ],[ 0.49771419 19.92183828],[-0.14871791  0.17421186]
1092,1.0929999999999904,[-0.31914598  0.59328978],[-0.30063023  2.97453014],[ 0.43791275 19.14483599],[-0.14872005  0.17285848]
1093,1.0939999999999903,[-0.31944623  0.59628269],[-0.30025073  2.99291478],[ 0.3795012  18.38464604],[-0.14871924  0.17154193]
1094,1.0949999999999902,[-0.31974616  0.59929325],[-0.29992827  3.01055578],[ 0.32246047 17.64099272],[-0.14871553  0.17026143]
1095,1.09599999999999,[-0.32004582  0.60232072],[-0.2996615   3.02746938],[ 0.26677134 16.91360158],[-0.148709    0.16901625]
1096,1.09699999999999,[-0.32034527  0.60536439],[-0.29944909  3.04367158],[ 0.21241447 16.20219955],[-0.1486997   0.16780564]
1097,1.0979999999999899,[-0.32064456  0.60842357],[-0.29928972  3.05917809],[ 0.1593704  15.50651515],[-0.1486877   0.16662888]
1098,1.0989999999999898,[-0.32094374  0.61149757],[-0.2991821   3.07400437],[ 0.10761961 14.82627859],[-0.14867306  0.16548523]
1099,1.0999999999999897,[-0.32124287  0.61458574],[-0.29912495  3.08816559],[ 0.0571425  14.16122189],[-0.14865583  0.16437401]
1100,1.1009999999999895,[-0.32154198  0.61768742],[-0.29911703  3.10167667],[7.91941786e-03 1.35110791e+01],[-0.14863607  0.16329452]
1101,1.1019999999999894,[-0.32184114  0.62080197],[-0.2991571   3.11455226],[-0.04006929 12.87558616],[-0.14861384  0.16224608]
1102,1.1029999999999893,[-0.32214039  0.62392878],[-0.29924395  3.12680674],[-0.08684329 12.25448145],[-0.14858921  0.16122801]
1103,1.1039999999999892,[-0.32243976  0.62706723],[-0.29937637  3.13845425],[-0.13242224 11.64750546],[-0.14856222  0.16023967]
1104,1.104999999999989,[-0.32273932  0.63021674],[-0.29955319  3.14950865],[-0.17682579 11.05440112],[-0.14853293  0.1592804 ]
1105,1.105999999999989,[-0.32303909  0.63337672],[-0.29977327  3.15998356],[-0.22007352 10.47491383],[-0.14850139  0.15834958]
1106,1.1069999999999889,[-0.32333912  0.63654661],[-0.30003545  3.16989235],[-0.26218498  9.90879154],[-0.14846766  0.15744657]
1107,1.1079999999999888,[-0.32363946  0.63972586],[-0.30033863  3.17924814],[-0.30317962  9.35578483],[-0.14843179  0.15657078]
1108,1.1089999999999887,[-0.32394014  0.64291393],[-0.30068171  3.18806378],[-0.34307685  8.81564698],[-0.14839383  0.15572159]
1109,1.1099999999999886,[-0.32424121  0.64611028],[-0.30106361  3.19635192],[-0.38189595  8.28813405],[-0.14835384  0.15489842]
1110,1.1109999999999884,[-0.32454269  0.6493144 ],[-0.30148326  3.20412492],[-0.41965611  7.77300489],[-0.14831186  0.15410068]
1111,1.1119999999999883,[-0.32484463  0.6525258 ],[-0.30193964  3.21139494],[-0.45637641  7.27002127],[-0.14826794  0.15332782]
1112,1.1129999999999882,[-0.32514706  0.65574397],[-0.30243171  3.21817389],[-0.4920758   6.77894786],[-0.14822213  0.15257928]
1113,1.113999999999988,[-0.32545002  0.65896844],[-0.30295849  3.22447344],[-0.52677308  6.2995523 ],[-0.14817448  0.1518545 ]
1114,1.114999999999988,[-0.32575354  0.66219875],[-0.30351897  3.23030505],[-0.56048693  5.83160524],[-0.14812503  0.15115296]
1115,1.115999999999988,[-0.32605765  0.66543443],[-0.30411221  3.23567993],[-0.59323587  5.37488038],[-0.14807383  0.15047412]
1116,1.1169999999999878,[-0.32636239  0.66867504],[-0.30473725  3.24060908],[-0.62503824  4.92915448],[-0.14802093  0.14981747]
1117,1.1179999999999877,[-0.32666778  0.67192014],[-0.30539316  3.24510329],[-0.65591223  4.4942074 ],[-0.14796637  0.14918251]
1118,1.1189999999999876,[-0.32697386  0.67516932],[-0.30607904  3.24917311],[-0.68587586  4.06982213],[-0.14791019  0.14856875]
1119,1.1199999999999875,[-0.32728066  0.67842214],[-0.30679398  3.2528289 ],[-0.71494697  3.65578478],[-0.14785244  0.14797568]
1120,1.1209999999999873,[-0.32758819  0.68167823],[-0.30753713  3.25608078],[-0.74314319  3.2518846 ],[-0.14779315  0.14740285]
1121,1.1219999999999872,[-0.3278965   0.68493716],[-0.30830761  3.2589387 ],[-0.77048199  2.85791404],[-0.14773237  0.14684978]
1122,1.1229999999999871,[-0.32820561  0.68819858],[-0.30910459  3.26141237],[-0.79698063  2.47366867],[-0.14767014  0.14631602]
1123,1.123999999999987,[-0.32851553  0.69146209],[-0.30992725  3.26351131],[-0.82265616  2.09894725],[-0.14760649  0.14580111]
1124,1.124999999999987,[-0.32882631  0.69472733],[-0.31077477  3.26524486],[-0.84752544  1.73355173],[-0.14754148  0.14530462]
1125,1.1259999999999868,[-0.32913795  0.69799395],[-0.31164638  3.26662215],[-0.87160512  1.3772872 ],[-0.14747512  0.14482613]
1126,1.1269999999999867,[-0.32945049  0.70126161],[-0.31254129  3.26765211],[-0.89491163  1.02996193],[-0.14740747  0.1443652 ]
1127,1.1279999999999866,[-0.32976395  0.70452995],[-0.31345875  3.2683435 ],[-0.91746119  0.69138735],[-0.14733855  0.14392143]
1128,1.1289999999999865,[-0.33007835  0.70779866],[-0.31439802  3.26870488],[-0.9392698   0.36137803],[-0.14726841  0.14349441]
1129,1.1299999999999863,[-0.33039371  0.7110674 ],[-0.31535837  3.26874463],[-0.96035326  0.03975167],[-0.14719707  0.14308375]
1130,1.1309999999999862,[-0.33071005  0.71433587],[-0.3163391   3.26847096],[-0.98072712 -0.27367089],[-0.14712458  0.14268906]
1131,1.1319999999999861,[-0.33102739  0.71760376],[-0.31733951  3.26789189],[-1.00040672 -0.57906573],[-0.14705096  0.14230996]
1132,1.132999999999986,[-0.33134575  0.72087078],[-0.31835891  3.26701529],[-1.01940719 -0.87660581],[-0.14697625  0.14194608]
1133,1.133999999999986,[-0.33166514  0.72413663],[-0.31939666  3.26584883],[-1.03774342 -1.16646107],[-0.14690048  0.14159707]
1134,1.1349999999999858,[-0.3319856   0.72740103],[-0.32045209  3.26440003],[-1.05543007 -1.44879836],[-0.14682368  0.14126255]
1135,1.1359999999999857,[-0.33230712  0.7306637 ],[-0.32152457  3.26267625],[-1.07248158 -1.72378153],[-0.14674588  0.14094219]
1136,1.1369999999999856,[-0.33262973  0.73392439],[-0.32261348  3.26068468],[-1.08891218 -1.99157145],[-0.14666712  0.14063565]
1137,1.1379999999999855,[-0.33295345  0.73718282],[-0.32371822  3.25843235],[-1.10473585 -2.25232599],[-0.14658741  0.14034259]
1138,1.1389999999999854,[-0.33327829  0.74043875],[-0.32483818  3.25592615],[-1.11996634 -2.50620009],[-0.1465068   0.14006268]
1139,1.1399999999999852,[-0.33360426  0.74369192],[-0.3259728  3.2531728],[-1.13461721 -2.75334578],[-0.1464253   0.13979562]
1140,1.1409999999999851,[-0.33393138  0.7469421 ],[-0.3271215   3.25017889],[-1.14870175 -2.99391222],[-0.14634295  0.13954108]
1141,1.141999999999985,[-0.33425967  0.75018905],[-0.32828373  3.24695085],[-1.16223306 -3.22804569],[-0.14625978  0.13929876]
1142,1.142999999999985,[-0.33458913  0.75343254],[-0.32945896  3.24349496],[-1.175224   -3.45588966],[-0.1461758   0.13906837]
1143,1.1439999999999848,[-0.33491977  0.75667236],[-0.33064665  3.23981737],[-1.1876872  -3.67758484],[-0.14609105  0.13884961]
1144,1.1449999999999847,[-0.33525162  0.75990829],[-0.33184628  3.2359241 ],[-1.1996351  -3.89326914],[-0.14600554  0.13864219]
1145,1.1459999999999846,[-0.33558468  0.76314011],[-0.33305736  3.23182102],[-1.21107988 -4.10307778],[-0.14591932  0.13844585]
1146,1.1469999999999845,[-0.33591896  0.76636762],[-0.33427939  3.22751388],[-1.22203352 -4.30714329],[-0.14583239  0.13826029]
1147,1.1479999999999844,[-0.33625447  0.76959063],[-0.3355119   3.22300829],[-1.23250779 -4.50559556],[-0.14574478  0.13808527]
1148,1.1489999999999843,[-0.33659122  0.77280894],[-0.33675442  3.21830972],[-1.24251424 -4.69856185],[-0.14565652  0.13792052]
1149,1.1499999999999841,[-0.33692923  0.77602236],[-0.33800648  3.21342356],[-1.2520642  -4.88616684],[-0.14556762  0.13776577]
1150,1.150999999999984,[-0.3372685   0.77923072],[-0.33926765  3.20835502],[-1.26116879 -5.06853269],[-0.14547811  0.13762079]
1151,1.151999999999984,[-0.33760904  0.78243383],[-0.34053749  3.20310925],[-1.26983892 -5.24577904],[-0.14538802  0.13748533]
1152,1.1529999999999838,[-0.33795085  0.78563152],[-0.34181557  3.19769122],[-1.2780853  -5.41802308],[-0.14529735  0.13735916]
1153,1.1539999999999837,[-0.33829395  0.78882362],[-0.34310149  3.19210584],[-1.28591842 -5.58537955],[-0.14520614  0.13724203]
1154,1.1549999999999836,[-0.33863835  0.79200998],[-0.34439484  3.18635788],[-1.29334859 -5.74796082],[-0.1451144   0.13713372]
1155,1.1559999999999835,[-0.33898404  0.79519043],[-0.34569523  3.18045201],[-1.3003859 -5.9058769],[-0.14502215  0.13703401]
1156,1.1569999999999834,[-0.33933104  0.79836483],[-0.34700227  3.17439277],[-1.30704024 -6.05923547],[-0.14492941  0.13694268]
1157,1.1579999999999833,[-0.33967936  0.80153301],[-0.34831559  3.16818463],[-1.31332132 -6.20814194],[-0.1448362   0.13685952]
1158,1.1589999999999832,[-0.340029    0.80469484],[-0.34963483  3.16183193],[-1.31923864 -6.35269951],[-0.14474253  0.13678432]
1159,1.159999999999983,[-0.34037995  0.80785018],[-0.35095963  3.15533892],[-1.32480151 -6.49300913],[-0.14464843  0.13671688]
1160,1.160999999999983,[-0.34073224  0.81099889],[-0.35228965  3.14870975],[-1.33001907 -6.62916961],[-0.14455391  0.136657  ]
1161,1.1619999999999828,[-0.34108587  0.81414084],[-0.35362455  3.14194847],[-1.33490025 -6.76127764],[-0.14445899  0.13660448]
1162,1.1629999999999827,[-0.34144083  0.8172759 ],[-0.354964    3.13505904],[-1.33945381 -6.88942781],[-0.14436368  0.13655915]
1163,1.1639999999999826,[-0.34179714  0.82040394],[-0.35630769  3.12804533],[-1.34368833 -7.01371265],[-0.144268   0.1365208]
1164,1.1649999999999825,[-0.3421548   0.82352485],[-0.3576553   3.12091111],[-1.3476122  -7.13422269],[-0.14417197  0.13648926]
1165,1.1659999999999824,[-0.3425138   0.82663851],[-0.35900654  3.11366006],[-1.35123365 -7.25104648],[-0.1440756   0.13646436]
1166,1.1669999999999823,[-0.34287416  0.82974481],[-0.3603611   3.10629579],[-1.35456072 -7.3642706 ],[-0.14397891  0.13644592]
1167,1.1679999999999822,[-0.34323588  0.83284363],[-0.3617187   3.09882181],[-1.3576013  -7.47397977],[-0.1438819   0.13643378]
1168,1.168999999999982,[-0.34359896  0.83593487],[-0.36307906  3.09124155],[-1.36036309 -7.5802568 ],[-0.1437846   0.13642776]
1169,1.169999999999982,[-0.3439634   0.83901843],[-0.36444191  3.08355837],[-1.36285364 -7.68318269],[-0.14368702  0.13642771]
1170,1.1709999999999818,[-0.34432921  0.84209421],[-0.36580699  3.07577554],[-1.36508033 -7.78283663],[-0.14358916  0.13643347]
1171,1.1719999999999817,[-0.34469638  0.8451621 ],[-0.36717404  3.06789624],[-1.36705039 -7.87929604],[-0.14349105  0.13644488]
1172,1.1729999999999816,[-0.34506493  0.84822203],[-0.36854282  3.0599236 ],[-1.36877089 -7.97263661],[-0.1433927   0.13646181]
1173,1.1739999999999815,[-0.34543484  0.85127389],[-0.36991306  3.05186067],[-1.37024873 -8.06293235],[-0.14329412  0.13648409]
1174,1.1749999999999814,[-0.34580612  0.8543176 ],[-0.37128455  3.04371041],[-1.37149068 -8.1502556 ],[-0.14319531  0.13651159]
1175,1.1759999999999813,[-0.34617878  0.85735307],[-0.37265706  3.03547574],[-1.37250334 -8.23467706],[-0.1430963   0.13654416]
1176,1.1769999999999812,[-0.34655281  0.86038023],[-0.37403035  3.02715947],[-1.3732932  -8.31626583],[-0.1429971   0.13658168]
1177,1.177999999999981,[-0.34692822  0.863399  ],[-0.37540422  3.01876438],[-1.37386656 -8.39508948],[-0.14289771  0.136624  ]
1178,1.178999999999981,[-0.34730499  0.86640929],[-0.37677845  3.01029317],[-1.37422961 -8.471214  ],[-0.14279814  0.136671  ]
1179,1.1799999999999808,[-0.34768315  0.86941104],[-0.37815284  3.00174846],[-1.37438838 -8.54470393],[-0.14269841  0.13672255]
1180,1.1809999999999807,[-0.34806267  0.87240417],[-0.37952718  2.99313284],[-1.37434879 -8.61562229],[-0.14259853  0.13677853]
1181,1.1819999999999806,[-0.34844358  0.87538862],[-0.3809013   2.98444881],[-1.37411661 -8.6840307 ],[-0.1424985  0.1368388]
1182,1.1829999999999805,[-0.34882585  0.87836432],[-0.382275    2.97569882],[-1.37369748 -8.74998936],[-0.14239834  0.13690327]
1183,1.1839999999999804,[-0.3492095   0.88133121],[-0.3836481   2.96688527],[-1.37309691 -8.81355707],[-0.14229805  0.1369718 ]
1184,1.1849999999999803,[-0.34959452  0.88428922],[-0.38502042  2.95801047],[-1.37232028 -8.87479132],[-0.14219765  0.13704429]
1185,1.1859999999999802,[-0.34998091  0.88723829],[-0.38639179  2.94907673],[-1.37137286 -8.93374824],[-0.14209714  0.13712062]
1186,1.18699999999998,[-0.35036867  0.89017838],[-0.38776205  2.94008624],[-1.37025979 -8.9904827 ],[-0.14199654  0.13720069]
1187,1.18799999999998,[-0.3507578   0.89310942],[-0.38913103  2.93104119],[-1.3689861  -9.04504828],[-0.14189584  0.1372844 ]
1188,1.1889999999999799,[-0.3511483   0.89603136],[-0.39049859  2.9219437 ],[-1.36755668 -9.09749734],[-0.14179507  0.13737163]
1189,1.1899999999999797,[-0.35154017  0.89894416],[-0.39186457  2.91279582],[-1.36597634 -9.14788102],[-0.14169421  0.13746229]
1190,1.1909999999999796,[-0.3519334   0.90184776],[-0.39322882  2.90359957],[-1.36424974 -9.19624927],[-0.1415933   0.13755628]
1191,1.1919999999999795,[-0.35232799  0.90474212],[-0.3945912   2.89435692],[-1.36238146 -9.24265091],[-0.14149232  0.13765351]
1192,1.1929999999999794,[-0.35272394  0.90762719],[-0.39595157  2.88506978],[-1.36037597 -9.28713359],[-0.1413913   0.13775387]
1193,1.1939999999999793,[-0.35312125  0.91050293],[-0.39730981  2.87574004],[-1.35823761 -9.32974389],[-0.14129023  0.13785729]
1194,1.1949999999999792,[-0.35351991  0.9133693 ],[-0.39866578  2.86636951],[-1.35597064 -9.37052727],[-0.14118912  0.13796367]
1195,1.195999999999979,[-0.35391993  0.91622626],[-0.40001936  2.85695998],[-1.35357921 -9.40952816],[-0.14108798  0.13807292]
1196,1.196999999999979,[-0.3543213   0.91907377],[-0.40137043  2.84751319],[-1.35106738 -9.44678995],[-0.14098682  0.13818496]
1197,1.1979999999999789,[-0.35472402  0.9219118 ],[-0.40271887  2.83803084],[-1.34843911 -9.482355  ],[-0.14088564  0.1382997 ]
1198,1.1989999999999787,[-0.35512809  0.92474031],[-0.40406457  2.82851457],[-1.34569825 -9.51626471],[-0.14078445  0.13841706]
1199,1.1999999999999786,[-0.3555335   0.92755928],[-0.40540742  2.81896601],[-1.34284857 -9.54855948],[-0.14068325  0.13853697]
1200,1.2009999999999785,[-0.35594024  0.93036867],[-0.40674731  2.80938674],[-1.33989375 -9.5792788 ],[-0.14058205  0.13865935]
1201,1.2019999999999784,[-0.35634833  0.93316845],[-0.40808415  2.79977827],[-1.33683739 -9.60846121],[-0.14048086  0.13878412]
1202,1.2029999999999783,[-0.35675774  0.93595859],[-0.40941783  2.79014213],[-1.33368297 -9.63614437],[-0.14037968  0.1389112 ]
1203,1.2039999999999782,[-0.35716849  0.93873907],[-0.41074826  2.78047976],[-1.33043392 -9.66236503],[-0.14027851  0.13904053]
1204,1.204999999999978,[-0.35758057  0.94150986],[-0.41207536  2.77079261],[-1.32709357 -9.68715911],[-0.14017736  0.13917204]
1205,1.205999999999978,[-0.35799397  0.94427094],[-0.41339902  2.76108204],[-1.32366517 -9.71056168],[-0.14007625  0.13930565]
1206,1.2069999999999779,[-0.35840869  0.94702229],[-0.41471917  2.75134944],[-1.32015189 -9.73260696],[-0.13997516  0.13944129]
1207,1.2079999999999778,[-0.35882472  0.94976389],[-0.41603573  2.74159611],[-1.31655683 -9.7533284 ],[-0.1398741   0.13957892]
1208,1.2089999999999776,[-0.35924207  0.95249571],[-0.41734861  2.73182335],[-1.31288299 -9.77275867],[-0.13977309  0.13971845]
1209,1.2099999999999775,[-0.35966073  0.95521774],[-0.41865775  2.72203242],[-1.30913333 -9.79092963],[-0.13967212  0.13985982]
1210,1.2109999999999774,[-0.36008069  0.95792997],[-0.41996306  2.71222455],[-1.30531072 -9.80787244],[-0.1395712   0.14000298]
1211,1.2119999999999773,[-0.36050196  0.96063237],[-0.42126448  2.70240093],[-1.30141794 -9.82361751],[-0.13947033  0.14014787]
1212,1.2129999999999772,[-0.36092452  0.96332493],[-0.42256193  2.69256274],[-1.29745773 -9.83819453],[-0.13936952  0.14029442]
1213,1.213999999999977,[-0.36134837  0.96600764],[-0.42385537  2.6827111 ],[-1.29343274 -9.85163249],[-0.13926877  0.14044259]
1214,1.214999999999977,[-0.36177352  0.96868049],[-0.42514471  2.67284714],[-1.28934557 -9.86395972],[-0.13916808  0.14059231]
1215,1.2159999999999769,[-0.36219995  0.97134346],[-0.42642991  2.66297194],[-1.28519874 -9.87520386],[-0.13906745  0.14074353]
1216,1.2169999999999768,[-0.36262766  0.97399655],[-0.42771091  2.65308655],[-1.28099472 -9.88539192],[-0.1389669  0.1408962]
1217,1.2179999999999767,[-0.36305665  0.97663974],[-0.42898764  2.643192  ],[-1.27673591 -9.89455027],[-0.13886642  0.14105026]
1218,1.2189999999999765,[-0.36348691  0.97927303],[-0.43026007  2.63328929],[-1.27242464 -9.90270466],[-0.13876602  0.14120567]
1219,1.2199999999999764,[-0.36391843  0.98189641],[-0.43152813  2.62337941],[-1.2680632  -9.90988023],[-0.1386657   0.14136237]
1220,1.2209999999999763,[-0.36435123  0.98450987],[-0.43279178  2.61346331],[-1.26365381 -9.91610153],[-0.13856546  0.14152033]
1221,1.2219999999999762,[-0.36478528  0.98711341],[-0.43405098  2.60354192],[-1.25919862 -9.92139255],[-0.13846531  0.14167948]
1222,1.222999999999976,[-0.36522058  0.98970703],[-0.43530568  2.59361614],[-1.25469975 -9.9257767 ],[-0.13836524  0.14183979]
1223,1.223999999999976,[-0.36565714  0.99229072],[-0.43655584  2.58368687],[-1.25015926 -9.92927685],[-0.13826527  0.14200121]
1224,1.2249999999999759,[-0.36609494  0.99486447],[-0.43780142  2.57375495],[-1.24557913 -9.93191532],[-0.13816539  0.14216369]
1225,1.2259999999999758,[-0.36653398  0.99742829],[-0.43904238  2.56382124],[-1.24096133 -9.93371393],[-0.1380656  0.1423272]
1226,1.2269999999999757,[-0.36697426  0.99998218],[-0.44027869  2.55388654],[-1.23630775 -9.93469396],[-0.13796592  0.14249169]
1227,1.2279999999999756,[-0.36741577  1.00252613],[-0.44151031  2.54395167],[-1.23162024 -9.93487622],[-0.13786633  0.14265712]
1228,1.2289999999999754,[-0.36785851  1.00506015],[-0.44273721  2.53401738],[-1.22690059 -9.93428101],[-0.13776685  0.14282345]
1229,1.2299999999999753,[-0.36830247  1.00758423],[-0.44395936  2.52408446],[-1.22215056 -9.93292817],[-0.13766747  0.14299064]
1230,1.2309999999999752,[-0.36874765  1.01009839],[-0.44517673  2.51415362],[-1.21737185 -9.93083707],[-0.1375682   0.14315866]
1231,1.2319999999999751,[-0.36919403  1.01260261],[-0.4463893   2.50422559],[-1.21256613 -9.92802662],[-0.13746904  0.14332747]
1232,1.232999999999975,[-0.36964163  1.01509691],[-0.44759703  2.49430108],[-1.20773502 -9.92451529],[-0.13736998  0.14349702]
1233,1.233999999999975,[-0.37009043  1.01758129],[-0.44879991  2.48438076],[-1.20288007 -9.92032114],[-0.13727105  0.14366729]
1234,1.2349999999999748,[-0.37054043  1.02005576],[-0.44999792  2.47446529],[-1.19800284 -9.91546178],[-0.13717222  0.14383825]
1235,1.2359999999999747,[-0.37099162  1.02252031],[-0.45119102  2.46455534],[-1.1931048  -9.90995442],[-0.13707351  0.14400985]
1236,1.2369999999999746,[-0.371444    1.02497497],[-0.45237921  2.45465152],[-1.1881874  -9.90381588],[-0.13697492  0.14418206]
1237,1.2379999999999745,[-0.37189756  1.02741972],[-0.45356246  2.44475446],[-1.18325206 -9.89706255],[-0.13687644  0.14435486]
1238,1.2389999999999743,[-0.3723523   1.02985459],[-0.45474076  2.43486475],[-1.17830015 -9.88971049],[-0.13677809  0.14452821]
1239,1.2399999999999742,[-0.37280822  1.03227957],[-0.45591409  2.42498298],[-1.173333   -9.88177535],[-0.13667985  0.14470207]
1240,1.2409999999999741,[-0.3732653   1.03469468],[-0.45708245  2.4151097 ],[-1.16835192 -9.87327242],[-0.13658174  0.14487643]
1241,1.241999999999974,[-0.37372355  1.03709992],[-0.4582458   2.40524549],[-1.16335815 -9.86421665],[-0.13648376  0.14505125]
1242,1.242999999999974,[-0.37418295  1.03949531],[-0.45940416  2.39539086],[-1.15835293 -9.85462263],[-0.13638589  0.14522651]
1243,1.2439999999999738,[-0.37464351  1.04188086],[-0.46055749  2.38554636],[-1.15333746 -9.84450461],[-0.13628816  0.14540216]
1244,1.2449999999999737,[-0.37510521  1.04425657],[-0.46170581  2.37571248],[-1.14831289 -9.83387652],[-0.13619055  0.1455782 ]
1245,1.2459999999999736,[-0.37556806  1.04662246],[-0.46284909  2.36588973],[-1.14328035 -9.82275196],[-0.13609306  0.14575459]
1246,1.2469999999999735,[-0.37603205  1.04897854],[-0.46398733  2.35607859],[-1.13824094 -9.81114421],[-0.13599571  0.1459313 ]
1247,1.2479999999999734,[-0.37649717  1.05132482],[-0.46512052  2.34627952],[-1.13319572 -9.79906625],[-0.13589849  0.14610831]
1248,1.2489999999999732,[-0.37696342  1.05366131],[-0.46624867  2.33649299],[-1.12814572 -9.78653076],[-0.13580139  0.1462856 ]
1249,1.2499999999999731,[-0.37743079  1.05598803],[-0.46737176  2.32671944],[-1.12309196 -9.77355012],[-0.13570443  0.14646314]
1250,1.250999999999973,[-0.37789928  1.05830499],[-0.4684898  2.3169593],[-1.1180354  -9.76013643],[-0.1356076   0.14664091]
1251,1.251999999999973,[-0.37836888  1.06061221],[-0.46960277  2.307213  ],[-1.11297699 -9.74630151],[-0.1355109   0.14681888]
1252,1.2529999999999728,[-0.37883959  1.06290969],[-0.47071069  2.29748094],[-1.10791766 -9.73205691],[-0.13541434  0.14699704]
1253,1.2539999999999727,[-0.37931141  1.06519745],[-0.47181355  2.28776353],[-1.1028583  -9.71741389],[-0.13531791  0.14717535]
1254,1.2549999999999726,[-0.37978432  1.06747551],[-0.47291135  2.27806115],[-1.09779978 -9.7023835 ],[-0.13522161  0.14735381]
1255,1.2559999999999725,[-0.38025832  1.06974389],[-0.47400409  2.26837417],[-1.09274293 -9.68697649],[-0.13512545  0.14753238]
1256,1.2569999999999724,[-0.38073341  1.07200259],[-0.47509178  2.25870297],[-1.08768858 -9.67120337],[-0.13502942  0.14771105]
1257,1.2579999999999723,[-0.38120959  1.07425164],[-0.47617442  2.24904789],[-1.08263752 -9.65507444],[-0.13493353  0.1478898 ]
1258,1.2589999999999721,[-0.38168684  1.07649105],[-0.47725201  2.23940929],[-1.07759051 -9.63859973],[-0.13483777  0.14806861]
1259,1.259999999999972,[-0.38216517  1.07872083],[-0.47832456  2.2297875 ],[-1.07254831 -9.62178906],[-0.13474215  0.14824746]
1260,1.260999999999972,[-0.38264456  1.08094102],[-0.47939207  2.22018285],[-1.06751164 -9.604652  ],[-0.13464667  0.14842634]
1261,1.2619999999999718,[-0.38312501  1.08315161],[-0.48045455  2.21059565],[-1.06248119 -9.58719793],[-0.13455132  0.14860521]
1262,1.2629999999999717,[-0.38360652  1.08535264],[-0.48151201  2.20102622],[-1.05745765 -9.569436  ],[-0.13445611  0.14878407]
1263,1.2639999999999716,[-0.38408909  1.08754411],[-0.48256445  2.19147484],[-1.05244167 -9.55137516],[-0.13436103  0.1489629 ]
1264,1.2649999999999715,[-0.3845727   1.08972605],[-0.48361188  2.18194182],[-1.0474339  -9.53302415],[-0.1342661   0.14914169]
1265,1.2659999999999714,[-0.38505735  1.09189848],[-0.48465432  2.17242743],[-1.04243495 -9.5143915 ],[-0.1341713   0.14932041]
1266,1.2669999999999713,[-0.38554305  1.09406141],[-0.48569176  2.16293194],[-1.03744542 -9.49548556],[-0.13407663  0.14949905]
1267,1.2679999999999712,[-0.38602977  1.09621487],[-0.48672423  2.15345563],[-1.03246589 -9.47631449],[-0.13398211  0.14967759]
1268,1.268999999999971,[-0.38651752  1.09835887],[-0.48775173  2.14399874],[-1.02749692 -9.45688626],[-0.13388772  0.14985602]
1269,1.269999999999971,[-0.3870063   1.10049343],[-0.48877427  2.13456153],[-1.02253905 -9.43720866],[-0.13379346  0.15003433]
1270,1.2709999999999708,[-0.38749609  1.10261857],[-0.48979186  2.12514424],[-1.01759281 -9.4172893 ],[-0.13369935  0.1502125 ]
1271,1.2719999999999707,[-0.38798689  1.10473432],[-0.49080452  2.11574711],[-1.0126587  -9.39713562],[-0.13360537  0.15039052]
1272,1.2729999999999706,[-0.3884787   1.10684069],[-0.49181225  2.10637035],[-1.00773722 -9.3767549 ],[-0.13351153  0.15056837]
1273,1.2739999999999705,[-0.38897152  1.10893771],[-0.49281508  2.0970142 ],[-1.00282884 -9.35615423],[-0.13341782  0.15074604]
1274,1.2749999999999704,[-0.38946533  1.11102538],[-0.49381302  2.08767886],[-0.99793402 -9.33534057],[-0.13332425  0.15092351]
1275,1.2759999999999703,[-0.38996014  1.11310375],[-0.49480607  2.07836454],[-0.9930532 -9.3143207],[-0.13323082  0.15110078]
1276,1.2769999999999702,[-0.39045593  1.11517282],[-0.49579426  2.06907144],[-0.9881868  -9.29310127],[-0.13313753  0.15127783]
1277,1.27799999999997,[-0.39095271  1.11723262],[-0.49677759  2.05979975],[-0.98333525 -9.27168874],[-0.13304437  0.15145465]
1278,1.27899999999997,[-0.39145047  1.11928317],[-0.49775609  2.05054966],[-0.97849893 -9.25008948],[-0.13295134  0.15163122]
1279,1.2799999999999698,[-0.3919492   1.12132449],[-0.49872977  2.04132135],[-0.97367824 -9.22830967],[-0.13285845  0.15180755]
1280,1.2809999999999697,[-0.3924489   1.12335661],[-0.49969864  2.03211499],[-0.96887354 -9.20635536],[-0.1327657   0.15198361]
1281,1.2819999999999696,[-0.39294956  1.12537954],[-0.50066273  2.02293076],[-0.96408518 -9.18423249],[-0.13267308  0.15215939]
1282,1.2829999999999695,[-0.39345118  1.12739331],[-0.50162204  2.01376881],[-0.95931352 -9.16194683],[-0.13258059  0.15233488]
1283,1.2839999999999694,[-0.39395376  1.12939794],[-0.5025766   2.00462931],[-0.95455888 -9.13950405],[-0.13248824  0.15251008]
1284,1.2849999999999693,[-0.39445728  1.13139345],[-0.50352642  1.9955124 ],[-0.94982158 -9.11690968],[-0.13239602  0.15268497]
1285,1.2859999999999692,[-0.39496175  1.13337987],[-0.50447152  1.98641823],[-0.94510192 -9.09416913],[-0.13230393  0.15285955]
1286,1.286999999999969,[-0.39546717  1.13535721],[-0.50541192  1.97734694],[-0.9404002  -9.07128767],[-0.13221198  0.1530338 ]
1287,1.287999999999969,[-0.39597351  1.13732551],[-0.50634764  1.96829867],[-0.9357167  -9.04827048],[-0.13212016  0.15320771]
1288,1.2889999999999688,[-0.39648079  1.13928479],[-0.50727869  1.95927355],[-0.9310517  -9.02512261],[-0.13202847  0.15338128]
1289,1.2899999999999687,[-0.396989    1.14123506],[-0.5082051  1.9502717],[-0.92640545 -9.001849  ],[-0.13193692  0.1535545 ]
1290,1.2909999999999686,[-0.39749813  1.14317635],[-0.50912688  1.94129325],[-0.9217782  -8.97845447],[-0.13184549  0.15372735]
1291,1.2919999999999685,[-0.39800817  1.14510869],[-0.51004405  1.9323383 ],[-0.91717019 -8.95494376],[-0.1317542   0.15389984]
1292,1.2929999999999684,[-0.39851913  1.1470321 ],[-0.51095663  1.92340698],[-0.91258164 -8.93132146],[-0.13166303  0.15407194]
1293,1.2939999999999683,[-0.39903099  1.1489466 ],[-0.51186464  1.91449939],[-0.90801279 -8.90759211],[-0.13157199  0.15424366]
1294,1.2949999999999682,[-0.39954376  1.15085221],[-0.51276811  1.90561563],[-0.90346383 -8.88376009],[-0.13148109  0.15441499]
1295,1.295999999999968,[-0.40005743  1.15274897],[-0.51366704  1.8967558 ],[-0.89893496 -8.85982974],[-0.13139031  0.15458592]
1296,1.296999999999968,[-0.40057199  1.15463689],[-0.51456147  1.88791999],[-0.89442638 -8.83580527],[-0.13129966  0.15475643]
1297,1.2979999999999678,[-0.40108744  1.15651599],[-0.51545141  1.8791083 ],[-0.88993827 -8.8116908 ],[-0.13120913  0.15492653]
1298,1.2989999999999677,[-0.40160378  1.15838632],[-0.51633688  1.87032081],[-0.8854708  -8.78749036],[-0.13111873  0.15509621]
1299,1.2999999999999676,[-0.40212099  1.16024787],[-0.5172179  1.8615576],[-0.88102413 -8.7632079 ],[-0.13102846  0.15526546]
1300,1.3009999999999675,[-0.40263909  1.16210069],[-0.5180945   1.85281876],[-0.87659842 -8.73884727],[-0.13093832  0.15543428]
1301,1.3019999999999674,[-0.40315805  1.1639448 ],[-0.51896669  1.84410435],[-0.87219381 -8.71441224],[-0.1308483   0.15560265]
1302,1.3029999999999673,[-0.40367789  1.16578021],[-0.5198345   1.83541444],[-0.86781045 -8.68990649],[-0.1307584   0.15577057]
1303,1.3039999999999672,[-0.40419859  1.16760696],[-0.52069795  1.82674911],[-0.86344847 -8.66533363],[-0.13066863  0.15593804]
1304,1.304999999999967,[-0.40472014  1.16942507],[-0.52155706  1.81810841],[-0.85910799 -8.64069718],[-0.13057898  0.15610505]
1305,1.305999999999967,[-0.40524256  1.17123456],[-0.52241185  1.80949241],[-0.85478913 -8.61600059],[-0.13048945  0.1562716 ]
1306,1.3069999999999669,[-0.40576582  1.17303546],[-0.52326234  1.80090116],[-0.850492   -8.59124722],[-0.13040004  0.15643768]
1307,1.3079999999999667,[-0.40628993  1.1748278 ],[-0.52410856  1.79233472],[-0.8462167  -8.56644036],[-0.13031076  0.15660327]
1308,1.3089999999999666,[-0.40681488  1.17661159],[-0.52495052  1.78379314],[-0.84196333 -8.54158325],[-0.13022159  0.15676839]
1309,1.3099999999999665,[-0.40734067  1.17838687],[-0.52578825  1.77527646],[-0.83773198 -8.51667903],[-0.13013254  0.15693302]
1310,1.3109999999999664,[-0.40786729  1.18015365],[-0.52662177  1.76678473],[-0.83352273 -8.49173077],[-0.13004362  0.15709717]
1311,1.3119999999999663,[-0.40839474  1.18191197],[-0.52745111  1.75831799],[-0.82933566 -8.46674149],[-0.12995481  0.15726081]
1312,1.3129999999999662,[-0.40892301  1.18366185],[-0.52827628  1.74987627],[-0.82517085 -8.44171413],[-0.12986612  0.15742396]
1313,1.313999999999966,[-0.40945211  1.1854033 ],[-0.52909731  1.74145962],[-0.82102835 -8.41665158],[-0.12977755  0.1575866 ]
1314,1.314999999999966,[-0.40998203  1.18713637],[-0.52991422  1.73306806],[-0.81690822 -8.39155664],[-0.12968909  0.15774873]
1315,1.3159999999999659,[-0.41051275  1.18886107],[-0.53072703  1.72470163],[-0.81281053 -8.36643207],[-0.12960075  0.15791035]
1316,1.3169999999999658,[-0.41104429  1.19057743],[-0.53153576  1.71636035],[-0.80873532 -8.34128056],[-0.12951252  0.15807146]
1317,1.3179999999999656,[-0.41157663  1.19228548],[-0.53234045  1.70804425],[-0.80468263 -8.31610475],[-0.1294244   0.15823204]
1318,1.3189999999999655,[-0.41210977  1.19398523],[-0.5331411   1.69975334],[-0.8006525  -8.29090719],[-0.1293364  0.1583921]
1319,1.3199999999999654,[-0.41264371  1.19567672],[-0.53393774  1.69148765],[-0.79664496 -8.26569042],[-0.12924852  0.15855164]
1320,1.3209999999999653,[-0.41317844  1.19735997],[-0.5347304   1.68324719],[-0.79266005 -8.24045689],[-0.12916074  0.15871064]
1321,1.3219999999999652,[-0.41371396  1.199035  ],[-0.5355191   1.67503198],[-0.78869778 -8.215209  ],[-0.12907308  0.1588691 ]
1322,1.322999999999965,[-0.41425026  1.20070184],[-0.53630386  1.66684203],[-0.78475818 -8.18994911],[-0.12898552  0.15902703]
1323,1.323999999999965,[-0.41478735  1.20236052],[-0.5370847   1.65867735],[-0.78084126 -8.16467951],[-0.12889808  0.15918442]
1324,1.3249999999999649,[-0.41532521  1.20401106],[-0.53786165  1.65053795],[-0.77694702 -8.13940246],[-0.12881074  0.15934127]
1325,1.3259999999999648,[-0.41586384  1.20565348],[-0.53863472  1.64242383],[-0.77307549 -8.11412015],[-0.12872351  0.15949757]
1326,1.3269999999999647,[-0.41640325  1.20728782],[-0.53940395  1.634335  ],[-0.76922665 -8.08883472],[-0.12863639  0.15965332]
1327,1.3279999999999645,[-0.41694342  1.20891409],[-0.54016935  1.62627145],[-0.76540051 -8.06354829],[-0.12854938  0.15980852]
1328,1.3289999999999644,[-0.41748435  1.21053232],[-0.54093095  1.61823318],[-0.76159707 -8.03826289],[-0.12846247  0.15996317]
1329,1.3299999999999643,[-0.41802604  1.21214254],[-0.54168876  1.6102202 ],[-0.7578163  -8.01298055],[-0.12837567  0.16011725]
1330,1.3309999999999642,[-0.41856848  1.21374477],[-0.54244282  1.6022325 ],[-0.7540582  -7.98770322],[-0.12828897  0.16027078]
1331,1.331999999999964,[-0.41911167  1.21533904],[-0.54319315  1.59427007],[-0.75032275 -7.96243281],[-0.12820238  0.16042375]
1332,1.332999999999964,[-0.41965561  1.21692538],[-0.54393976  1.5863329 ],[-0.74660994 -7.93717121],[-0.12811588  0.16057616]
1333,1.3339999999999639,[-0.42020029  1.2185038 ],[-0.54468267  1.57842098],[-0.74291973 -7.91192024],[-0.12802949  0.160728  ]
1334,1.3349999999999638,[-0.42074572  1.22007433],[-0.54542193  1.5705343 ],[-0.7392521 -7.8866817],[-0.12794321  0.16087927]
1335,1.3359999999999637,[-0.42129187  1.221637  ],[-0.54615753  1.56267284],[-0.73560702 -7.86145734],[-0.12785702  0.16102997]
1336,1.3369999999999636,[-0.42183876  1.22319184],[-0.54688952  1.55483659],[-0.73198446 -7.83624887],[-0.12777093  0.1611801 ]
1337,1.3379999999999634,[-0.42238638  1.22473887],[-0.5476179   1.54702553],[-0.72838438 -7.81105795],[-0.12768494  0.16132966]
1338,1.3389999999999633,[-0.42293472  1.22627811],[-0.54834271  1.53923964],[-0.72480675 -7.78588623],[-0.12759905  0.16147865]
1339,1.3399999999999632,[-0.42348379  1.22780958],[-0.54906396  1.53147891],[-0.72125152 -7.7607353 ],[-0.12751325  0.16162706]
1340,1.340999999999963,[-0.42403357  1.22933333],[-0.54978168  1.5237433 ],[-0.71771864 -7.73560672],[-0.12742756  0.16177489]
1341,1.341999999999963,[-0.42458407  1.23084936],[-0.55049589  1.5160328 ],[-0.71420808 -7.71050202],[-0.12734196  0.16192215]
1342,1.342999999999963,[-0.42513527  1.23235771],[-0.55120661  1.50834738],[-0.71071978 -7.68542268],[-0.12725645  0.16206882]
1343,1.3439999999999628,[-0.42568719  1.23385839],[-0.55191386  1.50068701],[-0.70725368 -7.66037016],[-0.12717104  0.16221492]
1344,1.3449999999999627,[-0.4262398   1.23535145],[-0.55261767  1.49305166],[-0.70380974 -7.63534588],[-0.12708572  0.16236043]
1345,1.3459999999999626,[-0.42679312  1.23683689],[-0.55331806  1.48544131],[-0.7003879  -7.61035123],[-0.12700049  0.16250536]
1346,1.3469999999999624,[-0.42734714  1.23831474],[-0.55401505  1.47785592],[-0.6969881  -7.58538756],[-0.12691536  0.16264971]
1347,1.3479999999999623,[-0.42790184  1.23978504],[-0.55470866  1.47029547],[-0.69361028 -7.56045621],[-0.12683032  0.16279347]
1348,1.3489999999999622,[-0.42845724  1.2412478 ],[-0.55539891  1.46275991],[-0.69025437 -7.53555846],[-0.12674537  0.16293664]
1349,1.3499999999999621,[-0.42901333  1.24270305],[-0.55608583  1.45524921],[-0.68692032 -7.51069558],[-0.12666051  0.16307923]
1350,1.350999999999962,[-0.4295701   1.24415081],[-0.55676944  1.44776334],[-0.68360805 -7.4858688 ],[-0.12657573  0.16322123]
1351,1.351999999999962,[-0.43012755  1.24559111],[-0.55744976  1.44030226],[-0.68031749 -7.46107933],[-0.12649105  0.16336265]
1352,1.3529999999999618,[-0.43068568  1.24702398],[-0.55812681  1.43286594],[-0.67704858 -7.43632834],[-0.12640645  0.16350347]
1353,1.3539999999999617,[-0.43124448  1.24844943],[-0.55880061  1.42545432],[-0.67380124 -7.41161698],[-0.12632194  0.16364371]
1354,1.3549999999999616,[-0.43180395  1.2498675 ],[-0.55947118  1.41806737],[-0.6705754  -7.38694638],[-0.12623752  0.16378336]
1355,1.3559999999999615,[-0.43236409  1.25127821],[-0.56013855  1.41070506],[-0.66737098 -7.36231762],[-0.12615318  0.16392241]
1356,1.3569999999999613,[-0.43292489  1.25268157],[-0.56080274  1.40336732],[-0.66418791 -7.33773178],[-0.12606892  0.16406088]
1357,1.3579999999999612,[-0.43348635  1.25407763],[-0.56146377  1.39605413],[-0.66102611 -7.31318989],[-0.12598475  0.16419876]
1358,1.3589999999999611,[-0.43404847  1.25546639],[-0.56212165  1.38876544],[-0.65788549 -7.28869298],[-0.12590066  0.16433605]
1359,1.359999999999961,[-0.43461125  1.25684789],[-0.56277642  1.3815012 ],[-0.65476597 -7.26424203],[-0.12581666  0.16447275]
1360,1.360999999999961,[-0.43517468  1.25822216],[-0.56342809  1.37426136],[-0.65166748 -7.23983802],[-0.12573273  0.16460885]
1361,1.3619999999999608,[-0.43573876  1.2595892 ],[-0.56407668  1.36704588],[-0.64858992 -7.21548189],[-0.12564889  0.16474437]
1362,1.3629999999999607,[-0.43630348  1.26094906],[-0.56472221  1.3598547 ],[-0.64553322 -7.19117455],[-0.12556513  0.16487929]
1363,1.3639999999999606,[-0.43686884  1.26230174],[-0.56536471  1.35268779],[-0.64249728 -7.16691691],[-0.12548144  0.16501363]
1364,1.3649999999999605,[-0.43743485  1.26364729],[-0.56600419  1.34554508],[-0.63948202 -7.14270983],[-0.12539784  0.16514737]
1365,1.3659999999999604,[-0.43800149  1.26498572],[-0.56664068  1.33842652],[-0.63648735 -7.11855419],[-0.12531431  0.16528053]
1366,1.3669999999999602,[-0.43856876  1.26631705],[-0.56727419  1.33133207],[-0.63351318 -7.09445079],[-0.12523086  0.16541309]
1367,1.3679999999999601,[-0.43913667  1.26764131],[-0.56790475  1.32426167],[-0.63055941 -7.07040047],[-0.12514748  0.16554507]
1368,1.36899999999996,[-0.4397052   1.26895853],[-0.56853238  1.31721527],[-0.62762596 -7.046404  ],[-0.12506418  0.16567645]
1369,1.36999999999996,[-0.44027436  1.27026872],[-0.56915709  1.31019281],[-0.62471273 -7.02246215],[-0.12498096  0.16580725]
1370,1.3709999999999598,[-0.44084413  1.27157191],[-0.56977891  1.30319423],[-0.62181963 -6.99857569],[-0.12489781  0.16593746]
1371,1.3719999999999597,[-0.44141453  1.27286813],[-0.57039785  1.29621949],[-0.61894656 -6.97474532],[-0.12481473  0.16606708]
1372,1.3729999999999596,[-0.44198555  1.2741574 ],[-0.57101395  1.28926851],[-0.61609344 -6.95097177],[-0.12473173  0.16619611]
1373,1.3739999999999595,[-0.44255717  1.27543974],[-0.57162721  1.28234126],[-0.61326015 -6.92725573],[-0.12464879  0.16632455]
1374,1.3749999999999594,[-0.44312941  1.27671518],[-0.57223765  1.27543766],[-0.61044661 -6.90359786],[-0.12456593  0.16645241]
1375,1.3759999999999593,[-0.44370226  1.27798374],[-0.57284531  1.26855766],[-0.60765272 -6.87999883],[-0.12448314  0.16657968]
1376,1.3769999999999591,[-0.44427571  1.27924544],[-0.57345019  1.2617012 ],[-0.60487838 -6.85645928],[-0.12440042  0.16670636]
1377,1.377999999999959,[-0.44484976  1.28050031],[-0.57405231  1.25486822],[-0.60212349 -6.83297981],[-0.12431777  0.16683246]
1378,1.378999999999959,[-0.44542441  1.28174836],[-0.5746517   1.24805866],[-0.59938795 -6.80956105],[-0.12423519  0.16695798]
1379,1.3799999999999588,[-0.44599966  1.28298964],[-0.57524837  1.24127246],[-0.59667166 -6.78620356],[-0.12415267  0.16708291]
1380,1.3809999999999587,[-0.4465755   1.28422415],[-0.57584234  1.23450955],[-0.59397452 -6.76290792],[-0.12407022  0.16720727]
1381,1.3819999999999586,[-0.44715194  1.28545192],[-0.57643364  1.22776987],[-0.59129643 -6.73967469],[-0.12398784  0.16733103]
1382,1.3829999999999585,[-0.44772896  1.28667297],[-0.57702228  1.22105337],[-0.58863729 -6.7165044 ],[-0.12390552  0.16745422]
1383,1.3839999999999584,[-0.44830657  1.28788733],[-0.57760827  1.21435997],[-0.585997   -6.69339757],[-0.12382327  0.16757683]
1384,1.3849999999999583,[-0.44888476  1.28909502],[-0.57819165  1.20768962],[-0.58337545 -6.67035471],[-0.12374109  0.16769886]
1385,1.3859999999999582,[-0.44946353  1.29029606],[-0.57877242  1.20104224],[-0.58077254 -6.64737631],[-0.12365896  0.16782031]
1386,1.386999999999958,[-0.45004288  1.29149048],[-0.57935061  1.19441778],[-0.57818816 -6.62446284],[-0.1235769   0.16794118]
1387,1.387999999999958,[-0.45062281  1.2926783 ],[-0.57992623  1.18781616],[-0.57562222 -6.60161478],[-0.1234949   0.16806148]
1388,1.3889999999999578,[-0.45120331  1.29385953],[-0.58049931  1.18123733],[-0.57307462 -6.57883257],[-0.12341296  0.1681812 ]
1389,1.3899999999999577,[-0.45178438  1.29503421],[-0.58106985  1.17468121],[-0.57054524 -6.55611664],[-0.12333109  0.16830035]
1390,1.3909999999999576,[-0.45236601  1.29620236],[-0.58163789  1.16814775],[-0.56803398 -6.53346741],[-0.12324927  0.16841893]
1391,1.3919999999999575,[-0.45294822  1.297364  ],[-0.58220343  1.16163686],[-0.56554074 -6.51088529],[-0.12316752  0.16853693]
1392,1.3929999999999574,[-0.45353098  1.29851915],[-0.58276649  1.15514849],[-0.56306541 -6.48837067],[-0.12308582  0.16865436]
1393,1.3939999999999573,[-0.45411431  1.29966783],[-0.5833271   1.14868257],[-0.5606079  -6.46592394],[-0.12300418  0.16877123]
1394,1.3949999999999572,[-0.4546982   1.30081007],[-0.58388527  1.14223902],[-0.55816808 -6.44354546],[-0.1229226   0.16888752]
1395,1.395999999999957,[-0.45528264  1.30194589],[-0.58444101  1.13581779],[-0.55574587 -6.42123558],[-0.12284107  0.16900325]
1396,1.396999999999957,[-0.45586763  1.30307531],[-0.58499435  1.12941879],[-0.55334115 -6.39899466],[-0.12275961  0.16911841]
1397,1.3979999999999568,[-0.45645318  1.30419835],[-0.58554531  1.12304197],[-0.55095382 -6.37682302],[-0.12267819  0.16923301]
1398,1.3989999999999567,[-0.45703927  1.30531503],[-0.58609389  1.11668725],[-0.54858377 -6.35472099],[-0.12259684  0.16934704]
1399,1.3999999999999566,[-0.45762591  1.30642539],[-0.58664012  1.11035456],[-0.5462309  -6.33268886],[-0.12251553  0.16946052]
1400,1.4009999999999565,[-0.45821309  1.30752943],[-0.58718402  1.10404383],[-0.5438951  -6.31072695],[-0.12243428  0.16957343]
1401,1.4019999999999564,[-0.45880082  1.30862719],[-0.58772559  1.097755  ],[-0.54157627 -6.28883552],[-0.12235309  0.16968578]
1402,1.4029999999999563,[-0.45938909  1.30971868],[-0.58826487  1.09148798],[-0.53927431 -6.26701487],[-0.12227194  0.16979758]
1403,1.4039999999999562,[-0.45997789  1.31080392],[-0.58880186  1.08524272],[-0.5369891  -6.24526524],[-0.12219085  0.16990882]
1404,1.404999999999956,[-0.46056722  1.31188294],[-0.58933658  1.07901913],[-0.53472054 -6.2235869 ],[-0.12210981  0.1700195 ]
1405,1.405999999999956,[-0.46115709  1.31295576],[-0.58986905  1.07281715],[-0.53246853 -6.20198009],[-0.12202882  0.17012963]
1406,1.4069999999999558,[-0.46174749  1.31402239],[-0.59039928  1.0666367 ],[-0.53023296 -6.18044503],[-0.12194788  0.17023921]
1407,1.4079999999999557,[-0.46233842  1.31508287],[-0.59092729  1.06047772],[-0.52801372 -6.15898196],[-0.12186699  0.17034824]
1408,1.4089999999999556,[-0.46292987  1.31613721],[-0.5914531   1.05434013],[-0.52581072 -6.13759108],[-0.12178615  0.17045672]
1409,1.4099999999999555,[-0.46352185  1.31718543],[-0.59197673  1.04822386],[-0.52362385 -6.1162726 ],[-0.12170536  0.17056465]
1410,1.4109999999999554,[-0.46411435  1.31822756],[-0.59249818  1.04212883],[-0.52145299 -6.09502671],[-0.12162462  0.17067203]
1411,1.4119999999999553,[-0.46470736  1.31926362],[-0.59301748  1.03605498],[-0.51929806 -6.0738536 ],[-0.12154392  0.17077887]
1412,1.4129999999999552,[-0.4653009   1.32029362],[-0.59353464  1.03000222],[-0.51715894 -6.05275344],[-0.12146327  0.17088517]
1413,1.413999999999955,[-0.46589495  1.32131759],[-0.59404967  1.0239705 ],[-0.51503553 -6.0317264 ],[-0.12138266  0.17099093]
1414,1.414999999999955,[-0.46648951  1.32233555],[-0.5945626   1.01795973],[-0.51292772 -6.01077263],[-0.1213021   0.17109615]
1415,1.4159999999999549,[-0.46708458  1.32334752],[-0.59507344  1.01196983],[-0.51083542 -5.98989228],[-0.12122159  0.17120083]
1416,1.4169999999999547,[-0.46768017  1.32435352],[-0.5955822   1.00600075],[-0.50875851 -5.96908549],[-0.12114112  0.17130497]
1417,1.4179999999999546,[-0.46827626  1.32535357],[-0.59608889  1.0000524 ],[-0.5066969 -5.9483524],[-0.12106069  0.17140858]
1418,1.4189999999999545,[-0.46887285  1.3263477 ],[-0.59659354  0.9941247 ],[-0.50465049 -5.92769313],[-0.12098031  0.17151166]
1419,1.4199999999999544,[-0.46946995  1.32733592],[-0.59709616  0.98821759],[-0.50261916 -5.90710779],[-0.12089996  0.1716142 ]
1420,1.4209999999999543,[-0.47006754  1.32831825],[-0.59759677  0.982331  ],[-0.50060282 -5.88659649],[-0.12081966  0.17171622]
1421,1.4219999999999542,[-0.47066564  1.32929471],[-0.59809537  0.97646484],[-0.49860136 -5.86615933],[-0.12073941  0.1718177 ]
1422,1.422999999999954,[-0.47126423  1.33026533],[-0.59859198  0.97061904],[-0.49661469 -5.8457964 ],[-0.12065919  0.17191867]
1423,1.423999999999954,[-0.47186332  1.33123012],[-0.59908662  0.96479353],[-0.4946427  -5.82550779],[-0.12057901  0.1720191 ]
1424,1.4249999999999539,[-0.4724629   1.33218911],[-0.59957931  0.95898824],[-0.49268529 -5.80529357],[-0.12049888  0.17211902]
1425,1.4259999999999537,[-0.47306297  1.33314231],[-0.60007005  0.95320309],[-0.49074236 -5.78515382],[-0.12041878  0.17221841]
1426,1.4269999999999536,[-0.47366352  1.33408975],[-0.60055887  0.947438  ],[-0.4888138 -5.7650886],[-0.12033872  0.17231728]
1427,1.4279999999999535,[-0.47426457  1.33503145],[-0.60104576  0.9416929 ],[-0.48689953 -5.74509795],[-0.1202587   0.17241564]
1428,1.4289999999999534,[-0.4748661   1.33596741],[-0.60153076  0.93596772],[-0.48499943 -5.72518194],[-0.12017872  0.17251348]
1429,1.4299999999999533,[-0.47546812  1.33689768],[-0.60201388  0.93026238],[-0.48311342 -5.7053406 ],[-0.12009877  0.17261081]
1430,1.4309999999999532,[-0.47607061  1.33782225],[-0.60249512  0.9245768 ],[-0.48124138 -5.68557397],[-0.12001886  0.17270762]
1431,1.431999999999953,[-0.47667358  1.33874116],[-0.6029745   0.91891092],[-0.47938322 -5.66588208],[-0.11993899  0.17280393]
1432,1.432999999999953,[-0.47727704  1.33965443],[-0.60345204  0.91326466],[-0.47753884 -5.64626495],[-0.11985915  0.17289973]
1433,1.4339999999999529,[-0.47788096  1.34056207],[-0.60392775  0.90763793],[-0.47570815 -5.6267226 ],[-0.11977935  0.17299502]
1434,1.4349999999999528,[-0.47848537  1.3414641 ],[-0.60440164  0.90203068],[-0.47389104 -5.60725504],[-0.11969958  0.1730898 ]
1435,1.4359999999999526,[-0.47909024  1.34236054],[-0.60487373  0.89644282],[-0.47208743 -5.58786226],[-0.11961985  0.17318408]
1436,1.4369999999999525,[-0.47969558  1.34325141],[-0.60534402  0.89087427],[-0.4702972  -5.56854428],[-0.11954015  0.17327787]
1437,1.4379999999999524,[-0.4803014   1.34413674],[-0.60581255  0.88532497],[-0.46852027 -5.54930108],[-0.11946048  0.17337115]
1438,1.4389999999999523,[-0.48090768  1.34501653],[-0.6062793   0.87979484],[-0.46675654 -5.53013265],[-0.11938085  0.17346393]
1439,1.4399999999999522,[-0.48151442  1.34589082],[-0.60674431  0.8742838 ],[-0.46500591 -5.51103897],[-0.11930125  0.17355622]
1440,1.440999999999952,[-0.48212163  1.34675961],[-0.60720758  0.86879178],[-0.46326828 -5.49202002],[-0.11922168  0.17364802]
1441,1.441999999999952,[-0.4827293   1.34762293],[-0.60766912  0.8633187 ],[-0.46154357 -5.47307576],[-0.11914214  0.17373933]
1442,1.4429999999999519,[-0.48333743  1.34848079],[-0.60812895  0.8578645 ],[-0.45983168 -5.45420616],[-0.11906263  0.17383014]
1443,1.4439999999999518,[-0.48394601  1.34933322],[-0.60858708  0.85242909],[-0.45813251 -5.43541119],[-0.11898315  0.17392047]
1444,1.4449999999999517,[-0.48455506  1.35018023],[-0.60904353  0.8470124 ],[-0.45644598 -5.41669079],[-0.1189037   0.17401031]
1445,1.4459999999999515,[-0.48516455  1.35102185],[-0.6094983   0.84161435],[-0.45477198 -5.39804491],[-0.11882429  0.17409967]
1446,1.4469999999999514,[-0.48577451  1.35185808],[-0.60995141  0.83623488],[-0.45311042 -5.37947351],[-0.1187449   0.17418855]
1447,1.4479999999999513,[-0.48638491  1.35268896],[-0.61040287  0.8308739 ],[-0.45146122 -5.36097651],[-0.11866553  0.17427694]
1448,1.4489999999999512,[-0.48699576  1.35351449],[-0.6108527   0.82553135],[-0.44982427 -5.34255386],[-0.1185862   0.17436486]
1449,1.449999999999951,[-0.48760706  1.3543347 ],[-0.6113009   0.82020714],[-0.4481995  -5.32420548],[-0.11850689  0.1744523 ]
1450,1.450999999999951,[-0.48821881  1.3551496 ],[-0.61174748  0.81490121],[-0.4465868 -5.3059313],[-0.11842761  0.17453927]
1451,1.4519999999999509,[-0.488831    1.35595921],[-0.61219247  0.80961348],[-0.44498609 -5.28773125],[-0.11834836  0.17462576]
1452,1.4529999999999508,[-0.48944364  1.35676355],[-0.61263587  0.80434387],[-0.44339728 -5.26960523],[-0.11826913  0.17471179]
1453,1.4539999999999507,[-0.49005672  1.35756265],[-0.61307769  0.79909232],[-0.44182027 -5.25155316],[-0.11818993  0.17479734]
1454,1.4549999999999506,[-0.49067023  1.35835651],[-0.61351794  0.79385875],[-0.44025499 -5.23357495],[-0.11811076  0.17488243]
1455,1.4559999999999504,[-0.49128419  1.35914515],[-0.61395664  0.78864308],[-0.43870133 -5.21567051],[-0.11803161  0.17496706]
1456,1.4569999999999503,[-0.49189858  1.35992859],[-0.6143938   0.78344524],[-0.43715921 -5.19783973],[-0.11795248  0.17505122]
1457,1.4579999999999502,[-0.49251341  1.36070686],[-0.61482943  0.77826515],[-0.43562855 -5.1800825 ],[-0.11787338  0.17513492]
1458,1.4589999999999501,[-0.49312868  1.36147996],[-0.61526354  0.77310275],[-0.43410926 -5.16239873],[-0.1177943   0.17521817]
1459,1.45999999999995,[-0.49374437  1.36224792],[-0.61569614  0.76795797],[-0.43260125 -5.14478829],[-0.11771524  0.17530095]
1460,1.46099999999995,[-0.4943605   1.36301075],[-0.61612725  0.76283072],[-0.43110443 -5.12725108],[-0.11763621  0.17538328]
1461,1.4619999999999498,[-0.49497706  1.36376847],[-0.61655687  0.75772093],[-0.42961872 -5.10978698],[-0.1175572   0.17546516]
1462,1.4629999999999497,[-0.49559404  1.3645211 ],[-0.61698501  0.75262853],[-0.42814403 -5.09239585],[-0.11747821  0.17554659]
1463,1.4639999999999496,[-0.49621145  1.36526865],[-0.61741169  0.74755346],[-0.42668028 -5.07507758],[-0.11739924  0.17562757]
1464,1.4649999999999495,[-0.49682929  1.36601115],[-0.61783692  0.74249562],[-0.42522739 -5.05783203],[-0.11732029  0.1757081 ]
1465,1.4659999999999493,[-0.49744755  1.3667486 ],[-0.6182607   0.73745496],[-0.42378526 -5.04065907],[-0.11724137  0.17578819]
1466,1.4669999999999492,[-0.49806623  1.36748104],[-0.61868306  0.73243141],[-0.42235382 -5.02355857],[-0.11716246  0.17586783]
1467,1.4679999999999491,[-0.49868534  1.36820846],[-0.61910399  0.72742488],[-0.42093299 -5.00653038],[-0.11708358  0.17594704]
1468,1.468999999999949,[-0.49930486  1.3689309 ],[-0.61952351  0.7224353 ],[-0.41952268 -4.98957436],[-0.11700471  0.1760258 ]
1469,1.469999999999949,[-0.4999248   1.36964836],[-0.61994163  0.71746261],[-0.41812281 -4.97269037],[-0.11692586  0.17610413]
1470,1.4709999999999488,[-0.50054516  1.37036086],[-0.62035837  0.71250673],[-0.41673329 -4.95587825],[-0.11684703  0.17618202]
1471,1.4719999999999487,[-0.50116594  1.37106843],[-0.62077372  0.70756759],[-0.41535406 -4.93913785],[-0.11676822  0.17625948]
1472,1.4729999999999486,[-0.50178712  1.37177108],[-0.62118771  0.70264513],[-0.41398502 -4.92246901],[-0.11668943  0.17633651]
1473,1.4739999999999485,[-0.50240872  1.37246882],[-0.62160033  0.69773925],[-0.4126261  -4.90587159],[-0.11661065  0.17641311]
1474,1.4749999999999484,[-0.50303074  1.37316167],[-0.62201161  0.69284991],[-0.41127722 -4.8893454 ],[-0.1165319   0.17648928]
1475,1.4759999999999482,[-0.50365316  1.37384964],[-0.62242155  0.68797702],[-0.4099383  -4.87289031],[-0.11645316  0.17656503]
1476,1.4769999999999481,[-0.50427599  1.37453276],[-0.62283016  0.68312051],[-0.40860926 -4.85650612],[-0.11637443  0.17664035]
1477,1.477999999999948,[-0.50489922  1.37521104],[-0.62323745  0.67828032],[-0.40729002 -4.84019268],[-0.11629572  0.17671526]
1478,1.478999999999948,[-0.50552287  1.3758845 ],[-0.62364343  0.67345637],[-0.40598051 -4.82394981],[-0.11621703  0.17678974]
1479,1.4799999999999478,[-0.50614692  1.37655315],[-0.62404811  0.66864859],[-0.40468065 -4.80777734],[-0.11613835  0.17686381]
1480,1.4809999999999477,[-0.50677137  1.37721701],[-0.6244515   0.66385692],[-0.40339037 -4.79167509],[-0.11605969  0.17693746]
1481,1.4819999999999476,[-0.50739622  1.37787609],[-0.62485361  0.65908127],[-0.40210958 -4.77564288],[-0.11598104  0.1770107 ]
1482,1.4829999999999475,[-0.50802148  1.37853041],[-0.62525445  0.65432159],[-0.40083821 -4.75968053],[-0.11590241  0.17708352]
1483,1.4839999999999474,[-0.50864713  1.37917999],[-0.62565402  0.64957781],[-0.39957618 -4.74378785],[-0.11582379  0.17715594]
1484,1.4849999999999473,[-0.50927318  1.37982484],[-0.62605235  0.64484984],[-0.39832343 -4.72796466],[-0.11574518  0.17722795]
1485,1.4859999999999471,[-0.50989963  1.38046497],[-0.62644943  0.64013763],[-0.39707988 -4.71221076],[-0.11566659  0.17729955]
1486,1.486999999999947,[-0.51052648  1.38110042],[-0.62684527  0.6354411 ],[-0.39584546 -4.69652597],[-0.11558801  0.17737075]
1487,1.487999999999947,[-0.51115372  1.38173118],[-0.62723989  0.63076019],[-0.39462008 -4.6809101 ],[-0.11550944  0.17744155]
1488,1.4889999999999468,[-0.51178135  1.38235727],[-0.6276333   0.62609483],[-0.39340369 -4.66536294],[-0.11543089  0.17751195]
1489,1.4899999999999467,[-0.51240938  1.38297872],[-0.62802549  0.62144495],[-0.3921962 -4.6498843],[-0.11535235  0.17758195]
1490,1.4909999999999466,[-0.51303779  1.38359553],[-0.62841649  0.61681047],[-0.39099755 -4.63447398],[-0.11527381  0.17765155]
1491,1.4919999999999465,[-0.5136666   1.38420772],[-0.6288063   0.61219134],[-0.38980767 -4.61913177],[-0.11519529  0.17772076]
1492,1.4929999999999464,[-0.51429579  1.3848153 ],[-0.62919492  0.60758748],[-0.38862648 -4.60385748],[-0.11511678  0.17778958]
1493,1.4939999999999463,[-0.51492538  1.3854183 ],[-0.62958238  0.60299883],[-0.38745392 -4.5886509 ],[-0.11503829  0.17785801]
1494,1.4949999999999461,[-0.51555534  1.38601673],[-0.62996867  0.59842532],[-0.38628991 -4.57351182],[-0.1149598   0.17792605]
1495,1.495999999999946,[-0.5161857  1.3866106],[-0.6303538   0.59386688],[-0.38513439 -4.55844004],[-0.11488132  0.1779937 ]
1496,1.496999999999946,[-0.51681644  1.38719992],[-0.63073779  0.58932345],[-0.38398729 -4.54343533],[-0.11480285  0.17806097]
1497,1.4979999999999458,[-0.51744756  1.38778471],[-0.63112064  0.58479495],[-0.38284853 -4.52849749],[-0.11472439  0.17812786]
1498,1.4989999999999457,[-0.51807906  1.388365  ],[-0.63150236  0.58028132],[-0.38171806 -4.51362631],[-0.11464594  0.17819437]
1499,1.4999999999999456,[-0.51871094  1.38894078],[-0.63188295  0.5757825 ],[-0.38059581 -4.49882157],[-0.1145675  0.1782605]
1500,1.5009999999999455,[-0.5193432   1.38951208],[-0.63226243  0.57129842],[-0.3794817  -4.48408305],[-0.11448907  0.17832625]
1501,1.5019999999999454,[-0.51997585  1.39007891],[-0.63264081  0.56682901],[-0.37837568 -4.46941054],[-0.11441064  0.17839163]
1502,1.5029999999999453,[-0.52060886  1.39064128],[-0.63301809  0.5623742 ],[-0.37727767 -4.4548038 ],[-0.11433222  0.17845663]
1503,1.5039999999999452,[-0.52124226  1.39119921],[-0.63339427  0.55793394],[-0.37618762 -4.44026263],[-0.11425381  0.17852127]
1504,1.504999999999945,[-0.52187603  1.39175272],[-0.63376938  0.55350815],[-0.37510545 -4.4257868 ],[-0.11417541  0.17858553]
1505,1.505999999999945,[-0.52251017  1.39230182],[-0.63414341  0.54909678],[-0.3740311  -4.41137608],[-0.11409702  0.17864943]
1506,1.5069999999999448,[-0.52314469  1.39284652],[-0.63451638  0.54469975],[-0.37296452 -4.39703025],[-0.11401863  0.17871296]
1507,1.5079999999999447,[-0.52377958  1.39338684],[-0.63488828  0.540317  ],[-0.37190563 -4.38274908],[-0.11394024  0.17877613]
1508,1.5089999999999446,[-0.52441483  1.39392278],[-0.63525914  0.53594847],[-0.37085437 -4.36853234],[-0.11386187  0.17883893]
1509,1.5099999999999445,[-0.52505046  1.39445438],[-0.63562895  0.53159409],[-0.36981068 -4.3543798 ],[-0.1137835   0.17890138]
1510,1.5109999999999444,[-0.52568646  1.39498163],[-0.63599772  0.52725379],[-0.3687745  -4.34029123],[-0.11370513  0.17896347]
1511,1.5119999999999443,[-0.52632283  1.39550456],[-0.63636547  0.52292753],[-0.36774577 -4.32626641],[-0.11362677  0.1790252 ]
1512,1.5129999999999442,[-0.52695956  1.39602317],[-0.63673219  0.51861522],[-0.36672443 -4.31230509],[-0.11354842  0.17908658]
1513,1.513999999999944,[-0.52759666  1.39653749],[-0.6370979   0.51431682],[-0.36571041 -4.29840704],[-0.11347007  0.17914761]
1514,1.514999999999944,[-0.52823412  1.39704752],[-0.6374626   0.51003224],[-0.36470365 -4.28457203],[-0.11339172  0.17920829]
1515,1.5159999999999438,[-0.52887195  1.39755328],[-0.63782631  0.50576144],[-0.3637041  -4.27079982],[-0.11331338  0.17926861]
1516,1.5169999999999437,[-0.52951013  1.39805479],[-0.63818902  0.50150435],[-0.3627117  -4.25709018],[-0.11323505  0.17932859]
1517,1.5179999999999436,[-0.53014869  1.39855205],[-0.63855075  0.49726091],[-0.36172638 -4.24344286],[-0.11315671  0.17938823]
1518,1.5189999999999435,[-0.5307876   1.39904508],[-0.6389115   0.49303105],[-0.3607481  -4.22985763],[-0.11307838  0.17944752]
1519,1.5199999999999434,[-0.53142687  1.3995339 ],[-0.63927127  0.48881472],[-0.35977678 -4.21633425],[-0.11300005  0.17950647]
1520,1.5209999999999433,[-0.5320665   1.40001851],[-0.63963008  0.48461185],[-0.35881238 -4.20287247],[-0.11292173  0.17956508]
1521,1.5219999999999432,[-0.53270649  1.40049893],[-0.63998794  0.48042237],[-0.35785483 -4.18947205],[-0.11284341  0.17962336]
1522,1.522999999999943,[-0.53334683  1.40097518],[-0.64034484  0.47624624],[-0.35690409 -4.17613276],[-0.11276509  0.17968129]
1523,1.523999999999943,[-0.53398753  1.40144726],[-0.6407008   0.47208339],[-0.35596009 -4.16285434],[-0.11268677  0.1797389 ]
1524,1.5249999999999428,[-0.53462859  1.40191519],[-0.64105583  0.46793375],[-0.35502277 -4.14963656],[-0.11260846  0.17979617]
1525,1.5259999999999427,[-0.53527     1.40237899],[-0.64140992  0.46379727],[-0.35409209 -4.13647917],[-0.11253015  0.17985311]
1526,1.5269999999999426,[-0.53591176  1.40283866],[-0.64176309  0.45967389],[-0.35316799 -4.12338193],[-0.11245183  0.17990972]
1527,1.5279999999999425,[-0.53655388  1.40329423],[-0.64211534  0.45556355],[-0.35225041 -4.11034458],[-0.11237352  0.179966  ]
1528,1.5289999999999424,[-0.53719634  1.40374569],[-0.64246668  0.45146618],[-0.35133931 -4.09736689],[-0.11229521  0.18002196]
1529,1.5299999999999423,[-0.53783916  1.40419308],[-0.64281711  0.44738173],[-0.35043461 -4.0844486 ],[-0.1122169   0.18007759]
1530,1.5309999999999422,[-0.53848233  1.40463639],[-0.64316665  0.44331014],[-0.34953628 -4.07158947],[-0.1121386   0.18013291]
1531,1.531999999999942,[-0.53912584  1.40507564],[-0.64351529  0.43925135],[-0.34864426 -4.05878925],[-0.11206029  0.1801879 ]
1532,1.532999999999942,[-0.5397697   1.40551084],[-0.64386305  0.4352053 ],[-0.3477585  -4.04604769],[-0.11198198  0.18024257]
1533,1.5339999999999419,[-0.54041391  1.40594201],[-0.64420993  0.43117194],[-0.34687894 -4.03336454],[-0.11190367  0.18029693]
1534,1.5349999999999417,[-0.54105847  1.40636917],[-0.64455593  0.4271512 ],[-0.34600554 -4.02073955],[-0.11182536  0.18035097]
1535,1.5359999999999416,[-0.54170337  1.40679231],[-0.64490107  0.42314303],[-0.34513824 -4.00817247],[-0.11174705  0.1804047 ]
1536,1.5369999999999415,[-0.54234862  1.40721146],[-0.64524535  0.41914736],[-0.34427699 -3.99566305],[-0.11166874  0.18045812]
1537,1.5379999999999414,[-0.54299421  1.40762662],[-0.64558877  0.41516415],[-0.34342174 -3.98321104],[-0.11159043  0.18051123]
1538,1.5389999999999413,[-0.54364014  1.40803781],[-0.64593134  0.41119334],[-0.34257244 -3.97081619],[-0.11151212  0.18056402]
1539,1.5399999999999412,[-0.54428641  1.40844505],[-0.64627307  0.40723486],[-0.34172905 -3.95847825],[-0.1114338   0.18061652]
1540,1.540999999999941,[-0.54493302  1.40884834],[-0.64661396  0.40328866],[-0.34089151 -3.94619696],[-0.11135548  0.1806687 ]
1541,1.541999999999941,[-0.54557998  1.40924769],[-0.64695402  0.39935469],[-0.34005977 -3.93397207],[-0.11127717  0.18072059]
1542,1.5429999999999409,[-0.54622727  1.40964313],[-0.64729326  0.39543289],[-0.33923379 -3.92180333],[-0.11119885  0.18077217]
1543,1.5439999999999408,[-0.5468749   1.41003465],[-0.64763167  0.3915232 ],[-0.33841351 -3.90969049],[-0.11112052  0.18082345]
1544,1.5449999999999406,[-0.54752287  1.41042227],[-0.64796927  0.38762556],[-0.3375989  -3.89763329],[-0.1110422   0.18087444]
1545,1.5459999999999405,[-0.54817118  1.41080601],[-0.64830606  0.38373993],[-0.3367899  -3.88563148],[-0.11096387  0.18092513]
1546,1.5469999999999404,[-0.54881982  1.41118588],[-0.64864205  0.37986625],[-0.33598646 -3.87368481],[-0.11088554  0.18097552]
1547,1.5479999999999403,[-0.5494688   1.41156188],[-0.64897723  0.37600445],[-0.33518854 -3.86179302],[-0.1108072   0.18102562]
1548,1.5489999999999402,[-0.55011811  1.41193404],[-0.64931163  0.3721545 ],[-0.3343961  -3.84995586],[-0.11072886  0.18107542]
1549,1.54999999999994,[-0.55076775  1.41230236],[-0.64964524  0.36831632],[-0.33360908 -3.83817308],[-0.11065052  0.18112494]
1550,1.55099999999994,[-0.55141773  1.41266685],[-0.64997807  0.36448988],[-0.33282745 -3.82644442],[-0.11057218  0.18117417]
1551,1.5519999999999399,[-0.55206804  1.41302752],[-0.65031012  0.36067511],[-0.33205115 -3.81476962],[-0.11049383  0.18122311]
1552,1.5529999999999398,[-0.55271868  1.41338439],[-0.6506414   0.35687196],[-0.33128015 -3.80314844],[-0.11041547  0.18127177]
1553,1.5539999999999397,[-0.55336966  1.41373747],[-0.65097191  0.35308038],[-0.33051439 -3.79158061],[-0.11033712  0.18132014]
1554,1.5549999999999395,[-0.55402096  1.41408677],[-0.65130167  0.34930032],[-0.32975384 -3.78006589],[-0.11025875  0.18136823]
1555,1.5559999999999394,[-0.55467259  1.4144323 ],[-0.65163067  0.34553171],[-0.32899844 -3.76860402],[-0.11018039  0.18141604]
1556,1.5569999999999393,[-0.55532455  1.41477408],[-0.65195891  0.34177452],[-0.32824817 -3.75719475],[-0.11010201  0.18146357]
1557,1.5579999999999392,[-0.55597683  1.41511211],[-0.65228642  0.33802868],[-0.32750296 -3.74583782],[-0.11002364  0.18151082]
1558,1.558999999999939,[-0.55662945  1.4154464 ],[-0.65261318  0.33429415],[-0.32676279 -3.73453297],[-0.10994525  0.1815578 ]
1559,1.559999999999939,[-0.55728239  1.41577697],[-0.65293921  0.33057087],[-0.32602761 -3.72327996],[-0.10986686  0.1816045 ]
1560,1.5609999999999389,[-0.55793565  1.41610383],[-0.6532645   0.32685879],[-0.32529738 -3.71207853],[-0.10978847  0.18165093]
1561,1.5619999999999388,[-0.55858924  1.41642699],[-0.65358908  0.32315786],[-0.32457205 -3.70092842],[-0.10971007  0.18169709]
1562,1.5629999999999387,[-0.55924315  1.41674646],[-0.65391293  0.31946803],[-0.32385159 -3.68982939],[-0.10963166  0.18174298]
1563,1.5639999999999386,[-0.55989739  1.41706225],[-0.65423606  0.31578925],[-0.32313595 -3.67878117],[-0.10955325  0.1817886 ]
1564,1.5649999999999384,[-0.56055195  1.41737437],[-0.65455849  0.31212146],[-0.3224251  -3.66778351],[-0.10947483  0.18183395]
1565,1.5659999999999383,[-0.56120683  1.41768283],[-0.65488021  0.30846463],[-0.32171899 -3.65683617],[-0.10939641  0.18187904]
1566,1.5669999999999382,[-0.56186203  1.41798765],[-0.65520123  0.30481869],[-0.32101758 -3.64593888],[-0.10931798  0.18192386]
1567,1.567999999999938,[-0.56251755  1.41828884],[-0.65552155  0.3011836 ],[-0.32032083 -3.6350914 ],[-0.10923954  0.18196842]
1568,1.568999999999938,[-0.56317339  1.41858639],[-0.65584118  0.2975593 ],[-0.31962871 -3.62429347],[-0.10916109  0.18201272]
1569,1.569999999999938,[-0.56382955  1.41888034],[-0.65616012  0.29394576],[-0.31894118 -3.61354483],[-0.10908264  0.18205676]
1570,1.5709999999999378,[-0.56448603  1.41917068],[-0.65647837  0.29034291],[-0.3182582  -3.60284524],[-0.10900418  0.18210055]
1571,1.5719999999999377,[-0.56514283  1.41945743],[-0.65679595  0.28675072],[-0.31757972 -3.59219445],[-0.10892571  0.18214407]
1572,1.5729999999999376,[-0.56579994  1.4197406 ],[-0.65711286  0.28316913],[-0.31690571 -3.5815922 ],[-0.10884724  0.18218734]
1573,1.5739999999999374,[-0.56645737  1.4200202 ],[-0.6574291   0.27959809],[-0.31623614 -3.57103823],[-0.10876875  0.18223036]
1574,1.5749999999999373,[-0.56711511  1.42029624],[-0.65774467  0.27603756],[-0.31557096 -3.56053231],[-0.10869026  0.18227312]
1575,1.5759999999999372,[-0.56777317  1.42056873],[-0.65805958  0.27248748],[-0.31491015 -3.55007417],[-0.10861176  0.18231564]
1576,1.5769999999999371,[-0.56843155  1.42083767],[-0.65837383  0.26894782],[-0.31425365 -3.53966357],[-0.10853325  0.1823579 ]
1577,1.577999999999937,[-0.56909023  1.42110309],[-0.65868743  0.26541852],[-0.31360144 -3.52930026],[-0.10845474  0.18239992]
1578,1.578999999999937,[-0.56974923  1.42136499],[-0.65900039  0.26189954],[-0.31295348 -3.51898398],[-0.10837621  0.18244169]
1579,1.5799999999999368,[-0.57040855  1.42162338],[-0.6593127   0.25839082],[-0.31230974 -3.50871449],[-0.10829768  0.18248321]
1580,1.5809999999999367,[-0.57106817  1.42187828],[-0.65962437  0.25489233],[-0.31167017 -3.49849154],[-0.10821913  0.18252449]
1581,1.5819999999999366,[-0.57172811  1.42212968],[-0.6599354   0.25140401],[-0.31103475 -3.48831487],[-0.10814058  0.18256553]
1582,1.5829999999999365,[-0.57238835  1.4223776 ],[-0.6602458   0.24792583],[-0.31040344 -3.47818424],[-0.10806202  0.18260632]
1583,1.5839999999999363,[-0.57304891  1.42262206],[-0.66055558  0.24445773],[-0.3097762  -3.46809941],[-0.10798345  0.18264688]
1584,1.5849999999999362,[-0.57370977  1.42286306],[-0.66086473  0.24099967],[-0.30915299 -3.45806011],[-0.10790487  0.1826872 ]
1585,1.5859999999999361,[-0.57437095  1.42310061],[-0.66117327  0.2375516 ],[-0.3085338  -3.44806611],[-0.10782628  0.18272728]
1586,1.586999999999936,[-0.57503243  1.42333473],[-0.66148119  0.23411349],[-0.30791858 -3.43811717],[-0.10774768  0.18276712]
1587,1.587999999999936,[-0.57569422  1.42356541],[-0.66178849  0.23068527],[-0.30730729 -3.42821302],[-0.10766907  0.18280673]
1588,1.5889999999999358,[-0.57635631  1.42379268],[-0.66209519  0.22726692],[-0.30669991 -3.41835343],[-0.10759045  0.18284611]
1589,1.5899999999999357,[-0.57701871  1.42401654],[-0.66240129  0.22385838],[-0.3060964  -3.40853815],[-0.10751182  0.18288525]
1590,1.5909999999999356,[-0.57768142  1.424237  ],[-0.66270679  0.22045962],[-0.30549673 -3.39876693],[-0.10743318  0.18292417]
1591,1.5919999999999355,[-0.57834443  1.42445407],[-0.66301169  0.21707058],[-0.30490087 -3.38903954],[-0.10735453  0.18296285]
1592,1.5929999999999354,[-0.57900775  1.42466776],[-0.663316    0.21369122],[-0.30430879 -3.37935572],[-0.10727587  0.18300131]
1593,1.5939999999999352,[-0.57967137  1.42487808],[-0.66361972  0.21032151],[-0.30372044 -3.36971523],[-0.10719719  0.18303954]
1594,1.5949999999999351,[-0.58033529  1.42508504],[-0.66392285  0.20696139],[-0.30313581 -3.36011783],[-0.10711851  0.18307754]
1595,1.595999999999935,[-0.58099951  1.42528865],[-0.66422541  0.20361082],[-0.30255486 -3.35056328],[-0.10703981  0.18311532]
1596,1.596999999999935,[-0.58166404  1.42548892],[-0.66452738  0.20026977],[-0.30197755 -3.34105134],[-0.10696111  0.18315288]
1597,1.5979999999999348,[-0.58232887  1.42568586],[-0.66482879  0.19693819],[-0.30140387 -3.33158175],[-0.10688239  0.18319021]
1598,1.5989999999999347,[-0.582994    1.42587948],[-0.66512962  0.19361604],[-0.30083377 -3.32215429],[-0.10680366  0.18322732]
1599,1.5999999999999346,[-0.58365943  1.42606978],[-0.66542989  0.19030327],[-0.30026723 -3.31276871],[-0.10672492  0.18326422]
1600,1.6009999999999345,[-0.58432516  1.42625678],[-0.66572959  0.18699984],[-0.29970422 -3.30342477],[-0.10664617  0.1833009 ]
1601,1.6019999999999344,[-0.58499119  1.42644049],[-0.66602874  0.18370572],[-0.2991447  -3.29412224],[-0.10656741  0.18333736]
1602,1.6029999999999343,[-0.58565752  1.42662091],[-0.66632733  0.18042086],[-0.29858865 -3.28486086],[-0.10648863  0.1833736 ]
1603,1.6039999999999341,[-0.58632414  1.42679805],[-0.66662536  0.17714522],[-0.29803604 -3.27564041],[-0.10640984  0.18340963]
1604,1.604999999999934,[-0.58699106  1.42697193],[-0.66692285  0.17387876],[-0.29748684 -3.26646065],[-0.10633105  0.18344545]
1605,1.605999999999934,[-0.58765828  1.42714255],[-0.66721979  0.17062144],[-0.29694102 -3.25732134],[-0.10625223  0.18348105]
1606,1.6069999999999338,[-0.5883258   1.42730993],[-0.66751619  0.16737322],[-0.29639855 -3.24822224],[-0.10617341  0.18351644]
1607,1.6079999999999337,[-0.58899361  1.42747406],[-0.66781205  0.16413405],[-0.29585941 -3.23916312],[-0.10609457  0.18355163]
1608,1.6089999999999336,[-0.58966172  1.42763496],[-0.66810737  0.16090391],[-0.29532356 -3.23014375],[-0.10601572  0.1835866 ]
1609,1.6099999999999335,[-0.59033012  1.42779265],[-0.66840216  0.15768274],[-0.29479098 -3.22116388],[-0.10593686  0.18362137]
1610,1.6109999999999334,[-0.59099882  1.42794712],[-0.66869642  0.15447052],[-0.29426163 -3.21222329],[-0.10585798  0.18365593]
1611,1.6119999999999333,[-0.59166781  1.42809838],[-0.66899016  0.1512672 ],[-0.29373551 -3.20332173],[-0.1057791   0.18369029]
1612,1.6129999999999332,[-0.59233709  1.42824646],[-0.66928337  0.14807274],[-0.29321256 -3.19445899],[-0.10570019  0.18372444]
1613,1.613999999999933,[-0.59300667  1.42839134],[-0.66957607  0.14488711],[-0.29269277 -3.18563482],[-0.10562128  0.18375839]
1614,1.614999999999933,[-0.59367654  1.42853305],[-0.66986824  0.14171026],[-0.29217612 -3.176849  ],[-0.10554235  0.18379213]
1615,1.6159999999999328,[-0.5943467  1.4286716],[-0.6701599   0.13854216],[-0.29166257 -3.16810129],[-0.10546341  0.18382568]
1616,1.6169999999999327,[-0.59501715  1.42880698],[-0.67045106  0.13538276],[-0.2911521  -3.15939147],[-0.10538446  0.18385902]
1617,1.6179999999999326,[-0.59568789  1.42893921],[-0.6707417   0.13223205],[-0.29064468 -3.15071931],[-0.10530549  0.18389217]
1618,1.6189999999999325,[-0.59635892  1.4290683 ],[-0.67103184  0.12908996],[-0.29014029 -3.14208457],[-0.10522651  0.18392512]
1619,1.6199999999999324,[-0.59703024  1.42919426],[-0.67132148  0.12595647],[-0.2896389  -3.13348703],[-0.10514751  0.18395787]
1620,1.6209999999999323,[-0.59770185  1.42931709],[-0.67161062  0.12283155],[-0.28914048 -3.12492646],[-0.1050685   0.18399043]
1621,1.6219999999999322,[-0.59837375  1.4294368 ],[-0.67189927  0.11971514],[-0.28864501 -3.11640264],[-0.10498948  0.1840228 ]
1622,1.622999999999932,[-0.59904594  1.42955341],[-0.67218742  0.11660723],[-0.28815247 -3.10791533],[-0.10491044  0.18405497]
1623,1.623999999999932,[-0.59971841  1.42966692],[-0.67247508  0.11350776],[-0.28766283 -3.09946432],[-0.10483138  0.18408695]
1624,1.6249999999999318,[-0.60039118  1.42977734],[-0.67276226  0.11041672],[-0.28717606 -3.09104939],[-0.10475232  0.18411873]
1625,1.6259999999999317,[-0.60106422  1.42988467],[-0.67304895  0.10733405],[-0.28669215 -3.08267029],[-0.10467324  0.18415033]
1626,1.6269999999999316,[-0.60173756  1.42998893],[-0.67333516  0.10425972],[-0.28621106 -3.07432683],[-0.10459414  0.18418174]
1627,1.6279999999999315,[-0.60241118  1.43009012],[-0.67362089  0.1011937 ],[-0.28573278 -3.06601876],[-0.10451503  0.18421296]
1628,1.6289999999999314,[-0.60308509  1.43018826],[-0.67390615  0.09813595],[-0.28525727 -3.05774587],[-0.1044359   0.18424399]
1629,1.6299999999999313,[-0.60375928  1.43028335],[-0.67419093  0.09508645],[-0.28478452 -3.04950795],[-0.10435676  0.18427484]
1630,1.6309999999999312,[-0.60443375  1.43037539],[-0.67447525  0.09204514],[-0.2843145  -3.04130476],[-0.10427761  0.1843055 ]
1631,1.631999999999931,[-0.60510851  1.4304644 ],[-0.6747591  0.089012 ],[-0.28384719 -3.03313609],[-0.10419844  0.18433597]
1632,1.632999999999931,[-0.60578355  1.43055039],[-0.67504248  0.085987  ],[-0.28338257 -3.02500173],[-0.10411925  0.18436627]
1633,1.6339999999999308,[-0.60645888  1.43063336],[-0.6753254  0.0829701],[-0.2829206  -3.01690145],[-0.10404005  0.18439638]
1634,1.6349999999999307,[-0.60713449  1.43071332],[-0.67560786  0.07996127],[-0.28246128 -3.00883503],[-0.10396084  0.18442631]
1635,1.6359999999999306,[-0.60781038  1.43079028],[-0.67588987  0.07696046],[-0.28200458 -3.00080227],[-0.10388161  0.18445606]
1636,1.6369999999999305,[-0.60848655  1.43086425],[-0.67617142  0.07396766],[-0.28155047 -2.99280294],[-0.10380236  0.18448563]
1637,1.6379999999999304,[-0.609163    1.43093523],[-0.67645251  0.07098282],[-0.28109893 -2.98483684],[-0.1037231   0.18451502]
1638,1.6389999999999303,[-0.60983974  1.43100324],[-0.67673316  0.06800592],[-0.28064994 -2.97690374],[-0.10364382  0.18454424]
1639,1.6399999999999302,[-0.61051675  1.43106828],[-0.67701337  0.06503692],[-0.28020348 -2.96900343],[-0.10356453  0.18457328]
1640,1.64099999999993,[-0.61119404  1.43113035],[-0.67729313  0.06207578],[-0.27975953 -2.96113571],[-0.10348522  0.18460214]
1641,1.64199999999993,[-0.61187161  1.43118947],[-0.67757245  0.05912248],[-0.27931807 -2.95330036],[-0.10340589  0.18463083]
1642,1.6429999999999298,[-0.61254947  1.43124565],[-0.67785132  0.05617698],[-0.27887907 -2.94549716],[-0.10332655  0.18465934]
1643,1.6439999999999297,[-0.6132276   1.43129889],[-0.67812977  0.05323926],[-0.27844251 -2.93772592],[-0.10324719  0.18468768]
1644,1.6449999999999296,[-0.613906   1.4313492],[-0.67840778  0.05030927],[-0.27800837 -2.92998641],[-0.10316782  0.18471585]
1645,1.6459999999999295,[-0.61458469  1.43139659],[-0.67868535  0.04738699],[-0.27757664 -2.92227844],[-0.10308843  0.18474385]
1646,1.6469999999999294,[-0.61526365  1.43144106],[-0.6789625   0.04447239],[-0.27714729 -2.9146018 ],[-0.10300902  0.18477167]
1647,1.6479999999999293,[-0.61594289  1.43148262],[-0.67923922  0.04156544],[-0.2767203  -2.90695627],[-0.1029296   0.18479933]
1648,1.6489999999999292,[-0.61662241  1.43152129],[-0.67951552  0.03866609],[-0.27629565 -2.89934165],[-0.10285016  0.18482682]
1649,1.649999999999929,[-0.6173022   1.43155706],[-0.67979139  0.03577434],[-0.27587332 -2.89175774],[-0.10277071  0.18485414]
1650,1.650999999999929,[-0.61798226  1.43158995],[-0.68006684  0.03289013],[-0.27545329 -2.88420433],[-0.10269123  0.18488129]
1651,1.6519999999999289,[-0.61866261  1.43161997],[-0.68034188  0.03001345],[-0.27503554 -2.87668121],[-0.10261174  0.18490828]
1652,1.6529999999999287,[-0.61934322  1.43164711],[-0.6806165   0.02714426],[-0.27462005 -2.8691882 ],[-0.10253224  0.1849351 ]
1653,1.6539999999999286,[-0.62002411  1.43167149],[-0.6808897   0.02437525],[-0.27320132 -2.76901198],[-0.10245272  0.18496176]
1654,1.6549999999999285,[-0.62070527  1.43169334],[-0.68115991  0.02185181],[-0.27020886 -2.52344486],[-0.10237323  0.18498361]
1655,1.6559999999999284,[-0.6213867   1.43171289],[-0.68142737  0.0195517 ],[-0.2674612  -2.30010455],[-0.10229385  0.18499336]
1656,1.6569999999999283,[-0.62206839  1.43173035],[-0.68169231  0.01745472],[-0.26493586 -2.09697949],[-0.10221457  0.18499209]
1657,1.6579999999999282,[-0.62275035  1.43174589],[-0.68195492  0.01554248],[-0.26261243 -1.91224015],[-0.10213539  0.1849808 ]
1658,1.658999999999928,[-0.62343256  1.43175968],[-0.68221551  0.01378722],[-0.26059201 -1.75525707],[-0.10205628  0.18496039]
1659,1.659999999999928,[-0.62411504  1.4317717 ],[-0.68247587  0.01202434],[-0.26035714 -1.76288714],[-0.10197724  0.18493223]
1660,1.6609999999999279,[-0.62479777  1.43178195],[-0.68273599  0.01025396],[-0.26012132 -1.77037388],[-0.10189817  0.18490455]
1661,1.6619999999999278,[-0.62548077  1.43179043],[-0.68299587  0.00847624],[-0.25988456 -1.77771899],[-0.10181908  0.18487735]
1662,1.6629999999999276,[-0.62616403  1.43179712],[-0.68325552  0.00669132],[-0.2596469  -1.78492417],[-0.10173996  0.18485061]
1663,1.6639999999999275,[-0.62684754  1.43180202],[-0.68351493  0.00489933],[-0.25940837 -1.79199112],[-0.10166082  0.18482434]
1664,1.6649999999999274,[-0.62753131  1.43180512],[-0.6837741   0.00310041],[-0.25916899 -1.79892147],[-0.10158166  0.18479852]
1665,1.6659999999999273,[-0.62821535  1.43180642],[-0.68403303  0.00129469],[-0.2589288  -1.80571687],[-0.10150247  0.18477315]
1666,1.6669999999999272,[-0.62889964  1.4318059 ],[-6.84291713e-01 -5.17688501e-04],[-0.25868781 -1.81237895],[-0.10142326  0.18474823]
1667,1.667999999999927,[-0.62958419  1.43180356],[-0.68455016 -0.0023366 ],[-0.25844607 -1.8189093 ],[-0.10134402  0.18472375]
1668,1.668999999999927,[-0.630269   1.4317994],[-0.68480836 -0.00416191],[-0.25820359 -1.82530951],[-0.10126476  0.1846997 ]
1669,1.6699999999999269,[-0.63095406  1.43179341],[-0.68506632 -0.00599349],[-0.25796039 -1.83158114],[-0.10118548  0.18467607]
1670,1.6709999999999268,[-0.63163939  1.43178557],[-0.68532404 -0.00783121],[-0.25771652 -1.83772575],[-0.10110617  0.18465287]
1671,1.6719999999999267,[-0.63232497  1.4317759 ],[-0.68558151 -0.00967496],[-0.25747199 -1.84374484],[-0.10102684  0.18463008]
1672,1.6729999999999265,[-0.63301081  1.43176437],[-0.68583874 -0.0115246 ],[-0.25722682 -1.84963995],[-0.10094748  0.1846077 ]
1673,1.6739999999999264,[-0.6336969   1.43175099],[-0.68609572 -0.01338001],[-0.25698104 -1.85541256],[-0.1008681   0.18458573]
1674,1.6749999999999263,[-0.63438326  1.43173575],[-0.68635245 -0.01524108],[-0.25673468 -1.86106415],[-0.1007887   0.18456416]
1675,1.6759999999999262,[-0.63506987  1.43171865],[-0.68660894 -0.01710767],[-0.25648775 -1.86659618],[-0.10070927  0.18454297]
1676,1.676999999999926,[-0.63575673  1.43169967],[-0.68686518 -0.01897968],[-0.25624029 -1.87201009],[-0.10062982  0.18452218]
1677,1.677999999999926,[-0.63644385  1.43167881],[-0.68712117 -0.02085699],[-0.25599231 -1.8773073 ],[-0.10055035  0.18450177]
1678,1.6789999999999259,[-0.63713123  1.43165607],[-0.68737692 -0.02273948],[-0.25574384 -1.88248923],[-0.10047085  0.18448174]
1679,1.6799999999999258,[-0.63781886  1.43163144],[-0.68763241 -0.02462704],[-0.2554949  -1.88755726],[-0.10039133  0.18446208]
1680,1.6809999999999257,[-0.63850675  1.43160492],[-0.68788766 -0.02651955],[-0.2552455  -1.89251278],[-0.10031179  0.18444278]
1681,1.6819999999999256,[-0.63919489  1.43157651],[-0.68814265 -0.02841691],[-0.25499568 -1.89735714],[-0.10023222  0.18442385]
1682,1.6829999999999254,[-0.63988329  1.43154619],[-0.6883974 -0.030319 ],[-0.25474545 -1.90209169],[-0.10015263  0.18440528]
1683,1.6839999999999253,[-0.64057194  1.43151396],[-0.6886519  -0.03222572],[-0.25449483 -1.90671776],[-0.10007301  0.18438706]
1684,1.6849999999999252,[-0.64126085  1.43147982],[-0.68890614 -0.03413695],[-0.25424385 -1.91123666],[-0.09999338  0.18436918]
1685,1.6859999999999251,[-0.64195001  1.43144377],[-0.68916013 -0.0360526 ],[-0.25399251 -1.91564968],[-0.09991371  0.18435165]
1686,1.686999999999925,[-0.64263942  1.4314058 ],[-0.68941387 -0.03797256],[-0.25374085 -1.91995811],[-0.09983403  0.18433445]
1687,1.687999999999925,[-0.64332909  1.4313659 ],[-0.68966736 -0.03989672],[-0.25348888 -1.92416322],[-0.09975432  0.18431759]
1688,1.6889999999999248,[-0.64401901  1.43132408],[-0.6899206  -0.04182499],[-0.25323661 -1.92826626],[-0.09967459  0.18430106]
1689,1.6899999999999247,[-0.64470918  1.43128032],[-0.69017358 -0.04375726],[-0.25298408 -1.93226847],[-0.09959484  0.18428485]
1690,1.6909999999999246,[-0.64539961  1.43123463],[-0.69042631 -0.04569343],[-0.25273128 -1.93617107],[-0.09951507  0.18426896]
1691,1.6919999999999245,[-0.64609029  1.43118699],[-0.69067879 -0.0476334 ],[-0.25247825 -1.93997527],[-0.09943527  0.18425338]
1692,1.6929999999999243,[-0.64678122  1.43113742],[-0.69093102 -0.04957709],[-0.252225   -1.94368226],[-0.09935545  0.18423811]
1693,1.6939999999999242,[-0.6474724   1.43108589],[-0.69118299 -0.05152438],[-0.25197155 -1.94729324],[-0.0992756   0.18422315]
1694,1.6949999999999241,[-0.64816384  1.43103242],[-0.69143471 -0.05347519],[-0.2517179  -1.95080935],[-0.09919573  0.18420849]
1695,1.695999999999924,[-0.64885552  1.43097699],[-0.69168617 -0.05542942],[-0.25146409 -1.95423176],[-0.09911584  0.18419413]
1696,1.696999999999924,[-0.64954746  1.4309196 ],[-0.69193738 -0.05738698],[-0.25121012 -1.95756161],[-0.09903593  0.18418006]
1697,1.6979999999999238,[-0.65023965  1.43086025],[-0.69218834 -0.05934778],[-0.25095601 -1.96080001],[-0.098956    0.18416628]
1698,1.6989999999999237,[-0.65093209  1.43079894],[-0.69243904 -0.06131173],[-0.25070177 -1.9639481 ],[-0.09887604  0.18415278]
1699,1.6999999999999236,[-0.65162478  1.43073566],[-0.69268949 -0.06327874],[-0.25044743 -1.96700696],[-0.09879606  0.18413956]
1700,1.7009999999999235,[-0.65231772  1.43067041],[-0.69293968 -0.06524871],[-0.25019299 -1.96997768],[-0.09871605  0.18412662]
1701,1.7019999999999234,[-0.65301091  1.43060319],[-0.69318962 -0.06722158],[-0.24993846 -1.97286133],[-0.09863603  0.18411395]
1702,1.7029999999999232,[-0.65370434  1.430534  ],[-0.6934393  -0.06919724],[-0.24968387 -1.97565898],[-0.09855598  0.18410155]
1703,1.7039999999999231,[-0.65439803  1.43046282],[-0.69368873 -0.07117561],[-0.24942923 -1.97837168],[-0.0984759   0.18408941]
1704,1.704999999999923,[-0.65509197  1.43038966],[-0.6939379  -0.07315661],[-0.24917455 -1.98100046],[-0.09839581  0.18407753]
1705,1.705999999999923,[-0.65578616  1.43031452],[-0.69418682 -0.07514015],[-0.24891983 -1.98354634],[-0.09831569  0.18406591]
1706,1.7069999999999228,[-0.65648059  1.4302374 ],[-0.69443549 -0.07712616],[-0.24866511 -1.98601034],[-0.09823555  0.18405454]
1707,1.7079999999999227,[-0.65717528  1.43015828],[-0.6946839  -0.07911456],[-0.24841038 -1.98839346],[-0.09815539  0.18404342]
1708,1.7089999999999226,[-0.65787021  1.43007718],[-0.69493206 -0.08110525],[-0.24815566 -1.99069668],[-0.09807521  0.18403255]
1709,1.7099999999999225,[-0.65856539  1.42999408],[-0.69517996 -0.08309818],[-0.24790096 -1.99292098],[-0.097995    0.18402191]
1710,1.7109999999999224,[-0.65926082  1.42990899],[-0.6954276  -0.08509324],[-0.24764629 -1.99506733],[-0.09791477  0.18401151]
1711,1.7119999999999223,[-0.65995649  1.42982189],[-0.69567499 -0.08709038],[-0.24739167 -1.99713668],[-0.09783452  0.18400135]
1712,1.7129999999999221,[-0.66065241  1.42973281],[-0.69592213 -0.08908951],[-0.24713711 -1.99912997],[-0.09775425  0.18399142]
1713,1.713999999999922,[-0.66134858  1.42964171],[-0.69616901 -0.09109056],[-0.24688261 -2.00104812],[-0.09767395  0.18398171]
1714,1.714999999999922,[-0.662045    1.42954862],[-0.69641564 -0.09309345],[-0.24662819 -2.00289207],[-0.09759363  0.18397223]
1715,1.7159999999999218,[-0.66274166  1.42945352],[-0.69666202 -0.09509811],[-0.24637385 -2.00466272],[-0.09751329  0.18396297]
1716,1.7169999999999217,[-0.66343857  1.42935642],[-0.69690814 -0.09710447],[-0.24611962 -2.00636096],[-0.09743293  0.18395392]
1717,1.7179999999999216,[-0.66413572  1.42925731],[-0.697154   -0.09911246],[-0.24586549 -2.00798769],[-0.09735254  0.18394509]
1718,1.7189999999999215,[-0.66483312  1.42915618],[-0.69739961 -0.101122  ],[-0.24561147 -2.00954377],[-0.09727213  0.18393646]
1719,1.7199999999999214,[-0.66553077  1.42905305],[-0.69764497 -0.10313303],[-0.24535759 -2.01103008],[-0.0971917   0.18392804]
1720,1.7209999999999213,[-0.66622866  1.42894791],[-0.69789007 -0.10514548],[-0.24510384 -2.01244747],[-0.09711125  0.18391983]
1721,1.7219999999999211,[-0.66692679  1.42884075],[-0.69813492 -0.10715928],[-0.24485023 -2.01379679],[-0.09703078  0.18391182]
1722,1.722999999999921,[-0.66762517  1.42873157],[-0.69837952 -0.10917436],[-0.24459677 -2.01507886],[-0.09695028  0.183904  ]
1723,1.723999999999921,[-0.6683238   1.42862038],[-0.69862386 -0.11119065],[-0.24434348 -2.01629452],[-0.09686976  0.18389637]
1724,1.7249999999999208,[-0.66902266  1.42850717],[-0.69886795 -0.1132081 ],[-0.24409035 -2.01744458],[-0.09678922  0.18388894]
1725,1.7259999999999207,[-0.66972178  1.42839195],[-0.69911179 -0.11522663],[-0.2438374  -2.01852985],[-0.09670865  0.18388169]
1726,1.7269999999999206,[-0.67042113  1.4282747 ],[-0.69935538 -0.11724618],[-0.24358464 -2.01955111],[-0.09662807  0.18387463]
1727,1.7279999999999205,[-0.67112073  1.42815543],[-0.69959871 -0.11926669],[-0.24333207 -2.02050917],[-0.09654746  0.18386775]
1728,1.7289999999999204,[-0.67182057  1.42803415],[-0.69984179 -0.12128809],[-0.24307969 -2.02140478],[-0.09646683  0.18386104]
1729,1.7299999999999203,[-0.67252066  1.42791084],[-0.70008462 -0.12331033],[-0.24282753 -2.02223873],[-0.09638618  0.18385451]
1730,1.7309999999999202,[-0.67322098  1.4277855 ],[-0.70032719 -0.12533334],[-0.24257557 -2.02301177],[-0.0963055   0.18384816]
1731,1.73199999999992,[-0.67392155  1.42765815],[-0.70056952 -0.12735707],[-0.24232384 -2.02372464],[-0.09622481  0.18384197]
1732,1.73299999999992,[-0.67462236  1.42752876],[-0.70081159 -0.12938144],[-0.24207233 -2.02437809],[-0.09614409  0.18383595]
1733,1.7339999999999198,[-0.67532342  1.42739736],[-0.70105341 -0.13140642],[-0.24182106 -2.02497285],[-0.09606335  0.18383009]
1734,1.7349999999999197,[-0.67602471  1.42726393],[-0.70129498 -0.13343193],[-0.24157002 -2.02550964],[-0.09598259  0.1838244 ]
1735,1.7359999999999196,[-0.67672625  1.42712847],[-0.7015363  -0.13545792],[-0.24131923 -2.02598917],[-0.0959018   0.18381886]
1736,1.7369999999999195,[-0.67742803  1.42699098],[-0.70177737 -0.13748433],[-0.24106869 -2.02641215],[-0.09582099  0.18381348]
1737,1.7379999999999194,[-0.67813005  1.42685147],[-0.70201819 -0.13951111],[-0.2408184  -2.02677927],[-0.09574017  0.18380825]
1738,1.7389999999999193,[-0.6788323   1.42670993],[-0.70225875 -0.1415382 ],[-0.24056838 -2.02709122],[-0.09565931  0.18380317]
1739,1.7399999999999192,[-0.6795348   1.42656637],[-0.70249907 -0.14356555],[-0.24031862 -2.02734868],[-0.09557844  0.18379823]
1740,1.740999999999919,[-0.68023754  1.42642078],[-0.70273914 -0.1455931 ],[-0.24006913 -2.02755232],[-0.09549755  0.18379345]
1741,1.741999999999919,[-0.68094052  1.42627315],[-0.70297896 -0.1476208 ],[-0.23981992 -2.02770281],[-0.09541663  0.1837888 ]
1742,1.7429999999999188,[-0.68164374  1.42612351],[-0.70321853 -0.1496486 ],[-0.23957098 -2.0278008 ],[-0.09533569  0.18378429]
1743,1.7439999999999187,[-0.6823472   1.42597183],[-0.70345785 -0.15167645],[-0.23932234 -2.02784693],[-0.09525473  0.18377992]
1744,1.7449999999999186,[-0.68305089  1.42581812],[-0.70369693 -0.15370429],[-0.23907398 -2.02784184],[-0.09517375  0.18377569]
1745,1.7459999999999185,[-0.68375483  1.42566239],[-0.70393575 -0.15573208],[-0.23882591 -2.02778617],[-0.09509274  0.18377158]
1746,1.7469999999999184,[-0.684459    1.42550463],[-0.70417433 -0.15775976],[-0.23857814 -2.02768054],[-0.09501171  0.18376761]
1747,1.7479999999999183,[-0.68516342  1.42534485],[-0.70441266 -0.15978728],[-0.23833067 -2.02752557],[-0.09493067  0.18376376]
1748,1.7489999999999182,[-0.68586807  1.42518303],[-0.70465075 -0.16181461],[-0.23808351 -2.02732186],[-0.09484959  0.18376004]
1749,1.749999999999918,[-0.68657296  1.42501919],[-0.70488858 -0.16384168],[-0.23783665 -2.02707001],[-0.0947685   0.18375644]
1750,1.750999999999918,[-0.68727808  1.42485332],[-0.70512617 -0.16586845],[-0.23759011 -2.02677062],[-0.09468739  0.18375296]
1751,1.7519999999999178,[-0.68798345  1.42468543],[-0.70536352 -0.16789487],[-0.23734387 -2.02642427],[-0.09460625  0.18374959]
1752,1.7529999999999177,[-0.68868905  1.42451551],[-0.70560062 -0.1699209 ],[-0.23709796 -2.02603154],[-0.09452509  0.18374634]
1753,1.7539999999999176,[-0.68939488  1.42434356],[-0.70583747 -0.1719465 ],[-0.23685236 -2.02559301],[-0.09444391  0.18374321]
1754,1.7549999999999175,[-0.69010096  1.42416959],[-0.70607407 -0.17397161],[-0.23660709 -2.02510924],[-0.09436271  0.18374018]
1755,1.7559999999999174,[-0.69080727  1.42399359],[-0.70631044 -0.17599619],[-0.23636214 -2.02458079],[-0.09428148  0.18373727]
1756,1.7569999999999173,[-0.69151382  1.42381557],[-0.70654655 -0.17802019],[-0.23611752 -2.02400821],[-0.09420024  0.18373445]
1757,1.7579999999999172,[-0.6922206   1.42363553],[-0.70678243 -0.18004359],[-0.23587323 -2.02339203],[-0.09411897  0.18373175]
1758,1.758999999999917,[-0.69292762  1.42345346],[-0.70701806 -0.18206632],[-0.23562927 -2.02273281],[-0.09403768  0.18372914]
1759,1.759999999999917,[-0.69363487  1.42326937],[-0.70725344 -0.18408835],[-0.23538564 -2.02203108],[-0.09395637  0.18372664]
1760,1.7609999999999169,[-0.69434236  1.42308326],[-0.70748859 -0.18610964],[-0.23514235 -2.02128735],[-0.09387503  0.18372423]
1761,1.7619999999999167,[-0.69505008  1.42289513],[-0.70772348 -0.18813014],[-0.2348994  -2.02050214],[-0.09379368  0.18372192]
1762,1.7629999999999166,[-0.69575804  1.42270498],[-0.70795814 -0.19014982],[-0.23465678 -2.01967597],[-0.0937123  0.1837197]
1763,1.7639999999999165,[-0.69646623  1.42251281],[-0.70819256 -0.19216863],[-0.23441451 -2.01880934],[-0.0936309   0.18371757]
1764,1.7649999999999164,[-0.69717466  1.42231863],[-0.70842673 -0.19418653],[-0.23417258 -2.01790275],[-0.09354948  0.18371553]
1765,1.7659999999999163,[-0.69788332  1.42212242],[-0.70866066 -0.19620348],[-0.23393099 -2.0169567 ],[-0.09346803  0.18371358]
1766,1.7669999999999162,[-0.69859221  1.4219242 ],[-0.70889435 -0.19821946],[-0.23368974 -2.01597167],[-0.09338657  0.18371171]
1767,1.767999999999916,[-0.69930134  1.42172397],[-0.7091278 -0.2002344],[-0.23344884 -2.01494814],[-0.09330508  0.18370993]
1768,1.768999999999916,[-0.7000107   1.42152172],[-0.70936101 -0.20224829],[-0.23320829 -2.01388658],[-0.09322357  0.18370822]
1769,1.7699999999999159,[-0.7007203   1.42131746],[-0.70959397 -0.20426108],[-0.23296808 -2.01278747],[-0.09314204  0.1837066 ]
1770,1.7709999999999158,[-0.70143012  1.42111119],[-0.7098267  -0.20627273],[-0.23272822 -2.01165127],[-0.09306049  0.18370505]
1771,1.7719999999999156,[-0.70214018  1.42090291],[-0.71005919 -0.20828321],[-0.2324887  -2.01047844],[-0.09297891  0.18370358]
1772,1.7729999999999155,[-0.70285047  1.42069261],[-0.71029144 -0.21029248],[-0.23224954 -2.00926943],[-0.09289731  0.18370219]
1773,1.7739999999999154,[-0.703561    1.42048031],[-0.71052345 -0.2123005 ],[-0.23201072 -2.00802467],[-0.0928157   0.18370086]
1774,1.7749999999999153,[-0.70427175  1.420266  ],[-0.71075522 -0.21430725],[-0.23177225 -2.00674463],[-0.09273406  0.18369961]
1775,1.7759999999999152,[-0.70498274  1.42004969],[-0.71098676 -0.21631268],[-0.23153413 -2.00542972],[-0.09265239  0.18369842]
1776,1.776999999999915,[-0.70569396  1.41983138],[-0.71121805 -0.21831676],[-0.23129636 -2.00408039],[-0.09257071  0.1836973 ]
1777,1.777999999999915,[-0.70640541  1.41961106],[-0.71144911 -0.22031945],[-0.23105893 -2.00269705],[-0.092489    0.18369624]
1778,1.7789999999999149,[-0.70711709  1.41938874],[-0.71167993 -0.22232073],[-0.23082186 -2.00128012],[-0.09240727  0.18369524]
1779,1.7799999999999148,[-0.707829    1.41916441],[-0.71191052 -0.22432056],[-0.23058513 -1.99983002],[-0.09232553  0.18369431]
1780,1.7809999999999147,[-0.70854114  1.4189381 ],[-0.71214087 -0.22631891],[-0.23034875 -1.99834716],[-0.09224375  0.18369344]
1781,1.7819999999999145,[-0.70925351  1.41870978],[-0.71237098 -0.22831574],[-0.23011272 -1.99683193],[-0.09216196  0.18369262]
1782,1.7829999999999144,[-0.70996611  1.41847947],[-0.71260086 -0.23031103],[-0.22987704 -1.99528475],[-0.09208015  0.18369186]
1783,1.7839999999999143,[-0.71067894  1.41824716],[-0.7128305  -0.23230473],[-0.2296417  -1.99370599],[-0.09199831  0.18369115]
1784,1.7849999999999142,[-0.711392    1.41801287],[-0.71305991 -0.23429683],[-0.2294067  -1.99209606],[-0.09191645  0.1836905 ]
1785,1.785999999999914,[-0.71210529  1.41777658],[-0.71328908 -0.23628729],[-0.22917205 -1.99045533],[-0.09183457  0.18368989]
1786,1.786999999999914,[-0.71281881  1.4175383 ],[-0.71351802 -0.23827607],[-0.22893774 -1.98878419],[-0.09175267  0.18368934]
1787,1.7879999999999139,[-0.71353255  1.41729804],[-0.71374672 -0.24026315],[-0.22870378 -1.987083  ],[-0.09167074  0.18368883]
1788,1.7889999999999138,[-0.71424653  1.41705579],[-0.71397519 -0.2422485 ],[-0.22847016 -1.98535215],[-0.0915888   0.18368837]
1789,1.7899999999999137,[-0.71496073  1.41681156],[-0.71420343 -0.2442321 ],[-0.22823687 -1.98359198],[-0.09150683  0.18368795]
1790,1.7909999999999136,[-0.71567516  1.41656535],[-0.71443143 -0.2462139 ],[-0.22800393 -1.98180287],[-0.09142484  0.18368758]
1791,1.7919999999999134,[-0.71638982  1.41631715],[-0.7146592  -0.24819388],[-0.22777132 -1.97998516],[-0.09134283  0.18368725]
1792,1.7929999999999133,[-0.71710471  1.41606698],[-0.71488674 -0.25017202],[-0.22753905 -1.97813922],[-0.09126079  0.18368695]
1793,1.7939999999999132,[-0.71781982  1.41581483],[-0.71511405 -0.25214829],[-0.22730711 -1.97626538],[-0.09117874  0.1836867 ]
1794,1.794999999999913,[-0.71853516  1.41556071],[-0.71534112 -0.25412265],[-0.22707551 -1.97436399],[-0.09109666  0.18368648]
1795,1.795999999999913,[-0.71925073  1.41530461],[-0.71556797 -0.25609509],[-0.22684424 -1.97243539],[-0.09101456  0.18368629]
1796,1.796999999999913,[-0.71996653  1.41504655],[-0.71579458 -0.25806557],[-0.22661329 -1.97047992],[-0.09093244  0.18368614]
1797,1.7979999999999128,[-0.72068255  1.41478651],[-0.71602096 -0.26003407],[-0.22638268 -1.96849789],[-0.0908503   0.18368602]
1798,1.7989999999999127,[-0.7213988   1.41452451],[-0.71624712 -0.26200056],[-0.22615239 -1.96648964],[-0.09076814  0.18368594]
1799,1.7999999999999126,[-0.72211527  1.41426055],[-0.71647304 -0.26396501],[-0.22592242 -1.96445549],[-0.09068595  0.18368588]
1800,1.8009999999999124,[-0.72283197  1.41399462],[-0.71669873 -0.26592741],[-0.22569278 -1.96239576],[-0.09060374  0.18368585]
1801,1.8019999999999123,[-0.72354889  1.41372673],[-0.7169242  -0.26788772],[-0.22546345 -1.96031076],[-0.09052151  0.18368584]
1802,1.8029999999999122,[-0.72426604  1.41345689],[-0.71714943 -0.26984592],[-0.22523445 -1.9582008 ],[-0.09043926  0.18368586]
1803,1.8039999999999121,[-0.72498342  1.41318509],[-0.71737444 -0.27180199],[-0.22500576 -1.95606618],[-0.09035699  0.18368591]
1804,1.804999999999912,[-0.72570101  1.41291133],[-0.71759921 -0.27375589],[-0.22477738 -1.95390721],[-0.09027469  0.18368597]
1805,1.805999999999912,[-0.72641884  1.41263562],[-0.71782376 -0.27570762],[-0.22454931 -1.95172419],[-0.09019238  0.18368606]
1806,1.8069999999999118,[-0.72713689  1.41235797],[-0.71804808 -0.27765713],[-0.22432155 -1.94951741],[-0.09011004  0.18368617]
1807,1.8079999999999117,[-0.72785516  1.41207836],[-0.71827218 -0.27960442],[-0.2240941  -1.94728715],[-0.09002768  0.18368629]
1808,1.8089999999999116,[-0.72857365  1.41179681],[-0.71849605 -0.28154945],[-0.22386695 -1.94503372],[-0.0899453   0.18368644]
1809,1.8099999999999115,[-0.72929237  1.41151332],[-0.71871969 -0.28349221],[-0.22364011 -1.94275738],[-0.08986289  0.18368659]
1810,1.8109999999999113,[-0.73001132  1.41122789],[-0.7189431  -0.28543267],[-0.22341356 -1.94045842],[-0.08978047  0.18368676]
1811,1.8119999999999112,[-0.73073048  1.41094052],[-0.71916629 -0.28737081],[-0.2231873  -1.93813712],[-0.08969802  0.18368695]
1812,1.8129999999999111,[-0.73144987  1.41065121],[-0.71938925 -0.2893066 ],[-0.22296134 -1.93579374],[-0.08961555  0.18368714]
1813,1.813999999999911,[-0.73216948  1.41035997],[-0.71961198 -0.29124003],[-0.22273567 -1.93342857],[-0.08953306  0.18368735]
1814,1.814999999999911,[-0.73288932  1.4100668 ],[-0.71983449 -0.29317107],[-0.22251029 -1.93104185],[-0.08945055  0.18368757]
1815,1.8159999999999108,[-0.73360938  1.4097717 ],[-0.72005678 -0.29509971],[-0.22228519 -1.92863386],[-0.08936802  0.18368779]
1816,1.8169999999999107,[-0.73432966  1.40947467],[-0.72027884 -0.29702591],[-0.22206037 -1.92620486],[-0.08928546  0.18368802]
1817,1.8179999999999106,[-0.73505016  1.40917572],[-0.72050067 -0.29894967],[-0.22183583 -1.92375509],[-0.08920288  0.18368825]
1818,1.8189999999999105,[-0.73577088  1.40887485],[-0.72072229 -0.30087095],[-0.22161157 -1.92128482],[-0.08912028  0.18368849]
1819,1.8199999999999104,[-0.73649182  1.40857206],[-0.72094367 -0.30278974],[-0.22138758 -1.91879429],[-0.08903766  0.18368873]
1820,1.8209999999999102,[-0.73721299  1.40826736],[-0.72116484 -0.30470603],[-0.22116386 -1.91628375],[-0.08895502  0.18368898]
1821,1.8219999999999101,[-0.73793437  1.40796074],[-0.72138578 -0.30661978],[-0.22094041 -1.91375343],[-0.08887236  0.18368922]
1822,1.82299999999991,[-0.73865598  1.40765221],[-0.7216065  -0.30853099],[-0.22071721 -1.91120359],[-0.08878967  0.18368947]
1823,1.82399999999991,[-0.73937781  1.40734177],[-0.72182699 -0.31043962],[-0.22049428 -1.90863446],[-0.08870696  0.18368971]
1824,1.8249999999999098,[-0.74009985  1.40702942],[-0.72204726 -0.31234567],[-0.22027161 -1.90604626],[-0.08862424  0.18368995]
1825,1.8259999999999097,[-0.74082212  1.40671517],[-0.72226731 -0.31424911],[-0.22004918 -1.90343924],[-0.08854148  0.18369018]
1826,1.8269999999999096,[-0.74154461  1.40639902],[-0.72248714 -0.31614992],[-0.21982701 -1.90081361],[-0.08845871  0.18369041]
1827,1.8279999999999095,[-0.74226731  1.40608097],[-0.72270674 -0.31804809],[-0.21960508 -1.89816962],[-0.08837592  0.18369064]
1828,1.8289999999999094,[-0.74299024  1.40576103],[-0.72292613 -0.3199436 ],[-0.2193834  -1.89550746],[-0.0882931   0.18369085]
1829,1.8299999999999093,[-0.74371339  1.40543919],[-0.72314529 -0.32183642],[-0.21916195 -1.89282738],[-0.08821027  0.18369106]
1830,1.8309999999999091,[-0.74443675  1.40511547],[-0.72336423 -0.32372655],[-0.21894075 -1.89012957],[-0.08812741  0.18369126]
1831,1.831999999999909,[-0.74516033  1.40478985],[-0.72358295 -0.32561397],[-0.21871977 -1.88741426],[-0.08804453  0.18369145]
1832,1.832999999999909,[-0.74588413  1.40446235],[-0.72380145 -0.32749865],[-0.21849902 -1.88468166],[-0.08796162  0.18369162]
1833,1.8339999999999088,[-0.74660815  1.40413297],[-0.72401973 -0.32938058],[-0.2182785  -1.88193197],[-0.0878787   0.18369179]
1834,1.8349999999999087,[-0.74733239  1.40380171],[-0.72423778 -0.33125975],[-0.2180582  -1.87916541],[-0.08779576  0.18369193]
1835,1.8359999999999086,[-0.74805685  1.40346858],[-0.72445562 -0.33313613],[-0.21783811 -1.87638217],[-0.08771279  0.18369207]
1836,1.8369999999999085,[-0.74878152  1.40313357],[-0.72467324 -0.33500971],[-0.21761824 -1.87358245],[-0.0876298   0.18369219]
1837,1.8379999999999084,[-0.74950641  1.40279669],[-0.72489064 -0.33688048],[-0.21739858 -1.87076645],[-0.08754679  0.18369229]
1838,1.8389999999999083,[-0.75023152  1.40245794],[-0.72510782 -0.33874841],[-0.21717913 -1.86793438],[-0.08746376  0.18369237]
1839,1.8399999999999082,[-0.75095684  1.40211733],[-0.72532478 -0.3406135 ],[-0.21695987 -1.86508641],[-0.08738071  0.18369243]
1840,1.840999999999908,[-0.75168239  1.40177485],[-0.72554152 -0.34247572],[-0.21674082 -1.86222274],[-0.08729763  0.18369248]
1841,1.841999999999908,[-0.75240814  1.40143051],[-0.72575804 -0.34433506],[-0.21652196 -1.85934356],[-0.08721453  0.1836925 ]
1842,1.8429999999999078,[-0.75313412  1.40108432],[-0.72597434 -0.34619151],[-0.21630329 -1.85644906],[-0.08713142  0.1836925 ]
1843,1.8439999999999077,[-0.75386031  1.40073628],[-0.72619043 -0.34804505],[-0.21608481 -1.85353941],[-0.08704828  0.18369248]
1844,1.8449999999999076,[-0.75458671  1.40038638],[-0.7264063  -0.34989567],[-0.21586651 -1.8506148 ],[-0.08696512  0.18369243]
1845,1.8459999999999075,[-0.75531334  1.40003464],[-0.72662194 -0.35174334],[-0.21564839 -1.84767541],[-0.08688194  0.18369236]
1846,1.8469999999999074,[-0.75604017  1.39968105],[-0.72683737 -0.35358806],[-0.21543044 -1.84472141],[-0.08679873  0.18369226]
1847,1.8479999999999073,[-0.75676723  1.39932562],[-0.72705259 -0.35542982],[-0.21521267 -1.84175298],[-0.08671551  0.18369214]
1848,1.8489999999999072,[-0.75749449  1.39896835],[-0.72726758 -0.35726859],[-0.21499506 -1.83877029],[-0.08663226  0.18369198]
1849,1.849999999999907,[-0.75822198  1.39860925],[-0.72748236 -0.35910436],[-0.21477761 -1.8357735 ],[-0.08654899  0.1836918 ]
1850,1.850999999999907,[-0.75894967  1.39824831],[-0.72769692 -0.36093712],[-0.21456032 -1.83276279],[-0.0864657   0.18369159]
1851,1.8519999999999068,[-0.75967758  1.39788554],[-0.72791126 -0.36276686],[-0.21434319 -1.82973833],[-0.08638239  0.18369135]
1852,1.8529999999999067,[-0.76040571  1.39752095],[-0.72812539 -0.36459356],[-0.2141262  -1.82670027],[-0.08629906  0.18369108]
1853,1.8539999999999066,[-0.76113405  1.39715453],[-0.7283393  -0.36641721],[-0.21390936 -1.82364877],[-0.0862157   0.18369077]
1854,1.8549999999999065,[-0.7618626  1.3967863],[-0.72855299 -0.3682378 ],[-0.21369267 -1.820584  ],[-0.08613233  0.18369043]
1855,1.8559999999999064,[-0.76259137  1.39641624],[-0.72876647 -0.3700553 ],[-0.2134761  -1.81750611],[-0.08604893  0.18369006]
1856,1.8569999999999063,[-0.76332035  1.39604437],[-0.72897973 -0.37186972],[-0.21325968 -1.81441525],[-0.08596552  0.18368965]
1857,1.8579999999999062,[-0.76404954  1.39567069],[-0.72919277 -0.37368103],[-0.21304338 -1.81131159],[-0.08588208  0.1836892 ]
1858,1.858999999999906,[-0.76477895  1.3952952 ],[-0.7294056  -0.37548922],[-0.2128272  -1.80819527],[-0.08579862  0.18368872]
1859,1.859999999999906,[-0.76550856  1.39491791],[-0.72961821 -0.37729429],[-0.21261115 -1.80506644],[-0.08571513  0.1836882 ]
1860,1.8609999999999058,[-0.7662384   1.39453881],[-0.7298306  -0.37909622],[-0.2123952  -1.80192524],[-0.08563163  0.18368764]
1861,1.8619999999999057,[-0.76696844  1.39415792],[-0.73004278 -0.38089499],[-0.21217938 -1.79877183],[-0.0855481   0.18368704]
1862,1.8629999999999056,[-0.76769869  1.39377522],[-0.73025475 -0.38269059],[-0.21196365 -1.79560635],[-0.08546456  0.1836864 ]
1863,1.8639999999999055,[-0.76842916  1.39339074],[-0.7304665  -0.38448302],[-0.21174803 -1.79242893],[-0.08538099  0.18368572]
1864,1.8649999999999054,[-0.76915984  1.39300447],[-0.73067803 -0.38627226],[-0.21153251 -1.78923973],[-0.0852974  0.183685 ]
1865,1.8659999999999053,[-0.76989073  1.39261641],[-0.73088934 -0.3880583 ],[-0.21131708 -1.78603887],[-0.08521379  0.18368423]
1866,1.8669999999999052,[-0.77062183  1.39222657],[-0.73110045 -0.38984113],[-0.21110174 -1.78282649],[-0.08513016  0.18368342]
1867,1.867999999999905,[-0.77135314  1.39183495],[-0.73131133 -0.39162073],[-0.21088649 -1.77960273],[-0.08504651  0.18368257]
1868,1.868999999999905,[-0.77208466  1.39144155],[-0.731522  -0.3933971],[-0.21067131 -1.77636773],[-0.08496284  0.18368167]
1869,1.8699999999999048,[-0.77281639  1.39104638],[-0.73173246 -0.39517022],[-0.21045621 -1.7731216 ],[-0.08487914  0.18368072]
1870,1.8709999999999047,[-0.77354834  1.39064944],[-0.7319427  -0.39694008],[-0.21024119 -1.76986449],[-0.08479543  0.18367973]
1871,1.8719999999999046,[-0.77428049  1.39025073],[-0.73215273 -0.39870668],[-0.21002622 -1.76659652],[-0.08471169  0.18367869]
1872,1.8729999999999045,[-0.77501285  1.38985026],[-0.73236254 -0.40047   ],[-0.20981132 -1.76331782],[-0.08462793  0.1836776 ]
1873,1.8739999999999044,[-0.77574542  1.38944803],[-0.73257214 -0.40223003],[-0.20959648 -1.76002851],[-0.08454415  0.18367646]
1874,1.8749999999999043,[-0.7764782   1.38904405],[-0.73278152 -0.40398676],[-0.20938169 -1.75672871],[-0.08446035  0.18367527]
1875,1.8759999999999042,[-0.7772112   1.38863831],[-0.73299068 -0.40574017],[-0.20916695 -1.75341855],[-0.08437653  0.18367403]
1876,1.876999999999904,[-0.7779444   1.38823082],[-0.73319964 -0.40749027],[-0.20895225 -1.75009815],[-0.08429269  0.18367274]
1877,1.877999999999904,[-0.7786778   1.38782158],[-0.73340837 -0.40923704],[-0.2087376  -1.74676762],[-0.08420882  0.18367139]
1878,1.8789999999999039,[-0.77941142  1.3874106 ],[-0.7336169  -0.41098047],[-0.20852297 -1.74342709],[-0.08412494  0.18366999]
1879,1.8799999999999037,[-0.78014525  1.38699788],[-0.73382521 -0.41272054],[-0.20830838 -1.74007667],[-0.08404103  0.18366854]
1880,1.8809999999999036,[-0.78087928  1.38658342],[-0.7340333  -0.41445726],[-0.20809381 -1.73671647],[-0.0839571   0.18366703]
1881,1.8819999999999035,[-0.78161352  1.38616723],[-0.73424118 -0.41619061],[-0.20787926 -1.73334661],[-0.08387316  0.18366547]
1882,1.8829999999999034,[-0.78234797  1.38574931],[-0.73444884 -0.41792057],[-0.20766473 -1.72996719],[-0.08378919  0.18366385]
1883,1.8839999999999033,[-0.78308263  1.38532966],[-0.73465629 -0.41964715],[-0.20745021 -1.72657834],[-0.0837052   0.18366217]
1884,1.8849999999999032,[-0.78381749  1.38490829],[-0.73486353 -0.42137033],[-0.20723569 -1.72318015],[-0.08362119  0.18366044]
1885,1.885999999999903,[-0.78455256  1.3844852 ],[-0.73507055 -0.42309011],[-0.20702118 -1.71977273],[-0.08353715  0.18365865]
1886,1.886999999999903,[-0.78528784  1.3840604 ],[-0.73527736 -0.42480646],[-0.20680667 -1.7163562 ],[-0.0834531   0.18365679]
1887,1.8879999999999029,[-0.78602332  1.38363388],[-0.73548395 -0.42651939],[-0.20659215 -1.71293065],[-0.08336903  0.18365488]
1888,1.8889999999999028,[-0.78675901  1.38320565],[-0.73569033 -0.42822889],[-0.20637761 -1.70949619],[-0.08328493  0.18365291]
1889,1.8899999999999026,[-0.78749491  1.38277571],[-0.73589649 -0.42993494],[-0.20616306 -1.70605292],[-0.08320082  0.18365087]
1890,1.8909999999999025,[-0.78823101  1.38234408],[-0.73610244 -0.43163754],[-0.20594849 -1.70260094],[-0.08311668  0.18364877]
1891,1.8919999999999024,[-0.78896732  1.38191074],[-0.73630817 -0.43333668],[-0.20573389 -1.69914036],[-0.08303252  0.18364661]
1892,1.8929999999999023,[-0.78970383  1.38147571],[-0.73651369 -0.43503235],[-0.20551926 -1.69567127],[-0.08294835  0.18364439]
1893,1.8939999999999022,[-0.79044055  1.38103898],[-0.736719   -0.43672455],[-0.2053046  -1.69219376],[-0.08286415  0.1836421 ]
1894,1.894999999999902,[-0.79117747  1.38060057],[-0.73692409 -0.43841326],[-0.20508989 -1.68870794],[-0.08277993  0.18363974]
1895,1.895999999999902,[-0.7919146   1.38016047],[-0.73712896 -0.44009847],[-0.20487514 -1.6852139 ],[-0.08269569  0.18363732]
1896,1.8969999999999019,[-0.79265194  1.37971869],[-0.73733362 -0.44178018],[-0.20466035 -1.68171173],[-0.08261143  0.18363484]
1897,1.8979999999999018,[-0.79338948  1.37927523],[-0.73753807 -0.44345838],[-0.20444549 -1.67820152],[-0.08252714  0.18363228]
1898,1.8989999999999017,[-0.79412722  1.3788301 ],[-0.7377423  -0.44513307],[-0.20423058 -1.67468338],[-0.08244284  0.18362966]
1899,1.8999999999999015,[-0.79486516  1.3783833 ],[-0.73794631 -0.44680422],[-0.2040156  -1.67115738],[-0.08235852  0.18362697]
1900,1.9009999999999014,[-0.79560331  1.37793482],[-0.73815011 -0.44847185],[-0.20380056 -1.66762362],[-0.08227417  0.18362421]
1901,1.9019999999999013,[-0.79634167  1.37748469],[-0.7383537  -0.45013593],[-0.20358544 -1.66408218],[-0.08218981  0.18362139]
1902,1.9029999999999012,[-0.79708023  1.37703289],[-0.73855707 -0.45179646],[-0.20337024 -1.66053316],[-0.08210542  0.18361849]
1903,1.903999999999901,[-0.79781899  1.37657944],[-0.73876022 -0.45345344],[-0.20315496 -1.65697663],[-0.08202102  0.18361552]
1904,1.904999999999901,[-0.79855795  1.37612433],[-0.73896316 -0.45510685],[-0.2029396  -1.65341269],[-0.08193659  0.18361247]
1905,1.9059999999999009,[-0.79929711  1.37566757],[-0.73916589 -0.45675669],[-0.20272414 -1.64984142],[-0.08185215  0.18360936]
1906,1.9069999999999008,[-0.80003648  1.37520917],[-0.7393684  -0.45840296],[-0.20250858 -1.6462629 ],[-0.08176768  0.18360617]
1907,1.9079999999999007,[-0.80077605  1.37474913],[-0.73957069 -0.46004563],[-0.20229292 -1.64267721],[-0.08168319  0.18360291]
1908,1.9089999999999006,[-0.80151583  1.37428744],[-0.73977277 -0.46168472],[-0.20207716 -1.63908444],[-0.08159868  0.18359957]
1909,1.9099999999999004,[-0.8022558   1.37382412],[-0.73997463 -0.4633202 ],[-0.20186128 -1.63548467],[-0.08151415  0.18359616]
1910,1.9109999999999003,[-0.80299598  1.37335917],[-0.74017627 -0.46495208],[-0.20164529 -1.63187797],[-0.08142961  0.18359267]
1911,1.9119999999999002,[-0.80373635  1.37289259],[-0.7403777  -0.46658034],[-0.20142918 -1.62826442],[-0.08134504  0.18358911]
1912,1.9129999999999001,[-0.80447693  1.37242438],[-0.74057892 -0.46820499],[-0.20121294 -1.6246441 ],[-0.08126045  0.18358547]
1913,1.9139999999999,[-0.80521771  1.37195456],[-0.74077991 -0.46982601],[-0.20099658 -1.6210171 ],[-0.08117584  0.18358175]
1914,1.9149999999999,[-0.80595869  1.37148311],[-0.74098069 -0.47144339],[-0.20078007 -1.61738347],[-0.08109121  0.18357795]
1915,1.9159999999998998,[-0.80669988  1.37101006],[-0.74118126 -0.47305713],[-0.20056343 -1.6137433 ],[-0.08100656  0.18357408]
1916,1.9169999999998997,[-0.80744126  1.37053539],[-0.7413816  -0.47466723],[-0.20034664 -1.61009667],[-0.08092188  0.18357012]
1917,1.9179999999998996,[-0.80818284  1.37005912],[-0.74158173 -0.47627367],[-0.20012971 -1.60644364],[-0.08083719  0.18356609]
1918,1.9189999999998995,[-0.80892462  1.36958124],[-0.74178164 -0.47787646],[-0.19991262 -1.60278429],[-0.08075248  0.18356197]
1919,1.9199999999998993,[-0.8096666   1.36910176],[-0.74198134 -0.47947558],[-0.19969537 -1.59911869],[-0.08066775  0.18355777]
1920,1.9209999999998992,[-0.81040878  1.36862069],[-0.74218082 -0.48107102],[-0.19947796 -1.59544691],[-0.080583    0.18355349]
1921,1.9219999999998991,[-0.81115116  1.36813803],[-0.74238008 -0.48266279],[-0.19926038 -1.59176902],[-0.08049823  0.18354913]
1922,1.922999999999899,[-0.81189374  1.36765378],[-0.74257912 -0.48425088],[-0.19904263 -1.58808509],[-0.08041343  0.18354469]
1923,1.923999999999899,[-0.81263652  1.36716794],[-0.74277795 -0.48583527],[-0.1988247  -1.58439518],[-0.08032862  0.18354016]
1924,1.9249999999998988,[-0.8133795   1.36668053],[-0.74297655 -0.48741597],[-0.19860659 -1.58069938],[-0.08024379  0.18353554]
1925,1.9259999999998987,[-0.81412267  1.36619153],[-0.74317494 -0.48899297],[-0.19838829 -1.57699773],[-0.08015894  0.18353084]
1926,1.9269999999998986,[-0.81486604  1.36570097],[-0.74337311 -0.49056626],[-0.1981698  -1.57329032],[-0.08007407  0.18352606]
1927,1.9279999999998985,[-0.81560962  1.36520883],[-0.74357106 -0.49213584],[-0.19795111 -1.5695772 ],[-0.07998917  0.18352119]
1928,1.9289999999998984,[-0.81635338  1.36471513],[-0.74376879 -0.4937017 ],[-0.19773223 -1.56585843],[-0.07990426  0.18351623]
1929,1.9299999999998982,[-0.81709735  1.36421987],[-0.74396631 -0.49526383],[-0.19751313 -1.5621341 ],[-0.07981933  0.18351119]
1930,1.9309999999998981,[-0.81784151  1.36372304],[-0.7441636  -0.49682223],[-0.19729383 -1.55840424],[-0.07973438  0.18350606]
1931,1.931999999999898,[-0.81858587  1.36322467],[-0.74436068 -0.4983769 ],[-0.19707431 -1.55466894],[-0.07964941  0.18350084]
1932,1.932999999999898,[-0.81933043  1.36272474],[-0.74455753 -0.49992783],[-0.19685458 -1.55092825],[-0.07956441  0.18349553]
1933,1.9339999999998978,[-0.82007519  1.36222327],[-0.74475416 -0.50147501],[-0.19663462 -1.54718223],[-0.0794794   0.18349013]
1934,1.9349999999998977,[-0.82082014  1.36172025],[-0.74495058 -0.50301844],[-0.19641443 -1.54343095],[-0.07939437  0.18348464]
1935,1.9359999999998976,[-0.82156528  1.36121569],[-0.74514677 -0.50455812],[-0.196194   -1.53967446],[-0.07930932  0.18347906]
1936,1.9369999999998975,[-0.82231063  1.36070959],[-0.74534275 -0.50609403],[-0.19597334 -1.53591282],[-0.07922425  0.18347339]
1937,1.9379999999998974,[-0.82305617  1.36020197],[-0.7455385  -0.50762618],[-0.19575244 -1.5321461 ],[-0.07913916  0.18346762]
1938,1.9389999999998973,[-0.8238019   1.35969281],[-0.74573403 -0.50915455],[-0.19553129 -1.52837434],[-0.07905405  0.18346177]
1939,1.9399999999998971,[-0.82454783  1.35918213],[-0.74592934 -0.51067915],[-0.19530988 -1.52459762],[-0.07896892  0.18345582]
1940,1.940999999999897,[-0.82529395  1.35866993],[-0.74612443 -0.51219997],[-0.19508822 -1.52081598],[-0.07888377  0.18344978]
1941,1.941999999999897,[-0.82604027  1.35815622],[-0.74631929 -0.51371699],[-0.1948663  -1.51702948],[-0.0787986   0.18344364]
1942,1.9429999999998968,[-0.82678679  1.35764099],[-0.74651394 -0.51523023],[-0.19464412 -1.51323819],[-0.07871341  0.18343741]
1943,1.9439999999998967,[-0.82753349  1.35712425],[-0.74670836 -0.51673968],[-0.19442166 -1.50944214],[-0.07862821  0.18343108]
1944,1.9449999999998966,[-0.8282804  1.356606 ],[-0.74690256 -0.51824532],[-0.19419893 -1.5056414 ],[-0.07854298  0.18342466]
1945,1.9459999999998965,[-0.82902749  1.35608626],[-0.74709653 -0.51974715],[-0.19397592 -1.50183603],[-0.07845773  0.18341814]
1946,1.9469999999998964,[-0.82977478  1.35556501],[-0.74729029 -0.52124518],[-0.19375263 -1.49802607],[-0.07837247  0.18341153]
1947,1.9479999999998963,[-0.83052227  1.35504227],[-0.74748382 -0.52273939],[-0.19352904 -1.49421159],[-0.07828718  0.18340481]
1948,1.9489999999998961,[-0.83126994  1.35451804],[-0.74767712 -0.52422978],[-0.19330517 -1.49039263],[-0.07820188  0.183398  ]
1949,1.949999999999896,[-0.83201782  1.35399232],[-0.7478702  -0.52571635],[-0.19308099 -1.48656924],[-0.07811655  0.18339109]
1950,1.950999999999896,[-0.83276588  1.35346513],[-0.74806306 -0.52719909],[-0.19285652 -1.48274148],[-0.07803121  0.18338409]
1951,1.9519999999998958,[-0.83351413  1.35293645],[-0.74825569 -0.528678  ],[-0.19263174 -1.4789094 ],[-0.07794585  0.18337698]
1952,1.9529999999998957,[-0.83426258  1.35240629],[-0.7484481  -0.53015308],[-0.19240664 -1.47507305],[-0.07786047  0.18336977]
1953,1.9539999999998956,[-0.83501122  1.35187467],[-0.74864028 -0.53162431],[-0.19218124 -1.47123248],[-0.07777507  0.18336246]
1954,1.9549999999998955,[-0.83576005  1.35134158],[-0.74883223 -0.5330917 ],[-0.19195551 -1.46738774],[-0.07768965  0.18335505]
1955,1.9559999999998954,[-0.83650908  1.35080702],[-0.74902396 -0.53455524],[-0.19172946 -1.46353888],[-0.07760421  0.18334754]
1956,1.9569999999998953,[-0.83725829  1.35027101],[-0.74921547 -0.53601492],[-0.19150307 -1.45968594],[-0.07751875  0.18333993]
1957,1.9579999999998952,[-0.8380077   1.34973354],[-0.74940674 -0.53747075],[-0.19127636 -1.45582899],[-0.07743328  0.18333221]
1958,1.958999999999895,[-0.8387573   1.34919461],[-0.74959779 -0.53892272],[-0.19104931 -1.45196806],[-0.07734778  0.18332439]
1959,1.959999999999895,[-0.83950709  1.34865424],[-0.74978861 -0.54037082],[-0.19082191 -1.44810321],[-0.07726227  0.18331647]
1960,1.9609999999998948,[-0.84025707  1.34811243],[-0.74997921 -0.54181506],[-0.19059417 -1.44423448],[-0.07717673  0.18330844]
1961,1.9619999999998947,[-0.84100724  1.34756917],[-0.75016957 -0.54325542],[-0.19036608 -1.44036191],[-0.07709118  0.18330031]
1962,1.9629999999998946,[-0.8417576   1.34702448],[-0.75035971 -0.5446919 ],[-0.19013764 -1.43648556],[-0.07700561  0.18329208]
1963,1.9639999999998945,[-0.84250815  1.34647836],[-0.75054962 -0.54612451],[-0.18990883 -1.43260548],[-0.07692002  0.18328373]
1964,1.9649999999998944,[-0.84325888  1.3459308 ],[-0.7507393  -0.54755323],[-0.18967966 -1.42872169],[-0.07683441  0.18327529]
1965,1.9659999999998943,[-0.84400981  1.34538183],[-0.75092875 -0.54897806],[-0.18945012 -1.42483427],[-0.07674878  0.18326673]
1966,1.9669999999998942,[-0.84476093  1.34483143],[-0.75111797 -0.55039901],[-0.18922021 -1.42094324],[-0.07666314  0.18325807]
1967,1.967999999999894,[-0.84551224  1.34427961],[-0.75130696 -0.55181606],[-0.18898993 -1.41704865],[-0.07657747  0.1832493 ]
1968,1.968999999999894,[-0.84626373  1.34372638],[-0.75149572 -0.55322921],[-0.18875926 -1.41315055],[-0.07649179  0.18324042]
1969,1.9699999999998938,[-0.84701542  1.34317174],[-0.75168425 -0.55463846],[-0.18852821 -1.40924898],[-0.07640609  0.18323143]
1970,1.9709999999998937,[-0.84776729  1.3426157 ],[-0.75187255 -0.5560438 ],[-0.18829676 -1.40534399],[-0.07632037  0.18322233]
1971,1.9719999999998936,[-0.84851935  1.34205825],[-0.75206061 -0.55744524],[-0.18806493 -1.40143562],[-0.07623463  0.18321313]
1972,1.9729999999998935,[-0.8492716   1.34149941],[-0.75224844 -0.55884276],[-0.18783269 -1.3975239 ],[-0.07614887  0.18320381]
1973,1.9739999999998934,[-0.85002404  1.34093917],[-0.75243604 -0.56023637],[-0.18760005 -1.3936089 ],[-0.0760631   0.18319439]
1974,1.9749999999998933,[-0.85077666  1.34037755],[-0.75262341 -0.56162606],[-0.18736701 -1.38969064],[-0.0759773   0.18318485]
1975,1.9759999999998932,[-0.85152947  1.33981454],[-0.75281054 -0.56301183],[-0.18713355 -1.38576917],[-0.07589149  0.1831752 ]
1976,1.976999999999893,[-0.85228247  1.33925014],[-0.75299744 -0.56439367],[-0.18689968 -1.38184453],[-0.07580566  0.18316544]
1977,1.977999999999893,[-0.85303565  1.33868437],[-0.75318411 -0.56577159],[-0.1866654  -1.37791676],[-0.07571981  0.18315556]
1978,1.9789999999998928,[-0.85378902  1.33811723],[-0.75337054 -0.56714558],[-0.18643068 -1.37398591],[-0.07563395  0.18314557]
1979,1.9799999999998927,[-0.85454258  1.33754871],[-0.75355673 -0.56851563],[-0.18619555 -1.37005202],[-0.07554806  0.18313547]
1980,1.9809999999998926,[-0.85529632  1.33697883],[-0.75374269 -0.56988174],[-0.18595998 -1.36611512],[-0.07546216  0.18312526]
1981,1.9819999999998925,[-0.85605025  1.33640758],[-0.75392842 -0.57124392],[-0.18572397 -1.36217526],[-0.07537624  0.18311493]
1982,1.9829999999998924,[-0.85680436  1.33583498],[-0.75411391 -0.57260215],[-0.18548752 -1.35823247],[-0.0752903   0.18310448]
1983,1.9839999999998923,[-0.85755866  1.33526103],[-0.75429916 -0.57395644],[-0.18525063 -1.3542868 ],[-0.07520434  0.18309392]
1984,1.9849999999998922,[-0.85831315  1.33468572],[-0.75448417 -0.57530678],[-0.1850133  -1.35033829],[-0.07511837  0.18308325]
1985,1.985999999999892,[-0.85906782  1.33410907],[-0.75466895 -0.57665316],[-0.18477551 -1.34638698],[-0.07503237  0.18307246]
1986,1.986999999999892,[-0.85982267  1.33353107],[-0.75485348 -0.5779956 ],[-0.18453726 -1.34243291],[-0.07494636  0.18306155]
1987,1.9879999999998919,[-0.86057771  1.33295174],[-0.75503778 -0.57933407],[-0.18429856 -1.3384761 ],[-0.07486033  0.18305052]
1988,1.9889999999998917,[-0.86133293  1.33237107],[-0.75522184 -0.58066859],[-0.18405939 -1.33451662],[-0.07477429  0.18303938]
1989,1.9899999999998916,[-0.86208833  1.33178907],[-0.75540566 -0.58199914],[-0.18381976 -1.33055448],[-0.07468822  0.18302812]
1990,1.9909999999998915,[-0.86284392  1.33120574],[-0.75558924 -0.58332573],[-0.18357965 -1.32658974],[-0.07460214  0.18301673]
1991,1.9919999999998914,[-0.8635997   1.33062109],[-0.75577258 -0.58464835],[-0.18333907 -1.32262242],[-0.07451604  0.18300523]
1992,1.9929999999998913,[-0.86435565  1.33003513],[-0.75595568 -0.58596701],[-0.183098   -1.31865258],[-0.07442993  0.18299362]
1993,1.9939999999998912,[-0.86511179  1.32944785],[-0.75613853 -0.58728169],[-0.18285646 -1.31468024],[-0.07434379  0.18298188]
1994,1.994999999999891,[-0.86586811  1.32885925],[-0.75632115 -0.58859239],[-0.18261442 -1.31070544],[-0.07425764  0.18297002]
1995,1.995999999999891,[-0.86662462  1.32826935],[-0.75650352 -0.58989912],[-0.1823719  -1.30672822],[-0.07417147  0.18295803]
1996,1.9969999999998909,[-0.8673813   1.32767815],[-0.75668565 -0.59120187],[-0.18212888 -1.30274862],[-0.07408529  0.18294593]
1997,1.9979999999998908,[-0.86813817  1.32708565],[-0.75686753 -0.59250064],[-0.18188536 -1.29876667],[-0.07399908  0.18293371]
1998,1.9989999999998906,[-0.86889522  1.32649186],[-0.75704918 -0.59379542],[-0.18164134 -1.29478242],[-0.07391286  0.18292136]
1999,1.9999999999998905,[-0.86965245  1.32589677],[-0.75723057 -0.59508621],[-0.18139681 -1.29079589],[-0.07382662  0.18290889]
2000,2.0009999999998906,[-0.87040986  1.3253004 ],[-0.75741172 -0.59637302],[-0.18115178 -1.28680713],[-0.07374037  0.1828963 ]
2001,2.0019999999998905,[-0.87116745  1.32470274],[-0.75759263 -0.59765584],[-0.18090623 -1.28281617],[-0.07365409  0.18288359]
2002,2.0029999999998904,[-0.87192523  1.32410381],[-0.75777329 -0.59893466],[-0.18066016 -1.27882305],[-0.0735678   0.18287075]
2003,2.0039999999998903,[-0.87268318  1.3235036 ],[-0.7579537  -0.60020949],[-0.18041357 -1.2748278 ],[-0.0734815   0.18285778]
2004,2.00499999999989,[-0.87344131  1.32290212],[-0.75813387 -0.60148032],[-0.18016645 -1.27083046],[-0.07339517  0.18284469]
2005,2.00599999999989,[-0.87419963  1.32229937],[-0.75831379 -0.60274715],[-0.17991881 -1.26683106],[-0.07330883  0.18283148]
2006,2.00699999999989,[-0.87495812  1.32169536],[-0.75849346 -0.60400998],[-0.17967063 -1.26282965],[-0.07322248  0.18281814]
2007,2.00799999999989,[-0.87571679  1.32109009],[-0.75867288 -0.60526881],[-0.17942192 -1.25882625],[-0.0731361   0.18280467]
2008,2.0089999999998898,[-0.87647565  1.32048357],[-0.75885205 -0.60652363],[-0.17917267 -1.2548209 ],[-0.07304971  0.18279108]
2009,2.0099999999998897,[-0.87723468  1.31987579],[-0.75903098 -0.60777444],[-0.17892287 -1.25081364],[-0.0729633   0.18277736]
2010,2.0109999999998895,[-0.87799389  1.31926677],[-0.75920965 -0.60902125],[-0.17867253 -1.24680451],[-0.07287688  0.18276351]
2011,2.0119999999998894,[-0.87875327  1.31865651],[-0.75938807 -0.61026404],[-0.17842164 -1.24279353],[-0.07279044  0.18274954]
2012,2.0129999999998893,[-0.87951284  1.31804501],[-0.75956624 -0.61150282],[-0.17817019 -1.23878074],[-0.07270398  0.18273543]
2013,2.013999999999889,[-0.88027258  1.31743227],[-0.75974416 -0.61273759],[-0.17791819 -1.23476618],[-0.0726175  0.1827212]
2014,2.014999999999889,[-0.88103251  1.3168183 ],[-0.75992183 -0.61396834],[-0.17766563 -1.23074988],[-0.07253101  0.18270684]
2015,2.015999999999889,[-0.88179261  1.3162031 ],[-0.76009924 -0.61519507],[-0.1774125  -1.22673187],[-0.0724445   0.18269235]
2016,2.016999999999889,[-0.88255288  1.31558669],[-0.7602764  -0.61641778],[-0.1771588 -1.2227122],[-0.07235798  0.18267773]
2017,2.0179999999998888,[-0.88331334  1.31496905],[-0.7604533  -0.61763647],[-0.17690453 -1.21869089],[-0.07227144  0.18266298]
2018,2.0189999999998887,[-0.88407397  1.3143502 ],[-0.76062995 -0.61885114],[-0.17664969 -1.21466798],[-0.07218488  0.1826481 ]
2019,2.0199999999998886,[-0.88483477  1.31373014],[-0.76080635 -0.62006178],[-0.17639427 -1.2106435 ],[-0.07209831  0.18263308]
2020,2.0209999999998884,[-0.88559575  1.31310887],[-0.76098248 -0.6212684 ],[-0.17613827 -1.20661749],[-0.07201172  0.18261794]
2021,2.0219999999998883,[-0.88635691  1.3124864 ],[-0.76115837 -0.62247099],[-0.17588168 -1.20258998],[-0.07192512  0.18260266]
2022,2.022999999999888,[-0.88711825  1.31186273],[-0.76133399 -0.62366955],[-0.17562451 -1.198561  ],[-0.07183849  0.18258725]
2023,2.023999999999888,[-0.88787976  1.31123786],[-0.76150936 -0.62486408],[-0.17536675 -1.1945306 ],[-0.07175186  0.18257171]
2024,2.024999999999888,[-0.88864144  1.31061181],[-0.76168447 -0.62605458],[-0.17510839 -1.19049879],[-0.0716652   0.18255604]
2025,2.025999999999888,[-0.8894033   1.30998457],[-0.76185931 -0.62724105],[-0.17484943 -1.18646563],[-0.07157853  0.18254023]
2026,2.026999999999888,[-0.89016533  1.30935614],[-0.7620339  -0.62842348],[-0.17458987 -1.18243113],[-0.07149185  0.18252429]
2027,2.0279999999998877,[-0.89092754  1.30872654],[-0.76220823 -0.62960187],[-0.17432971 -1.17839533],[-0.07140515  0.18250821]
2028,2.0289999999998876,[-0.89168992  1.30809577],[-0.7623823  -0.63077623],[-0.17406894 -1.17435827],[-0.07131843  0.182492  ]
2029,2.0299999999998875,[-0.89245248  1.30746382],[-0.76255611 -0.63194655],[-0.17380756 -1.17031999],[-0.0712317   0.18247565]
2030,2.0309999999998873,[-0.89321521  1.30683071],[-0.76272966 -0.63311283],[-0.17354556 -1.1662805 ],[-0.07114495  0.18245917]
2031,2.0319999999998872,[-0.89397811  1.30619643],[-0.76290294 -0.63427507],[-0.17328295 -1.16223985],[-0.07105819  0.18244255]
2032,2.032999999999887,[-0.89474119  1.305561  ],[-0.76307596 -0.63543327],[-0.17301972 -1.15819807],[-0.07097141  0.18242579]
2033,2.033999999999887,[-0.89550444  1.30492441],[-0.76324871 -0.63658742],[-0.17275586 -1.1541552 ],[-0.07088461  0.1824089 ]
2034,2.034999999999887,[-0.89626786  1.30428667],[-0.76342121 -0.63773754],[-0.17249138 -1.15011126],[-0.0707978   0.18239187]
2035,2.035999999999887,[-0.89703145  1.30364779],[-0.76359343 -0.6388836 ],[-0.17222627 -1.14606629],[-0.07071097  0.18237471]
2036,2.0369999999998867,[-0.89779522  1.30300776],[-0.76376539 -0.64002562],[-0.17196053 -1.14202032],[-0.07062413  0.1823574 ]
2037,2.0379999999998866,[-0.89855915  1.3023666 ],[-0.76393709 -0.6411636 ],[-0.17169416 -1.13797339],[-0.07053728  0.18233996]
2038,2.0389999999998865,[-0.89932326  1.3017243 ],[-0.76410851 -0.64229752],[-0.17142714 -1.13392553],[-0.07045041  0.18232238]
2039,2.0399999999998863,[-0.90008754  1.30108088],[-0.76427967 -0.6434274 ],[-0.17115949 -1.12987676],[-0.07036352  0.18230466]
2040,2.0409999999998862,[-0.90085199  1.30043632],[-0.76445056 -0.64455322],[-0.17089119 -1.12582714],[-0.07027662  0.1822868 ]
2041,2.041999999999886,[-0.90161661  1.29979065],[-0.76462119 -0.645675  ],[-0.17062224 -1.12177667],[-0.0701897  0.1822688]
2042,2.042999999999886,[-0.90238141  1.29914386],[-0.76479154 -0.64679273],[-0.17035264 -1.11772541],[-0.07010277  0.18225066]
2043,2.043999999999886,[-0.90314637  1.29849595],[-0.76496162 -0.6479064 ],[-0.1700824  -1.11367338],[-0.07001582  0.18223238]
2044,2.044999999999886,[-0.9039115   1.29784693],[-0.76513143 -0.64901602],[-0.16981149 -1.10962062],[-0.06992886  0.18221396]
2045,2.0459999999998857,[-0.9046768   1.29719681],[-0.76530097 -0.65012159],[-0.16953993 -1.10556715],[-0.06984188  0.1821954 ]
2046,2.0469999999998856,[-0.90544227  1.29654559],[-0.76547024 -0.6512231 ],[-0.16926771 -1.10151302],[-0.06975489  0.18217669]
2047,2.0479999999998855,[-0.90620791  1.29589327],[-0.76563924 -0.65232056],[-0.16899482 -1.09745824],[-0.06966788  0.18215785]
2048,2.0489999999998854,[-0.90697372  1.29523985],[-0.76580796 -0.65341396],[-0.16872127 -1.09340287],[-0.06958086  0.18213886]
2049,2.0499999999998852,[-0.90773969  1.29458535],[-0.7659764  -0.65450331],[-0.16844705 -1.08934692],[-0.06949383  0.18211973]
2050,2.050999999999885,[-0.90850584  1.29392976],[-0.76614458 -0.6555886 ],[-0.16817216 -1.08529044],[-0.06940678  0.18210045]
2051,2.051999999999885,[-0.90927215  1.29327309],[-0.76631247 -0.65666983],[-0.16789659 -1.08123344],[-0.06931971  0.18208104]
2052,2.052999999999885,[-0.91003863  1.29261534],[-0.76648009 -0.65774701],[-0.16762035 -1.07717598],[-0.06923263  0.18206147]
2053,2.053999999999885,[-0.91080528  1.29195652],[-0.76664744 -0.65882013],[-0.16734343 -1.07311808],[-0.06914554  0.18204177]
2054,2.0549999999998847,[-0.91157209  1.29129664],[-0.7668145  -0.65988919],[-0.16706582 -1.06905976],[-0.06905843  0.18202192]
2055,2.0559999999998846,[-0.91233907  1.29063568],[-0.76698129 -0.66095419],[-0.16678754 -1.06500107],[-0.06897131  0.18200192]
2056,2.0569999999998845,[-0.91310622  1.28997367],[-0.7671478  -0.66201513],[-0.16650856 -1.06094204],[-0.06888417  0.18198178]
2057,2.0579999999998844,[-0.91387354  1.28931059],[-0.76731403 -0.66307201],[-0.1662289 -1.0568827],[-0.06879702  0.1819615 ]
2058,2.0589999999998843,[-0.91464102  1.28864647],[-0.76747998 -0.66412484],[-0.16594854 -1.05282309],[-0.06870986  0.18194107]
2059,2.059999999999884,[-0.91540866  1.2879813 ],[-0.76764564 -0.6651736 ],[-0.16566749 -1.04876322],[-0.06862268  0.18192049]
2060,2.060999999999884,[-0.91617647  1.28731508],[-0.76781103 -0.6662183 ],[-0.16538574 -1.04470315],[-0.06853549  0.18189976]
2061,2.061999999999884,[-0.91694445  1.28664782],[-0.76797613 -0.66725895],[-0.16510329 -1.0406429 ],[-0.06844828  0.18187889]
2062,2.062999999999884,[-0.91771259  1.28597952],[-0.76814095 -0.66829553],[-0.16482015 -1.0365825 ],[-0.06836106  0.18185787]
2063,2.0639999999998837,[-0.9184809   1.28531019],[-0.76830549 -0.66932805],[-0.16453629 -1.03252198],[-0.06827383  0.1818367 ]
2064,2.0649999999998836,[-0.91924937  1.28463984],[-0.76846974 -0.67035651],[-0.16425174 -1.02846139],[-0.06818658  0.18181539]
2065,2.0659999999998835,[-0.920018    1.28396846],[-0.76863371 -0.67138091],[-0.16396647 -1.02440074],[-0.06809932  0.18179393]
2066,2.0669999999998834,[-0.9207868   1.28329606],[-0.76879739 -0.67240125],[-0.16368049 -1.02034008],[-0.06801204  0.18177232]
2067,2.0679999999998833,[-0.92155576  1.28262264],[-0.76896078 -0.67341753],[-0.1633938  -1.01627944],[-0.06792475  0.18175055]
2068,2.068999999999883,[-0.92232488  1.28194821],[-0.76912389 -0.67442975],[-0.1631064  -1.01221885],[-0.06783745  0.18172864]
2069,2.069999999999883,[-0.92309417  1.28127277],[-0.76928671 -0.67543791],[-0.16281828 -1.00815834],[-0.06775014  0.18170658]
2070,2.070999999999883,[-0.92386362  1.28059633],[-0.76944924 -0.67644201],[-0.16252944 -1.00409794],[-0.06766281  0.18168438]
2071,2.071999999999883,[-0.92463323  1.27991889],[-0.76961148 -0.67744204],[-0.16223988 -1.00003769],[-0.06757547  0.18166202]
2072,2.0729999999998827,[-0.925403    1.27924045],[-0.76977343 -0.67843802],[-0.16194959 -0.99597763],[-0.06748811  0.1816395 ]
2073,2.0739999999998826,[-0.92617294  1.27856102],[-0.76993508 -0.67942994],[-0.16165858 -0.99191778],[-0.06740074  0.18161684]
2074,2.0749999999998825,[-0.92694303  1.2778806 ],[-0.77009645 -0.6804178 ],[-0.16136684 -0.98785817],[-0.06731336  0.18159403]
2075,2.0759999999998824,[-0.92771329  1.2771992 ],[-0.77025753 -0.6814016 ],[-0.16107438 -0.98379884],[-0.06722597  0.18157107]
2076,2.0769999999998823,[-0.92848371  1.27651682],[-0.77041831 -0.68238134],[-0.16078118 -0.97973983],[-0.06713856  0.18154795]
2077,2.077999999999882,[-0.92925429  1.27583346],[-0.77057879 -0.68335702],[-0.16048725 -0.97568116],[-0.06705114  0.18152468]
2078,2.078999999999882,[-0.93002503  1.27514913],[-0.77073899 -0.68432864],[-0.16019258 -0.97162287],[-0.06696371  0.18150126]
2079,2.079999999999882,[-0.93079593  1.27446384],[-0.77089888 -0.68529621],[-0.15989718 -0.96756499],[-0.06687626  0.18147769]
2080,2.080999999999882,[-0.93156698  1.27377758],[-0.77105848 -0.68625971],[-0.15960103 -0.96350756],[-0.0667888   0.18145396]
2081,2.0819999999998817,[-0.9323382   1.27309036],[-0.77121779 -0.68721916],[-0.15930415 -0.9594506 ],[-0.06670133  0.18143008]
2082,2.0829999999998816,[-0.93310958  1.27240218],[-0.7713768  -0.68817456],[-0.15900652 -0.95539415],[-0.06661385  0.18140604]
2083,2.0839999999998815,[-0.93388111  1.27171306],[-0.7715355 -0.6891259],[-0.15870815 -0.95133825],[-0.06652635  0.18138185]
2084,2.0849999999998814,[-0.93465281  1.27102298],[-0.77169391 -0.69007318],[-0.15840903 -0.94728292],[-0.06643884  0.18135751]
2085,2.0859999999998813,[-0.93542466  1.27033197],[-0.77185202 -0.69101641],[-0.15810917 -0.94322821],[-0.06635132  0.18133301]
2086,2.086999999999881,[-0.93619667  1.26964001],[-0.77200983 -0.69195558],[-0.15780856 -0.93917414],[-0.06626379  0.18130836]
2087,2.087999999999881,[-0.93696884  1.26894712],[-0.77216734 -0.6928907 ],[-0.15750719 -0.93512074],[-0.06617624  0.18128355]
2088,2.088999999999881,[-0.93774116  1.2682533 ],[-0.77232454 -0.69382177],[-0.15720507 -0.93106806],[-0.06608868  0.18125859]
2089,2.089999999999881,[-0.93851364  1.26755855],[-0.77248144 -0.69474879],[-0.1569022  -0.92701612],[-0.06600111  0.18123347]
2090,2.0909999999998807,[-0.93928628  1.26686288],[-0.77263804 -0.69567175],[-0.15659857 -0.92296495],[-0.06591353  0.18120819]
2091,2.0919999999998806,[-0.94005908  1.26616629],[-0.77279434 -0.69659067],[-0.15629419 -0.9189146 ],[-0.06582593  0.18118276]
2092,2.0929999999998805,[-0.94083203  1.26546878],[-0.77295033 -0.69750553],[-0.15598904 -0.91486509],[-0.06573833  0.18115717]
2093,2.0939999999998804,[-0.94160513  1.26477037],[-0.77310601 -0.69841635],[-0.15568314 -0.91081645],[-0.06565071  0.18113143]
2094,2.0949999999998803,[-0.94237839  1.26407104],[-0.77326139 -0.69932312],[-0.15537647 -0.90676873],[-0.06556308  0.18110552]
2095,2.09599999999988,[-0.94315181  1.26337082],[-0.77341646 -0.70022584],[-0.15506904 -0.90272195],[-0.06547544  0.18107946]
2096,2.09699999999988,[-0.94392538  1.26266969],[-0.77357122 -0.70112451],[-0.15476084 -0.89867615],[-0.06538779  0.18105324]
2097,2.09799999999988,[-0.94469911  1.26196767],[-0.77372567 -0.70201915],[-0.15445188 -0.89463136],[-0.06530012  0.18102687]
2098,2.09899999999988,[-0.94547299  1.26126476],[-0.77387981 -0.70290973],[-0.15414215 -0.89058762],[-0.06521244  0.18100033]
2099,2.0999999999998797,[-0.94624702  1.26056097],[-0.77403364 -0.70379628],[-0.15383166 -0.88654495],[-0.06512476  0.18097364]
2100,2.1009999999998796,[-0.94702121  1.25985629],[-0.77418716 -0.70467878],[-0.15352039 -0.8825034 ],[-0.06503706  0.18094678]
2101,2.1019999999998795,[-0.94779555  1.25915073],[-0.77434037 -0.70555724],[-0.15320835 -0.878463  ],[-0.06494935  0.18091977]
2102,2.1029999999998794,[-0.94857004  1.2584443 ],[-0.77449327 -0.70643167],[-0.15289554 -0.87442377],[-0.06486162  0.1808926 ]
2103,2.1039999999998793,[-0.94934469  1.257737  ],[-0.77464585 -0.70730205],[-0.15258196 -0.87038576],[-0.06477389  0.18086527]
2104,2.104999999999879,[-0.95011949  1.25702883],[-0.77479812 -0.7081684 ],[-0.1522676 -0.866349 ],[-0.06468615  0.18083777]
2105,2.105999999999879,[-0.95089444  1.2563198 ],[-0.77495007 -0.70903072],[-0.15195246 -0.86231353],[-0.06459839  0.18081012]
2106,2.106999999999879,[-0.95166954  1.25560991],[-0.7751017 -0.709889 ],[-0.15163655 -0.85827936],[-0.06451062  0.18078231]
2107,2.107999999999879,[-0.95244479  1.25489917],[-0.77525302 -0.71074324],[-0.15131986 -0.85424655],[-0.06442285  0.18075433]
2108,2.1089999999998787,[-0.95322019  1.25418757],[-0.77540403 -0.71159346],[-0.15100239 -0.85021513],[-0.06433506  0.1807262 ]
2109,2.1099999999998786,[-0.95399575  1.25347513],[-0.77555471 -0.71243964],[-0.15068414 -0.84618512],[-0.06424726  0.1806979 ]
2110,2.1109999999998785,[-0.95477145  1.25276185],[-0.77570508 -0.7132818 ],[-0.15036511 -0.84215657],[-0.06415945  0.18066944]
2111,2.1119999999998784,[-0.95554731  1.25204773],[-0.77585512 -0.71411993],[-0.1500453  -0.83812951],[-0.06407163  0.18064082]
2112,2.1129999999998783,[-0.95632331  1.25133278],[-0.77600485 -0.71495403],[-0.1497247  -0.83410396],[-0.0639838   0.18061204]
2113,2.113999999999878,[-0.95709947  1.25061699],[-0.77615425 -0.71578411],[-0.14940332 -0.83007998],[-0.06389596  0.18058309]
2114,2.114999999999878,[-0.95787577  1.24990038],[-0.77630333 -0.71661017],[-0.14908116 -0.82605758],[-0.06380811  0.18055399]
2115,2.115999999999878,[-0.95865222  1.24918295],[-0.77645209 -0.71743221],[-0.14875821 -0.82203681],[-0.06372024  0.18052471]
2116,2.116999999999878,[-0.95942882  1.2484647 ],[-0.77660052 -0.71825022],[-0.14843447 -0.8180177 ],[-0.06363237  0.18049528]
2117,2.1179999999998778,[-0.96020557  1.24774564],[-0.77674863 -0.71906422],[-0.14810995 -0.81400029],[-0.06354449  0.18046568]
2118,2.1189999999998776,[-0.96098247  1.24702576],[-0.77689642 -0.71987421],[-0.14778464 -0.8099846 ],[-0.0634566   0.18043592]
2119,2.1199999999998775,[-0.96175951  1.24630508],[-0.77704388 -0.72068018],[-0.14745854 -0.80597068],[-0.06336869  0.180406  ]
2120,2.1209999999998774,[-0.9625367  1.2455836],[-0.77719101 -0.72148214],[-0.14713165 -0.80195855],[-0.06328078  0.18037591]
2121,2.1219999999998773,[-0.96331404  1.24486132],[-0.77733781 -0.72228009],[-0.14680397 -0.79794826],[-0.06319286  0.18034565]
2122,2.122999999999877,[-0.96409153  1.24413825],[-0.77748429 -0.72307403],[-0.1464755  -0.79393984],[-0.06310492  0.18031523]
2123,2.123999999999877,[-0.96486916  1.24341438],[-0.77763043 -0.72386396],[-0.14614624 -0.78993332],[-0.06301698  0.18028465]
2124,2.124999999999877,[-0.96564693  1.24268973],[-0.77777625 -0.72464989],[-0.14581619 -0.78592874],[-0.06292903  0.1802539 ]
2125,2.125999999999877,[-0.96642485  1.2419643 ],[-0.77792174 -0.72543181],[-0.14548534 -0.78192613],[-0.06284107  0.18022299]
2126,2.1269999999998768,[-0.96720292  1.24123809],[-0.77806689 -0.72620974],[-0.1451537  -0.77792553],[-0.06275309  0.18019191]
2127,2.1279999999998767,[-0.96798113  1.24051111],[-0.77821171 -0.72698367],[-0.14482127 -0.77392697],[-0.06266511  0.18016066]
2128,2.1289999999998765,[-0.96875949  1.23978335],[-0.7783562 -0.7277536],[-0.14448805 -0.76993049],[-0.06257712  0.18012925]
2129,2.1299999999998764,[-0.96953799  1.23905483],[-0.77850035 -0.72851953],[-0.14415403 -0.76593612],[-0.06248912  0.18009768]
2130,2.1309999999998763,[-0.97031663  1.23832555],[-0.77864417 -0.72928148],[-0.14381922 -0.7619439 ],[-0.06240111  0.18006593]
2131,2.131999999999876,[-0.97109542  1.23759551],[-0.77878765 -0.73003943],[-0.14348362 -0.75795386],[-0.06231309  0.18003402]
2132,2.132999999999876,[-0.97187435  1.23686472],[-0.7789308 -0.7307934],[-0.14314721 -0.75396604],[-0.06222506  0.18000194]
2133,2.133999999999876,[-0.97265343  1.23613318],[-0.77907361 -0.73154338],[-0.14281002 -0.74998047],[-0.06213703  0.1799697 ]
2134,2.134999999999876,[-0.97343264  1.23540089],[-0.77921608 -0.73228938],[-0.14247203 -0.7459972 ],[-0.06204898  0.17993729]
2135,2.1359999999998758,[-0.974212    1.23466786],[-0.77935822 -0.73303139],[-0.14213324 -0.74201625],[-0.06196092  0.17990471]
2136,2.1369999999998757,[-0.9749915   1.23393409],[-0.77950001 -0.73376943],[-0.14179365 -0.73803765],[-0.06187286  0.17987196]
2137,2.1379999999998756,[-0.97577114  1.23319958],[-0.77964146 -0.73450349],[-0.14145327 -0.73406146],[-0.06178479  0.17983904]
2138,2.1389999999998754,[-0.97655092  1.23246435],[-0.77978258 -0.73523358],[-0.1411121  -0.73008769],[-0.06169671  0.17980596]
2139,2.1399999999998753,[-0.97733085  1.23172839],[-0.77992335 -0.73595969],[-0.14077013 -0.72611639],[-0.06160862  0.17977271]
2140,2.1409999999998752,[-0.97811091  1.23099171],[-0.78006377 -0.73668184],[-0.14042736 -0.72214759],[-0.06152052  0.17973929]
2141,2.141999999999875,[-0.97889112  1.23025431],[-0.78020386 -0.73740002],[-0.14008379 -0.71818133],[-0.06143241  0.1797057 ]
2142,2.142999999999875,[-0.97967146  1.22951619],[-0.7803436  -0.73811424],[-0.13973943 -0.71421765],[-0.06134429  0.17967194]
2143,2.143999999999875,[-0.98045194  1.22877737],[-0.78048299 -0.7388245 ],[-0.13939427 -0.71025657],[-0.06125617  0.17963802]
2144,2.144999999999875,[-0.98123256  1.22803784],[-0.78062204 -0.7395308 ],[-0.13904832 -0.70629813],[-0.06116804  0.17960392]
2145,2.1459999999998747,[-0.98201332  1.2272976 ],[-0.78076074 -0.74023314],[-0.13870157 -0.70234238],[-0.06107989  0.17956965]
2146,2.1469999999998746,[-0.98279422  1.22655667],[-0.7808991  -0.74093153],[-0.13835402 -0.69838934],[-0.06099174  0.17953522]
2147,2.1479999999998745,[-0.98357526  1.22581505],[-0.7810371  -0.74162597],[-0.13800568 -0.69443906],[-0.06090359  0.17950061]
2148,2.1489999999998743,[-0.98435644  1.22507273],[-0.78117476 -0.74231646],[-0.13765654 -0.69049156],[-0.06081542  0.17946584]
2149,2.1499999999998742,[-0.98513775  1.22432973],[-0.78131206 -0.74300301],[-0.13730661 -0.68654688],[-0.06072725  0.17943089]
2150,2.150999999999874,[-0.9859192   1.22358604],[-0.78144902 -0.74368561],[-0.13695588 -0.68260507],[-0.06063907  0.17939578]
2151,2.151999999999874,[-0.98670078  1.22284168],[-0.78158562 -0.74436428],[-0.13660436 -0.67866615],[-0.06055088  0.17936049]
2152,2.152999999999874,[-0.9874825   1.22209664],[-0.78172188 -0.74503901],[-0.13625204 -0.67473016],[-0.06046268  0.17932503]
2153,2.153999999999874,[-0.98826436  1.22135093],[-0.78185778 -0.7457098 ],[-0.13589892 -0.67079714],[-0.06037448  0.1792894 ]
2154,2.1549999999998737,[-0.98904636  1.22060455],[-0.78199332 -0.74637667],[-0.13554502 -0.66686713],[-0.06028626  0.1792536 ]
2155,2.1559999999998736,[-0.98982848  1.21985751],[-0.78212851 -0.74703961],[-0.13519032 -0.66294015],[-0.06019804  0.17921763]
2156,2.1569999999998735,[-0.99061075  1.21910981],[-0.78226335 -0.74769863],[-0.13483482 -0.65901625],[-0.06010982  0.17918149]
2157,2.1579999999998734,[-0.99139314  1.21836146],[-0.78239782 -0.74835372],[-0.13447854 -0.65509546],[-0.06002158  0.17914518]
2158,2.1589999999998732,[-0.99217568  1.21761246],[-0.78253195 -0.7490049 ],[-0.13412146 -0.65117782],[-0.05993334  0.17910869]
2159,2.159999999999873,[-0.99295834  1.2168628 ],[-0.78266571 -0.74965216],[-0.13376359 -0.64726336],[-0.05984509  0.17907203]
2160,2.160999999999873,[-0.99374114  1.21611251],[-0.78279911 -0.75029552],[-0.13340493 -0.64335213],[-0.05975683  0.1790352 ]
2161,2.161999999999873,[-0.99452407  1.21536157],[-0.78293216 -0.75093496],[-0.13304547 -0.63944415],[-0.05966857  0.1789982 ]
2162,2.162999999999873,[-0.99530714  1.21461   ],[-0.78306484 -0.7515705 ],[-0.13268523 -0.63553946],[-0.0595803   0.17896103]
2163,2.1639999999998727,[-0.99609034  1.2138578 ],[-0.78319717 -0.75220214],[-0.1323242  -0.63163811],[-0.05949202  0.17892368]
2164,2.1649999999998726,[-0.99687366  1.21310497],[-0.78332913 -0.75282988],[-0.13196238 -0.62774012],[-0.05940374  0.17888616]
2165,2.1659999999998725,[-0.99765713  1.21235152],[-0.78346073 -0.75345372],[-0.13159977 -0.62384553],[-0.05931545  0.17884847]
2166,2.1669999999998724,[-0.99844072  1.21159744],[-0.78359197 -0.75407368],[-0.13123637 -0.61995438],[-0.05922715  0.1788106 ]
2167,2.1679999999998723,[-0.99922444  1.21084275],[-0.78372284 -0.75468974],[-0.13087219 -0.6160667 ],[-0.05913884  0.17877257]
2168,2.168999999999872,[-1.00000829  1.21008745],[-0.78385335 -0.75530193],[-0.13050722 -0.61218254],[-0.05905053  0.17873435]
2169,2.169999999999872,[-1.00079228  1.20933154],[-0.78398349 -0.75591023],[-0.13014147 -0.60830193],[-0.05896222  0.17869597]
2170,2.170999999999872,[-1.00157639  1.20857503],[-0.78411326 -0.75651465],[-0.12977493 -0.60442489],[-0.05887389  0.17865741]
2171,2.171999999999872,[-1.00236063  1.20781791],[-0.78424267 -0.75711521],[-0.12940761 -0.60055148],[-0.05878556  0.17861868]
2172,2.1729999999998717,[-1.003145   1.2070602],[-0.78437171 -0.75771189],[-0.12903951 -0.59668173],[-0.05869722  0.17857977]
2173,2.1739999999998716,[-1.00392951  1.20630189],[-0.78450038 -0.7583047 ],[-0.12867063 -0.59281567],[-0.05860888  0.17854069]
2174,2.1749999999998715,[-1.00471413  1.205543  ],[-0.78462868 -0.75889366],[-0.12830096 -0.58895334],[-0.05852053  0.17850144]
2175,2.1759999999998714,[-1.00549889  1.20478352],[-0.78475661 -0.75947875],[-0.12793052 -0.58509478],[-0.05843218  0.17846201]
2176,2.1769999999998713,[-1.00628377  1.20402346],[-0.78488417 -0.76005999],[-0.1275593  -0.58124002],[-0.05834381  0.17842241]
2177,2.177999999999871,[-1.00706879  1.20326283],[-0.78501136 -0.76063738],[-0.1271873 -0.5773891],[-0.05825545  0.17838263]
2178,2.178999999999871,[-1.00785392  1.20250161],[-0.78513817 -0.76121092],[-0.12681452 -0.57354206],[-0.05816707  0.17834268]
2179,2.179999999999871,[-1.00863919  1.20173983],[-0.78526461 -0.76178062],[-0.12644097 -0.56969893],[-0.0580787   0.17830255]
2180,2.180999999999871,[-1.00942458  1.20097749],[-0.78539068 -0.76234648],[-0.12606665 -0.56585975],[-0.05799031  0.17826225]
2181,2.1819999999998707,[-1.0102101   1.20021458],[-0.78551637 -0.76290851],[-0.12569155 -0.56202455],[-0.05790192  0.17822177]
2182,2.1829999999998706,[-1.01099574  1.19945111],[-0.78564169 -0.7634667 ],[-0.12531568 -0.55819338],[-0.05781353  0.17818112]
2183,2.1839999999998705,[-1.0117815   1.19868709],[-0.78576663 -0.76402107],[-0.12493904 -0.55436627],[-0.05772512  0.1781403 ]
2184,2.1849999999998704,[-1.0125674   1.19792252],[-0.78589119 -0.76457161],[-0.12456163 -0.55054326],[-0.05763672  0.17809929]
2185,2.1859999999998703,[-1.01335341  1.1971574 ],[-0.78601537 -0.76511833],[-0.12418346 -0.54672437],[-0.05754831  0.17805812]
2186,2.18699999999987,[-1.01413955  1.19639174],[-0.78613918 -0.76566124],[-0.12380452 -0.54290966],[-0.05745989  0.17801676]
2187,2.18799999999987,[-1.01492581  1.19562554],[-0.7862626  -0.76620034],[-0.12342481 -0.53909915],[-0.05737147  0.17797524]
2188,2.18899999999987,[-1.0157122  1.1948588],[-0.78638565 -0.76673563],[-0.12304434 -0.53529288],[-0.05728304  0.17793353]
2189,2.18999999999987,[-1.01649871  1.19409154],[-0.78650831 -0.76726713],[-0.1226631 -0.5314909],[-0.05719461  0.17789165]
2190,2.1909999999998697,[-1.01728534  1.19332374],[-0.78663059 -0.76779482],[-0.12228111 -0.52769323],[-0.05710617  0.1778496 ]
2191,2.1919999999998696,[-1.01807209  1.19255542],[-0.78675249 -0.76831872],[-0.12189836 -0.52389991],[-0.05701773  0.17780737]
2192,2.1929999999998695,[-1.01885896  1.19178658],[-0.786874   -0.76883883],[-0.12151484 -0.52011098],[-0.05692928  0.17776496]
2193,2.1939999999998694,[-1.01964596  1.19101723],[-0.78699513 -0.76935516],[-0.12113058 -0.51632647],[-0.05684083  0.17772238]
2194,2.1949999999998693,[-1.02043307  1.19024736],[-0.78711588 -0.7698677 ],[-0.12074555 -0.51254643],[-0.05675237  0.17767962]
2195,2.195999999999869,[-1.02122031  1.18947698],[-0.78723624 -0.77037647],[-0.12035978 -0.50877088],[-0.05666391  0.17763669]
2196,2.196999999999869,[-1.02200767  1.1887061 ],[-0.78735621 -0.77088147],[-0.11997325 -0.50499987],[-0.05657544  0.17759357]
2197,2.197999999999869,[-1.02279514  1.18793472],[-0.7874758  -0.77138271],[-0.11958597 -0.50123344],[-0.05648697  0.17755029]
2198,2.198999999999869,[-1.02358274  1.18716284],[-0.787595   -0.77188018],[-0.11919795 -0.49747161],[-0.0563985   0.17750682]
2199,2.1999999999998687,[-1.02437045  1.18639047],[-0.78771381 -0.77237389],[-0.11880917 -0.49371442],[-0.05631002  0.17746318]
2200,2.2009999999998686,[-1.02515828  1.1856176 ],[-0.78783223 -0.77286385],[-0.11841966 -0.48996192],[-0.05622154  0.17741937]
2201,2.2019999999998685,[-1.02594623  1.18484425],[-0.78795026 -0.77335007],[-0.1180294  -0.48621413],[-0.05613305  0.17737537]
2202,2.2029999999998684,[-1.0267343   1.18407042],[-0.78806789 -0.77383254],[-0.11763839 -0.4824711 ],[-0.05604456  0.1773312 ]
2203,2.2039999999998683,[-1.02752249  1.18329611],[-0.78818514 -0.77431127],[-0.11724665 -0.47873286],[-0.05595606  0.17728685]
2204,2.204999999999868,[-1.02831079  1.18252132],[-0.78830199 -0.77478627],[-0.11685417 -0.47499945],[-0.05586756  0.17724233]
2205,2.205999999999868,[-1.02909921  1.18174606],[-0.78841846 -0.77525754],[-0.11646096 -0.4712709 ],[-0.05577906  0.17719763]
2206,2.206999999999868,[-1.02988774  1.18097034],[-0.78853452 -0.77572509],[-0.11606701 -0.46754725],[-0.05569055  0.17715275]
2207,2.207999999999868,[-1.03067639  1.18019415],[-0.78865019 -0.77618892],[-0.11567233 -0.46382853],[-0.05560204  0.1771077 ]
2208,2.2089999999998677,[-1.03146516  1.1794175 ],[-0.78876547 -0.77664903],[-0.11527692 -0.46011479],[-0.05551353  0.17706246]
2209,2.2099999999998676,[-1.03225404  1.1786404 ],[-0.78888035 -0.77710544],[-0.11488078 -0.45640606],[-0.05542501  0.17701705]
2210,2.2109999999998675,[-1.03304303  1.17786284],[-0.78899484 -0.77755814],[-0.11448391 -0.45270237],[-0.05533649  0.17697147]
2211,2.2119999999998674,[-1.03383214  1.17708483],[-0.78910892 -0.77800715],[-0.11408632 -0.44900376],[-0.05524796  0.1769257 ]
2212,2.2129999999998673,[-1.03462136  1.17630638],[-0.78922261 -0.77845246],[-0.11368801 -0.44531027],[-0.05515944  0.17687976]
2213,2.213999999999867,[-1.0354107   1.17552748],[-0.7893359  -0.77889408],[-0.11328898 -0.44162194],[-0.0550709   0.17683365]
2214,2.214999999999867,[-1.03620015  1.17474815],[-0.78944879 -0.77933202],[-0.11288923 -0.4379388 ],[-0.05498237  0.17678735]
2215,2.215999999999867,[-1.03698971  1.17396839],[-0.78956128 -0.77976628],[-0.11248876 -0.43426088],[-0.05489383  0.17674088]
2216,2.216999999999867,[-1.03777938  1.17318819],[-0.78967336 -0.78019687],[-0.11208758 -0.43058822],[-0.05480529  0.17669423]
2217,2.2179999999998667,[-1.03856917  1.17240757],[-0.78978505 -0.78062379],[-0.11168569 -0.42692086],[-0.05471675  0.1766474 ]
2218,2.2189999999998666,[-1.03935907  1.17162652],[-0.78989633 -0.78104705],[-0.11128309 -0.42325884],[-0.0546282  0.1766004]
2219,2.2199999999998665,[-1.04014907  1.17084505],[-0.79000721 -0.78146665],[-0.11087978 -0.41960218],[-0.05453965  0.17655321]
2220,2.2209999999998664,[-1.04093919  1.17006317],[-0.79011769 -0.7818826 ],[-0.11047577 -0.41595094],[-0.0544511   0.17650586]
2221,2.2219999999998663,[-1.04172942  1.16928087],[-0.79022776 -0.7822949 ],[-0.11007106 -0.41230513],[-0.05436254  0.17645832]
2222,2.222999999999866,[-1.04251976  1.16849817],[-0.79033743 -0.78270357],[-0.10966564 -0.4086648 ],[-0.05427399  0.1764106 ]
2223,2.223999999999866,[-1.0433102   1.16771506],[-0.79044669 -0.7831086 ],[-0.10925953 -0.40502999],[-0.05418543  0.17636271]
2224,2.224999999999866,[-1.04410076  1.16693155],[-0.79055554 -0.78351   ],[-0.10885272 -0.40140073],[-0.05409686  0.17631464]
2225,2.225999999999866,[-1.04489142  1.16614764],[-0.79066398 -0.78390778],[-0.10844522 -0.39777705],[-0.0540083  0.1762664]
2226,2.2269999999998658,[-1.04568219  1.16536334],[-0.79077202 -0.78430194],[-0.10803703 -0.39415899],[-0.05391973  0.17621797]
2227,2.2279999999998656,[-1.04647307  1.16457865],[-0.79087965 -0.78469248],[-0.10762815 -0.39054659],[-0.05383116  0.17616937]
2228,2.2289999999998655,[-1.04726406  1.16379357],[-0.79098687 -0.78507942],[-0.10721858 -0.38693988],[-0.05374259  0.17612059]
2229,2.2299999999998654,[-1.04805515  1.16300811],[-0.79109368 -0.78546276],[-0.10680833 -0.3833389 ],[-0.05365402  0.17607163]
2230,2.2309999999998653,[-1.04884635  1.16222227],[-0.79120007 -0.7858425 ],[-0.1063974  -0.37974368],[-0.05356544  0.1760225 ]
2231,2.231999999999865,[-1.04963766  1.16143605],[-0.79130606 -0.78621866],[-0.10598579 -0.37615426],[-0.05347687  0.17597318]
2232,2.232999999999865,[-1.05042907  1.16064946],[-0.79141163 -0.78659123],[-0.10557351 -0.37257067],[-0.05338829  0.1759237 ]
2233,2.233999999999865,[-1.05122059  1.1598625 ],[-0.79151679 -0.78696022],[-0.10516055 -0.36899295],[-0.0532997   0.17587403]
2234,2.234999999999865,[-1.05201221  1.15907517],[-0.79162154 -0.78732564],[-0.10474692 -0.36542113],[-0.05321112  0.17582418]
2235,2.2359999999998648,[-1.05280394  1.15828748],[-0.79172587 -0.7876875 ],[-0.10433263 -0.36185526],[-0.05312254  0.17577416]
2236,2.2369999999998647,[-1.05359577  1.15749944],[-0.79182979 -0.78804579],[-0.10391767 -0.35829536],[-0.05303395  0.17572396]
2237,2.2379999999998645,[-1.0543877   1.15671104],[-0.79193329 -0.78840054],[-0.10350205 -0.35474147],[-0.05294536  0.17567358]
2238,2.2389999999998644,[-1.05517974  1.15592228],[-0.79203638 -0.78875173],[-0.10308576 -0.35119362],[-0.05285677  0.17562303]
2239,2.2399999999998643,[-1.05597187  1.15513318],[-0.79213905 -0.78909938],[-0.10266882 -0.34765185],[-0.05276818  0.1755723 ]
2240,2.240999999999864,[-1.05676412  1.15434374],[-0.7922413 -0.7894435],[-0.10225123 -0.3441162 ],[-0.05267959  0.17552139]
2241,2.241999999999864,[-1.05755646  1.15355396],[-0.79234313 -0.78978408],[-0.10183298 -0.34058669],[-0.052591   0.1754703]
2242,2.242999999999864,[-1.0583489   1.15276384],[-0.79244454 -0.79012115],[-0.10141409 -0.33706337],[-0.0525024   0.17541904]
2243,2.243999999999864,[-1.05914145  1.15197338],[-0.79254554 -0.79045469],[-0.10099455 -0.33354626],[-0.05241381  0.1753676 ]
2244,2.2449999999998638,[-1.05993409  1.1511826 ],[-0.79264611 -0.79078473],[-0.10057436 -0.33003541],[-0.05232521  0.17531598]
2245,2.2459999999998637,[-1.06072684  1.15039149],[-0.79274627 -0.79111126],[-0.10015354 -0.32653085],[-0.05223662  0.17526418]
2246,2.2469999999998636,[-1.06151969  1.14960005],[-0.792846   -0.79143429],[-0.09973207 -0.3230326 ],[-0.05214802  0.17521221]
2247,2.2479999999998634,[-1.06231263  1.1488083 ],[-0.79294531 -0.79175383],[-0.09930998 -0.31954071],[-0.05205942  0.17516006]
2248,2.2489999999998633,[-1.06310568  1.14801623],[-0.7930442  -0.79206989],[-0.09888725 -0.31605521],[-0.05197082  0.17510773]
2249,2.249999999999863,[-1.06389882  1.14722384],[-0.79314266 -0.79238246],[-0.09846389 -0.31257614],[-0.05188222  0.17505523]
2250,2.250999999999863,[-1.06469206  1.14643115],[-0.7932407  -0.79269157],[-0.09803991 -0.30910352],[-0.05179362  0.17500254]
2251,2.251999999999863,[-1.0654854   1.14563816],[-0.79333832 -0.79299721],[-0.0976153 -0.3056374],[-0.05170502  0.17494969]
2252,2.252999999999863,[-1.06627883  1.14484486],[-0.79343551 -0.79329938],[-0.09719008 -0.3021778 ],[-0.05161641  0.17489665]
2253,2.253999999999863,[-1.06707237  1.14405126],[-0.79353227 -0.79359811],[-0.09676424 -0.29872475],[-0.05152781  0.17484344]
2254,2.2549999999998627,[-1.06786599  1.14325737],[-0.79362861 -0.79389339],[-0.09633778 -0.29527831],[-0.05143921  0.17479005]
2255,2.2559999999998626,[-1.06865972  1.14246318],[-0.79372452 -0.79418522],[-0.09591072 -0.29183848],[-0.05135061  0.17473648]
2256,2.2569999999998624,[-1.06945354  1.14166871],[-0.79382    -0.79447363],[-0.09548304 -0.28840532],[-0.051262    0.17468274]
2257,2.2579999999998623,[-1.07024745  1.14087395],[-0.79391506 -0.79475861],[-0.09505477 -0.28497885],[-0.0511734   0.17462882]
2258,2.2589999999998622,[-1.07104146  1.14007891],[-0.79400968 -0.79504017],[-0.09462589 -0.28155911],[-0.0510848   0.17457473]
2259,2.259999999999862,[-1.07183557  1.13928359],[-0.79410388 -0.79531831],[-0.09419641 -0.27814613],[-0.0509962   0.17452046]
2260,2.260999999999862,[-1.07262977  1.138488  ],[-0.79419765 -0.79559305],[-0.09376634 -0.27473994],[-0.05090759  0.17446601]
2261,2.261999999999862,[-1.07342406  1.13769213],[-0.79429098 -0.79586439],[-0.09333568 -0.27134058],[-0.05081899  0.17441138]
2262,2.262999999999862,[-1.07421844  1.136896  ],[-0.79438389 -0.79613234],[-0.09290442 -0.26794807],[-0.05073039  0.17435658]
2263,2.2639999999998617,[-1.07501292  1.1360996 ],[-0.79447636 -0.79639691],[-0.09247259 -0.26456246],[-0.05064179  0.1743016 ]
2264,2.2649999999998616,[-1.07580749  1.13530294],[-0.7945684  -0.79665809],[-0.09204017 -0.26118377],[-0.05055319  0.17424645]
2265,2.2659999999998615,[-1.07660215  1.13450603],[-0.79466001 -0.7969159 ],[-0.09160717 -0.25781204],[-0.05046459  0.17419112]
2266,2.2669999999998613,[-1.0773969   1.13370886],[-0.79475118 -0.79717035],[-0.0911736 -0.2544473],[-0.05037598  0.17413562]
2267,2.2679999999998612,[-1.07819174  1.13291144],[-0.79484192 -0.79742144],[-0.09073945 -0.25108958],[-0.05028739  0.17407994]
2268,2.268999999999861,[-1.07898667  1.13211377],[-0.79493222 -0.79766918],[-0.09030474 -0.24773891],[-0.05019879  0.17402408]
2269,2.269999999999861,[-1.07978169  1.13131585],[-0.79502209 -0.79791357],[-0.08986946 -0.24439533],[-0.05011019  0.17396805]
2270,2.270999999999861,[-1.0805768  1.1305177],[-0.79511153 -0.79815463],[-0.08943362 -0.24105886],[-0.05002159  0.17391184]
2271,2.271999999999861,[-1.081372    1.12971931],[-0.79520052 -0.79839236],[-0.08899721 -0.23772955],[-0.04993299  0.17385546]
2272,2.2729999999998607,[-1.08216729  1.12892068],[-0.79528908 -0.79862677],[-0.08856026 -0.23440742],[-0.0498444  0.1737989]
2273,2.2739999999998606,[-1.08296267  1.12812182],[-0.79537721 -0.79885786],[-0.08812275 -0.2310925 ],[-0.0497558   0.17374217]
2274,2.2749999999998605,[-1.08375814  1.12732274],[-0.79546489 -0.79908565],[-0.08768469 -0.22778483],[-0.04966721  0.17368526]
2275,2.2759999999998604,[-1.08455369  1.12652343],[-0.79555214 -0.79931013],[-0.08724609 -0.22448443],[-0.04957862  0.17362817]
2276,2.2769999999998602,[-1.08534933  1.1257239 ],[-0.79563894 -0.79953132],[-0.08680695 -0.22119134],[-0.04949003  0.17357092]
2277,2.27799999999986,[-1.08614505  1.12492415],[-0.79572531 -0.79974923],[-0.08636727 -0.21790559],[-0.04940144  0.17351348]
2278,2.27899999999986,[-1.08694086  1.12412418],[-0.79581124 -0.79996385],[-0.08592705 -0.2146272 ],[-0.04931285  0.17345588]
2279,2.27999999999986,[-1.08773676  1.12332401],[-0.79589672 -0.80017521],[-0.08548631 -0.21135622],[-0.04922426  0.17339809]
2280,2.28099999999986,[-1.08853274  1.12252362],[-0.79598177 -0.8003833 ],[-0.08504503 -0.20809267],[-0.04913568  0.17334014]
2281,2.2819999999998597,[-1.08932881  1.12172304],[-0.79606637 -0.80058814],[-0.08460323 -0.20483658],[-0.0490471  0.173282 ]
2282,2.2829999999998596,[-1.09012496  1.12092225],[-0.79615053 -0.80078973],[-0.08416091 -0.20158799],[-0.04895851  0.1732237 ]
2283,2.2839999999998595,[-1.09092119  1.12012126],[-0.79623425 -0.80098807],[-0.08371808 -0.19834691],[-0.04886993  0.17316522]
2284,2.2849999999998594,[-1.09171751  1.11932007],[-0.79631753 -0.80118319],[-0.08327473 -0.19511339],[-0.04878135  0.17310657]
2285,2.2859999999998593,[-1.09251391  1.1185187 ],[-0.79640036 -0.80137508],[-0.08283087 -0.19188746],[-0.04869278  0.17304774]
2286,2.286999999999859,[-1.09331039  1.11771714],[-0.79648274 -0.80156374],[-0.0823865  -0.18866913],[-0.0486042   0.17298874]
2287,2.287999999999859,[-1.09410696  1.11691539],[-0.79656469 -0.8017492 ],[-0.08194164 -0.18545845],[-0.04851563  0.17292956]
2288,2.288999999999859,[-1.0949036   1.11611346],[-0.79664618 -0.80193146],[-0.08149627 -0.18225544],[-0.04842706  0.17287022]
2289,2.289999999999859,[-1.09570033  1.11531134],[-0.79672723 -0.80211052],[-0.08105041 -0.17906014],[-0.04833849  0.17281069]
2290,2.2909999999998587,[-1.09649714  1.11450906],[-0.79680784 -0.80228639],[-0.08060406 -0.17587256],[-0.04824993  0.172751  ]
2291,2.2919999999998586,[-1.09729403  1.1137066 ],[-0.79688799 -0.80245908],[-0.08015721 -0.17269275],[-0.04816136  0.17269113]
2292,2.2929999999998585,[-1.098091    1.11290397],[-0.7969677 -0.8026286],[-0.07970989 -0.16952072],[-0.0480728   0.17263109]
2293,2.2939999999998584,[-1.09888804  1.11210118],[-0.79704697 -0.80279496],[-0.07926208 -0.16635652],[-0.04798424  0.17257088]
2294,2.2949999999998583,[-1.09968517  1.11129822],[-0.79712578 -0.80295816],[-0.0788138  -0.16320016],[-0.04789569  0.1725105 ]
2295,2.295999999999858,[-1.10048237  1.1104951 ],[-0.79720414 -0.80311821],[-0.07836505 -0.16005168],[-0.04780713  0.17244994]
2296,2.296999999999858,[-1.10127965  1.10969182],[-0.79728206 -0.80327512],[-0.07791582 -0.1569111 ],[-0.04771858  0.17238921]
2297,2.297999999999858,[-1.10207701  1.1088884 ],[-0.79735953 -0.8034289 ],[-0.07746613 -0.15377846],[-0.04763003  0.17232831]
2298,2.298999999999858,[-1.10287445  1.10808482],[-0.79743654 -0.80357956],[-0.07701598 -0.15065378],[-0.04754149  0.17226723]
2299,2.2999999999998577,[-1.10367196  1.10728109],[-0.79751311 -0.80372709],[-0.07656538 -0.14753709],[-0.04745294  0.17220599]
2300,2.3009999999998576,[-1.10446955  1.10647722],[-0.79758922 -0.80387152],[-0.07611431 -0.14442841],[-0.0473644   0.17214457]
2301,2.3019999999998575,[-1.10526722  1.1056732 ],[-0.79766488 -0.80401285],[-0.0756628  -0.14132778],[-0.04727587  0.17208298]
2302,2.3029999999998574,[-1.10606496  1.10486905],[-0.7977401  -0.80415108],[-0.07521084 -0.13823522],[-0.04718733  0.17202122]
2303,2.3039999999998573,[-1.10686277  1.10406477],[-0.79781485 -0.80428624],[-0.07475844 -0.13515077],[-0.0470988   0.17195929]
2304,2.304999999999857,[-1.10766066  1.10326035],[-0.79788916 -0.80441831],[-0.0743056  -0.13207444],[-0.04701027  0.17189719]
2305,2.305999999999857,[-1.10845862  1.1024558 ],[-0.79796301 -0.80454732],[-0.07385232 -0.12900626],[-0.04692175  0.17183492]
2306,2.306999999999857,[-1.10925666  1.10165113],[-0.79803641 -0.80467326],[-0.07339862 -0.12594626],[-0.04683323  0.17177247]
2307,2.307999999999857,[-1.11005477  1.10084633],[-0.79810936 -0.80479616],[-0.07294448 -0.12289448],[-0.04674471  0.17170986]
2308,2.3089999999998567,[-1.11085295  1.10004142],[-0.79818184 -0.80491601],[-0.07248993 -0.11985092],[-0.04665619  0.17164708]
2309,2.3099999999998566,[-1.11165121  1.09923638],[-0.79825388 -0.80503282],[-0.07203495 -0.11681563],[-0.04656768  0.17158412]
2310,2.3109999999998565,[-1.11244953  1.09843124],[-0.79832546 -0.80514661],[-0.07157956 -0.11378863],[-0.04647917  0.171521  ]
2311,2.3119999999998564,[-1.11324793  1.09762598],[-0.79839658 -0.80525738],[-0.07112376 -0.11076994],[-0.04639067  0.17145771]
2312,2.3129999999998563,[-1.1140464   1.09682061],[-0.79846725 -0.80536514],[-0.07066755 -0.10775958],[-0.04630217  0.17139424]
2313,2.313999999999856,[-1.11484493  1.09601514],[-0.79853746 -0.8054699 ],[-0.07021093 -0.1047576 ],[-0.04621367  0.17133061]
2314,2.314999999999856,[-1.11564354  1.09520957],[-0.79860722 -0.80557166],[-0.06975392 -0.101764  ],[-0.04612518  0.17126681]
2315,2.315999999999856,[-1.11644222  1.0944039 ],[-0.79867651 -0.80567044],[-0.06929651 -0.09877882],[-0.04603669  0.17120284]
2316,2.316999999999856,[-1.11724096  1.09359814],[-0.79874535 -0.80576624],[-0.06883871 -0.09580207],[-0.0459482  0.1711387]
2317,2.3179999999998557,[-1.11803978  1.09279228],[-0.79881373 -0.80585908],[-0.06838052 -0.0928338 ],[-0.04585972  0.1710744 ]
2318,2.3189999999998556,[-1.11883866  1.09198633],[-0.79888165 -0.80594895],[-0.06792195 -0.08987401],[-0.04577124  0.17100992]
2319,2.3199999999998555,[-1.11963761  1.09118029],[-0.79894912 -0.80603587],[-0.067463   -0.08692274],[-0.04568277  0.17094528]
2320,2.3209999999998554,[-1.12043662  1.09037417],[-0.79901612 -0.80611985],[-0.06700367 -0.08398001],[-0.0455943   0.17088047]
2321,2.3219999999998553,[-1.12123571  1.08956797],[-0.79908266 -0.8062009 ],[-0.06654397 -0.08104584],[-0.04550584  0.17081549]
2322,2.322999999999855,[-1.12203485  1.08876169],[-0.79914875 -0.80627902],[-0.0660839  -0.07812027],[-0.04541738  0.17075034]
2323,2.323999999999855,[-1.12283407  1.08795534],[-0.79921437 -0.80635422],[-0.06562347 -0.0752033 ],[-0.04532892  0.17068503]
2324,2.324999999999855,[-1.12363335  1.08714891],[-0.79927953 -0.80642652],[-0.06516268 -0.07229497],[-0.04524047  0.17061955]
2325,2.325999999999855,[-1.12443269  1.08634242],[-0.79934424 -0.80649591],[-0.06470154 -0.06939529],[-0.04515202  0.1705539 ]
2326,2.3269999999998547,[-1.1252321   1.08553585],[-0.79940848 -0.80656242],[-0.06424004 -0.0665043 ],[-0.04506358  0.17048809]
2327,2.3279999999998546,[-1.12603157  1.08472923],[-0.79947225 -0.80662604],[-0.06377819 -0.06362202],[-0.04497514  0.17042211]
2328,2.3289999999998545,[-1.12683111  1.08392254],[-0.79953557 -0.80668679],[-0.063316   -0.06074846],[-0.04488671  0.17035597]
2329,2.3299999999998544,[-1.12763071  1.0831158 ],[-0.79959842 -0.80674467],[-0.06285348 -0.05788366],[-0.04479828  0.17028965]
2330,2.3309999999998543,[-1.12843037  1.082309  ],[-0.79966081 -0.8067997 ],[-0.06239061 -0.05502763],[-0.04470985  0.17022318]
2331,2.331999999999854,[-1.12923009  1.08150214],[-0.79972274 -0.80685188],[-0.06192742 -0.05218039],[-0.04462143  0.17015653]
2332,2.332999999999854,[-1.13002987  1.08069524],[-0.79978421 -0.80690122],[-0.06146389 -0.04934197],[-0.04453302  0.17008973]
2333,2.333999999999854,[-1.13082972  1.07988829],[-0.79984521 -0.80694773],[-0.06100005 -0.04651239],[-0.04444461  0.17002275]
2334,2.334999999999854,[-1.13162963  1.0790813 ],[-0.79990574 -0.80699143],[-0.06053588 -0.04369168],[-0.04435621  0.16995562]
2335,2.3359999999998537,[-1.13242959  1.07827427],[-0.79996581 -0.80703231],[-0.0600714  -0.04087984],[-0.04426781  0.16988831]
2336,2.3369999999998536,[-1.13322962  1.0774672 ],[-0.80002542 -0.80707038],[-0.05960661 -0.03807692],[-0.04417941  0.16982085]
2337,2.3379999999998535,[-1.1340297  1.0766601],[-0.80008456 -0.80710567],[-0.05914151 -0.03528291],[-0.04409102  0.16975322]
2338,2.3389999999998534,[-1.13482984  1.07585296],[-0.80014324 -0.80713816],[-0.05867611 -0.03249786],[-0.04400264  0.16968542]
2339,2.3399999999998533,[-1.13563005  1.07504579],[-0.80020145 -0.80716789],[-0.05821041 -0.02972177],[-0.04391426  0.16961747]
2340,2.340999999999853,[-1.13643031  1.07423859],[-0.80025919 -0.80719484],[-0.05774442 -0.02695467],[-0.04382589  0.16954935]
2341,2.341999999999853,[-1.13723062  1.07343138],[-0.80031647 -0.80721904],[-0.05727813 -0.02419657],[-0.04373752  0.16948106]
2342,2.342999999999853,[-1.13803099  1.07262413],[-0.80037328 -0.80724048],[-0.05681156 -0.02144751],[-0.04364916  0.16941262]
2343,2.343999999999853,[-1.13883142  1.07181688],[-0.80042963 -0.80725919],[-0.05634471 -0.01870749],[-0.0435608   0.16934401]
2344,2.3449999999998528,[-1.13963191  1.0710096 ],[-0.8004855  -0.80727517],[-0.05587758 -0.01597654],[-0.04347245  0.16927524]
2345,2.3459999999998526,[-1.14043245  1.07020231],[-0.80054091 -0.80728842],[-0.05541017 -0.01325468],[-0.04338411  0.1692063 ]
2346,2.3469999999998525,[-1.14123305  1.06939501],[-0.80059586 -0.80729897],[-0.0549425  -0.01054193],[-0.04329577  0.16913721]
2347,2.3479999999998524,[-1.1420337   1.06858771],[-0.80065033 -0.8073068 ],[-0.05447455 -0.0078383 ],[-0.04320744  0.16906795]
2348,2.3489999999998523,[-1.1428344   1.06778039],[-0.80070434 -0.80731195],[-0.05400635 -0.00514382],[-0.04311911  0.16899853]
2349,2.349999999999852,[-1.14363516  1.06697308],[-0.80075788 -0.80731441],[-0.05353789 -0.00245849],[-0.04303079  0.16892895]
2350,2.350999999999852,[-1.14443597  1.06616577],[-0.80081094 -0.80731419],[-0.05306918  0.00021765],[-0.04294247  0.16885921]
2351,2.351999999999852,[-1.14523683  1.06535845],[-0.80086354 -0.8073113 ],[-0.05260021  0.00288459],[-0.04285416  0.16878932]
2352,2.352999999999852,[-1.14603775  1.06455115],[-0.80091568 -0.80730576],[-0.052131    0.00554231],[-0.04276586  0.16871926]
2353,2.3539999999998518,[-1.14683872  1.06374385],[-0.80096734 -0.80729757],[-0.05166155  0.0081908 ],[-0.04267756  0.16864904]
2354,2.3549999999998517,[-1.14763974  1.06293656],[-0.80101853 -0.80728674],[-0.05119187  0.01083003],[-0.04258927  0.16857866]
2355,2.3559999999998515,[-1.1484408   1.06212929],[-0.80106925 -0.80727328],[-0.05072195  0.01346   ],[-0.04250098  0.16850812]
2356,2.3569999999998514,[-1.14924192  1.06132203],[-0.8011195 -0.8072572],[-0.0502518   0.01608068],[-0.04241271  0.16843742]
2357,2.3579999999998513,[-1.15004309  1.0605148 ],[-0.80116928 -0.80723851],[-0.04978142  0.01869205],[-0.04232443  0.16836656]
2358,2.358999999999851,[-1.15084431  1.05970758],[-0.80121859 -0.80721721],[-0.04931083  0.0212941 ],[-0.04223617  0.16829555]
2359,2.359999999999851,[-1.15164558  1.05890038],[-0.80126743 -0.80719333],[-0.04884002  0.02388682],[-0.04214791  0.16822438]
2360,2.360999999999851,[-1.1524469   1.05809322],[-0.8013158  -0.80716686],[-0.048369    0.02647018],[-0.04205966  0.16815304]
2361,2.361999999999851,[-1.15324826  1.05728608],[-0.8013637  -0.80713781],[-0.04789777  0.02904418],[-0.04197141  0.16808156]
2362,2.3629999999998508,[-1.15404967  1.05647897],[-0.80141113 -0.8071062 ],[-0.04742633  0.03160879],[-0.04188317  0.16800991]
2363,2.3639999999998507,[-1.15485113  1.0556719 ],[-0.80145808 -0.80707204],[-0.0469547   0.03416399],[-0.04179494  0.16793811]
2364,2.3649999999998506,[-1.15565263  1.05486487],[-0.80150457 -0.80703533],[-0.04648287  0.03670979],[-0.04170671  0.16786615]
2365,2.3659999999998504,[-1.15645418  1.05405787],[-0.80155058 -0.80699608],[-0.04601084  0.03924615],[-0.04161849  0.16779403]
2366,2.3669999999998503,[-1.15725578  1.05325092],[-0.80159612 -0.80695431],[-0.04553863  0.04177307],[-0.04153028  0.16772176]
2367,2.3679999999998502,[-1.15805742  1.05244401],[-0.80164118 -0.80691002],[-0.04506624  0.04429052],[-0.04144207  0.16764933]
2368,2.36899999999985,[-1.15885911  1.05163714],[-0.80168577 -0.80686322],[-0.04459367  0.04679851],[-0.04135388  0.16757675]
2369,2.36999999999985,[-1.15966084  1.05083033],[-0.8017299  -0.80681392],[-0.04412092  0.049297  ],[-0.04126568  0.16750401]
2370,2.37099999999985,[-1.16046261  1.05002357],[-0.80177354 -0.80676214],[-0.043648    0.05178599],[-0.0411775   0.16743111]
2371,2.37199999999985,[-1.16126443  1.04921686],[-0.80181672 -0.80670787],[-0.04317491  0.05426547],[-0.04108932  0.16735806]
2372,2.3729999999998497,[-1.16206629  1.04841021],[-0.80185942 -0.80665114],[-0.04270166  0.05673542],[-0.04100115  0.16728486]
2373,2.3739999999998496,[-1.16286819  1.04760362],[-0.80190165 -0.80659194],[-0.04222825  0.05919582],[-0.04091299  0.1672115 ]
2374,2.3749999999998495,[-1.16367013  1.04679709],[-0.8019434 -0.8065303],[-0.04175469  0.06164667],[-0.04082484  0.16713799]
2375,2.3759999999998493,[-1.16447212  1.04599062],[-0.80198468 -0.80646621],[-0.04128098  0.06408795],[-0.04073669  0.16706433]
2376,2.3769999999998492,[-1.16527414  1.04518422],[-0.80202549 -0.80639969],[-0.04080711  0.06651965],[-0.04064855  0.16699051]
2377,2.377999999999849,[-1.16607621  1.04437789],[-0.80206582 -0.80633075],[-0.04033311  0.06894175],[-0.04056041  0.16691654]
2378,2.378999999999849,[-1.16687831  1.04357163],[-0.80210568 -0.80625939],[-0.03985897  0.07135425],[-0.04047229  0.16684242]
2379,2.379999999999849,[-1.16768046  1.04276544],[-0.80214507 -0.80618563],[-0.03938469  0.07375714],[-0.04038417  0.16676814]
2380,2.380999999999849,[-1.16848264  1.04195933],[-0.80218398 -0.80610948],[-0.03891028  0.0761504 ],[-0.04029606  0.16669372]
2381,2.3819999999998487,[-1.16928486  1.0411533 ],[-0.80222241 -0.80603095],[-0.03843575  0.07853401],[-0.04020796  0.16661914]
2382,2.3829999999998486,[-1.17008712  1.04034735],[-0.80226038 -0.80595004],[-0.03796109  0.08090798],[-0.04011986  0.16654441]
2383,2.3839999999998485,[-1.17088942  1.03954149],[-0.80229786 -0.80586677],[-0.03748632  0.08327229],[-0.04003177  0.16646953]
2384,2.3849999999998484,[-1.17169176  1.03873571],[-0.80233487 -0.80578114],[-0.03701143  0.08562692],[-0.0399437  0.1663945]
2385,2.3859999999998482,[-1.17249413  1.03793001],[-0.80237141 -0.80569317],[-0.03653643  0.08797187],[-0.03985562  0.16631932]
2386,2.386999999999848,[-1.17329654  1.03712441],[-0.80240747 -0.80560286],[-0.03606132  0.09030713],[-0.03976756  0.16624398]
2387,2.387999999999848,[-1.17409898  1.0363189 ],[-0.80244306 -0.80551023],[-0.03558611  0.09263269],[-0.0396795  0.1661685]
2388,2.388999999999848,[-1.17490146  1.03551348],[-0.80247817 -0.80541528],[-0.03511081  0.09494853],[-0.03959146  0.16609287]
2389,2.389999999999848,[-1.17570397  1.03470817],[-0.8025128  -0.80531803],[-0.03463541  0.09725465],[-0.03950342  0.16601709]
2390,2.3909999999998477,[-1.17650652  1.03390295],[-0.80254696 -0.80521848],[-0.03415992  0.09955105],[-0.03941539  0.16594117]
2391,2.3919999999998476,[-1.1773091   1.03309783],[-0.80258065 -0.80511664],[-0.03368434  0.1018377 ],[-0.03932736  0.16586509]
2392,2.3929999999998475,[-1.17811171  1.03229282],[-0.80261386 -0.80501252],[-0.03320868  0.10411461],[-0.03923935  0.16578887]
2393,2.3939999999998474,[-1.17891436  1.03148791],[-0.80264659 -0.80490614],[-0.03273294  0.10638176],[-0.03915134  0.16571249]
2394,2.3949999999998473,[-1.17971704  1.03068311],[-0.80267885 -0.8047975 ],[-0.03225712  0.10863915],[-0.03906334  0.16563598]
2395,2.395999999999847,[-1.18051975  1.02987843],[-0.80271063 -0.80468662],[-0.03178124  0.11088676],[-0.03897535  0.16555931]
2396,2.396999999999847,[-1.18132249  1.02907385],[-0.80274193 -0.80457349],[-0.03130529  0.1131246 ],[-0.03888737  0.1654825 ]
2397,2.397999999999847,[-1.18212526  1.0282694 ],[-0.80277276 -0.80445814],[-0.03082928  0.11535265],[-0.0387994   0.16540554]
2398,2.398999999999847,[-1.18292807  1.02746506],[-0.80280312 -0.80434057],[-0.0303532  0.1175709],[-0.03871144  0.16532843]
2399,2.3999999999998467,[-1.1837309   1.02666083],[-0.80283299 -0.80422079],[-0.02987708  0.11977936],[-0.03862348  0.16525118]
2400,2.4009999999998466,[-1.18453376  1.02585674],[-0.80286239 -0.80409881],[-0.0294009  0.121978 ],[-0.03853553  0.16517379]
2401,2.4019999999998465,[-1.18533665  1.02505276],[-0.80289132 -0.80397464],[-0.02892467  0.12416683],[-0.03844759  0.16509625]
2402,2.4029999999998464,[-1.18613957  1.02424891],[-0.80291977 -0.8038483 ],[-0.02844841  0.12634585],[-0.03835967  0.16501857]
2403,2.4039999999998463,[-1.18694252  1.02344519],[-0.80294774 -0.80371978],[-0.0279721   0.12851503],[-0.03827174  0.16494074]
2404,2.404999999999846,[-1.1877455  1.0226416],[-0.80297523 -0.80358911],[-0.02749576  0.13067438],[-0.03818383  0.16486276]
2405,2.405999999999846,[-1.1885485   1.02183815],[-0.80300225 -0.80345629],[-0.02701938  0.1328239 ],[-0.03809593  0.16478465]
2406,2.406999999999846,[-1.18935153  1.02103483],[-0.8030288  -0.80332132],[-0.02654298  0.13496357],[-0.03800803  0.16470639]
2407,2.407999999999846,[-1.19015458  1.02023164],[-0.80305486 -0.80318423],[-0.02606655  0.1370934 ],[-0.03792015  0.16462799]
2408,2.4089999999998457,[-1.19095766  1.0194286 ],[-0.80308045 -0.80304502],[-0.02559011  0.13921338],[-0.03783227  0.16454944]
2409,2.4099999999998456,[-1.19176077  1.01862569],[-0.80310557 -0.80290369],[-0.02511364  0.14132349],[-0.03774441  0.16447076]
2410,2.4109999999998455,[-1.1925639   1.01782293],[-0.8031302  -0.80276027],[-0.02463717  0.14342375],[-0.03765655  0.16439193]
2411,2.4119999999998454,[-1.19336705  1.01702032],[-0.80315436 -0.80261475],[-0.02416068  0.14551415],[-0.0375687   0.16431296]
2412,2.4129999999998453,[-1.19417023  1.01621785],[-0.80317805 -0.80246716],[-0.02368419  0.14759467],[-0.03748086  0.16423385]
2413,2.413999999999845,[-1.19497343  1.01541553],[-0.80320126 -0.80231749],[-0.0232077   0.14966533],[-0.03739303  0.1641546 ]
2414,2.414999999999845,[-1.19577665  1.01461337],[-0.80322399 -0.80216577],[-0.02273122  0.1517261 ],[-0.03730521  0.16407521]
2415,2.415999999999845,[-1.1965799   1.01381136],[-0.80324624 -0.80201199],[-0.02225473  0.15377701],[-0.0372174   0.16399568]
2416,2.416999999999845,[-1.19738317  1.0130095 ],[-0.80326802 -0.80185617],[-0.02177826  0.15581803],[-0.03712959  0.16391601]
2417,2.4179999999998447,[-1.19818646  1.0122078 ],[-0.80328932 -0.80169832],[-0.0213018   0.15784917],[-0.0370418  0.1638362]
2418,2.4189999999998446,[-1.19898977  1.01140626],[-0.80331015 -0.80153845],[-0.02082536  0.15987042],[-0.03695402  0.16375625]
2419,2.4199999999998445,[-1.1997931   1.01060489],[-0.8033305  -0.80137657],[-0.02034894  0.16188179],[-0.03686624  0.16367616]
2420,2.4209999999998444,[-1.20059645  1.00980367],[-0.80335037 -0.80121269],[-0.01987255  0.16388327],[-0.03677848  0.16359594]
2421,2.4219999999998443,[-1.20139982  1.00900263],[-0.80336977 -0.80104681],[-0.01939618  0.16587486],[-0.03669072  0.16351558]
2422,2.422999999999844,[-1.20220321  1.00820175],[-0.80338869 -0.80087896],[-0.01891985  0.16785655],[-0.03660298  0.16343508]
2423,2.423999999999844,[-1.20300662  1.00740104],[-0.80340713 -0.80070913],[-0.01844355  0.16982836],[-0.03651524  0.16335444]
2424,2.424999999999844,[-1.20381004  1.0066005 ],[-0.8034251  -0.80053734],[-0.01796729  0.17179027],[-0.03642752  0.16327367]
2425,2.425999999999844,[-1.20461348  1.00580014],[-0.80344259 -0.8003636 ],[-0.01749108  0.17374229],[-0.0363398   0.16319276]
2426,2.4269999999998437,[-1.20541694  1.00499995],[-0.8034596  -0.80018791],[-0.01701491  0.17568442],[-0.0362521   0.16311171]
2427,2.4279999999998436,[-1.20622042  1.00419994],[-0.80347614 -0.80001029],[-0.01653879  0.17761665],[-0.0361644   0.16303053]
2428,2.4289999999998435,[-1.20702391  1.00340011],[-0.8034922  -0.79983076],[-0.01606273  0.17953899],[-0.03607671  0.16294922]
2429,2.4299999999998434,[-1.20782742  1.00260046],[-0.80350779 -0.7996493 ],[-0.01558672  0.18145144],[-0.03598904  0.16286777]
2430,2.4309999999998433,[-1.20863094  1.00180099],[-0.8035229  -0.79946595],[-0.01511077  0.183354  ],[-0.03590137  0.16278619]
2431,2.431999999999843,[-1.20943448  1.00100171],[-0.80353754 -0.7992807 ],[-0.01463489  0.18524666],[-0.03581371  0.16270447]
2432,2.432999999999843,[-1.21023803  1.00020262],[-0.8035517  -0.79909357],[-0.01415908  0.18712944],[-0.03572607  0.16262262]
2433,2.433999999999843,[-1.2110416   0.99940372],[-0.80356538 -0.79890457],[-0.01368333  0.18900233],[-0.03563843  0.16254063]
2434,2.434999999999843,[-1.21184517  0.998605  ],[-0.80357859 -0.79871371],[-0.01320766  0.19086533],[-0.03555081  0.16245852]
2435,2.4359999999998427,[-1.21264877  0.99780648],[-0.80359132 -0.79852099],[-0.01273207  0.19271845],[-0.03546319  0.16237627]
2436,2.4369999999998426,[-1.21345237  0.99700815],[-0.80360357 -0.79832643],[-0.01225657  0.19456169],[-0.03537559  0.16229388]
2437,2.4379999999998425,[-1.21425598  0.99621002],[-0.80361536 -0.79813003],[-0.01178114  0.19639505],[-0.03528799  0.16221137]
2438,2.4389999999998424,[-1.21505961  0.99541209],[-0.80362666 -0.79793181],[-0.01130581  0.19821854],[-0.03520041  0.16212873]
2439,2.4399999999998423,[-1.21586325  0.99461436],[-0.80363749 -0.79773178],[-0.01083057  0.20003215],[-0.03511283  0.16204595]
2440,2.440999999999842,[-1.2166669   0.99381683],[-0.80364785 -0.79752994],[-0.01035542  0.20183589],[-0.03502527  0.16196305]
2441,2.441999999999842,[-1.21747055  0.9930195 ],[-0.80365773 -0.79732631],[-0.00988038  0.20362976],[-0.03493771  0.16188001]
2442,2.442999999999842,[-1.21827422  0.99222238],[-0.80366713 -0.7971209 ],[-0.00940543  0.20541378],[-0.03485017  0.16179685]
2443,2.443999999999842,[-1.2190779   0.99142547],[-0.80367606 -0.79691371],[-0.00893059  0.20718793],[-0.03476264  0.16171355]
2444,2.4449999999998417,[-1.21988158  0.99062876],[-0.80368452 -0.79670476],[-0.00845586  0.20895223],[-0.03467512  0.16163013]
2445,2.4459999999998416,[-1.22068527  0.98983227],[-0.8036925  -0.79649405],[-0.00798124  0.21070668],[-0.03458761  0.16154658]
2446,2.4469999999998415,[-1.22148897  0.98903599],[-0.80370001 -0.7962816 ],[-0.00750674  0.21245128],[-0.03450011  0.1614629 ]
2447,2.4479999999998414,[-1.22229268  0.98823992],[-0.80370704 -0.79606742],[-0.00703236  0.21418605],[-0.03441262  0.16137909]
2448,2.4489999999998413,[-1.2230964   0.98744407],[-0.8037136  -0.79585151],[-0.0065581   0.21591098],[-0.03432514  0.16129516]
2449,2.449999999999841,[-1.22390012  0.98664844],[-0.80371968 -0.79563388],[-0.00608396  0.21762608],[-0.03423767  0.1612111 ]
2450,2.450999999999841,[-1.22470384  0.98585302],[-0.80372529 -0.79541455],[-0.00560995  0.21933136],[-0.03415021  0.16112691]
2451,2.451999999999841,[-1.22550757  0.98505783],[-0.80373043 -0.79519352],[-0.00513608  0.22102682],[-0.03406277  0.1610426 ]
2452,2.452999999999841,[-1.22631131  0.98426286],[-0.80373509 -0.79497081],[-0.00466234  0.22271247],[-0.03397533  0.16095816]
2453,2.4539999999998408,[-1.22711505  0.98346811],[-0.80373928 -0.79474642],[-0.00418873  0.22438831],[-0.03388791  0.16087359]
2454,2.4549999999998406,[-1.22791879  0.98267359],[-0.80374299 -0.79452037],[-0.00371527  0.22605436],[-0.03380049  0.1607889 ]
2455,2.4559999999998405,[-1.22872253  0.9818793 ],[-0.80374624 -0.79429266],[-0.00324196  0.22771061],[-0.03371309  0.16070409]
2456,2.4569999999998404,[-1.22952628  0.98108523],[-0.80374901 -0.7940633 ],[-0.00276879  0.22935708],[-0.0336257   0.16061915]
2457,2.4579999999998403,[-1.23033003  0.9802914 ],[-0.8037513  -0.79383231],[-0.00229577  0.23099377],[-0.03353832  0.16053409]
2458,2.45899999999984,[-1.23113379  0.9794978 ],[-0.80375312 -0.79359968],[-0.00182291  0.2326207 ],[-0.03345095  0.16044891]
2459,2.45999999999984,[-1.23193754  0.97870444],[-0.80375447 -0.79336545],[-0.0013502   0.23423786],[-0.03336359  0.1603636 ]
2460,2.46099999999984,[-1.2327413   0.97791131],[-0.80375535 -0.7931296 ],[-0.00087765  0.23584527],[-0.03327624  0.16027817]
2461,2.46199999999984,[-1.23354505  0.97711842],[-0.80375576 -0.79289216],[-0.00040527  0.23744293],[-0.03318891  0.16019262]
2462,2.4629999999998398,[-1.23434881  0.97632576],[-0.80375569 -0.79265313],[6.69508675e-05 2.39030862e-01],[-0.03310158  0.16010694]
2463,2.4639999999998397,[-1.23515256  0.97553335],[-0.80375515 -0.79241252],[0.000539   0.24060906],[-0.03301427  0.16002115]
2464,2.4649999999998395,[-1.23595632  0.97474118],[-0.80375414 -0.79217034],[0.00101088 0.24217755],[-0.03292697  0.15993523]
2465,2.4659999999998394,[-1.23676007  0.97394925],[-0.80375266 -0.7919266 ],[0.00148258 0.24373632],[-0.03283968  0.1598492 ]
2466,2.4669999999998393,[-1.23756382  0.97315757],[-0.8037507  -0.79168132],[0.0019541  0.24528539],[-0.0327524   0.15976304]
2467,2.467999999999839,[-1.23836757  0.97236614],[-0.80374828 -0.79143449],[0.00242544 0.24682478],[-0.03266513  0.15967677]
2468,2.468999999999839,[-1.23917132  0.97157495],[-0.80374538 -0.79118614],[0.0028966  0.24835448],[-0.03257788  0.15959037]
2469,2.469999999999839,[-1.23997506  0.97078401],[-0.80374201 -0.79093627],[0.00336758 0.24987452],[-0.03249063  0.15950386]
2470,2.470999999999839,[-1.2407788   0.96999333],[-0.80373818 -0.79068488],[0.00383836 0.25138489],[-0.0324034   0.15941723]
2471,2.4719999999998388,[-1.24158253  0.9692029 ],[-0.80373387 -0.79043199],[0.00430895 0.25288562],[-0.03231618  0.15933048]
2472,2.4729999999998387,[-1.24238626  0.96841272],[-0.80372909 -0.79017762],[0.00477934 0.25437671],[-0.03222897  0.15924361]
2473,2.4739999999998386,[-1.24318998  0.9676228 ],[-0.80372384 -0.78992176],[0.00524954 0.25585817],[-0.03214177  0.15915662]
2474,2.4749999999998384,[-1.2439937   0.96683313],[-0.80371812 -0.78966443],[0.00571954 0.25733002],[-0.03205459  0.15906952]
2475,2.4759999999998383,[-1.24479741  0.96604373],[-0.80371193 -0.78940564],[0.00618933 0.25879226],[-0.03196741  0.15898231]
2476,2.476999999999838,[-1.24560112  0.96525458],[-0.80370527 -0.78914539],[0.00665891 0.26024491],[-0.03188025  0.15889497]
2477,2.477999999999838,[-1.24640482  0.9644657 ],[-0.80369814 -0.7888837 ],[0.00712829 0.26168798],[-0.0317931   0.15880752]
2478,2.478999999999838,[-1.24720851  0.96367708],[-0.80369054 -0.78862058],[0.00759745 0.26312149],[-0.03170596  0.15871996]
2479,2.479999999999838,[-1.24801219  0.96288872],[-0.80368248 -0.78835604],[0.0080664  0.26454544],[-0.03161884  0.15863228]
2480,2.480999999999838,[-1.24881586  0.96210063],[-0.80367394 -0.78809008],[0.00853513 0.26595984],[-0.03153172  0.15854449]
2481,2.4819999999998377,[-1.24961953  0.96131281],[-0.80366494 -0.78782271],[0.00900365 0.26736472],[-0.03144462  0.15845658]
2482,2.4829999999998376,[-1.25042318  0.96052526],[-0.80365547 -0.78755395],[0.00947194 0.26876008],[-0.03135753  0.15836856]
2483,2.4839999999998374,[-1.25122683  0.95973797],[-0.80364553 -0.78728381],[0.00994    0.27014594],[-0.03127045  0.15828043]
2484,2.4849999999998373,[-1.25203046  0.95895096],[-0.80363512 -0.78701229],[0.01040784 0.2715223 ],[-0.03118338  0.15819218]
2485,2.4859999999998372,[-1.25283409  0.95816422],[-0.80362424 -0.7867394 ],[0.01087544 0.2728892 ],[-0.03109633  0.15810382]
2486,2.486999999999837,[-1.2536377   0.95737776],[-0.8036129  -0.78646515],[0.01134281 0.27424663],[-0.03100929  0.15801535]
2487,2.487999999999837,[-1.2544413   0.95659157],[-0.80360109 -0.78618955],[0.01180995 0.27559461],[-0.03092226  0.15792677]
2488,2.488999999999837,[-1.25524489  0.95580565],[-0.80358881 -0.78591262],[0.01227685 0.27693316],[-0.03083524  0.15783808]
2489,2.489999999999837,[-1.25604847  0.95502002],[-0.80357607 -0.78563436],[0.01274351 0.27826229],[-0.03074823  0.15774928]
2490,2.4909999999998367,[-1.25685203  0.95423466],[-0.80356286 -0.78535478],[0.01320992 0.27958202],[-0.03066124  0.15766037]
2491,2.4919999999998366,[-1.25765558  0.95344959],[-0.80354919 -0.78507388],[0.01367609 0.28089235],[-0.03057426  0.15757134]
2492,2.4929999999998365,[-1.25845911  0.9526648 ],[-0.80353504 -0.78479169],[0.01414201 0.28219332],[-0.03048729  0.15748221]
2493,2.4939999999998363,[-1.25926263  0.95188029],[-0.80352044 -0.78450821],[0.01460768 0.28348493],[-0.03040033  0.15739297]
2494,2.4949999999998362,[-1.26006614  0.95109607],[-0.80350536 -0.78422344],[0.0150731  0.28476719],[-0.03031339  0.15730362]
2495,2.495999999999836,[-1.26086963  0.95031213],[-0.80348982 -0.7839374 ],[0.01553826 0.28604013],[-0.03022646  0.15721417]
2496,2.496999999999836,[-1.2616731   0.94952848],[-0.80347382 -0.7836501 ],[0.01600317 0.28730376],[-0.03013954  0.1571246 ]
2497,2.497999999999836,[-1.26247656  0.94874512],[-0.80345735 -0.78336154],[0.01646781 0.28855809],[-0.03005263  0.15703493]
2498,2.498999999999836,[-1.26328     0.94796205],[-0.80344042 -0.78307173],[0.01693219 0.28980315],[-0.02996574  0.15694515]
2499,2.4999999999998357,[-1.26408342  0.94717927],[-0.80342302 -0.7827807 ],[0.01739631 0.29103895],[-0.02987886  0.15685527]
2500,2.5009999999998356,[-1.26488683  0.94639678],[-0.80340516 -0.78248843],[0.01786016 0.2922655 ],[-0.02979199  0.15676528]
2501,2.5019999999998355,[-1.26569022  0.94561458],[-0.80338684 -0.78219495],[0.01832374 0.29348283],[-0.02970513  0.15667518]
2502,2.5029999999998354,[-1.26649358  0.94483268],[-0.80336805 -0.78190026],[0.01878705 0.29469095],[-0.02961829  0.15658498]
2503,2.5039999999998352,[-1.26729693  0.94405108],[-0.8033488  -0.78160437],[0.01925009 0.29588987],[-0.02953146  0.15649467]
2504,2.504999999999835,[-1.26810026  0.94326977],[-0.80332909 -0.78130729],[0.01971285 0.29707962],[-0.02944464  0.15640426]
2505,2.505999999999835,[-1.26890357  0.94248876],[-0.80330892 -0.78100903],[0.02017533 0.29826022],[-0.02935783  0.15631375]
2506,2.506999999999835,[-1.26970686  0.94170805],[-0.80328828 -0.78070959],[0.02063753 0.29943168],[-0.02927104  0.15622313]
2507,2.507999999999835,[-1.27051013  0.94092764],[-0.80326718 -0.780409  ],[0.02109945 0.30059401],[-0.02918426  0.15613241]
2508,2.5089999999998347,[-1.27131337  0.94014754],[-0.80324562 -0.78010725],[0.02156109 0.30174725],[-0.0290975   0.15604159]
2509,2.5099999999998346,[-1.2721166   0.93936773],[-0.80322359 -0.77980436],[0.02202243 0.3028914 ],[-0.02901074  0.15595066]
2510,2.5109999999998345,[-1.2729198   0.93858823],[-0.80320111 -0.77950034],[0.02248349 0.30402649],[-0.028924    0.15585964]
2511,2.5119999999998344,[-1.27372298  0.93780904],[-0.80317817 -0.77919518],[0.02294426 0.30515254],[-0.02883727  0.15576851]
2512,2.5129999999998343,[-1.27452613  0.93703015],[-0.80315476 -0.77888891],[0.02340474 0.30626956],[-0.02875056  0.15567728]
2513,2.513999999999834,[-1.27532926  0.93625156],[-0.8031309  -0.77858154],[0.02386492 0.30737758],[-0.02866386  0.15558595]
2514,2.514999999999834,[-1.27613237  0.93547329],[-0.80310657 -0.77827306],[0.0243248 0.3084766],[-0.02857717  0.15549452]
2515,2.515999999999834,[-1.27693545  0.93469533],[-0.80308179 -0.77796349],[0.02478439 0.30956667],[-0.02849049  0.15540299]
2516,2.516999999999834,[-1.27773851  0.93391768],[-0.80305654 -0.77765284],[0.02524367 0.31064778],[-0.02840383  0.15531136]
2517,2.5179999999998337,[-1.27854154  0.93314033],[-0.80303084 -0.77734112],[0.02570266 0.31171997],[-0.02831718  0.15521963]
2518,2.5189999999998336,[-1.27934454  0.93236331],[-0.80300468 -0.77702834],[0.02616133 0.31278325],[-0.02823054  0.15512781]
2519,2.5199999999998335,[-1.28014752  0.93158659],[-0.80297806 -0.7767145 ],[0.0266197  0.31383765],[-0.02814392  0.15503588]
2520,2.5209999999998334,[-1.28095047  0.93081019],[-0.80295098 -0.77639962],[0.02707777 0.31488318],[-0.02805731  0.15494386]
2521,2.5219999999998333,[-1.28175339  0.93003411],[-0.80292345 -0.7760837 ],[0.02753552 0.31591987],[-0.02797071  0.15485174]
2522,2.522999999999833,[-1.28255629  0.92925834],[-0.80289545 -0.77576675],[0.02799296 0.31694774],[-0.02788413  0.15475953]
2523,2.523999999999833,[-1.28335916  0.92848289],[-0.802867   -0.77544879],[0.02845009 0.3179668 ],[-0.02779756  0.15466722]
2524,2.524999999999833,[-1.28416199  0.92770776],[-0.8028381  -0.77512981],[0.0289069  0.31897709],[-0.027711    0.15457481]
2525,2.525999999999833,[-1.2849648   0.92693295],[-0.80280873 -0.77480983],[0.02936339 0.31997861],[-0.02762446  0.15448231]
2526,2.5269999999998327,[-1.28576758  0.92615846],[-0.80277891 -0.77448886],[0.02981956 0.3209714 ],[-0.02753793  0.15438971]
2527,2.5279999999998326,[-1.28657033  0.9253843 ],[-0.80274864 -0.7741669 ],[0.03027542 0.32195548],[-0.02745141  0.15429701]
2528,2.5289999999998325,[-1.28737305  0.92461045],[-0.80271791 -0.77384397],[0.03073095 0.32293086],[-0.02736491  0.15420423]
2529,2.5299999999998324,[-1.28817574  0.92383693],[-0.80268672 -0.77352008],[0.03118615 0.32389757],[-0.02727842  0.15411135]
2530,2.5309999999998323,[-1.28897839  0.92306374],[-0.80265508 -0.77319522],[0.03164103 0.32485564],[-0.02719194  0.15401837]
2531,2.531999999999832,[-1.28978101  0.92229087],[-0.80262299 -0.77286941],[0.03209558 0.32580507],[-0.02710548  0.1539253 ]
2532,2.532999999999832,[-1.2905836   0.92151833],[-0.80259044 -0.77254267],[0.03254981 0.32674591],[-0.02701903  0.15383214]
2533,2.533999999999832,[-1.29138616  0.92074611],[-0.80255743 -0.77221499],[0.0330037  0.32767817],[-0.02693259  0.15373889]
2534,2.534999999999832,[-1.29218869  0.91997422],[-0.80252397 -0.77188639],[0.03345726 0.32860187],[-0.02684617  0.15364555]
2535,2.5359999999998317,[-1.29299118  0.91920267],[-0.80249006 -0.77155687],[0.03391049 0.32951703],[-0.02675976  0.15355211]
2536,2.5369999999998316,[-1.29379363  0.91843144],[-0.8024557  -0.77122645],[0.03436338 0.33042369],[-0.02667337  0.15345859]
2537,2.5379999999998315,[-1.29459605  0.91766055],[-0.80242088 -0.77089513],[0.03481593 0.33132186],[-0.02658698  0.15336497]
2538,2.5389999999998314,[-1.29539844  0.91688998],[-0.80238562 -0.77056291],[0.03526814 0.33221156],[-0.02650062  0.15327126]
2539,2.5399999999998313,[-1.29620079  0.91611975],[-0.8023499  -0.77022982],[0.03572002 0.33309283],[-0.02641426  0.15317746]
2540,2.540999999999831,[-1.2970031   0.91534986],[-0.80231373 -0.76989586],[0.03617155 0.33396568],[-0.02632792  0.15308358]
2541,2.541999999999831,[-1.29780538  0.9145803 ],[-0.8022771  -0.76956103],[0.03662274 0.33483015],[-0.0262416  0.1529896]
2542,2.542999999999831,[-1.29860762  0.91381107],[-0.80224003 -0.76922534],[0.03707359 0.33568624],[-0.02615528  0.15289554]
2543,2.543999999999831,[-1.29940982  0.91304218],[-0.8022025  -0.76888881],[0.03752409 0.33653399],[-0.02606899  0.15280139]
2544,2.5449999999998307,[-1.30021199  0.91227363],[-0.80216453 -0.76855143],[0.03797424 0.33737343],[-0.0259827   0.15270715]
2545,2.5459999999998306,[-1.30101411  0.91150542],[-0.80212611 -0.76821323],[0.03842404 0.33820457],[-0.02589643  0.15261282]
2546,2.5469999999998305,[-1.3018162   0.91073754],[-0.80208723 -0.7678742 ],[0.0388735  0.33902745],[-0.02581017  0.15251841]
2547,2.5479999999998304,[-1.30261825  0.90997001],[-0.80204791 -0.76753436],[0.0393226  0.33984208],[-0.02572393  0.15242391]
2548,2.5489999999998303,[-1.30342025  0.90920282],[-0.80200814 -0.76719371],[0.03977135 0.3406485 ],[-0.0256377   0.15232933]
2549,2.54999999999983,[-1.30422222  0.90843596],[-0.80196792 -0.76685226],[0.04021975 0.34144672],[-0.02555149  0.15223465]
2550,2.55099999999983,[-1.30502415  0.90766945],[-0.80192725 -0.76651003],[0.04066779 0.34223678],[-0.02546529  0.1521399 ]
2551,2.55199999999983,[-1.30582604  0.90690329],[-0.80188614 -0.76616701],[0.04111548 0.34301869],[-0.0253791   0.15204506]
2552,2.55299999999983,[-1.30662788  0.90613746],[-0.80184457 -0.76582321],[0.04156281 0.34379249],[-0.02529293  0.15195013]
2553,2.5539999999998297,[-1.30742968  0.90537198],[-0.80180256 -0.76547866],[0.04200978 0.3445582 ],[-0.02520677  0.15185512]
2554,2.5549999999998296,[-1.30823144  0.90460685],[-0.80176011 -0.76513334],[0.04245639 0.34531585],[-0.02512062  0.15176003]
2555,2.5559999999998295,[-1.30903316  0.90384206],[-0.8017172  -0.76478728],[0.04290264 0.34606546],[-0.02503449  0.15166485]
2556,2.5569999999998294,[-1.30983483  0.90307762],[-0.80167386 -0.76444047],[0.04334852 0.34680706],[-0.02494838  0.15156959]
2557,2.5579999999998293,[-1.31063646  0.90231353],[-0.80163006 -0.76409293],[0.04379405 0.34754067],[-0.02486228  0.15147425]
2558,2.558999999999829,[-1.31143805  0.90154979],[-0.80158582 -0.76374466],[0.04423921 0.34826633],[-0.02477619  0.15137883]
2559,2.559999999999829,[-1.31223959  0.90078639],[-0.80154114 -0.76339568],[0.044684   0.34898405],[-0.02469012  0.15128332]
2560,2.560999999999829,[-1.31304109  0.90002334],[-0.80149601 -0.76304598],[0.04512843 0.34969387],[-0.02460406  0.15118774]
2561,2.561999999999829,[-1.31384254  0.89926065],[-0.80145044 -0.76269559],[0.04557249 0.35039581],[-0.02451801  0.15109207]
2562,2.5629999999998287,[-1.31464394  0.8984983 ],[-0.80140442 -0.7623445 ],[0.04601618 0.35108989],[-0.02443198  0.15099633]
2563,2.5639999999998286,[-1.3154453   0.89773631],[-0.80135796 -0.76199272],[0.0464595  0.35177616],[-0.02434597  0.1509005 ]
2564,2.5649999999998285,[-1.31624661  0.89697467],[-0.80131106 -0.76164027],[0.04690245 0.35245463],[-0.02425996  0.15080459]
2565,2.5659999999998284,[-1.31704787  0.89621338],[-0.80126371 -0.76128714],[0.04734503 0.35312532],[-0.02417398  0.15070861]
2566,2.5669999999998283,[-1.31784909  0.89545245],[-0.80121593 -0.76093335],[0.04778724 0.35378828],[-0.024088    0.15061254]
2567,2.567999999999828,[-1.31865026  0.89469187],[-0.8011677  -0.76057891],[0.04822907 0.35444352],[-0.02400205  0.1505164 ]
2568,2.568999999999828,[-1.31945138  0.89393165],[-0.80111903 -0.76022382],[0.04867053 0.35509107],[-0.0239161   0.15042018]
2569,2.569999999999828,[-1.32025245  0.89317178],[-0.80106992 -0.75986809],[0.04911162 0.35573097],[-0.02383017  0.15032388]
2570,2.570999999999828,[-1.32105347  0.89241227],[-0.80102036 -0.75951172],[0.04955233 0.35636323],[-0.02374426  0.1502275 ]
2571,2.5719999999998278,[-1.32185444  0.89165311],[-0.80097037 -0.75915474],[0.04999266 0.35698789],[-0.02365836  0.15013105]
2572,2.5729999999998276,[-1.32265536  0.89089432],[-0.80091994 -0.75879713],[0.05043262 0.35760498],[-0.02357247  0.15003452]
2573,2.5739999999998275,[-1.32345623  0.89013588],[-0.80086907 -0.75843892],[0.05087219 0.35821452],[-0.0234866   0.14993792]
2574,2.5749999999998274,[-1.32425704  0.8893778 ],[-0.80081775 -0.7580801 ],[0.05131139 0.35881654],[-0.02340074  0.14984124]
2575,2.5759999999998273,[-1.32505781  0.88862008],[-0.800766   -0.75772069],[0.05175021 0.35941107],[-0.0233149   0.14974448]
2576,2.576999999999827,[-1.32585852  0.88786272],[-0.80071382 -0.75736069],[0.05218864 0.35999814],[-0.02322908  0.14964766]
2577,2.577999999999827,[-1.32665919  0.88710572],[-0.80066119 -0.75700011],[0.0526267  0.36057777],[-0.02314326  0.14955075]
2578,2.578999999999827,[-1.32745979  0.88634908],[-0.80060812 -0.75663896],[0.05306437 0.36115   ],[-0.02305747  0.14945377]
2579,2.579999999999827,[-1.32826035  0.8855928 ],[-0.80055462 -0.75627725],[0.05350166 0.36171486],[-0.02297168  0.14935672]
2580,2.5809999999998268,[-1.32906085  0.88483688],[-0.80050068 -0.75591498],[0.05393857 0.36227237],[-0.02288591  0.1492596 ]
2581,2.5819999999998267,[-1.3298613   0.88408133],[-0.80044631 -0.75555215],[0.05437509 0.36282256],[-0.02280016  0.1491624 ]
2582,2.5829999999998265,[-1.33066169  0.88332614],[-0.8003915  -0.75518879],[0.05481123 0.36336546],[-0.02271442  0.14906513]
2583,2.5839999999998264,[-1.33146202  0.88257132],[-0.80033625 -0.75482489],[0.05524698 0.3639011 ],[-0.0226287   0.14896779]
2584,2.5849999999998263,[-1.3322623   0.88181686],[-0.80028057 -0.75446046],[0.05568235 0.36442951],[-0.02254299  0.14887037]
2585,2.585999999999826,[-1.33306253  0.88106276],[-0.80022445 -0.75409551],[0.05611733 0.36495072],[-0.0224573   0.14877289]
2586,2.586999999999826,[-1.3338627   0.88030903],[-0.8001679  -0.75373004],[0.05655192 0.36546476],[-0.02237162  0.14867533]
2587,2.587999999999826,[-1.33466281  0.87955567],[-0.80011091 -0.75336407],[0.05698613 0.36597166],[-0.02228595  0.1485777 ]
2588,2.588999999999826,[-1.33546286  0.87880267],[-0.80005349 -0.7529976 ],[0.05741994 0.36647144],[-0.0222003   0.14848001]
2589,2.5899999999998258,[-1.33626286  0.87805004],[-0.79999564 -0.75263063],[0.05785337 0.36696415],[-0.02211467  0.14838224]
2590,2.5909999999998257,[-1.33706279  0.87729778],[-0.79993735 -0.75226319],[0.05828641 0.36744979],[-0.02202905  0.1482844 ]
2591,2.5919999999998256,[-1.33786267  0.87654588],[-0.79987863 -0.75189526],[0.05871906 0.36792842],[-0.02194345  0.1481865 ]
2592,2.5929999999998254,[-1.33866249  0.87579435],[-0.79981948 -0.75152686],[0.05915132 0.36840005],[-0.02185786  0.14808853]
2593,2.5939999999998253,[-1.33946225  0.8750432 ],[-0.7997599  -0.75115799],[0.05958319 0.36886472],[-0.02177228  0.14799048]
2594,2.5949999999998252,[-1.34026195  0.87429241],[-0.79969989 -0.75078867],[0.06001466 0.36932246],[-0.02168672  0.14789237]
2595,2.595999999999825,[-1.34106159  0.87354199],[-0.79963944 -0.7504189 ],[0.06044575 0.36977329],[-0.02160118  0.1477942 ]
2596,2.596999999999825,[-1.34186117  0.87279194],[-0.79957856 -0.75004868],[0.06087644 0.37021725],[-0.02151565  0.14769595]
2597,2.597999999999825,[-1.34266069  0.87204226],[-0.79951726 -0.74967802],[0.06130675 0.37065436],[-0.02143014  0.14759764]
2598,2.598999999999825,[-1.34346014  0.87129296],[-0.79945552 -0.74930694],[0.06173665 0.37108466],[-0.02134464  0.14749927]
2599,2.5999999999998247,[-1.34425954  0.87054402],[-0.79939335 -0.74893543],[0.06216617 0.37150818],[-0.02125916  0.14740082]
2600,2.6009999999998246,[-1.34505887  0.86979546],[-0.79933076 -0.74856351],[0.06259529 0.37192495],[-0.02117369  0.14730232]
2601,2.6019999999998245,[-1.34585813  0.86904727],[-0.79926773 -0.74819117],[0.06302402 0.372335  ],[-0.02108824  0.14720374]
2602,2.6029999999998243,[-1.34665734  0.86829945],[-0.79920428 -0.74781843],[0.06345236 0.37273835],[-0.0210028  0.1471051]
2603,2.6039999999998242,[-1.34745648  0.867552  ],[-0.7991404 -0.7474453],[0.0638803  0.37313505],[-0.02091738  0.1470064 ]
2604,2.604999999999824,[-1.34825555  0.86680493],[-0.79907609 -0.74707177],[0.06430785 0.37352512],[-0.02083197  0.14690763]
2605,2.605999999999824,[-1.34905457  0.86605823],[-0.79901136 -0.74669786],[0.064735   0.37390858],[-0.02074658  0.1468088 ]
2606,2.606999999999824,[-1.34985351  0.86531191],[-0.7989462  -0.74632358],[0.06516176 0.37428548],[-0.0206612   0.14670991]
2607,2.607999999999824,[-1.35065239  0.86456596],[-0.79888061 -0.74594892],[0.06558813 0.37465584],[-0.02057584  0.14661095]
2608,2.6089999999998237,[-1.35145121  0.86382039],[-0.7988146 -0.7455739],[0.06601409 0.3750197 ],[-0.0204905   0.14651193]
2609,2.6099999999998236,[-1.35224996  0.86307519],[-0.79874816 -0.74519853],[0.06643967 0.37537708],[-0.02040517  0.14641285]
2610,2.6109999999998235,[-1.35304864  0.86233036],[-0.79868129 -0.7448228 ],[0.06686485 0.37572801],[-0.02031985  0.14631371]
2611,2.6119999999998234,[-1.35384725  0.86158592],[-0.798614   -0.74444673],[0.06728963 0.37607253],[-0.02023455  0.1462145 ]
2612,2.6129999999998232,[-1.3546458   0.86084185],[-0.79854629 -0.74407032],[0.06771401 0.37641067],[-0.02014927  0.14611524]
2613,2.613999999999823,[-1.35544428  0.86009815],[-0.79847815 -0.74369357],[0.06813801 0.37674245],[-0.020064    0.14601591]
2614,2.614999999999823,[-1.35624269  0.85935484],[-0.79840959 -0.74331651],[0.0685616  0.37706792],[-0.01997875  0.14591652]
2615,2.615999999999823,[-1.35704103  0.8586119 ],[-0.7983406  -0.74293912],[0.0689848 0.3773871],[-0.01989351  0.14581707]
2616,2.616999999999823,[-1.3578393   0.85786934],[-0.79827119 -0.74256142],[0.0694076  0.37770001],[-0.01980829  0.14571757]
2617,2.6179999999998227,[-1.3586375   0.85712715],[-0.79820136 -0.74218341],[0.06983001 0.37800671],[-0.01972308  0.145618  ]
2618,2.6189999999998226,[-1.35943563  0.85638535],[-0.79813111 -0.7418051 ],[0.07025202 0.3783072 ],[-0.01963789  0.14551838]
2619,2.6199999999998225,[-1.36023369  0.85564392],[-0.79806044 -0.7414265 ],[0.07067363 0.37860153],[-0.01955272  0.14541869]
2620,2.6209999999998224,[-1.36103168  0.85490287],[-0.79798934 -0.74104761],[0.07109485 0.37888973],[-0.01946756  0.14531895]
2621,2.6219999999998223,[-1.3618296   0.85416221],[-0.79791783 -0.74066844],[0.07151567 0.37917183],[-0.01938242  0.14521915]
2622,2.622999999999822,[-1.36262744  0.85342192],[-0.79784589 -0.74028899],[0.0719361  0.37944786],[-0.01929729  0.14511929]
2623,2.623999999999822,[-1.36342522  0.85268201],[-0.79777354 -0.73990928],[0.07235613 0.37971785],[-0.01921218  0.14501938]
2624,2.624999999999822,[-1.36422292  0.85194248],[-0.79770076 -0.73952929],[0.07277576 0.37998183],[-0.01912708  0.14491941]
2625,2.625999999999822,[-1.36502054  0.85120333],[-0.79762757 -0.73914905],[0.073195   0.38023983],[-0.019042    0.14481938]
2626,2.6269999999998217,[-1.3658181   0.85046456],[-0.79755395 -0.73876856],[0.07361385 0.3804919 ],[-0.01895694  0.14471929]
2627,2.6279999999998216,[-1.36661558  0.84972617],[-0.79747992 -0.73838782],[0.07403229 0.38073805],[-0.01887189  0.14461915]
2628,2.6289999999998215,[-1.36741298  0.84898817],[-0.79740547 -0.73800685],[0.07445034 0.38097831],[-0.01878686  0.14451896]
2629,2.6299999999998214,[-1.36821031  0.84825054],[-0.7973306  -0.73762563],[0.074868   0.38121273],[-0.01870184  0.14441871]
2630,2.6309999999998213,[-1.36900757  0.8475133 ],[-0.79725532 -0.73724419],[0.07528526 0.38144133],[-0.01861684  0.1443184 ]
2631,2.631999999999821,[-1.36980475  0.84677643],[-0.79717961 -0.73686253],[0.07570213 0.38166415],[-0.01853185  0.14421804]
2632,2.632999999999821,[-1.37060185  0.84603995],[-0.7971035  -0.73648065],[0.0761186  0.38188121],[-0.01844688  0.14411763]
2633,2.633999999999821,[-1.37139888  0.84530385],[-0.79702696 -0.73609855],[0.07653467 0.38209254],[-0.01836193  0.14401716]
2634,2.634999999999821,[-1.37219583  0.84456814],[-0.79695001 -0.73571626],[0.07695035 0.38229819],[-0.01827699  0.14391664]
2635,2.6359999999998207,[-1.3729927  0.8438328],[-0.79687264 -0.73533376],[0.07736564 0.38249818],[-0.01819207  0.14381607]
2636,2.6369999999998206,[-1.3737895   0.84309785],[-0.79679486 -0.73495106],[0.07778053 0.38269253],[-0.01810717  0.14371544]
2637,2.6379999999998205,[-1.37458621  0.84236328],[-0.79671667 -0.73456818],[0.07819503 0.38288129],[-0.01802228  0.14361476]
2638,2.6389999999998204,[-1.37538285  0.8416291 ],[-0.79663806 -0.73418512],[0.07860914 0.38306449],[-0.0179374   0.14351403]
2639,2.6399999999998203,[-1.37617941  0.8408953 ],[-0.79655904 -0.73380188],[0.07902285 0.38324216],[-0.01785255  0.14341325]
2640,2.64099999999982,[-1.37697589  0.84016188],[-0.7964796  -0.73341846],[0.07943617 0.38341432],[-0.0177677   0.14331242]
2641,2.64199999999982,[-1.37777229  0.83942884],[-0.79639975 -0.73303488],[0.07984909 0.38358101],[-0.01768288  0.14321153]
2642,2.64299999999982,[-1.37856861  0.83869619],[-0.79631949 -0.73265114],[0.08026162 0.38374227],[-0.01759807  0.1431106 ]
2643,2.64399999999982,[-1.37936485  0.83796393],[-0.79623882 -0.73226724],[0.08067377 0.38389812],[-0.01751328  0.14300961]
2644,2.6449999999998197,[-1.38016101  0.83723204],[-0.79615773 -0.73188319],[0.08108551 0.38404859],[-0.0174285   0.14290857]
2645,2.6459999999998196,[-1.38095708  0.83650054],[-0.79607623 -0.731499  ],[0.08149687 0.38419372],[-0.01734374  0.14280749]
2646,2.6469999999998195,[-1.38175308  0.83576943],[-0.79599433 -0.73111466],[0.08190784 0.38433354],[-0.01725899  0.14270636]
2647,2.6479999999998194,[-1.38254899  0.8350387 ],[-0.79591201 -0.7307302 ],[0.08231842 0.38446808],[-0.01717427  0.14260517]
2648,2.6489999999998193,[-1.38334482  0.83430835],[-0.79582928 -0.7303456 ],[0.0827286  0.38459738],[-0.01708955  0.14250394]
2649,2.649999999999819,[-1.38414056  0.83357839],[-0.79574614 -0.72996088],[0.0831384  0.38472146],[-0.01700486  0.14240266]
2650,2.650999999999819,[-1.38493623  0.83284882],[-0.79566259 -0.72957604],[0.0835478  0.38484035],[-0.01692018  0.14230133]
2651,2.651999999999819,[-1.38573181  0.83211963],[-0.79557864 -0.72919108],[0.08395682 0.38495409],[-0.01683552  0.14219995]
2652,2.652999999999819,[-1.3865273   0.83139082],[-0.79549427 -0.72880602],[0.08436545 0.38506271],[-0.01675087  0.14209853]
2653,2.6539999999998187,[-1.38732271  0.8306624 ],[-0.7954095  -0.72842085],[0.08477369 0.38516624],[-0.01666624  0.14199706]
2654,2.6549999999998186,[-1.38811803  0.82993436],[-0.79532432 -0.72803559],[0.08518154 0.38526472],[-0.01658163  0.14189554]
2655,2.6559999999998185,[-1.38891327  0.82920671],[-0.79523873 -0.72765023],[0.085589   0.38535816],[-0.01649703  0.14179398]
2656,2.6569999999998184,[-1.38970843  0.82847945],[-0.79515273 -0.72726479],[0.08599608 0.38544661],[-0.01641245  0.14169237]
2657,2.6579999999998183,[-1.39050349  0.82775257],[-0.79506633 -0.72687926],[0.08640277 0.3855301 ],[-0.01632788  0.14159072]
2658,2.658999999999818,[-1.39129847  0.82702608],[-0.79497952 -0.72649365],[0.08680908 0.38560866],[-0.01624333  0.14148901]
2659,2.659999999999818,[-1.39209336  0.82629997],[-0.7948923  -0.72610796],[0.087215   0.38568232],[-0.0161588   0.14138727]
2660,2.660999999999818,[-1.39288817  0.82557424],[-0.79480468 -0.72572221],[0.08762053 0.38575111],[-0.01607429  0.14128548]
2661,2.661999999999818,[-1.39368289  0.82484891],[-0.79471666 -0.7253364 ],[0.08802568 0.38581506],[-0.01598979  0.14118364]
2662,2.6629999999998177,[-1.39447751  0.82412396],[-0.79462823 -0.72495052],[0.08843045 0.38587421],[-0.0159053   0.14108176]
2663,2.6639999999998176,[-1.39527205  0.82339939],[-0.79453939 -0.7245646 ],[0.08883483 0.38592859],[-0.01582084  0.14097984]
2664,2.6649999999998175,[-1.3960665   0.82267521],[-0.79445015 -0.72417862],[0.08923883 0.38597822],[-0.01573639  0.14087787]
2665,2.6659999999998174,[-1.39686086  0.82195142],[-0.79436051 -0.72379259],[0.08964245 0.38602314],[-0.01565196  0.14077586]
2666,2.6669999999998173,[-1.39765513  0.82122802],[-0.79427047 -0.72340653],[0.09004569 0.38606338],[-0.01556754  0.14067381]
2667,2.667999999999817,[-1.39844931  0.820505  ],[-0.79418002 -0.72302043],[0.09044854 0.38609897],[-0.01548314  0.14057172]
2668,2.668999999999817,[-1.3992434   0.81978236],[-0.79408917 -0.7226343 ],[0.09085102 0.38612995],[-0.01539876  0.14046958]
2669,2.669999999999817,[-1.4000374   0.81906011],[-0.79399791 -0.72224815],[0.09125311 0.38615634],[-0.01531439  0.1403674 ]
2670,2.670999999999817,[-1.40083131  0.81833825],[-0.79390626 -0.72186197],[0.09165483 0.38617817],[-0.01523004  0.14026518]
2671,2.6719999999998167,[-1.40162512  0.81761678],[-0.7938142  -0.72147577],[0.09205617 0.38619548],[-0.01514571  0.14016291]
2672,2.6729999999998166,[-1.40241884  0.81689569],[-0.79372174 -0.72108956],[0.09245713 0.3862083 ],[-0.01506139  0.14006061]
2673,2.6739999999998165,[-1.40321247  0.81617498],[-0.79362889 -0.72070335],[0.09285771 0.38621666],[-0.01497709  0.13995826]
2674,2.6749999999998164,[-1.40400601  0.81545467],[-0.79353563 -0.72031713],[0.09325792 0.38622059],[-0.01489281  0.13985588]
2675,2.6759999999998163,[-1.40479945  0.81473473],[-0.79344197 -0.71993091],[0.09365775 0.38622012],[-0.01480855  0.13975345]
2676,2.676999999999816,[-1.4055928   0.81401519],[-0.79334791 -0.71954469],[0.0940572  0.38621528],[-0.0147243   0.13965099]
2677,2.677999999999816,[-1.40638605  0.81329603],[-0.79325346 -0.71915848],[0.09445628 0.3862061 ],[-0.01464006  0.13954848]
2678,2.678999999999816,[-1.40717921  0.81257726],[-0.7931586  -0.71877229],[0.09485499 0.38619262],[-0.01455585  0.13944594]
2679,2.679999999999816,[-1.40797227  0.81185887],[-0.79306335 -0.71838612],[0.09525332 0.38617486],[-0.01447165  0.13934336]
2680,2.6809999999998158,[-1.40876524  0.81114087],[-0.7929677  -0.71799996],[0.09565128 0.38615286],[-0.01438747  0.13924073]
2681,2.6819999999998156,[-1.40955811  0.81042326],[-0.79287165 -0.71761384],[0.09604887 0.38612664],[-0.0143033   0.13913807]
2682,2.6829999999998155,[-1.41035089  0.80970603],[-0.7927752  -0.71722774],[0.09644609 0.38609625],[-0.01421916  0.13903538]
2683,2.6839999999998154,[-1.41114357  0.80898919],[-0.79267836 -0.71684168],[0.09684293 0.3860617 ],[-0.01413503  0.13893264]
2684,2.6849999999998153,[-1.41193615  0.80827273],[-0.79258112 -0.71645566],[0.09723941 0.38602302],[-0.01405091  0.13882987]
2685,2.685999999999815,[-1.41272863  0.80755666],[-0.79248349 -0.71606968],[0.09763552 0.38598026],[-0.01396682  0.13872705]
2686,2.686999999999815,[-1.41352102  0.80684098],[-0.79238545 -0.71568374],[0.09803126 0.38593344],[-0.01388274  0.13862421]
2687,2.687999999999815,[-1.4143133   0.80612568],[-0.79228703 -0.71529786],[0.09842664 0.38588259],[-0.01379867  0.13852132]
2688,2.688999999999815,[-1.41510549  0.80541077],[-0.79218821 -0.71491203],[0.09882164 0.38582773],[-0.01371463  0.1384184 ]
2689,2.6899999999998148,[-1.41589758  0.80469624],[-0.79208899 -0.71452626],[0.09921629 0.38576891],[-0.0136306   0.13831544]
2690,2.6909999999998147,[-1.41668957  0.8039821 ],[-0.79198938 -0.71414056],[0.09961056 0.38570615],[-0.01354659  0.13821245]
2691,2.6919999999998145,[-1.41748146  0.80326835],[-0.79188937 -0.71375492],[0.10000447 0.38563948],[-0.01346259  0.13810942]
2692,2.6929999999998144,[-1.41827325  0.80255498],[-0.79178898 -0.71336935],[0.10039802 0.38556894],[-0.01337862  0.13800636]
2693,2.6939999999998143,[-1.41906494  0.801842  ],[-0.79168819 -0.71298385],[0.10079121 0.38549454],[-0.01329466  0.13790326]
2694,2.694999999999814,[-1.41985652  0.8011294 ],[-0.791587   -0.71259844],[0.10118403 0.38541633],[-0.01321071  0.13780013]
2695,2.695999999999814,[-1.42064801  0.80041718],[-0.79148542 -0.7122131 ],[0.1015765  0.38533433],[-0.01312679  0.13769696]
2696,2.696999999999814,[-1.42143939  0.79970536],[-0.79138346 -0.71182786],[0.1019686  0.38524857],[-0.01304288  0.13759376]
2697,2.697999999999814,[-1.42223067  0.79899391],[-0.7912811 -0.7114427],[0.10236035 0.38515909],[-0.01295899  0.13749052]
2698,2.6989999999998138,[-1.42302185  0.79828286],[-0.79117834 -0.71105763],[0.10275173 0.3850659 ],[-0.01287511  0.13738725]
2699,2.6999999999998137,[-1.42381293  0.79757218],[-0.7910752  -0.71067266],[0.10314276 0.38496905],[-0.01279126  0.13728395]
2700,2.7009999999998136,[-1.4246039  0.7968619],[-0.79097167 -0.71028779],[0.10353344 0.38486856],[-0.01270742  0.13718061]
2701,2.7019999999998134,[-1.42539477  0.79615199],[-0.79086774 -0.70990303],[0.10392375 0.38476446],[-0.0126236   0.13707724]
2702,2.7029999999998133,[-1.42618553  0.79544247],[-0.79076343 -0.70951837],[0.10431371 0.38465678],[-0.01253979  0.13697384]
2703,2.703999999999813,[-1.42697619  0.79473334],[-0.79065873 -0.70913383],[0.10470332 0.38454555],[-0.012456    0.13687041]
2704,2.704999999999813,[-1.42776674  0.79402459],[-0.79055363 -0.70874939],[0.10509257 0.3844308 ],[-0.01237223  0.13676694]
2705,2.705999999999813,[-1.42855719  0.79331623],[-0.79044815 -0.70836508],[0.10548148 0.38431256],[-0.01228848  0.13666344]
2706,2.706999999999813,[-1.42934753  0.79260824],[-0.79034228 -0.70798089],[0.10587003 0.38419086],[-0.01220475  0.13655992]
2707,2.707999999999813,[-1.43013777  0.79190065],[-0.79023602 -0.70759683],[0.10625823 0.38406572],[-0.01212103  0.13645636]
2708,2.7089999999998127,[-1.4309279   0.79119343],[-0.79012938 -0.70721289],[0.10664608 0.38393718],[-0.01203733  0.13635276]
2709,2.7099999999998126,[-1.43171792  0.79048661],[-0.79002234 -0.70682908],[0.10703358 0.38380527],[-0.01195365  0.13624914]
2710,2.7109999999998124,[-1.43250783  0.78978016],[-0.78991492 -0.70644541],[0.10742073 0.38367001],[-0.01186998  0.13614549]
2711,2.7119999999998123,[-1.43329764  0.7890741 ],[-0.78980712 -0.70606188],[0.10780754 0.38353144],[-0.01178633  0.13604181]
2712,2.7129999999998122,[-1.43408734  0.78836842],[-0.78969892 -0.70567849],[0.108194   0.38338958],[-0.0117027  0.1359381]
2713,2.713999999999812,[-1.43487693  0.78766312],[-0.78959034 -0.70529525],[0.10858012 0.38324446],[-0.01161909  0.13583436]
2714,2.714999999999812,[-1.43566641  0.78695821],[-0.78948138 -0.70491215],[0.10896589 0.38309611],[-0.01153549  0.13573058]
2715,2.715999999999812,[-1.43645578  0.78625368],[-0.78937203 -0.70452921],[0.10935132 0.38294456],[-0.01145192  0.13562678]
2716,2.716999999999812,[-1.43724505  0.78554954],[-0.78926229 -0.70414642],[0.10973641 0.38278984],[-0.01136836  0.13552295]
2717,2.7179999999998117,[-1.4380342   0.78484577],[-0.78915217 -0.70376379],[0.11012116 0.38263198],[-0.01128481  0.1354191 ]
2718,2.7189999999998116,[-1.43882324  0.78414239],[-0.78904166 -0.70338131],[0.11050556 0.382471  ],[-0.01120129  0.13531521]
2719,2.7199999999998115,[-1.43961217  0.78343939],[-0.78893077 -0.70299901],[0.11088963 0.38230693],[-0.01111778  0.1352113 ]
2720,2.7209999999998113,[-1.44040099  0.78273678],[-0.7888195  -0.70261687],[0.11127336 0.3821398 ],[-0.01103429  0.13510735]
2721,2.7219999999998112,[-1.4411897   0.78203454],[-0.78870784 -0.7022349 ],[0.11165675 0.38196964],[-0.01095082  0.13500338]
2722,2.722999999999811,[-1.44197829  0.78133269],[-0.7885958 -0.7018531],[0.1120398  0.38179648],[-0.01086737  0.13489939]
2723,2.723999999999811,[-1.44276678  0.78063122],[-0.78848338 -0.70147148],[0.11242252 0.38162035],[-0.01078393  0.13479536]
2724,2.724999999999811,[-1.44355515  0.77993013],[-0.78837058 -0.70109004],[0.11280491 0.38144127],[-0.01070051  0.13469131]
2725,2.725999999999811,[-1.44434341  0.77922942],[-0.78825739 -0.70070878],[0.11318696 0.38125927],[-0.01061711  0.13458723]
2726,2.7269999999998107,[-1.44513155  0.77852909],[-0.78814382 -0.70032771],[0.11356868 0.38107437],[-0.01053373  0.13448313]
2727,2.7279999999998106,[-1.44591958  0.77782914],[-0.78802987 -0.69994682],[0.11395006 0.38088662],[-0.01045037  0.134379  ]
2728,2.7289999999998105,[-1.4467075   0.77712958],[-0.78791554 -0.69956612],[0.11433112 0.38069603],[-0.01036702  0.13427484]
2729,2.7299999999998104,[-1.4474953   0.77643039],[-0.78780083 -0.69918562],[0.11471185 0.38050263],[-0.01028369  0.13417066]
2730,2.7309999999998102,[-1.44828298  0.77573159],[-0.78768573 -0.69880531],[0.11509225 0.38030645],[-0.01020038  0.13406645]
2731,2.73199999999981,[-1.44907055  0.77503316],[-0.78757026 -0.69842521],[0.11547232 0.38010752],[-0.01011709  0.13396222]
2732,2.73299999999981,[-1.44985801  0.77433512],[-0.78745441 -0.6980453 ],[0.11585207 0.37990585],[-0.01003381  0.13385796]
2733,2.73399999999981,[-1.45064534  0.77363745],[-0.78733818 -0.6976656 ],[0.11623149 0.3797015 ],[-0.00995056  0.13375368]
2734,2.73499999999981,[-1.45143257  0.77294016],[-0.78722157 -0.69728611],[0.11661058 0.37949446],[-0.00986732  0.13364937]
2735,2.7359999999998097,[-1.45221967  0.77224326],[-0.78710458 -0.69690682],[0.11698936 0.37928479],[-0.0097841   0.13354504]
2736,2.7369999999998096,[-1.45300666  0.77154673],[-0.78698721 -0.69652775],[0.11736781 0.37907249],[-0.00970089  0.13344069]
2737,2.7379999999998095,[-1.45379353  0.77085058],[-0.78686946 -0.69614889],[0.11774593 0.37885761],[-0.00961771  0.13333631]
2738,2.7389999999998094,[-1.45458028  0.77015481],[-0.78675134 -0.69577025],[0.11812374 0.37864015],[-0.00953454  0.13323191]
2739,2.7399999999998093,[-1.45536691  0.76945942],[-0.78663284 -0.69539183],[0.11850123 0.37842016],[-0.00945139  0.13312748]
2740,2.740999999999809,[-1.45615343  0.7687644 ],[-0.78651396 -0.69501363],[0.1188784  0.37819766],[-0.00936826  0.13302303]
2741,2.741999999999809,[-1.45693982  0.76806977],[-0.78639471 -0.69463566],[0.11925526 0.37797268],[-0.00928515  0.13291856]
2742,2.742999999999809,[-1.4577261   0.76737551],[-0.78627507 -0.69425791],[0.1196318  0.37774523],[-0.00920205  0.13281406]
2743,2.743999999999809,[-1.45851225  0.76668163],[-0.78615507 -0.6938804 ],[0.12000802 0.37751535],[-0.00911898  0.13270955]
2744,2.7449999999998087,[-1.45929829  0.76598813],[-0.78603468 -0.69350312],[0.12038393 0.37728306],[-0.00903592  0.13260501]
2745,2.7459999999998086,[-1.4600842  0.765295 ],[-0.78591392 -0.69312607],[0.12075952 0.3770484 ],[-0.00895288  0.13250045]
2746,2.7469999999998085,[-1.46086999  0.76460225],[-0.78579279 -0.69274926],[0.12113481 0.37681138],[-0.00886986  0.13239586]
2747,2.7479999999998084,[-1.46165566  0.76390988],[-0.78567128 -0.69237268],[0.12150978 0.37657203],[-0.00878686  0.13229126]
2748,2.7489999999998083,[-1.46244121  0.76321788],[-0.78554939 -0.69199635],[0.12188444 0.37633037],[-0.00870387  0.13218663]
2749,2.749999999999808,[-1.46322664  0.76252626],[-0.78542713 -0.69162027],[0.1222588  0.37608644],[-0.0086209   0.13208198]
2750,2.750999999999808,[-1.46401194  0.76183502],[-0.7853045  -0.69124443],[0.12263285 0.37584026],[-0.00853796  0.13197732]
2751,2.751999999999808,[-1.46479713  0.76114415],[-0.7851815  -0.69086884],[0.12300659 0.37559185],[-0.00845503  0.13187263]
2752,2.752999999999808,[-1.46558218  0.76045366],[-0.78505812 -0.69049349],[0.12338002 0.37534123],[-0.00837211  0.13176792]
2753,2.7539999999998077,[-1.46636712  0.75976354],[-0.78493436 -0.69011841],[0.12375315 0.37508845],[-0.00828922  0.13166319]
2754,2.7549999999998076,[-1.46715193  0.75907379],[-0.78481024 -0.68974357],[0.12412598 0.37483351],[-0.00820635  0.13155844]
2755,2.7559999999998075,[-1.46793661  0.75838443],[-0.78468574 -0.689369  ],[0.1244985  0.37457644],[-0.00812349  0.13145367]
2756,2.7569999999998074,[-1.46872118  0.75769543],[-0.78456087 -0.68899468],[0.12487072 0.37431728],[-0.00804065  0.13134888]
2757,2.7579999999998073,[-1.46950561  0.75700681],[-0.78443562 -0.68862062],[0.12524264 0.37405603],[-0.00795783  0.13124407]
2758,2.758999999999807,[-1.47028992  0.75631856],[-0.78431001 -0.68824683],[0.12561427 0.37379274],[-0.00787503  0.13113924]
2759,2.759999999999807,[-1.4710741   0.75563069],[-0.78418402 -0.6878733 ],[0.12598559 0.37352742],[-0.00779225  0.1310344 ]
2760,2.760999999999807,[-1.47185816  0.75494319],[-0.78405767 -0.68750004],[0.12635662 0.37326009],[-0.00770949  0.13092953]
2761,2.761999999999807,[-1.47264209  0.75425606],[-0.78393094 -0.68712705],[0.12672735 0.37299079],[-0.00762674  0.13082465]
2762,2.7629999999998067,[-1.4734259   0.75356931],[-0.78380384 -0.68675433],[0.12709779 0.37271954],[-0.00754401  0.13071974]
2763,2.7639999999998066,[-1.47420957  0.75288293],[-0.78367637 -0.68638189],[0.12746793 0.37244635],[-0.00746131  0.13061482]
2764,2.7649999999998065,[-1.47499312  0.75219692],[-0.78354854 -0.68600971],[0.12783778 0.37217126],[-0.00737862  0.13050988]
2765,2.7659999999998064,[-1.47577654  0.75151128],[-0.78342033 -0.68563782],[0.12820734 0.37189429],[-0.00729595  0.13040493]
2766,2.7669999999998063,[-1.47655983  0.75082601],[-0.78329175 -0.6852662 ],[0.12857661 0.37161546],[-0.0072133   0.13029995]
2767,2.767999999999806,[-1.477343    0.75014112],[-0.78316281 -0.68489487],[0.12894558 0.3713348 ],[-0.00713066  0.13019496]
2768,2.768999999999806,[-1.47812603  0.74945659],[-0.78303349 -0.68452382],[0.12931427 0.37105232],[-0.00704805  0.13008995]
2769,2.769999999999806,[-1.47890893  0.74877244],[-0.78290381 -0.68415305],[0.12968268 0.37076806],[-0.00696545  0.12998493]
2770,2.770999999999806,[-1.47969171  0.74808866],[-0.78277376 -0.68378257],[0.13005079 0.37048204],[-0.00688287  0.12987988]
2771,2.7719999999998057,[-1.48047435  0.74740525],[-0.78264334 -0.68341237],[0.13041862 0.37019428],[-0.00680032  0.12977482]
2772,2.7729999999998056,[-1.48125686  0.7467222 ],[-0.78251256 -0.68304247],[0.13078617 0.3699048 ],[-0.00671778  0.12966975]
2773,2.7739999999998055,[-1.48203925  0.74603953],[-0.7823814  -0.68267285],[0.13115343 0.36961362],[-0.00663526  0.12956466]
2774,2.7749999999998054,[-1.4828215   0.74535723],[-0.78224988 -0.68230353],[0.13152041 0.36932078],[-0.00655275  0.12945955]
2775,2.7759999999998053,[-1.48360361  0.74467529],[-0.78211799 -0.68193451],[0.13188711 0.36902629],[-0.00647027  0.12935443]
2776,2.776999999999805,[-1.4843856   0.74399373],[-0.78198574 -0.68156578],[0.13225353 0.36873017],[-0.00638781  0.12924929]
2777,2.777999999999805,[-1.48516745  0.74331253],[-0.78185312 -0.68119734],[0.13261967 0.36843246],[-0.00630536  0.12914413]
2778,2.778999999999805,[-1.48594917  0.7426317 ],[-0.78172014 -0.68082921],[0.13298553 0.36813316],[-0.00622294  0.12903896]
2779,2.779999999999805,[-1.48673076  0.74195124],[-0.78158678 -0.68046138],[0.13335112 0.3678323 ],[-0.00614053  0.12893378]
2780,2.7809999999998047,[-1.48751221  0.74127115],[-0.78145307 -0.68009385],[0.13371643 0.36752991],[-0.00605814  0.12882857]
2781,2.7819999999998046,[-1.48829353  0.74059142],[-0.78131899 -0.67972662],[0.13408146 0.36722601],[-0.00597577  0.12872336]
2782,2.7829999999998045,[-1.48907472  0.73991206],[-0.78118454 -0.6793597 ],[0.13444623 0.36692062],[-0.00589342  0.12861813]
2783,2.7839999999998044,[-1.48985577  0.73923307],[-0.78104973 -0.67899309],[0.13481072 0.36661376],[-0.00581109  0.12851289]
2784,2.7849999999998043,[-1.49063668  0.73855444],[-0.78091455 -0.67862678],[0.13517494 0.36630546],[-0.00572878  0.12840763]
2785,2.785999999999804,[-1.49141746  0.73787618],[-0.78077902 -0.67826079],[0.13553888 0.36599573],[-0.00564649  0.12830236]
2786,2.786999999999804,[-1.4921981   0.73719828],[-0.78064311 -0.6778951 ],[0.13590256 0.36568459],[-0.00556421  0.12819707]
2787,2.787999999999804,[-1.49297861  0.73652075],[-0.78050685 -0.67752973],[0.13626597 0.36537208],[-0.00548196  0.12809177]
2788,2.788999999999804,[-1.49375898  0.73584359],[-0.78037022 -0.67716467],[0.13662912 0.3650582 ],[-0.00539972  0.12798646]
2789,2.7899999999998037,[-1.49453921  0.73516679],[-0.78023323 -0.67679993],[0.13699199 0.36474299],[-0.00531751  0.12788113]
2790,2.7909999999998036,[-1.49531931  0.73449035],[-0.78009587 -0.6764355 ],[0.13735461 0.36442646],[-0.00523531  0.12777579]
2791,2.7919999999998035,[-1.49609927  0.73381428],[-0.77995815 -0.67607139],[0.13771695 0.36410864],[-0.00515313  0.12767044]
2792,2.7929999999998034,[-1.49687909  0.73313857],[-0.77982008 -0.67570761],[0.13807904 0.36378954],[-0.00507097  0.12756508]
2793,2.7939999999998033,[-1.49765877  0.73246323],[-0.77968163 -0.67534414],[0.13844086 0.36346918],[-0.00498883  0.1274597 ]
2794,2.794999999999803,[-1.49843831  0.73178825],[-0.77954283 -0.67498099],[0.13880243 0.3631476 ],[-0.00490671  0.12735431]
2795,2.795999999999803,[-1.49921771  0.73111363],[-0.77940367 -0.67461816],[0.13916373 0.3628248 ],[-0.00482461  0.12724891]
2796,2.796999999999803,[-1.49999698  0.73043938],[-0.77926414 -0.67425566],[0.13952477 0.36250081],[-0.00474253  0.12714349]
2797,2.797999999999803,[-1.5007761   0.72976548],[-0.77912426 -0.67389349],[0.13988556 0.36217564],[-0.00466047  0.12703807]
2798,2.7989999999998028,[-1.50155509  0.72909195],[-0.77898401 -0.67353164],[0.14024609 0.36184933],[-0.00457843  0.12693263]
2799,2.7999999999998026,[-1.50233393  0.72841878],[-0.77884341 -0.67317012],[0.14060636 0.36152189],[-0.0044964   0.12682718]
2800,2.8009999999998025,[-1.50311263  0.72774597],[-0.77870244 -0.67280892],[0.14096638 0.36119333],[-0.0044144   0.12672172]
2801,2.8019999999998024,[-1.50389119  0.72707352],[-0.77856111 -0.67244806],[0.14132615 0.36086369],[-0.00433242  0.12661624]
2802,2.8029999999998023,[-1.50466961  0.72640144],[-0.77841943 -0.67208753],[0.14168566 0.36053297],[-0.00425045  0.12651076]
2803,2.803999999999802,[-1.50544789  0.72572971],[-0.77827738 -0.67172732],[0.14204493 0.3602012 ],[-0.00416851  0.12640527]
2804,2.804999999999802,[-1.50622603  0.72505834],[-0.77813498 -0.67136746],[0.14240394 0.3598684 ],[-0.00408658  0.12629976]
2805,2.805999999999802,[-1.50700402  0.72438733],[-0.77799222 -0.67100792],[0.1427627  0.35953459],[-0.00400467  0.12619425]
2806,2.806999999999802,[-1.50778187  0.72371668],[-0.77784909 -0.67064872],[0.14312122 0.35919979],[-0.00392279  0.12608872]
2807,2.8079999999998018,[-1.50855957  0.72304639],[-0.77770562 -0.67028986],[0.14347949 0.35886402],[-0.00384092  0.12598319]
2808,2.8089999999998017,[-1.50933713  0.72237646],[-0.77756178 -0.66993133],[0.14383751 0.35852729],[-0.00375907  0.12587764]
2809,2.8099999999998015,[-1.51011455  0.72170689],[-0.77741758 -0.66957314],[0.14419528 0.35818963],[-0.00367724  0.12577208]
2810,2.8109999999998014,[-1.51089182  0.72103767],[-0.77727303 -0.66921529],[0.14455282 0.35785105],[-0.00359544  0.12566652]
2811,2.8119999999998013,[-1.51166895  0.72036882],[-0.77712812 -0.66885778],[0.14491011 0.35751157],[-0.00351365  0.12556094]
2812,2.812999999999801,[-1.51244594  0.71970032],[-0.77698285 -0.66850061],[0.14526715 0.35717122],[-0.00343188  0.12545536]
2813,2.813999999999801,[-1.51322277  0.71903217],[-0.77683723 -0.66814378],[0.14562396 0.35683001],[-0.00335013  0.12534976]
2814,2.814999999999801,[-1.51399946  0.71836439],[-0.77669125 -0.66778729],[0.14598052 0.35648795],[-0.0032684   0.12524416]
2815,2.815999999999801,[-1.51477601  0.71769695],[-0.77654491 -0.66743114],[0.14633685 0.35614508],[-0.00318669  0.12513855]
2816,2.8169999999998008,[-1.51555241  0.71702988],[-0.77639822 -0.66707534],[0.14669294 0.3558014 ],[-0.003105    0.12503293]
2817,2.8179999999998007,[-1.51632866  0.71636316],[-0.77625117 -0.66671989],[0.14704879 0.35545694],[-0.00302333  0.1249273 ]
2818,2.8189999999998006,[-1.51710476  0.71569679],[-0.77610376 -0.66636477],[0.14740441 0.3551117 ],[-0.00294168  0.12482166]
2819,2.8199999999998004,[-1.51788072  0.71503078],[-0.77595601 -0.66601001],[0.14775979 0.35476572],[-0.00286005  0.12471601]
2820,2.8209999999998003,[-1.51865653  0.71436513],[-0.77580789 -0.66565559],[0.14811494 0.35441901],[-0.00277844  0.12461036]
2821,2.8219999999998002,[-1.51943219  0.71369983],[-0.77565942 -0.66530152],[0.14846985 0.35407158],[-0.00269685  0.1245047 ]
2822,2.8229999999998,[-1.5202077   0.71303488],[-0.7755106  -0.66494779],[0.14882453 0.35372346],[-0.00261528  0.12439902]
2823,2.8239999999998,[-1.52098306  0.71237028],[-0.77536142 -0.66459442],[0.14917898 0.35337466],[-0.00253373  0.12429335]
2824,2.8249999999998,[-1.52175827  0.71170604],[-0.77521188 -0.66424139],[0.1495332  0.35302519],[-0.0024522   0.12418766]
2825,2.8259999999998,[-1.52253333  0.71104215],[-0.775062   -0.66388872],[0.1498872  0.35267509],[-0.00237069  0.12408197]
2826,2.8269999999997997,[-1.52330824  0.71037862],[-0.77491176 -0.6635364 ],[0.15024096 0.35232435],[-0.0022892   0.12397626]
2827,2.8279999999997996,[-1.524083    0.70971543],[-0.77476116 -0.66318442],[0.1505945  0.35197301],[-0.00220773  0.12387056]
2828,2.8289999999997995,[-1.52485761  0.7090526 ],[-0.77461021 -0.6628328 ],[0.15094781 0.35162107],[-0.00212628  0.12376484]
2829,2.8299999999997993,[-1.52563207  0.70839012],[-0.77445891 -0.66248153],[0.15130089 0.35126856],[-0.00204485  0.12365912]
2830,2.8309999999997992,[-1.52640638  0.70772799],[-0.77430726 -0.66213062],[0.15165375 0.35091549],[-0.00196344  0.12355339]
2831,2.831999999999799,[-1.52718054  0.70706621],[-0.77415525 -0.66178006],[0.15200639 0.35056187],[-0.00188205  0.12344765]
2832,2.832999999999799,[-1.52795454  0.70640478],[-0.77400289 -0.66142985],[0.15235881 0.35020773],[-0.00180068  0.12334191]
2833,2.833999999999799,[-1.52872839  0.7057437 ],[-0.77385018 -0.66107999],[0.152711   0.34985308],[-0.00171933  0.12323616]
2834,2.834999999999799,[-1.52950209  0.70508297],[-0.77369712 -0.6607305 ],[0.15306298 0.34949794],[-0.001638    0.12313041]
2835,2.8359999999997987,[-1.53027563  0.70442259],[-0.7735437  -0.66038135],[0.15341473 0.34914232],[-0.00155669  0.12302465]
2836,2.8369999999997986,[-1.53104902  0.70376255],[-0.77338994 -0.66003257],[0.15376627 0.34878624],[-0.0014754   0.12291888]
2837,2.8379999999997985,[-1.53182226  0.70310287],[-0.77323582 -0.65968414],[0.15411759 0.34842971],[-0.00139413  0.12281311]
2838,2.8389999999997984,[-1.53259534  0.70244353],[-0.77308135 -0.65933607],[0.15446869 0.34807275],[-0.00131289  0.12270733]
2839,2.8399999999997982,[-1.53336826  0.70178455],[-0.77292653 -0.65898835],[0.15481958 0.34771538],[-0.00123166  0.12260155]
2840,2.840999999999798,[-1.53414104  0.7011259 ],[-0.77277136 -0.65864099],[0.15517025 0.34735762],[-0.00115045  0.12249576]
2841,2.841999999999798,[-1.53491365  0.70046761],[-0.77261584 -0.65829399],[0.15552071 0.34699947],[-0.00106926  0.12238996]
2842,2.842999999999798,[-1.53568611  0.69980966],[-0.77245997 -0.65794735],[0.15587095 0.34664095],[-0.0009881   0.12228416]
2843,2.843999999999798,[-1.53645841  0.69915206],[-0.77230375 -0.65760107],[0.15622099 0.34628208],[-0.00090695  0.12217836]
2844,2.8449999999997977,[-1.53723056  0.69849481],[-0.77214718 -0.65725515],[0.15657081 0.34592288],[-0.00082582  0.12207255]
2845,2.8459999999997976,[-1.53800255  0.6978379 ],[-0.77199026 -0.65690958],[0.15692043 0.34556335],[-0.00074472  0.12196673]
2846,2.8469999999997975,[-1.53877439  0.69718133],[-0.77183299 -0.65656438],[0.15726983 0.34520352],[-0.00066364  0.12186092]
2847,2.8479999999997974,[-1.53954606  0.69652511],[-0.77167537 -0.65621954],[0.15761903 0.3448434 ],[-0.00058257  0.12175509]
2848,2.8489999999997973,[-1.54031758  0.69586924],[-0.7715174  -0.65587505],[0.15796802 0.34448299],[-0.00050153  0.12164926]
2849,2.849999999999797,[-1.54108894  0.69521371],[-0.77135908 -0.65553093],[0.1583168  0.34412233],[-0.0004205   0.12154343]
2850,2.850999999999797,[-1.54186014  0.69455852],[-0.77120042 -0.65518717],[0.15866538 0.34376142],[-0.0003395  0.1214376]
2851,2.851999999999797,[-1.54263118  0.69390368],[-0.77104141 -0.65484377],[0.15901375 0.34340028],[-0.00025852  0.12133176]
2852,2.852999999999797,[-1.54340206  0.69324918],[-0.77088204 -0.65450073],[0.15936192 0.34303891],[-0.00017756  0.12122591]
2853,2.8539999999997967,[-1.54417278  0.69259502],[-0.77072233 -0.65415805],[0.15970989 0.34267735],[-9.66183216e-05  1.21120065e-01]
2854,2.8549999999997966,[-1.54494335  0.6919412 ],[-0.77056228 -0.65381574],[0.16005765 0.34231559],[-1.56985582e-05  1.21014214e-01]
2855,2.8559999999997965,[-1.54571375  0.69128773],[-0.77040187 -0.65347378],[0.16040521 0.34195365],[6.52004777e-05 1.20908360e-01]
2856,2.8569999999997964,[-1.54648399  0.6906346 ],[-0.77024112 -0.65313219],[0.16075258 0.34159156],[0.00014608 0.1208025 ]
2857,2.8579999999997963,[-1.54725407  0.68998181],[-0.77008002 -0.65279096],[0.16109974 0.34122931],[0.00022694 0.12069664]
2858,2.858999999999796,[-1.54802399  0.68932936],[-0.76991857 -0.6524501 ],[0.16144671 0.34086693],[0.00030777 0.12059078]
2859,2.859999999999796,[-1.54879374  0.68867725],[-0.76975678 -0.65210959],[0.16179348 0.34050443],[0.00038859 0.12048491]
2860,2.860999999999796,[-1.54956334  0.68802548],[-0.76959464 -0.65176945],[0.16214005 0.34014181],[0.00046938 0.12037904]
2861,2.861999999999796,[-1.55033277  0.68737405],[-0.76943215 -0.65142967],[0.16248643 0.33977911],[0.00055016 0.12027317]
2862,2.8629999999997957,[-1.55110204  0.68672296],[-0.76926932 -0.65109025],[0.16283261 0.33941632],[0.00063091 0.12016729]
2863,2.8639999999997956,[-1.55187115  0.68607221],[-0.76910614 -0.6507512 ],[0.1631786  0.33905346],[0.00071164 0.12006141]
2864,2.8649999999997955,[-1.55264009  0.68542179],[-0.76894262 -0.65041251],[0.16352439 0.33869055],[0.00079236 0.11995553]
2865,2.8659999999997954,[-1.55340887  0.68477172],[-0.76877875 -0.65007418],[0.16386999 0.3383276 ],[0.00087305 0.11984965]
2866,2.8669999999997953,[-1.55417748  0.68412198],[-0.76861453 -0.64973622],[0.1642154  0.33796461],[0.00095371 0.11974376]
2867,2.867999999999795,[-1.55494593  0.68347258],[-0.76844997 -0.64939862],[0.16456062 0.33760161],[0.00103436 0.11963788]
2868,2.868999999999795,[-1.55571422  0.68282352],[-0.76828506 -0.64906138],[0.16490566 0.3372386 ],[0.00111499 0.11953199]
2869,2.869999999999795,[-1.55648234  0.6821748 ],[-0.76811981 -0.6487245 ],[0.1652505  0.33687561],[0.0011956 0.1194261]
2870,2.870999999999795,[-1.55725029  0.68152641],[-0.76795422 -0.64838799],[0.16559515 0.33651263],[0.00127618 0.11932021]
2871,2.8719999999997947,[-1.55801808  0.68087836],[-0.76778828 -0.64805184],[0.16593962 0.33614968],[0.00135675 0.11921431]
2872,2.8729999999997946,[-1.5587857   0.68023064],[-0.767622   -0.64771605],[0.1662839  0.33578678],[0.00143729 0.11910842]
2873,2.8739999999997945,[-1.55955316  0.67958326],[-0.76745537 -0.64738063],[0.16662799 0.33542394],[0.00151781 0.11900252]
2874,2.8749999999997944,[-1.56032045  0.67893622],[-0.7672884  -0.64704557],[0.1669719  0.33506117],[0.00159831 0.11889662]
2875,2.8759999999997943,[-1.56108757  0.6782895 ],[-0.76712108 -0.64671087],[0.16731562 0.33469847],[0.00167879 0.11879072]
2876,2.876999999999794,[-1.56185452  0.67764313],[-0.76695342 -0.64637653],[0.16765916 0.33433587],[0.00175925 0.11868482]
2877,2.877999999999794,[-1.5626213   0.67699709],[-0.76678542 -0.64604256],[0.16800252 0.33397338],[0.00183969 0.11857892]
2878,2.878999999999794,[-1.56338792  0.67635138],[-0.76661707 -0.64570895],[0.1683457  0.33361099],[0.0019201  0.11847302]
2879,2.879999999999794,[-1.56415437  0.675706  ],[-0.76644838 -0.6453757 ],[0.1686887  0.33324874],[0.0020005  0.11836712]
2880,2.8809999999997937,[-1.56492065  0.67506096],[-0.76627935 -0.64504281],[0.16903151 0.33288663],[0.00208087 0.11826121]
2881,2.8819999999997936,[-1.56568676  0.67441625],[-0.76610998 -0.64471029],[0.16937415 0.33252466],[0.00216122 0.11815531]
2882,2.8829999999997935,[-1.5664527   0.67377187],[-0.76594026 -0.64437813],[0.16971661 0.33216286],[0.00224155 0.1180494 ]
2883,2.8839999999997934,[-1.56721847  0.67312782],[-0.7657702  -0.64404633],[0.17005889 0.33180123],[0.00232186 0.1179435 ]
2884,2.8849999999997933,[-1.56798407  0.67248411],[-0.7655998  -0.64371489],[0.17040099 0.33143978],[0.00240215 0.11783759]
2885,2.885999999999793,[-1.5687495   0.67184072],[-0.76542906 -0.64338381],[0.17074292 0.33107853],[0.00248241 0.11773169]
2886,2.886999999999793,[-1.56951476  0.67119767],[-0.76525797 -0.64305309],[0.17108467 0.33071748],[0.00256266 0.11762579]
2887,2.887999999999793,[-1.57027984  0.67055495],[-0.76508655 -0.64272273],[0.17142625 0.33035665],[0.00264288 0.11751988]
2888,2.888999999999793,[-1.57104476  0.66991256],[-0.76491478 -0.64239274],[0.17176765 0.32999604],[0.00272308 0.11741398]
2889,2.8899999999997927,[-1.5718095   0.66927049],[-0.76474267 -0.6420631 ],[0.17210888 0.32963567],[0.00280326 0.11730807]
2890,2.8909999999997926,[-1.57257407  0.66862876],[-0.76457022 -0.64173383],[0.17244994 0.32927555],[0.00288342 0.11720217]
2891,2.8919999999997925,[-1.57333847  0.66798735],[-0.76439743 -0.64140491],[0.17279082 0.32891569],[0.00296355 0.11709627]
2892,2.8929999999997924,[-1.57410269  0.66734628],[-0.7642243  -0.64107635],[0.17313153 0.32855609],[0.00304367 0.11699036]
2893,2.8939999999997923,[-1.57486674  0.66670553],[-0.76405083 -0.64074816],[0.17347208 0.32819677],[0.00312376 0.11688446]
2894,2.894999999999792,[-1.57563062  0.66606511],[-0.76387701 -0.64042032],[0.17381245 0.32783774],[0.00320383 0.11677856]
2895,2.895999999999792,[-1.57639432  0.66542502],[-0.76370286 -0.64009284],[0.17415266 0.327479  ],[0.00328388 0.11667266]
2896,2.896999999999792,[-1.57715785  0.66478525],[-0.76352837 -0.63976572],[0.17449269 0.32712057],[0.00336391 0.11656676]
2897,2.897999999999792,[-1.57792121  0.66414581],[-0.76335354 -0.63943896],[0.17483256 0.32676246],[0.00344392 0.11646086]
2898,2.8989999999997917,[-1.57868438  0.6635067 ],[-0.76317836 -0.63911255],[0.17517227 0.32640468],[0.0035239  0.11635497]
2899,2.8999999999997916,[-1.57944739  0.66286791],[-0.76300285 -0.63878651],[0.1755118  0.32604723],[0.00360386 0.11624907]
2900,2.9009999999997915,[-1.58021021  0.66222945],[-0.762827   -0.63846082],[0.17585117 0.32569013],[0.00368381 0.11614318]
2901,2.9019999999997914,[-1.58097286  0.66159132],[-0.76265081 -0.63813548],[0.17619038 0.32533338],[0.00376372 0.11603729]
2902,2.9029999999997913,[-1.58173534  0.66095351],[-0.76247428 -0.63781051],[0.17652942 0.324977  ],[0.00384362 0.1159314 ]
2903,2.903999999999791,[-1.58249764  0.66031602],[-0.76229741 -0.63748588],[0.1768683  0.32462099],[0.0039235  0.11582551]
2904,2.904999999999791,[-1.58325976  0.65967886],[-0.76212021 -0.63716162],[0.17720702 0.32426536],[0.00400335 0.11571962]
2905,2.905999999999791,[-1.5840217   0.65904202],[-0.76194266 -0.63683771],[0.17754557 0.32391013],[0.00408318 0.11561373]
2906,2.906999999999791,[-1.58478346  0.65840551],[-0.76176478 -0.63651415],[0.17788396 0.32355529],[0.00416299 0.11550785]
2907,2.9079999999997908,[-1.58554505  0.65776932],[-0.76158655 -0.63619095],[0.1782222  0.32320087],[0.00424278 0.11540197]
2908,2.9089999999997906,[-1.58630646  0.65713345],[-0.76140799 -0.63586811],[0.17856027 0.32284686],[0.00432254 0.11529609]
2909,2.9099999999997905,[-1.58706769  0.6564979 ],[-0.7612291  -0.63554561],[0.17889818 0.32249327],[0.00440228 0.11519021]
2910,2.9109999999997904,[-1.58782874  0.65586268],[-0.76104986 -0.63522347],[0.17923593 0.32214013],[0.00448201 0.11508434]
2911,2.9119999999997903,[-1.58858961  0.65522778],[-0.76087029 -0.63490168],[0.17957353 0.32178742],[0.0045617  0.11497847]
2912,2.91299999999979,[-1.5893503  0.6545932],[-0.76069038 -0.63458025],[0.17991097 0.32143517],[0.00464138 0.1148726 ]
2913,2.91399999999979,[-1.59011081  0.65395894],[-0.76051013 -0.63425917],[0.18024825 0.32108338],[0.00472104 0.11476673]
2914,2.91499999999979,[-1.59087114  0.653325  ],[-0.76032954 -0.63393843],[0.18058538 0.32073205],[0.00480067 0.11466087]
2915,2.91599999999979,[-1.59163129  0.65269138],[-0.76014862 -0.63361805],[0.18092235 0.32038121],[0.00488028 0.11455501]
2916,2.9169999999997898,[-1.59239125  0.65205808],[-0.75996736 -0.63329802],[0.18125916 0.32003084],[0.00495987 0.11444915]
2917,2.9179999999997897,[-1.59315104  0.6514251 ],[-0.75978576 -0.63297834],[0.18159582 0.31968097],[0.00503943 0.11434329]
2918,2.9189999999997895,[-1.59391064  0.65079245],[-0.75960383 -0.63265901],[0.18193233 0.3193316 ],[0.00511897 0.11423744]
2919,2.9199999999997894,[-1.59467006  0.65016011],[-0.75942156 -0.63234003],[0.18226868 0.31898273],[0.00519849 0.11413159]
2920,2.9209999999997893,[-1.5954293   0.64952808],[-0.75923896 -0.63202139],[0.18260489 0.31863438],[0.00527799 0.11402574]
2921,2.921999999999789,[-1.59618836  0.64889638],[-0.75905602 -0.63170311],[0.18294094 0.31828655],[0.00535747 0.1139199 ]
2922,2.922999999999789,[-1.59694723  0.648265  ],[-0.75887274 -0.63138517],[0.18327683 0.31793926],[0.00543692 0.11381406]
2923,2.923999999999789,[-1.59770592  0.64763393],[-0.75868913 -0.63106757],[0.18361258 0.3175925 ],[0.00551635 0.11370823]
2924,2.924999999999789,[-1.59846443  0.64700318],[-0.75850518 -0.63075033],[0.18394818 0.31724628],[0.00559576 0.11360239]
2925,2.9259999999997888,[-1.59922275  0.64637274],[-0.7583209  -0.63043343],[0.18428363 0.31690062],[0.00567515 0.11349657]
2926,2.9269999999997887,[-1.59998088  0.64574263],[-0.75813628 -0.63011687],[0.18461893 0.31655551],[0.00575451 0.11339074]
2927,2.9279999999997885,[-1.60073884  0.64511283],[-0.75795132 -0.62980066],[0.18495408 0.31621098],[0.00583385 0.11328492]
2928,2.9289999999997884,[-1.6014966   0.64448334],[-0.75776603 -0.62948479],[0.18528908 0.31586701],[0.00591317 0.1131791 ]
2929,2.9299999999997883,[-1.60225418  0.64385417],[-0.75758041 -0.62916927],[0.18562394 0.31552363],[0.00599247 0.11307329]
2930,2.930999999999788,[-1.60301158  0.64322532],[-0.75739445 -0.62885409],[0.18595865 0.31518083],[0.00607174 0.11296748]
2931,2.931999999999788,[-1.60376878  0.64259678],[-0.75720816 -0.62853925],[0.18629321 0.31483863],[0.00615099 0.11286168]
2932,2.932999999999788,[-1.60452581  0.64196856],[-0.75702153 -0.62822475],[0.18662763 0.31449702],[0.00623022 0.11275588]
2933,2.933999999999788,[-1.60528264  0.64134064],[-0.75683457 -0.6279106 ],[0.1869619  0.31415603],[0.00630943 0.11265008]
2934,2.934999999999788,[-1.60603929  0.64071305],[-0.75664727 -0.62759678],[0.18729603 0.31381564],[0.00638861 0.11254429]
2935,2.9359999999997877,[-1.60679575  0.64008576],[-0.75645964 -0.62728331],[0.18763001 0.31347588],[0.00646777 0.1124385 ]
2936,2.9369999999997876,[-1.60755202  0.63945879],[-0.75627168 -0.62697017],[0.18796385 0.31313674],[0.00654691 0.11233272]
2937,2.9379999999997874,[-1.6083081   0.63883214],[-0.75608338 -0.62665737],[0.18829755 0.31279823],[0.00662602 0.11222694]
2938,2.9389999999997873,[-1.609064    0.63820579],[-0.75589475 -0.62634491],[0.18863111 0.31246037],[0.00670511 0.11212117]
2939,2.9399999999997872,[-1.6098197   0.63757976],[-0.75570579 -0.62603279],[0.18896452 0.31212314],[0.00678418 0.1120154 ]
2940,2.940999999999787,[-1.61057522  0.63695404],[-0.75551649 -0.625721  ],[0.18929779 0.31178657],[0.00686323 0.11190964]
2941,2.941999999999787,[-1.61133055  0.63632863],[-0.75532686 -0.62540955],[0.18963092 0.31145065],[0.00694225 0.11180388]
2942,2.942999999999787,[-1.61208568  0.63570353],[-0.75513689 -0.62509844],[0.18996392 0.3111154 ],[0.00702125 0.11169812]
2943,2.943999999999787,[-1.61284063  0.63507874],[-0.7549466  -0.62478765],[0.19029677 0.31078081],[0.00710023 0.11159238]
2944,2.9449999999997867,[-1.61359539  0.63445427],[-0.75475597 -0.62447721],[0.19062948 0.3104469 ],[0.00717918 0.11148663]
2945,2.9459999999997866,[-1.61434995  0.6338301 ],[-0.75456501 -0.62416709],[0.19096205 0.31011366],[0.00725811 0.1113809 ]
2946,2.9469999999997865,[-1.61510432  0.63320624],[-0.75437371 -0.62385731],[0.19129449 0.30978112],[0.00733702 0.11127516]
2947,2.9479999999997863,[-1.61585851  0.63258269],[-0.75418208 -0.62354786],[0.19162679 0.30944926],[0.00741591 0.11116944]
2948,2.9489999999997862,[-1.6166125   0.63195945],[-0.75399012 -0.62323875],[0.19195895 0.30911809],[0.00749477 0.11106371]
2949,2.949999999999786,[-1.61736629  0.63133652],[-0.75379783 -0.62292996],[0.19229097 0.30878763],[0.00757361 0.110958  ]
2950,2.950999999999786,[-1.6181199  0.6307139],[-0.75360521 -0.6226215 ],[0.19262286 0.30845788],[0.00765242 0.11085229]
2951,2.951999999999786,[-1.61887331  0.63009159],[-0.75341226 -0.62231337],[0.19295461 0.30812883],[0.00773121 0.11074658]
2952,2.952999999999786,[-1.61962653  0.62946958],[-0.75321897 -0.62200557],[0.19328622 0.3078005 ],[0.00780998 0.11064088]
2953,2.9539999999997857,[-1.62037956  0.62884789],[-0.75302535 -0.6216981 ],[0.1936177 0.3074729],[0.00788873 0.11053519]
2954,2.9549999999997856,[-1.62113239  0.62822649],[-0.7528314  -0.62139095],[0.19394905 0.30714602],[0.00796745 0.1104295 ]
2955,2.9559999999997855,[-1.62188503  0.62760541],[-0.75263712 -0.62108413],[0.19428026 0.30681987],[0.00804615 0.11032382]
2956,2.9569999999997854,[-1.62263747  0.62698463],[-0.75244251 -0.62077764],[0.19461134 0.30649446],[0.00812483 0.11021815]
2957,2.9579999999997852,[-1.62338972  0.62636416],[-0.75224757 -0.62047147],[0.19494229 0.30616979],[0.00820348 0.11011248]
2958,2.958999999999785,[-1.62414177  0.625744  ],[-0.7520523  -0.62016562],[0.1952731  0.30584586],[0.00828211 0.11000682]
2959,2.959999999999785,[-1.62489362  0.62512414],[-0.75185669 -0.6198601 ],[0.19560378 0.30552269],[0.00836072 0.10990116]
2960,2.960999999999785,[-1.62564528  0.62450458],[-0.75166076 -0.6195549 ],[0.19593433 0.30520027],[0.0084393  0.10979551]
2961,2.961999999999785,[-1.62639675  0.62388533],[-0.75146449 -0.61925002],[0.19626474 0.30487861],[0.00851786 0.10968987]
2962,2.9629999999997847,[-1.62714802  0.62326639],[-0.7512679  -0.61894546],[0.19659503 0.30455771],[0.0085964  0.10958423]
2963,2.9639999999997846,[-1.62789909  0.62264774],[-0.75107097 -0.61864122],[0.19692519 0.30423758],[0.00867491 0.1094786 ]
2964,2.9649999999997845,[-1.62864996  0.62202941],[-0.75087372 -0.61833731],[0.19725521 0.30391822],[0.0087534  0.10937298]
2965,2.9659999999997844,[-1.62940064  0.62141137],[-0.75067613 -0.61803371],[0.19758511 0.30359964],[0.00883186 0.10926736]
2966,2.9669999999997843,[-1.63015112  0.62079364],[-0.75047822 -0.61773043],[0.19791487 0.30328184],[0.0089103  0.10916175]
2967,2.967999999999784,[-1.6309014   0.62017622],[-0.75027997 -0.61742746],[0.19824451 0.30296483],[0.00898872 0.10905615]
2968,2.968999999999784,[-1.63165148  0.61955909],[-0.7500814  -0.61712481],[0.19857402 0.3026486 ],[0.00906712 0.10895055]
2969,2.969999999999784,[-1.63240136  0.61894227],[-0.7498825  -0.61682248],[0.1989034  0.30233317],[0.00914549 0.10884496]
2970,2.970999999999784,[-1.63315104  0.61832575],[-0.74968326 -0.61652046],[0.19923265 0.30201853],[0.00922384 0.10873938]
2971,2.9719999999997837,[-1.63390053  0.61770953],[-0.7494837  -0.61621876],[0.19956177 0.30170469],[0.00930216 0.10863381]
2972,2.9729999999997836,[-1.63464981  0.61709361],[-0.74928381 -0.61591736],[0.19989077 0.30139166],[0.00938046 0.10852824]
2973,2.9739999999997835,[-1.63539889  0.616478  ],[-0.74908359 -0.61561628],[0.20021964 0.30107944],[0.00945874 0.10842268]
2974,2.9749999999997834,[-1.63614778  0.61586268],[-0.74888304 -0.61531552],[0.20054839 0.30076802],[0.00953699 0.10831712]
2975,2.9759999999997833,[-1.63689646  0.61524766],[-0.74868217 -0.61501506],[0.20087701 0.30045743],[0.00961522 0.10821158]
2976,2.976999999999783,[-1.63764494  0.61463295],[-0.74848096 -0.61471491],[0.2012055  0.30014765],[0.00969342 0.10810604]
2977,2.977999999999783,[-1.63839322  0.61401853],[-0.74827943 -0.61441507],[0.20153387 0.29983869],[0.0097716  0.10800051]
2978,2.978999999999783,[-1.6391413   0.61340442],[-0.74807756 -0.61411554],[0.20186211 0.29953056],[0.00984976 0.10789499]
2979,2.979999999999783,[-1.63988917  0.6127906 ],[-0.74787537 -0.61381632],[0.20219023 0.29922325],[0.00992789 0.10778947]
2980,2.9809999999997827,[-1.64063685  0.61217709],[-0.74767286 -0.6135174 ],[0.20251822 0.29891678],[0.010006   0.10768397]
2981,2.9819999999997826,[-1.64138432  0.61156387],[-0.74747001 -0.61321879],[0.2028461  0.29861114],[0.01008409 0.10757847]
2982,2.9829999999997825,[-1.64213158  0.61095095],[-0.74726684 -0.61292048],[0.20317384 0.29830635],[0.01016215 0.10747297]
2983,2.9839999999997824,[-1.64287865  0.61033832],[-0.74706333 -0.61262248],[0.20350147 0.29800239],[0.01024019 0.10736749]
2984,2.9849999999997823,[-1.64362551  0.609726  ],[-0.74685951 -0.61232478],[0.20382897 0.29769928],[0.0103182  0.10726201]
2985,2.985999999999782,[-1.64437216  0.60911397],[-0.74665535 -0.61202739],[0.20415635 0.29739701],[0.01039619 0.10715655]
2986,2.986999999999782,[-1.64511861  0.60850224],[-0.74645087 -0.61173029],[0.20448361 0.29709559],[0.01047415 0.10705109]
2987,2.987999999999782,[-1.64586486  0.60789081],[-0.74624606 -0.61143349],[0.20481074 0.29679503],[0.01055209 0.10694564]
2988,2.988999999999782,[-1.6466109   0.60727967],[-0.74604092 -0.611137  ],[0.20513776 0.29649532],[0.01063001 0.10684019]
2989,2.9899999999997817,[-1.64735673  0.60666883],[-0.74583545 -0.6108408 ],[0.20546465 0.29619648],[0.0107079  0.10673476]
2990,2.9909999999997816,[-1.64810236  0.60605828],[-0.74562966 -0.6105449 ],[0.20579142 0.29589849],[0.01078577 0.10662933]
2991,2.9919999999997815,[-1.64884779  0.60544804],[-0.74542354 -0.6102493 ],[0.20611807 0.29560137],[0.01086362 0.10652391]
2992,2.9929999999997814,[-1.649593    0.60483808],[-0.7452171 -0.609954 ],[0.2064446  0.29530511],[0.01094144 0.1064185 ]
2993,2.9939999999997813,[-1.65033801  0.60422842],[-0.74501033 -0.60965899],[0.20677101 0.29500972],[0.01101923 0.1063131 ]
2994,2.994999999999781,[-1.65108282  0.60361906],[-0.74480323 -0.60936427],[0.20709731 0.2947152 ],[0.011097   0.10620771]
2995,2.995999999999781,[-1.65182741  0.60300999],[-0.74459581 -0.60906985],[0.20742348 0.29442156],[0.01117475 0.10610233]
2996,2.996999999999781,[-1.6525718   0.60240121],[-0.74438806 -0.60877572],[0.20774953 0.2941288 ],[0.01125247 0.10599695]
2997,2.997999999999781,[-1.65331598  0.60179273],[-0.74417998 -0.60848189],[0.20807546 0.29383691],[0.01133017 0.10589159]
2998,2.9989999999997807,[-1.65405995  0.60118454],[-0.74397158 -0.60818834],[0.20840128 0.2935459 ],[0.01140784 0.10578623]
2999,2.9999999999997806,[-1.65480372  0.60057665],[-0.74376285 -0.60789508],[0.20872698 0.29325577],[0.01148549 0.10568088]
3000,3.0009999999997805,[-1.65554727  0.59996905],[-0.7435538  -0.60760212],[0.20905256 0.29296653],[0.01156312 0.10557554]
3001,3.0019999999997804,[-1.65629061  0.59936174],[-0.74334442 -0.60730944],[0.20937802 0.29267818],[0.01164072 0.10547021]
3002,3.0029999999997803,[-1.65703375  0.59875472],[-0.74313472 -0.60701705],[0.20970337 0.29239072],[0.0117183  0.10536489]
3003,3.00399999999978,[-1.65777667  0.59814799],[-0.74292469 -0.60672494],[0.21002859 0.29210415],[0.01179585 0.10525958]
3004,3.00499999999978,[-1.65851939  0.59754156],[-0.74271434 -0.60643313],[0.2103537  0.29181847],[0.01187337 0.10515428]
3005,3.00599999999978,[-1.65926189  0.59693542],[-0.74250366 -0.60614159],[0.2106787  0.29153368],[0.01195088 0.10504899]
3006,3.00699999999978,[-1.66000418  0.59632957],[-0.74229266 -0.60585034],[0.21100358 0.29124979],[0.01202835 0.1049437 ]
3007,3.0079999999997797,[-1.66074627  0.59572401],[-0.74208133 -0.60555938],[0.21132834 0.2909668 ],[0.01210581 0.10483843]
3008,3.0089999999997796,[-1.66148814  0.59511874],[-0.74186967 -0.60526869],[0.21165298 0.29068471],[0.01218324 0.10473317]
3009,3.0099999999997795,[-1.66222979  0.59451376],[-0.7416577  -0.60497829],[0.21197751 0.29040353],[0.01226064 0.10462791]
3010,3.0109999999997794,[-1.66297124  0.59390907],[-0.74144539 -0.60468816],[0.21230193 0.29012324],[0.01233802 0.10452267]
3011,3.0119999999997793,[-1.66371247  0.59330468],[-0.74123277 -0.60439832],[0.21262623 0.28984387],[0.01241537 0.10441743]
3012,3.012999999999779,[-1.66445349  0.59270057],[-0.74101982 -0.60410876],[0.21295041 0.28956539],[0.0124927 0.1043122]
3013,3.013999999999779,[-1.6651943   0.59209675],[-0.74080654 -0.60381947],[0.21327448 0.28928783],[0.01257001 0.10420699]
3014,3.014999999999779,[-1.66593489  0.59149322],[-0.74059294 -0.60353046],[0.21359844 0.28901118],[0.01264729 0.10410178]
3015,3.015999999999779,[-1.66667527  0.59088998],[-0.74037902 -0.60324172],[0.21392228 0.28873543],[0.01272454 0.10399659]
3016,3.0169999999997787,[-1.66741543  0.59028702],[-0.74016478 -0.60295326],[0.21424601 0.2884606 ],[0.01280177 0.1038914 ]
3017,3.0179999999997786,[-1.66815538  0.58968436],[-0.73995021 -0.60266507],[0.21456962 0.28818669],[0.01287898 0.10378622]
3018,3.0189999999997785,[-1.66889512  0.58908198],[-0.73973531 -0.60237716],[0.21489312 0.28791369],[0.01295616 0.10368106]
3019,3.0199999999997784,[-1.66963464  0.58847989],[-0.7395201  -0.60208952],[0.21521651 0.2876416 ],[0.01303331 0.1035759 ]
3020,3.0209999999997783,[-1.67037394  0.58787809],[-0.73930456 -0.60180215],[0.21553978 0.28737043],[0.01311044 0.10347076]
3021,3.021999999999778,[-1.67111303  0.58727657],[-0.73908869 -0.60151505],[0.21586294 0.28710019],[0.01318755 0.10336562]
3022,3.022999999999778,[-1.67185191  0.58667535],[-0.73887251 -0.60122822],[0.21618599 0.28683086],[0.01326463 0.1032605 ]
3023,3.023999999999778,[-1.67259056  0.5860744 ],[-0.738656   -0.60094165],[0.21650892 0.28656245],[0.01334168 0.10315538]
3024,3.024999999999778,[-1.673329    0.58547375],[-0.73843917 -0.60065536],[0.21683175 0.28629496],[0.01341871 0.10305028]
3025,3.0259999999997778,[-1.67406722  0.58487338],[-0.73822201 -0.60036933],[0.21715446 0.2860284 ],[0.01349572 0.10294518]
3026,3.0269999999997776,[-1.67480523  0.5842733 ],[-0.73800454 -0.60008357],[0.21747706 0.28576276],[0.0135727 0.1028401]
3027,3.0279999999997775,[-1.67554301  0.5836735 ],[-0.73778674 -0.59979807],[0.21779954 0.28549804],[0.01364965 0.10273503]
3028,3.0289999999997774,[-1.67628058  0.58307398],[-0.73756861 -0.59951284],[0.21812192 0.28523425],[0.01372658 0.10262997]
3029,3.0299999999997773,[-1.67701793  0.58247476],[-0.73735017 -0.59922786],[0.21844418 0.28497139],[0.01380348 0.10252491]
3030,3.030999999999777,[-1.67775506  0.58187581],[-0.7371314  -0.59894316],[0.21876633 0.28470945],[0.01388036 0.10241987]
3031,3.031999999999777,[-1.67849198  0.58127715],[-0.73691232 -0.59865871],[0.21908837 0.28444844],[0.01395721 0.10231484]
3032,3.032999999999777,[-1.67922867  0.58067878],[-0.73669291 -0.59837452],[0.2194103  0.28418836],[0.01403404 0.10220983]
3033,3.033999999999777,[-1.67996514  0.58008069],[-0.73647317 -0.59809059],[0.21973212 0.28392921],[0.01411085 0.10210482]
3034,3.0349999999997768,[-1.6807014   0.57948288],[-0.73625312 -0.59780692],[0.22005383 0.28367099],[0.01418762 0.10199982]
3035,3.0359999999997767,[-1.68143743  0.57888536],[-0.73603274 -0.5975235 ],[0.22037543 0.28341369],[0.01426437 0.10189483]
3036,3.0369999999997765,[-1.68217324  0.57828812],[-0.73581205 -0.59724035],[0.22069692 0.28315733],[0.0143411  0.10178986]
3037,3.0379999999997764,[-1.68290883  0.57769116],[-0.73559103 -0.59695745],[0.2210183 0.2829019],[0.0144178 0.1016849]
3038,3.0389999999997763,[-1.6836442   0.57709449],[-0.73536969 -0.5966748 ],[0.22133957 0.28264741],[0.01449448 0.10157994]
3039,3.039999999999776,[-1.68437935  0.57649809],[-0.73514803 -0.5963924 ],[0.22166072 0.28239384],[0.01457113 0.101475  ]
3040,3.040999999999776,[-1.68511428  0.57590198],[-0.73492605 -0.59611026],[0.22198177 0.28214121],[0.01464775 0.10137007]
3041,3.041999999999776,[-1.68584898  0.57530616],[-0.73470374 -0.59582837],[0.22230271 0.28188951],[0.01472435 0.10126516]
3042,3.042999999999776,[-1.68658346  0.57471061],[-0.73448112 -0.59554673],[0.22262354 0.28163874],[0.01480092 0.10116025]
3043,3.0439999999997758,[-1.68731772  0.57411534],[-0.73425818 -0.59526535],[0.22294426 0.28138891],[0.01487747 0.10105535]
3044,3.0449999999997757,[-1.68805175  0.57352036],[-0.73403491 -0.59498421],[0.22326487 0.28114001],[0.01495399 0.10095047]
3045,3.0459999999997756,[-1.68878557  0.57292566],[-0.73381133 -0.59470331],[0.22358537 0.28089204],[0.01503049 0.1008456 ]
3046,3.0469999999997754,[-1.68951915  0.57233123],[-0.73358742 -0.59442267],[0.22390577 0.28064501],[0.01510696 0.10074074]
3047,3.0479999999997753,[-1.69025252  0.57173709],[-0.73336319 -0.59414227],[0.22422605 0.28039891],[0.01518341 0.10063589]
3048,3.0489999999997752,[-1.69098565  0.57114323],[-0.73313865 -0.59386212],[0.22454623 0.28015375],[0.01525983 0.10053105]
3049,3.049999999999775,[-1.69171857  0.57054965],[-0.73291378 -0.59358221],[0.22486629 0.27990952],[0.01533622 0.10042623]
3050,3.050999999999775,[-1.69245126  0.56995634],[-0.7326886  -0.59330254],[0.22518625 0.27966622],[0.01541259 0.10032141]
3051,3.051999999999775,[-1.69318372  0.56936332],[-0.73246309 -0.59302312],[0.2255061  0.27942386],[0.01548893 0.10021661]
3052,3.052999999999775,[-1.69391596  0.56877058],[-0.73223726 -0.59274393],[0.22582584 0.27918244],[0.01556525 0.10011182]
3053,3.0539999999997747,[-1.69464797  0.56817811],[-0.73201112 -0.59246499],[0.22614548 0.27894195],[0.01564154 0.10000705]
3054,3.0549999999997746,[-1.69537975  0.56758593],[-0.73178465 -0.59218629],[0.226465   0.27870239],[0.0157178  0.09990228]
3055,3.0559999999997745,[-1.69611131  0.56699402],[-0.73155787 -0.59190783],[0.22678442 0.27846377],[0.01579404 0.09979753]
3056,3.0569999999997743,[-1.69684264  0.56640239],[-0.73133077 -0.5916296 ],[0.22710373 0.27822608],[0.01587025 0.09969279]
3057,3.0579999999997742,[-1.69757374  0.56581104],[-0.73110334 -0.59135161],[0.22742294 0.27798933],[0.01594644 0.09958806]
3058,3.058999999999774,[-1.69830462  0.56521996],[-0.7308756  -0.59107386],[0.22774203 0.27775351],[0.0160226  0.09948334]
3059,3.059999999999774,[-1.69903527  0.56462917],[-0.73064754 -0.59079634],[0.22806102 0.27751862],[0.01609873 0.09937864]
3060,3.060999999999774,[-1.69976569  0.56403865],[-0.73041916 -0.59051905],[0.2283799  0.27728466],[0.01617484 0.09927395]
3061,3.061999999999774,[-1.70049588  0.56344841],[-0.73019046 -0.590242  ],[0.22869867 0.27705164],[0.01625092 0.09916927]
3062,3.0629999999997737,[-1.70122584  0.56285844],[-0.72996144 -0.58996518],[0.22901734 0.27681955],[0.01632698 0.0990646 ]
3063,3.0639999999997736,[-1.70195557  0.56226875],[-0.72973211 -0.58968859],[0.2293359 0.2765884],[0.01640301 0.09895995]
3064,3.0649999999997735,[-1.70268507  0.56167934],[-0.72950245 -0.58941224],[0.22965435 0.27635817],[0.01647901 0.09885531]
3065,3.0659999999997734,[-1.70341435  0.5610902 ],[-0.72927248 -0.58913611],[0.22997269 0.27612888],[0.01655499 0.09875068]
3066,3.0669999999997732,[-1.70414339  0.56050134],[-0.72904219 -0.58886021],[0.23029093 0.27590052],[0.01663094 0.09864606]
3067,3.067999999999773,[-1.7048722   0.55991276],[-0.72881158 -0.58858453],[0.23060906 0.27567309],[0.01670687 0.09854146]
3068,3.068999999999773,[-1.70560078  0.55932445],[-0.72858065 -0.58830909],[0.23092709 0.27544658],[0.01678276 0.09843687]
3069,3.069999999999773,[-1.70632913  0.55873642],[-0.72834941 -0.58803387],[0.231245   0.27522101],[0.01685864 0.09833229]
3070,3.070999999999773,[-1.70705725  0.55814866],[-0.72811785 -0.58775887],[0.23156281 0.27499637],[0.01693448 0.09822773]
3071,3.0719999999997727,[-1.70778513  0.55756117],[-0.72788596 -0.5874841 ],[0.23188052 0.27477265],[0.0170103  0.09812317]
3072,3.0729999999997726,[-1.70851279  0.55697396],[-0.72765377 -0.58720955],[0.23219812 0.27454986],[0.0170861  0.09801864]
3073,3.0739999999997725,[-1.70924021  0.55638703],[-0.72742125 -0.58693522],[0.23251561 0.274328  ],[0.01716186 0.09791411]
3074,3.0749999999997724,[-1.7099674   0.55580037],[-0.72718842 -0.58666111],[0.23283299 0.27410707],[0.0172376 0.0978096]
3075,3.0759999999997722,[-1.71069435  0.55521398],[-0.72695527 -0.58638722],[0.23315027 0.27388706],[0.01731332 0.0977051 ]
3076,3.076999999999772,[-1.71142107  0.55462787],[-0.7267218  -0.58611356],[0.23346744 0.27366798],[0.017389   0.09760061]
3077,3.077999999999772,[-1.71214756  0.55404203],[-0.72648802 -0.58584011],[0.23378451 0.27344982],[0.01746467 0.09749614]
3078,3.078999999999772,[-1.71287382  0.55345646],[-0.72625391 -0.58556687],[0.23410147 0.27323258],[0.0175403  0.09739168]
3079,3.079999999999772,[-1.71359984  0.55287117],[-0.7260195  -0.58529386],[0.23441832 0.27301627],[0.01761591 0.09728723]
3080,3.0809999999997717,[-1.71432562  0.55228614],[-0.72578476 -0.58502106],[0.23473507 0.27280088],[0.01769149 0.0971828 ]
3081,3.0819999999997716,[-1.71505117  0.5517014 ],[-0.72554971 -0.58474847],[0.23505171 0.27258641],[0.01776704 0.09707838]
3082,3.0829999999997715,[-1.71577648  0.55111692],[-0.72531434 -0.5844761 ],[0.23536825 0.27237286],[0.01784257 0.09697398]
3083,3.0839999999997714,[-1.71650156  0.55053272],[-0.72507866 -0.58420394],[0.23568468 0.27216024],[0.01791807 0.09686959]
3084,3.0849999999997713,[-1.71722641  0.54994878],[-0.72484266 -0.58393199],[0.236001   0.27194852],[0.01799355 0.09676521]
3085,3.085999999999771,[-1.71795101  0.54936512],[-0.72460634 -0.58366025],[0.23631722 0.27173773],[0.018069   0.09666084]
3086,3.086999999999771,[-1.71867538  0.54878173],[-0.7243697  -0.58338872],[0.23663333 0.27152786],[0.01814442 0.09655649]
3087,3.087999999999771,[-1.71939951  0.54819862],[-0.72413276 -0.5831174 ],[0.23694933 0.2713189 ],[0.01821981 0.09645216]
3088,3.088999999999771,[-1.72012341  0.54761577],[-0.72389549 -0.58284629],[0.23726523 0.27111085],[0.01829518 0.09634783]
3089,3.0899999999997707,[-1.72084707  0.5470332 ],[-0.72365791 -0.58257539],[0.23758103 0.27090372],[0.01837052 0.09624352]
3090,3.0909999999997706,[-1.72157049  0.54645089],[-0.72342001 -0.58230469],[0.23789672 0.2706975 ],[0.01844583 0.09613923]
3091,3.0919999999997705,[-1.72229367  0.54586886],[-0.7231818 -0.5820342],[0.2382123  0.27049219],[0.01852112 0.09603495]
3092,3.0929999999997704,[-1.72301661  0.54528709],[-0.72294327 -0.58176391],[0.23852778 0.2702878 ],[0.01859638 0.09593068]
3093,3.0939999999997703,[-1.72373932  0.5447056 ],[-0.72270443 -0.58149383],[0.23884315 0.27008431],[0.01867161 0.09582643]
3094,3.09499999999977,[-1.72446178  0.54412438],[-0.72246527 -0.58122395],[0.23915841 0.26988173],[0.01874682 0.09572219]
3095,3.09599999999977,[-1.72518401  0.54354342],[-0.7222258  -0.58095427],[0.23947357 0.26968006],[0.018822   0.09561796]
3096,3.09699999999977,[-1.72590599  0.54296274],[-0.72198601 -0.58068479],[0.23978863 0.2694793 ],[0.01889715 0.09551375]
3097,3.09799999999977,[-1.72662774  0.54238232],[-0.72174591 -0.58041551],[0.24010358 0.26927944],[0.01897227 0.09540956]
3098,3.0989999999997697,[-1.72734925  0.54180217],[-0.72150549 -0.58014643],[0.24041842 0.26908048],[0.01904737 0.09530538]
3099,3.0999999999997696,[-1.72807051  0.5412223 ],[-0.72126475 -0.57987754],[0.24073316 0.26888243],[0.01912244 0.09520121]
3100,3.1009999999997695,[-1.72879153  0.54064269],[-0.72102371 -0.57960886],[0.24104779 0.26868528],[0.01919749 0.09509706]
3101,3.1019999999997694,[-1.72951232  0.54006335],[-0.72078234 -0.57934037],[0.24136231 0.26848903],[0.0192725  0.09499292]
3102,3.1029999999997693,[-1.73023286  0.53948428],[-0.72054067 -0.57907208],[0.24167673 0.26829368],[0.01934749 0.09488879]
3103,3.103999999999769,[-1.73095316  0.53890547],[-0.72029868 -0.57880398],[0.24199105 0.26809923],[0.01942245 0.09478468]
3104,3.104999999999769,[-1.73167321  0.53832694],[-0.72005637 -0.57853607],[0.24230526 0.26790567],[0.01949739 0.09468059]
3105,3.105999999999769,[-1.73239303  0.53774867],[-0.71981375 -0.57826836],[0.24261936 0.26771301],[0.0195723  0.09457651]
3106,3.106999999999769,[-1.7331126   0.53717067],[-0.71957082 -0.57800084],[0.24293336 0.26752124],[0.01964718 0.09447244]
3107,3.1079999999997687,[-1.73383192  0.53659293],[-0.71932757 -0.57773351],[0.24324725 0.26733037],[0.01972203 0.09436839]
3108,3.1089999999997686,[-1.73455101  0.53601547],[-0.71908401 -0.57746637],[0.24356104 0.26714039],[0.01979686 0.09426436]
3109,3.1099999999997685,[-1.73526985  0.53543827],[-0.71884013 -0.57719942],[0.24387472 0.26695129],[0.01987165 0.09416034]
3110,3.1109999999997684,[-1.73598844  0.53486133],[-0.71859595 -0.57693265],[0.24418829 0.26676309],[0.01994642 0.09405633]
3111,3.1119999999997683,[-1.7367068   0.53428467],[-0.71835144 -0.57666608],[0.24450176 0.26657577],[0.02002117 0.09395234]
3112,3.112999999999768,[-1.7374249   0.53370827],[-0.71810663 -0.57639969],[0.24481512 0.26638934],[0.02009588 0.09384837]
3113,3.113999999999768,[-1.73814276  0.53313213],[-0.7178615  -0.57613348],[0.24512838 0.26620379],[0.02017057 0.09374441]
3114,3.114999999999768,[-1.73886038  0.53255627],[-0.71761606 -0.57586746],[0.24544153 0.26601913],[0.02024523 0.09364046]
3115,3.115999999999768,[-1.73957775  0.53198067],[-0.7173703  -0.57560163],[0.24575458 0.26583535],[0.02031987 0.09353653]
3116,3.1169999999997677,[-1.74029487  0.53140533],[-0.71712424 -0.57533598],[0.24606752 0.26565244],[0.02039447 0.09343262]
3117,3.1179999999997676,[-1.74101175  0.53083026],[-0.71687786 -0.57507051],[0.24638035 0.26547042],[0.02046905 0.09332872]
3118,3.1189999999997675,[-1.74172838  0.53025545],[-0.71663116 -0.57480522],[0.24669308 0.26528927],[0.0205436  0.09322483]
3119,3.1199999999997674,[-1.74244477  0.52968091],[-0.71638416 -0.57454011],[0.2470057 0.265109 ],[0.02061812 0.09312096]
3120,3.1209999999997673,[-1.7431609   0.52910664],[-0.71613684 -0.57427518],[0.24731822 0.26492961],[0.02069262 0.09301711]
3121,3.121999999999767,[-1.74387679  0.52853263],[-0.71588921 -0.57401043],[0.24763063 0.26475108],[0.02076709 0.09291327]
3122,3.122999999999767,[-1.74459244  0.52795888],[-0.71564127 -0.57374585],[0.24794293 0.26457343],[0.02084153 0.09280945]
3123,3.123999999999767,[-1.74530783  0.5273854 ],[-0.71539301 -0.57348146],[0.24825513 0.26439664],[0.02091594 0.09270564]
3124,3.124999999999767,[-1.74602297  0.52681218],[-0.71514444 -0.57321724],[0.24856722 0.26422073],[0.02099032 0.09260185]
3125,3.1259999999997667,[-1.74673787  0.52623923],[-0.71489556 -0.57295319],[0.24887921 0.26404568],[0.02106468 0.09249808]
3126,3.1269999999997666,[-1.74745251  0.52566654],[-0.71464637 -0.57268932],[0.24919109 0.26387149],[0.02113901 0.09239432]
3127,3.1279999999997665,[-1.74816691  0.52509412],[-0.71439687 -0.57242562],[0.24950286 0.26369817],[0.02121331 0.09229057]
3128,3.1289999999997664,[-1.74888106  0.52452195],[-0.71414706 -0.5721621 ],[0.24981453 0.26352571],[0.02128758 0.09218684]
3129,3.1299999999997663,[-1.74959496  0.52395005],[-0.71389693 -0.57189874],[0.25012609 0.26335411],[0.02136183 0.09208313]
3130,3.130999999999766,[-1.7503086   0.52337842],[-0.71364649 -0.57163556],[0.25043754 0.26318337],[0.02143605 0.09197944]
3131,3.131999999999766,[-1.751022    0.52280705],[-0.71339574 -0.57137254],[0.25074889 0.26301348],[0.02151024 0.09187576]
3132,3.132999999999766,[-1.75173514  0.52223594],[-0.71314468 -0.5711097 ],[0.25106013 0.26284445],[0.0215844  0.09177209]
3133,3.133999999999766,[-1.75244804  0.52166509],[-0.71289331 -0.57084702],[0.25137126 0.26267627],[0.02165853 0.09166844]
3134,3.1349999999997658,[-1.75316068  0.52109451],[-0.71264163 -0.57058451],[0.25168229 0.26250894],[0.02173264 0.09156481]
3135,3.1359999999997656,[-1.75387307  0.52052418],[-0.71238964 -0.57032217],[0.25199321 0.26234247],[0.02180671 0.0914612 ]
3136,3.1369999999997655,[-1.7545852   0.51995412],[-0.71213733 -0.57006   ],[0.25230403 0.26217684],[0.02188076 0.0913576 ]
3137,3.1379999999997654,[-1.75529709  0.51938433],[-0.71188472 -0.56979798],[0.25261474 0.26201206],[0.02195478 0.09125401]
3138,3.1389999999997653,[-1.75600872  0.51881479],[-0.71163179 -0.56953614],[0.25292534 0.26184812],[0.02202878 0.09115045]
3139,3.139999999999765,[-1.7567201   0.51824551],[-0.71137856 -0.56927445],[0.25323583 0.26168503],[0.02210274 0.09104689]
3140,3.140999999999765,[-1.75743122  0.5176765 ],[-0.71112501 -0.56901293],[0.25354622 0.26152277],[0.02217668 0.09094336]
3141,3.141999999999765,[-1.7581421   0.51710775],[-0.71087115 -0.56875157],[0.2538565  0.26136136],[0.02225059 0.09083984]
3142,3.142999999999765,[-1.75885271  0.51653926],[-0.71061699 -0.56849037],[0.25416668 0.26120079],[0.02232447 0.09073634]
3143,3.1439999999997648,[-1.75956308  0.51597103],[-0.71036251 -0.56822932],[0.25447674 0.26104105],[0.02239832 0.09063286]
3144,3.1449999999997647,[-1.76027318  0.51540306],[-0.71010772 -0.56796844],[0.2547867  0.26088214],[0.02247214 0.09052939]
3145,3.1459999999997645,[-1.76098304  0.51483535],[-0.70985263 -0.56770772],[0.25509656 0.26072407],[0.02254594 0.09042594]
3146,3.1469999999997644,[-1.76169263  0.51426791],[-0.70959722 -0.56744715],[0.2554063  0.26056683],[0.0226197 0.0903225]
3147,3.1479999999997643,[-1.76240197  0.51370072],[-0.70934151 -0.56718674],[0.25571594 0.26041041],[0.02269344 0.09021909]
3148,3.148999999999764,[-1.76311106  0.51313379],[-0.70908548 -0.56692649],[0.25602547 0.26025483],[0.02276715 0.09011569]
3149,3.149999999999764,[-1.76381989  0.51256713],[-0.70882915 -0.56666639],[0.25633489 0.26010007],[0.02284083 0.0900123 ]
3150,3.150999999999764,[-1.76452846  0.51200072],[-0.7085725  -0.56640644],[0.25664421 0.25994613],[0.02291449 0.08990893]
3151,3.151999999999764,[-1.76523678  0.51143457],[-0.70831555 -0.56614665],[0.25695342 0.25979301],[0.02298811 0.08980558]
3152,3.1529999999997638,[-1.76594484  0.51086869],[-0.70805828 -0.56588701],[0.25726252 0.25964072],[0.02306171 0.08970225]
3153,3.1539999999997637,[-1.76665264  0.51030306],[-0.70780071 -0.56562752],[0.25757151 0.25948924],[0.02313528 0.08959893]
3154,3.1549999999997635,[-1.76736018  0.50973769],[-0.70754283 -0.56536818],[0.2578804  0.25933858],[0.02320881 0.08949564]
3155,3.1559999999997634,[-1.76806746  0.50917258],[-0.70728464 -0.56510899],[0.25818917 0.25918873],[0.02328233 0.08939235]
3156,3.1569999999997633,[-1.76877449  0.50860773],[-0.70702615 -0.56484995],[0.25849784 0.2590397 ],[0.02335581 0.08928909]
3157,3.157999999999763,[-1.76948126  0.50804314],[-0.70676734 -0.56459106],[0.2588064  0.25889147],[0.02342926 0.08918584]
3158,3.158999999999763,[-1.77018777  0.50747881],[-0.70650822 -0.56433231],[0.25911485 0.25874406],[0.02350269 0.08908261]
3159,3.159999999999763,[-1.77089401  0.50691474],[-0.7062488  -0.56407372],[0.2594232  0.25859745],[0.02357608 0.0889794 ]
3160,3.160999999999763,[-1.7716      0.50635092],[-0.70598907 -0.56381527],[0.25973143 0.25845164],[0.02364945 0.0888762 ]
3161,3.161999999999763,[-1.77230573  0.50578736],[-0.70572903 -0.56355696],[0.26003956 0.25830664],[0.02372279 0.08877303]
3162,3.1629999999997627,[-1.7730112   0.50522406],[-0.70546868 -0.5632988 ],[0.26034758 0.25816244],[0.0237961  0.08866987]
3163,3.1639999999997626,[-1.77371641  0.50466102],[-0.70520803 -0.56304078],[0.26065549 0.25801904],[0.02386938 0.08856672]
3164,3.1649999999997624,[-1.77442136  0.50409824],[-0.70494706 -0.5627829 ],[0.26096329 0.25787644],[0.02394263 0.0884636 ]
3165,3.1659999999997623,[-1.77512604  0.50353572],[-0.70468579 -0.56252517],[0.26127099 0.25773463],[0.02401585 0.08836049]
3166,3.1669999999997622,[-1.77583047  0.50297345],[-0.70442421 -0.56226757],[0.26157857 0.25759361],[0.02408905 0.0882574 ]
3167,3.167999999999762,[-1.77653463  0.50241144],[-0.70416233 -0.56201012],[0.26188605 0.25745339],[0.02416221 0.08815433]
3168,3.168999999999762,[-1.77723853  0.50184969],[-0.70390014 -0.56175281],[0.26219341 0.25731396],[0.02423535 0.08805127]
3169,3.169999999999762,[-1.77794217  0.50128819],[-0.70363763 -0.56149563],[0.26250067 0.25717531],[0.02430846 0.08794824]
3170,3.170999999999762,[-1.77864554  0.50072695],[-0.70337483 -0.56123859],[0.26280782 0.25703745],[0.02438154 0.08784522]
3171,3.1719999999997617,[-1.77934865  0.50016597],[-0.70311171 -0.56098169],[0.26311486 0.25690038],[0.02445459 0.08774222]
3172,3.1729999999997616,[-1.7800515   0.49960524],[-0.70284829 -0.56072493],[0.26342179 0.25676408],[0.02452761 0.08763924]
3173,3.1739999999997615,[-1.78075409  0.49904478],[-0.70258456 -0.5604683 ],[0.26372861 0.25662857],[0.0246006  0.08753627]
3174,3.1749999999997613,[-1.78145641  0.49848456],[-0.70232053 -0.56021181],[0.26403532 0.25649383],[0.02467356 0.08743333]
3175,3.1759999999997612,[-1.78215846  0.49792461],[-0.70205618 -0.55995545],[0.26434192 0.25635987],[0.0247465 0.0873304]
3176,3.176999999999761,[-1.78286025  0.49736491],[-0.70179154 -0.55969922],[0.26464841 0.25622668],[0.0248194  0.08722749]
3177,3.177999999999761,[-1.78356178  0.49680547],[-0.70152658 -0.55944312],[0.2649548  0.25609427],[0.02489228 0.08712459]
3178,3.178999999999761,[-1.78426304  0.49624628],[-0.70126132 -0.55918716],[0.26526107 0.25596263],[0.02496512 0.08702172]
3179,3.179999999999761,[-1.78496404  0.49568735],[-0.70099575 -0.55893133],[0.26556723 0.25583175],[0.02503794 0.08691887]
3180,3.1809999999997607,[-1.78566477  0.49512867],[-0.70072988 -0.55867563],[0.26587328 0.25570164],[0.02511073 0.08681603]
3181,3.1819999999997606,[-1.78636523  0.49457025],[-0.7004637  -0.55842006],[0.26617922 0.2555723 ],[0.02518349 0.08671321]
3182,3.1829999999997605,[-1.78706543  0.49401209],[-0.70019722 -0.55816461],[0.26648505 0.25544371],[0.02525621 0.08661041]
3183,3.1839999999997604,[-1.78776536  0.49345418],[-0.69993042 -0.5579093 ],[0.26679077 0.25531589],[0.02532891 0.08650763]
3184,3.1849999999997602,[-1.78846502  0.49289652],[-0.69966333 -0.55765411],[0.26709638 0.25518883],[0.02540158 0.08640487]
3185,3.18599999999976,[-1.78916442  0.49233913],[-0.69939593 -0.55739905],[0.26740188 0.25506252],[0.02547423 0.08630212]
3186,3.18699999999976,[-1.78986355  0.49178198],[-0.69912822 -0.55714411],[0.26770727 0.25493697],[0.02554684 0.0861994 ]
3187,3.18799999999976,[-1.79056241  0.49122509],[-0.69886021 -0.5568893 ],[0.26801255 0.25481217],[0.02561942 0.08609669]
3188,3.18899999999976,[-1.791261    0.49066846],[-0.69859189 -0.55663461],[0.26831772 0.25468812],[0.02569197 0.085994  ]
3189,3.1899999999997597,[-1.79195932  0.49011208],[-0.69832327 -0.55638004],[0.26862277 0.25456481],[0.0257645  0.08589133]
3190,3.1909999999997596,[-1.79265738  0.48955595],[-0.69805434 -0.5561256 ],[0.26892772 0.25444226],[0.02583699 0.08578868]
3191,3.1919999999997595,[-1.79335516  0.48900008],[-0.69778511 -0.55587128],[0.26923255 0.25432045],[0.02590946 0.08568605]
3192,3.1929999999997594,[-1.79405268  0.48844446],[-0.69751557 -0.55561708],[0.26953727 0.25419938],[0.02598189 0.08558344]
3193,3.1939999999997593,[-1.79474992  0.4878891 ],[-0.69724573 -0.555363  ],[0.26984189 0.25407905],[0.0260543  0.08548085]
3194,3.194999999999759,[-1.7954469   0.48733399],[-0.69697558 -0.55510904],[0.27014639 0.25395946],[0.02612667 0.08537827]
3195,3.195999999999759,[-1.7961436   0.48677914],[-0.69670513 -0.5548552 ],[0.27045077 0.25384061],[0.02619902 0.08527572]
3196,3.196999999999759,[-1.79684004  0.48622453],[-0.69643437 -0.55460148],[0.27075505 0.25372249],[0.02627133 0.08517318]
3197,3.197999999999759,[-1.7975362   0.48567019],[-0.69616331 -0.55434787],[0.27105921 0.25360511],[0.02634362 0.08507066]
3198,3.1989999999997587,[-1.79823209  0.48511609],[-0.69589195 -0.55409439],[0.27136326 0.25348845],[0.02641588 0.08496817]
3199,3.1999999999997586,[-1.79892771  0.48456225],[-0.69562028 -0.55384101],[0.2716672  0.25337252],[0.02648811 0.08486569]
3200,3.2009999999997585,[-1.79962306  0.48400866],[-0.69534831 -0.55358776],[0.27197103 0.25325732],[0.0265603  0.08476323]
3201,3.2019999999997584,[-1.80031814  0.48345533],[-0.69507604 -0.55333461],[0.27227475 0.25314285],[0.02663247 0.08466079]
3202,3.2029999999997583,[-1.80101294  0.48290225],[-0.69480346 -0.55308158],[0.27257835 0.2530291 ],[0.02670461 0.08455837]
3203,3.203999999999758,[-1.80170747  0.48234942],[-0.69453058 -0.55282867],[0.27288184 0.25291606],[0.02677672 0.08445597]
3204,3.204999999999758,[-1.80240173  0.48179684],[-0.69425739 -0.55257586],[0.27318522 0.25280375],[0.0268488  0.08435359]
3205,3.205999999999758,[-1.80309571  0.48124452],[-0.6939839  -0.55232317],[0.27348848 0.25269215],[0.02692085 0.08425123]
3206,3.206999999999758,[-1.80378942  0.48069245],[-0.69371011 -0.55207059],[0.27379164 0.25258127],[0.02699287 0.08414889]
3207,3.2079999999997577,[-1.80448286  0.48014063],[-0.69343602 -0.55181812],[0.27409467 0.2524711 ],[0.02706485 0.08404656]
3208,3.2089999999997576,[-1.80517602  0.47958907],[-0.69316162 -0.55156576],[0.2743976  0.25236164],[0.02713681 0.08394426]
3209,3.2099999999997575,[-1.80586891  0.47903775],[-0.69288692 -0.55131351],[0.27470041 0.25225289],[0.02720874 0.08384198]
3210,3.2109999999997574,[-1.80656152  0.47848669],[-0.69261192 -0.55106136],[0.27500311 0.25214484],[0.02728064 0.08373972]
3211,3.2119999999997573,[-1.80725386  0.47793588],[-0.69233661 -0.55080932],[0.2753057 0.2520375],[0.02735251 0.08363747]
3212,3.212999999999757,[-1.80794592  0.47738532],[-0.692061   -0.55055739],[0.27560817 0.25193086],[0.02742435 0.08353525]
3213,3.213999999999757,[-1.8086377   0.47683502],[-0.69178509 -0.55030557],[0.27591053 0.25182492],[0.02749616 0.08343305]
3214,3.214999999999757,[-1.80932921  0.47628496],[-0.69150888 -0.55005385],[0.27621277 0.25171969],[0.02756794 0.08333087]
3215,3.215999999999757,[-1.81002044  0.47573516],[-0.69123237 -0.54980223],[0.2765149  0.25161514],[0.02763969 0.0832287 ]
3216,3.2169999999997567,[-1.8107114   0.47518561],[-0.69095555 -0.54955072],[0.27681692 0.2515113 ],[0.02771141 0.08312656]
3217,3.2179999999997566,[-1.81140208  0.47463631],[-0.69067843 -0.54929931],[0.27711882 0.25140814],[0.02778309 0.08302444]
3218,3.2189999999997565,[-1.81209248  0.47408726],[-0.69040101 -0.54904801],[0.27742061 0.25130568],[0.02785475 0.08292234]
3219,3.2199999999997564,[-1.8127826   0.47353847],[-0.69012329 -0.5487968 ],[0.27772228 0.2512039 ],[0.02792638 0.08282026]
3220,3.2209999999997563,[-1.81347245  0.47298992],[-0.68984526 -0.5485457 ],[0.27802384 0.25110281],[0.02799798 0.08271819]
3221,3.221999999999756,[-1.81416201  0.47244163],[-0.68956694 -0.5482947 ],[0.27832528 0.2510024 ],[0.02806955 0.08261615]
3222,3.222999999999756,[-1.8148513   0.47189358],[-0.68928831 -0.5480438 ],[0.27862661 0.25090268],[0.02814108 0.08251413]
3223,3.223999999999756,[-1.81554031  0.47134579],[-0.68900938 -0.54779299],[0.27892783 0.25080364],[0.02821259 0.08241213]
3224,3.224999999999756,[-1.81622904  0.47079825],[-0.68873015 -0.54754229],[0.27922893 0.25070528],[0.02828407 0.08231015]
3225,3.2259999999997557,[-1.81691749  0.47025096],[-0.68845062 -0.54729168],[0.27952991 0.25060759],[0.02835551 0.0822082 ]
3226,3.2269999999997556,[-1.81760566  0.46970391],[-0.68817079 -0.54704117],[0.27983078 0.25051058],[0.02842693 0.08210626]
3227,3.2279999999997555,[-1.81829355  0.46915712],[-0.68789066 -0.54679075],[0.28013153 0.25041424],[0.02849831 0.08200434]
3228,3.2289999999997554,[-1.81898116  0.46861058],[-0.68761023 -0.54654044],[0.28043217 0.25031857],[0.02856967 0.08190244]
3229,3.2299999999997553,[-1.81966849  0.46806429],[-0.6873295  -0.54629021],[0.28073269 0.25022357],[0.02864099 0.08180057]
3230,3.230999999999755,[-1.82035554  0.46751825],[-0.68704846 -0.54604008],[0.2810331  0.25012924],[0.02871229 0.08169871]
3231,3.231999999999755,[-1.82104231  0.46697246],[-0.68676713 -0.54579005],[0.28133339 0.25003557],[0.02878355 0.08159688]
3232,3.232999999999755,[-1.82172879  0.46642692],[-0.6864855 -0.5455401],[0.28163356 0.24994257],[0.02885478 0.08149507]
3233,3.233999999999755,[-1.822415    0.46588163],[-0.68620356 -0.54529025],[0.28193362 0.24985022],[0.02892599 0.08139327]
3234,3.2349999999997547,[-1.82310092  0.46533659],[-0.68592133 -0.5450405 ],[0.28223356 0.24975854],[0.02899716 0.0812915 ]
3235,3.2359999999997546,[-1.82378656  0.4647918 ],[-0.6856388  -0.54479083],[0.28253339 0.24966751],[0.0290683  0.08118975]
3236,3.2369999999997545,[-1.82447191  0.46424726],[-0.68535596 -0.54454125],[0.2828331  0.24957713],[0.02913941 0.08108802]
3237,3.2379999999997544,[-1.82515699  0.46370297],[-0.68507283 -0.54429176],[0.28313269 0.24948741],[0.02921049 0.08098632]
3238,3.2389999999997543,[-1.82584178  0.46315893],[-0.6847894  -0.54404237],[0.28343216 0.24939834],[0.02928154 0.08088463]
3239,3.239999999999754,[-1.82652628  0.46261513],[-0.68450567 -0.54379306],[0.28373152 0.24930992],[0.02935256 0.08078297]
3240,3.240999999999754,[-1.8272105   0.46207159],[-0.68422164 -0.54354383],[0.28403076 0.24922215],[0.02942355 0.08068132]
3241,3.241999999999754,[-1.82789444  0.46152829],[-0.68393731 -0.5432947 ],[0.28432989 0.24913502],[0.0294945 0.0805797]
3242,3.242999999999754,[-1.82857809  0.46098525],[-0.68365268 -0.54304565],[0.28462889 0.24904854],[0.02956543 0.0804781 ]
3243,3.2439999999997537,[-1.82926146  0.46044245],[-0.68336775 -0.54279669],[0.28492778 0.24896269],[0.02963632 0.08037652]
3244,3.2449999999997536,[-1.82994454  0.4598999 ],[-0.68308252 -0.54254781],[0.28522656 0.24887749],[0.02970719 0.08027496]
3245,3.2459999999997535,[-1.83062734  0.45935761],[-0.682797   -0.54229902],[0.28552521 0.24879292],[0.02977802 0.08017342]
3246,3.2469999999997534,[-1.83130985  0.45881556],[-0.68251117 -0.54205031],[0.28582375 0.24870899],[0.02984882 0.08007191]
3247,3.2479999999997533,[-1.83199208  0.45827375],[-0.68222505 -0.54180168],[0.28612216 0.24862569],[0.0299196  0.07997042]
3248,3.248999999999753,[-1.83267402  0.4577322 ],[-0.68193863 -0.54155314],[0.28642046 0.24854303],[0.02999034 0.07986895]
3249,3.249999999999753,[-1.83335567  0.4571909 ],[-0.68165191 -0.54130468],[0.28671864 0.24846099],[0.03006105 0.0797675 ]
3250,3.250999999999753,[-1.83403703  0.45664984],[-0.6813649 -0.5410563],[0.28701671 0.24837958],[0.03013173 0.07966607]
3251,3.251999999999753,[-1.83471811  0.45610903],[-0.68107758 -0.540808  ],[0.28731465 0.2482988 ],[0.03020237 0.07956466]
3252,3.2529999999997528,[-1.8353989   0.45556847],[-0.68078997 -0.54055978],[0.28761248 0.24821864],[0.03027299 0.07946328]
3253,3.2539999999997526,[-1.8360794   0.45502816],[-0.68050206 -0.54031164],[0.28791019 0.24813911],[0.03034358 0.07936192]
3254,3.2549999999997525,[-1.83675962  0.4544881 ],[-0.68021385 -0.54006358],[0.28820777 0.24806019],[0.03041413 0.07926058]
3255,3.2559999999997524,[-1.83743954  0.45394828],[-0.67992535 -0.5398156 ],[0.28850524 0.2479819 ],[0.03048466 0.07915926]
3256,3.2569999999997523,[-1.83811918  0.45340871],[-0.67963654 -0.5395677 ],[0.28880259 0.24790421],[0.03055515 0.07905796]
3257,3.257999999999752,[-1.83879852  0.45286939],[-0.67934744 -0.53931987],[0.28909982 0.24782715],[0.03062561 0.07895669]
3258,3.258999999999752,[-1.83947758  0.45233032],[-0.67905805 -0.53907212],[0.28939694 0.24775069],[0.03069604 0.07885544]
3259,3.259999999999752,[-1.84015635  0.4517915 ],[-0.67876835 -0.53882444],[0.28969393 0.24767485],[0.03076644 0.07875421]
3260,3.260999999999752,[-1.84083483  0.45125292],[-0.67847836 -0.53857684],[0.2899908  0.24759962],[0.03083681 0.07865301]
3261,3.2619999999997518,[-1.84151302  0.45071459],[-0.67818807 -0.53832932],[0.29028755 0.24752499],[0.03090714 0.07855182]
3262,3.2629999999997517,[-1.84219092  0.45017651],[-0.67789749 -0.53808187],[0.29058418 0.24745097],[0.03097745 0.07845066]
3263,3.2639999999997515,[-1.84286852  0.44963867],[-0.67760661 -0.53783449],[0.2908807  0.24737755],[0.03104772 0.07834952]
3264,3.2649999999997514,[-1.84354584  0.44910109],[-0.67731543 -0.53758719],[0.29117709 0.24730473],[0.03111796 0.0782484 ]
3265,3.2659999999997513,[-1.84422286  0.44856375],[-0.67702396 -0.53733995],[0.29147336 0.24723251],[0.03118818 0.07814731]
3266,3.266999999999751,[-1.84489959  0.44802665],[-0.67673219 -0.53709279],[0.29176951 0.24716089],[0.03125836 0.07804624]
3267,3.267999999999751,[-1.84557603  0.44748981],[-0.67644012 -0.5368457 ],[0.29206554 0.24708986],[0.0313285  0.07794519]
3268,3.268999999999751,[-1.84625218  0.44695321],[-0.67614776 -0.53659868],[0.29236145 0.24701943],[0.03139862 0.07784416]
3269,3.269999999999751,[-1.84692804  0.44641686],[-0.67585511 -0.53635173],[0.29265724 0.24694959],[0.03146871 0.07774316]
3270,3.2709999999997508,[-1.8476036   0.44588075],[-0.67556215 -0.53610485],[0.29295291 0.24688034],[0.03153876 0.07764218]
3271,3.2719999999997507,[-1.84827887  0.4453449 ],[-0.6752689  -0.53585804],[0.29324846 0.24681168],[0.03160878 0.07754122]
3272,3.2729999999997506,[-1.84895384  0.44480928],[-0.67497536 -0.5356113 ],[0.29354388 0.24674361],[0.03167877 0.07744029]
3273,3.2739999999997504,[-1.84962852  0.44427392],[-0.67468152 -0.53536462],[0.29383919 0.24667612],[0.03174873 0.07733938]
3274,3.2749999999997503,[-1.85030291  0.4437388 ],[-0.67438739 -0.53511801],[0.29413437 0.24660921],[0.03181866 0.07723849]
3275,3.2759999999997502,[-1.850977    0.44320393],[-0.67409296 -0.53487147],[0.29442943 0.24654289],[0.03188856 0.07713762]
3276,3.27699999999975,[-1.8516508  0.4426693],[-0.67379823 -0.53462499],[0.29472437 0.24647714],[0.03195842 0.07703678]
3277,3.27799999999975,[-1.85232431  0.44213493],[-0.67350321 -0.53437858],[0.29501918 0.24641197],[0.03202825 0.07693596]
3278,3.27899999999975,[-1.85299751  0.44160079],[-0.6732079  -0.53413223],[0.29531388 0.24634738],[0.03209806 0.07683517]
3279,3.27999999999975,[-1.85367043  0.44106691],[-0.67291229 -0.53388595],[0.29560845 0.24628336],[0.03216783 0.0767344 ]
3280,3.2809999999997497,[-1.85434304  0.44053327],[-0.67261639 -0.53363973],[0.2959029  0.24621991],[0.03223756 0.07663365]
3281,3.2819999999997496,[-1.85501536  0.43999987],[-0.67232019 -0.53339357],[0.29619723 0.24615704],[0.03230727 0.07653292]
3282,3.2829999999997495,[-1.85568739  0.43946673],[-0.6720237  -0.53314748],[0.29649143 0.24609473],[0.03237694 0.07643222]
3283,3.2839999999997493,[-1.85635911  0.43893383],[-0.67172691 -0.53290144],[0.29678552 0.24603299],[0.03244659 0.07633154]
3284,3.2849999999997492,[-1.85703054  0.43840117],[-0.67142983 -0.53265547],[0.29707948 0.24597181],[0.0325162  0.07623088]
3285,3.285999999999749,[-1.85770168  0.43786876],[-0.67113246 -0.53240956],[0.29737331 0.2459112 ],[0.03258578 0.07613025]
3286,3.286999999999749,[-1.85837251  0.4373366 ],[-0.67083479 -0.53216371],[0.29766703 0.24585114],[0.03265532 0.07602965]
3287,3.287999999999749,[-1.85904305  0.43680468],[-0.67053683 -0.53191792],[0.29796061 0.24579165],[0.03272484 0.07592906]
3288,3.288999999999749,[-1.85971329  0.43627301],[-0.67023858 -0.53167219],[0.29825408 0.24573271],[0.03279432 0.0758285 ]
3289,3.2899999999997487,[-1.86038323  0.43574158],[-0.66994003 -0.53142651],[0.29854742 0.24567433],[0.03286377 0.07572796]
3290,3.2909999999997486,[-1.86105287  0.4352104 ],[-0.66964119 -0.5311809 ],[0.29884064 0.24561651],[0.03293319 0.07562745]
3291,3.2919999999997485,[-1.86172221  0.43467946],[-0.66934206 -0.53093534],[0.29913374 0.24555924],[0.03300258 0.07552696]
3292,3.2929999999997484,[-1.86239125  0.43414877],[-0.66904263 -0.53068983],[0.29942671 0.24550251],[0.03307194 0.0754265 ]
3293,3.2939999999997482,[-1.86305999  0.43361833],[-0.66874291 -0.53044439],[0.29971956 0.24544634],[0.03314126 0.07532606]
3294,3.294999999999748,[-1.86372844  0.43308813],[-0.6684429 -0.530199 ],[0.30001228 0.24539072],[0.03321055 0.07522564]
3295,3.295999999999748,[-1.86439658  0.43255818],[-0.66814259 -0.52995366],[0.30030488 0.24533563],[0.03327981 0.07512525]
3296,3.296999999999748,[-1.86506442  0.43202847],[-0.667842   -0.52970838],[0.30059735 0.2452811 ],[0.03334904 0.07502488]
3297,3.297999999999748,[-1.86573196  0.43149901],[-0.66754111 -0.52946315],[0.3008897 0.2452271],[0.03341823 0.07492453]
3298,3.2989999999997477,[-1.8663992   0.43096979],[-0.66723993 -0.52921798],[0.30118192 0.24517365],[0.03348739 0.07482421]
3299,3.2999999999997476,[-1.86706614  0.43044082],[-0.66693845 -0.52897286],[0.30147402 0.24512073],[0.03355652 0.07472392]
3300,3.3009999999997475,[-1.86773278  0.42991209],[-0.66663669 -0.52872779],[0.301766   0.24506836],[0.03362562 0.07462365]
3301,3.3019999999997474,[-1.86839911  0.4293836 ],[-0.66633463 -0.52848277],[0.30205785 0.24501651],[0.03369469 0.0745234 ]
3302,3.3029999999997472,[-1.86906515  0.42885537],[-0.66603228 -0.52823781],[0.30234957 0.2449652 ],[0.03376372 0.07442318]
3303,3.303999999999747,[-1.86973088  0.42832737],[-0.66572964 -0.52799289],[0.30264117 0.24491443],[0.03383272 0.07432298]
3304,3.304999999999747,[-1.8703963   0.42779963],[-0.6654267  -0.52774803],[0.30293264 0.24486418],[0.03390169 0.0742228 ]
3305,3.305999999999747,[-1.87106143  0.42727212],[-0.66512348 -0.52750321],[0.30322399 0.24481446],[0.03397063 0.07412266]
3306,3.306999999999747,[-1.87172625  0.42674486],[-0.66481996 -0.52725845],[0.30351521 0.24476527],[0.03403954 0.07402253]
3307,3.3079999999997467,[-1.87239076  0.42621785],[-0.66451616 -0.52701373],[0.30380631 0.2447166 ],[0.03410841 0.07392243]
3308,3.3089999999997466,[-1.87305497  0.42569108],[-0.66421206 -0.52676906],[0.30409727 0.24466846],[0.03417725 0.07382236]
3309,3.3099999999997465,[-1.87371888  0.42516456],[-0.66390767 -0.52652444],[0.30438812 0.24462084],[0.03424606 0.07372231]
3310,3.3109999999997464,[-1.87438248  0.42463828],[-0.66360299 -0.52627987],[0.30467883 0.24457373],[0.03431483 0.07362228]
3311,3.3119999999997463,[-1.87504578  0.42411224],[-0.66329802 -0.52603534],[0.30496942 0.24452715],[0.03438357 0.07352228]
3312,3.312999999999746,[-1.87570877  0.42358645],[-0.66299276 -0.52579086],[0.30525989 0.24448108],[0.03445228 0.07342231]
3313,3.313999999999746,[-1.87637146  0.4230609 ],[-0.66268721 -0.52554643],[0.30555022 0.24443553],[0.03452096 0.07332236]
3314,3.314999999999746,[-1.87703384  0.4225356 ],[-0.66238137 -0.52530204],[0.30584043 0.2443905 ],[0.03458961 0.07322243]
3315,3.315999999999746,[-1.87769592  0.42201054],[-0.66207524 -0.52505769],[0.30613051 0.24434597],[0.03465822 0.07312253]
3316,3.3169999999997457,[-1.87835769  0.42148573],[-0.66176882 -0.52481339],[0.30642047 0.24430195],[0.0347268  0.07302266]
3317,3.3179999999997456,[-1.87901915  0.42096116],[-0.66146211 -0.52456913],[0.30671029 0.24425845],[0.03479535 0.07292281]
3318,3.3189999999997455,[-1.8796803   0.42043684],[-0.66115511 -0.52432491],[0.30699999 0.24421545],[0.03486386 0.07282298]
3319,3.3199999999997454,[-1.88034115  0.41991276],[-0.66084782 -0.52408074],[0.30728957 0.24417296],[0.03493234 0.07272318]
3320,3.3209999999997453,[-1.88100169  0.41938892],[-0.66054024 -0.52383661],[0.30757901 0.24413097],[0.03500079 0.07262341]
3321,3.321999999999745,[-1.88166193  0.41886533],[-0.66023238 -0.52359252],[0.30786833 0.24408948],[0.03506921 0.07252366]
3322,3.322999999999745,[-1.88232185  0.41834198],[-0.65992422 -0.52334847],[0.30815752 0.24404849],[0.03513759 0.07242394]
3323,3.323999999999745,[-1.88298147  0.41781887],[-0.65961577 -0.52310446],[0.30844658 0.244008  ],[0.03520594 0.07232424]
3324,3.324999999999745,[-1.88364077  0.41729601],[-0.65930704 -0.5228605 ],[0.30873551 0.24396801],[0.03527426 0.07222457]
3325,3.3259999999997447,[-1.88429977  0.4167734 ],[-0.65899801 -0.52261657],[0.30902431 0.24392852],[0.03534255 0.07212492]
3326,3.3269999999997446,[-1.88495846  0.41625102],[-0.6586887  -0.52237268],[0.30931299 0.24388952],[0.0354108 0.0720253]
3327,3.3279999999997445,[-1.88561684  0.4157289 ],[-0.6583791  -0.52212883],[0.30960153 0.24385101],[0.03547902 0.07192571]
3328,3.3289999999997444,[-1.88627491  0.41520701],[-0.65806921 -0.52188501],[0.30988995 0.24381299],[0.03554721 0.07182614]
3329,3.3299999999997443,[-1.88693267  0.41468537],[-0.65775903 -0.52164124],[0.31017824 0.24377547],[0.03561536 0.07172659]
3330,3.330999999999744,[-1.88759011  0.41416397],[-0.65744856 -0.5213975 ],[0.3104664  0.24373843],[0.03568348 0.07162708]
3331,3.331999999999744,[-1.88824725  0.41364282],[-0.65713781 -0.5211538 ],[0.31075443 0.24370188],[0.03575157 0.07152759]
3332,3.332999999999744,[-1.88890408  0.41312191],[-0.65682677 -0.52091013],[0.31104233 0.24366581],[0.03581963 0.07142812]
3333,3.333999999999744,[-1.88956059  0.41260124],[-0.65651544 -0.5206665 ],[0.3113301  0.24363023],[0.03588765 0.07132868]
3334,3.3349999999997437,[-1.8902168   0.41208082],[-0.65620382 -0.52042291],[0.31161774 0.24359512],[0.03595564 0.07122927]
3335,3.3359999999997436,[-1.89087269  0.41156064],[-0.65589191 -0.52017935],[0.31190526 0.2435605 ],[0.03602359 0.07112988]
3336,3.3369999999997435,[-1.89152827  0.4110407 ],[-0.65557972 -0.51993582],[0.31219264 0.24352636],[0.03609152 0.07103052]
3337,3.3379999999997434,[-1.89218354  0.41052101],[-0.65526724 -0.51969233],[0.31247989 0.24349269],[0.03615941 0.07093119]
3338,3.3389999999997433,[-1.89283849  0.41000156],[-0.65495447 -0.51944887],[0.31276701 0.24345951],[0.03622726 0.07083188]
3339,3.339999999999743,[-1.89349313  0.40948236],[-0.65464142 -0.51920544],[0.313054   0.24342679],[0.03629509 0.0707326 ]
3340,3.340999999999743,[-1.89414746  0.40896339],[-0.65432808 -0.51896205],[0.31334086 0.24339455],[0.03636288 0.07063334]
3341,3.341999999999743,[-1.89480148  0.40844468],[-0.65401445 -0.51871868],[0.3136276  0.24336278],[0.03643064 0.07053411]
3342,3.342999999999743,[-1.89545518  0.4079262 ],[-0.65370054 -0.51847535],[0.3139142  0.24333148],[0.03649836 0.07043491]
3343,3.3439999999997427,[-1.89610856  0.40740797],[-0.65338634 -0.51823205],[0.31420066 0.24330065],[0.03656605 0.07033573]
3344,3.3449999999997426,[-1.89676163  0.40688998],[-0.65307185 -0.51798878],[0.314487   0.24327028],[0.03663371 0.07023658]
3345,3.3459999999997425,[-1.89741439  0.40637223],[-0.65275708 -0.51774554],[0.31477321 0.24324038],[0.03670134 0.07013746]
3346,3.3469999999997424,[-1.89806683  0.40585473],[-0.65244202 -0.51750233],[0.31505928 0.24321094],[0.03676893 0.07003836]
3347,3.3479999999997423,[-1.89871896  0.40533747],[-0.65212667 -0.51725915],[0.31534523 0.24318197],[0.03683649 0.06993929]
3348,3.348999999999742,[-1.89937077  0.40482046],[-0.65181104 -0.51701599],[0.31563104 0.24315346],[0.03690401 0.06984025]
3349,3.349999999999742,[-1.90002227  0.40430368],[-0.65149512 -0.51677287],[0.31591672 0.2431254 ],[0.0369715  0.06974124]
3350,3.350999999999742,[-1.90067345  0.40378715],[-0.65117892 -0.51652977],[0.31620227 0.24309781],[0.03703896 0.06964225]
3351,3.351999999999742,[-1.90132431  0.40327087],[-0.65086243 -0.5162867 ],[0.31648769 0.24307067],[0.03710638 0.06954329]
3352,3.3529999999997417,[-1.90197485  0.40275482],[-0.65054566 -0.51604366],[0.31677298 0.24304399],[0.03717378 0.06944435]
3353,3.3539999999997416,[-1.90262508  0.40223902],[-0.6502286  -0.51580064],[0.31705813 0.24301776],[0.03724113 0.06934544]
3354,3.3549999999997415,[-1.90327499  0.40172347],[-0.64991126 -0.51555765],[0.31734315 0.24299198],[0.03730846 0.06924656]
3355,3.3559999999997414,[-1.90392459  0.40120815],[-0.64959363 -0.51531468],[0.31762804 0.24296666],[0.03737575 0.06914771]
3356,3.3569999999997413,[-1.90457386  0.40069308],[-0.64927572 -0.51507174],[0.3179128  0.24294178],[0.03744301 0.06904888]
3357,3.357999999999741,[-1.90522282  0.40017825],[-0.64895752 -0.51482882],[0.31819742 0.24291735],[0.03751023 0.06895008]
3358,3.358999999999741,[-1.90587146  0.39966366],[-0.64863904 -0.51458593],[0.31848191 0.24289337],[0.03757742 0.06885131]
3359,3.359999999999741,[-1.90651978  0.39914932],[-0.64832027 -0.51434306],[0.31876627 0.24286984],[0.03764458 0.06875257]
3360,3.360999999999741,[-1.90716778  0.39863522],[-0.64800122 -0.51410021],[0.31905049 0.24284674],[0.0377117  0.06865385]
3361,3.3619999999997408,[-1.90781546  0.39812136],[-0.64768189 -0.51385739],[0.31933458 0.24282409],[0.03777879 0.06855516]
3362,3.3629999999997406,[-1.90846283  0.39760775],[-0.64736227 -0.51361459],[0.31961854 0.24280188],[0.03784585 0.0684565 ]
3363,3.3639999999997405,[-1.90910987  0.39709438],[-0.64704237 -0.51337181],[0.31990237 0.24278012],[0.03791287 0.06835786]
3364,3.3649999999997404,[-1.90975659  0.39658125],[-0.64672218 -0.51312905],[0.32018606 0.24275879],[0.03797986 0.06825926]
3365,3.3659999999997403,[-1.91040299  0.39606836],[-0.64640171 -0.51288631],[0.32046962 0.24273789],[0.03804681 0.06816068]
3366,3.36699999999974,[-1.91104907  0.39555572],[-0.64608096 -0.51264359],[0.32075304 0.24271743],[0.03811373 0.06806213]
3367,3.36799999999974,[-1.91169483  0.39504332],[-0.64575992 -0.51240089],[0.32103633 0.24269741],[0.03818062 0.0679636 ]
3368,3.36899999999974,[-1.91234027  0.39453116],[-0.6454386  -0.51215822],[0.32131949 0.24267782],[0.03824747 0.06786511]
3369,3.36999999999974,[-1.91298539  0.39401924],[-0.645117   -0.51191556],[0.32160251 0.24265866],[0.03831429 0.06776664]
3370,3.3709999999997398,[-1.91363018  0.39350757],[-0.64479511 -0.51167292],[0.3218854  0.24263993],[0.03838108 0.0676682 ]
3371,3.3719999999997397,[-1.91427466  0.39299614],[-0.64447295 -0.5114303 ],[0.32216815 0.24262163],[0.03844783 0.06756979]
3372,3.3729999999997395,[-1.91491881  0.39248495],[-0.6441505  -0.51118769],[0.32245077 0.24260376],[0.03851455 0.0674714 ]
3373,3.3739999999997394,[-1.91556263  0.39197401],[-0.64382776 -0.51094511],[0.32273325 0.24258632],[0.03858123 0.06737305]
3374,3.3749999999997393,[-1.91620614  0.39146331],[-0.64350475 -0.51070254],[0.3230156  0.24256929],[0.03864788 0.06727472]
3375,3.375999999999739,[-1.91684932  0.39095285],[-0.64318145 -0.51045998],[0.32329781 0.2425527 ],[0.0387145  0.06717642]
3376,3.376999999999739,[-1.91749218  0.39044263],[-0.64285787 -0.51021745],[0.32357989 0.24253652],[0.03878108 0.06707815]
3377,3.377999999999739,[-1.91813471  0.38993265],[-0.64253401 -0.50997493],[0.32386183 0.24252077],[0.03884763 0.06697991]
3378,3.378999999999739,[-1.91877692  0.38942292],[-0.64220986 -0.50973242],[0.32414364 0.24250543],[0.03891414 0.06688169]
3379,3.3799999999997388,[-1.91941881  0.38891343],[-0.64188544 -0.50948993],[0.32442531 0.24249052],[0.03898062 0.0667835 ]
3380,3.3809999999997387,[-1.92006037  0.38840418],[-0.64156073 -0.50924745],[0.32470685 0.24247602],[0.03904707 0.06668535]
3381,3.3819999999997385,[-1.9207016   0.38789518],[-0.64123574 -0.50900499],[0.32498825 0.24246194],[0.03911348 0.06658722]
3382,3.3829999999997384,[-1.92134251  0.38738642],[-0.64091047 -0.50876254],[0.32526952 0.24244827],[0.03917986 0.06648912]
3383,3.3839999999997383,[-1.9219831  0.3868779],[-0.64058492 -0.50852011],[0.32555065 0.24243501],[0.0392462  0.06639104]
3384,3.384999999999738,[-1.92262336  0.38636962],[-0.64025909 -0.50827769],[0.32583164 0.24242217],[0.03931251 0.066293  ]
3385,3.385999999999738,[-1.92326329  0.38586158],[-0.63993298 -0.50803528],[0.3261125  0.24240973],[0.03937879 0.06619499]
3386,3.386999999999738,[-1.9239029   0.38535379],[-0.63960659 -0.50779288],[0.32639322 0.24239771],[0.03944503 0.066097  ]
3387,3.387999999999738,[-1.92454218  0.38484624],[-0.63927991 -0.50755049],[0.3266738 0.2423861],[0.03951124 0.06599904]
3388,3.3889999999997378,[-1.92518113  0.38433893],[-0.63895296 -0.50730812],[0.32695425 0.24237489],[0.03957741 0.06590111]
3389,3.3899999999997377,[-1.92581976  0.38383187],[-0.63862572 -0.50706575],[0.32723456 0.24236409],[0.03964355 0.06580321]
3390,3.3909999999997376,[-1.92645805  0.38332504],[-0.63829821 -0.5068234 ],[0.32751473 0.24235369],[0.03970965 0.06570534]
3391,3.3919999999997374,[-1.92709603  0.38281846],[-0.63797041 -0.50658106],[0.32779477 0.24234369],[0.03977572 0.0656075 ]
3392,3.3929999999997373,[-1.92773367  0.38231212],[-0.63764234 -0.50633872],[0.32807467 0.2423341 ],[0.03984176 0.06550969]
3393,3.3939999999997372,[-1.92837098  0.38180603],[-0.63731398 -0.5060964 ],[0.32835443 0.24232491],[0.03990776 0.06541191]
3394,3.394999999999737,[-1.92900797  0.38130017],[-0.63698535 -0.50585408],[0.32863406 0.24231611],[0.03997373 0.06531415]
3395,3.395999999999737,[-1.92964462  0.38079456],[-0.63665644 -0.50561177],[0.32891354 0.24230772],[0.04003966 0.06521643]
3396,3.396999999999737,[-1.93028095  0.38028919],[-0.63632724 -0.50536947],[0.32919289 0.24229972],[0.04010556 0.06511873]
3397,3.397999999999737,[-1.93091695  0.37978406],[-0.63599777 -0.50512718],[0.32947211 0.24229212],[0.04017142 0.06502107]
3398,3.3989999999997367,[-1.93155262  0.37927918],[-0.63566802 -0.5048849 ],[0.32975118 0.24228491],[0.04023725 0.06492343]
3399,3.3999999999997366,[-1.93218795  0.37877454],[-0.63533799 -0.50464262],[0.33003012 0.2422781 ],[0.04030305 0.06482582]
3400,3.4009999999997365,[-1.93282296  0.37827014],[-0.63500768 -0.50440035],[0.33030891 0.24227168],[0.04036881 0.06472824]
3401,3.4019999999997363,[-1.93345764  0.37776598],[-0.63467709 -0.50415808],[0.33058757 0.24226565],[0.04043453 0.06463069]
3402,3.4029999999997362,[-1.93409199  0.37726206],[-0.63434623 -0.50391582],[0.3308661  0.24226001],[0.04050022 0.06453317]
3403,3.403999999999736,[-1.934726    0.37675839],[-0.63401508 -0.50367357],[0.33114448 0.24225475],[0.04056588 0.06443569]
3404,3.404999999999736,[-1.93535968  0.37625496],[-0.63368366 -0.50343132],[0.33142272 0.24224989],[0.0406315  0.06433823]
3405,3.405999999999736,[-1.93599304  0.37575177],[-0.63335196 -0.50318907],[0.33170083 0.24224541],[0.04069709 0.0642408 ]
3406,3.406999999999736,[-1.93662606  0.37524882],[-0.63301998 -0.50294683],[0.3319788  0.24224132],[0.04076264 0.06414339]
3407,3.4079999999997357,[-1.93725874  0.37474612],[-0.63268772 -0.50270459],[0.33225663 0.24223761],[0.04082816 0.06404602]
3408,3.4089999999997356,[-1.9378911   0.37424365],[-0.63235519 -0.50246236],[0.33253431 0.24223429],[0.04089364 0.06394868]
3409,3.4099999999997355,[-1.93852312  0.37374143],[-0.63202238 -0.50222013],[0.33281186 0.24223134],[0.04095909 0.06385137]
3410,3.4109999999997354,[-1.93915481  0.37323946],[-0.63168929 -0.5019779 ],[0.33308927 0.24222878],[0.04102451 0.06375409]
3411,3.4119999999997352,[-1.93978617  0.37273772],[-0.63135592 -0.50173567],[0.33336655 0.24222659],[0.04108988 0.06365684]
3412,3.412999999999735,[-1.94041719  0.37223623],[-0.63102228 -0.50149345],[0.33364368 0.24222479],[0.04115523 0.06355962]
3413,3.413999999999735,[-1.94104788  0.37173498],[-0.63068836 -0.50125122],[0.33392067 0.24222336],[0.04122054 0.06346243]
3414,3.414999999999735,[-1.94167823  0.37123397],[-0.63035416 -0.501009  ],[0.33419752 0.24222231],[0.04128581 0.06336527]
3415,3.415999999999735,[-1.94230825  0.3707332 ],[-0.63001969 -0.50076678],[0.33447423 0.24222163],[0.04135105 0.06326814]
3416,3.4169999999997347,[-1.94293794  0.37023267],[-0.62968494 -0.50052456],[0.3347508  0.24222132],[0.04141626 0.06317104]
3417,3.4179999999997346,[-1.94356729  0.36973239],[-0.62934991 -0.50028234],[0.33502724 0.24222139],[0.04148143 0.06307397]
3418,3.4189999999997345,[-1.9441963   0.36923235],[-0.62901461 -0.50004012],[0.33530353 0.24222183],[0.04154656 0.06297693]
3419,3.4199999999997344,[-1.94482498  0.36873255],[-0.62867903 -0.49979789],[0.33557968 0.24222264],[0.04161166 0.06287992]
3420,3.4209999999997343,[-1.94545332  0.368233  ],[-0.62834317 -0.49955567],[0.33585569 0.24222382],[0.04167673 0.06278295]
3421,3.421999999999734,[-1.94608133  0.36773369],[-0.62800704 -0.49931344],[0.33613156 0.24222537],[0.04174176 0.062686  ]
3422,3.422999999999734,[-1.946709    0.36723461],[-0.62767063 -0.49907122],[0.33640729 0.24222729],[0.04180676 0.06258908]
3423,3.423999999999734,[-1.94733633  0.36673579],[-0.62733395 -0.49882899],[0.33668288 0.24222957],[0.04187172 0.0624922 ]
3424,3.424999999999734,[-1.94796333  0.3662372 ],[-0.62699699 -0.49858675],[0.33695832 0.24223222],[0.04193664 0.06239534]
3425,3.4259999999997337,[-1.94858999  0.36573885],[-0.62665976 -0.49834452],[0.33723363 0.24223523],[0.04200153 0.06229852]
3426,3.4269999999997336,[-1.94921631  0.36524075],[-0.62632225 -0.49810228],[0.33750879 0.2422386 ],[0.04206639 0.06220172]
3427,3.4279999999997335,[-1.9498423   0.36474289],[-0.62598446 -0.49786004],[0.33778382 0.24224234],[0.04213121 0.06210496]
3428,3.4289999999997334,[-1.95046794  0.36424527],[-0.6256464  -0.49761779],[0.3380587  0.24224643],[0.04219599 0.06200823]
3429,3.4299999999997333,[-1.95109325  0.3637479 ],[-0.62530807 -0.49737554],[0.33833344 0.24225089],[0.04226074 0.06191153]
3430,3.430999999999733,[-1.95171822  0.36325077],[-0.62496946 -0.49713329],[0.33860804 0.2422557 ],[0.04232546 0.06181486]
3431,3.431999999999733,[-1.95234285  0.36275387],[-0.62463058 -0.49689102],[0.3388825  0.24226087],[0.04239014 0.06171822]
3432,3.432999999999733,[-1.95296714  0.36225723],[-0.62429142 -0.49664876],[0.33915681 0.2422664 ],[0.04245478 0.06162161]
3433,3.433999999999733,[-1.9535911   0.36176082],[-0.62395199 -0.49640649],[0.33943098 0.24227229],[0.04251939 0.06152503]
3434,3.4349999999997327,[-1.95421471  0.36126465],[-0.62361229 -0.49616421],[0.33970501 0.24227852],[0.04258396 0.06142849]
3435,3.4359999999997326,[-1.95483798  0.36076873],[-0.62327231 -0.49592192],[0.3399789  0.24228512],[0.0426485  0.06133197]
3436,3.4369999999997325,[-1.95546091  0.36027305],[-0.62293206 -0.49567963],[0.34025265 0.24229206],[0.04271301 0.06123549]
3437,3.4379999999997324,[-1.9560835   0.35977762],[-0.62259153 -0.49543733],[0.34052625 0.24229935],[0.04277747 0.06113904]
3438,3.4389999999997323,[-1.95670575  0.35928242],[-0.62225073 -0.49519502],[0.34079971 0.242307  ],[0.04284191 0.06104262]
3439,3.439999999999732,[-1.95732766  0.35878747],[-0.62190966 -0.49495271],[0.34107303 0.242315  ],[0.0429063  0.06094623]
3440,3.440999999999732,[-1.95794923  0.35829276],[-0.62156831 -0.49471039],[0.34134621 0.24232334],[0.04297066 0.06084987]
3441,3.441999999999732,[-1.95857046  0.35779829],[-0.62122669 -0.49446805],[0.34161924 0.24233203],[0.04303499 0.06075355]
3442,3.442999999999732,[-1.95919134  0.35730406],[-0.6208848  -0.49422571],[0.34189213 0.24234107],[0.04309928 0.06065725]
3443,3.4439999999997317,[-1.95981189  0.35681008],[-0.62054263 -0.49398336],[0.34216487 0.24235045],[0.04316354 0.06056099]
3444,3.4449999999997316,[-1.96043209  0.35631634],[-0.6202002 -0.493741 ],[0.34243748 0.24236017],[0.04322776 0.06046476]
3445,3.4459999999997315,[-1.96105194  0.35582284],[-0.61985749 -0.49349863],[0.34270993 0.24237024],[0.04329194 0.06036856]
3446,3.4469999999997314,[-1.96167146  0.35532958],[-0.61951451 -0.49325625],[0.34298225 0.24238066],[0.04335609 0.06027239]
3447,3.4479999999997313,[-1.96229063  0.35483657],[-0.61917125 -0.49301386],[0.34325442 0.24239141],[0.04342021 0.06017626]
3448,3.448999999999731,[-1.96290946  0.3543438 ],[-0.61882772 -0.49277146],[0.34352645 0.2424025 ],[0.04348428 0.06008016]
3449,3.449999999999731,[-1.96352794  0.35385127],[-0.61848393 -0.49252904],[0.34379833 0.24241393],[0.04354833 0.05998408]
3450,3.450999999999731,[-1.96414608  0.35335898],[-0.61813986 -0.49228662],[0.34407007 0.24242571],[0.04361233 0.05988805]
3451,3.451999999999731,[-1.96476388  0.35286694],[-0.61779551 -0.49204418],[0.34434167 0.24243781],[0.0436763  0.05979204]
3452,3.4529999999997307,[-1.96538133  0.35237514],[-0.6174509  -0.49180173],[0.34461312 0.24245026],[0.04374024 0.05969606]
3453,3.4539999999997306,[-1.96599843  0.35188358],[-0.61710602 -0.49155927],[0.34488443 0.24246304],[0.04380414 0.05960012]
3454,3.4549999999997305,[-1.96661519  0.35139226],[-0.61676086 -0.49131679],[0.34515559 0.24247616],[0.043868   0.05950421]
3455,3.4559999999997304,[-1.96723161  0.35090119],[-0.61641543 -0.4910743 ],[0.34542661 0.2424896 ],[0.04393183 0.05940833]
3456,3.4569999999997303,[-1.96784768  0.35041036],[-0.61606974 -0.4908318 ],[0.34569748 0.24250339],[0.04399562 0.05931249]
3457,3.45799999999973,[-1.9684634   0.34991977],[-0.61572377 -0.49058928],[0.34596821 0.2425175 ],[0.04405938 0.05921667]
3458,3.45899999999973,[-1.96907878  0.34942942],[-0.61537753 -0.49034675],[0.3462388  0.24253194],[0.0441231  0.05912089]
3459,3.45999999999973,[-1.96969381  0.34893932],[-0.61503102 -0.4901042 ],[0.34650924 0.24254672],[0.04418679 0.05902514]
3460,3.46099999999973,[-1.9703085   0.34844945],[-0.61468424 -0.48986164],[0.34677953 0.24256182],[0.04425044 0.05892943]
3461,3.4619999999997297,[-1.97092283  0.34795983],[-0.61433719 -0.48961906],[0.34704968 0.24257725],[0.04431405 0.05883374]
3462,3.4629999999997296,[-1.97153682  0.34747046],[-0.61398987 -0.48937647],[0.34731968 0.24259301],[0.04437763 0.05873809]
3463,3.4639999999997295,[-1.97215047  0.34698132],[-0.61364228 -0.48913386],[0.34758954 0.24260909],[0.04444117 0.05864248]
3464,3.4649999999997294,[-1.97276376  0.34649243],[-0.61329442 -0.48889123],[0.34785925 0.2426255 ],[0.04450468 0.05854689]
3465,3.4659999999997293,[-1.97337671  0.34600378],[-0.61294629 -0.48864859],[0.34812882 0.24264224],[0.04456815 0.05845134]
3466,3.466999999999729,[-1.9739893   0.34551538],[-0.6125979  -0.48840593],[0.34839824 0.24265929],[0.04463158 0.05835582]
3467,3.467999999999729,[-1.97460155  0.34502722],[-0.61224923 -0.48816326],[0.34866751 0.24267667],[0.04469498 0.05826033]
3468,3.468999999999729,[-1.97521345  0.34453929],[-0.61190029 -0.48792056],[0.34893664 0.24269437],[0.04475834 0.05816488]
3469,3.469999999999729,[-1.97582501  0.34405162],[-0.61155109 -0.48767785],[0.34920562 0.2427124 ],[0.04482167 0.05806946]
3470,3.4709999999997287,[-1.97643621  0.34356418],[-0.61120161 -0.48743512],[0.34947446 0.24273074],[0.04488496 0.05797407]
3471,3.4719999999997286,[-1.97704706  0.34307699],[-0.61085187 -0.48719237],[0.34974315 0.2427494 ],[0.04494821 0.05787872]
3472,3.4729999999997285,[-1.97765756  0.34259004],[-0.61050186 -0.4869496 ],[0.35001169 0.24276838],[0.04501143 0.05778339]
3473,3.4739999999997284,[-1.97826771  0.34210333],[-0.61015158 -0.48670681],[0.35028009 0.24278767],[0.04507461 0.05768811]
3474,3.4749999999997283,[-1.97887751  0.34161687],[-0.60980103 -0.48646401],[0.35054834 0.24280729],[0.04513776 0.05759285]
3475,3.475999999999728,[-1.97948696  0.34113065],[-0.60945021 -0.48622118],[0.35081644 0.24282721],[0.04520087 0.05749763]
3476,3.476999999999728,[-1.98009606  0.34064467],[-0.60909913 -0.48597833],[0.3510844  0.24284746],[0.04526394 0.05740244]
3477,3.477999999999728,[-1.98070481  0.34015893],[-0.60874778 -0.48573546],[0.35135221 0.24286801],[0.04532698 0.05730729]
3478,3.478999999999728,[-1.98131321  0.33967344],[-0.60839616 -0.48549257],[0.35161987 0.24288888],[0.04538998 0.05721217]
3479,3.4799999999997278,[-1.98192125  0.33918819],[-0.60804427 -0.48524966],[0.35188738 0.24291006],[0.04545295 0.05711708]
3480,3.4809999999997276,[-1.98252894  0.33870319],[-0.60769211 -0.48500673],[0.35215475 0.24293155],[0.04551588 0.05702202]
3481,3.4819999999997275,[-1.98313628  0.33821842],[-0.60733969 -0.48476378],[0.35242197 0.24295336],[0.04557877 0.056927  ]
3482,3.4829999999997274,[-1.98374327  0.3377339 ],[-0.606987  -0.4845208],[0.35268904 0.24297547],[0.04564163 0.05683202]
3483,3.4839999999997273,[-1.9843499   0.33724962],[-0.60663405 -0.48427781],[0.35295597 0.24299789],[0.04570445 0.05673706]
3484,3.484999999999727,[-1.98495618  0.33676559],[-0.60628082 -0.48403479],[0.35322274 0.24302062],[0.04576723 0.05664214]
3485,3.485999999999727,[-1.98556211  0.3362818 ],[-0.60592733 -0.48379174],[0.35348937 0.24304365],[0.04582998 0.05654726]
3486,3.486999999999727,[-1.98616769  0.33579825],[-0.60557358 -0.48354867],[0.35375585 0.24306699],[0.04589269 0.05645241]
3487,3.487999999999727,[-1.9867729   0.33531494],[-0.60521956 -0.48330558],[0.35402219 0.24309064],[0.04595536 0.05635759]
3488,3.4889999999997268,[-1.98737777  0.33483188],[-0.60486527 -0.48306247],[0.35428837 0.24311459],[0.046018   0.05626281]
3489,3.4899999999997267,[-1.98798228  0.33434906],[-0.60451071 -0.48281933],[0.35455441 0.24313884],[0.0460806  0.05616806]
3490,3.4909999999997265,[-1.98858644  0.33386648],[-0.60415589 -0.48257617],[0.3548203 0.2431634],[0.04614317 0.05607334]
3491,3.4919999999997264,[-1.98919024  0.33338415],[-0.60380081 -0.48233298],[0.35508604 0.24318826],[0.0462057  0.05597866]
3492,3.4929999999997263,[-1.98979368  0.33290206],[-0.60344546 -0.48208977],[0.35535163 0.24321342],[0.04626819 0.05588401]
3493,3.493999999999726,[-1.99039677  0.33242021],[-0.60308984 -0.48184653],[0.35561707 0.24323888],[0.04633065 0.0557894 ]
3494,3.494999999999726,[-1.99099951  0.33193861],[-0.60273396 -0.48160326],[0.35588236 0.24326464],[0.04639307 0.05569482]
3495,3.495999999999726,[-1.99160188  0.33145725],[-0.60237781 -0.48135997],[0.35614751 0.2432907 ],[0.04645545 0.05560027]
3496,3.496999999999726,[-1.99220391  0.33097613],[-0.6020214  -0.48111665],[0.3564125  0.24331706],[0.0465178  0.05550576]
3497,3.4979999999997258,[-1.99280557  0.33049526],[-0.60166472 -0.48087331],[0.35667735 0.24334371],[0.04658011 0.05541129]
3498,3.4989999999997257,[-1.99340688  0.33001463],[-0.60130778 -0.48062994],[0.35694205 0.24337066],[0.04664238 0.05531685]
3499,3.4999999999997256,[-1.99400783  0.32953424],[-0.60095057 -0.48038654],[0.35720659 0.24339791],[0.04670462 0.05522244]
3500,3.5009999999997254,[-1.99460842  0.3290541 ],[-0.6005931  -0.48014312],[0.35747099 0.24342545],[0.04676682 0.05512807]
3501,3.5019999999997253,[-1.99520866  0.3285742 ],[-0.60023536 -0.47989966],[0.35773524 0.24345328],[0.04682898 0.05503373]
3502,3.5029999999997252,[-1.99580853  0.32809455],[-0.59987736 -0.47965618],[0.35799934 0.24348141],[0.04689111 0.05493943]
3503,3.503999999999725,[-1.99640805  0.32761513],[-0.5995191  -0.47941267],[0.35826329 0.24350983],[0.0469532  0.05484516]
3504,3.504999999999725,[-1.99700721  0.32713596],[-0.59916057 -0.47916913],[0.35852709 0.24353854],[0.04701525 0.05475093]
3505,3.505999999999725,[-1.99760602  0.32665704],[-0.59880178 -0.47892557],[0.35879074 0.24356755],[0.04707727 0.05465673]
3506,3.506999999999725,[-1.99820446  0.32617836],[-0.59844273 -0.47868197],[0.35905424 0.24359684],[0.04713925 0.05456257]
3507,3.5079999999997247,[-1.99880254  0.32569992],[-0.59808341 -0.47843834],[0.35931759 0.24362642],[0.04720119 0.05446844]
3508,3.5089999999997246,[-1.99940027  0.32522172],[-0.59772383 -0.47819469],[0.35958078 0.24365629],[0.04726309 0.05437434]
3509,3.5099999999997245,[-1.99999763  0.32474377],[-0.59736399 -0.477951  ],[0.35984383 0.24368645],[0.04732496 0.05428029]
3510,3.5109999999997243,[-2.00059463  0.32426607],[-0.59700388 -0.47770728],[0.36010673 0.2437169 ],[0.0473868  0.05418626]
3511,3.5119999999997242,[-2.00119128  0.3237886 ],[-0.59664351 -0.47746354],[0.36036948 0.24374763],[0.04744859 0.05409227]
3512,3.512999999999724,[-2.00178756  0.32331138],[-0.59628288 -0.47721976],[0.36063207 0.24377865],[0.04751035 0.05399832]
3513,3.513999999999724,[-2.00238348  0.32283441],[-0.59592198 -0.47697595],[0.36089452 0.24380995],[0.04757207 0.0539044 ]
3514,3.514999999999724,[-2.00297904  0.32235767],[-0.59556083 -0.47673211],[0.36115681 0.24384154],[0.04763376 0.05381052]
3515,3.515999999999724,[-2.00357424  0.32188119],[-0.59519941 -0.47648823],[0.36141896 0.24387341],[0.0476954  0.05371667]
3516,3.5169999999997237,[-2.00416908  0.32140494],[-0.59483773 -0.47624433],[0.36168095 0.24390557],[0.04775702 0.05362286]
3517,3.5179999999997236,[-2.00476356  0.32092894],[-0.59447578 -0.47600039],[0.36194279 0.243938  ],[0.04781859 0.05352909]
3518,3.5189999999997235,[-2.00535767  0.32045318],[-0.59411358 -0.47575642],[0.36220448 0.24397072],[0.04788013 0.05343534]
3519,3.5199999999997234,[-2.00595142  0.31997767],[-0.59375111 -0.47551241],[0.36246602 0.24400371],[0.04794163 0.05334164]
3520,3.5209999999997232,[-2.00654481  0.3195024 ],[-0.59338839 -0.47526838],[0.36272741 0.24403699],[0.04800309 0.05324797]
3521,3.521999999999723,[-2.00713783  0.31902738],[-0.5930254  -0.47502431],[0.36298864 0.24407055],[0.04806451 0.05315434]
3522,3.522999999999723,[-2.0077305  0.3185526],[-0.59266215 -0.4747802 ],[0.36324973 0.24410438],[0.0481259  0.05306074]
3523,3.523999999999723,[-2.0083228   0.31807806],[-0.59229864 -0.47453606],[0.36351066 0.24413849],[0.04818725 0.05296717]
3524,3.524999999999723,[-2.00891473  0.31760377],[-0.59193487 -0.47429189],[0.36377144 0.24417288],[0.04824857 0.05287365]
3525,3.5259999999997227,[-2.0095063   0.31712972],[-0.59157083 -0.47404768],[0.36403207 0.24420755],[0.04830985 0.05278016]
3526,3.5269999999997226,[-2.01009751  0.31665592],[-0.59120654 -0.47380344],[0.36429254 0.24424249],[0.04837109 0.0526867 ]
3527,3.5279999999997225,[-2.01068835  0.31618236],[-0.59084199 -0.47355916],[0.36455287 0.2442777 ],[0.04843229 0.05259328]
3528,3.5289999999997224,[-2.01127883  0.31570905],[-0.59047718 -0.47331485],[0.36481304 0.24431319],[0.04849345 0.0524999 ]
3529,3.5299999999997222,[-2.01186894  0.31523598],[-0.5901121 -0.4730705],[0.36507306 0.24434896],[0.04855458 0.05240655]
3530,3.530999999999722,[-2.01245869  0.31476315],[-0.58974677 -0.47282612],[0.36533292 0.24438499],[0.04861567 0.05231324]
3531,3.531999999999722,[-2.01304807  0.31429057],[-0.58938118 -0.47258169],[0.36559264 0.2444213 ],[0.04867673 0.05221997]
3532,3.532999999999722,[-2.01363708  0.31381823],[-0.58901533 -0.47233724],[0.3658522  0.24445788],[0.04873774 0.05212673]
3533,3.533999999999722,[-2.01422573  0.31334614],[-0.58864921 -0.47209274],[0.36611161 0.24449473],[0.04879872 0.05203353]
3534,3.5349999999997217,[-2.01481401  0.31287429],[-0.58828284 -0.47184821],[0.36637086 0.24453185],[0.04885967 0.05194036]
3535,3.5359999999997216,[-2.01540193  0.31240269],[-0.58791621 -0.47160364],[0.36662996 0.24456924],[0.04892057 0.05184723]
3536,3.5369999999997215,[-2.01598948  0.31193133],[-0.58754932 -0.47135903],[0.36688891 0.24460689],[0.04898144 0.05175414]
3537,3.5379999999997214,[-2.01657666  0.31146021],[-0.58718218 -0.47111439],[0.36714771 0.24464482],[0.04904227 0.05166108]
3538,3.5389999999997213,[-2.01716348  0.31098934],[-0.58681477 -0.47086971],[0.36740635 0.24468301],[0.04910306 0.05156806]
3539,3.539999999999721,[-2.01774992  0.31051872],[-0.5864471  -0.47062498],[0.36766484 0.24472147],[0.04916381 0.05147508]
3540,3.540999999999721,[-2.018336    0.31004834],[-0.58607918 -0.47038022],[0.36792318 0.2447602 ],[0.04922453 0.05138213]
3541,3.541999999999721,[-2.01892171  0.3095782 ],[-0.585711   -0.47013542],[0.36818136 0.24479919],[0.04928521 0.05128922]
3542,3.542999999999721,[-2.01950706  0.30910831],[-0.58534256 -0.46989059],[0.36843939 0.24483844],[0.04934585 0.05119635]
3543,3.5439999999997207,[-2.02009203  0.30863867],[-0.58497386 -0.46964571],[0.36869726 0.24487796],[0.04940646 0.05110351]
3544,3.5449999999997206,[-2.02067664  0.30816927],[-0.58460491 -0.46940079],[0.36895498 0.24491774],[0.04946703 0.05101071]
3545,3.5459999999997205,[-2.02126087  0.30770011],[-0.5842357  -0.46915583],[0.36921255 0.24495779],[0.04952756 0.05091795]
3546,3.5469999999997204,[-2.02184474  0.3072312 ],[-0.58386623 -0.46891083],[0.36946996 0.2449981 ],[0.04958805 0.05082522]
3547,3.5479999999997203,[-2.02242823  0.30676253],[-0.5834965 -0.4686658],[0.36972722 0.24503867],[0.0496485  0.05073253]
3548,3.54899999999972,[-2.02301136  0.30629411],[-0.58312651 -0.46842072],[0.36998433 0.2450795 ],[0.04970892 0.05063988]
3549,3.54999999999972,[-2.02359412  0.30582594],[-0.58275627 -0.4681756 ],[0.37024128 0.24512058],[0.0497693  0.05054726]
3550,3.55099999999972,[-2.0241765   0.30535801],[-0.58238578 -0.46793043],[0.37049807 0.24516193],[0.04982964 0.05045468]
3551,3.55199999999972,[-2.02475852  0.30489032],[-0.58201502 -0.46768523],[0.37075471 0.24520354],[0.04988995 0.05036214]
3552,3.5529999999997197,[-2.02534016  0.30442288],[-0.58164401 -0.46743999],[0.3710112  0.24524541],[0.04995021 0.05026964]
3553,3.5539999999997196,[-2.02592143  0.30395569],[-0.58127274 -0.4671947 ],[0.37126753 0.24528753],[0.05001044 0.05017717]
3554,3.5549999999997195,[-2.02650234  0.30348874],[-0.58090122 -0.46694937],[0.37152371 0.24532991],[0.05007063 0.05008474]
3555,3.5559999999997194,[-2.02708287  0.30302203],[-0.58052944 -0.466704  ],[0.37177973 0.24537255],[0.05013079 0.04999235]
3556,3.5569999999997193,[-2.02766302  0.30255557],[-0.5801574  -0.46645858],[0.37203559 0.24541544],[0.0501909 0.0499   ]
3557,3.557999999999719,[-2.02824281  0.30208936],[-0.57978511 -0.46621312],[0.37229131 0.24545859],[0.05025098 0.04980768]
3558,3.558999999999719,[-2.02882222  0.30162339],[-0.57941256 -0.46596762],[0.37254686 0.24550199],[0.05031102 0.0497154 ]
3559,3.559999999999719,[-2.02940126  0.30115767],[-0.57903976 -0.46572207],[0.37280226 0.24554565],[0.05037102 0.04962316]
3560,3.560999999999719,[-2.02997993  0.30069219],[-0.5786667  -0.46547648],[0.37305751 0.24558956],[0.05043099 0.04953095]
3561,3.5619999999997187,[-2.03055822  0.30022696],[-0.57829339 -0.46523085],[0.3733126  0.24563372],[0.05049091 0.04943878]
3562,3.5629999999997186,[-2.03113614  0.29976198],[-0.57791982 -0.46498517],[0.37356753 0.24567813],[0.0505508  0.04934666]
3563,3.5639999999997185,[-2.03171369  0.29929724],[-0.577546   -0.46473945],[0.37382231 0.2457228 ],[0.05061065 0.04925456]
3564,3.5649999999997184,[-2.03229086  0.29883275],[-0.57717193 -0.46449368],[0.37407693 0.24576771],[0.05067046 0.04916251]
3565,3.5659999999997183,[-2.03286766  0.2983685 ],[-0.57679759 -0.46424787],[0.3743314  0.24581288],[0.05073024 0.04907049]
3566,3.566999999999718,[-2.03344408  0.2979045 ],[-0.57642301 -0.46400201],[0.37458571 0.24585829],[0.05078998 0.04897852]
3567,3.567999999999718,[-2.03402013  0.29744074],[-0.57604817 -0.46375611],[0.37483987 0.24590396],[0.05084968 0.04888658]
3568,3.568999999999718,[-2.0345958   0.29697723],[-0.57567307 -0.46351016],[0.37509386 0.24594987],[0.05090934 0.04879468]
3569,3.569999999999718,[-2.0351711   0.29651397],[-0.57529773 -0.46326416],[0.37534771 0.24599603],[0.05096896 0.04870281]
3570,3.5709999999997177,[-2.03574602  0.29605095],[-0.57492213 -0.46301812],[0.37560139 0.24604244],[0.05102854 0.04861099]
3571,3.5719999999997176,[-2.03632057  0.29558818],[-0.57454627 -0.46277203],[0.37585492 0.24608909],[0.05108809 0.0485192 ]
3572,3.5729999999997175,[-2.03689474  0.29512565],[-0.57417016 -0.46252589],[0.3761083 0.246136 ],[0.0511476  0.04842745]
3573,3.5739999999997174,[-2.03746853  0.29466337],[-0.5737938  -0.46227971],[0.37636151 0.24618314],[0.05120707 0.04833574]
3574,3.5749999999997173,[-2.03804195  0.29420134],[-0.57341719 -0.46203348],[0.37661457 0.24623053],[0.0512665  0.04824406]
3575,3.575999999999717,[-2.03861499  0.29373955],[-0.57304032 -0.4617872 ],[0.37686748 0.24627817],[0.0513259  0.04815243]
3576,3.576999999999717,[-2.03918765  0.29327801],[-0.5726632  -0.46154088],[0.37712022 0.24632605],[0.05138525 0.04806083]
3577,3.577999999999717,[-2.03975994  0.29281671],[-0.57228583 -0.4612945 ],[0.37737281 0.24637417],[0.05144457 0.04796928]
3578,3.578999999999717,[-2.04033184  0.29235567],[-0.5719082  -0.46104808],[0.37762524 0.24642253],[0.05150385 0.04787776]
3579,3.5799999999997167,[-2.04090337  0.29189486],[-0.57153032 -0.46080161],[0.37787752 0.24647114],[0.05156309 0.04778628]
3580,3.5809999999997166,[-2.04147453  0.29143431],[-0.57115219 -0.46055509],[0.37812963 0.24651999],[0.05162229 0.04769483]
3581,3.5819999999997165,[-2.0420453  0.290974 ],[-0.57077381 -0.46030852],[0.37838159 0.24656908],[0.05168146 0.04760343]
3582,3.5829999999997164,[-2.0426157   0.29051394],[-0.57039518 -0.4600619 ],[0.3786334  0.24661841],[0.05174059 0.04751207]
3583,3.5839999999997163,[-2.04318571  0.29005412],[-0.57001629 -0.45981523],[0.37888504 0.24666798],[0.05179967 0.04742074]
3584,3.584999999999716,[-2.04375535  0.28959455],[-0.56963716 -0.45956851],[0.37913653 0.24671779],[0.05185873 0.04732945]
3585,3.585999999999716,[-2.04432461  0.28913523],[-0.56925777 -0.45932175],[0.37938786 0.24676783],[0.05191774 0.0472382 ]
3586,3.586999999999716,[-2.04489349  0.28867616],[-0.56887813 -0.45907493],[0.37963903 0.24681812],[0.05197671 0.047147  ]
3587,3.587999999999716,[-2.04546198  0.28821733],[-0.56849824 -0.45882806],[0.37989004 0.24686864],[0.05203565 0.04705582]
3588,3.5889999999997158,[-2.0460301   0.28775875],[-0.5681181  -0.45858114],[0.3801409 0.2469194],[0.05209454 0.04696469]
3589,3.5899999999997156,[-2.04659784  0.28730041],[-0.56773771 -0.45833417],[0.3803916 0.2469704],[0.0521534 0.0468736]
3590,3.5909999999997155,[-2.0471652   0.28684233],[-0.56735707 -0.45808715],[0.38064214 0.24702163],[0.05221222 0.04678255]
3591,3.5919999999997154,[-2.04773217  0.28638449],[-0.56697617 -0.45784007],[0.38089252 0.2470731 ],[0.052271   0.04669153]
3592,3.5929999999997153,[-2.04829877  0.28592689],[-0.56659503 -0.45759295],[0.38114274 0.2471248 ],[0.05232975 0.04660056]
3593,3.593999999999715,[-2.04886498  0.28546955],[-0.56621364 -0.45734577],[0.38139281 0.24717674],[0.05238845 0.04650962]
3594,3.594999999999715,[-2.04943081  0.28501245],[-0.56583199 -0.45709854],[0.38164271 0.24722891],[0.05244712 0.04641873]
3595,3.595999999999715,[-2.04999626  0.2845556 ],[-0.5654501  -0.45685126],[0.38189246 0.24728131],[0.05250574 0.04632787]
3596,3.596999999999715,[-2.05056133  0.28409899],[-0.56506796 -0.45660393],[0.38214205 0.24733395],[0.05256433 0.04623705]
3597,3.5979999999997148,[-2.05112602  0.28364264],[-0.56468557 -0.45635654],[0.38239148 0.24738682],[0.05262288 0.04614627]
3598,3.5989999999997146,[-2.05169032  0.28318653],[-0.56430293 -0.4561091 ],[0.38264075 0.24743992],[0.05268139 0.04605553]
3599,3.5999999999997145,[-2.05225424  0.28273067],[-0.56392004 -0.45586161],[0.38288986 0.24749325],[0.05273987 0.04596483]
3600,3.6009999999997144,[-2.05281778  0.28227505],[-0.5635369  -0.45561406],[0.38313881 0.24754681],[0.0527983  0.04587417]
3601,3.6019999999997143,[-2.05338093  0.28181969],[-0.56315351 -0.45536646],[0.38338761 0.2476006 ],[0.0528567  0.04578355]
3602,3.602999999999714,[-2.0539437   0.28136457],[-0.56276988 -0.45511881],[0.38363624 0.24765462],[0.05291506 0.04569297]
3603,3.603999999999714,[-2.05450609  0.2809097 ],[-0.56238599 -0.4548711 ],[0.38388472 0.24770887],[0.05297337 0.04560243]
3604,3.604999999999714,[-2.05506809  0.28045507],[-0.56200186 -0.45462334],[0.38413303 0.24776335],[0.05303165 0.04551193]
3605,3.605999999999714,[-2.05562971  0.2800007 ],[-0.56161748 -0.45437552],[0.38438119 0.24781806],[0.0530899  0.04542147]
3606,3.6069999999997138,[-2.05619094  0.27954657],[-0.56123285 -0.45412764],[0.38462919 0.24787299],[0.0531481  0.04533105]
3607,3.6079999999997137,[-2.05675179  0.27909269],[-0.56084797 -0.45387972],[0.38487702 0.24792815],[0.05320626 0.04524067]
3608,3.6089999999997135,[-2.05731225  0.27863906],[-0.56046285 -0.45363173],[0.3851247  0.24798354],[0.05326439 0.04515033]
3609,3.6099999999997134,[-2.05787233  0.27818568],[-0.56007747 -0.45338369],[0.38537222 0.24803915],[0.05332247 0.04506002]
3610,3.6109999999997133,[-2.05843202  0.27773254],[-0.55969185 -0.4531356 ],[0.38561958 0.24809499],[0.05338052 0.04496976]
3611,3.611999999999713,[-2.05899132  0.27727965],[-0.55930599 -0.45288745],[0.38586677 0.24815106],[0.05343853 0.04487954]
3612,3.612999999999713,[-2.05955024  0.27682701],[-0.55891987 -0.45263924],[0.38611381 0.24820735],[0.0534965  0.04478936]
3613,3.613999999999713,[-2.06010878  0.27637462],[-0.55853351 -0.45239098],[0.38636069 0.24826386],[0.05355443 0.04469922]
3614,3.614999999999713,[-2.06066692  0.27592248],[-0.5581469  -0.45214266],[0.3866074  0.24832059],[0.05361232 0.04460912]
3615,3.6159999999997128,[-2.06122468  0.27547059],[-0.55776005 -0.45189428],[0.38685396 0.24837755],[0.05367018 0.04451906]
3616,3.6169999999997127,[-2.06178206  0.27501894],[-0.55737295 -0.45164584],[0.38710036 0.24843473],[0.05372799 0.04442904]
3617,3.6179999999997126,[-2.06233904  0.27456754],[-0.5569856  -0.45139735],[0.38734659 0.24849213],[0.05378577 0.04433906]
3618,3.6189999999997124,[-2.06289564  0.27411639],[-0.55659801 -0.4511488 ],[0.38759267 0.24854976],[0.0538435  0.04424912]
3619,3.6199999999997123,[-2.06345371  0.27364367],[-0.55806574 -0.47272809],[ -1.4677263  -21.57928651],[0. 0.]
3620,3.6209999999997122,[-2.06401324  0.27314939],[-0.55953161 -0.49427442],[ -1.46587512 -21.54633088],[0. 0.]
3621,3.621999999999712,[-2.06457423  0.2726336 ],[-0.56099555 -0.51578625],[ -1.4639339  -21.51183554],[0. 0.]
3622,3.622999999999712,[-2.06513669  0.27209634],[-0.56245745 -0.53726205],[ -1.46190193 -21.47579731],[0. 0.]
3623,3.623999999999712,[-2.06570061  0.27153764],[-0.56391723 -0.55870026],[ -1.45977846 -21.43821292],[0. 0.]
3624,3.624999999999712,[-2.06626598  0.27095754],[-0.56537479 -0.58009934],[ -1.4575627  -21.39907896],[0. 0.]
3625,3.6259999999997117,[-2.06683281  0.27035609],[-0.56683004 -0.60145774],[ -1.45525385 -21.35839194],[0. 0.]
3626,3.6269999999997116,[-2.0674011   0.26973331],[-0.56828289 -0.62277388],[ -1.45285107 -21.31614823],[0. 0.]
3627,3.6279999999997115,[-2.06797083  0.26908927],[-0.56973325 -0.64404623],[ -1.4503535  -21.27234411],[0. 0.]
3628,3.6289999999997113,[-2.06854201  0.26842399],[-0.57118101 -0.6652732 ],[ -1.44776025 -21.22697576],[0. 0.]
3629,3.6299999999997112,[-2.06911464  0.26773754],[-0.57262608 -0.68645324],[ -1.44507042 -21.18003925],[0. 0.]
3630,3.630999999999711,[-2.06968871  0.26702995],[-0.57406836 -0.70758477],[ -1.44228306 -21.13153059],[0. 0.]
3631,3.631999999999711,[-2.07026421  0.26630129],[-0.57550776 -0.72866622],[ -1.43939721 -21.08144566],[0. 0.]
3632,3.632999999999711,[-2.07084116  0.26555159],[-0.57694417 -0.749696  ],[ -1.43641188 -21.02978028],[0. 0.]
3633,3.633999999999711,[-2.07141953  0.26478092],[-0.5783775  -0.77067253],[ -1.43332608 -20.97653019],[0. 0.]
3634,3.6349999999997107,[-2.07199934  0.26398933],[-0.57980764 -0.79159422],[ -1.43013877 -20.92169103],[0. 0.]
3635,3.6359999999997106,[-2.07258058  0.26317687],[-0.58123448 -0.81245948],[ -1.4268489 -20.8652584],[0. 0.]
3636,3.6369999999997105,[-2.07316323  0.2623436 ],[-0.58265794 -0.83326671],[ -1.42345539 -20.80722783],[0. 0.]
3637,3.6379999999997104,[-2.07374731  0.26148958],[-0.5840779 -0.8540143],[ -1.41995717 -20.74759476],[0. 0.]
3638,3.6389999999997102,[-2.07433281  0.26061488],[-0.58549425 -0.87470066],[ -1.41635311 -20.68635461],[0. 0.]
3639,3.63999999999971,[-2.07491971  0.25971956],[-0.58690689 -0.89532416],[ -1.4126421  -20.62350273],[0. 0.]
3640,3.64099999999971,[-2.07550803  0.25880368],[-0.58831572 -0.91588319],[ -1.40882298 -20.55903443],[0. 0.]
3641,3.64199999999971,[-2.07609775  0.2578673 ],[-0.58972061 -0.93637614],[ -1.4048946  -20.49294498],[0. 0.]
3642,3.64299999999971,[-2.07668887  0.2569105 ],[-0.59112147 -0.95680137],[ -1.40085578 -20.42522961],[0. 0.]
3643,3.6439999999997097,[-2.07728139  0.25593334],[-0.59251817 -0.97715725],[ -1.39670532 -20.35588353],[0. 0.]
3644,3.6449999999997096,[-2.0778753  0.2549359],[-0.59391061 -0.99744215],[ -1.39244202 -20.28490194],[0. 0.]
3645,3.6459999999997095,[-2.0784706   0.25391825],[-0.59529868 -1.01765443],[ -1.38806468 -20.21228   ],[0. 0.]
3646,3.6469999999997094,[-2.07906728  0.25288045],[-0.59668225 -1.03779245],[ -1.38357205 -20.13801288],[0. 0.]
3647,3.6479999999997093,[-2.07966534  0.2518226 ],[-0.59806121 -1.05785454],[ -1.37896289 -20.06209574],[0. 0.]
3648,3.648999999999709,[-2.08026478  0.25074476],[-0.59943545 -1.07783907],[ -1.37423596 -19.98452375],[0. 0.]
3649,3.649999999999709,[-2.08086558  0.24964701],[-0.60080484 -1.09774436],[ -1.36939001 -19.90529209],[0. 0.]
3650,3.650999999999709,[-2.08146775  0.24852945],[-0.60216926 -1.11756875],[ -1.36442375 -19.82439595],[0. 0.]
3651,3.651999999999709,[-2.08207128  0.24739214],[-0.6035286  -1.13731058],[ -1.35933594 -19.74183055],[0. 0.]
3652,3.6529999999997087,[-2.08267616  0.24623517],[-0.60488272 -1.15696818],[ -1.35412527 -19.65759117],[0. 0.]
3653,3.6539999999997086,[-2.08328239  0.24505863],[-0.60623151 -1.17653985],[ -1.34879049 -19.57167308],[0. 0.]
3654,3.6549999999997085,[-2.08388997  0.2438626 ],[-0.60757484 -1.19602392],[ -1.3433303  -19.48407164],[0. 0.]
3655,3.6559999999997084,[-2.08449888  0.24264718],[-0.60891259 -1.2154187 ],[ -1.33774341 -19.39478224],[0. 0.]
3656,3.6569999999997083,[-2.08510913  0.24141246],[-0.61024462 -1.2347225 ],[ -1.33202855 -19.30380037],[0. 0.]
3657,3.657999999999708,[-2.0857207   0.24015853],[-0.6115708  -1.25393362],[ -1.32618442 -19.21112155],[0. 0.]
3658,3.658999999999708,[-2.08633359  0.23888548],[-0.61289101 -1.27305037],[ -1.32020974 -19.1167414 ],[0. 0.]
3659,3.659999999999708,[-2.08694779  0.23759341],[-0.61420511 -1.29207102],[ -1.31410324 -19.02065564],[0. 0.]
3660,3.660999999999708,[-2.08756331  0.23628241],[-0.61551298 -1.31099388],[ -1.30786363 -18.92286007],[0. 0.]
3661,3.6619999999997077,[-2.08818012  0.2349526 ],[-0.61681447 -1.32981723],[ -1.30148965 -18.8233506 ],[0. 0.]
3662,3.6629999999997076,[-2.08879823  0.23360406],[-0.61810945 -1.34853936],[ -1.29498004 -18.72212325],[0. 0.]
3663,3.6639999999997075,[-2.08941763  0.2322369 ],[-0.61939778 -1.36715853],[ -1.28833353 -18.61917419],[0. 0.]
3664,3.6649999999997074,[-2.09003831  0.23085123],[-0.62067933 -1.38567303],[ -1.2815489  -18.51449969],[0. 0.]
3665,3.6659999999997073,[-2.09066026  0.22944714],[-0.62195395 -1.40408113],[ -1.27462489 -18.40809619],[0. 0.]
3666,3.666999999999707,[-2.09128348  0.22802476],[-0.62322151 -1.42238109],[ -1.26756031 -18.29996025],[0. 0.]
3667,3.667999999999707,[-2.09190797  0.22658419],[-0.62448187 -1.44057117],[ -1.26035393 -18.19008862],[0. 0.]
3668,3.668999999999707,[-2.0925337   0.22512554],[-0.62573487 -1.45864965],[ -1.25300456 -18.0784782 ],[0. 0.]
3669,3.669999999999707,[-2.09316068  0.22364893],[-0.62698038 -1.47661478],[ -1.24551104 -17.96512609],[0. 0.]
3670,3.6709999999997067,[-2.0937889   0.22215446],[-0.62821826 -1.49446481],[ -1.23787221 -17.85002956],[0. 0.]
3671,3.6719999999997066,[-2.09441835  0.22064226],[-0.62944834 -1.51219799],[ -1.23008693 -17.73318609],[0. 0.]
3672,3.6729999999997065,[-2.09504902  0.21911245],[-0.6306705  -1.52981259],[ -1.22215408 -17.61459336],[0. 0.]
3673,3.6739999999997064,[-2.0956809   0.21756515],[-0.63188457 -1.54730684],[ -1.21407258 -17.49424928],[0. 0.]
3674,3.6749999999997063,[-2.09631399  0.21600047],[-0.63309041 -1.56467899],[ -1.20584136 -17.37215199],[0. 0.]
3675,3.675999999999706,[-2.09694828  0.21441854],[-0.63428787 -1.58192729],[ -1.19745938 -17.24829985],[0. 0.]
3676,3.676999999999706,[-2.09758376  0.21281949],[-0.6354768  -1.59904998],[ -1.18892562 -17.12269149],[0. 0.]
3677,3.677999999999706,[-2.09822041  0.21120344],[-0.63665704 -1.61604531],[ -1.18023909 -16.99532578],[0. 0.]
3678,3.678999999999706,[-2.09885824  0.20957053],[-0.63782843 -1.63291151],[ -1.17139885 -16.86620189],[0. 0.]
3679,3.6799999999997057,[-2.09949723  0.20792089],[-0.63899084 -1.64964683],[ -1.16240396 -16.73531923],[0. 0.]
3680,3.6809999999997056,[-2.10013738  0.20625464],[-0.64014409 -1.6662495 ],[ -1.15325354 -16.60267753],[0. 0.]
3681,3.6819999999997055,[-2.10077867  0.20457192],[-0.64128804 -1.68271778],[ -1.14394673 -16.4682768 ],[0. 0.]
3682,3.6829999999997054,[-2.10142109  0.20287287],[-0.64242252 -1.6990499 ],[ -1.13448272 -16.33211738],[0. 0.]
3683,3.6839999999997053,[-2.10206464  0.20115762],[-0.64354738 -1.7152441 ],[ -1.12486072 -16.19419992],[0. 0.]
3684,3.684999999999705,[-2.1027093   0.19942633],[-0.64466246 -1.73129862],[ -1.11507998 -16.05452538],[0. 0.]
3685,3.685999999999705,[-2.10335507  0.19767911],[-0.6457676  -1.74721172],[ -1.10513982 -15.9130951 ],[0. 0.]
3686,3.686999999999705,[-2.10400193  0.19591613],[-0.64686264 -1.76298163],[ -1.09503956 -15.76991074],[0. 0.]
3687,3.687999999999705,[-2.10464988  0.19413753],[-0.64794742 -1.7786066 ],[ -1.08477861 -15.62497434],[0. 0.]
3688,3.6889999999997047,[-2.1052989   0.19234344],[-0.64902178 -1.79408489],[ -1.07435637 -15.4782883 ],[0. 0.]
3689,3.6899999999997046,[-2.10594898  0.19053403],[-0.65008555 -1.80941475],[ -1.06377234 -15.32985539],[0. 0.]
3690,3.6909999999997045,[-2.10660012  0.18870943],[-0.65113857 -1.82459443],[ -1.05302605 -15.1796788 ],[0. 0.]
3691,3.6919999999997044,[-2.1072523   0.18686981],[-0.65218069 -1.83962219],[ -1.04211705 -15.02776209],[0. 0.]
3692,3.6929999999997043,[-2.10790551  0.18501531],[-0.65321174 -1.8544963 ],[ -1.03104499 -14.87410925],[0. 0.]
3693,3.693999999999704,[-2.10855975  0.1831461 ],[-0.65423155 -1.86921502],[ -1.01980954 -14.71872468],[0. 0.]
3694,3.694999999999704,[-2.10921499  0.18126232],[-0.65523996 -1.88377664],[ -1.00841043 -14.5616132 ],[0. 0.]
3695,3.695999999999704,[-2.10987122  0.17936414],[-0.6562368  -1.89817942],[ -0.99684746 -14.40278009],[0. 0.]
3696,3.696999999999704,[-2.11052844  0.17745172],[-0.65722192 -1.91242165],[ -0.98512046 -14.24223105],[0. 0.]
3697,3.6979999999997037,[-2.11118664  0.17552522],[-0.65819515 -1.92650162],[ -0.97322934 -14.07997226],[0. 0.]
3698,3.6989999999997036,[-2.1118458  0.1735848],[-0.65915633 -1.94041763],[ -0.96117407 -13.91601034],[0. 0.]
3699,3.6999999999997035,[-2.1125059   0.17163063],[-0.66010528 -1.95416798],[ -0.94895466 -13.75035241],[0. 0.]
3700,3.7009999999997034,[-2.11316694  0.16966288],[-0.66104185 -1.96775099],[ -0.93657121 -13.58300604],[0. 0.]
3701,3.7019999999997033,[-2.11382891  0.16768172],[-0.66196588 -1.98116497],[ -0.92402385 -13.4139793 ],[0. 0.]
3702,3.702999999999703,[-2.11449179  0.16568731],[-0.66287719 -1.99440825],[ -0.91131279 -13.24328078],[0. 0.]
3703,3.703999999999703,[-2.11515556  0.16367983],[-0.66377563 -2.00747917],[ -0.89843833 -13.07091953],[0. 0.]
3704,3.704999999999703,[-2.11582022  0.16165945],[-0.66466103 -2.02037607],[ -0.88540079 -12.89690513],[0. 0.]
3705,3.705999999999703,[-2.11648576  0.15962636],[-0.66553323 -2.03309732],[ -0.87220058 -12.7212477 ],[0. 0.]
3706,3.7069999999997028,[-2.11715215  0.15758071],[-0.66639207 -2.04564128],[ -0.8588382  -12.54395784],[0. 0.]
3707,3.7079999999997026,[-2.11781939  0.15552271],[-0.66723738 -2.05800632],[ -0.84531417 -12.36504672],[0. 0.]
3708,3.7089999999997025,[-2.11848745  0.15345252],[-0.66806901 -2.07019085],[ -0.83162912 -12.18452602],[0. 0.]
3709,3.7099999999997024,[-2.11915634  0.15137032],[-0.6688868  -2.08219326],[ -0.81778375 -12.00240796],[0. 0.]
3710,3.7109999999997023,[-2.11982603  0.14927631],[-0.66969057 -2.09401196],[ -0.80377879 -11.81870534],[0. 0.]
3711,3.711999999999702,[-2.12049651  0.14717067],[-0.67048019 -2.1056454 ],[ -0.7896151  -11.63343146],[0. 0.]
3712,3.712999999999702,[-2.12116777  0.14505358],[-0.67125548 -2.117092  ],[ -0.77529358 -11.44660021],[0. 0.]
3713,3.713999999999702,[-2.12183978  0.14292522],[-0.6720163  -2.12835022],[ -0.76081519 -11.25822604],[0. 0.]
3714,3.714999999999702,[-2.12251255  0.14078581],[-0.67276248 -2.13941855],[ -0.746181   -11.06832395],[0. 0.]
3715,3.7159999999997018,[-2.12318604  0.13863551],[-0.67349387 -2.15029546],[ -0.73139214 -10.8769095 ],[0. 0.]
3716,3.7169999999997017,[-2.12386025  0.13647453],[-0.67421032 -2.16097945],[ -0.71644981 -10.68399884],[0. 0.]
3717,3.7179999999997015,[-2.12453516  0.13430306],[-0.67491168 -2.17146906],[ -0.70135528 -10.48960867],[0. 0.]
3718,3.7189999999997014,[-2.12521076  0.1321213 ],[-0.67559779 -2.18176282],[ -0.68610991 -10.29375628],[0. 0.]
3719,3.7199999999997013,[-2.12588703  0.12992944],[-0.6762685  -2.19185928],[ -0.67071513 -10.09645952],[0. 0.]
3720,3.720999999999701,[-2.12656395  0.12772768],[-0.67692367 -2.20175702],[-0.65517245 -9.89773683],[0. 0.]
3721,3.721999999999701,[-2.12724152  0.12551623],[-0.67756316 -2.21145462],[-0.63948346 -9.69760719],[0. 0.]
3722,3.722999999999701,[-2.1279197   0.12329528],[-0.67818681 -2.22095071],[-0.6236498  -9.49609021],[0. 0.]
3723,3.723999999999701,[-2.1285985   0.12106503],[-0.67879448 -2.23024392],[-0.60767322 -9.29320602],[0. 0.]
3724,3.7249999999997008,[-2.12927788  0.1188257 ],[-0.67938604 -2.23933289],[-0.59155554 -9.08897535],[0. 0.]
3725,3.7259999999997007,[-2.12995784  0.11657748],[-0.67996133 -2.24821631],[-0.57529863 -8.88341951],[0. 0.]
3726,3.7269999999997006,[-2.13063836  0.11432059],[-0.68052024 -2.25689287],[-0.55890446 -8.67656035],[0. 0.]
3727,3.7279999999997004,[-2.13131943  0.11205523],[-0.68106261 -2.26536129],[-0.54237508 -8.4684203 ],[0. 0.]
3728,3.7289999999997003,[-2.13200101  0.10978161],[-0.68158833 -2.27362032],[-0.5257126  -8.25902236],[0. 0.]
3729,3.7299999999997,[-2.13268311  0.10749994],[-0.68209725 -2.28166871],[-0.50891921 -8.04839008],[0. 0.]
3730,3.7309999999997,[-2.1333657   0.10521044],[-0.68258924 -2.28950525],[-0.49199717 -7.83654755],[0. 0.]
3731,3.7319999999997,[-2.13404877  0.10291331],[-0.68306419 -2.29712877],[-0.47494882 -7.62351945],[0. 0.]
3732,3.7329999999997,[-2.13473229  0.10060877],[-0.68352197 -2.3045381 ],[-0.45777657 -7.40933095],[0. 0.]
3733,3.7339999999997,[-2.13541625  0.09829704],[-0.68396245 -2.31173211],[-0.4404829  -7.19400779],[0. 0.]
3734,3.7349999999996997,[-2.13610064  0.09597833],[-0.68438552 -2.31870969],[-0.42307036 -6.97757624],[0. 0.]
3735,3.7359999999996996,[-2.13678543  0.09365286],[-0.68479106 -2.32546975],[-0.40554159 -6.76006308],[0. 0.]
3736,3.7369999999996995,[-2.13747061  0.09132085],[-0.68517896 -2.33201125],[-0.38789926 -6.54149561],[0. 0.]
3737,3.7379999999996993,[-2.13815615  0.08898251],[-0.68554911 -2.33833315],[-0.37014615 -6.32190163],[0. 0.]
3738,3.7389999999996992,[-2.13884206  0.08663808],[-0.68590139 -2.34443446],[-0.35228507 -6.10130945],[0. 0.]
3739,3.739999999999699,[-2.13952829  0.08428776],[-0.68623571 -2.35031421],[-0.33431892 -5.87974787],[0. 0.]
3740,3.740999999999699,[-2.14021484  0.08193179],[-0.68655196 -2.35597145],[-0.31625066 -5.65724614],[0. 0.]
3741,3.741999999999699,[-2.14090169  0.07957039],[-0.68685005 -2.36140529],[-0.29808331 -5.433834  ],[0. 0.]
3742,3.742999999999699,[-2.14158882  0.07720377],[-0.68712987 -2.36661483],[-0.27981994 -5.20954165],[0. 0.]
3743,3.7439999999996987,[-2.14227621  0.07483217],[-0.68739133 -2.37159923],[-0.26146369 -4.98439973],[0. 0.]
3744,3.7449999999996986,[-2.14296385  0.07245582],[-0.68763435 -2.37635767],[-0.24301778 -4.7584393 ],[0. 0.]
3745,3.7459999999996985,[-2.14365171  0.07007493],[-0.68785883 -2.38088936],[-0.22448544 -4.53169185],[0. 0.]
3746,3.7469999999996983,[-2.14433977  0.06768973],[-0.6880647  -2.38519355],[-0.20587    -4.30418928],[0. 0.]
3747,3.7479999999996982,[-2.14502802  0.06530046],[-0.68825188 -2.38926951],[-0.1871748  -4.07596387],[0. 0.]
3748,3.748999999999698,[-2.14571645  0.06290735],[-0.68842028 -2.39311656],[-0.16840328 -3.84704829],[0. 0.]
3749,3.749999999999698,[-2.14640501  0.06051061],[-0.68856984 -2.39673404],[-0.14955888 -3.61747557],[0. 0.]
3750,3.750999999999698,[-2.14709372  0.05811049],[-0.68870049 -2.40012132],[-0.13064512 -3.38727909],[0. 0.]
3751,3.751999999999698,[-2.14778253  0.05570721],[-0.68881215 -2.40327781],[-0.11166556 -3.15649257],[0. 0.]
3752,3.7529999999996977,[-2.14847143  0.05330101],[-0.68890478 -2.40620296],[-0.09262378 -2.92515002],[0. 0.]
3753,3.7539999999996976,[-2.14916041  0.05089212],[-0.6889783  -2.40889624],[-0.07352343 -2.6932858 ],[0. 0.]
3754,3.7549999999996975,[-2.14984944  0.04848076],[-0.68903267 -2.41135718],[-0.05436819 -2.46093451],[0. 0.]
3755,3.7559999999996974,[-2.15053851  0.04606717],[-0.68906783 -2.41358531],[-0.03516176 -2.22813104],[0. 0.]
3756,3.7569999999996972,[-2.15122759  0.04365159],[-0.68908374 -2.41558022],[-0.0159079  -1.99491054],[0. 0.]
3757,3.757999999999697,[-2.15191668  0.04123425],[-0.68908035 -2.41734153],[ 0.00338963 -1.76130836],[0. 0.]
3758,3.758999999999697,[-2.15260573  0.03881538],[-0.68905762 -2.41886889],[ 0.02272701 -1.5273601 ],[0. 0.]
3759,3.759999999999697,[-2.15329475  0.03639522],[-0.68901552 -2.42016199],[ 0.04210041 -1.29310155],[0. 0.]
3760,3.760999999999697,[-2.1539837  0.033974 ],[-0.68895401 -2.42122056],[ 0.06150597 -1.05856865],[0. 0.]
3761,3.7619999999996967,[-2.15467258  0.03155196],[-0.68887307 -2.42204436],[ 0.08093981 -0.82379755],[0. 0.]
3762,3.7629999999996966,[-2.15536135  0.02912932],[-0.68877268 -2.42263318],[ 0.10039804 -0.5888245 ],[0. 0.]
3763,3.7639999999996965,[-2.15605     0.02670633],[-0.6886528  -2.42298687],[ 0.11987675 -0.3536859 ],[0. 0.]
3764,3.7649999999996964,[-2.15673851  0.02428323],[-0.68851343 -2.42310528],[ 0.13937199 -0.11841823],[0. 0.]
3765,3.7659999999996963,[-2.15742687  0.02186024],[-0.68835455 -2.42298834],[0.15887984 0.11694193],[0. 0.]
3766,3.766999999999696,[-2.15811504  0.01943761],[-0.68817615 -2.42263598],[0.17839635 0.35235793],[0. 0.]
3767,3.767999999999696,[-2.15880302  0.01701556],[-0.68797823 -2.42204819],[0.19791756 0.58779309],[0. 0.]
3768,3.768999999999696,[-2.15949078  0.01459433],[-0.68776079 -2.42122498],[0.21743951 0.8232107 ],[0. 0.]
3769,3.769999999999696,[-2.16017831  0.01217417],[-0.68752384 -2.42016641],[0.23695825 1.05857403],[0. 0.]
3770,3.7709999999996957,[-2.16086558  0.00975529],[-0.68726737 -2.41887256],[0.25646981 1.29384637],[0. 0.]
3771,3.7719999999996956,[-2.16155257  0.00733795],[-0.6869914  -2.41734357],[0.27597026 1.52899106],[0. 0.]
3772,3.7729999999996955,[-2.16223926  0.00492237],[-0.68669594 -2.4155796 ],[0.29545563 1.76397147],[0. 0.]
3773,3.7739999999996954,[-2.16292564  0.00250879],[-0.68638102 -2.41358085],[0.314922   1.99875104],[0. 0.]
3774,3.7749999999996953,[-2.16361169e+00  9.74416454e-05],[-0.68604665 -2.41134755],[0.33436544 2.23329332],[0. 0.]
3775,3.775999999999695,[-2.16429738 -0.00231144],[-0.68569287 -2.40887999],[0.35378205 2.46756196],[0. 0.]
3776,3.776999999999695,[-2.1649827  -0.00471762],[-0.6853197  -2.40617847],[0.37316793 2.70152072],[0. 0.]
3777,3.777999999999695,[-2.16566763 -0.00712086],[-0.68492718 -2.40324334],[0.39251922 2.93513354],[0. 0.]
3778,3.778999999999695,[-2.16635215 -0.00952094],[-0.68451535 -2.40007497],[0.41183206 3.16836452],[0. 0.]
3779,3.7799999999996947,[-2.16703623 -0.01191761],[-0.68408425 -2.39667379],[0.43110263 3.40117791],[0. 0.]
3780,3.7809999999996946,[-2.16771986 -0.01431065],[-0.68363392 -2.39304026],[0.45032714 3.63353822],[0. 0.]
3781,3.7819999999996945,[-2.16840303 -0.01669982],[-0.68316442 -2.38917485],[0.46950182 3.86541013],[0. 0.]
3782,3.7829999999996944,[-2.1690857 -0.0190849],[-0.6826758  -2.38507809],[0.48862294 4.09675859],[0. 0.]
3783,3.7839999999996943,[-2.16976787 -0.02146565],[-0.68216811 -2.38075054],[0.5076868 4.3275488],[0. 0.]
3784,3.784999999999694,[-2.17044951 -0.02384185],[-0.68164142 -2.37619279],[0.52668974 4.55774623],[0. 0.]
3785,3.785999999999694,[-2.17113061 -0.02621325],[-0.68109579 -2.37140548],[0.54562814 4.78731663],[0. 0.]
3786,3.786999999999694,[-2.17181114 -0.02857964],[-0.68053129 -2.36638925],[0.56449841 5.01622607],[0. 0.]
3787,3.787999999999694,[-2.17249109 -0.03094078],[-0.679948   -2.36114481],[0.58329702 5.24444096],[0. 0.]
3788,3.7889999999996937,[-2.17317043 -0.03329646],[-0.67934598 -2.35567288],[0.60202047 5.47192801],[0. 0.]
3789,3.7899999999996936,[-2.17384916 -0.03564643],[-0.67872531 -2.34997423],[0.62066533 5.6986543 ],[0. 0.]
3790,3.7909999999996935,[-2.17452725 -0.03799048],[-0.67808608 -2.34404964],[0.63922819 5.9245873 ],[0. 0.]
3791,3.7919999999996934,[-2.17520467 -0.04032838],[-0.67742838 -2.33789994],[0.65770572 6.14969483],[0. 0.]
3792,3.7929999999996933,[-2.17588143 -0.04265991],[-0.67675228 -2.331526  ],[0.67609463 6.37394513],[0. 0.]
3793,3.793999999999693,[-2.17655748 -0.04498484],[-0.67605789 -2.32492869],[0.69439168 6.59730683],[0. 0.]
3794,3.794999999999693,[-2.17723283 -0.04730295],[-0.6753453  -2.31810894],[0.71259369 6.81974901],[0. 0.]
3795,3.795999999999693,[-2.17790744 -0.04961401],[-0.6746146 -2.3110677],[0.73069755 7.04124116],[0. 0.]
3796,3.796999999999693,[-2.17858131 -0.05191782],[-0.6738659  -2.30380595],[0.74870019 7.26175322],[0. 0.]
3797,3.7979999999996927,[-2.17925441 -0.05421414],[-0.6730993  -2.29632469],[0.76659863 7.48125562],[0. 0.]
3798,3.7989999999996926,[-2.17992672 -0.05650277],[-0.67231491 -2.28862497],[0.78438993 7.69971921],[0. 0.]
3799,3.7999999999996925,[-2.18059824 -0.05878348],[-0.67151284 -2.28070786],[0.80207121 7.91711537],[0. 0.]
3800,3.8009999999996924,[-2.18126893 -0.06105605],[-0.6706932  -2.27257444],[0.81963969 8.13341593],[0. 0.]
3801,3.8019999999996923,[-2.18193879 -0.06332028],[-0.66985611 -2.26422585],[0.83709261 8.34859325],[0. 0.]
3802,3.802999999999692,[-2.18260779 -0.06557594],[-0.66900168 -2.25566323],[0.85442731 8.56262017],[0. 0.]
3803,3.803999999999692,[-2.18327592 -0.06782283],[-0.66813004 -2.24688776],[0.8716412  8.77547007],[0. 0.]
3804,3.804999999999692,[-2.18394316 -0.07006073],[-0.66724131 -2.23790064],[0.88873173 8.98711685],[0. 0.]
3805,3.805999999999692,[-2.1846095  -0.07228943],[-0.66633561 -2.22870311],[0.90569647 9.19753492],[0. 0.]
3806,3.8069999999996917,[-2.18527491 -0.07450873],[-0.66541308 -2.21929641],[0.92253301 9.40669926],[0. 0.]
3807,3.8079999999996916,[-2.18593938 -0.07671841],[-0.66447384 -2.20968182],[0.93923905 9.61458536],[0. 0.]
3808,3.8089999999996915,[-2.1866029  -0.07891827],[-0.66351803 -2.19986065],[0.95581235 9.82116929],[0. 0.]
3809,3.8099999999996914,[-2.18726545 -0.0811081 ],[-0.66254577 -2.18983423],[ 0.97225074 10.02642764],[0. 0.]
3810,3.8109999999996913,[-2.187927   -0.08328771],[-0.66155722 -2.17960389],[ 0.98855212 10.2303376 ],[0. 0.]
3811,3.811999999999691,[-2.18858756 -0.08545688],[-0.66055251 -2.16917101],[ 1.00471449 10.43287687],[0. 0.]
3812,3.812999999999691,[-2.18924709 -0.08761542],[-0.65953177 -2.15853699],[ 1.02073589 10.63402377],[0. 0.]
3813,3.813999999999691,[-2.18990558 -0.08976312],[-0.65849516 -2.14770323],[ 1.03661447 10.83375713],[0. 0.]
3814,3.814999999999691,[-2.19056303 -0.09189979],[-0.65744281 -2.13667117],[ 1.05234843 11.0320564 ],[0. 0.]
3815,3.8159999999996908,[-2.1912194  -0.09402523],[-0.65637487 -2.12544227],[ 1.06793605 11.22890157],[0. 0.]
3816,3.8169999999996906,[-2.19187469 -0.09613925],[-0.6552915 -2.114018 ],[ 1.08337569 11.42427321],[0. 0.]
3817,3.8179999999996905,[-2.19252888 -0.09824165],[-0.65419283 -2.10239985],[ 1.0986658  11.61815245],[0. 0.]
3818,3.8189999999996904,[-2.19318196 -0.10033224],[-0.65307903 -2.09058933],[ 1.11380488 11.81052102],[0. 0.]
3819,3.8199999999996903,[-2.19382822 -0.10234145],[-0.64625193 -2.0092088 ],[ 6.82710118 81.38052469],[0.07627773 0.140517  ]
3820,3.82099999999969,[-2.19446778 -0.10427103],[-0.63956534 -1.92957994],[ 6.68658102 79.62885937],[0.07602481 0.13654132]
3821,3.82199999999969,[-2.1951008 -0.1061227],[-0.63301661 -1.85167022],[ 6.54873291 77.90972485],[0.07577825 0.13264533]
3822,3.82299999999969,[-2.1957274  -0.10789815],[-0.62660309 -1.77544759],[ 6.41352391 76.22262869],[0.07553795 0.12882759]
3823,3.82399999999969,[-2.19634772 -0.10959903],[-0.62032217 -1.70088052],[ 6.2809192  74.56707125],[0.07530377 0.12508667]
3824,3.8249999999996898,[-2.19696189 -0.11122697],[-0.61417129 -1.62793797],[ 6.1508824  72.94254744],[0.07507561 0.12142114]
3825,3.8259999999996896,[-2.19757004 -0.11278355],[-0.60814791 -1.55658942],[ 6.02337575 71.34854842],[0.07485335 0.11782963]
3826,3.8269999999996895,[-2.19817229 -0.11427036],[-0.60224955 -1.48680486],[ 5.89836039 69.78456299],[0.07463687 0.11431077]
3827,3.8279999999996894,[-2.19876877 -0.11568891],[-0.59647375 -1.41855478],[ 5.77579656 68.25007901],[0.07442607 0.11086321]
3828,3.8289999999996893,[-2.19935958 -0.11704072],[-0.59081811 -1.3518102 ],[ 5.65564378 66.74458453],[0.07422082 0.10748562]
3829,3.829999999999689,[-2.19994486 -0.11832727],[-0.58528025 -1.28654263],[ 5.53786102 65.26756892],[0.07402104 0.10417672]
3830,3.830999999999689,[-2.20052472 -0.11954999],[-0.57985784 -1.2227241 ],[ 5.42240684 63.81852377],[0.07382659 0.10093523]
3831,3.831999999999689,[-2.20109927 -0.12071032],[-0.5745486  -1.16032716],[ 5.30923957 62.3969438 ],[0.07363739 0.09775989]
3832,3.832999999999689,[-2.20166862 -0.12180964],[-0.56935029 -1.09932483],[ 5.1983174  61.00232756],[0.07345333 0.09464946]
3833,3.8339999999996888,[-2.20223288 -0.12284933],[-0.56426069 -1.03969065],[ 5.08959849 59.63417816],[0.07327431 0.09160275]
3834,3.8349999999996887,[-2.20279216 -0.12383073],[-0.55927765 -0.98139865],[ 4.98304112 58.29200381],[0.07310022 0.08861857]
3835,3.8359999999996885,[-2.20334656 -0.12475516],[-0.55439904 -0.92442333],[ 4.87860369 56.97531837],[0.07293098 0.08569575]
3836,3.8369999999996884,[-2.20389618 -0.1256239 ],[-0.5496228  -0.86873969],[ 4.7762449  55.68364175],[0.07276648 0.08283314]
3837,3.8379999999996883,[-2.20444113 -0.12643822],[-0.54494687 -0.81432319],[ 4.67592375 54.41650034],[0.07260664 0.08002964]
3838,3.838999999999688,[-2.20498482 -0.12723847],[-0.54368829 -0.80025574],[ 1.25858797 14.06745192],[0. 0.]
3839,3.839999999999688,[-2.20552724 -0.12802459],[-0.54242465 -0.78611939],[ 1.26363579 14.13634649],[0. 0.]
3840,3.840999999999688,[-2.2060684  -0.12879651],[-0.54115607 -0.77191544],[ 1.26858291 14.2039479 ],[0. 0.]
3841,3.841999999999688,[-2.20660828 -0.12955415],[-0.53988264 -0.75764519],[ 1.27342945 14.27025407],[0. 0.]
3842,3.8429999999996878,[-2.20714688 -0.13029746],[-0.53860446 -0.74330993],[ 1.27817556 14.33526299],[0. 0.]
3843,3.8439999999996877,[-2.2076842  -0.13102638],[-0.53732164 -0.72891095],[ 1.28282139 14.39897276],[0. 0.]
3844,3.8449999999996876,[-2.20822024 -0.13174083],[-0.53603427 -0.71444957],[ 1.28736709 14.46138158],[0. 0.]
3845,3.8459999999996874,[-2.20875498 -0.13244075],[-0.53474246 -0.69992708],[ 1.29181283 14.52248774],[0. 0.]
3846,3.8469999999996873,[-2.20928843 -0.1331261 ],[-0.5334463  -0.68534479],[ 1.29615875 14.58228961],[0. 0.]
3847,3.8479999999996872,[-2.20982057 -0.1337968 ],[-0.5321459  -0.67070401],[ 1.30040505 14.64078565],[0. 0.]
3848,3.848999999999687,[-2.21035142 -0.13445281],[-0.53084134 -0.65600603],[ 1.30455187 14.6979744 ],[0. 0.]
3849,3.849999999999687,[-2.21088095 -0.13509406],[-0.52953275 -0.64125218],[ 1.30859941 14.75385448],[0. 0.]
3850,3.850999999999687,[-2.21140917 -0.1357205 ],[-0.5282202  -0.62644375],[ 1.31254783 14.80842459],[0. 0.]
3851,3.851999999999687,[-2.21193607 -0.13633209],[-0.5269038  -0.61158207],[ 1.31639733 14.8616835 ],[0. 0.]
3852,3.8529999999996867,[-2.21246166 -0.13692875],[-0.52558365 -0.59666844],[ 1.32014807 14.91363005],[0. 0.]
3853,3.8539999999996866,[-2.21298592 -0.13751046],[-0.52425985 -0.58170418],[ 1.32380024 14.96426316],[0. 0.]
3854,3.8549999999996865,[-2.21350885 -0.13807715],[-0.5229325 -0.5666906],[ 1.32735404 15.01358178],[0. 0.]
3855,3.8559999999996863,[-2.21403045 -0.13862878],[-0.52160169 -0.55162901],[ 1.33080964 15.06158497],[0. 0.]
3856,3.8569999999996862,[-2.21455072 -0.1391653 ],[-0.52026752 -0.53652074],[ 1.33416723 15.10827181],[0. 0.]
3857,3.857999999999686,[-2.21506965 -0.13968667],[-0.51893009 -0.5213671 ],[ 1.337427   15.15364146],[0. 0.]
3858,3.858999999999686,[-2.21558724 -0.14019283],[-0.5175895 -0.5061694],[ 1.34058912 15.19769313],[0. 0.]
3859,3.859999999999686,[-2.21610348 -0.14068376],[-0.51624585 -0.49092898],[ 1.34365379 15.24042607],[0. 0.]
3860,3.860999999999686,[-2.21661838 -0.14115941],[-0.51489923 -0.47564714],[ 1.34662119 15.28183959],[0. 0.]
3861,3.8619999999996857,[-2.21713193 -0.14161974],[-0.51354974 -0.46032521],[ 1.3494915  15.32193306],[0. 0.]
3862,3.8629999999996856,[-2.21764413 -0.1420647 ],[-0.51219747 -0.4449645 ],[ 1.3522649  15.36070586],[0. 0.]
3863,3.8639999999996855,[-2.21815497 -0.14249427],[-0.51084253 -0.42956634],[ 1.35494157 15.39815745],[0. 0.]
3864,3.8649999999996854,[-2.21866446 -0.1429084 ],[-0.50948501 -0.41413206],[ 1.35752167 15.43428731],[0. 0.]
3865,3.8659999999996852,[-2.21917258 -0.14330706],[-0.508125   -0.39866296],[ 1.36000538 15.46909496],[0. 0.]
3866,3.866999999999685,[-2.21967934 -0.14369022],[-0.50676261 -0.38316038],[ 1.36239288 15.50257995],[0. 0.]
3867,3.867999999999685,[-2.22018474 -0.14405785],[-0.50539793 -0.36762564],[ 1.36468431 15.5347419 ],[0. 0.]
3868,3.868999999999685,[-2.22068877 -0.14440991],[-0.50403105 -0.35206006],[ 1.36687985 15.56558041],[0. 0.]
3869,3.869999999999685,[-2.22119144 -0.14474637],[-0.50266207 -0.33646496],[ 1.36897965 15.59509515],[0. 0.]
3870,3.8709999999996847,[-2.22169273 -0.14506721],[-0.50129108 -0.32084168],[ 1.37098386 15.6232858 ],[0. 0.]
3871,3.8719999999996846,[-2.22219264 -0.14537241],[-0.49991819 -0.30519153],[ 1.37289262 15.65015207],[0. 0.]
3872,3.8729999999996845,[-2.22269119 -0.14566192],[-0.49854349 -0.28951583],[ 1.37470609 15.6756937 ],[0. 0.]
3873,3.8739999999996844,[-2.22318836 -0.14593574],[-0.49716706 -0.27381592],[ 1.37642439 15.69991046],[0. 0.]
3874,3.8749999999996843,[-2.22368414 -0.14619383],[-0.49578901 -0.25809312],[ 1.37804766 15.72280213],[0. 0.]
3875,3.875999999999684,[-2.22417855 -0.14643618],[-0.49440944 -0.24234875],[ 1.37957602 15.7443685 ],[0. 0.]
3876,3.876999999999684,[-2.22467158 -0.14666276],[-0.49302843 -0.22658414],[ 1.38100959 15.76460942],[0. 0.]
3877,3.877999999999684,[-2.22516323 -0.14687356],[-0.49164608 -0.21080062],[ 1.38234849 15.78352471],[0. 0.]
3878,3.878999999999684,[-2.22565349 -0.14706856],[-0.49026249 -0.1949995 ],[ 1.38359281 15.80111424],[0. 0.]
3879,3.8799999999996837,[-2.22614237 -0.14724775],[-0.48887774 -0.17918212],[ 1.38474267 15.8173779 ],[0. 0.]
3880,3.8809999999996836,[-2.22662986 -0.1474111 ],[-0.48749195 -0.16334981],[ 1.38579816 15.83231555],[0. 0.]
3881,3.8819999999996835,[-2.22711597 -0.1475586 ],[-0.48610519 -0.14750388],[ 1.38675935 15.84592712],[0. 0.]
3882,3.8829999999996834,[-2.22760071 -0.14769064],[-0.48474797 -0.13203883],[ 1.35721887 15.46505153],[0. 0.]
3883,3.8839999999996833,[-2.22808422 -0.14780867],[-0.48350386 -0.11803543],[ 1.24410266 14.00340258],[0. 0.]
3884,3.884999999999683,[-2.22856648 -0.14791271],[-0.48226007 -0.10403519],[ 1.24379838 14.0002335 ],[0. 0.]
3885,3.885999999999683,[-2.22904749 -0.14800274],[-0.48101564 -0.09002622],[ 1.24442186 14.00897408],[0. 0.]
3886,3.886999999999683,[-2.22952726 -0.14807874],[-0.47977068 -0.07600969],[ 1.24496068 14.01653372],[0. 0.]
3887,3.887999999999683,[-2.23000579 -0.14814073],[-0.47852527 -0.06198677],[ 1.24541488 14.02291227],[0. 0.]
3888,3.8889999999996827,[-2.23048307 -0.14818869],[-0.47727948 -0.04795866],[ 1.24578448 14.02810961],[0. 0.]
3889,3.8899999999996826,[-2.2309591  -0.14822262],[-0.47603341 -0.03392654],[ 1.24606949 14.03212565],[0. 0.]
3890,3.8909999999996825,[-2.23143389 -0.14824251],[-0.47478714 -0.01989158],[ 1.24626995 14.03496032],[0. 0.]
3891,3.8919999999996824,[-2.23190743 -0.14824836],[-0.47354076 -0.00585496],[ 1.24638586 14.03661358],[0. 0.]
3892,3.8929999999996823,[-2.23237972 -0.14824018],[-0.47229434  0.00818212],[ 1.24641722 14.0370854 ],[0. 0.]
3893,3.893999999999682,[-2.23285077 -0.14821796],[-0.47104798  0.0222185 ],[ 1.24636405 14.03637579],[0. 0.]
3894,3.894999999999682,[-2.23332057 -0.14818171],[-0.46980175  0.03625298],[ 1.24622634 14.03448479],[0. 0.]
3895,3.895999999999682,[-2.23378913 -0.14813143],[-0.46855575  0.05028439],[ 1.24600409 14.03141243],[0. 0.]
3896,3.896999999999682,[-2.23425644 -0.14806711],[-0.46731005  0.06431155],[ 1.24569729 14.0271588 ],[0. 0.]
3897,3.8979999999996817,[-2.2347225  -0.14798878],[-0.46606474  0.07833328],[ 1.24530592 14.021724  ],[0. 0.]
3898,3.8989999999996816,[-2.23518732 -0.14789643],[-0.46481991  0.09234838],[ 1.24482998 14.01510816],[0. 0.]
3899,3.8999999999996815,[-2.2356509  -0.14779008],[-0.46357564  0.1063557 ],[ 1.24426944 14.00731142],[0. 0.]
3900,3.9009999999996814,[-2.23611323 -0.14766972],[-0.46233202  0.12035403],[ 1.24362427 13.99833396],[0. 0.]
3901,3.9019999999996813,[-2.23657432 -0.14753538],[-0.46108913  0.13434221],[ 1.24289445 13.98817599],[0. 0.]
3902,3.902999999999681,[-2.23703417 -0.14738706],[-0.45984705  0.14831904],[ 1.24207995 13.97683773],[0. 0.]
3903,3.903999999999681,[-2.23749277 -0.14722478],[-0.45860587  0.16228336],[ 1.24118072 13.96431943],[0. 0.]
3904,3.904999999999681,[-2.23795014 -0.14704854],[-0.45736567  0.17623398],[ 1.24019673 13.95062137],[0. 0.]
3905,3.905999999999681,[-2.23840627 -0.14685837],[-0.45612654  0.19016973],[ 1.23912792 13.93574387],[0. 0.]
3906,3.9069999999996807,[-2.23886115 -0.14665428],[-0.45488857  0.20408942],[ 1.23797427 13.91968726],[0. 0.]
3907,3.9079999999996806,[-2.23931481 -0.14643629],[-0.45365183  0.21799187],[ 1.23673571 13.9024519 ],[0. 0.]
3908,3.9089999999996805,[-2.23976722 -0.14620442],[-0.45241642  0.23187591],[ 1.23541218 13.88403819],[0. 0.]
3909,3.9099999999996804,[-2.24021841 -0.14595868],[-0.45118241  0.24574035],[ 1.23400364 13.86444655],[0. 0.]
3910,3.9109999999996803,[-2.24066836 -0.14569909],[-0.4499499   0.25958403],[ 1.23251002 13.84367744],[0. 0.]
3911,3.91199999999968,[-2.24111707 -0.14542569],[-0.44871897  0.27340576],[ 1.23093125 13.82173135],[0. 0.]
3912,3.91299999999968,[-2.24156456 -0.14513848],[-0.44748971  0.28720437],[ 1.22926727 13.79860879],[0. 0.]
3913,3.91399999999968,[-2.24201083 -0.1448375 ],[-0.44626219  0.30097868],[ 1.22751801 13.77431033],[0. 0.]
3914,3.91499999999968,[-2.24245586 -0.14452278],[-0.4450365   0.31472752],[ 1.2256834  13.74883656],[0. 0.]
3915,3.9159999999996797,[-2.24289968 -0.14419433],[-0.44381274  0.3284497 ],[ 1.22376336 13.72218809],[0. 0.]
3916,3.9169999999996796,[-2.24334227 -0.14385218],[-0.44259098  0.34214407],[ 1.22175782 13.6943656 ],[0. 0.]
3917,3.9179999999996795,[-2.24378364 -0.14349637],[-0.44137132  0.35580944],[ 1.2196667  13.66536979],[0. 0.]
3918,3.9189999999996794,[-2.24422379 -0.14312693],[-0.44015383  0.36944464],[ 1.21748992 13.6352014 ],[0. 0.]
3919,3.9199999999996793,[-2.24466273 -0.14274388],[-0.4389386  0.3830485],[ 1.21522739 13.60386121],[0. 0.]
3920,3.920999999999679,[-2.24510046 -0.14234726],[-0.43772572  0.39661985],[ 1.21287903 13.57135005],[0. 0.]
3921,3.921999999999679,[-2.24553697 -0.1419371 ],[-0.43651528  0.41015752],[ 1.21044477 13.53766878],[0. 0.]
3922,3.922999999999679,[-2.24597228 -0.14151344],[-0.43530735  0.42366034],[ 1.20792451 13.50281834],[0. 0.]
3923,3.923999999999679,[-2.24640638 -0.14107632],[-0.43410203  0.43712714],[ 1.20531816 13.46679966],[0. 0.]
3924,3.9249999999996787,[-2.24683928 -0.14062576],[-0.43289941  0.45055675],[ 1.20262565 13.42961378],[0. 0.]
3925,3.9259999999996786,[-2.24727098 -0.14016181],[-0.43169956  0.46394802],[ 1.19984688 13.39126174],[0. 0.]
3926,3.9269999999996785,[-2.24770148 -0.13968451],[-0.43050258  0.47729976],[ 1.19698177 13.35174465],[0. 0.]
3927,3.9279999999996784,[-2.24813079 -0.1391939 ],[-0.42930855  0.49061082],[ 1.19403024 13.31106369],[0. 0.]
3928,3.9289999999996783,[-2.24855891 -0.13869002],[-0.42811756  0.50388004],[ 1.19099219 13.26922007],[0. 0.]
3929,3.929999999999678,[-2.24898584 -0.13817291],[-0.42692969  0.51710626],[ 1.18786754 13.22621506],[0. 0.]
3930,3.930999999999678,[-2.24941158 -0.13764263],[-0.42574503  0.53028831],[ 1.18465621 13.18205001],[0. 0.]
3931,3.931999999999678,[-2.24983615 -0.1370992 ],[-0.42456367  0.54342503],[ 1.18135811 13.1367263 ],[0. 0.]
3932,3.932999999999678,[-2.25025953 -0.13654268],[-0.4233857   0.55651528],[ 1.17797317 13.09024539],[0. 0.]
3933,3.9339999999996778,[-2.25068174 -0.13597313],[-0.4222112   0.56955789],[ 1.17450131 13.0426088 ],[0. 0.]
3934,3.9349999999996776,[-2.25110278 -0.13539058],[-0.42104026  0.58255171],[ 1.17094245 12.99381812],[0. 0.]
3935,3.9359999999996775,[-2.25152266 -0.13479508],[-0.41987296  0.59549558],[ 1.16729651 12.943875  ],[0. 0.]
3936,3.9369999999996774,[-2.25194137 -0.13418669],[-0.4187094   0.60838836],[ 1.16356343 12.89278116],[0. 0.]
3937,3.9379999999996773,[-2.25235892 -0.13356546],[-0.41754965  0.6212289 ],[ 1.15974314 12.8405384 ],[0. 0.]
3938,3.938999999999677,[-2.25277531 -0.13293145],[-0.41639382  0.63401605],[ 1.15583557 12.78714858],[0. 0.]
3939,3.939999999999677,[-2.25319055 -0.1322847 ],[-0.41524198  0.64674866],[ 1.15184066 12.73261365],[0. 0.]
3940,3.940999999999677,[-2.25360465 -0.13162527],[-0.41409422  0.6594256 ],[ 1.14775836 12.67693562],[0. 0.]
3941,3.941999999999677,[-2.2540176  -0.13095323],[-0.41295063  0.67204572],[ 1.14358862 12.62011661],[0. 0.]
3942,3.9429999999996768,[-2.25442941 -0.13026862],[-0.4118113   0.68460788],[ 1.13933138 12.56215879],[0. 0.]
3943,3.9439999999996767,[-2.25484008 -0.12957151],[-0.41067631  0.69711094],[ 1.13498661 12.50306443],[0. 0.]
3944,3.9449999999996765,[-2.25524963 -0.12886195],[-0.40954576  0.70955378],[ 1.13055427 12.44283589],[0. 0.]
3945,3.9459999999996764,[-2.25565805 -0.12814002],[-0.40841972  0.72193525],[ 1.12603433 12.38147559],[0. 0.]
3946,3.9469999999996763,[-2.25606535 -0.12740576],[-0.4072983   0.73425424],[ 1.12142677 12.31898609],[0. 0.]
3947,3.947999999999676,[-2.25647153 -0.12665925],[-0.40618157  0.74650961],[ 1.11673156 12.25536999],[0. 0.]
3948,3.948999999999676,[-2.2568766  -0.12590055],[-0.40506962  0.75870024],[ 1.1119487  12.19063002],[0. 0.]
3949,3.949999999999676,[-2.25728056 -0.12512973],[-0.40396254  0.77082501],[ 1.10707819 12.124769  ],[0. 0.]
3950,3.950999999999676,[-2.25768342 -0.12434685],[-0.40286042  0.7828828 ],[ 1.10212002 12.05778984],[0. 0.]
3951,3.9519999999996758,[-2.25808519 -0.12355197],[-0.40176335  0.79487249],[ 1.09707421 11.98969556],[0. 0.]
3952,3.9529999999996757,[-2.25848586 -0.12274518],[-0.4006714   0.80679298],[ 1.09194078 11.92048928],[0. 0.]
3953,3.9539999999996756,[-2.25888544 -0.12192654],[-0.39958468  0.81864316],[ 1.08671976 11.85017422],[0. 0.]
3954,3.9549999999996754,[-2.25928394 -0.12109612],[-0.39850327  0.83042191],[ 1.08141119 11.77875373],[0. 0.]
3955,3.9559999999996753,[-2.25968137 -0.12025399],[-0.39742726  0.84212814],[ 1.07601511 11.70623124],[0. 0.]
3956,3.956999999999675,[-2.26007773 -0.11940023],[-0.39635673  0.85376075],[ 1.07053158 11.63261032],[0. 0.]
3957,3.957999999999675,[-2.26047302 -0.11853491],[-0.39529177  0.86531864],[ 1.06496067 11.55789464],[0. 0.]
3958,3.958999999999675,[-2.26086725 -0.11765811],[-0.39423246  0.87680073],[ 1.05930245 11.48208799],[0. 0.]
3959,3.959999999999675,[-2.26126043 -0.1167699 ],[-0.39317891  0.88820593],[ 1.05355701 11.40519427],[0. 0.]
3960,3.960999999999675,[-2.26165256 -0.11587037],[-0.39213118  0.89953314],[ 1.04772446 11.32721753],[0. 0.]
3961,3.9619999999996747,[-2.26204365 -0.11495959],[-0.39108938  0.91078131],[ 1.0418049 11.2481619],[0. 0.]
3962,3.9629999999996746,[-2.26243371 -0.11403764],[-0.39005358  0.92194934],[ 1.03579845 11.16803168],[0. 0.]
3963,3.9639999999996745,[-2.26282273 -0.1131046 ],[-0.38902387  0.93303617],[ 1.02970526 11.08683126],[0. 0.]
3964,3.9649999999996743,[-2.26321073 -0.11216056],[-0.38800035  0.94404073],[ 1.02352546 11.00456519],[0. 0.]
3965,3.9659999999996742,[-2.26359771 -0.1112056 ],[-0.38698309  0.95496197],[ 1.01725921 10.92123814],[0. 0.]
3966,3.966999999999674,[-2.26398369 -0.1102398 ],[-0.38597218  0.96579883],[ 1.0109067  10.83685491],[0. 0.]
3967,3.967999999999674,[-2.26436865 -0.10926325],[-0.38496771  0.97655025],[ 1.00446811 10.75142043],[0. 0.]
3968,3.968999999999674,[-2.26475262 -0.10827603],[-0.38396977  0.98721519],[ 0.99794363 10.66493979],[0. 0.]
3969,3.969999999999674,[-2.2651356  -0.10727824],[-0.38297844  0.99779261],[ 0.99133348 10.57741821],[0. 0.]
3970,3.9709999999996737,[-2.2655176  -0.10626996],[-0.3819938   1.00828147],[ 0.98463789 10.48886103],[0. 0.]
3971,3.9719999999996736,[-2.26589861 -0.10525128],[-0.38101594  1.01868074],[ 0.97785711 10.39927377],[0. 0.]
3972,3.9729999999996735,[-2.26627866 -0.10422229],[-0.38004495  1.0289894 ],[ 0.97099139 10.30866207],[0. 0.]
3973,3.9739999999996733,[-2.26665774 -0.10318308],[-0.37908091  1.03920643],[ 0.96404101 10.21703174],[0. 0.]
3974,3.9749999999996732,[-2.26703586 -0.10213375],[-0.3781239   1.04933082],[ 0.95700626 10.1243887 ],[0. 0.]
3975,3.975999999999673,[-2.26741303 -0.10107439],[-0.37717402  1.05936156],[ 0.94988744 10.03073906],[0. 0.]
3976,3.976999999999673,[-2.26778927 -0.10000509],[-0.37623133  1.06929765],[0.94268488 9.93608907],[0. 0.]
3977,3.977999999999673,[-2.26816456 -0.09892596],[-0.37529593  1.0791381 ],[0.93539892 9.84044512],[0. 0.]
3978,3.978999999999673,[-2.26853893 -0.09783707],[-0.3743679   1.08888191],[0.9280299  9.74381378],[0. 0.]
3979,3.9799999999996727,[-2.26891238 -0.09673855],[-0.37344732  1.09852811],[0.92057821 9.64620176],[0. 0.]
3980,3.9809999999996726,[-2.26928491 -0.09563047],[-0.37253428  1.10807573],[0.91304422 9.54761592],[0. 0.]
3981,3.9819999999996725,[-2.26965654 -0.09451295],[-0.37162885  1.11752379],[0.90542836 9.44806331],[0. 0.]
3982,3.9829999999996724,[-2.27002727 -0.09338608],[-0.37073112  1.12687134],[0.89773105 9.34755112],[0. 0.]
3983,3.9839999999996722,[-2.27039711 -0.09224996],[-0.36984117  1.13611743],[0.88995272 9.2460867 ],[0. 0.]
3984,3.984999999999672,[-2.27076607 -0.0911047 ],[-0.36895907  1.14526111],[0.88209385 9.14367756],[0. 0.]
3985,3.985999999999672,[-2.27113416 -0.0899504 ],[-0.36808492  1.15430144],[0.8741549 9.0403314],[0. 0.]
3986,3.986999999999672,[-2.27150138 -0.08878716],[-0.36721878  1.16323749],[0.86613638 8.93605606],[0. 0.]
3987,3.987999999999672,[-2.27186774 -0.08761509],[-0.36636074  1.17206835],[0.85803881 8.83085956],[0. 0.]
3988,3.9889999999996717,[-2.27223325 -0.0864343 ],[-0.36551088  1.1807931 ],[0.84986272 8.72475007],[0. 0.]
3989,3.9899999999996716,[-2.27259792 -0.08524489],[-0.36466927  1.18941084],[0.84160867 8.61773595],[0. 0.]
3990,3.9909999999996715,[-2.27296175 -0.08404696],[-0.363836    1.19792067],[0.83327723 8.50982572],[0. 0.]
3991,3.9919999999996714,[-2.27332476 -0.08284064],[-0.36301113  1.20632169],[0.824869   8.40102806],[0. 0.]
3992,3.9929999999996713,[-2.27368696 -0.08162603],[-0.36219474  1.21461305],[0.81638459 8.29135184],[0. 0.]
3993,3.993999999999671,[-2.27404835 -0.08040324],[-0.36138692  1.22279385],[0.80782463 8.18080607],[0. 0.]
3994,3.994999999999671,[-2.27440893 -0.07917237],[-0.36058773  1.23086325],[0.79918978 8.06939996],[0. 0.]
3995,3.995999999999671,[-2.27476873 -0.07793355],[-0.35979725  1.23882039],[0.79048071 7.95714288],[0. 0.]
3996,3.996999999999671,[-2.27512775 -0.07668689],[-0.35901555  1.24666444],[0.78169811 7.84404437],[0. 0.]
3997,3.9979999999996707,[-2.27548599 -0.07543249],[-0.35824271  1.25439455],[0.7728427  7.73011413],[0. 0.]
3998,3.9989999999996706,[-2.27584347 -0.07417048],[-0.35747879  1.26200992],[0.7639152  7.61536205],[0. 0.]
3999,3.9999999999996705,[-2.27620019 -0.07290097],[-0.35672387  1.26950971],[0.75491638 7.49979819],[0. 0.]
4000,4.000999999999671,[-2.27655617 -0.07162408],[-0.35597803  1.27689315],[0.74584701 7.38343277],[0. 0.]
4001,4.001999999999671,[-2.27691141 -0.07033992],[-0.35524132  1.28415942],[0.73670787 7.26627617],[0. 0.]
4002,4.0029999999996715,[-2.27726592 -0.06904861],[-0.35451382  1.29130776],[0.72749979 7.14833897],[0. 0.]
4003,4.003999999999672,[-2.27761972 -0.06775028],[-0.3537956   1.29833739],[0.7182236 7.0296319],[0. 0.]
4004,4.004999999999672,[-2.27797281 -0.06644503],[-0.35308672  1.30524756],[0.70888014 6.91016585],[0. 0.]
4005,4.0059999999996725,[-2.27832519 -0.06513299],[-0.35238725  1.31203751],[0.69947031 6.7899519 ],[0. 0.]
4006,4.006999999999673,[-2.27867689 -0.06381428],[-0.35169725  1.31870651],[0.68999498 6.66900129],[0. 0.]
4007,4.007999999999673,[-2.27902791 -0.06248903],[-0.3510168   1.32525384],[0.68045508 6.54732541],[0. 0.]
4008,4.0089999999996735,[-2.27937825 -0.06115735],[-0.35034594  1.33167877],[0.67085153 6.42493584],[0. 0.]
4009,4.009999999999674,[-2.27972794 -0.05981937],[-0.34968476  1.33798062],[0.6611853 6.3018443],[0. 0.]
4010,4.010999999999674,[-2.28007697 -0.05847521],[-0.3490333   1.34415868],[0.65145735 6.1780627 ],[0. 0.]
4011,4.0119999999996745,[-2.28042536 -0.057125  ],[-0.34839163  1.35021228],[0.64166868 6.05360309],[0. 0.]
4012,4.012999999999675,[-2.28077312 -0.05576886],[-0.34775981  1.35614076],[0.63182029 5.92847767],[0. 0.]
4013,4.013999999999675,[-2.28112026 -0.05440692],[-0.3471379   1.36194346],[0.62191323 5.80269884],[0. 0.]
4014,4.0149999999996755,[-2.28146679 -0.0530393 ],[-0.34652595  1.36761974],[0.61194855 5.67627911],[0. 0.]
4015,4.015999999999676,[-2.28181271 -0.05166613],[-0.34592402  1.37316897],[0.6019273  5.54923117],[0. 0.]
4016,4.016999999999676,[-2.28215804 -0.05028754],[-0.34533217  1.37859054],[0.59185058 5.42156787],[0. 0.]
4017,4.0179999999996765,[-2.28250279 -0.04890365],[-0.34475045  1.38388384],[0.5817195  5.29330218],[0. 0.]
4018,4.018999999999677,[-2.28284697 -0.0475146 ],[-0.34417892  1.38904829],[0.57153517 5.16444726],[0. 0.]
4019,4.019999999999677,[-2.28319059 -0.04612052],[-0.34361762  1.3940833 ],[0.56129875 5.03501637],[0. 0.]
4020,4.0209999999996775,[-2.28353366 -0.04472153],[-0.34306661  1.39898833],[0.5510114  4.90502296],[0. 0.]
4021,4.021999999999678,[-2.28387618 -0.04331777],[-0.34252593  1.40376281],[0.54067428 4.77448058],[0. 0.]
4022,4.022999999999678,[-2.28421818 -0.04190936],[-0.34199564  1.40840621],[0.5302886  4.64340296],[0. 0.]
4023,4.0239999999996785,[-2.28455965 -0.04049645],[-0.34147579  1.41291801],[0.51985557 4.51180393],[0. 0.]
4024,4.024999999999679,[-2.28490062 -0.03907915],[-0.34096641  1.41729771],[0.50937641 4.37969747],[0. 0.]
4025,4.025999999999679,[-2.28524109 -0.0376576 ],[-0.34046756  1.42154481],[0.49885237 4.24709771],[0. 0.]
4026,4.0269999999996795,[-2.28558107 -0.03623194],[-0.33997928  1.42565883],[0.4882847  4.11401887],[0. 0.]
4027,4.02799999999968,[-2.28592057 -0.03480231],[-0.3395016  1.4296393],[0.4776747  3.98047532],[0. 0.]
4028,4.02899999999968,[-2.2862596  -0.03336882],[-0.33903458  1.43348579],[0.46702363 3.84648154],[0. 0.]
4029,4.0299999999996805,[-2.28659818 -0.03193162],[-0.33857824  1.43719784],[0.45633282 3.71205215],[0. 0.]
4030,4.030999999999681,[-2.28693631 -0.03049085],[-0.33813264  1.44077504],[0.44560358 3.57720186],[0. 0.]
4031,4.031999999999681,[-2.28727401 -0.02904663],[-0.3376978   1.44421698],[0.43483724 3.4419455 ],[0. 0.]
4032,4.0329999999996815,[-2.28761129 -0.02759911],[-0.33727377  1.44752328],[0.42403515 3.30629802],[0. 0.]
4033,4.033999999999682,[-2.28794815 -0.02614841],[-0.33686057  1.45069356],[0.41319867 3.17027446],[0. 0.]
4034,4.034999999999682,[-2.2882846  -0.02469469],[-0.33645824  1.45372745],[0.40232917 3.03388997],[0. 0.]
4035,4.0359999999996825,[-2.28862067 -0.02323806],[-0.33606681  1.45662461],[0.39142804 2.89715979],[0. 0.]
4036,4.036999999999683,[-2.28895636 -0.02177868],[-0.33568632  1.45938471],[0.38049667 2.76009927],[0. 0.]
4037,4.037999999999683,[-2.28929167 -0.02031667],[-0.33531678  1.46200743],[0.36953647 2.62272383],[0. 0.]
4038,4.0389999999996835,[-2.2896286  -0.01888116],[-0.33692614  1.43551144],[ -1.6093624  -26.49599283],[ 0.07548778 -0.06664452]
4039,4.039999999999684,[-2.28996711 -0.01747175],[-0.33850494  1.40940453],[ -1.57880226 -26.10690313],[ 0.07562823 -0.06555178]
4040,4.040999999999684,[-2.29030716 -0.01608807],[-0.34005357  1.38368145],[ -1.54862827 -25.72308675],[ 0.07576733 -0.06447578]
4041,4.0419999999996845,[-2.29064873 -0.01472973],[-0.34157241  1.35833695],[ -1.51883834 -25.344493  ],[ 0.07590508 -0.06341632]
4042,4.042999999999685,[-2.29099179 -0.01339637],[-0.34306184  1.33336588],[ -1.4894302  -24.97107054],[ 0.0760415  -0.06237315]
4043,4.043999999999685,[-2.29133632 -0.01208761],[-0.34452224  1.30876312],[ -1.46040146 -24.60276736],[ 0.07617662 -0.06134606]
4044,4.0449999999996855,[-2.29168227 -0.01080308],[-0.34595399  1.28452359],[ -1.43174955 -24.23953092],[ 0.07631044 -0.06033484]
4045,4.045999999999686,[-2.29202963 -0.00954244],[-0.34735746  1.26064228],[ -1.40347183 -23.88130824],[ 0.07644298 -0.05933926]
4046,4.046999999999686,[-2.29237836 -0.00830533],[-0.34873303  1.23711423],[ -1.3755655  -23.52804588],[ 0.07657426 -0.05835911]
4047,4.0479999999996865,[-2.29272844 -0.00709139],[-0.35008106  1.21393454],[ -1.34802769 -23.17969011],[ 0.0767043  -0.05739418]
4048,4.048999999999687,[-2.29307984 -0.00590029],[-0.35140191  1.19109835],[ -1.3208554 -22.8361869],[ 0.0768331  -0.05644425]
4049,4.049999999999687,[-2.29343254 -0.00473169],[-0.35269596  1.16860087],[ -1.29404556 -22.49748201],[ 0.07696069 -0.05550912]
4050,4.0509999999996875,[-2.2937865  -0.00358525],[-0.35396355  1.14643735],[ -1.26759503 -22.16352102],[ 0.07708707 -0.05458859]
4051,4.051999999999688,[-2.29414171 -0.00246065],[-0.35520505  1.1246031 ],[ -1.24150056 -21.83424941],[ 0.07721228 -0.05368244]
4052,4.052999999999688,[-2.29449813e+00 -1.35755777e-03],[-0.35642081  1.10309349],[ -1.21575887 -21.5096126 ],[ 0.07733631 -0.05279048]
4053,4.0539999999996885,[-2.29485574e+00 -2.75653835e-04],[-0.35761118  1.08190393],[ -1.19036661 -21.18955597],[ 0.07745919 -0.0519125 ]
4054,4.054999999999689,[-2.29521452e+00  7.85376074e-04],[-0.3587765   1.06102991],[ -1.16532036 -20.87402494],[ 0.07758093 -0.05104831]
4055,4.055999999999689,[-2.29557443e+00  1.82584302e-03],[-0.35991712  1.04046694],[ -1.14061667 -20.562965  ],[ 0.07770154 -0.05019772]
4056,4.0569999999996895,[-2.29593547  0.00284605],[-0.36103337  1.02021062],[ -1.11625205 -20.25632172],[ 0.07782104 -0.04936054]
4057,4.05799999999969,[-2.29629759  0.00384631],[-0.36212559  1.00025658],[ -1.09222296 -19.95404082],[ 0.07793945 -0.04853656]
4058,4.05899999999969,[-2.29666079  0.00482691],[-0.36319412  0.98060051],[ -1.06852585 -19.65606819],[ 0.07805678 -0.04772561]
4059,4.0599999999996905,[-2.29702503  0.00578815],[-0.36423927  0.96123816],[ -1.04515711 -19.36234991],[ 0.07817304 -0.0469275 ]
4060,4.060999999999691,[-2.29739029  0.00673031],[-0.36526139  0.94216533],[ -1.02211313 -19.07283231],[ 0.07828824 -0.04614204]
4061,4.061999999999691,[-2.29775655  0.00765369],[-0.36626078  0.92337787],[ -0.9993903  -18.78746196],[ 0.07840241 -0.04536906]
4062,4.0629999999996915,[-2.29812379  0.00855856],[-0.36723776  0.90487168],[ -0.97698495 -18.5061857 ],[ 0.07851556 -0.04460838]
4063,4.063999999999692,[-2.29849198  0.00944521],[-0.36819266  0.88664273],[ -0.95489345 -18.22895071],[ 0.07862769 -0.04385981]
4064,4.064999999999692,[-2.2988611   0.01031389],[-0.36912577  0.86868703],[ -0.93311212 -17.95570446],[ 0.07873882 -0.04312318]
4065,4.0659999999996925,[-2.29923114  0.01116489],[-0.37003741  0.85100063],[ -0.91163731 -17.68639478],[ 0.07884897 -0.04239833]
4066,4.066999999999693,[-2.29960207  0.01199847],[-0.37092787  0.83357966],[ -0.89046534 -17.42096988],[ 0.07895814 -0.04168509]
4067,4.067999999999693,[-2.29997387  0.01281489],[-0.37179746  0.81642028],[ -0.86959257 -17.15937832],[ 0.07906636 -0.04098327]
4068,4.0689999999996935,[-2.30034651  0.01361441],[-0.37264648  0.79951872],[ -0.84901532 -16.90156907],[ 0.07917363 -0.04029273]
4069,4.069999999999694,[-2.30071999  0.01439728],[-0.37347521  0.78287122],[ -0.82872996 -16.64749153],[ 0.07927997 -0.03961329]
4070,4.070999999999694,[-2.30109427  0.01516376],[-0.37428394  0.76647413],[ -0.80873285 -16.3970955 ],[ 0.07938539 -0.03894479]
4071,4.0719999999996945,[-2.30146935  0.01591408],[-0.37507296  0.7503238 ],[ -0.78902036 -16.15033122],[ 0.0794899  -0.03828708]
4072,4.072999999999695,[-2.30184519  0.0166485 ],[-0.37584255  0.73441665],[ -0.76958888 -15.90714937],[ 0.07959352 -0.03764   ]
4073,4.073999999999695,[-2.30222178  0.01736725],[-0.37659299  0.71874915],[ -0.75043482 -15.66750112],[ 0.07969625 -0.0370034 ]
4074,4.0749999999996955,[-2.30259911  0.01807057],[-0.37732454  0.70331781],[ -0.7315546  -15.43133806],[ 0.07979811 -0.03637711]
4075,4.075999999999696,[-2.30297714  0.01875868],[-0.37803748  0.6881192 ],[ -0.71294467 -15.19861229],[ 0.07989911 -0.03576099]
4076,4.076999999999696,[-2.30335588  0.01943183],[-0.37873209  0.67314992],[ -0.6946015  -14.96927637],[ 0.07999926 -0.0351549 ]
4077,4.0779999999996965,[-2.30373528  0.02009024],[-0.37940861  0.65840664],[ -0.67652157 -14.74328334],[ 0.08009857 -0.03455868]
4078,4.078999999999697,[-2.30411535  0.02073413],[-0.38006731  0.64388605],[ -0.6587014  -14.52058675],[ 0.08019706 -0.03397219]
4079,4.079999999999697,[-2.30449606  0.02136371],[-0.38070845  0.62958491],[ -0.64113752 -14.30114064],[ 0.08029473 -0.03339528]
4080,4.0809999999996975,[-2.30487739  0.02197921],[-0.38133227  0.61550001],[ -0.62382651 -14.08489955],[ 0.08039161 -0.03282783]
4081,4.081999999999698,[-2.30525933  0.02258084],[-0.38193904  0.60162819],[ -0.60676495 -13.87181851],[ 0.08048769 -0.03226968]
4082,4.082999999999698,[-2.30564186  0.02316881],[-0.38252899  0.58796634],[ -0.58994947 -13.66185307],[ 0.08058298 -0.03172071]
4083,4.0839999999996985,[-2.30602496  0.02374332],[-0.38310236  0.57451138],[ -0.57337672 -13.45495929],[ 0.08067751 -0.03118077]
4084,4.084999999999699,[-2.30640862  0.02430458],[-0.38365941  0.56126029],[ -0.55704339 -13.25109373],[ 0.08077128 -0.03064973]
4085,4.085999999999699,[-2.30679282  0.02485279],[-0.38420035  0.54821007],[ -0.54094618 -13.05021347],[ 0.08086429 -0.03012747]
4086,4.0869999999996995,[-2.30717755  0.02538815],[-0.38472544  0.5353578 ],[ -0.52508184 -12.85227608],[ 0.08095657 -0.02961385]
4087,4.0879999999997,[-2.30756278  0.02591085],[-0.38523488  0.52270056],[ -0.50944714 -12.65723966],[ 0.08104812 -0.02910875]
4088,4.0889999999997,[-2.30794851  0.02642108],[-0.38572892  0.51023549],[ -0.4940389  -12.46506283],[ 0.08113894 -0.02861203]
4089,4.0899999999997005,[-2.30833472  0.02691904],[-0.38620778  0.49795979],[ -0.47885395 -12.27570469],[ 0.08122906 -0.02812359]
4090,4.090999999999701,[-2.30872139  0.02740491],[-0.38667166  0.48587066],[ -0.46388917 -12.08912487],[ 0.08131848 -0.02764329]
4091,4.091999999999701,[-2.30910851  0.02787888],[-0.38712081  0.47396538],[ -0.44914147 -11.9052835 ],[ 0.0814072  -0.02717101]
4092,4.0929999999997015,[-2.30949607  0.02834112],[-0.38755541  0.46224124],[ -0.43460779 -11.72414122],[ 0.08149525 -0.02670664]
4093,4.093999999999702,[-2.30988404  0.02879182],[-0.3879757   0.45069558],[ -0.42028511 -11.54565916],[ 0.08158262 -0.02625006]
4094,4.094999999999702,[-2.31027242  0.02923114],[-0.38838187  0.43932578],[ -0.40617044 -11.36979898],[ 0.08166932 -0.02580115]
4095,4.0959999999997025,[-2.3106612   0.02965927],[-0.38877413  0.42812926],[ -0.39226083 -11.1965228 ],[ 0.08175538 -0.0253598 ]
4096,4.096999999999703,[-2.31105035  0.03007637],[-0.38915268  0.41710346],[ -0.37855335 -11.02579326],[ 0.08184079 -0.0249259 ]
4097,4.097999999999703,[-2.31143987  0.03048262],[-0.38951773  0.40624589],[ -0.36504512 -10.8575735 ],[ 0.08192556 -0.02449934]
4098,4.0989999999997035,[-2.31182974  0.03087817],[-0.38986946  0.39555406],[ -0.35173328 -10.69182712],[ 0.0820097 -0.02408  ]
4099,4.099999999999704,[-2.31221995  0.0312632 ],[-0.39020808  0.38502555],[ -0.33861504 -10.52851822],[ 0.08209323 -0.02366779]
4100,4.100999999999704,[-2.31261048  0.03163786],[-0.39053377  0.37465793],[ -0.32568759 -10.36761141],[ 0.08217614 -0.0232626 ]
4101,4.1019999999997045,[-2.31300133  0.03200231],[-0.39084671  0.36444886],[ -0.3129482  -10.20907172],[ 0.08225845 -0.02286431]
4102,4.102999999999705,[-2.31339247  0.0323567 ],[-0.39114711  0.354396  ],[ -0.30039415 -10.05286471],[ 0.08234016 -0.02247284]
4103,4.103999999999705,[-2.31378391  0.0327012 ],[-0.39143513  0.34449704],[-0.28802277 -9.89895638],[ 0.08242129 -0.02208807]
4104,4.1049999999997056,[-2.31417562  0.03303595],[-0.39171096  0.33474973],[-0.27583142 -9.7473132 ],[ 0.08250184 -0.02170992]
4105,4.105999999999706,[-2.3145676  0.0333611],[-0.39197478  0.32515183],[-0.26381748 -9.59790211],[ 0.08258182 -0.02133827]
4106,4.106999999999706,[-2.31495982  0.0336768 ],[-0.39222676  0.31570114],[-0.25197837 -9.4506905 ],[ 0.08266123 -0.02097304]
4107,4.1079999999997066,[-2.31535229  0.0339832 ],[-0.39246707  0.30639549],[-0.24031157 -9.30564622],[ 0.08274009 -0.02061413]
4108,4.108999999999707,[-2.31574498  0.03428043],[-0.39269588  0.29723275],[-0.22881456 -9.16273756],[ 0.0828184  -0.02026145]
4109,4.109999999999707,[-2.3161379   0.03456864],[-0.39291337  0.28821082],[-0.21748486 -9.02193326],[ 0.08289617 -0.01991489]
4110,4.1109999999997076,[-2.31653102  0.03484797],[-0.39311969  0.27932762],[-0.20632004 -8.8832025 ],[ 0.08297341 -0.01957438]
4111,4.111999999999708,[-2.31692433  0.03511855],[-0.39331501  0.2705811 ],[-0.19531769 -8.7465149 ],[ 0.08305012 -0.01923982]
4112,4.112999999999708,[-2.31731783  0.03538052],[-0.39349948  0.26196926],[-0.18447544 -8.61184048],[ 0.08312631 -0.01891112]
4113,4.113999999999709,[-2.31771151  0.03563401],[-0.39367327  0.25349011],[-0.17379093 -8.47914972],[ 0.08320198 -0.0185882 ]
4114,4.114999999999709,[-2.31810534  0.03587915],[-0.39383653  0.2451417 ],[-0.16326186 -8.34841351],[ 0.08327715 -0.01827096]
4115,4.115999999999709,[-2.31849933  0.03611607],[-0.39398942  0.23692209],[-0.15288596 -8.21960315],[ 0.08335182 -0.01795934]
4116,4.11699999999971,[-2.31889346  0.0363449 ],[-0.39413208  0.2288294 ],[-0.14266097 -8.09269036],[ 0.083426   -0.01765323]
4117,4.11799999999971,[-2.31928773  0.03656576],[-0.39426467  0.22086176],[-0.13258468 -7.96764724],[ 0.08349969 -0.01735256]
4118,4.11899999999971,[-2.31968212  0.03677878],[-0.39438732  0.21301731],[-0.1226549  -7.84444632],[ 0.0835729  -0.01705725]
4119,4.119999999999711,[-2.32007662  0.03698408],[-0.39450019  0.20529425],[-0.11286949 -7.72306052],[ 0.08364564 -0.01676722]
4120,4.120999999999711,[-2.32047122  0.03718177],[-0.39460342  0.19769079],[-0.10322631 -7.60346313],[ 0.08371791 -0.01648239]
4121,4.121999999999711,[-2.32086592  0.03737197],[-0.39469714  0.19020516],[-0.09372327 -7.48562786],[ 0.08378972 -0.01620268]
4122,4.122999999999712,[-2.3212607   0.03755481],[-0.3947815   0.18283563],[-0.08435831 -7.36952877],[ 0.08386108 -0.01592802]
4123,4.123999999999712,[-2.32165555  0.03773039],[-0.39485663  0.17558049],[-0.0751294  -7.25514032],[ 0.08393198 -0.01565833]
4124,4.124999999999712,[-2.32205048  0.03789883],[-0.39492266  0.16843805],[-0.06603453 -7.14243731],[ 0.08400244 -0.01539353]
4125,4.125999999999713,[-2.32244546  0.03806023],[-0.39497973  0.16140666],[-0.05707172 -7.03139495],[ 0.08407247 -0.01513356]
4126,4.126999999999713,[-2.32284048  0.03821472],[-0.39502797  0.15448467],[-0.04823903 -6.92198878],[ 0.08414206 -0.01487834]
4127,4.127999999999713,[-2.32323555  0.03836239],[-0.39506751  0.14767047],[-0.03953454 -6.8141947 ],[ 0.08421123 -0.0146278 ]
4128,4.128999999999714,[-2.32363065  0.03850335],[-0.39509846  0.14096249],[-0.03095634 -6.70798896],[ 0.08427998 -0.01438187]
4129,4.129999999999714,[-2.32402577  0.03863771],[-0.39512097  0.13435914],[-0.02250259 -6.60334819],[ 0.08434831 -0.01414048]
4130,4.130999999999714,[-2.32442091  0.03876557],[-0.39513514  0.12785889],[-0.01417144 -6.50024932],[ 0.08441623 -0.01390357]
4131,4.131999999999715,[-2.32481605  0.03888703],[-0.3951411   0.12146022],[-5.96107305e-03 -6.39866963e+00],[ 0.08448375 -0.01367106]
4132,4.132999999999715,[-2.32521119  0.03900219],[-0.39513897  0.11516163],[ 2.13028436e-03 -6.29858676e+00],[ 0.08455087 -0.0134429 ]
4133,4.133999999999715,[-2.32560632  0.03911115],[-0.39512886  0.10896165],[ 0.01010439 -6.19997864],[ 0.08461759 -0.01321901]
4134,4.134999999999716,[-2.32600143  0.03921401],[-0.3951109   0.10285883],[ 0.01796299 -6.10282355],[ 0.08468393 -0.01299933]
4135,4.135999999999716,[-2.32639651  0.03931086],[-0.39508519  0.09685173],[ 0.02570778 -6.00710008],[ 0.08474988 -0.01278381]
4136,4.136999999999716,[-2.32679156  0.0394018 ],[-0.39505185  0.09093894],[ 0.03334044 -5.91278713],[ 0.08481545 -0.01257237]
4137,4.137999999999717,[-2.32718657  0.03948692],[-0.39501099  0.08511908],[ 0.04086264 -5.81986393],[ 0.08488065 -0.01236495]
4138,4.138999999999717,[-2.32758154  0.03956631],[-0.39496271  0.07939077],[ 0.048276 -5.72831 ],[ 0.08494548 -0.01216151]
4139,4.139999999999717,[-2.32797644  0.03964006],[-0.39490713  0.07375266],[ 0.05558214 -5.63810517],[ 0.08500995 -0.01196197]
4140,4.140999999999718,[-2.32837129  0.03970827],[-0.39484435  0.06820343],[ 0.06278263 -5.54922956],[ 0.08507405 -0.01176627]
4141,4.141999999999718,[-2.32876606  0.03977101],[-0.39477447  0.06274177],[ 0.06987905 -5.46166359],[ 0.0851378  -0.01157437]
4142,4.142999999999718,[-2.32916076  0.03982837],[-0.3946976   0.05736638],[ 0.07687293 -5.37538797],[ 0.0852012  -0.01138621]
4143,4.143999999999719,[-2.32955537  0.03988045],[-0.39461383  0.052076  ],[ 0.08376578 -5.29038368],[ 0.08526425 -0.01120172]
4144,4.144999999999719,[-2.3299499   0.03992732],[-0.39452327  0.04686937],[ 0.0905591  -5.20663201],[ 0.08532696 -0.01102085]
4145,4.145999999999719,[-2.3303443   0.03996933],[-0.39440517  0.04201212],[ 0.11810421 -4.85724815],[ 0.08538933 -0.01084355]
4146,4.14699999999972,[-2.33073855  0.04000695],[-0.39425029  0.03762247],[ 0.1548795  -4.38964787],[ 0.08545032 -0.01068314]
4147,4.14799999999972,[-2.33113262  0.04004061],[-0.39406219  0.03365507],[ 0.18810394 -3.96739801],[ 0.08550947 -0.01054557]
4148,4.14899999999972,[-2.33152646  0.04007068],[-0.39384406  0.03006897],[ 0.21812199 -3.58609969],[ 0.08556694 -0.01042861]
4149,4.149999999999721,[-2.33192006  0.04009751],[-0.39359882  0.02682719],[ 0.24524467 -3.24178071],[ 0.08562291 -0.01033027]
4150,4.150999999999721,[-2.33231339  0.04012139],[-0.39332969  0.0238884 ],[ 0.26913259 -2.93879308],[ 0.08567751 -0.01024871]
4151,4.151999999999721,[-2.33270645  0.04014238],[-0.39305787  0.02098123],[ 0.27181418 -2.90717322],[ 0.0857309  -0.01018192]
4152,4.152999999999722,[-2.33309923  0.04016048],[-0.3927834   0.01810537],[ 0.27447128 -2.87585816],[ 0.08578413 -0.01011631]
4153,4.153999999999722,[-2.33349174  0.04017574],[-0.3925063   0.01526052],[ 0.27710412 -2.84484493],[ 0.08583722 -0.01005189]
4154,4.154999999999722,[-2.33388396  0.04018819],[-0.39222658  0.01244639],[ 0.27971294 -2.81413062],[ 0.08589015 -0.00998863]
4155,4.155999999999723,[-2.33427591  0.04019785],[-0.39194429  0.00966268],[ 0.28229797 -2.7837123 ],[ 0.08594294 -0.00992652]
4156,4.156999999999723,[-2.33466757  0.04020476],[-0.39165943  0.00690909],[ 0.28485944 -2.75358712],[ 0.08599559 -0.00986556]
4157,4.157999999999723,[-2.33505894  0.04020895],[-0.39137203  0.00418534],[ 0.28739758 -2.72375222],[ 0.08604808 -0.00980574]
4158,4.158999999999724,[-2.33545002  0.04021044],[-0.39108212  0.00149114],[ 0.28991262 -2.69420479],[ 0.08610044 -0.00974703]
4159,4.159999999999724,[-2.33584081  0.04020926],[-0.39078971 -0.00117381],[ 0.29240477 -2.66494203],[ 0.08615264 -0.00968943]
4160,4.160999999999724,[-2.33623131  0.04020545],[-0.39049484 -0.00380977],[ 0.29487427 -2.63596118],[ 0.08620471 -0.00963293]
4161,4.161999999999725,[-2.3366215   0.04019904],[-0.39019752 -0.00641703],[ 0.29732134 -2.60725951],[ 0.08625663 -0.00957752]
4162,4.162999999999725,[-2.3370114   0.04019004],[-0.38989777 -0.00899586],[ 0.29974618 -2.57883431],[ 0.08630841 -0.00952318]
4163,4.163999999999725,[-2.337401    0.04017849],[-0.38959562 -0.01154654],[ 0.30214902 -2.55068289],[ 0.08636005 -0.0094699 ]
4164,4.164999999999726,[-2.33779029  0.04016442],[-0.38929109 -0.01406935],[ 0.30453006 -2.52280261],[ 0.08641155 -0.00941768]
4165,4.165999999999726,[-2.33817927  0.04014786],[-0.3889842  -0.01656454],[ 0.30688952 -2.49519082],[ 0.08646291 -0.0093665 ]
4166,4.166999999999726,[-2.33856795  0.04012883],[-0.38867497 -0.01903238],[ 0.30922761 -2.46784494],[ 0.08651414 -0.00931635]
4167,4.167999999999727,[-2.33895631  0.04010735],[-0.38836343 -0.02147315],[ 0.31154454 -2.44076237],[ 0.08656522 -0.00926722]
4168,4.168999999999727,[-2.33934436  0.04008347],[-0.38804959 -0.02388709],[ 0.31384051 -2.41394057],[ 0.08661617 -0.0092191 ]
4169,4.169999999999727,[-2.33973209  0.04005719],[-0.38773347 -0.02627446],[ 0.31611571 -2.38737702],[ 0.08666699 -0.00917199]
4170,4.170999999999728,[-2.34011951  0.04002856],[-0.3874151  -0.02863553],[ 0.31837037 -2.3610692 ],[ 0.08671767 -0.00912586]
4171,4.171999999999728,[-2.3405066   0.03999759],[-0.3870945  -0.03097055],[ 0.32060466 -2.33501464],[ 0.08676821 -0.00908071]
4172,4.172999999999728,[-2.34089337  0.03996431],[-0.38677168 -0.03327976],[ 0.32281879 -2.30921088],[ 0.08681863 -0.00903653]
4173,4.173999999999729,[-2.34127982  0.03992874],[-0.38644667 -0.03556341],[ 0.32501296 -2.28365551],[ 0.08686891 -0.00899332]
4174,4.174999999999729,[-2.34166594  0.03989092],[-0.38611948 -0.03782176],[ 0.32718735 -2.2583461 ],[ 0.08691906 -0.00895105]
4175,4.175999999999729,[-2.34205173  0.03985087],[-0.38579014 -0.04005504],[ 0.32934216 -2.23328029],[ 0.08696907 -0.00890972]
4176,4.17699999999973,[-2.34243719  0.0398086 ],[-0.38545866 -0.0422635 ],[ 0.33147757 -2.20845571],[ 0.08701896 -0.00886932]
4177,4.17799999999973,[-2.34282231  0.03976416],[-0.38512506 -0.04444737],[ 0.33359378 -2.18387002],[ 0.08706872 -0.00882984]
4178,4.17899999999973,[-2.3432071   0.03971755],[-0.38478937 -0.04660689],[ 0.33569097 -2.15952092],[ 0.08711835 -0.00879127]
4179,4.179999999999731,[-2.34359155  0.03966881],[-0.3844516  -0.04874229],[ 0.33776932 -2.13540611],[ 0.08716785 -0.0087536 ]
4180,4.180999999999731,[-2.34397567  0.03961795],[-0.38411178 -0.05085382],[ 0.33982902 -2.11152334],[ 0.08721723 -0.00871683]
4181,4.181999999999731,[-2.34435944  0.03956501],[-0.38376991 -0.05294169],[ 0.34187024 -2.08787034],[ 0.08726647 -0.00868094]
4182,4.182999999999732,[-2.34474286  0.03951   ],[-0.38342601 -0.05500613],[ 0.34389316 -2.06444491],[ 0.0873156  -0.00864592]
4183,4.183999999999732,[-2.34512594  0.03945296],[-0.38308011 -0.05704738],[ 0.34589796 -2.04124483],[ 0.08736459 -0.00861176]
4184,4.184999999999732,[-2.34550867  0.03939389],[-0.38273223 -0.05906564],[ 0.34788481 -2.01826794],[ 0.08741347 -0.00857847]
4185,4.185999999999733,[-2.34589106  0.03933283],[-0.38238238 -0.06106116],[ 0.34985389 -1.99551206],[ 0.08746222 -0.00854601]
4186,4.186999999999733,[-2.34627309  0.0392698 ],[-0.38203057 -0.06303413],[ 0.35180536 -1.97297508],[ 0.08751084 -0.0085144 ]
4187,4.187999999999733,[-2.34665476  0.03920481],[-0.38167683 -0.06498479],[ 0.3537394  -1.95065486],[ 0.08755935 -0.00848362]
4188,4.188999999999734,[-2.34703609  0.0391379 ],[-0.38132117 -0.06691333],[ 0.35565618 -1.92854932],[ 0.08760773 -0.00845365]
4189,4.189999999999734,[-2.34741705  0.03906908],[-0.38096362 -0.06881999],[ 0.35755585 -1.90665638],[ 0.08765599 -0.0084245 ]
4190,4.190999999999734,[-2.34779765  0.03899837],[-0.38060418 -0.07070497],[ 0.35943859 -1.88497399],[ 0.08770414 -0.00839615]
4191,4.191999999999735,[-2.3481779  0.0389258],[-0.38024288 -0.07256847],[ 0.36130456 -1.86350011],[ 0.08775216 -0.0083686 ]
4192,4.192999999999735,[-2.34855778  0.03885139],[-0.37987972 -0.0744107 ],[ 0.36315391 -1.84223272],[ 0.08780006 -0.00834183]
4193,4.193999999999735,[-2.34893729  0.03877516],[-0.37951473 -0.07623187],[ 0.36498681 -1.82116984],[ 0.08784785 -0.00831584]
4194,4.194999999999736,[-2.34931644  0.03869713],[-0.37914793 -0.07803218],[ 0.36680342 -1.80030949],[ 0.08789552 -0.00829062]
4195,4.195999999999736,[-2.34969522  0.03861732],[-0.37877933 -0.07981183],[ 0.36860389 -1.77964972],[ 0.08794307 -0.00826617]
4196,4.196999999999736,[-2.35007363  0.03853575],[-0.37840894 -0.08157102],[ 0.37038838 -1.75918858],[ 0.0879905  -0.00824246]
4197,4.197999999999737,[-2.35045166  0.03845244],[-0.37803678 -0.08330994],[ 0.37215703 -1.73892416],[ 0.08803782 -0.00821951]
4198,4.198999999999737,[-2.35082933  0.03836741],[-0.37766287 -0.08502879],[ 0.37391001 -1.71885456],[ 0.08808502 -0.00819729]
4199,4.199999999999737,[-2.35120661  0.03828068],[-0.37728722 -0.08672777],[ 0.37564747 -1.6989779 ],[ 0.08813211 -0.0081758 ]
4200,4.200999999999738,[-2.35158352  0.03819227],[-0.37690985 -0.08840706],[ 0.37736954 -1.67929232],[ 0.08817909 -0.00815504]
4201,4.201999999999738,[-2.35196005  0.03810221],[-0.37653078 -0.09006686],[ 0.37907638 -1.65979597],[ 0.08822595 -0.00813499]
4202,4.202999999999738,[-2.3523362  0.0380105],[-0.37615001 -0.09170735],[ 0.38076813 -1.64048703],[ 0.0882727  -0.00811565]
4203,4.203999999999739,[-2.35271197  0.03791717],[-0.37576757 -0.09332871],[ 0.38244495 -1.6213637 ],[ 0.08831934 -0.00809701]
4204,4.204999999999739,[-2.35308736  0.03782224],[-0.37538346 -0.09493114],[ 0.38410696 -1.60242417],[ 0.08836586 -0.00807906]
4205,4.205999999999739,[-2.35346235  0.03772572],[-0.3749977 -0.0965148],[ 0.38575432 -1.58366669],[ 0.08841228 -0.00806179]
4206,4.20699999999974,[-2.35383696  0.03762764],[-0.37461032 -0.09807989],[ 0.38738717 -1.56508948],[ 0.08845858 -0.00804521]
4207,4.20799999999974,[-2.35421119  0.03752802],[-0.37422131 -0.09962658],[ 0.38900563 -1.54669082],[ 0.08850477 -0.00802929]
4208,4.20899999999974,[-2.35458502  0.03742686],[-0.3738307  -0.10115505],[ 0.39060986 -1.52846898],[ 0.08855086 -0.00801404]
4209,4.209999999999741,[-2.35495845  0.0373242 ],[-0.3734385  -0.10266547],[ 0.39219998 -1.51042226],[ 0.08859683 -0.00799945]
4210,4.210999999999741,[-2.3553315   0.03722004],[-0.37304473 -0.10415802],[ 0.39377613 -1.49254897],[ 0.0886427  -0.00798551]
4211,4.211999999999741,[-2.35570415  0.03711441],[-0.37264939 -0.10563287],[ 0.39533844 -1.47484744],[ 0.08868846 -0.00797221]
4212,4.212999999999742,[-2.3560764   0.03700732],[-0.3722525  -0.10709019],[ 0.39688705 -1.45731601],[ 0.08873411 -0.00795954]
4213,4.213999999999742,[-2.35644826  0.03689879],[-0.37185408 -0.10853014],[ 0.39842209 -1.43995304],[ 0.08877966 -0.00794751]
4214,4.214999999999742,[-2.35681971  0.03678883],[-0.37145413 -0.1099529 ],[ 0.39994369 -1.42275692],[ 0.0888251  -0.00793609]
4215,4.215999999999743,[-2.35719076  0.03667747],[-0.37105268 -0.11135862],[ 0.40145196 -1.40572602],[ 0.08887043 -0.00792529]
4216,4.216999999999743,[-2.35756141  0.03656473],[-0.37064974 -0.11274748],[ 0.40294705 -1.38885876],[ 0.08891566 -0.00791511]
4217,4.217999999999743,[-2.35793166  0.03645061],[-0.37024531 -0.11411963],[ 0.40442908 -1.37215357],[ 0.08896079 -0.00790552]
4218,4.218999999999744,[-2.3583015   0.03633513],[-0.36983941 -0.11547524],[ 0.40589817 -1.35560888],[ 0.08900581 -0.00789653]
4219,4.219999999999744,[-2.35867093  0.03621832],[-0.36943205 -0.11681447],[ 0.40735445 -1.33922315],[ 0.08905072 -0.00788813]
4220,4.220999999999744,[-2.35903995  0.03610018],[-0.36902326 -0.11813746],[ 0.40879803 -1.32299483],[ 0.08909554 -0.00788031]
4221,4.221999999999745,[-2.35940856  0.03598074],[-0.36861303 -0.11944438],[ 0.41022903 -1.30692243],[ 0.08914025 -0.00787307]
4222,4.222999999999745,[-2.35977677  0.03586   ],[-0.36820138 -0.12073539],[ 0.41164759 -1.29100444],[ 0.08918486 -0.00786641]
4223,4.223999999999745,[-2.36014455  0.03573799],[-0.36778832 -0.12201063],[ 0.41305381 -1.27523936],[ 0.08922936 -0.0078603 ]
4224,4.224999999999746,[-2.36051193  0.03561472],[-0.36737388 -0.12327025],[ 0.41444782 -1.25962573],[ 0.08927377 -0.00785476]
4225,4.225999999999746,[-2.36087889  0.03549021],[-0.36695805 -0.12451442],[ 0.41582972 -1.24416209],[ 0.08931807 -0.00784976]
4226,4.226999999999746,[-2.36124543  0.03536446],[-0.36654085 -0.12574326],[ 0.41719964 -1.22884699],[ 0.08936228 -0.00784532]
4227,4.227999999999747,[-2.36161155  0.03523751],[-0.36612229 -0.12695694],[ 0.41855769 -1.21367901],[ 0.08940638 -0.00784141]
4228,4.228999999999747,[-2.36197725  0.03510935],[-0.36570239 -0.1281556 ],[ 0.41990397 -1.19865673],[ 0.08945039 -0.00783804]
4229,4.229999999999747,[-2.36234253  0.03498001],[-0.36528115 -0.12933938],[ 0.42123862 -1.18377873],[ 0.0894943 -0.0078352]
4230,4.230999999999748,[-2.36270739  0.0348495 ],[-0.36485859 -0.13050842],[ 0.42256172 -1.16904365],[ 0.08953811 -0.00783288]
4231,4.231999999999748,[-2.36307183  0.03471784],[-0.36443471 -0.13166287],[ 0.4238734  -1.15445009],[ 0.08958182 -0.00783108]
4232,4.232999999999748,[-2.36343584  0.03458504],[-0.36400954 -0.13280287],[ 0.42517375 -1.1399967 ],[ 0.08962543 -0.00782979]
4233,4.233999999999749,[-2.36379942  0.03445111],[-0.36358308 -0.13392855],[ 0.4264629  -1.12568213],[ 0.08966894 -0.007829  ]
4234,4.234999999999749,[-2.36416257  0.03431607],[-0.36315533 -0.13504005],[ 0.42774094 -1.11150504],[ 0.08971236 -0.00782872]
4235,4.235999999999749,[-2.3645253   0.03417993],[-0.36272633 -0.13613752],[ 0.42900798 -1.09746411],[ 0.08975569 -0.00782893]
4236,4.23699999999975,[-2.3648876   0.03404271],[-0.36229606 -0.13722108],[ 0.43026413 -1.08355803],[ 0.08979891 -0.00782963]
4237,4.23799999999975,[-2.36524946  0.03390442],[-0.36186455 -0.13829086],[ 0.43150948 -1.06978549],[ 0.08984204 -0.00783081]
4238,4.23899999999975,[-2.36561089  0.03376507],[-0.36143181 -0.13934701],[ 0.43274414 -1.05614522],[ 0.08988508 -0.00783248]
4239,4.239999999999751,[-2.36597189  0.03362468],[-0.36099784 -0.14038964],[ 0.43396822 -1.04263594],[ 0.08992802 -0.00783462]
4240,4.240999999999751,[-2.36633245  0.03348326],[-0.36056266 -0.1414189 ],[ 0.4351818  -1.02925639],[ 0.08997087 -0.00783722]
4241,4.241999999999751,[-2.36669258  0.03334083],[-0.36012627 -0.14243491],[ 0.436385   -1.01600533],[ 0.09001362 -0.00784029]
4242,4.242999999999752,[-2.36705227  0.03319739],[-0.3596887  -0.14343779],[ 0.4375779 -1.0028815],[ 0.09005628 -0.00784382]
4243,4.243999999999752,[-2.36741152  0.03305296],[-0.35924994 -0.14442767],[ 0.43876061 -0.9898837 ],[ 0.09009885 -0.0078478 ]
4244,4.244999999999752,[-2.36777033  0.03290756],[-0.35881    -0.14540468],[ 0.43993322 -0.9770107 ],[ 0.09014132 -0.00785222]
4245,4.245999999999753,[-2.3681287   0.03276119],[-0.35836891 -0.14636894],[ 0.44109583 -0.96426131],[ 0.0901837  -0.00785709]
4246,4.246999999999753,[-2.36848662  0.03261387],[-0.35792666 -0.14732058],[ 0.44224854 -0.95163434],[ 0.09022599 -0.0078624 ]
4247,4.247999999999753,[-2.36884411  0.03246561],[-0.35748327 -0.14825971],[ 0.44339143 -0.93912861],[ 0.09026819 -0.00786814]
4248,4.248999999999754,[-2.36920115  0.03231642],[-0.35703874 -0.14918645],[ 0.44452459 -0.92674294],[ 0.0903103  -0.00787431]
4249,4.249999999999754,[-2.36955774  0.03216632],[-0.35659309 -0.15010092],[ 0.44564813 -0.91447619],[ 0.09035232 -0.0078809 ]
4250,4.250999999999754,[-2.36991389  0.03201532],[-0.35614633 -0.15100325],[ 0.44676213 -0.90232722],[ 0.09039424 -0.00788792]
4251,4.251999999999755,[-2.37026958  0.03186342],[-0.35569846 -0.15189355],[ 0.44786668 -0.89029488],[ 0.09043608 -0.00789534]
4252,4.252999999999755,[-2.37062483  0.03171065],[-0.3552495  -0.15277192],[ 0.44896187 -0.87837805],[ 0.09047783 -0.00790317]
4253,4.253999999999755,[-2.37097963  0.03155701],[-0.35479946 -0.1536385 ],[ 0.45004779 -0.86657563],[ 0.09051948 -0.00791141]
4254,4.254999999999756,[-2.37133398  0.03140252],[-0.35434833 -0.15449339],[ 0.45112453 -0.85488651],[ 0.09056105 -0.00792005]
4255,4.255999999999756,[-2.37168788  0.03124718],[-0.35389614 -0.1553367 ],[ 0.45219217 -0.84330961],[ 0.09060253 -0.00792909]
4256,4.256999999999756,[-2.37204132  0.03109102],[-0.35344289 -0.15616854],[ 0.45325079 -0.83184383],[ 0.09064392 -0.00793851]
4257,4.257999999999757,[-2.37239431  0.03093403],[-0.35298859 -0.15698903],[ 0.45430049 -0.82048812],[ 0.09068522 -0.00794832]
4258,4.258999999999757,[-2.37274684  0.03077623],[-0.35253325 -0.15779827],[ 0.45534135 -0.8092414 ],[ 0.09072644 -0.00795851]
4259,4.259999999999757,[-2.37309892  0.03061763],[-0.35207687 -0.15859637],[ 0.45637345 -0.79810264],[ 0.09076757 -0.00796909]
4260,4.260999999999758,[-2.37345054  0.03045825],[-0.35161948 -0.15938344],[ 0.45739687 -0.7870708 ],[ 0.09080861 -0.00798003]
4261,4.261999999999758,[-2.3738017   0.03029809],[-0.35116106 -0.16015959],[ 0.4584117  -0.77614484],[ 0.09084956 -0.00799134]
4262,4.262999999999758,[-2.3741524   0.03013716],[-0.35070165 -0.16092491],[ 0.45941801 -0.76532374],[ 0.09089043 -0.00800302]
4263,4.263999999999759,[-2.37450264  0.02997548],[-0.35024123 -0.16167952],[ 0.46041589 -0.7546065 ],[ 0.09093121 -0.00801506]
4264,4.264999999999759,[-2.37485242  0.02981306],[-0.34977982 -0.16242351],[ 0.46140541 -0.74399211],[ 0.09097191 -0.00802745]
4265,4.265999999999759,[-2.37520174  0.0296499 ],[-0.34931744 -0.16315699],[ 0.46238665 -0.73347959],[ 0.09101252 -0.0080402 ]
4266,4.26699999999976,[-2.37555059  0.02948602],[-0.34885408 -0.16388006],[ 0.4633597  -0.72306796],[ 0.09105305 -0.0080533 ]
4267,4.26799999999976,[-2.37589898  0.02932143],[-0.34838975 -0.16459281],[ 0.46432463 -0.71275623],[ 0.09109349 -0.00806674]
4268,4.26899999999976,[-2.37624691  0.02915614],[-0.34792447 -0.16529536],[ 0.46528151 -0.70254346],[ 0.09113385 -0.00808052]
4269,4.269999999999761,[-2.37659437  0.02899015],[-0.34745824 -0.16598779],[ 0.46623042 -0.69242869],[ 0.09117412 -0.00809463]
4270,4.270999999999761,[-2.37694136  0.02882348],[-0.34699107 -0.1666702 ],[ 0.46717143 -0.68241097],[ 0.09121431 -0.00810908]
4271,4.271999999999761,[-2.37728788  0.02865613],[-0.34652297 -0.16734269],[ 0.46810462 -0.67248937],[ 0.09125442 -0.00812386]
4272,4.272999999999762,[-2.37763393  0.02848813],[-0.34605394 -0.16800535],[ 0.46903007 -0.66266296],[ 0.09129444 -0.00813896]
4273,4.273999999999762,[-2.37797952  0.02831947],[-0.34558399 -0.16865828],[ 0.46994784 -0.65293083],[ 0.09133438 -0.00815438]
4274,4.274999999999762,[-2.37832463  0.02815017],[-0.34511313 -0.16930157],[ 0.47085801 -0.64329207],[ 0.09137423 -0.00817012]
4275,4.275999999999763,[-2.37866927  0.02798023],[-0.34464137 -0.16993532],[ 0.47176064 -0.63374578],[ 0.09141401 -0.00818617]
4276,4.276999999999763,[-2.37901344  0.02780967],[-0.34416871 -0.17055961],[ 0.47265581 -0.62429107],[ 0.0914537  -0.00820253]
4277,4.277999999999763,[-2.37935714  0.0276385 ],[-0.34369517 -0.17117454],[ 0.4735436  -0.61492705],[ 0.09149331 -0.0082192 ]
4278,4.278999999999764,[-2.37970036  0.02746672],[-0.34322075 -0.17178019],[ 0.47442406 -0.60565286],[ 0.09153284 -0.00823617]
4279,4.279999999999764,[-2.3800431   0.02729434],[-0.34274545 -0.17237666],[ 0.47529726 -0.59646762],[ 0.09157229 -0.00825344]
4280,4.280999999999764,[-2.38038537  0.02712138],[-0.34226929 -0.17296403],[ 0.47616328 -0.58737048],[ 0.09161166 -0.008271  ]
4281,4.281999999999765,[-2.38072716  0.02694784],[-0.34179226 -0.17354239],[ 0.47702219 -0.5783606 ],[ 0.09165094 -0.00828885]
4282,4.282999999999765,[-2.38106848  0.02677372],[-0.34131439 -0.17411183],[ 0.47787404 -0.56943712],[ 0.09169015 -0.00830699]
4283,4.283999999999765,[-2.38140931  0.02659905],[-0.34083567 -0.17467242],[ 0.4787189  -0.56059922],[ 0.09172927 -0.00832542]
4284,4.284999999999766,[-2.38174967  0.02642383],[-0.34035611 -0.17522427],[ 0.47955684 -0.55184607],[ 0.09176832 -0.00834413]
4285,4.285999999999766,[-2.38208955  0.02624806],[-0.33987573 -0.17576745],[ 0.48038793 -0.54317686],[ 0.09180728 -0.00836311]
4286,4.286999999999766,[-2.38242894  0.02607176],[-0.33939451 -0.17630204],[ 0.48121223 -0.53459078],[ 0.09184617 -0.00838237]
4287,4.287999999999767,[-2.38276785  0.02589493],[-0.33891248 -0.17682812],[ 0.48202979 -0.52608702],[ 0.09188498 -0.0084019 ]
4288,4.288999999999767,[-2.38310628  0.02571758],[-0.33842964 -0.17734579],[ 0.48284069 -0.51766479],[ 0.09192371 -0.0084217 ]
4289,4.289999999999767,[-2.38344423  0.02553973],[-0.337946   -0.17785511],[ 0.48364499 -0.50932331],[ 0.09196236 -0.00844176]
4290,4.290999999999768,[-2.38378169  0.02536137],[-0.33746155 -0.17835617],[ 0.48444275 -0.50106179],[ 0.09200093 -0.00846208]
4291,4.291999999999768,[-2.38411867  0.02518252],[-0.33697632 -0.17884905],[ 0.48523402 -0.49287947],[ 0.09203942 -0.00848266]
4292,4.292999999999768,[-2.38445516  0.02500319],[-0.3364903  -0.17933383],[ 0.48601887 -0.48477558],[ 0.09207784 -0.0085035 ]
4293,4.293999999999769,[-2.38479116  0.02482338],[-0.3360035  -0.17981058],[ 0.48679737 -0.47674936],[ 0.09211617 -0.00852459]
4294,4.294999999999769,[-2.38512668  0.0246431 ],[-0.33551593 -0.18027938],[ 0.48756956 -0.46880007],[ 0.09215443 -0.00854592]
4295,4.295999999999769,[-2.3854617   0.02446236],[-0.3350276  -0.18074031],[ 0.48833551 -0.46092696],[ 0.09219262 -0.0085675 ]
4296,4.29699999999977,[-2.38579624  0.02428117],[-0.3345385  -0.18119344],[ 0.48909528 -0.45312931],[ 0.09223072 -0.00858932]
4297,4.29799999999977,[-2.38613029  0.02409953],[-0.33404866 -0.18163884],[ 0.48984891 -0.44540637],[ 0.09226875 -0.00861139]
4298,4.29899999999977,[-2.38646385  0.02391745],[-0.33355806 -0.1820766 ],[ 0.49059648 -0.43775743],[ 0.0923067  -0.00863368]
4299,4.299999999999771,[-2.38679692  0.02373494],[-0.33306672 -0.18250678],[ 0.49133804 -0.43018178],[ 0.09234458 -0.00865622]
4300,4.300999999999771,[-2.38712949  0.02355202],[-0.33257465 -0.18292946],[ 0.49207364 -0.42267871],[ 0.09238238 -0.00867898]
4301,4.301999999999771,[-2.38746157  0.02336867],[-0.33208184 -0.18334471],[ 0.49280333 -0.41524752],[ 0.09242011 -0.00870196]
4302,4.302999999999772,[-2.38779316  0.02318492],[-0.33158832 -0.18375259],[ 0.49352718 -0.4078875 ],[ 0.09245775 -0.00872518]
4303,4.303999999999772,[-2.38812425  0.02300076],[-0.33109407 -0.18415319],[ 0.49424524 -0.40059799],[ 0.09249533 -0.00874861]
4304,4.304999999999772,[-2.38845485  0.02281622],[-0.33059911 -0.18454657],[ 0.49495756 -0.39337829],[ 0.09253283 -0.00877227]
4305,4.305999999999773,[-2.38878496  0.02263129],[-0.33010345 -0.1849328 ],[ 0.49566419 -0.38622774],[ 0.09257025 -0.00879613]
4306,4.306999999999773,[-2.38911456  0.02244597],[-0.32960708 -0.18531194],[ 0.49636519 -0.37914566],[ 0.0926076  -0.00882022]
4307,4.307999999999773,[-2.38944367  0.02226029],[-0.32911002 -0.18568408],[ 0.49706061 -0.37213139],[ 0.09264487 -0.00884451]
4308,4.308999999999774,[-2.38977229  0.02207424],[-0.32861227 -0.18604926],[ 0.4977505  -0.36518428],[ 0.09268207 -0.00886901]
4309,4.309999999999774,[-2.3901004   0.02188783],[-0.32811384 -0.18640756],[ 0.49843491 -0.35830368],[ 0.09271919 -0.00889371]
4310,4.310999999999774,[-2.39042802  0.02170107],[-0.32761472 -0.18675905],[ 0.49911389 -0.35148894],[ 0.09275625 -0.00891862]
4311,4.311999999999775,[-2.39075513  0.02151397],[-0.32711494 -0.18710379],[ 0.4997875  -0.34473944],[ 0.09279322 -0.00894373]
4312,4.312999999999775,[-2.39108174  0.02132653],[-0.32661448 -0.18744185],[ 0.50045579 -0.33805454],[ 0.09283013 -0.00896903]
4313,4.313999999999775,[-2.39140786  0.02113875],[-0.32611336 -0.18777328],[ 0.50111879 -0.33143361],[ 0.09286696 -0.00899453]
4314,4.314999999999776,[-2.39173347  0.02095066],[-0.32561159 -0.18809816],[ 0.50177657 -0.32487604],[ 0.09290372 -0.00902022]
4315,4.315999999999776,[-2.39205858  0.02076224],[-0.32510916 -0.18841654],[ 0.50242917 -0.31838122],[ 0.0929404 -0.0090461]
4316,4.316999999999776,[-2.39238318  0.02057351],[-0.32460608 -0.18872849],[ 0.50307663 -0.31194854],[ 0.09297701 -0.00907217]
4317,4.317999999999777,[-2.39270729  0.02038448],[-0.32410236 -0.18903406],[ 0.50371902 -0.30557739],[ 0.09301355 -0.00909842]
4318,4.318999999999777,[-2.39303089  0.02019514],[-0.323598   -0.18933333],[ 0.50435636 -0.29926719],[ 0.09305002 -0.00912485]
4319,4.319999999999777,[-2.39335398  0.02000552],[-0.32309302 -0.18962635],[ 0.50498871 -0.29301734],[ 0.09308641 -0.00915146]
4320,4.320999999999778,[-2.39367657  0.0198156 ],[-0.3225874  -0.18991318],[ 0.50561612 -0.28682726],[ 0.09312273 -0.00917825]
4321,4.321999999999778,[-2.39399865  0.01962541],[-0.32208116 -0.19019387],[ 0.50623863 -0.28069638],[ 0.09315898 -0.00920521]
4322,4.322999999999778,[-2.39432022  0.01943494],[-0.3215743 -0.1904685],[ 0.50685629 -0.27462411],[ 0.09319516 -0.00923234]
4323,4.323999999999779,[-2.39464129  0.0192442 ],[-0.32106684 -0.19073711],[ 0.50746914 -0.2686099 ],[ 0.09323127 -0.00925965]
4324,4.324999999999779,[-2.39496185  0.01905321],[-0.32055876 -0.19099976],[ 0.50807722 -0.26265318],[ 0.0932673  -0.00928712]
4325,4.325999999999779,[-2.3952819   0.01886195],[-0.32005008 -0.19125651],[ 0.50868058 -0.25675339],[ 0.09330327 -0.00931475]
4326,4.32699999999978,[-2.39560144  0.01867044],[-0.3195408  -0.19150742],[ 0.50927926 -0.25090999],[ 0.09333916 -0.00934255]
4327,4.32799999999978,[-2.39592047  0.01847869],[-0.31903093 -0.19175254],[ 0.50987332 -0.24512243],[ 0.09337499 -0.00937051]
4328,4.32899999999978,[-2.39623899  0.0182867 ],[-0.31852046 -0.19199193],[ 0.51046277 -0.23939016],[ 0.09341074 -0.00939863]
4329,4.329999999999781,[-2.396557    0.01809447],[-0.31800941 -0.19222565],[ 0.51104769 -0.23371266],[ 0.09344642 -0.0094269 ]
4330,4.330999999999781,[-2.3968745   0.01790202],[-0.31749779 -0.19245374],[ 0.51162809 -0.22808939],[ 0.09348203 -0.00945533]
4331,4.331999999999781,[-2.39719148  0.01770934],[-0.31698558 -0.19267626],[ 0.51220403 -0.22251982],[ 0.09351757 -0.00948391]
4332,4.332999999999782,[-2.39750795  0.01751645],[-0.31647281 -0.19289326],[ 0.51277554 -0.21700345],[ 0.09355304 -0.00951264]
4333,4.333999999999782,[-2.39782391  0.01732334],[-0.31595946 -0.1931048 ],[ 0.51334267 -0.21153974],[ 0.09358844 -0.00954151]
4334,4.334999999999782,[-2.39813936  0.01713003],[-0.31544556 -0.19331093],[ 0.51390546 -0.2061282 ],[ 0.09362377 -0.00957053]
4335,4.335999999999783,[-2.39845429  0.01693652],[-0.3149311 -0.1935117],[ 0.51446394 -0.20076832],[ 0.09365904 -0.00959969]
4336,4.336999999999783,[-2.39876871  0.01674281],[-0.31441608 -0.19370716],[ 0.51501816 -0.19545959],[ 0.09369423 -0.009629  ]
4337,4.337999999999783,[-2.39908261  0.01654892],[-0.31390051 -0.19389736],[ 0.51556815 -0.19020152],[ 0.09372935 -0.00965844]
4338,4.338999999999784,[-2.39939599  0.01635483],[-0.31338439 -0.19408235],[ 0.51611396 -0.18499362],[ 0.09376441 -0.00968802]
4339,4.339999999999784,[-2.39970886  0.01616057],[-0.31286774 -0.19426219],[ 0.51665562 -0.17983541],[ 0.09379939 -0.00971773]
4340,4.340999999999784,[-2.40002121  0.01596613],[-0.31235055 -0.19443691],[ 0.51719317 -0.1747264 ],[ 0.09383431 -0.00974758]
4341,4.341999999999785,[-2.40033304  0.01577153],[-0.31183282 -0.19460658],[ 0.51772665 -0.16966611],[ 0.09386916 -0.00977756]
4342,4.342999999999785,[-2.40064436  0.01557676],[-0.31131456 -0.19477123],[ 0.51825609 -0.16465408],[ 0.09390394 -0.00980766]
4343,4.343999999999785,[-2.40095515  0.01538183],[-0.31079578 -0.19493092],[ 0.51878154 -0.15968983],[ 0.09393865 -0.0098379 ]
4344,4.344999999999786,[-2.40126543  0.01518674],[-0.31027648 -0.1950857 ],[ 0.51930302 -0.15477291],[ 0.09397329 -0.00986826]
4345,4.345999999999786,[-2.40157519  0.0149915 ],[-0.30975666 -0.1952356 ],[ 0.51982058 -0.14990285],[ 0.09400786 -0.00989874]
4346,4.346999999999786,[-2.40188442  0.01479612],[-0.30923632 -0.19538068],[ 0.52033425 -0.14507919],[ 0.09404237 -0.00992934]
4347,4.347999999999787,[-2.40219314  0.0146006 ],[-0.30871548 -0.19552098],[ 0.52084407 -0.1403015 ],[ 0.09407681 -0.00996006]
4348,4.348999999999787,[-2.40250133  0.01440495],[-0.30819413 -0.19565655],[ 0.52135007 -0.13556931],[ 0.09411118 -0.0099909 ]
4349,4.349999999999787,[-2.402809    0.01420916],[-0.30767228 -0.19578743],[ 0.52185229 -0.1308822 ],[ 0.09414549 -0.01002185]
4350,4.350999999999788,[-2.40311615  0.01401325],[-0.30714993 -0.19591367],[ 0.52235075 -0.12623972],[ 0.09417972 -0.01005292]
4351,4.351999999999788,[-2.40342278  0.01381721],[-0.30662708 -0.19603531],[ 0.52284551 -0.12164145],[ 0.09421389 -0.0100841 ]
4352,4.352999999999788,[-2.40372889  0.01362106],[-0.30610374 -0.1961524 ],[ 0.52333658 -0.11708694],[ 0.094248   -0.01011539]
4353,4.353999999999789,[-2.40403447  0.01342479],[-0.30557992 -0.19626497],[ 0.523824   -0.11257578],[ 0.09428203 -0.01014679]
4354,4.354999999999789,[-2.40433952  0.01322842],[-0.30505561 -0.19637308],[ 0.52430782 -0.10810755],[ 0.094316   -0.01017829]
4355,4.355999999999789,[-2.40464405  0.01303194],[-0.30453082 -0.19647676],[ 0.52478805 -0.10368183],[ 0.0943499 -0.0102099]
4356,4.35699999999979,[-2.40494806  0.01283537],[-0.30400556 -0.19657606],[ 0.52526473 -0.0992982 ],[ 0.09438374 -0.01024161]
4357,4.35799999999979,[-2.40525154  0.0126387 ],[-0.30347982 -0.19667102],[ 0.52573789 -0.09495626],[ 0.09441751 -0.01027342]
4358,4.35899999999979,[-2.40555449  0.01244193],[-0.30295361 -0.19676167],[ 0.52620758 -0.09065561],[ 0.09445121 -0.01030534]
4359,4.359999999999791,[-2.40585692  0.01224509],[-0.30242694 -0.19684807],[ 0.52667381 -0.08639583],[ 0.09448484 -0.01033735]
4360,4.360999999999791,[-2.40615882  0.01204816],[-0.3018998  -0.19693025],[ 0.52713661 -0.08217654],[ 0.09451841 -0.01036946]
4361,4.361999999999791,[-2.40646019  0.01185115],[-0.30137221 -0.19700824],[ 0.52759603 -0.07799734],[ 0.09455192 -0.01040166]
4362,4.362999999999792,[-2.40676103  0.01165407],[-0.30084416 -0.1970821 ],[ 0.52805209 -0.07385785],[ 0.09458536 -0.01043395]
4363,4.363999999999792,[-2.40706135  0.01145691],[-0.30031565 -0.19715186],[ 0.52850482 -0.06975767],[ 0.09461873 -0.01046634]
4364,4.364999999999792,[-2.40736114  0.0112597 ],[-0.2997867  -0.19721756],[ 0.52895425 -0.06569642],[ 0.09465204 -0.01049881]
4365,4.365999999999793,[-2.40766039  0.01106242],[-0.2992573  -0.19727923],[ 0.52940042 -0.06167373],[ 0.09468528 -0.01053138]
4366,4.366999999999793,[-2.40795912  0.01086508],[-0.29872745 -0.19733692],[ 0.52984334 -0.05768922],[ 0.09471845 -0.01056403]
4367,4.367999999999793,[-2.40825732  0.01066769],[-0.29819717 -0.19739066],[ 0.53028306 -0.05374252],[ 0.09475157 -0.01059677]
4368,4.368999999999794,[-2.40855498  0.01047025],[-0.29766645 -0.19744049],[ 0.53071959 -0.04983327],[ 0.09478461 -0.01062959]
4369,4.369999999999794,[-2.40885212  0.01027276],[-0.2971353  -0.19748646],[ 0.53115297 -0.04596109],[ 0.09481759 -0.01066249]
4370,4.370999999999794,[-2.40914872  0.01007523],[-0.29660371 -0.19752858],[ 0.53158323 -0.04212563],[ 0.09485051 -0.01069547]
4371,4.371999999999795,[-2.4094448   0.00987767],[-0.2960717  -0.19756691],[ 0.53201039 -0.03832652],[ 0.09488336 -0.01072853]
4372,4.372999999999795,[-2.40974033  0.00968006],[-0.29553927 -0.19760147],[ 0.53243449 -0.03456343],[ 0.09491615 -0.01076167]
4373,4.373999999999795,[-2.41003534  0.00948243],[-0.29500641 -0.19763231],[ 0.53285554 -0.03083599],[ 0.09494887 -0.01079489]
4374,4.374999999999796,[-2.41032981  0.00928477],[-0.29447314 -0.19765945],[ 0.53327359 -0.02714386],[ 0.09498152 -0.01082818]
4375,4.375999999999796,[-2.41062375  0.00908709],[-0.29393945 -0.19768294],[ 0.53368865 -0.0234867 ],[ 0.09501412 -0.01086154]
4376,4.376999999999796,[-2.41091716  0.00888939],[-0.29340535 -0.1977028 ],[ 0.53410075 -0.01986416],[ 0.09504665 -0.01089498]
4377,4.377999999999797,[-2.41121003  0.00869167],[-0.29287084 -0.19771908],[ 0.53450991 -0.01627591],[ 0.09507911 -0.01092848]
4378,4.378999999999797,[-2.41150237  0.00849394],[-0.29233592 -0.1977318 ],[ 0.53491618 -0.01272162],[ 0.09511151 -0.01096206]
4379,4.379999999999797,[-2.41179417  0.0082962 ],[-0.29180061 -0.197741  ],[ 0.53531956 -0.00920095],[ 0.09514385 -0.0109957 ]
4380,4.380999999999798,[-2.41208543  0.00809845],[-0.29126489 -0.19774671],[ 0.53572009 -0.00571358],[ 0.09517612 -0.01102941]
4381,4.381999999999798,[-2.41237616  0.0079007 ],[-0.29072877 -0.19774897],[ 0.5361178  -0.00225918],[ 0.09520833 -0.01106318]
4382,4.382999999999798,[-2.41266635  0.00770295],[-0.29019225 -0.19774781],[0.5365127  0.00116257],[ 0.09524047 -0.01109702]
4383,4.383999999999799,[-2.41295601  0.00750521],[-0.28965535 -0.19774326],[0.53690482 0.00455198],[ 0.09527255 -0.01113092]
4384,4.384999999999799,[-2.41324513  0.00730747],[-0.28911806 -0.19773535],[0.53729419 0.00790938],[ 0.09530457 -0.01116488]
4385,4.385999999999799,[-2.41353371  0.00710975],[-0.28858037 -0.19772411],[0.53768084 0.01123507],[ 0.09533653 -0.0111989 ]
4386,4.3869999999998,[-2.41382175  0.00691204],[-0.28804231 -0.19770959],[0.53806478 0.01452936],[ 0.09536842 -0.01123298]
4387,4.3879999999998,[-2.41410925  0.00671435],[-0.28750386 -0.19769179],[0.53844604 0.01779256],[ 0.09540025 -0.01126711]
4388,4.3889999999998,[-2.41439622  0.00651668],[-0.28696504 -0.19767077],[0.53882464 0.02102497],[ 0.09543201 -0.0113013 ]
4389,4.389999999999801,[-2.41468264  0.00631903],[-0.28642584 -0.19764654],[0.53920062 0.02422689],[ 0.09546371 -0.01133555]
4390,4.390999999999801,[-2.41496853  0.00612141],[-0.28588626 -0.19761914],[0.53957398 0.02739862],[ 0.09549535 -0.01136985]
4391,4.391999999999801,[-2.41525388  0.00592382],[-0.28534632 -0.1975886 ],[0.53994477 0.03054045],[ 0.09552693 -0.0114042 ]
4392,4.392999999999802,[-2.41553868  0.00572627],[-0.28480601 -0.19755495],[0.54031299 0.03365267],[ 0.09555844 -0.0114386 ]
4393,4.393999999999802,[-2.41582295  0.00552875],[-0.28426533 -0.19751821],[0.54067867 0.03673558],[ 0.09558989 -0.01147305]
4394,4.394999999999802,[-2.41610667  0.00533127],[-0.28372429 -0.19747842],[0.54104183 0.03978945],[ 0.09562128 -0.01150755]
4395,4.395999999999803,[-2.41638985  0.00513384],[-0.28318288 -0.19743561],[0.5414025  0.04281458],[ 0.0956526 -0.0115421]
4396,4.396999999999803,[-2.4166725   0.00493645],[-0.28264112 -0.1973898 ],[0.5417607  0.04581123],[ 0.09568387 -0.0115767 ]
4397,4.397999999999803,[-2.41695459  0.0047391 ],[-0.28209901 -0.19734102],[0.54211645 0.0487797 ],[ 0.09571507 -0.01161133]
4398,4.398999999999804,[-2.41723615  0.00454182],[-0.28155654 -0.1972893 ],[0.54246977 0.05172025],[ 0.09574621 -0.01164602]
4399,4.399999999999804,[-2.41751716  0.00434458],[-0.28101372 -0.19723466],[0.54282068 0.05463316],[ 0.09577728 -0.01168074]
4400,4.400999999999804,[-2.41779763  0.0041474 ],[-0.28047055 -0.19717715],[0.54316921 0.05751869],[ 0.0958083  -0.01171551]
4401,4.401999999999805,[-2.41807756  0.00395029],[-0.27992703 -0.19711677],[0.54351538 0.06037712],[ 0.09583925 -0.01175031]
4402,4.402999999999805,[-2.41835695  0.00375323],[-0.27938317 -0.19705356],[0.5438592 0.0632087],[ 0.09587014 -0.01178516]
4403,4.403999999999805,[-2.41863578  0.00355625],[-0.27883897 -0.19698755],[0.5442007  0.06601371],[ 0.09590097 -0.01182004]
4404,4.404999999999806,[-2.41891408  0.00335933],[-0.27829443 -0.19691875],[0.54453989 0.06879239],[ 0.09593173 -0.01185496]
4405,4.405999999999806,[-2.41919183  0.00316248],[-0.27774956 -0.19684721],[0.54487681 0.07154501],[ 0.09596244 -0.01188992]
4406,4.406999999999806,[-2.41946903  0.00296571],[-0.27720434 -0.19677294],[0.54521146 0.07427182],[ 0.09599308 -0.01192491]
4407,4.407999999999807,[-2.41974569  0.00276901],[-0.2766588  -0.19669596],[0.54554387 0.07697308],[ 0.09602366 -0.01195994]
4408,4.408999999999807,[-2.4200218   0.00257239],[-0.27611293 -0.19661632],[0.54587406 0.07964902],[ 0.09605418 -0.011995  ]
4409,4.409999999999807,[-2.42029737e+00  2.37586076e-03],[-0.27556672 -0.19653402],[0.54620204 0.0822999 ],[ 0.09608464 -0.01203009]
4410,4.410999999999808,[-2.42057239e+00  2.17941167e-03],[-0.2750202  -0.19644909],[0.54652785 0.08492597],[ 0.09611504 -0.01206521]
4411,4.411999999999808,[-2.42084686e+00  1.98305011e-03],[-0.27447334 -0.19636156],[0.54685149 0.08752746],[ 0.09614538 -0.01210036]
4412,4.412999999999808,[-2.42112079e+00  1.78677865e-03],[-0.27392617 -0.19627146],[0.54717298 0.09010462],[ 0.09617565 -0.01213554]
4413,4.413999999999809,[-2.42139417e+00  1.59059985e-03],[-0.27337868 -0.1961788 ],[0.54749235 0.09265769],[ 0.09620586 -0.01217075]
4414,4.414999999999809,[-2.42166700e+00  1.39451624e-03],[-0.27283087 -0.19608361],[0.5478096  0.09518689],[ 0.09623602 -0.01220598]
4415,4.415999999999809,[-2.42193928e+00  1.19853032e-03],[-0.27228274 -0.19598592],[0.54812477 0.09769246],[ 0.09626611 -0.01224124]
4416,4.41699999999981,[-2.42221102e+00  1.00264457e-03],[-0.27173431 -0.19588575],[0.54843787 0.10017464],[ 0.09629614 -0.01227653]
4417,4.41799999999981,[-2.42248220e+00  8.06861458e-04],[-0.27118556 -0.19578311],[0.54874892 0.10263365],[ 0.09632611 -0.01231184]
4418,4.41899999999981,[-2.42275284e+00  6.11183415e-04],[-0.2706365  -0.19567804],[0.54905793 0.10506972],[ 0.09635602 -0.01234717]
4419,4.419999999999811,[-2.42302293e+00  4.15612856e-04],[-0.27008714 -0.19557056],[0.54936492 0.10748307],[ 0.09638587 -0.01238252]
4420,4.420999999999811,[-2.42329246e+00  2.20152171e-04],[-0.26953747 -0.19546069],[0.54966991 0.10987392],[ 0.09641566 -0.0124179 ]
4421,4.421999999999811,[-2.42356145e+00  2.48037276e-05],[-0.26898749 -0.19534844],[0.54997292 0.1122425 ],[ 0.09644538 -0.01245329]
4422,4.422999999999812,[-2.42382989e+00 -1.70430126e-04],[-0.26843722 -0.19523385],[0.55027397 0.11458902],[ 0.09647505 -0.01248871]
4423,4.423999999999812,[-2.42409778e+00 -3.65547067e-04],[-0.26788665 -0.19511694],[0.55057307 0.1169137 ],[ 0.09650466 -0.01252414]
4424,4.424999999999812,[-2.42436511e+00 -5.60544790e-04],[-0.26733578 -0.19499772],[0.55087023 0.11921674],[ 0.0965342  -0.01255959]
4425,4.425999999999813,[-2.42463190e+00 -7.55421015e-04],[-0.26678461 -0.19487623],[0.55116548 0.12149837],[ 0.09656369 -0.01259506]
4426,4.426999999999813,[-2.42489813e+00 -9.50173481e-04],[-0.26623315 -0.19475247],[0.55145884 0.1237588 ],[ 0.09659312 -0.01263054]
4427,4.427999999999813,[-2.42516381e+00 -1.14479995e-03],[-0.2656814  -0.19462647],[0.55175031 0.12599822],[ 0.09662248 -0.01266603]
4428,4.428999999999814,[-2.42542894e+00 -1.33929820e-03],[-0.26512936 -0.19449825],[0.55203991 0.12821685],[ 0.09665179 -0.01270155]
4429,4.429999999999814,[-2.42569352e+00 -1.53366604e-03],[-0.26457703 -0.19436784],[0.55232767 0.13041488],[ 0.09668103 -0.01273707]
4430,4.430999999999814,[-2.42595754e+00 -1.72790128e-03],[-0.26402442 -0.19423524],[0.55261359 0.13259253],[ 0.09671022 -0.0127726 ]
4431,4.431999999999815,[-2.42622101e+00 -1.92200177e-03],[-0.26347152 -0.19410049],[0.5528977  0.13474998],[ 0.09673934 -0.01280815]
4432,4.432999999999815,[-2.42648393e+00 -2.11596538e-03],[-0.26291834 -0.19396361],[0.55318    0.13688744],[ 0.09676841 -0.01284371]
4433,4.433999999999815,[-2.42674630e+00 -2.30978998e-03],[-0.26236488 -0.1938246 ],[0.55346052 0.1390051 ],[ 0.09679741 -0.01287928]
4434,4.434999999999816,[-2.42700811 -0.00250347],[-0.26181114 -0.1936835 ],[0.55373926 0.14110316],[ 0.09682636 -0.01291485]
4435,4.435999999999816,[-2.42726936 -0.00269701],[-0.26125713 -0.19354032],[0.55401625 0.1431818 ],[ 0.09685524 -0.01295044]
4436,4.436999999999816,[-2.42753007 -0.00289041],[-0.26070283 -0.19339508],[0.5542915  0.14524122],[ 0.09688407 -0.01298603]
4437,4.437999999999817,[-2.42779021 -0.00308366],[-0.26014827 -0.19324779],[0.55456502 0.14728161],[ 0.09691284 -0.01302163]
4438,4.438999999999817,[-2.42804981 -0.00327676],[-0.25959343 -0.19309849],[0.55483683 0.14930315],[ 0.09694155 -0.01305723]
4439,4.439999999999817,[-2.42830885 -0.0034697 ],[-0.25903833 -0.19294718],[0.55510694 0.15130602],[ 0.09697019 -0.01309284]
4440,4.440999999999818,[-2.42856733 -0.0036625 ],[-0.25848295 -0.19279389],[0.55537538 0.15329042],[ 0.09699878 -0.01312845]
4441,4.441999999999818,[-2.42882526 -0.00385513],[-0.25792731 -0.19263864],[0.55564214 0.15525651],[ 0.09702731 -0.01316407]
4442,4.442999999999818,[-2.42908263 -0.00404762],[-0.2573714  -0.19248143],[0.55590725 0.15720448],[ 0.09705578 -0.01319969]
4443,4.443999999999819,[-2.42933944 -0.00423994],[-0.25681523 -0.1923223 ],[0.55617072 0.15913451],[ 0.09708419 -0.01323531]
4444,4.444999999999819,[-2.4295957 -0.0044321],[-0.2562588  -0.19216125],[0.55643256 0.16104677],[ 0.09711254 -0.01327093]
4445,4.445999999999819,[-2.4298514 -0.0046241],[-0.2557021  -0.19199831],[0.55669279 0.16294144],[ 0.09714083 -0.01330655]
4446,4.44699999999982,[-2.43010655 -0.00481593],[-0.25514515 -0.19183349],[0.55695142 0.16481869],[ 0.09716906 -0.01334218]
4447,4.44799999999982,[-2.43036114 -0.0050076 ],[-0.25458794 -0.19166681],[0.55720847 0.16667868],[ 0.09719724 -0.0133778 ]
4448,4.44899999999982,[-2.43061517 -0.0051991 ],[-0.25403048 -0.19149829],[0.55746394 0.16852159],[ 0.09722535 -0.01341342]
4449,4.449999999999821,[-2.43086864 -0.00539042],[-0.25347276 -0.19132794],[0.55771786 0.17034759],[ 0.09725341 -0.01344903]
4450,4.450999999999821,[-2.43112156 -0.00558158],[-0.25291479 -0.19115579],[0.55797023 0.17215683],[ 0.09728141 -0.01348465]
4451,4.451999999999821,[-2.43137391 -0.00577256],[-0.25235657 -0.19098184],[0.55822106 0.17394949],[ 0.09730934 -0.01352026]
4452,4.452999999999822,[-2.43162571 -0.00596337],[-0.2517981  -0.19080611],[0.55847038 0.17572573],[ 0.09733722 -0.01355586]
4453,4.453999999999822,[-2.43187695 -0.006154  ],[-0.25123938 -0.19062863],[0.55871819 0.17748571],[ 0.09736504 -0.01359146]
4454,4.454999999999822,[-2.43212763 -0.00634445],[-0.25068042 -0.1904494 ],[0.55896451 0.17922958],[ 0.0973928  -0.01362706]
4455,4.455999999999823,[-2.43237775 -0.00653471],[-0.25012121 -0.19026844],[0.55920935 0.18095751],[ 0.09742051 -0.01366264]
4456,4.456999999999823,[-2.43262731 -0.0067248 ],[-0.24956176 -0.19008577],[0.55945271 0.18266965],[ 0.09744815 -0.01369822]
4457,4.457999999999823,[-2.43287632 -0.0069147 ],[-0.24900206 -0.1899014 ],[0.55969462 0.18436615],[ 0.09747573 -0.0137338 ]
4458,4.458999999999824,[-2.43312476 -0.00710442],[-0.24844213 -0.18971536],[0.55993508 0.18604717],[ 0.09750326 -0.01376936]
4459,4.459999999999824,[-2.43337264 -0.00729395],[-0.24788195 -0.18952764],[0.56017411 0.18771287],[ 0.09753073 -0.01380491]
4460,4.460999999999824,[-2.43361996 -0.00748328],[-0.24732154 -0.18933828],[0.56041172 0.18936338],[ 0.09755814 -0.01384046]
4461,4.461999999999825,[-2.43386672 -0.00767243],[-0.24676089 -0.18914728],[0.56064792 0.19099886],[ 0.09758549 -0.01387599]
4462,4.462999999999825,[-2.43411292 -0.00786139],[-0.24620001 -0.18895466],[0.56088272 0.19261946],[ 0.09761278 -0.01391152]
4463,4.463999999999825,[-2.43435856 -0.00805015],[-0.24563889 -0.18876044],[0.56111613 0.19422533],[ 0.09764002 -0.01394703]
4464,4.464999999999826,[-2.43460364 -0.00823871],[-0.24507755 -0.18856462],[0.56134817 0.19581659],[ 0.09766719 -0.01398253]
4465,4.465999999999826,[-2.43484815 -0.00842708],[-0.24451597 -0.18836723],[0.56157885 0.19739341],[ 0.09769431 -0.01401802]
4466,4.466999999999826,[-2.43509211 -0.00861525],[-0.24395416 -0.18816827],[0.56180817 0.19895592],[ 0.09772137 -0.01405349]
4467,4.467999999999827,[-2.4353355  -0.00880321],[-0.24339212 -0.18796777],[0.56203616 0.20050426],[ 0.09774837 -0.01408895]
4468,4.468999999999827,[-2.43557833 -0.00899098],[-0.24282986 -0.18776573],[0.56226281 0.20203858],[ 0.09777532 -0.01412439]
4469,4.4699999999998274,[-2.4358206  -0.00917854],[-0.24226737 -0.18756217],[0.56248814 0.203559  ],[ 0.0978022  -0.01415982]
4470,4.470999999999828,[-2.4360623 -0.0093659],[-0.24170466 -0.1873571 ],[0.56271217 0.20506566],[ 0.09782903 -0.01419523]
4471,4.471999999999828,[-2.43630344 -0.00955305],[-0.24114172 -0.18715054],[0.56293489 0.2065587 ],[ 0.0978558  -0.01423063]
4472,4.4729999999998284,[-2.43654402 -0.00973999],[-0.24057857 -0.18694251],[0.56315633 0.20803826],[ 0.09788251 -0.01426601]
4473,4.473999999999829,[-2.43678404 -0.00992672],[-0.24001519 -0.186733  ],[0.56337649 0.20950446],[ 0.09790916 -0.01430137]
4474,4.474999999999829,[-2.43702349 -0.01011325],[-0.2394516  -0.18652204],[0.56359539 0.21095743],[ 0.09793576 -0.01433672]
4475,4.4759999999998294,[-2.43726238 -0.01029956],[-0.23888778 -0.18630965],[0.56381303 0.21239731],[ 0.0979623  -0.01437204]
4476,4.47699999999983,[-2.4375007  -0.01048565],[-0.23832375 -0.18609582],[0.56402942 0.21382422],[ 0.09798877 -0.01440735]
4477,4.47799999999983,[-2.43773846 -0.01067153],[-0.23775951 -0.18588058],[0.56424458 0.2152383 ],[ 0.0980152  -0.01444264]
4478,4.4789999999998305,[-2.43797566 -0.0108572 ],[-0.23719505 -0.18566394],[0.56445851 0.21663966],[ 0.09804156 -0.0144779 ]
4479,4.479999999999831,[-2.43821229 -0.01104264],[-0.23663038 -0.18544592],[0.56467122 0.21802843],[ 0.09806787 -0.01451315]
4480,4.480999999999831,[-2.43844835 -0.01122787],[-0.2360655  -0.18522651],[0.56488273 0.21940473],[ 0.09809412 -0.01454837]
4481,4.4819999999998315,[-2.43868385 -0.01141287],[-0.2355004  -0.18500574],[0.56509304 0.22076869],[ 0.09812031 -0.01458358]
4482,4.482999999999832,[-2.43891879 -0.01159766],[-0.2349351  -0.18478362],[0.56530217 0.22212043],[ 0.09814644 -0.01461876]
4483,4.483999999999832,[-2.43915316 -0.01178222],[-0.23436959 -0.18456016],[0.56551011 0.22346007],[ 0.09817251 -0.01465391]
4484,4.4849999999998325,[-2.43938696 -0.01196655],[-0.23380387 -0.18433537],[0.56571689 0.22478772],[ 0.09819853 -0.01468905]
4485,4.485999999999833,[-2.4396202  -0.01215066],[-0.23323795 -0.18410927],[0.56592251 0.2261035 ],[ 0.09822449 -0.01472416]
4486,4.486999999999833,[-2.43985287 -0.01233455],[-0.23267183 -0.18388186],[0.56612698 0.22740754],[ 0.0982504  -0.01475924]
4487,4.4879999999998335,[-2.44008498 -0.0125182 ],[-0.23210549 -0.18365316],[0.56633031 0.22869994],[ 0.09827624 -0.0147943 ]
4488,4.488999999999834,[-2.44031651 -0.01270162],[-0.23153896 -0.18342318],[0.56653251 0.22998081],[ 0.09830203 -0.01482934]
4489,4.489999999999834,[-2.44054749 -0.01288481],[-0.23097223 -0.18319193],[0.56673358 0.23125028],[ 0.09832776 -0.01486435]
4490,4.4909999999998345,[-2.44077789 -0.01306777],[-0.2304053  -0.18295942],[0.56693354 0.23250845],[ 0.09835343 -0.01489933]
4491,4.491999999999835,[-2.44100773 -0.0132505 ],[-0.22983816 -0.18272567],[0.5671324  0.23375544],[ 0.09837905 -0.01493429]
4492,4.492999999999835,[-2.441237   -0.01343299],[-0.22927083 -0.18249068],[0.56733015 0.23499135],[ 0.09840461 -0.01496922]
4493,4.4939999999998355,[-2.4414657  -0.01361524],[-0.22870331 -0.18225446],[0.56752683 0.23621629],[ 0.09843011 -0.01500412]
4494,4.494999999999836,[-2.44169384 -0.01379726],[-0.22813558 -0.18201703],[0.56772242 0.23743038],[ 0.09845555 -0.01503899]
4495,4.495999999999836,[-2.44192141 -0.01397904],[-0.22756767 -0.1817784 ],[0.56791694 0.2386337 ],[ 0.09848094 -0.01507383]
4496,4.4969999999998365,[-2.44214841 -0.01416058],[-0.22699956 -0.18153857],[0.5681104  0.23982639],[ 0.09850627 -0.01510865]
4497,4.497999999999837,[-2.44237484 -0.01434188],[-0.22643125 -0.18129756],[0.5683028  0.24100852],[ 0.09853154 -0.01514344]
4498,4.498999999999837,[-2.4426007  -0.01452293],[-0.22586276 -0.18105538],[0.56849416 0.24218022],[ 0.09855676 -0.01517819]
4499,4.4999999999998375,[-2.442826   -0.01470374],[-0.22529407 -0.18081204],[0.56868448 0.24334157],[ 0.09858192 -0.01521292]
4500,4.500999999999838,[-2.44305072 -0.01488431],[-0.2247252  -0.18056755],[0.56887377 0.24449269],[ 0.09860702 -0.01524761]
4501,4.501999999999838,[-2.44327488 -0.01506463],[-0.22415614 -0.18032191],[0.56906204 0.24563368],[ 0.09863206 -0.01528227]
4502,4.5029999999998385,[-2.44349846 -0.01524471],[-0.22358689 -0.18007515],[0.56924929 0.24676462],[ 0.09865705 -0.01531691]
4503,4.503999999999839,[-2.44372148 -0.01542453],[-0.22301745 -0.17982726],[0.56943554 0.24788563],[ 0.09868198 -0.0153515 ]
4504,4.504999999999839,[-2.44394393 -0.01560411],[-0.22244783 -0.17957827],[0.56962079 0.2489968 ],[ 0.09870685 -0.01538607]
4505,4.5059999999998395,[-2.44416581 -0.01578344],[-0.22187803 -0.17932817],[0.56980505 0.25009822],[ 0.09873167 -0.01542061]
4506,4.50699999999984,[-2.44438711 -0.01596252],[-0.22130804 -0.17907698],[0.56998832 0.25118999],[ 0.09875643 -0.01545511]
4507,4.50799999999984,[-2.44460785 -0.01614134],[-0.22073787 -0.17882471],[0.57017062 0.2522722 ],[ 0.09878113 -0.01548957]
4508,4.5089999999998405,[-2.44482802 -0.01631991],[-0.22016752 -0.17857136],[0.57035195 0.25334495],[ 0.09880578 -0.015524  ]
4509,4.509999999999841,[-2.44504762 -0.01649823],[-0.21959698 -0.17831695],[0.57053232 0.25440834],[ 0.09883037 -0.0155584 ]
4510,4.510999999999841,[-2.44526664 -0.01667629],[-0.21902627 -0.17806149],[0.57071174 0.25546245],[ 0.0988549  -0.01559276]
4511,4.5119999999998415,[-2.4454851 -0.0168541],[-0.21845538 -0.17780498],[0.57089021 0.25650737],[ 0.09887937 -0.01562709]
4512,4.512999999999842,[-2.44570298 -0.01703164],[-0.21788432 -0.17754744],[0.57106774 0.25754319],[ 0.09890379 -0.01566138]
4513,4.513999999999842,[-2.4459203  -0.01720893],[-0.21731307 -0.17728887],[0.57124434 0.25857001],[ 0.09892815 -0.01569564]
4514,4.5149999999998425,[-2.44613704 -0.01738596],[-0.21674165 -0.17702928],[0.57142001 0.25958791],[ 0.09895246 -0.01572986]
4515,4.515999999999843,[-2.44635321 -0.01756273],[-0.21617006 -0.17676868],[0.57159476 0.26059697],[ 0.09897671 -0.01576404]
4516,4.516999999999843,[-2.44656881 -0.01773924],[-0.21559829 -0.17650709],[0.5717686  0.26159729],[ 0.0990009  -0.01579818]
4517,4.5179999999998435,[-2.44678383 -0.01791548],[-0.21502635 -0.1762445 ],[0.57194154 0.26258895],[ 0.09902503 -0.01583229]
4518,4.518999999999844,[-2.44699829 -0.01809146],[-0.21445423 -0.17598093],[0.57211358 0.26357204],[ 0.09904911 -0.01586636]
4519,4.519999999999844,[-2.44721217 -0.01826718],[-0.21388195 -0.17571638],[0.57228473 0.26454664],[ 0.09907313 -0.01590039]
4520,4.5209999999998445,[-2.44742548 -0.01844263],[-0.21330949 -0.17545087],[0.57245499 0.26551283],[ 0.0990971  -0.01593438]
4521,4.521999999999845,[-2.44763822 -0.01861782],[-0.21273687 -0.1751844 ],[0.57262438 0.26647069],[ 0.09912101 -0.01596833]
4522,4.522999999999845,[-2.44785038 -0.01879273],[-0.21216408 -0.17491698],[0.57279289 0.26742031],[ 0.09914486 -0.01600225]
4523,4.5239999999998455,[-2.44806197 -0.01896738],[-0.21159111 -0.17464861],[0.57296053 0.26836176],[ 0.09916866 -0.01603612]
4524,4.524999999999846,[-2.44827299 -0.01914176],[-0.21101799 -0.17437932],[0.57312732 0.26929513],[ 0.09919239 -0.01606995]
4525,4.525999999999846,[-2.44848343 -0.01931587],[-0.21044469 -0.1741091 ],[0.57329326 0.2702205 ],[ 0.09921608 -0.01610375]
4526,4.5269999999998465,[-2.4486933  -0.01948971],[-0.20987124 -0.17383796],[0.57345835 0.27113794],[ 0.0992397 -0.0161375]
4527,4.527999999999847,[-2.4489026  -0.01966327],[-0.20929761 -0.17356591],[0.57362259 0.27204754],[ 0.09926327 -0.01617121]
4528,4.528999999999847,[-2.44911133 -0.01983657],[-0.20872383 -0.17329296],[0.57378601 0.27294936],[ 0.09928679 -0.01620488]
4529,4.5299999999998475,[-2.44931948 -0.02000959],[-0.20814988 -0.17301912],[0.57394859 0.27384349],[ 0.09931024 -0.0162385 ]
4530,4.530999999999848,[-2.44952705 -0.02018233],[-0.20757577 -0.17274439],[0.57411036 0.27472999],[ 0.09933365 -0.01627209]
4531,4.531999999999848,[-2.44973405 -0.0203548 ],[-0.2070015  -0.17246878],[0.5742713  0.27560895],[ 0.09935699 -0.01630563]
4532,4.5329999999998485,[-2.44994048 -0.02052699],[-0.20642707 -0.1721923 ],[0.57443144 0.27648044],[ 0.09938028 -0.01633913]
4533,4.533999999999849,[-2.45014633 -0.02069891],[-0.20585247 -0.17191496],[0.57459077 0.27734453],[ 0.09940351 -0.01637259]
4534,4.534999999999849,[-2.45035161 -0.02087054],[-0.20527773 -0.17163676],[0.5747493 0.2782013],[ 0.09942669 -0.016406  ]
4535,4.5359999999998495,[-2.45055631 -0.0210419 ],[-0.20470282 -0.1713577 ],[0.57490704 0.2790508 ],[ 0.09944981 -0.01643937]
4536,4.53699999999985,[-2.45076044 -0.02121298],[-0.20412775 -0.17107781],[0.57506399 0.27989313],[ 0.09947287 -0.01647269]
4537,4.53799999999985,[-2.45096399 -0.02138378],[-0.20355253 -0.17079708],[0.57522016 0.28072834],[ 0.09949588 -0.01650598]
4538,4.5389999999998505,[-2.45116697 -0.02155429],[-0.20297716 -0.17051553],[0.57537555 0.28155651],[ 0.09951883 -0.01653921]
4539,4.539999999999851,[-2.45136937 -0.02172452],[-0.20240163 -0.17023315],[0.57553018 0.2823777 ],[ 0.09954172 -0.0165724 ]
4540,4.540999999999851,[-2.4515712  -0.02189447],[-0.20182594 -0.16994996],[0.57568403 0.28319198],[ 0.09956456 -0.01660555]
4541,4.5419999999998515,[-2.45177245 -0.02206414],[-0.20125011 -0.16966596],[0.57583713 0.28399943],[ 0.09958734 -0.01663865]
4542,4.542999999999852,[-2.45197312 -0.02223352],[-0.20067412 -0.16938116],[0.57598947 0.2848001 ],[ 0.09961007 -0.0166717 ]
4543,4.543999999999852,[-2.45217322 -0.02240262],[-0.20009798 -0.16909556],[0.57614106 0.28559406],[ 0.09963274 -0.01670471]
4544,4.5449999999998525,[-2.45237274 -0.02257143],[-0.19952169 -0.16880918],[0.5762919  0.28638139],[ 0.09965535 -0.01673767]
4545,4.545999999999853,[-2.45257169 -0.02273995],[-0.19894524 -0.16852202],[0.57644201 0.28716213],[ 0.09967791 -0.01677059]
4546,4.546999999999853,[-2.45277006 -0.02290818],[-0.19836865 -0.16823408],[0.57659138 0.28793637],[ 0.09970041 -0.01680345]
4547,4.5479999999998535,[-2.45296785 -0.02307613],[-0.19779191 -0.16794538],[0.57674002 0.28870416],[ 0.09972286 -0.01683627]
4548,4.548999999999854,[-2.45316506 -0.02324378],[-0.19721502 -0.16765591],[0.57688794 0.28946556],[ 0.09974525 -0.01686905]
4549,4.549999999999854,[-2.4533617  -0.02341115],[-0.19663799 -0.16736569],[0.57703514 0.29022064],[ 0.09976758 -0.01690177]
4550,4.5509999999998545,[-2.45355776 -0.02357822],[-0.19606081 -0.16707472],[0.57718162 0.29096945],[ 0.09978986 -0.01693445]
4551,4.551999999999855,[-2.45375324 -0.02374501],[-0.19548348 -0.16678301],[0.5773274  0.29171207],[ 0.09981208 -0.01696707]
4552,4.552999999999855,[-2.45394815 -0.0239115 ],[-0.19490601 -0.16649056],[0.57747247 0.29244855],[ 0.09983425 -0.01699965]
4553,4.5539999999998555,[-2.45414248 -0.02407769],[-0.19432839 -0.16619738],[0.57761684 0.29317894],[ 0.09985636 -0.01703218]
4554,4.554999999999856,[-2.45433623 -0.0242436 ],[-0.19375063 -0.16590348],[0.57776051 0.29390332],[ 0.09987841 -0.01706466]
4555,4.555999999999856,[-2.4545294  -0.02440921],[-0.19317273 -0.16560886],[0.57790349 0.29462173],[ 0.09990041 -0.0170971 ]
4556,4.5569999999998565,[-2.454722   -0.02457452],[-0.19259468 -0.16531352],[0.57804579 0.29533424],[ 0.09992235 -0.01712948]
4557,4.557999999999857,[-2.45491401 -0.02473954],[-0.19201649 -0.16501748],[0.57818741 0.29604091],[ 0.09994424 -0.01716181]
4558,4.558999999999857,[-2.45510545 -0.02490426],[-0.19143816 -0.16472074],[0.57832835 0.29674178],[ 0.09996607 -0.01719409]
4559,4.5599999999998575,[-2.45529631 -0.02506868],[-0.1908597 -0.1644233],[0.57846862 0.29743692],[ 0.09998785 -0.01722632]
4560,4.560999999999858,[-2.45548659 -0.02523281],[-0.19028109 -0.16412518],[0.57860821 0.29812639],[ 0.10000957 -0.0172585 ]
4561,4.561999999999858,[-2.4556763  -0.02539663],[-0.18970234 -0.16382637],[0.57874715 0.29881023],[ 0.10003123 -0.01729063]
4562,4.5629999999998585,[-2.45586542 -0.02556016],[-0.18912346 -0.16352688],[0.57888543 0.29948851],[ 0.10005284 -0.01732271]
4563,4.563999999999859,[-2.45605396 -0.02572339],[-0.18854443 -0.16322672],[0.57902305 0.30016127],[ 0.10007439 -0.01735474]
4564,4.564999999999859,[-2.45624193 -0.02588631],[-0.18796527 -0.16292589],[0.57916002 0.30082858],[ 0.10009589 -0.01738671]
4565,4.5659999999998595,[-2.45642931 -0.02604894],[-0.18738598 -0.1626244 ],[0.57929634 0.30149047],[ 0.10011733 -0.01741863]
4566,4.56699999999986,[-2.45661612 -0.02621126],[-0.18680654 -0.16232225],[0.57943202 0.30214702],[ 0.10013871 -0.0174505 ]
4567,4.56799999999986,[-2.45680235 -0.02637328],[-0.18622698 -0.16201945],[0.57956707 0.30279826],[ 0.10016004 -0.01748232]
4568,4.5689999999998605,[-2.456988 -0.026535],[-0.18564728 -0.16171601],[0.57970148 0.30344426],[ 0.10018131 -0.01751409]
4569,4.569999999999861,[-2.45717306 -0.02669641],[-0.18506744 -0.16141192],[0.57983526 0.30408506],[ 0.10020253 -0.0175458 ]
4570,4.570999999999861,[-2.45735755 -0.02685751],[-0.18448747 -0.1611072 ],[0.57996841 0.3047207 ],[ 0.10022369 -0.01757746]
4571,4.5719999999998615,[-2.45754146 -0.02701832],[-0.18390737 -0.16080185],[0.58010094 0.30535125],[ 0.1002448  -0.01760907]
4572,4.572999999999862,[-2.45772478 -0.02717881],[-0.18332714 -0.16049588],[0.58023286 0.30597676],[ 0.10026585 -0.01764062]
4573,4.573999999999862,[-2.45790753 -0.027339  ],[-0.18274677 -0.16018928],[0.58036416 0.30659726],[ 0.10028684 -0.01767212]
4574,4.5749999999998625,[-2.4580897  -0.02749888],[-0.18216628 -0.15988207],[0.58049485 0.30721281],[ 0.10030778 -0.01770356]
4575,4.575999999999863,[-2.45827128 -0.02765846],[-0.18158565 -0.15957424],[0.58062493 0.30782346],[ 0.10032867 -0.01773495]
4576,4.576999999999863,[-2.45845229 -0.02781772],[-0.1810049  -0.15926581],[0.58075441 0.30842926],[ 0.10034949 -0.01776629]
4577,4.5779999999998635,[-2.45863271 -0.02797668],[-0.18042402 -0.15895678],[0.58088329 0.30903025],[ 0.10037027 -0.01779757]
4578,4.578999999999864,[-2.45881256 -0.02813533],[-0.179843   -0.15864716],[0.58101158 0.30962647],[ 0.10039098 -0.0178288 ]
4579,4.579999999999864,[-2.45899182 -0.02829366],[-0.17926187 -0.15833694],[0.58113927 0.31021798],[ 0.10041164 -0.01785997]
4580,4.5809999999998645,[-2.4591705  -0.02845169],[-0.1786806  -0.15802613],[0.58126638 0.31080483],[ 0.10043225 -0.01789108]
4581,4.581999999999865,[-2.4593486  -0.02860941],[-0.17809921 -0.15771475],[0.5813929  0.31138705],[ 0.1004528  -0.01792214]
4582,4.582999999999865,[-2.45952611 -0.02876681],[-0.17751769 -0.15740278],[0.58151885 0.31196469],[ 0.1004733  -0.01795315]
4583,4.5839999999998655,[-2.45970305 -0.0289239 ],[-0.17693604 -0.15709024],[0.58164421 0.31253779],[ 0.10049373 -0.0179841 ]
4584,4.584999999999866,[-2.4598794  -0.02908068],[-0.17635427 -0.15677714],[0.581769   0.31310641],[ 0.10051412 -0.01801499]
4585,4.585999999999866,[-2.46005518 -0.02923714],[-0.17577238 -0.15646347],[0.58189323 0.31367057],[ 0.10053445 -0.01804583]
4586,4.5869999999998665,[-2.46023037 -0.02939329],[-0.17519036 -0.15614924],[0.58201688 0.31423034],[ 0.10055472 -0.01807661]
4587,4.587999999999867,[-2.46040498 -0.02954912],[-0.17460822 -0.15583445],[0.58213997 0.31478574],[ 0.10057494 -0.01810733]
4588,4.588999999999867,[-2.460579   -0.02970464],[-0.17402596 -0.15551911],[0.5822625  0.31533682],[ 0.1005951 -0.018138 ]
4589,4.5899999999998675,[-2.46075245 -0.02985985],[-0.17344358 -0.15520323],[0.58238448 0.31588363],[ 0.10061521 -0.01816861]
4590,4.590999999999868,[-2.46092531 -0.03001473],[-0.17286107 -0.1548868 ],[0.5825059 0.3164262],[ 0.10063526 -0.01819916]
4591,4.591999999999868,[-2.46109758 -0.0301693 ],[-0.17227844 -0.15456984],[0.58262677 0.31696458],[ 0.10065525 -0.01822965]
4592,4.5929999999998685,[-2.46126928 -0.03032355],[-0.1716957  -0.15425234],[0.5827471 0.3174988],[ 0.10067519 -0.01826009]
4593,4.593999999999869,[-2.46144039 -0.03047749],[-0.17111283 -0.15393431],[0.58286688 0.31802891],[ 0.10069508 -0.01829047]
4594,4.594999999999869,[-2.46161092 -0.0306311 ],[-0.17052984 -0.15361576],[0.58298612 0.31855494],[ 0.10071491 -0.01832079]
4595,4.5959999999998695,[-2.46178087 -0.0307844 ],[-0.16994674 -0.15329668],[0.58310483 0.31907694],[ 0.10073468 -0.01835105]
4596,4.59699999999987,[-2.46195023 -0.03093738],[-0.16936352 -0.15297709],[0.583223   0.31959494],[ 0.1007544  -0.01838126]
4597,4.59799999999987,[-2.46211901 -0.03109003],[-0.16878018 -0.15265698],[0.58334063 0.32010899],[ 0.10077406 -0.0184114 ]
4598,4.5989999999998705,[-2.46228721 -0.03124237],[-0.16819672 -0.15233636],[0.58345774 0.32061912],[ 0.10079367 -0.01844149]
4599,4.599999999999871,[-2.46245482 -0.03139439],[-0.16761314 -0.15201523],[0.58357433 0.32112536],[ 0.10081322 -0.01847152]
4600,4.600999999999871,[-2.46262185 -0.03154608],[-0.16702945 -0.1516936 ],[0.58369039 0.32162776],[ 0.10083272 -0.01850149]
4601,4.6019999999998715,[-2.4627883  -0.03169745],[-0.16644565 -0.15137148],[0.58380594 0.32212636],[ 0.10085216 -0.0185314 ]
4602,4.602999999999872,[-2.46295416 -0.0318485 ],[-0.16586173 -0.15104886],[0.58392097 0.32262119],[ 0.10087155 -0.01856125]
4603,4.603999999999872,[-2.46311944 -0.03199923],[-0.16527769 -0.15072574],[0.58403548 0.32311228],[ 0.10089088 -0.01859104]
4604,4.6049999999998725,[-2.46328413 -0.03214963],[-0.16469354 -0.15040214],[0.58414949 0.32359967],[ 0.10091016 -0.01862077]
4605,4.605999999999873,[-2.46344824 -0.03229971],[-0.16410928 -0.15007806],[0.58426298 0.3240834 ],[ 0.10092938 -0.01865044]
4606,4.606999999999873,[-2.46361177 -0.03244946],[-0.1635249 -0.1497535],[0.58437598 0.32456351],[ 0.10094854 -0.01868005]
4607,4.6079999999998735,[-2.46377471 -0.03259889],[-0.16294041 -0.14942846],[0.58448847 0.32504002],[ 0.10096765 -0.0187096 ]
4608,4.608999999999874,[-2.46393706 -0.03274799],[-0.16235581 -0.14910294],[0.58460046 0.32551298],[ 0.10098671 -0.01873909]
4609,4.609999999999874,[-2.46409883 -0.03289677],[-0.1617711  -0.14877696],[0.58471195 0.32598241],[ 0.10100571 -0.01876852]
4610,4.6109999999998745,[-2.46426002 -0.03304522],[-0.16118628 -0.14845051],[0.58482295 0.32644836],[ 0.10102465 -0.01879789]
4611,4.611999999999875,[-2.46442062 -0.03319334],[-0.16060135 -0.1481236 ],[0.58493346 0.32691085],[ 0.10104354 -0.0188272 ]
4612,4.612999999999875,[-2.46458064 -0.03334114],[-0.1600163  -0.14779623],[0.58504348 0.32736992],[ 0.10106238 -0.01885645]
4613,4.6139999999998755,[-2.46474007 -0.03348861],[-0.15943115 -0.14746841],[0.58515302 0.32782559],[ 0.10108116 -0.01888563]
4614,4.614999999999876,[-2.46489891 -0.03363575],[-0.15884589 -0.14714013],[0.58526207 0.32827791],[ 0.10109988 -0.01891476]
4615,4.615999999999876,[-2.46505717 -0.03378256],[-0.15826052 -0.1468114 ],[0.58537065 0.32872691],[ 0.10111855 -0.01894382]
4616,4.6169999999998765,[-2.46521485 -0.03392904],[-0.15767504 -0.14648223],[0.58547874 0.32917261],[ 0.10113716 -0.01897282]
4617,4.617999999999877,[-2.46537194 -0.03407519],[-0.15708945 -0.14615262],[0.58558636 0.32961506],[ 0.10115572 -0.01900176]
4618,4.618999999999877,[-2.46552844 -0.03422102],[-0.15650376 -0.14582256],[0.5856935  0.33005427],[ 0.10117422 -0.01903064]
4619,4.6199999999998775,[-2.46568436 -0.03436651],[-0.15591796 -0.14549207],[0.58580018 0.33049028],[ 0.10119267 -0.01905946]
4620,4.620999999999878,[-2.46583969 -0.03451167],[-0.15533205 -0.14516115],[0.58590638 0.33092313],[ 0.10121106 -0.01908821]
4621,4.621999999999878,[-2.46599444 -0.0346565 ],[-0.15474604 -0.14482979],[0.58601213 0.33135283],[ 0.1012294 -0.0191169]
4622,4.6229999999998785,[-2.4661486 -0.034801 ],[-0.15415992 -0.14449802],[0.5861174  0.33177943],[ 0.10124768 -0.01914553]
4623,4.623999999999879,[-2.46630217 -0.03494516],[-0.1535737  -0.14416581],[0.58622222 0.33220296],[ 0.10126591 -0.01917409]
4624,4.624999999999879,[-2.46645516 -0.035089  ],[-0.15298737 -0.14383319],[0.58632658 0.33262343],[ 0.10128408 -0.0192026 ]
4625,4.6259999999998795,[-2.46660756 -0.0352325 ],[-0.15240094 -0.14350015],[0.58643048 0.33304088],[ 0.1013022  -0.01923104]
4626,4.62699999999988,[-2.46675938 -0.03537566],[-0.15181441 -0.14316669],[0.58653393 0.33345534],[ 0.10132026 -0.01925941]
4627,4.62799999999988,[-2.4669106 -0.0355185],[-0.15122777 -0.14283283],[0.58663692 0.33386684],[ 0.10133827 -0.01928773]
4628,4.6289999999998805,[-2.46706124 -0.03566099],[-0.15064103 -0.14249855],[0.58673947 0.33427541],[ 0.10135622 -0.01931598]
4629,4.629999999999881,[-2.4672113  -0.03580316],[-0.15005419 -0.14216387],[0.58684157 0.33468107],[ 0.10137412 -0.01934416]
4630,4.630999999999881,[-2.46736077 -0.03594499],[-0.14946725 -0.14182879],[0.58694323 0.33508385],[ 0.10139196 -0.01937229]
4631,4.6319999999998815,[-2.46750965 -0.03608648],[-0.1488802 -0.1414933],[0.58704444 0.33548379],[ 0.10140975 -0.01940035]
4632,4.632999999999882,[-2.46765794 -0.03622764],[-0.14829306 -0.14115742],[0.58714521 0.33588089],[ 0.10142748 -0.01942834]
4633,4.633999999999882,[-2.46780564 -0.03636846],[-0.14770581 -0.14082115],[0.58724554 0.33627521],[ 0.10144515 -0.01945627]
4634,4.6349999999998825,[-2.46795276 -0.03650894],[-0.14711847 -0.14048448],[0.58734544 0.33666675],[ 0.10146278 -0.01948414]
4635,4.635999999999883,[-2.46809929 -0.03664909],[-0.14653102 -0.14014742],[0.5874449  0.33705555],[ 0.10148034 -0.01951194]
4636,4.636999999999883,[-2.46824524 -0.0367889 ],[-0.14594348 -0.13980998],[0.58754393 0.33744163],[ 0.10149785 -0.01953968]
4637,4.6379999999998835,[-2.46839059 -0.03692837],[-0.14535583 -0.13947216],[0.58764253 0.33782502],[ 0.10151531 -0.01956736]
4638,4.638999999999884,[-2.46853536 -0.03706751],[-0.14476809 -0.13913395],[0.58774071 0.33820574],[ 0.10153271 -0.01959497]
4639,4.639999999999884,[-2.46867954 -0.0372063 ],[-0.14418026 -0.13879537],[0.58783845 0.33858382],[ 0.10155006 -0.01962251]
4640,4.6409999999998846,[-2.46882313 -0.03734476],[-0.14359232 -0.13845641],[0.58793578 0.33895929],[ 0.10156735 -0.01964999]
4641,4.641999999999885,[-2.46896614 -0.03748288],[-0.14300429 -0.13811708],[0.58803268 0.33933216],[ 0.10158459 -0.0196774 ]
4642,4.642999999999885,[-2.46910855 -0.03762065],[-0.14241616 -0.13777737],[0.58812916 0.33970247],[ 0.10160177 -0.01970475]
4643,4.6439999999998856,[-2.46925038 -0.03775809],[-0.14182793 -0.1374373 ],[0.58822522 0.34007024],[ 0.1016189  -0.01973204]
4644,4.644999999999886,[-2.46939162 -0.03789519],[-0.14123961 -0.13709687],[0.58832087 0.34043549],[ 0.10163597 -0.01975926]
4645,4.645999999999886,[-2.46953227 -0.03803194],[-0.1406512  -0.13675607],[0.5884161  0.34079824],[ 0.10165298 -0.01978641]
4646,4.6469999999998866,[-2.46967234 -0.03816836],[-0.14006269 -0.13641491],[0.58851092 0.34115853],[ 0.10166994 -0.0198135 ]
4647,4.647999999999887,[-2.46981181 -0.03830443],[-0.13947408 -0.13607339],[0.58860533 0.34151636],[ 0.10168685 -0.01984052]
4648,4.648999999999887,[-2.4699507  -0.03844016],[-0.13888538 -0.13573152],[0.58869933 0.34187177],[ 0.1017037  -0.01986747]
4649,4.649999999999888,[-2.47008899 -0.03857555],[-0.13829659 -0.1353893 ],[0.58879293 0.34222479],[ 0.1017205  -0.01989436]
4650,4.650999999999888,[-2.4702267 -0.0387106],[-0.1377077  -0.13504672],[0.58888612 0.34257542],[ 0.10173724 -0.01992119]
4651,4.651999999999888,[-2.47036382 -0.0388453 ],[-0.13711872 -0.1347038 ],[0.5889789 0.3429237],[ 0.10175393 -0.01994795]
4652,4.652999999999889,[-2.47050035 -0.03897966],[-0.13652965 -0.13436053],[0.58907129 0.34326964],[ 0.10177056 -0.01997464]
4653,4.653999999999889,[-2.47063629 -0.03911368],[-0.13594049 -0.13401692],[0.58916327 0.34361327],[ 0.10178714 -0.02000126]
4654,4.654999999999889,[-2.47077164 -0.03924735],[-0.13535123 -0.13367296],[0.58925486 0.34395461],[ 0.10180366 -0.02002782]
4655,4.65599999999989,[-2.4709064  -0.03938068],[-0.13476189 -0.13332867],[0.58934605 0.34429368],[ 0.10182013 -0.02005431]
4656,4.65699999999989,[-2.47104057 -0.03951367],[-0.13417245 -0.13298404],[0.58943685 0.34463051],[ 0.10183654 -0.02008074]
4657,4.65799999999989,[-2.47117416 -0.0396463 ],[-0.13358292 -0.13263907],[0.58952725 0.34496511],[ 0.1018529 -0.0201071]
4658,4.658999999999891,[-2.47130715 -0.0397786 ],[-0.13299331 -0.13229377],[0.58961727 0.3452975 ],[ 0.1018692  -0.02013339]
4659,4.659999999999891,[-2.47143955 -0.03991055],[-0.1324036  -0.13194815],[0.58970689 0.34562771],[ 0.10188545 -0.02015961]
4660,4.660999999999891,[-2.47157137 -0.04004215],[-0.1318138  -0.13160219],[0.58979613 0.34595575],[ 0.10190164 -0.02018577]
4661,4.661999999999892,[-2.47170259 -0.0401734 ],[-0.13122392 -0.13125591],[0.58988498 0.34628165],[ 0.10191778 -0.02021186]
4662,4.662999999999892,[-2.47183323 -0.04030431],[-0.13063394 -0.1309093 ],[0.58997344 0.34660543],[ 0.10193386 -0.02023788]
4663,4.663999999999892,[-2.47196327 -0.04043488],[-0.13004388 -0.13056238],[0.59006153 0.3469271 ],[ 0.10194989 -0.02026383]
4664,4.664999999999893,[-2.47209272 -0.04056509],[-0.12945373 -0.13021513],[0.59014923 0.34724669],[ 0.10196587 -0.02028972]
4665,4.665999999999893,[-2.47222159 -0.04069496],[-0.1288635  -0.12986757],[0.59023655 0.34756422],[ 0.10198178 -0.02031554]
4666,4.666999999999893,[-2.47234986 -0.04082448],[-0.12827317 -0.12951969],[0.5903235  0.34787969],[ 0.10199765 -0.02034129]
4667,4.667999999999894,[-2.47247754 -0.04095365],[-0.12768276 -0.12917149],[0.59041006 0.34819315],[ 0.10201346 -0.02036698]
4668,4.668999999999894,[-2.47260463 -0.04108247],[-0.12709227 -0.12882299],[0.59049625 0.34850459],[ 0.10202921 -0.02039259]
4669,4.669999999999894,[-2.47273114 -0.04121095],[-0.12650168 -0.12847417],[0.59058207 0.34881405],[ 0.10204491 -0.02041814]
4670,4.670999999999895,[-2.47285705 -0.04133907],[-0.12591102 -0.12812505],[0.59066752 0.34912153],[ 0.10206056 -0.02044362]
4671,4.671999999999895,[-2.47298237 -0.04146685],[-0.12532026 -0.12777563],[0.5907526  0.34942706],[ 0.10207614 -0.02046903]
4672,4.672999999999895,[-2.4731071  -0.04159427],[-0.12472943 -0.12742589],[0.5908373  0.34973066],[ 0.10209168 -0.02049437]
4673,4.673999999999896,[-2.47323124 -0.04172135],[-0.12413851 -0.12707586],[0.59092164 0.35003235],[ 0.10210716 -0.02051965]
4674,4.674999999999896,[-2.47335478 -0.04184808],[-0.1235475  -0.12672553],[0.59100561 0.35033213],[ 0.10212259 -0.02054486]
4675,4.675999999999896,[-2.47347774 -0.04197445],[-0.12295641 -0.1263749 ],[0.59108922 0.35063004],[ 0.10213796 -0.02056999]
4676,4.676999999999897,[-2.4736001  -0.04210047],[-0.12236524 -0.12602397],[0.59117246 0.35092608],[ 0.10215327 -0.02059506]
4677,4.677999999999897,[-2.47372188 -0.04222615],[-0.12177398 -0.12567275],[0.59125535 0.35122028],[ 0.10216853 -0.02062006]
4678,4.678999999999897,[-2.47384306 -0.04235147],[-0.12118265 -0.12532124],[0.59133787 0.35151264],[ 0.10218374 -0.02064499]
4679,4.679999999999898,[-2.47396365 -0.04247644],[-0.12059123 -0.12496944],[0.59142003 0.3518032 ],[ 0.10219889 -0.02066985]
4680,4.680999999999898,[-2.47408365 -0.04260106],[-0.11999972 -0.12461735],[0.59150183 0.35209196],[ 0.10221399 -0.02069465]
4681,4.681999999999898,[-2.47420306 -0.04272532],[-0.11940814 -0.12426497],[0.59158328 0.35237894],[ 0.10222903 -0.02071937]
4682,4.682999999999899,[-2.47432188 -0.04284923],[-0.11881648 -0.1239123 ],[0.59166437 0.35266416],[ 0.10224402 -0.02074403]
4683,4.683999999999899,[-2.4744401  -0.04297279],[-0.11822473 -0.12355936],[0.59174511 0.35294763],[ 0.10225895 -0.02076861]
4684,4.684999999999899,[-2.47455773 -0.043096  ],[-0.11763291 -0.12320613],[0.5918255  0.35322938],[ 0.10227383 -0.02079313]
4685,4.6859999999999,[-2.47467478 -0.04321885],[-0.117041   -0.12285262],[0.59190553 0.3535094 ],[ 0.10228865 -0.02081757]
4686,4.6869999999999,[-2.47479122 -0.04334135],[-0.11644901 -0.12249883],[0.59198521 0.35378774],[ 0.10230342 -0.02084195]
4687,4.6879999999999,[-2.47490708 -0.04346349],[-0.11585695 -0.12214476],[0.59206455 0.35406438],[ 0.10231813 -0.02086626]
4688,4.688999999999901,[-2.47502235 -0.04358528],[-0.11526481 -0.12179043],[0.59214353 0.35433936],[ 0.10233279 -0.0208905 ]
4689,4.689999999999901,[-2.47513702 -0.04370672],[-0.11467258 -0.12143581],[0.59222217 0.35461269],[ 0.10234739 -0.02091466]
4690,4.690999999999901,[-2.4752511 -0.0438278],[-0.11408028 -0.12108093],[0.59230047 0.35488439],[ 0.10236194 -0.02093876]
4691,4.691999999999902,[-2.47536459 -0.04394853],[-0.11348791 -0.12072577],[0.59237842 0.35515446],[ 0.10237644 -0.02096279]
4692,4.692999999999902,[-2.47547748 -0.0440689 ],[-0.11289545 -0.12037035],[0.59245603 0.35542292],[ 0.10239088 -0.02098675]
4693,4.693999999999902,[-2.47558979 -0.04418891],[-0.11230292 -0.12001466],[0.59253329 0.35568979],[ 0.10240526 -0.02101063]
4694,4.694999999999903,[-2.4757015  -0.04430857],[-0.11171031 -0.11965871],[0.59261022 0.35595508],[ 0.10241959 -0.02103445]
4695,4.695999999999903,[-2.47581261 -0.04442787],[-0.11111762 -0.11930249],[0.5926868  0.35621881],[ 0.10243387 -0.0210582 ]
4696,4.696999999999903,[-2.47592314 -0.04454682],[-0.11052486 -0.11894601],[0.59276305 0.35648099],[ 0.10244809 -0.02108187]
4697,4.697999999999904,[-2.47603307 -0.04466541],[-0.10993202 -0.11858926],[0.59283896 0.35674163],[ 0.10246226 -0.02110548]
4698,4.698999999999904,[-2.47614241 -0.04478364],[-0.1093391  -0.11823226],[0.59291454 0.35700076],[ 0.10247637 -0.02112901]
4699,4.699999999999904,[-2.47625116 -0.04490152],[-0.10874611 -0.11787501],[0.59298978 0.35725837],[ 0.10249043 -0.02115248]
4700,4.700999999999905,[-2.47635931 -0.04501903],[-0.10815305 -0.11751749],[0.59306469 0.35751449],[ 0.10250443 -0.02117587]
4701,4.701999999999905,[-2.47646687 -0.04513619],[-0.10755991 -0.11715972],[0.59313926 0.35776913],[ 0.10251838 -0.0211992 ]
4702,4.702999999999905,[-2.47657384 -0.04525299],[-0.1069667 -0.1168017],[0.5932135 0.3580223],[ 0.10253227 -0.02122245]
4703,4.703999999999906,[-2.47668021 -0.04536944],[-0.10637341 -0.11644343],[0.59328741 0.35827402],[ 0.10254611 -0.02124563]
4704,4.704999999999906,[-2.47678599 -0.04548552],[-0.10578005 -0.1160849 ],[0.593361  0.3585243],[ 0.10255989 -0.02126874]
4705,4.705999999999906,[-2.47689118 -0.04560125],[-0.10518661 -0.11572613],[0.59343425 0.35877315],[ 0.10257362 -0.02129178]
4706,4.706999999999907,[-2.47699577 -0.04571662],[-0.10459311 -0.11536711],[0.59350718 0.35902059],[ 0.1025873  -0.02131475]
4707,4.707999999999907,[-2.47709977 -0.04583162],[-0.10399953 -0.11500784],[0.59357978 0.35926662],[ 0.10260092 -0.02133765]
4708,4.708999999999907,[-2.47720317 -0.04594627],[-0.10340587 -0.11464833],[0.59365206 0.35951127],[ 0.10261448 -0.02136047]
4709,4.709999999999908,[-2.47730599 -0.04606056],[-0.10281215 -0.11428857],[0.59372401 0.35975453],[ 0.10262799 -0.02138323]
4710,4.710999999999908,[-2.4774082  -0.04617449],[-0.10221835 -0.11392858],[0.59379563 0.35999644],[ 0.10264145 -0.02140591]
4711,4.711999999999908,[-2.47750983 -0.04628806],[-0.10162449 -0.11356834],[0.59386694 0.36023699],[ 0.10265485 -0.02142852]
4712,4.712999999999909,[-2.47761086 -0.04640127],[-0.10103055 -0.11320787],[0.59393793 0.3604762 ],[ 0.10266819 -0.02145106]
4713,4.713999999999909,[-2.4777113  -0.04651411],[-0.10043654 -0.11284715],[0.59400859 0.36071408],[ 0.10268149 -0.02147353]
4714,4.714999999999909,[-2.47781114 -0.0466266 ],[-0.09984246 -0.1124862 ],[0.59407893 0.36095064],[ 0.10269472 -0.02149593]
4715,4.71599999999991,[-2.47791039 -0.04673872],[-0.09924831 -0.11212501],[0.59414896 0.3611859 ],[ 0.10270791 -0.02151825]
4716,4.71699999999991,[-2.47800904 -0.04685049],[-0.09865409 -0.11176359],[0.59421867 0.36141986],[ 0.10272104 -0.0215405 ]
4717,4.71799999999991,[-2.4781071  -0.04696189],[-0.09805981 -0.11140194],[0.59428806 0.36165255],[ 0.10273411 -0.02156268]
4718,4.718999999999911,[-2.47820457 -0.04707293],[-0.09746545 -0.11104006],[0.59435714 0.36188396],[ 0.10274713 -0.02158479]
4719,4.719999999999911,[-2.47830144 -0.04718361],[-0.09687102 -0.11067794],[0.5944259  0.36211411],[ 0.10276009 -0.02160683]
4720,4.720999999999911,[-2.47839771 -0.04729392],[-0.09627653 -0.1103156 ],[0.59449435 0.36234302],[ 0.102773  -0.0216288]
4721,4.721999999999912,[-2.4784934  -0.04740388],[-0.09568197 -0.10995303],[0.59456249 0.36257068],[ 0.10278586 -0.02165069]
4722,4.722999999999912,[-2.47858848 -0.04751347],[-0.09508734 -0.10959023],[0.59463031 0.36279712],[ 0.10279866 -0.02167251]
4723,4.723999999999912,[-2.47868298 -0.04762269],[-0.09449264 -0.10922721],[0.59469782 0.36302235],[ 0.10281141 -0.02169426]
4724,4.724999999999913,[-2.47877687 -0.04773156],[-0.09389787 -0.10886396],[0.59476502 0.36324637],[ 0.1028241  -0.02171593]
4725,4.725999999999913,[-2.47887018 -0.04784006],[-0.09330304 -0.1085005 ],[0.59483192 0.3634692 ],[ 0.10283673 -0.02173754]
4726,4.726999999999913,[-2.47896288 -0.0479482 ],[-0.09270814 -0.1081368 ],[0.5948985  0.36369084],[ 0.10284932 -0.02175907]
4727,4.727999999999914,[-2.479055   -0.04805597],[-0.09211318 -0.10777289],[0.59496478 0.36391131],[ 0.10286184 -0.02178053]
4728,4.728999999999914,[-2.47914652 -0.04816338],[-0.09151815 -0.10740876],[0.59503075 0.36413061],[ 0.10287432 -0.02180191]
4729,4.729999999999914,[-2.47923744 -0.04827042],[-0.09092305 -0.10704441],[0.59509641 0.36434877],[ 0.10288674 -0.02182323]
4730,4.730999999999915,[-2.47932777 -0.0483771 ],[-0.09032789 -0.10667985],[0.59516177 0.36456578],[ 0.1028991  -0.02184447]
4731,4.731999999999915,[-2.4794175  -0.04848342],[-0.08973266 -0.10631507],[0.59522683 0.36478165],[ 0.10291141 -0.02186563]
4732,4.732999999999915,[-2.47950664 -0.04858937],[-0.08913737 -0.10595007],[0.59529158 0.36499641],[ 0.10292367 -0.02188673]
4733,4.733999999999916,[-2.47959518 -0.04869495],[-0.08854201 -0.10558486],[0.59535602 0.36521005],[ 0.10293587 -0.02190775]
4734,4.734999999999916,[-2.47968313 -0.04880017],[-0.08794659 -0.10521944],[0.59542017 0.36542258],[ 0.10294801 -0.0219287 ]
4735,4.735999999999916,[-2.47977048 -0.04890502],[-0.08735111 -0.1048538 ],[0.59548402 0.36563403],[ 0.1029601  -0.02194958]
4736,4.736999999999917,[-2.47985723 -0.04900951],[-0.08675556 -0.10448796],[0.59554756 0.36584438],[ 0.10297214 -0.02197038]
4737,4.737999999999917,[-2.47994339 -0.04911363],[-0.08615995 -0.10412191],[0.5956108  0.36605366],[ 0.10298412 -0.02199111]
4738,4.738999999999917,[-2.48002896 -0.04921739],[-0.08556428 -0.10375564],[0.59567375 0.36626188],[ 0.10299605 -0.02201177]
4739,4.739999999999918,[-2.48011392 -0.04932078],[-0.08496854 -0.10338917],[0.5957364  0.36646904],[ 0.10300792 -0.02203235]
4740,4.740999999999918,[-2.4801983 -0.0494238],[-0.08437274 -0.1030225 ],[0.59579875 0.36667515],[ 0.10301974 -0.02205286]
4741,4.741999999999918,[-2.48028207 -0.04952646],[-0.08377688 -0.10265562],[0.5958608  0.36688022],[ 0.10303151 -0.0220733 ]
4742,4.742999999999919,[-2.48036526 -0.04962875],[-0.08318096 -0.10228853],[0.59592256 0.36708426],[ 0.10304322 -0.02209366]
4743,4.743999999999919,[-2.48044784 -0.04973067],[-0.08258498 -0.10192125],[0.59598402 0.36728728],[ 0.10305487 -0.02211395]
4744,4.744999999999919,[-2.48052983 -0.04983222],[-0.08198893 -0.10155376],[0.59604519 0.36748929],[ 0.10306647 -0.02213417]
4745,4.74599999999992,[-2.48061122 -0.04993341],[-0.08139282 -0.10118607],[0.59610606 0.36769029],[ 0.10307802 -0.02215431]
4746,4.74699999999992,[-2.48069202 -0.05003422],[-0.08079666 -0.10081818],[0.59616664 0.3678903 ],[ 0.10308951 -0.02217438]
4747,4.74799999999992,[-2.48077222 -0.05013468],[-0.08020043 -0.10045009],[0.59622693 0.36808932],[ 0.10310095 -0.02219437]
4748,4.748999999999921,[-2.48085182 -0.05023476],[-0.07960414 -0.1000818 ],[0.59628693 0.36828736],[ 0.10311233 -0.0222143 ]
4749,4.749999999999921,[-2.48093083 -0.05033447],[-0.0790078  -0.09971332],[0.59634663 0.36848443],[ 0.10312366 -0.02223414]
4750,4.750999999999921,[-2.48100924 -0.05043381],[-0.07841139 -0.09934464],[0.59640605 0.36868054],[ 0.10313494 -0.02225392]
4751,4.751999999999922,[-2.48108706 -0.05053279],[-0.07781493 -0.09897576],[0.59646518 0.3688757 ],[ 0.10314616 -0.02227362]
4752,4.752999999999922,[-2.48116428 -0.0506314 ],[-0.0772184  -0.09860669],[0.59652401 0.36906991],[ 0.10315732 -0.02229325]
4753,4.753999999999922,[-2.4812409  -0.05072963],[-0.07662182 -0.09823743],[0.59658256 0.36926318],[ 0.10316843 -0.0223128 ]
4754,4.754999999999923,[-2.48131692 -0.0508275 ],[-0.07602518 -0.09786797],[0.59664082 0.36945552],[ 0.10317949 -0.02233228]
4755,4.755999999999923,[-2.48139235 -0.050925  ],[-0.07542848 -0.09749832],[0.59669879 0.36964693],[ 0.10319049 -0.02235168]
4756,4.756999999999923,[-2.48146718 -0.05102213],[-0.07483172 -0.09712849],[0.59675648 0.36983744],[ 0.10320144 -0.02237101]
4757,4.757999999999924,[-2.48154142 -0.05111889],[-0.07423491 -0.09675846],[0.59681388 0.37002703],[ 0.10321233 -0.02239027]
4758,4.758999999999924,[-2.48161506 -0.05121528],[-0.07363804 -0.09638824],[0.596871   0.37021573],[ 0.10322317 -0.02240945]
4759,4.759999999999924,[-2.4816881  -0.05131129],[-0.07304111 -0.09601784],[0.59692783 0.37040353],[ 0.10323395 -0.02242856]
4760,4.760999999999925,[-2.48176054 -0.05140694],[-0.07244413 -0.09564725],[0.59698437 0.37059045],[ 0.10324468 -0.02244759]
4761,4.761999999999925,[-2.48183239 -0.05150222],[-0.07184709 -0.09527647],[0.59704064 0.37077649],[ 0.10325536 -0.02246655]
4762,4.762999999999925,[-2.48190364 -0.05159712],[-0.07124999 -0.09490551],[0.59709662 0.37096166],[ 0.10326598 -0.02248543]
4763,4.763999999999926,[-2.48197429 -0.05169166],[-0.07065284 -0.09453437],[0.59715232 0.37114597],[ 0.10327654 -0.02250424]
4764,4.764999999999926,[-2.48204435 -0.05178582],[-0.07005563 -0.09416304],[0.59720773 0.37132942],[ 0.10328705 -0.02252298]
4765,4.765999999999926,[-2.48211381 -0.05187961],[-0.06945837 -0.09379153],[0.59726287 0.37151202],[ 0.10329751 -0.02254164]
4766,4.766999999999927,[-2.48218267 -0.05197303],[-0.06886105 -0.09341983],[0.59731772 0.37169378],[ 0.10330791 -0.02256022]
4767,4.767999999999927,[-2.48225093 -0.05206608],[-0.06826368 -0.09304796],[0.5973723 0.3718747],[ 0.10331826 -0.02257873]
4768,4.768999999999927,[-2.4823186  -0.05215876],[-0.06766625 -0.0926759 ],[0.59742659 0.3720548 ],[ 0.10332856 -0.02259717]
4769,4.769999999999928,[-2.48238566 -0.05225106],[-0.06706877 -0.09230367],[0.59748061 0.37223407],[ 0.1033388  -0.02261553]
4770,4.770999999999928,[-2.48245214 -0.05234299],[-0.06647123 -0.09193126],[0.59753435 0.37241253],[ 0.10334898 -0.02263382]
4771,4.771999999999928,[-2.48251801 -0.05243455],[-0.06587365 -0.09155867],[0.59758781 0.37259018],[ 0.10335911 -0.02265203]
4772,4.772999999999929,[-2.48258329 -0.05252574],[-0.06527601 -0.0911859 ],[0.59764099 0.37276703],[ 0.10336919 -0.02267017]
4773,4.773999999999929,[-2.48264796 -0.05261655],[-0.06467831 -0.09081295],[0.5976939  0.37294308],[ 0.10337921 -0.02268823]
4774,4.774999999999929,[-2.48271204 -0.05270699],[-0.06408057 -0.09043984],[0.59774653 0.37311835],[ 0.10338918 -0.02270622]
4775,4.77599999999993,[-2.48277553 -0.05279705],[-0.06348277 -0.09006654],[0.59779889 0.37329283],[ 0.10339909 -0.02272413]
4776,4.77699999999993,[-2.48283841 -0.05288675],[-0.06288492 -0.08969308],[0.59785097 0.37346653],[ 0.10340895 -0.02274197]
4777,4.77799999999993,[-2.4829007  -0.05297607],[-0.06228701 -0.08931944],[0.59790278 0.37363946],[ 0.10341876 -0.02275973]
4778,4.778999999999931,[-2.48296239 -0.05306501],[-0.06168906 -0.08894563],[0.59795431 0.37381163],[ 0.10342851 -0.02277742]
4779,4.779999999999931,[-2.48302348 -0.05315358],[-0.06109105 -0.08857164],[0.59800557 0.37398304],[ 0.1034382  -0.02279503]
4780,4.780999999999931,[-2.48308397 -0.05324178],[-0.060493   -0.08819749],[0.59805655 0.3741537 ],[ 0.10344784 -0.02281256]
4781,4.781999999999932,[-2.48314387 -0.05332961],[-0.05989489 -0.08782317],[0.59810726 0.37432361],[ 0.10345743 -0.02283003]
4782,4.782999999999932,[-2.48320316 -0.05341705],[-0.05929673 -0.08744867],[0.5981577  0.37449278],[ 0.10346696 -0.02284741]
4783,4.783999999999932,[-2.48326186 -0.05350413],[-0.05869852 -0.08707401],[0.59820787 0.37466122],[ 0.10347644 -0.02286472]
4784,4.784999999999933,[-2.48331996 -0.05359083],[-0.05810027 -0.08669918],[0.59825777 0.37482893],[ 0.10348587 -0.02288196]
4785,4.785999999999933,[-2.48337746 -0.05367715],[-0.05750196 -0.08632419],[0.5983074  0.37499591],[ 0.10349524 -0.02289912]
4786,4.786999999999933,[-2.48343437 -0.0537631 ],[-0.0569036  -0.08594902],[0.59835676 0.37516218],[ 0.10350455 -0.0229162 ]
4787,4.787999999999934,[-2.48349067 -0.05384867],[-0.0563052 -0.0855737],[0.59840585 0.37532773],[ 0.10351381 -0.02293321]
4788,4.788999999999934,[-2.48354638 -0.05393387],[-0.05570674 -0.0851982 ],[0.59845466 0.37549258],[ 0.10352302 -0.02295014]
4789,4.789999999999934,[-2.48360149 -0.05401869],[-0.05510824 -0.08482255],[0.59850321 0.37565673],[ 0.10353217 -0.022967  ]
4790,4.790999999999935,[-2.483656   -0.05410314],[-0.05450969 -0.08444673],[0.5985515  0.37582018],[ 0.10354127 -0.02298378]
4791,4.791999999999935,[-2.48370991 -0.05418721],[-0.05391109 -0.08407074],[0.59859951 0.37598294],[ 0.10355031 -0.02300049]
4792,4.792999999999935,[-2.48376322 -0.05427091],[-0.05331244 -0.0836946 ],[0.59864726 0.37614502],[ 0.1035593  -0.02301712]
4793,4.793999999999936,[-2.48381594 -0.05435423],[-0.05271374 -0.08331829],[0.59869473 0.37630642],[ 0.10356824 -0.02303367]
4794,4.794999999999936,[-2.48386805 -0.05443717],[-0.052115   -0.08294183],[0.59874195 0.37646714],[ 0.10357712 -0.02305015]
4795,4.795999999999936,[-2.48391957 -0.05451973],[-0.05151621 -0.0825652 ],[0.59878889 0.37662719],[ 0.10358594 -0.02306655]
4796,4.796999999999937,[-2.48397048 -0.05460192],[-0.05091738 -0.08218841],[0.59883558 0.37678658],[ 0.10359472 -0.02308288]
4797,4.797999999999937,[-2.4840208  -0.05468373],[-0.0503185  -0.08181147],[0.59888199 0.37694531],[ 0.10360343 -0.02309913]
4798,4.798999999999937,[-2.48407052 -0.05476517],[-0.04971957 -0.08143436],[0.59892814 0.37710338],[ 0.1036121 -0.0231153]
4799,4.799999999999938,[-2.48411964 -0.05484622],[-0.04912059 -0.0810571 ],[0.59897403 0.37726081],[ 0.10362071 -0.0231314 ]
4800,4.800999999999938,[-2.48416816 -0.0549269 ],[-0.04852157 -0.08067969],[0.59901965 0.37741759],[ 0.10362926 -0.02314742]
4801,4.801999999999938,[-2.48421609 -0.05500721],[-0.04792251 -0.08030211],[0.59906501 0.37757373],[ 0.10363776 -0.02316337]
4802,4.802999999999939,[-2.48426341 -0.05508713],[-0.0473234  -0.07992438],[0.59911011 0.37772923],[ 0.10364621 -0.02317924]
4803,4.803999999999939,[-2.48431013 -0.05516668],[-0.04672424 -0.0795465 ],[0.59915494 0.37788411],[ 0.1036546  -0.02319504]
4804,4.804999999999939,[-2.48435626 -0.05524584],[-0.04612504 -0.07916846],[0.59919951 0.37803836],[ 0.10366294 -0.02321075]
4805,4.80599999999994,[-2.48440179 -0.05532463],[-0.0455258  -0.07879027],[0.59924382 0.37819199],[ 0.10367122 -0.02322639]
4806,4.80699999999994,[-2.48444671 -0.05540305],[-0.04492651 -0.07841192],[0.59928787 0.378345  ],[ 0.10367945 -0.02324196]
4807,4.80799999999994,[-2.48449104 -0.05548108],[-0.04432718 -0.07803343],[0.59933165 0.3784974 ],[ 0.10368762 -0.02325745]
4808,4.808999999999941,[-2.48453477 -0.05555873],[-0.04372781 -0.07765478],[0.59937518 0.3786492 ],[ 0.10369574 -0.02327286]
4809,4.809999999999941,[-2.4845779  -0.05563601],[-0.04312839 -0.07727598],[0.59941844 0.37880039],[ 0.10370381 -0.0232882 ]
4810,4.810999999999941,[-2.48462042 -0.05571291],[-0.04252893 -0.07689702],[0.59946145 0.37895098],[ 0.10371182 -0.02330346]
4811,4.811999999999942,[-2.48466235 -0.05578943],[-0.04192942 -0.07651792],[0.59950419 0.37910098],[ 0.10371978 -0.02331864]
4812,4.812999999999942,[-2.48470368 -0.05586556],[-0.04132988 -0.07613867],[0.59954668 0.37925038],[ 0.10372768 -0.02333375]
4813,4.813999999999942,[-2.48474441 -0.05594132],[-0.04073029 -0.07575927],[0.5995889  0.37939921],[ 0.10373553 -0.02334878]
4814,4.814999999999943,[-2.48478454 -0.0560167 ],[-0.04013066 -0.07537973],[0.59963087 0.37954745],[ 0.10374333 -0.02336373]
4815,4.815999999999943,[-2.48482408 -0.0560917 ],[-0.03953098 -0.07500003],[0.59967258 0.37969511],[ 0.10375107 -0.02337861]
4816,4.816999999999943,[-2.48486301 -0.05616632],[-0.03893127 -0.07462019],[0.59971403 0.3798422 ],[ 0.10375876 -0.02339341]
4817,4.817999999999944,[-2.48490134 -0.05624056],[-0.03833151 -0.0742402 ],[0.59975522 0.37998872],[ 0.10376639 -0.02340813]
4818,4.818999999999944,[-2.48493907 -0.05631442],[-0.03773172 -0.07386007],[0.59979616 0.38013467],[ 0.10377397 -0.02342278]
4819,4.819999999999944,[-2.4849762 -0.0563879],[-0.03713188 -0.07347979],[0.59983684 0.38028007],[ 0.10378149 -0.02343735]
4820,4.820999999999945,[-2.48501273 -0.056461  ],[-0.036532   -0.07309936],[0.59987726 0.38042491],[ 0.10378896 -0.02345185]
4821,4.821999999999945,[-2.48504867 -0.05653372],[-0.03593209 -0.07271879],[0.59991743 0.38056919],[ 0.10379638 -0.02346626]
4822,4.822999999999945,[-2.485084   -0.05660606],[-0.03533213 -0.07233808],[0.59995734 0.38071292],[ 0.10380374 -0.0234806 ]
4823,4.823999999999946,[-2.48511873 -0.05667802],[-0.03473213 -0.07195722],[0.599997   0.38085611],[ 0.10381104 -0.02349487]
4824,4.824999999999946,[-2.48515286 -0.05674959],[-0.0341321  -0.07157622],[0.6000364  0.38099876],[ 0.1038183  -0.02350905]
4825,4.825999999999946,[-2.48518639 -0.05682079],[-0.03353202 -0.07119508],[0.60007554 0.38114087],[ 0.1038255  -0.02352316]
4826,4.826999999999947,[-2.48521933 -0.0568916 ],[-0.03293191 -0.0708138 ],[0.60011443 0.38128244],[ 0.10383264 -0.02353719]
4827,4.827999999999947,[-2.48525166 -0.05696203],[-0.03233175 -0.07043238],[0.60015307 0.38142349],[ 0.10383973 -0.02355115]
4828,4.828999999999947,[-2.48528339 -0.05703209],[-0.03173156 -0.07005081],[0.60019145 0.381564  ],[ 0.10384677 -0.02356503]
4829,4.829999999999948,[-2.48531452 -0.05710175],[-0.03113133 -0.06966911],[0.60022958 0.381704  ],[ 0.10385375 -0.02357883]
4830,4.830999999999948,[-2.48534505 -0.05717104],[-0.03053106 -0.06928727],[0.60026746 0.38184347],[ 0.10386067 -0.02359255]
4831,4.831999999999948,[-2.48537498 -0.05723995],[-0.02993076 -0.06890528],[0.60030508 0.38198243],[ 0.10386755 -0.0236062 ]
4832,4.832999999999949,[-2.48540431 -0.05730847],[-0.02933042 -0.06852316],[0.60034245 0.38212087],[ 0.10387437 -0.02361977]
4833,4.833999999999949,[-2.48543304 -0.05737661],[-0.02873004 -0.0681409 ],[0.60037956 0.38225881],[ 0.10388113 -0.02363326]
4834,4.834999999999949,[-2.48546117 -0.05744437],[-0.02812962 -0.06775851],[0.60041643 0.38239624],[ 0.10388784 -0.02364668]
4835,4.83599999999995,[-2.4854887  -0.05751175],[-0.02752917 -0.06737597],[0.60045304 0.38253316],[ 0.1038945  -0.02366002]
4836,4.83699999999995,[-2.48551563 -0.05757874],[-0.02692868 -0.0669933 ],[0.6004894  0.38266959],[ 0.1039011  -0.02367328]
4837,4.83799999999995,[-2.48554196 -0.05764535],[-0.02632815 -0.0666105 ],[0.60052551 0.38280552],[ 0.10390765 -0.02368646]
4838,4.838999999999951,[-2.48556769 -0.05771158],[-0.02572759 -0.06622756],[0.60056137 0.38294095],[ 0.10391415 -0.02369957]
4839,4.839999999999951,[-2.48559281 -0.05777742],[-0.02512699 -0.06584448],[0.60059698 0.3830759 ],[ 0.10392059 -0.02371259]
4840,4.840999999999951,[-2.48561734 -0.05784288],[-0.02452636 -0.06546127],[0.60063234 0.38321036],[ 0.10392697 -0.02372555]
4841,4.841999999999952,[-2.48564127 -0.05790796],[-0.02392569 -0.06507793],[0.60066745 0.38334434],[ 0.1039333  -0.02373842]
4842,4.842999999999952,[-2.48566459 -0.05797266],[-0.02332499 -0.06469445],[0.6007023  0.38347784],[ 0.10393958 -0.02375122]
4843,4.843999999999952,[-2.48568731 -0.05803697],[-0.02272426 -0.06431084],[0.60073691 0.38361086],[ 0.1039458  -0.02376393]
4844,4.844999999999953,[-2.48570944 -0.05810089],[-0.02212348 -0.0639271 ],[0.60077127 0.38374341],[ 0.10395197 -0.02377658]
4845,4.845999999999953,[-2.48573096 -0.05816444],[-0.02152268 -0.06354322],[0.60080538 0.38387548],[ 0.10395809 -0.02378914]
4846,4.846999999999953,[-2.48575188 -0.0582276 ],[-0.02092184 -0.06315921],[0.60083924 0.38400709],[ 0.10396415 -0.02380163]
4847,4.847999999999954,[-2.4857722  -0.05829037],[-0.02032097 -0.06277507],[0.60087285 0.38413823],[ 0.10397016 -0.02381403]
4848,4.848999999999954,[-2.48579192 -0.05835276],[-0.01972006 -0.06239081],[0.60090622 0.38426891],[ 0.10397611 -0.02382636]
4849,4.849999999999954,[-2.48581104 -0.05841477],[-0.01911912 -0.06200641],[0.60093933 0.38439913],[ 0.10398201 -0.02383862]
4850,4.850999999999955,[-2.48582956 -0.05847639],[-0.01851815 -0.06162188],[0.6009722 0.3845289],[ 0.10398785 -0.02385079]
4851,4.851999999999955,[-2.48584748 -0.05853763],[-0.01791714 -0.06123722],[0.60100482 0.38465821],[ 0.10399364 -0.02386289]
4852,4.852999999999955,[-2.48586479 -0.05859848],[-0.01731611 -0.06085243],[0.60103719 0.38478707],[ 0.10399938 -0.02387491]
4853,4.853999999999956,[-2.48588151 -0.05865895],[-0.01671504 -0.06046752],[0.60106932 0.38491548],[ 0.10400506 -0.02388685]
4854,4.854999999999956,[-2.48589762 -0.05871903],[-0.01611394 -0.06008247],[0.6011012  0.38504345],[ 0.10401069 -0.02389872]
4855,4.855999999999956,[-2.48591314 -0.05877873],[-0.0155128 -0.0596973],[0.60113283 0.38517097],[ 0.10401626 -0.0239105 ]
4856,4.856999999999957,[-2.48592805 -0.05883804],[-0.01491164 -0.059312  ],[0.60116422 0.38529806],[ 0.10402178 -0.02392221]
4857,4.857999999999957,[-2.48594236 -0.05889697],[-0.01431044 -0.05892658],[0.60119535 0.38542471],[ 0.10402725 -0.02393384]
4858,4.858999999999957,[-2.48595607 -0.05895551],[-0.01370922 -0.05854103],[0.60122625 0.38555092],[ 0.10403266 -0.0239454 ]
4859,4.859999999999958,[-2.48596918 -0.05901366],[-0.01310796 -0.05815535],[0.6012569 0.3856767],[ 0.10403802 -0.02395687]
4860,4.860999999999958,[-2.48598168 -0.05907143],[-0.01250667 -0.05776955],[0.6012873  0.38580206],[ 0.10404332 -0.02396827]
4861,4.861999999999958,[-2.48599359 -0.05912881],[-0.01190536 -0.05738362],[0.60131746 0.38592698],[ 0.10404857 -0.02397959]
4862,4.862999999999959,[-2.48600489 -0.05918581],[-0.01130401 -0.05699757],[0.60134737 0.38605148],[ 0.10405377 -0.02399083]
4863,4.863999999999959,[-2.48601559 -0.05924242],[-0.01070263 -0.0566114 ],[0.60137704 0.38617556],[ 0.10405891 -0.02400199]
4864,4.864999999999959,[-2.4860257  -0.05929865],[-0.01010122 -0.0562251 ],[0.60140646 0.38629922],[ 0.104064   -0.02401307]
4865,4.86599999999996,[-2.48603519 -0.05935449],[-0.00949979 -0.05583867],[0.60143564 0.38642247],[ 0.10406903 -0.02402408]
4866,4.86699999999996,[-2.48604409 -0.05940994],[-0.00889832 -0.05545213],[0.60146458 0.3865453 ],[ 0.10407401 -0.02403501]
4867,4.86799999999996,[-2.48605239 -0.05946501],[-0.00829683 -0.05506546],[0.60149327 0.38666771],[ 0.10407894 -0.02404586]
4868,4.868999999999961,[-2.48606009 -0.05951968],[-0.00769531 -0.05467867],[0.60152172 0.38678972],[ 0.10408381 -0.02405663]
4869,4.869999999999961,[-2.48606718 -0.05957398],[-0.00709376 -0.05429176],[0.60154992 0.38691132],[ 0.10408862 -0.02406732]
4870,4.870999999999961,[-2.48607367 -0.05962788],[-0.00649218 -0.05390473],[0.60157788 0.38703252],[ 0.10409339 -0.02407794]
4871,4.871999999999962,[-2.48607956 -0.0596814 ],[-0.00589058 -0.05351757],[0.6016056  0.38715331],[ 0.1040981  -0.02408847]
4872,4.872999999999962,[-2.48608486 -0.05973459],[-0.00530035 -0.05319222],[0.59022761 0.32535117],[ 0.10410275 -0.02409893]
4873,4.873999999999962,[-2.48608963 -0.05978776],[-0.00476601 -0.05316947],[0.53434078 0.02275811],[ 0.10410792 -0.02410621]
4874,4.874999999999963,[-2.48609391 -0.05984118],[-0.0042822  -0.05341606],[ 0.48380583 -0.24659493],[ 0.10411584 -0.02409824]
4875,4.875999999999963,[-2.48609775 -0.05989508],[-0.00384409 -0.05390199],[ 0.4381098  -0.48592738],[ 0.10412625 -0.02407665]
4876,4.876999999999963,[-2.4861012  -0.05994968],[-0.0034473  -0.05460014],[ 0.39678888 -0.69814998],[ 0.10413891 -0.02404292]
4877,4.877999999999964,[-2.48610429 -0.06000516],[-0.00308788 -0.05548603],[ 0.35942372 -0.88589427],[ 0.1041536  -0.02399839]
4878,4.878999999999964,[-2.48610705 -0.0600617 ],[-0.00276224 -0.05653757],[ 0.32563518 -1.05153947],[ 0.10417013 -0.02394426]
4879,4.879999999999964,[-2.48610952 -0.06011944],[-0.00246716 -0.05773481],[ 0.29508045 -1.19723658],[ 0.10418832 -0.02388162]
4880,4.880999999999965,[-2.48611172 -0.0601785 ],[-0.00219971 -0.05905974],[ 0.26744958 -1.32493031],[ 0.10420802 -0.02381146]
4881,4.881999999999965,[-2.48611368 -0.06023899],[-0.00195725 -0.06049612],[ 0.24246233 -1.43637882],[ 0.10422908 -0.02373465]
4882,4.882999999999965,[-2.48611541 -0.06030102],[-0.00173739 -0.06202929],[ 0.21986533 -1.53317162],[ 0.10425137 -0.023652  ]
4883,4.883999999999966,[-2.48611695 -0.06036467],[-0.00153796 -0.06364603],[ 0.19942948 -1.61674576],[ 0.10427478 -0.02356424]
4884,4.884999999999966,[-2.48611831 -0.06043   ],[-0.00135701 -0.06533443],[ 0.18094766 -1.68840039],[ 0.1042992  -0.02347201]
4885,4.885999999999966,[-2.4861195  -0.06049709],[-0.00119278 -0.06708374],[ 0.16423258 -1.74931   ],[ 0.10432453 -0.02337591]
4886,4.886999999999967,[-2.48612054 -0.06056597],[-0.00104366 -0.06888428],[ 0.14911492 -1.80053641],[ 0.10435069 -0.02327646]
4887,4.887999999999967,[-2.48612145 -0.0606367 ],[-0.00090822 -0.07072732],[ 0.13544159 -1.8430395 ],[ 0.1043776  -0.02317415]
4888,4.888999999999967,[-2.48612224 -0.0607093 ],[-0.00078515 -0.07260501],[ 0.12307415 -1.87768703],[ 0.10440518 -0.02306941]
4889,4.889999999999968,[-2.48612291 -0.06078381],[-0.00067326 -0.07451027],[ 0.11188746 -1.90526345],[ 0.10443338 -0.02296262]
4890,4.890999999999968,[-2.48612348 -0.06086025],[-0.00057149 -0.07643675],[ 0.10176835 -1.9264779 ],[ 0.10446214 -0.02285414]
4891,4.891999999999968,[-2.48612395 -0.06093856],[-0.00046672 -0.07831275],[ 0.10476676 -1.87599917],[ 0.10449139 -0.02274428]
4892,4.892999999999969,[-2.48612431 -0.06101869],[-0.00035719 -0.08012918],[ 0.10953249 -1.81643335],[ 0.1045205  -0.02263664]
4893,4.893999999999969,[-2.48612455 -0.06110058],[-0.00024298 -0.08188716],[ 0.11421027 -1.75798188],[ 0.10454936 -0.02253167]
4894,4.894999999999969,[-2.48612467 -0.06118417],[-0.00012418 -0.08358779],[ 0.11880153 -1.7006263 ],[ 0.10457798 -0.02242932]
4895,4.89599999999997,[-2.48612468 -0.0612694 ],[-8.71831951e-07 -8.52321383e-02],[ 0.12330772 -1.64434844],[ 0.10460637 -0.02232955]
4896,4.89699999999997,[-2.48612455 -0.06135622],[ 0.00012686 -0.08682127],[ 0.12773025 -1.58913041],[ 0.10463453 -0.0222323 ]
4897,4.89799999999997,[-2.48612429 -0.06144458],[ 0.00025893 -0.08835622],[ 0.1320705  -1.53495458],[ 0.10466247 -0.02213753]
4898,4.898999999999971,[-2.48612389 -0.06153441],[ 0.00039526 -0.08983803],[ 0.13632983 -1.48180363],[ 0.10469018 -0.0220452 ]
4899,4.899999999999971,[-2.48612336 -0.06162568],[ 0.00053577 -0.09126769],[ 0.1405096  -1.42966046],[ 0.10471767 -0.02195525]
4900,4.900999999999971,[-2.48612268 -0.06171833],[ 0.00068038 -0.0926462 ],[ 0.14461112 -1.37850828],[ 0.10474494 -0.02186764]
4901,4.901999999999972,[-2.48612185 -0.0618123 ],[ 0.00082902 -0.09397453],[ 0.1486357  -1.32833054],[ 0.10477201 -0.02178232]
4902,4.902999999999972,[-2.48612087 -0.06190756],[ 0.0009816  -0.09525364],[ 0.15258463 -1.27911094],[ 0.10479886 -0.02169926]
4903,4.903999999999972,[-2.48611973 -0.06200404],[ 0.00113806 -0.09648447],[ 0.15645916 -1.23083346],[ 0.10482551 -0.02161841]
4904,4.904999999999973,[-2.48611843 -0.06210171],[ 0.00129832 -0.09766795],[ 0.16026054 -1.1834823 ],[ 0.10485196 -0.02153972]
4905,4.905999999999973,[-2.48611697 -0.06220051],[ 0.00146231 -0.09880499],[ 0.16399    -1.13704193],[ 0.10487821 -0.02146316]
4906,4.906999999999973,[-2.48611534 -0.06230041],[ 0.00162996 -0.09989649],[ 0.16764874 -1.09149705],[ 0.10490426 -0.02138869]
4907,4.907999999999974,[-2.48611354 -0.06240135],[ 0.0018012  -0.10094332],[ 0.17123795 -1.04683259],[ 0.10493012 -0.02131626]
4908,4.908999999999974,[-2.48611156 -0.0625033 ],[ 0.00197595 -0.10194636],[ 0.1747588  -1.00303374],[ 0.1049558  -0.02124583]
4909,4.909999999999974,[-2.48610941 -0.06260621],[ 0.00215417 -0.10290644],[ 0.17821243 -0.96008591],[ 0.10498128 -0.02117737]
4910,4.910999999999975,[-2.48610707 -0.06271003],[ 0.00233577 -0.10382442],[ 0.18159999 -0.91797474],[ 0.10500658 -0.02111084]
4911,4.911999999999975,[-2.48610455 -0.06281473],[ 0.00252069 -0.1047011 ],[ 0.18492258 -0.87668608],[ 0.10503171 -0.0210462 ]
4912,4.912999999999975,[-2.48610184 -0.06292027],[ 0.00270887 -0.10553731],[ 0.1881813  -0.83620603],[ 0.10505665 -0.02098341]
4913,4.913999999999976,[-2.48609894 -0.0630266 ],[ 0.00290025 -0.10633383],[ 0.19137723 -0.79652088],[ 0.10508142 -0.02092244]
4914,4.914999999999976,[-2.48609585 -0.06313369],[ 0.00309476 -0.10709145],[ 0.19451144 -0.75761716],[ 0.10510602 -0.02086325]
4915,4.915999999999976,[-2.48609255 -0.0632415 ],[ 0.00329234 -0.10781093],[ 0.19758498 -0.7194816 ],[ 0.10513045 -0.0208058 ]
4916,4.916999999999977,[-2.48608906 -0.06335   ],[ 0.00349294 -0.10849303],[ 0.20059886 -0.68210114],[ 0.10515471 -0.02075007]
4917,4.917999999999977,[-2.48608537 -0.06345914],[ 0.0036965  -0.10913849],[ 0.20355411 -0.64546292],[ 0.10517881 -0.02069601]
4918,4.918999999999977,[-2.48608146 -0.06356888],[ 0.00390295 -0.10974805],[ 0.20645173 -0.6095543 ],[ 0.10520275 -0.02064359]
4919,4.919999999999978,[-2.48607735 -0.06367921],[ 0.00411224 -0.11032241],[ 0.20929269 -0.57436282],[ 0.10522653 -0.02059279]
4920,4.920999999999978,[-2.48607303 -0.06379007],[ 0.00432432 -0.11086229],[ 0.21207796 -0.53987622],[ 0.10525016 -0.02054357]
4921,4.921999999999978,[-2.48606849 -0.06390144],[ 0.00453913 -0.11136837],[ 0.2148085  -0.50608246],[ 0.10527363 -0.02049589]
4922,4.922999999999979,[-2.48606373 -0.06401328],[ 0.00475661 -0.11184134],[ 0.21748525 -0.47296965],[ 0.10529695 -0.02044972]
4923,4.923999999999979,[-2.48605875 -0.06412556],[ 0.00497672 -0.11228187],[ 0.22010911 -0.44052613],[ 0.10532013 -0.02040504]
4924,4.924999999999979,[-2.48605355 -0.06423825],[ 0.0051994  -0.11269061],[ 0.22268101 -0.40874038],[ 0.10534315 -0.02036182]
4925,4.92599999999998,[-2.48604813 -0.06435132],[ 0.00542461 -0.11306821],[ 0.22520183 -0.37760111],[ 0.10536604 -0.02032002]
4926,4.92699999999998,[-2.48604248 -0.06446473],[ 0.00565228 -0.1134153 ],[ 0.22767245 -0.34709717],[ 0.10538878 -0.02027961]
4927,4.92799999999998,[-2.48603659 -0.06457847],[ 0.00588237 -0.11373252],[ 0.23009374 -0.31721761],[ 0.10541138 -0.02024057]
4928,4.928999999999981,[-2.48603048 -0.06469249],[ 0.00611484 -0.11402047],[ 0.23246655 -0.28795164],[ 0.10543385 -0.02020287]
4929,4.929999999999981,[-2.48602413 -0.06480677],[ 0.00634963 -0.11427976],[ 0.23479171 -0.25928867],[ 0.10545618 -0.02016648]
4930,4.930999999999981,[-2.48601754 -0.06492128],[ 0.0065867  -0.11451098],[ 0.23707005 -0.23121823],[ 0.10547838 -0.02013137]
4931,4.931999999999982,[-2.48601072 -0.06503599],[ 0.006826   -0.11471471],[ 0.23930239 -0.20373007],[ 0.10550045 -0.02009752]
4932,4.932999999999982,[-2.48600365 -0.06515088],[ 0.00706749 -0.11489153],[ 0.24148951 -0.17681407],[ 0.10552239 -0.0200649 ]
4933,4.933999999999982,[-2.48599634 -0.06526593],[ 0.00731112 -0.11504199],[ 0.24363221 -0.15046027],[ 0.1055442  -0.02003349]
4934,4.934999999999983,[-2.48598878 -0.06538109],[ 0.00755686 -0.11516664],[ 0.24573125 -0.1246589 ],[ 0.10556589 -0.02000325]
4935,4.935999999999983,[-2.48598098 -0.06549636],[ 0.00780464 -0.11526604],[ 0.2477874  -0.09940032],[ 0.10558746 -0.01997416]
4936,4.936999999999983,[-2.48597292 -0.0656117 ],[ 0.00805444 -0.11534072],[ 0.24980141 -0.07467505],[ 0.10560891 -0.01994621]
4937,4.937999999999984,[-2.48596462 -0.06572709],[ 0.00830622 -0.11539119],[ 0.25177401 -0.05047376],[ 0.10563023 -0.01991936]
4938,4.938999999999984,[-2.48595606 -0.06584251],[ 0.00855992 -0.11541798],[ 0.25370593 -0.02678728],[ 0.10565145 -0.01989358]
4939,4.939999999999984,[-2.48594724 -0.06595793],[ 0.00881552 -0.11542159],[ 0.25559788 -0.00360657],[ 0.10567254 -0.01986887]
4940,4.940999999999985,[-2.48593817 -0.06607333],[ 0.00907297 -0.11540251],[0.25745056 0.01907724],[ 0.10569353 -0.01984519]
4941,4.941999999999985,[-2.48592884 -0.06618869],[ 0.00933224 -0.11536124],[0.25926466 0.0412729 ],[ 0.1057144  -0.01982253]
4942,4.942999999999985,[-2.48591924 -0.06630399],[ 0.00959328 -0.11529825],[0.26104086 0.06298901],[ 0.10573516 -0.01980085]
4943,4.943999999999986,[-2.48590939 -0.06641921],[ 0.00985606 -0.11521401],[0.26277983 0.08423403],[ 0.10575582 -0.01978014]
4944,4.944999999999986,[-2.48589927 -0.06653432],[ 0.01012054 -0.115109  ],[0.26448223 0.10501629],[ 0.10577637 -0.01976038]
4945,4.945999999999986,[-2.48588888 -0.0666493 ],[ 0.01038669 -0.11498365],[0.2661487  0.12534397],[ 0.10579681 -0.01974154]
4946,4.946999999999987,[-2.48587822 -0.06676414],[ 0.01065447 -0.11483843],[0.26777988 0.14522514],[ 0.10581716 -0.01972361]
4947,4.947999999999987,[-2.4858673  -0.06687881],[ 0.01092385 -0.11467376],[0.2693764  0.16466772],[ 0.1058374  -0.01970656]
4948,4.948999999999987,[-2.48585611 -0.0669933 ],[ 0.01119478 -0.11449008],[0.27093887 0.18367951],[ 0.10585754 -0.01969038]
4949,4.949999999999988,[-2.48584464 -0.06710759],[ 0.01146725 -0.11428781],[0.27246789 0.20226819],[ 0.10587758 -0.01967504]
4950,4.950999999999988,[-2.4858329  -0.06722166],[ 0.01174122 -0.11406737],[0.27396407 0.22044129],[ 0.10589753 -0.01966052]
4951,4.951999999999988,[-2.48582088 -0.06733549],[ 0.01201664 -0.11382917],[0.27542799 0.23820626],[ 0.10591738 -0.01964682]
4952,4.952999999999989,[-2.48580859 -0.06744906],[ 0.0122935 -0.1135736],[0.27686023 0.2555704 ],[ 0.10593714 -0.0196339 ]
4953,4.953999999999989,[-2.48579602 -0.06756236],[ 0.01257177 -0.11330105],[0.27826135 0.27254088],[ 0.1059568  -0.01962175]
4954,4.954999999999989,[-2.48578316 -0.06767537],[ 0.0128514  -0.11301193],[0.27963191 0.28912479],[ 0.10597638 -0.01961035]
4955,4.95599999999999,[-2.48577003 -0.06778808],[ 0.01313237 -0.1127066 ],[0.28097247 0.30532907],[ 0.10599587 -0.01959968]
4956,4.95699999999999,[-2.48575662 -0.06790046],[ 0.01341465 -0.11238544],[0.28228355 0.32116057],[ 0.10601526 -0.01958973]
4957,4.95799999999999,[-2.48574292 -0.06801251],[ 0.01369822 -0.11204881],[0.28356571 0.33662601],[ 0.10603457 -0.01958048]
4958,4.958999999999991,[-2.48572894 -0.06812421],[ 0.01398304 -0.11169708],[0.28481944 0.35173202],[ 0.1060538  -0.01957191]
4959,4.959999999999991,[-2.48571467 -0.06823554],[ 0.01426908 -0.1113306 ],[0.28604528 0.3664851 ],[ 0.10607294 -0.01956401]
4960,4.960999999999991,[-2.48570011 -0.06834649],[ 0.01455633 -0.11094971],[0.28724373 0.38089166],[ 0.106092   -0.01955676]
4961,4.961999999999992,[-2.48568527 -0.06845705],[ 0.01484474 -0.11055475],[0.28841528 0.394958  ],[ 0.10611098 -0.01955014]
4962,4.962999999999992,[-2.48567013 -0.06856719],[ 0.0151343  -0.11014606],[0.28956042 0.40869032],[ 0.10612987 -0.01954414]
4963,4.963999999999992,[-2.48565471 -0.06867692],[ 0.01542498 -0.10972396],[0.29067964 0.42209471],[ 0.10614869 -0.01953875]
4964,4.964999999999993,[-2.48563899 -0.0687862 ],[ 0.01571676 -0.10928879],[0.29177341 0.43517716],[ 0.10616743 -0.01953394]
4965,4.965999999999993,[-2.48562298 -0.06889505],[ 0.0160096  -0.10884084],[0.29284219 0.44794357],[ 0.10618609 -0.0195297 ]
4966,4.966999999999993,[-2.48560668 -0.06900343],[ 0.01630349 -0.10838044],[0.29388644 0.46039974],[ 0.10620468 -0.01952603]
4967,4.967999999999994,[-2.48559008 -0.06911133],[ 0.01659839 -0.10790789],[0.29490662 0.47255137],[ 0.10622319 -0.0195229 ]
4968,4.968999999999994,[-2.48557318 -0.06921876],[ 0.0168943  -0.10742349],[0.29590316 0.48440407],[ 0.10624163 -0.01952029]
4969,4.969999999999994,[-2.48555599 -0.06932568],[ 0.01719117 -0.10692752],[0.2968765  0.49596336],[ 0.10626    -0.01951821]
4970,4.970999999999995,[-2.4855385  -0.06943211],[ 0.017489   -0.10642029],[0.29782707 0.50723466],[ 0.10627829 -0.01951662]
4971,4.971999999999995,[-2.48552072 -0.06953801],[ 0.01778775 -0.10590207],[0.29875529 0.5182233 ],[ 0.10629651 -0.01951553]
4972,4.972999999999995,[-2.48550263 -0.06964338],[ 0.01808742 -0.10537313],[0.29966157 0.52893454],[ 0.10631467 -0.01951491]
4973,4.973999999999996,[-2.48548424 -0.06974821],[ 0.01838796 -0.10483376],[0.30054633 0.53937354],[ 0.10633276 -0.01951476]
4974,4.974999999999996,[-2.48546555 -0.0698525 ],[ 0.01868937 -0.10428421],[0.30140996 0.54954537],[ 0.10635078 -0.01951506]
4975,4.975999999999996,[-2.48544656 -0.06995622],[ 0.01899162 -0.10372476],[0.30225286 0.55945501],[ 0.10636873 -0.0195158 ]
4976,4.976999999999997,[-2.48542727 -0.07005938],[ 0.0192947  -0.10315565],[0.30307541 0.56910738],[ 0.10638662 -0.01951696]
4977,4.977999999999997,[-2.48540767 -0.07016196],[ 0.01959858 -0.10257714],[0.303878   0.57850731],[ 0.10640444 -0.01951854]
4978,4.978999999999997,[-2.48538776 -0.07026395],[ 0.01990324 -0.10198948],[0.304661   0.58765953],[ 0.1064222  -0.01952052]
4979,4.979999999999998,[-2.48536755 -0.07036534],[ 0.02020866 -0.10139291],[0.30542477 0.59656872],[ 0.1064399 -0.0195229]
4980,4.980999999999998,[-2.48534704 -0.07046613],[ 0.02051483 -0.10078767],[0.30616969 0.60523945],[ 0.10645753 -0.01952565]
4981,4.981999999999998,[-2.48532622 -0.0705663 ],[ 0.02082173 -0.100174  ],[0.30689611 0.61367626],[ 0.10647511 -0.01952877]
4982,4.982999999999999,[-2.48530509 -0.07066585],[ 0.02112933 -0.09955211],[0.30760437 0.62188356],[ 0.10649262 -0.01953226]
4983,4.983999999999999,[-2.48528365 -0.07076477],[ 0.02143763 -0.09892225],[0.30829483 0.62986572],[ 0.10651008 -0.01953609]
4984,4.984999999999999,[-2.4852619  -0.07086306],[ 0.0217466  -0.09828462],[0.30896781 0.63762703],[ 0.10652748 -0.01954025]
4985,4.986,[-2.48523985 -0.0709607 ],[ 0.02205622 -0.09763945],[0.30962366 0.64517171],[ 0.10654481 -0.01954475]
4986,4.987,[-2.48521748 -0.07105769],[ 0.02236648 -0.09698695],[0.3102627 0.6525039],[ 0.1065621  -0.01954956]
4987,4.988,[-2.4851948  -0.07115401],[ 0.02267737 -0.09632732],[0.31088525 0.65962769],[ 0.10657932 -0.01955467]
4988,4.989000000000001,[-2.48517182 -0.07124967],[ 0.02298886 -0.09566077],[0.31149163 0.66654706],[ 0.10659649 -0.01956009]
4989,4.990000000000001,[-2.48514851 -0.07134466],[ 0.02330094 -0.09498751],[0.31208215 0.67326598],[ 0.10661361 -0.01956579]
4990,4.991000000000001,[-2.4851249  -0.07143897],[ 0.0236136  -0.09430772],[0.31265712 0.6797883 ],[ 0.10663067 -0.01957177]
4991,4.992000000000002,[-2.48510097 -0.07153259],[ 0.02392682 -0.0936216 ],[0.31321683 0.68611785],[ 0.10664768 -0.01957802]
4992,4.993000000000002,[-2.48507673 -0.07162552],[ 0.02424058 -0.09292934],[0.31376159 0.69225835],[ 0.10666464 -0.01958454]
4993,4.994000000000002,[-2.48505218 -0.07171775],[ 0.02455487 -0.09223113],[0.31429167 0.6982135 ],[ 0.10668155 -0.0195913 ]
4994,4.995000000000003,[-2.48502731 -0.07180928],[ 0.02486968 -0.09152714],[0.31480738 0.70398691],[ 0.1066984 -0.0195983]
4995,4.996000000000003,[-2.48500212 -0.0719001 ],[ 0.02518499 -0.09081756],[0.31530898 0.70958214],[ 0.1067152  -0.01960554]
4996,4.997000000000003,[-2.48497662 -0.0719902 ],[ 0.02550078 -0.09010256],[0.31579676 0.71500268],[ 0.10673196 -0.01961301]
4997,4.998000000000004,[-2.48495081 -0.07207958],[ 0.02581705 -0.0893823 ],[0.31627098 0.72025197],[ 0.10674866 -0.01962069]
4998,4.999000000000004,[-2.48492467 -0.07216824],[ 0.02613379 -0.08865697],[0.31673192 0.72533338],[ 0.10676532 -0.01962858]
4999,5.000000000000004,[-2.48489822 -0.07225616],[ 0.02645097 -0.08792672],[0.31717983 0.73025025],[ 0.10678193 -0.01963667]
