,time,qpos,qvel,qacc,ctrl
0,0.0,[0. 0.],[0. 0.],[-0.42851288 -2.78843013],[-0.207  0.   ]
1,0.001,[-4.28512876e-07 -2.78843013e-06],[-0.00042851 -0.00278843],[-0.42991583 -2.87311473],[-2.07039882e-01 -9.82508013e-05]
2,0.002,[-1.28694158e-06 -8.44997499e-06],[-0.00085843 -0.00566154],[-0.43125044 -2.95346444],[-2.07079592e-01 -1.91692714e-04]
3,0.003,[-2.57662073e-06 -1.70649843e-05],[-0.00128968 -0.00861501],[-0.43251934 -3.02964585],[-0.20711913 -0.00028053]
4,0.004,[-4.29881922e-06 -2.87096394e-05],[-0.0017222  -0.01164466],[-0.43372503 -3.10181938],[-0.20715851 -0.00036494]
5,0.005,[-6.45474273e-06 -4.34561140e-05],[-0.00215592 -0.01474647],[-0.43486996 -3.17013955],[-0.20719772 -0.00044513]
6,0.006,[-9.04553621e-06 -6.13727280e-05],[-0.00259079 -0.01791661],[-0.43595646 -3.23475518],[-0.20723677 -0.00052127]
7,0.007,[-1.20722861e-05 -8.25240973e-05],[-0.00302675 -0.02115137],[-0.43698679 -3.2958096 ],[-0.20727567 -0.00059353]
8,0.008,[-1.55360229e-05 -1.06971276e-04],[-0.00346374 -0.02444718],[-0.43796312 -3.35344086],[-0.20731441 -0.00066208]
9,0.009000000000000001,[-1.94377227e-05 -1.34771896e-04],[-0.0039017  -0.02780062],[-0.43888753 -3.40778189],[-0.207353   -0.00072708]
10,0.010000000000000002,[-2.37783101e-05 -1.65980297e-04],[-0.00434059 -0.0312084 ],[-0.43976205 -3.45896074],[-0.20739144 -0.00078868]
11,0.011000000000000003,[-2.85586595e-05 -2.00647660e-04],[-0.00478035 -0.03466736],[-0.44058861 -3.5071007 ],[-0.20742973 -0.00084702]
12,0.012000000000000004,[-3.37795975e-05 -2.38822123e-04],[-0.00522094 -0.03817446],[-0.44136908 -3.55232054],[-0.20746788 -0.00090226]
13,0.013000000000000005,[-3.94419047e-05 -2.80548906e-04],[-0.00566231 -0.04172678],[-0.44210526 -3.5947346 ],[-0.20750588 -0.00095453]
14,0.014000000000000005,[-4.55463170e-05 -3.25870425e-04],[-0.00610441 -0.04532152],[-0.44279888 -3.63445302],[-0.20754375 -0.00100395]
15,0.015000000000000006,[-5.20935283e-05 -3.74826396e-04],[-0.00654721 -0.04895597],[-0.4434516  -3.67158185],[-0.20758148 -0.00105067]
16,0.016000000000000007,[-5.90841911e-05 -4.27453949e-04],[-0.00699066 -0.05262755],[-0.44406504 -3.70622324],[-0.20761907 -0.00109479]
17,0.017000000000000008,[-6.65189190e-05 -4.83787725e-04],[-0.00743473 -0.05633378],[-0.44464074 -3.73847552],[-0.20765652 -0.00113643]
18,0.01800000000000001,[-7.43982876e-05 -5.43859977e-04],[-0.00787937 -0.06007225],[-0.44518019 -3.76843341],[-0.20769385 -0.00117572]
19,0.01900000000000001,[-8.27228364e-05 -6.07700662e-04],[-0.00832455 -0.06384069],[-0.44568482 -3.7961881 ],[-0.20773104 -0.00121275]
20,0.02000000000000001,[-9.14930701e-05 -6.75337536e-04],[-0.00877023 -0.06763687],[-0.44615601 -3.82182742],[-0.2077681  -0.00124764]
21,0.02100000000000001,[-0.00010071 -0.0007468 ],[-0.00921639 -0.0714587 ],[-0.44659511 -3.84543592],[-0.20780504 -0.00128048]
22,0.022000000000000013,[-0.00011037 -0.0008221 ],[-0.00966298 -0.07530414],[-0.44700337 -3.86709503],[-0.20784185 -0.00131137]
23,0.023000000000000013,[-0.00012048 -0.00090127],[-0.01010999 -0.07917123],[-0.44738204 -3.88688314],[-0.20787853 -0.0013404 ]
24,0.024000000000000014,[-0.00013104 -0.00098433],[-0.01055737 -0.08305811],[-0.44773231 -3.90487575],[-0.20791509 -0.00136766]
25,0.025000000000000015,[-0.00014204 -0.00107129],[-0.0110051  -0.08696299],[-0.44805531 -3.92114554],[-0.20795153 -0.00139325]
26,0.026000000000000016,[-0.0001535  -0.00116218],[-0.01145316 -0.09088414],[-0.44835214 -3.93576249],[-0.20798785 -0.00141723]
27,0.027000000000000017,[-0.0001654 -0.001257 ],[-0.01190151 -0.0948199 ],[-0.44862388 -3.94879397],[-0.20802405 -0.0014397 ]
28,0.028000000000000018,[-0.00017775 -0.00135577],[-0.01235013 -0.09876869],[-0.44887153 -3.96030486],[-0.20806013 -0.00146072]
29,0.02900000000000002,[-0.00019055 -0.00145849],[-0.01279901 -0.102729  ],[-0.44909607 -3.9703576 ],[-0.20809609 -0.00148037]
30,0.03000000000000002,[-0.0002038  -0.00156519],[-0.0132481  -0.10669936],[-0.44929846 -3.97901233],[-0.20813194 -0.00149873]
31,0.03100000000000002,[-0.00021749 -0.00167587],[-0.0136974  -0.11067837],[-0.44947961 -3.98632692],[-0.20816768 -0.00151586]
32,0.03200000000000002,[-0.00023164 -0.00179054],[-0.01414688 -0.11466469],[-0.44964038 -3.99235709],[-0.2082033  -0.00153182]
33,0.03300000000000002,[-0.00024624 -0.00190919],[-0.01459652 -0.11865705],[-0.44978162 -3.9971565 ],[-0.2082388  -0.00154668]
34,0.03400000000000002,[-0.00026128 -0.00203185],[-0.0150463  -0.12265421],[-0.44990414 -4.00077678],[-0.2082742 -0.0015605]
35,0.035000000000000024,[-0.00027678 -0.0021585 ],[-0.01549621 -0.12665498],[-0.45000873 -4.00326763],[-0.20830948 -0.00157334]
36,0.036000000000000025,[-0.00029273 -0.00228916],[-0.01594621 -0.13065825],[-0.45009613 -4.00467691],[-0.20834465 -0.00158525]
37,0.037000000000000026,[-0.00030912 -0.00242382],[-0.01639631 -0.13466293],[-0.45016707 -4.00505066],[-0.20837972 -0.00159629]
38,0.03800000000000003,[-0.00032597 -0.00256249],[-0.01684648 -0.13866798],[-0.45022225 -4.00443321],[-0.20841467 -0.00160651]
39,0.03900000000000003,[-0.00034327 -0.00270516],[-0.0172967  -0.14267241],[-0.45026234 -4.00286724],[-0.20844952 -0.00161596]
40,0.04000000000000003,[-0.00036101 -0.00285184],[-0.01774696 -0.14667528],[-0.45028798 -4.0003938 ],[-0.20848426 -0.00162468]
41,0.04100000000000003,[-0.00037921 -0.00300252],[-0.01819725 -0.15067567],[-0.45029979 -3.99705243],[-0.2085189  -0.00163273]
42,0.04200000000000003,[-0.00039786 -0.00315719],[-0.01864755 -0.15467273],[-0.45029837 -3.99288114],[-0.20855343 -0.00164014]
43,0.04300000000000003,[-0.00041696 -0.00331585],[-0.01909785 -0.15866561],[-0.4502843  -3.98791655],[-0.20858785 -0.00164696]
44,0.04400000000000003,[-0.0004365  -0.00347851],[-0.01954813 -0.16265352],[-0.45025812 -3.98219389],[-0.20862217 -0.00165323]
45,0.04500000000000003,[-0.0004565  -0.00364514],[-0.01999839 -0.16663572],[-0.45022038 -3.97574704],[-0.20865638 -0.00165898]
46,0.046000000000000034,[-0.00047695 -0.00381575],[-0.02044861 -0.17061147],[-0.45017158 -3.96860862],[-0.2086905  -0.00166427]
47,0.047000000000000035,[-0.00049785 -0.00399033],[-0.02089878 -0.17458007],[-0.45011221 -3.96081003],[-0.20872451 -0.00166911]
48,0.048000000000000036,[-0.0005192  -0.00416888],[-0.02134889 -0.17854088],[-0.45004276 -3.95238145],[-0.20875841 -0.00167355]
49,0.04900000000000004,[-0.000541   -0.00435137],[-0.02179894 -0.18249327],[-0.44996367 -3.94335193],[-0.20879222 -0.00167762]
50,0.05000000000000004,[-0.00056325 -0.00453781],[-0.0222489  -0.18643662],[-0.44987539 -3.93374944],[-0.20882592 -0.00168135]
51,0.05100000000000004,[-0.00058594 -0.00472818],[-0.02269878 -0.19037037],[-0.44977834 -3.92360086],[-0.20885953 -0.00168477]
52,0.05200000000000004,[-0.00060909 -0.00492247],[-0.02314856 -0.19429397],[-0.44967292 -3.91293206],[-0.20889303 -0.00168792]
53,0.05300000000000004,[-0.00063269 -0.00512068],[-0.02359823 -0.1982069 ],[-0.44955953 -3.90176793],[-0.20892643 -0.00169081]
54,0.05400000000000004,[-0.00065674 -0.00532279],[-0.02404779 -0.20210867],[-0.44943853 -3.8901324 ],[-0.20895973 -0.00169348]
55,0.05500000000000004,[-0.00068124 -0.00552878],[-0.02449723 -0.2059988 ],[-0.4493103  -3.87804849],[-0.20899294 -0.00169595]
56,0.05600000000000004,[-0.00070618 -0.00573866],[-0.02494654 -0.20987685],[-0.44917518 -3.86553834],[-0.20902604 -0.00169824]
57,0.057000000000000044,[-0.00073158 -0.0059524 ],[-0.02539571 -0.21374239],[-0.4490335  -3.85262326],[-0.20905905 -0.00170039]
58,0.058000000000000045,[-0.00075742 -0.00617   ],[-0.02584474 -0.21759501],[-0.44888558 -3.83932373],[-0.20909195 -0.00170241]
59,0.059000000000000045,[-0.00078372 -0.00639143],[-0.02629363 -0.22143433],[-0.44873174 -3.82565943],[-0.20912476 -0.00170432]
60,0.060000000000000046,[-0.00081046 -0.00661669],[-0.02674236 -0.22525999],[-0.44857227 -3.81164931],[-0.20915748 -0.00170616]
61,0.06100000000000005,[-0.00083765 -0.00684576],[-0.02719093 -0.22907164],[-0.44840746 -3.79731157],[-0.20919009 -0.00170792]
62,0.06200000000000005,[-0.00086529 -0.00707863],[-0.02763934 -0.23286895],[-0.44823757 -3.78266372],[-0.20922261 -0.00170964]
63,0.06300000000000004,[-0.00089338 -0.00731528],[-0.02808758 -0.23665162],[-0.44806289 -3.76772259],[-0.20925503 -0.00171134]
64,0.06400000000000004,[-0.00092191 -0.0075557 ],[-0.02853564 -0.24041934],[-0.44788365 -3.75250436],[-0.20928735 -0.00171303]
65,0.06500000000000004,[-0.0009509  -0.00779988],[-0.02898353 -0.24417184],[-0.4477001  -3.73702457],[-0.20931958 -0.00171472]
66,0.06600000000000004,[-0.00098033 -0.00804779],[-0.02943123 -0.24790887],[-0.44751248 -3.72129819],[-0.20935171 -0.00171644]
67,0.06700000000000005,[-0.00101021 -0.00829942],[-0.02987874 -0.25163017],[-0.44732102 -3.70533956],[-0.20938374 -0.0017182 ]
68,0.06800000000000005,[-0.00104053 -0.00855475],[-0.03032606 -0.25533551],[-0.44712592 -3.6891625 ],[-0.20941568 -0.00172001]
69,0.06900000000000005,[-0.00107131 -0.00881378],[-0.03077319 -0.25902467],[-0.4469274  -3.67278027],[-0.20944753 -0.00172189]
70,0.07000000000000005,[-0.00110253 -0.00907647],[-0.03122011 -0.26269745],[-0.44672565 -3.65620562],[-0.20947927 -0.00172386]
71,0.07100000000000005,[-0.00113419 -0.00934283],[-0.03166684 -0.26635366],[-0.44652088 -3.63945079],[-0.20951093 -0.00172592]
72,0.07200000000000005,[-0.00116631 -0.00961282],[-0.03211336 -0.26999311],[-0.44631325 -3.62252755],[-0.20954248 -0.00172808]
73,0.07300000000000005,[-0.00119887 -0.00988644],[-0.03255967 -0.27361563],[-0.44610296 -3.60544719],[-0.20957394 -0.00173037]
74,0.07400000000000005,[-0.00123187 -0.01016366],[-0.03300578 -0.27722108],[-0.44589017 -3.58822058],[-0.20960531 -0.00173278]
75,0.07500000000000005,[-0.00126532 -0.01044447],[-0.03345167 -0.2808093 ],[-0.44567504 -3.57085812],[-0.20963658 -0.00173534]
76,0.07600000000000005,[-0.00129922 -0.01072885],[-0.03389734 -0.28438016],[-0.44545773 -3.55336983],[-0.20966776 -0.00173805]
77,0.07700000000000005,[-0.00133356 -0.01101678],[-0.0343428  -0.28793353],[-0.44523838 -3.53576533],[-0.20969884 -0.00174092]
78,0.07800000000000006,[-0.00136835 -0.01130825],[-0.03478804 -0.29146929],[-0.44501716 -3.51805382],[-0.20972983 -0.00174396]
79,0.07900000000000006,[-0.00140358 -0.01160324],[-0.03523305 -0.29498735],[-0.44479419 -3.50024417],[-0.20976072 -0.00174717]
80,0.08000000000000006,[-0.00143926 -0.01190172],[-0.03567785 -0.29848759],[-0.4445696  -3.48234488],[-0.20979152 -0.00175058]
81,0.08100000000000006,[-0.00147538 -0.01220369],[-0.03612242 -0.30196994],[-0.44434353 -3.4643641 ],[-0.20982223 -0.00175418]
82,0.08200000000000006,[-0.00151195 -0.01250913],[-0.03656676 -0.3054343 ],[-0.44411609 -3.44630966],[-0.20985284 -0.00175799]
83,0.08300000000000006,[-0.00154896 -0.01281801],[-0.03701088 -0.30888061],[-0.44388741 -3.42818907],[-0.20988335 -0.001762  ]
84,0.08400000000000006,[-0.00158642 -0.01313032],[-0.03745477 -0.3123088 ],[-0.44365759 -3.41000952],[-0.20991378 -0.00176623]
85,0.08500000000000006,[-0.00162432 -0.01344604],[-0.03789842 -0.31571881],[-0.44342675 -3.39177792],[-0.2099441  -0.00177069]
86,0.08600000000000006,[-0.00166266 -0.01376515],[-0.03834185 -0.31911059],[-0.44319499 -3.3735009 ],[-0.20997434 -0.00177537]
87,0.08700000000000006,[-0.00170144 -0.01408763],[-0.03878504 -0.32248409],[-0.4429624  -3.35518481],[-0.21000448 -0.0017803 ]
88,0.08800000000000006,[-0.00174067 -0.01441347],[-0.03922801 -0.32583927],[-0.44272909 -3.33683574],[-0.21003453 -0.00178546]
89,0.08900000000000007,[-0.00178034 -0.01474265],[-0.03967074 -0.32917611],[-0.44249514 -3.31845951],[-0.21006448 -0.00179087]
90,0.09000000000000007,[-0.00182045 -0.01507514],[-0.04011323 -0.33249457],[-0.44226064 -3.30006172],[-0.21009434 -0.00179653]
91,0.09100000000000007,[-0.00186101 -0.01541094],[-0.04055549 -0.33579463],[-0.44202567 -3.28164772],[-0.2101241  -0.00180245]
92,0.09200000000000007,[-0.00190201 -0.01575001],[-0.04099752 -0.33907628],[-0.44179032 -3.26322265],[-0.21015377 -0.00180863]
93,0.09300000000000007,[-0.00194345 -0.01609235],[-0.04143931 -0.3423395 ],[-0.44155467 -3.24479141],[-0.21018335 -0.00181508]
94,0.09400000000000007,[-0.00198533 -0.01643794],[-0.04188086 -0.34558429],[-0.44131878 -3.22635871],[-0.21021283 -0.0018218 ]
95,0.09500000000000007,[-0.00202765 -0.01678675],[-0.04232218 -0.34881065],[-0.44108272 -3.20792906],[-0.21024222 -0.00182878]
96,0.09600000000000007,[-0.00207041 -0.01713876],[-0.04276326 -0.35201858],[-0.44084657 -3.18950675],[-0.21027152 -0.00183605]
97,0.09700000000000007,[-0.00211362 -0.01749397],[-0.04320411 -0.35520809],[-0.44061038 -3.17109592],[-0.21030072 -0.00184359]
98,0.09800000000000007,[-0.00215726 -0.01785235],[-0.04364472 -0.35837918],[-0.44037422 -3.1527005 ],[-0.21032983 -0.00185142]
99,0.09900000000000007,[-0.00220135 -0.01821388],[-0.04408509 -0.36153188],[-0.44013815 -3.13432427],[-0.21035884 -0.00185953]
100,0.10000000000000007,[-0.00224587 -0.01857855],[-0.04452523 -0.36466621],[-0.43990222 -3.11597082],[-0.21038777 -0.00186793]
101,0.10100000000000008,[-0.00229084 -0.01894633],[-0.04496514 -0.36778218],[-0.43966649 -3.0976436 ],[-0.21041659 -0.00187662]
102,0.10200000000000008,[-0.00233624 -0.01931721],[-0.0454048  -0.37087982],[-0.43943101 -3.0793459 ],[-0.21044533 -0.00188561]
103,0.10300000000000008,[-0.00238209 -0.01969117],[-0.04584423 -0.37395917],[-0.43919583 -3.06108086],[-0.21047397 -0.00189489]
104,0.10400000000000008,[-0.00242837 -0.02006819],[-0.04628343 -0.37702025],[-0.43896099 -3.04285148],[-0.21050251 -0.00190447]
105,0.10500000000000008,[-0.00247509 -0.02044825],[-0.04672239 -0.3800631 ],[-0.43872654 -3.02466062],[-0.21053096 -0.00191434]
106,0.10600000000000008,[-0.00252225 -0.02083134],[-0.04716112 -0.38308776],[-0.43849252 -3.00651101],[-0.21055932 -0.00192452]
107,0.10700000000000008,[-0.00256985 -0.02121744],[-0.04759961 -0.38609427],[-0.43825897 -2.98840525],[-0.21058759 -0.001935  ]
108,0.10800000000000008,[-0.00261789 -0.02160652],[-0.04803787 -0.38908268],[-0.43802594 -2.97034582],[-0.21061576 -0.00194578]
109,0.10900000000000008,[-0.00266637 -0.02199857],[-0.04847589 -0.39205302],[-0.43779345 -2.95233509],[-0.21064383 -0.00195687]
110,0.11000000000000008,[-0.00271528 -0.02239358],[-0.04891369 -0.39500536],[-0.43756154 -2.93437531],[-0.21067182 -0.00196827]
111,0.11100000000000008,[-0.00276463 -0.02279152],[-0.04935125 -0.39793973],[-0.43733025 -2.91646861],[-0.21069971 -0.00197997]
112,0.11200000000000009,[-0.00281442 -0.02319237],[-0.04978858 -0.4008562 ],[-0.43709961 -2.89861703],[-0.2107275  -0.00199198]
113,0.11300000000000009,[-0.00286465 -0.02359613],[-0.05022568 -0.40375482],[-0.43686964 -2.88082252],[-0.2107552 -0.0020043]
114,0.11400000000000009,[-0.00291531 -0.02400276],[-0.05066255 -0.40663564],[-0.43664038 -2.8630869 ],[-0.21078281 -0.00201693]
115,0.11500000000000009,[-0.00296641 -0.02441226],[-0.05109919 -0.40949873],[-0.43641185 -2.84541193],[-0.21081032 -0.00202986]
116,0.11600000000000009,[-0.00301794 -0.02482461],[-0.0515356  -0.41234414],[-0.43618408 -2.82779926],[-0.21083774 -0.00204311]
117,0.11700000000000009,[-0.00306992 -0.02523978],[-0.05197178 -0.41517194],[-0.4359571  -2.81025047],[-0.21086506 -0.00205667]
118,0.11800000000000009,[-0.00312232 -0.02565776],[-0.05240774 -0.41798219],[-0.43573092 -2.79276704],[-0.21089229 -0.00207054]
119,0.11900000000000009,[-0.00317517 -0.02607854],[-0.05284347 -0.42077496],[-0.43550557 -2.77535037],[-0.21091943 -0.00208472]
120,0.12000000000000009,[-0.00322845 -0.02650209],[-0.05327898 -0.42355031],[-0.43528107 -2.75800182],[-0.21094647 -0.00209922]
121,0.1210000000000001,[-0.00328216 -0.02692839],[-0.05371426 -0.42630831],[-0.43505744 -2.74072262],[-0.21097342 -0.00211402]
122,0.1220000000000001,[-0.00333631 -0.02735744],[-0.05414932 -0.42904903],[-0.43483469 -2.72351397],[-0.21100027 -0.00212914]
123,0.1230000000000001,[-0.00339089 -0.02778922],[-0.05458415 -0.43177255],[-0.43461285 -2.70637699],[-0.21102703 -0.00214457]
124,0.1240000000000001,[-0.00344591 -0.0282237 ],[-0.05501876 -0.43447892],[-0.43439193 -2.68931274],[-0.21105369 -0.00216031]
125,0.12500000000000008,[-0.00350136 -0.02866086],[-0.05545316 -0.43716824],[-0.43417195 -2.67232221],[-0.21108026 -0.00217636]
126,0.12600000000000008,[-0.00355725 -0.0291007 ],[-0.05588733 -0.43984056],[-0.43395291 -2.65540633],[-0.21110674 -0.00219272]
127,0.12700000000000009,[-0.00361357 -0.0295432 ],[-0.05632128 -0.44249596],[-0.43373484 -2.63856598],[-0.21113312 -0.00220939]
128,0.12800000000000009,[-0.00367033 -0.02998833],[-0.05675502 -0.44513453],[-0.43351775 -2.62180197],[-0.2111594  -0.00222637]
129,0.1290000000000001,[-0.00372752 -0.03043609],[-0.05718853 -0.44775633],[-0.43330165 -2.60511506],[-0.2111856  -0.00224365]
130,0.1300000000000001,[-0.00378514 -0.03088645],[-0.05762184 -0.45036145],[-0.43308654 -2.58850599],[-0.21121169 -0.00226125]
131,0.1310000000000001,[-0.00384319 -0.0313394 ],[-0.05805492 -0.45294995],[-0.43287245 -2.5719754 ],[-0.21123769 -0.00227916]
132,0.1320000000000001,[-0.00390168 -0.03179492],[-0.05848779 -0.45552193],[-0.43265937 -2.55552391],[-0.2112636  -0.00229737]
133,0.1330000000000001,[-0.0039606 -0.032253 ],[-0.05892045 -0.45807745],[-0.43244732 -2.53915211],[-0.21128941 -0.00231589]
134,0.1340000000000001,[-0.00401995 -0.03271362],[-0.0593529 -0.4606166],[-0.43223631 -2.52286051],[-0.21131513 -0.00233472]
135,0.1350000000000001,[-0.00407974 -0.03317676],[-0.05978514 -0.46313947],[-0.43202634 -2.50664961],[-0.21134075 -0.00235385]
136,0.1360000000000001,[-0.00413996 -0.0336424 ],[-0.06021716 -0.46564611],[-0.43181743 -2.49051985],[-0.21136627 -0.00237328]
137,0.1370000000000001,[-0.00420061 -0.03411054],[-0.06064898 -0.46813663],[-0.43160957 -2.47447163],[-0.21139171 -0.00239302]
138,0.1380000000000001,[-0.00426169 -0.03458115],[-0.06108059 -0.47061111],[-0.43140277 -2.45850533],[-0.21141704 -0.00241306]
139,0.1390000000000001,[-0.0043232  -0.03505422],[-0.06151199 -0.47306961],[-0.43119704 -2.44262129],[-0.21144228 -0.00243341]
140,0.1400000000000001,[-0.00438514 -0.03552973],[-0.06194319 -0.47551223],[-0.43099239 -2.4268198 ],[-0.21146743 -0.00245405]
141,0.1410000000000001,[-0.00444752 -0.03600767],[-0.06237418 -0.47793905],[-0.43078881 -2.41110114],[-0.21149248 -0.00247499]
142,0.1420000000000001,[-0.00451032 -0.03648802],[-0.06280497 -0.48035015],[-0.43058631 -2.39546554],[-0.21151743 -0.00249623]
143,0.1430000000000001,[-0.00457356 -0.03697077],[-0.06323556 -0.48274562],[-0.43038489 -2.3799132 ],[-0.21154229 -0.00251777]
144,0.1440000000000001,[-0.00463722 -0.03745589],[-0.06366594 -0.48512553],[-0.43018456 -2.36444431],[-0.21156705 -0.00253961]
145,0.1450000000000001,[-0.00470132 -0.03794338],[-0.06409613 -0.48748998],[-0.42998532 -2.34905902],[-0.21159172 -0.00256174]
146,0.1460000000000001,[-0.00476584 -0.03843322],[-0.06452611 -0.48983904],[-0.42978716 -2.33375745],[-0.21161629 -0.00258417]
147,0.1470000000000001,[-0.0048308 -0.0389254],[-0.0649559  -0.49217279],[-0.4295901 -2.3185397],[-0.21164077 -0.00260688]
148,0.1480000000000001,[-0.00489619 -0.03941989],[-0.06538549 -0.49449133],[-0.42939414 -2.30340585],[-0.21166515 -0.00262989]
149,0.1490000000000001,[-0.004962   -0.03991668],[-0.06581488 -0.49679474],[-0.42919926 -2.28835594],[-0.21168944 -0.00265319]
150,0.1500000000000001,[-0.00502825 -0.04041576],[-0.06624408 -0.49908309],[-0.42900548 -2.27339001],[-0.21171362 -0.00267679]
151,0.1510000000000001,[-0.00509492 -0.04091712],[-0.06667309 -0.50135648],[-0.42881279 -2.25850805],[-0.21173772 -0.00270066]
152,0.1520000000000001,[-0.00516202 -0.04142074],[-0.0671019  -0.50361499],[-0.4286212  -2.24371007],[-0.21176171 -0.00272483]
153,0.1530000000000001,[-0.00522955 -0.04192659],[-0.06753052 -0.5058587 ],[-0.4284307  -2.22899602],[-0.21178562 -0.00274928]
154,0.1540000000000001,[-0.00529751 -0.04243468],[-0.06795895 -0.5080877 ],[-0.4282413  -2.21436586],[-0.21180942 -0.00277401]
155,0.1550000000000001,[-0.0053659  -0.04294498],[-0.06838719 -0.51030206],[-0.42805298 -2.19981952],[-0.21183313 -0.00279903]
156,0.1560000000000001,[-0.00543471 -0.04345749],[-0.06881525 -0.51250188],[-0.42786575 -2.18535691],[-0.21185674 -0.00282433]
157,0.1570000000000001,[-0.00550396 -0.04397217],[-0.06924311 -0.51468724],[-0.42767962 -2.17097793],[-0.21188026 -0.00284991]
158,0.1580000000000001,[-0.00557363 -0.04448903],[-0.06967079 -0.51685822],[-0.42749456 -2.15668245],[-0.21190368 -0.00287577]
159,0.1590000000000001,[-0.00564372 -0.04500805],[-0.07009829 -0.5190149 ],[-0.4273106  -2.14247035],[-0.211927   -0.00290191]
160,0.16000000000000011,[-0.00571425 -0.0455292 ],[-0.0705256  -0.52115737],[-0.42712771 -2.12834149],[-0.21195023 -0.00292832]
161,0.16100000000000012,[-0.0057852  -0.04605249],[-0.07095273 -0.52328571],[-0.42694591 -2.11429569],[-0.21197336 -0.00295501]
162,0.16200000000000012,[-0.00585658 -0.04657789],[-0.07137967 -0.52540001],[-0.42676518 -2.10033278],[-0.21199639 -0.00298198]
163,0.16300000000000012,[-0.00592839 -0.04710539],[-0.07180644 -0.52750034],[-0.42658552 -2.08645259],[-0.21201933 -0.00300921]
164,0.16400000000000012,[-0.00600062 -0.04763498],[-0.07223302 -0.52958679],[-0.42640694 -2.07265491],[-0.21204217 -0.00303671]
165,0.16500000000000012,[-0.00607328 -0.04816664],[-0.07265943 -0.53165945],[-0.42622942 -2.05893952],[-0.21206491 -0.00306449]
166,0.16600000000000012,[-0.00614637 -0.04870035],[-0.07308566 -0.53371839],[-0.42605297 -2.04530622],[-0.21208756 -0.00309253]
167,0.16700000000000012,[-0.00621988 -0.04923612],[-0.07351171 -0.5357637 ],[-0.42587757 -2.03175477],[-0.21211011 -0.00312084]
168,0.16800000000000012,[-0.00629382 -0.04977391],[-0.07393759 -0.53779545],[-0.42570324 -2.01828493],[-0.21213256 -0.00314942]
169,0.16900000000000012,[-0.00636818 -0.05031373],[-0.07436329 -0.53981373],[-0.42552995 -2.00489645],[-0.21215492 -0.00317825]
170,0.17000000000000012,[-0.00644297 -0.05085555],[-0.07478882 -0.54181863],[-0.42535772 -1.99158907],[-0.21217717 -0.00320735]
171,0.17100000000000012,[-0.00651818 -0.05139936],[-0.07521418 -0.54381022],[-0.42518653 -1.97836254],[-0.21219934 -0.00323671]
172,0.17200000000000013,[-0.00659382 -0.05194515],[-0.07563937 -0.54578858],[-0.42501638 -1.96521656],[-0.2122214  -0.00326634]
173,0.17300000000000013,[-0.00666989 -0.0524929 ],[-0.07606438 -0.5477538 ],[-0.42484726 -1.95215087],[-0.21224337 -0.00329621]
174,0.17400000000000013,[-0.00674638 -0.0530426 ],[-0.07648923 -0.54970595],[-0.42467918 -1.93916516],[-0.21226524 -0.00332635]
175,0.17500000000000013,[-0.00682329 -0.05359425],[-0.07691391 -0.55164512],[-0.42451213 -1.92625916],[-0.21228701 -0.00335674]
176,0.17600000000000013,[-0.00690063 -0.05414782],[-0.07733842 -0.55357137],[-0.42434609 -1.91343255],[-0.21230869 -0.00338738]
177,0.17700000000000013,[-0.00697839 -0.05470331],[-0.07776277 -0.55548481],[-0.42418108 -1.90068502],[-0.21233026 -0.00341828]
178,0.17800000000000013,[-0.00705658 -0.05526069],[-0.07818695 -0.55738549],[-0.42401707 -1.88801627],[-0.21235174 -0.00344943]
179,0.17900000000000013,[-0.00713519 -0.05581997],[-0.07861097 -0.55927351],[-0.42385408 -1.87542596],[-0.21237313 -0.00348082]
180,0.18000000000000013,[-0.00721422 -0.05638111],[-0.07903482 -0.56114893],[-0.42369208 -1.86291379],[-0.21239441 -0.00351247]
181,0.18100000000000013,[-0.00729368 -0.05694413],[-0.07945851 -0.56301185],[-0.42353109 -1.85047942],[-0.2124156  -0.00354436]
182,0.18200000000000013,[-0.00737356 -0.05750899],[-0.07988204 -0.56486233],[-0.42337109 -1.83812251],[-0.21243669 -0.0035765 ]
183,0.18300000000000013,[-0.00745387 -0.05807569],[-0.08030541 -0.56670045],[-0.42321207 -1.82584273],[-0.21245768 -0.00360888]
184,0.18400000000000014,[-0.0075346  -0.05864421],[-0.08072863 -0.56852629],[-0.42305404 -1.81363973],[-0.21247857 -0.0036415 ]
185,0.18500000000000014,[-0.00761575 -0.05921455],[-0.08115168 -0.57033993],[-0.42289698 -1.80151318],[-0.21249937 -0.00367436]
186,0.18600000000000014,[-0.00769732 -0.0597867 ],[-0.08157458 -0.57214145],[-0.42274089 -1.78946271],[-0.21252007 -0.00370746]
187,0.18700000000000014,[-0.00777932 -0.06036063],[-0.08199732 -0.57393091],[-0.42258577 -1.77748799],[-0.21254067 -0.0037408 ]
188,0.18800000000000014,[-0.00786174 -0.06093634],[-0.0824199 -0.5757084],[-0.42243161 -1.76558865],[-0.21256117 -0.00377438]
189,0.18900000000000014,[-0.00794458 -0.06151381],[-0.08284234 -0.57747399],[-0.42227841 -1.75376433],[-0.21258157 -0.00380819]
190,0.19000000000000014,[-0.00802785 -0.06209304],[-0.08326461 -0.57922775],[-0.42212615 -1.74201468],[-0.21260188 -0.00384224]
191,0.19100000000000014,[-0.00811154 -0.06267401],[-0.08368674 -0.58096976],[-0.42197484 -1.73033933],[-0.21262208 -0.00387651]
192,0.19200000000000014,[-0.00819564 -0.06325671],[-0.08410872 -0.5827001 ],[-0.42182446 -1.71873791],[-0.21264219 -0.00391102]
193,0.19300000000000014,[-0.00828017 -0.06384113],[-0.08453054 -0.58441884],[-0.42167502 -1.70721007],[-0.2126622  -0.00394576]
194,0.19400000000000014,[-0.00836513 -0.06442725],[-0.08495221 -0.58612605],[-0.42152651 -1.69575542],[-0.21268212 -0.00398072]
195,0.19500000000000015,[-0.0084505  -0.06501507],[-0.08537374 -0.58782181],[-0.42137891 -1.6843736 ],[-0.21270193 -0.00401592]
196,0.19600000000000015,[-0.0085363  -0.06560458],[-0.08579512 -0.58950618],[-0.42123223 -1.67306424],[-0.21272165 -0.00405133]
197,0.19700000000000015,[-0.00862251 -0.06619576],[-0.08621635 -0.59117924],[-0.42108646 -1.66182696],[-0.21274126 -0.00408697]
198,0.19800000000000015,[-0.00870915 -0.0667886 ],[-0.08663744 -0.59284107],[-0.4209416  -1.65066139],[-0.21276078 -0.00412284]
199,0.19900000000000015,[-0.00879621 -0.06738309],[-0.08705838 -0.59449173],[-0.42079763 -1.63956715],[-0.2127802  -0.00415892]
200,0.20000000000000015,[-0.00888369 -0.06797922],[-0.08747918 -0.5961313 ],[-0.42065455 -1.62854386],[-0.21279952 -0.00419522]
201,0.20100000000000015,[-0.00897159 -0.06857698],[-0.08789983 -0.59775984],[-0.42051236 -1.61759114],[-0.21281874 -0.00423175]
202,0.20200000000000015,[-0.00905991 -0.06917636],[-0.08832034 -0.59937744],[-0.42037105 -1.60670863],[-0.21283786 -0.00426848]
203,0.20300000000000015,[-0.00914865 -0.06977734],[-0.08874072 -0.60098414],[-0.42023062 -1.59589593],[-0.21285689 -0.00430544]
204,0.20400000000000015,[-0.00923781 -0.07037992],[-0.08916095 -0.60258004],[-0.42009105 -1.58515267],[-0.21287581 -0.00434261]
205,0.20500000000000015,[-0.00932739 -0.07098409],[-0.08958104 -0.60416519],[-0.41995235 -1.57447847],[-0.21289464 -0.00437999]
206,0.20600000000000016,[-0.00941739 -0.07158983],[-0.09000099 -0.60573967],[-0.4198145  -1.56387295],[-0.21291337 -0.00441758]
207,0.20700000000000016,[-0.00950781 -0.07219713],[-0.0904208  -0.60730354],[-0.41967751 -1.55333573],[-0.212932   -0.00445538]
208,0.20800000000000016,[-0.00959865 -0.07280599],[-0.09084048 -0.60885688],[-0.41954136 -1.54286642],[-0.21295052 -0.00449339]
209,0.20900000000000016,[-0.00968991 -0.07341639],[-0.09126002 -0.61039975],[-0.41940605 -1.53246465],[-0.21296895 -0.00453161]
210,0.21000000000000016,[-0.00978159 -0.07402832],[-0.09167943 -0.61193221],[-0.41927158 -1.52213004],[-0.21298728 -0.00457004]
211,0.21100000000000016,[-0.00987369 -0.07464178],[-0.0920987  -0.61345434],[-0.41913793 -1.51186221],[-0.21300552 -0.00460867]
212,0.21200000000000016,[-0.00996621 -0.07525674],[-0.09251784 -0.6149662 ],[-0.41900511 -1.50166077],[-0.21302365 -0.0046475 ]
213,0.21300000000000016,[-0.01005914 -0.07587321],[-0.09293684 -0.61646786],[-0.4188731  -1.49152535],[-0.21304168 -0.00468653]
214,0.21400000000000016,[-0.0101525  -0.07649117],[-0.09335572 -0.61795939],[-0.4187419  -1.48145557],[-0.21305961 -0.00472577]
215,0.21500000000000016,[-0.01024627 -0.07711061],[-0.09377446 -0.61944084],[-0.41861151 -1.47145105],[-0.21307745 -0.0047652 ]
216,0.21600000000000016,[-0.01034047 -0.07773152],[-0.09419307 -0.6209123 ],[-0.41848191 -1.46151142],[-0.21309518 -0.00480484]
217,0.21700000000000016,[-0.01043508 -0.0783539 ],[-0.09461155 -0.62237381],[-0.41835312 -1.45163629],[-0.21311282 -0.00484467]
218,0.21800000000000017,[-0.01053011 -0.07897772],[-0.09502991 -0.62382544],[-0.4182251  -1.44182529],[-0.21313035 -0.00488469]
219,0.21900000000000017,[-0.01062556 -0.07960299],[-0.09544813 -0.62526727],[-0.41809787 -1.43207805],[-0.21314779 -0.00492491]
220,0.22000000000000017,[-0.01072142 -0.08022969],[-0.09586623 -0.62669935],[-0.41797142 -1.42239418],[-0.21316512 -0.00496532]
221,0.22100000000000017,[-0.01081771 -0.08085781],[-0.0962842  -0.62812174],[-0.41784573 -1.41277333],[-0.21318236 -0.00500593]
222,0.22200000000000017,[-0.01091441 -0.08148735],[-0.09670205 -0.62953451],[-0.41772082 -1.4032151 ],[-0.21319949 -0.00504672]
223,0.22300000000000017,[-0.01101153 -0.08211828],[-0.09711977 -0.63093773],[-0.41759666 -1.39371914],[-0.21321653 -0.00508771]
224,0.22400000000000017,[-0.01110907 -0.08275061],[-0.09753736 -0.63233145],[-0.41747325 -1.38428507],[-0.21323347 -0.00512888]
225,0.22500000000000017,[-0.01120702 -0.08338433],[-0.09795484 -0.63371573],[-0.41735059 -1.37491252],[-0.2132503  -0.00517024]
226,0.22600000000000017,[-0.01130539 -0.08401942],[-0.09837219 -0.63509065],[-0.41722867 -1.36560112],[-0.21326704 -0.00521178]
227,0.22700000000000017,[-0.01140418 -0.08465588],[-0.09878942 -0.63645625],[-0.41710749 -1.3563505 ],[-0.21328367 -0.00525351]
228,0.22800000000000017,[-0.01150339 -0.08529369],[-0.09920652 -0.6378126 ],[-0.41698704 -1.34716031],[-0.21330021 -0.00529542]
229,0.22900000000000018,[-0.01160301 -0.08593285],[-0.09962351 -0.63915976],[-0.41686732 -1.33803016],[-0.21331665 -0.00533752]
230,0.23000000000000018,[-0.01170305 -0.08657335],[-0.10004038 -0.64049779],[-0.41674832 -1.32895971],[-0.21333298 -0.00537979]
231,0.23100000000000018,[-0.01180351 -0.08721517],[-0.10045713 -0.64182675],[-0.41663003 -1.31994859],[-0.21334922 -0.00542224]
232,0.23200000000000018,[-0.01190438 -0.08785832],[-0.10087376 -0.6431467 ],[-0.41651245 -1.31099643],[-0.21336535 -0.00546487]
233,0.23300000000000018,[-0.01200568 -0.08850278],[-0.10129027 -0.64445769],[-0.41639557 -1.30210287],[-0.21338139 -0.00550768]
234,0.23400000000000018,[-0.01210738 -0.08914854],[-0.10170666 -0.6457598 ],[-0.41627939 -1.29326757],[-0.21339732 -0.00555067]
235,0.23500000000000018,[-0.0122095  -0.08979559],[-0.10212294 -0.64705306],[-0.4161639  -1.28449016],[-0.21341316 -0.00559383]
236,0.23600000000000018,[-0.01231204 -0.09044393],[-0.10253911 -0.64833755],[-0.4160491  -1.27577028],[-0.21342889 -0.00563716]
237,0.23700000000000018,[-0.012415   -0.09109354],[-0.10295516 -0.64961332],[-0.41593499 -1.26710758],[-0.21344452 -0.00568066]
238,0.23800000000000018,[-0.01251837 -0.09174442],[-0.10337109 -0.65088043],[-0.41582154 -1.25850171],[-0.21346006 -0.00572434]
239,0.23900000000000018,[-0.01262216 -0.09239656],[-0.10378691 -0.65213893],[-0.41570877 -1.24995232],[-0.21347549 -0.00576819]
240,0.24000000000000019,[-0.01272636 -0.09304995],[-0.10420262 -0.65338889],[-0.41559667 -1.24145906],[-0.21349082 -0.0058122 ]
241,0.2410000000000002,[-0.01283098 -0.09370458],[-0.10461822 -0.65463034],[-0.41548522 -1.23302158],[-0.21350605 -0.00585638]
242,0.2420000000000002,[-0.01293601 -0.09436044],[-0.1050337  -0.65586337],[-0.41537443 -1.22463953],[-0.21352118 -0.00590073]
243,0.2430000000000002,[-0.01304146 -0.09501753],[-0.10544908 -0.65708801],[-0.41526429 -1.21631257],[-0.21353621 -0.00594525]
244,0.2440000000000002,[-0.01314733 -0.09567584],[-0.10586434 -0.65830432],[-0.4151548  -1.20804036],[-0.21355114 -0.00598992]
245,0.2450000000000002,[-0.0132536  -0.09633535],[-0.1062795  -0.65951236],[-0.41504594 -1.19982255],[-0.21356597 -0.00603477]
246,0.2460000000000002,[-0.0133603  -0.09699606],[-0.10669454 -0.66071218],[-0.41493772 -1.19165881],[-0.21358069 -0.00607977]
247,0.2470000000000002,[-0.01346741 -0.09765796],[-0.10710948 -0.66190384],[-0.41483013 -1.18354879],[-0.21359532 -0.00612493]
248,0.2480000000000002,[-0.01357493 -0.09832105],[-0.10752431 -0.66308739],[-0.41472316 -1.17549216],[-0.21360984 -0.00617026]
249,0.2490000000000002,[-0.01368287 -0.09898532],[-0.10793903 -0.66426288],[-0.41461681 -1.16748859],[-0.21362427 -0.00621574]
250,0.25000000000000017,[-0.01379123 -0.09965075],[-0.10835365 -0.66543037],[-0.41451107 -1.15953773],[-0.21363859 -0.00626138]
251,0.25100000000000017,[-0.01389999 -0.10031734],[-0.10876816 -0.66658991],[-0.41440595 -1.15163927],[-0.21365281 -0.00630718]
252,0.25200000000000017,[-0.01400918 -0.10098508],[-0.10918257 -0.66774155],[-0.41430142 -1.14379286],[-0.21366693 -0.00635313]
253,0.25300000000000017,[-0.01411877 -0.10165396],[-0.10959687 -0.66888534],[-0.4141975  -1.13599818],[-0.21368095 -0.00639924]
254,0.25400000000000017,[-0.01422878 -0.10232398],[-0.11001107 -0.67002134],[-0.41409417 -1.1282549 ],[-0.21369487 -0.0064455 ]
255,0.25500000000000017,[-0.01433921 -0.10299513],[-0.11042516 -0.67114959],[-0.41399143 -1.1205627 ],[-0.21370869 -0.00649192]
256,0.25600000000000017,[-0.01445005 -0.1036674 ],[-0.11083915 -0.67227016],[-0.41388927 -1.11292126],[-0.2137224  -0.00653848]
257,0.2570000000000002,[-0.0145613  -0.10434079],[-0.11125304 -0.67338308],[-0.41378769 -1.10533025],[-0.21373602 -0.00658519]
258,0.2580000000000002,[-0.01467297 -0.10501527],[-0.11166683 -0.67448841],[-0.41368669 -1.09778936],[-0.21374953 -0.00663206]
259,0.2590000000000002,[-0.01478505 -0.10569086],[-0.11208052 -0.6755862 ],[-0.41358625 -1.09029825],[-0.21376294 -0.00667907]
260,0.2600000000000002,[-0.01489754 -0.10636754],[-0.1124941  -0.67667649],[-0.41348638 -1.08285663],[-0.21377625 -0.00672623]
261,0.2610000000000002,[-0.01501045 -0.1070453 ],[-0.11290759 -0.67775935],[-0.41338707 -1.07546417],[-0.21378946 -0.00677354]
262,0.2620000000000002,[-0.01512377 -0.10772413],[-0.11332098 -0.67883481],[-0.41328832 -1.06812056],[-0.21380257 -0.00682099]
263,0.2630000000000002,[-0.01523751 -0.10840403],[-0.11373426 -0.67990294],[-0.41319011 -1.06082549],[-0.21381558 -0.00686858]
264,0.2640000000000002,[-0.01535165 -0.109085  ],[-0.11414745 -0.68096376],[-0.41309245 -1.05357864],[-0.21382848 -0.00691632]
265,0.2650000000000002,[-0.01546621 -0.10976702],[-0.11456055 -0.68201734],[-0.41299534 -1.04637972],[-0.21384128 -0.0069642 ]
266,0.2660000000000002,[-0.01558119 -0.11045008],[-0.11497354 -0.68306372],[-0.41289875 -1.03922841],[-0.21385398 -0.00701222]
267,0.2670000000000002,[-0.01569657 -0.11113418],[-0.11538644 -0.68410295],[-0.4128027  -1.03212442],[-0.21386658 -0.00706038]
268,0.2680000000000002,[-0.01581237 -0.11181932],[-0.11579924 -0.68513507],[-0.41270718 -1.02506743],[-0.21387908 -0.00710868]
269,0.2690000000000002,[-0.01592859 -0.11250548],[-0.11621195 -0.68616014],[-0.41261218 -1.01805715],[-0.21389147 -0.00715712]
270,0.2700000000000002,[-0.01604521 -0.11319266],[-0.11662456 -0.6871782 ],[-0.4125177  -1.01109327],[-0.21390377 -0.00720569]
271,0.2710000000000002,[-0.01616225 -0.11388085],[-0.11703708 -0.68818929],[-0.41242373 -1.0041755 ],[-0.21391596 -0.0072544 ]
272,0.2720000000000002,[-0.0162797  -0.11457004],[-0.1174495  -0.68919347],[-0.41233027 -0.99730355],[-0.21392805 -0.00730325]
273,0.2730000000000002,[-0.01639756 -0.11526023],[-0.11786183 -0.69019077],[-0.41223732 -0.99047712],[-0.21394004 -0.00735223]
274,0.2740000000000002,[-0.01651583 -0.11595141],[-0.11827407 -0.69118125],[-0.41214486 -0.98369591],[-0.21395192 -0.00740134]
275,0.2750000000000002,[-0.01663452 -0.11664358],[-0.11868622 -0.69216494],[-0.41205291 -0.97695964],[-0.21396371 -0.00745059]
276,0.2760000000000002,[-0.01675362 -0.11733672],[-0.11909827 -0.6931419 ],[-0.41196144 -0.97026801],[-0.21397539 -0.00749997]
277,0.2770000000000002,[-0.01687313 -0.11803083],[-0.11951023 -0.69411217],[-0.41187046 -0.96362074],[-0.21398697 -0.00754948]
278,0.2780000000000002,[-0.01699305 -0.11872591],[-0.1199221  -0.69507579],[-0.41177996 -0.95701755],[-0.21399845 -0.00759911]
279,0.2790000000000002,[-0.01711338 -0.11942194],[-0.12033388 -0.69603281],[-0.41168994 -0.95045814],[-0.21400983 -0.00764888]
280,0.2800000000000002,[-0.01723413 -0.12011892],[-0.12074557 -0.69698327],[-0.4116004  -0.94394224],[-0.2140211  -0.00769877]
281,0.2810000000000002,[-0.01735529 -0.12081685],[-0.12115717 -0.69792721],[-0.41151133 -0.93746957],[-0.21403227 -0.0077488 ]
282,0.2820000000000002,[-0.01747685 -0.12151571],[-0.12156868 -0.69886468],[-0.41142272 -0.93103984],[-0.21404334 -0.00779894]
283,0.2830000000000002,[-0.01759883 -0.12221551],[-0.12198011 -0.69979572],[-0.41133457 -0.92465278],[-0.21405431 -0.00784922]
284,0.2840000000000002,[-0.01772123 -0.12291623],[-0.12239144 -0.70072037],[-0.41124688 -0.91830812],[-0.21406517 -0.00789961]
285,0.2850000000000002,[-0.01784403 -0.12361787],[-0.12280269 -0.70163868],[-0.41115964 -0.91200557],[-0.21407593 -0.00795013]
286,0.2860000000000002,[-0.01796724 -0.12432042],[-0.12321385 -0.70255068],[-0.41107285 -0.90574487],[-0.21408659 -0.00800077]
287,0.2870000000000002,[-0.01809087 -0.12502388],[-0.12362492 -0.70345643],[-0.41098651 -0.89952575],[-0.21409715 -0.00805154]
288,0.2880000000000002,[-0.0182149  -0.12572823],[-0.12403591 -0.70435595],[-0.41090061 -0.89334793],[-0.21410761 -0.00810242]
289,0.2890000000000002,[-0.01833935 -0.12643348],[-0.12444681 -0.7052493 ],[-0.41081515 -0.88721115],[-0.21411796 -0.00815343]
290,0.2900000000000002,[-0.01846421 -0.12713962],[-0.12485762 -0.70613651],[-0.41073011 -0.88111515],[-0.21412821 -0.00820455]
291,0.2910000000000002,[-0.01858948 -0.12784663],[-0.12526835 -0.70701763],[-0.41064551 -0.87505965],[-0.21413836 -0.00825579]
292,0.2920000000000002,[-0.01871515 -0.12855453],[-0.125679   -0.70789269],[-0.41056133 -0.8690444 ],[-0.2141484  -0.00830715]
293,0.2930000000000002,[-0.01884124 -0.12926329],[-0.12608956 -0.70876173],[-0.41047757 -0.86306914],[-0.21415834 -0.00835863]
294,0.2940000000000002,[-0.01896774 -0.12997291],[-0.12650004 -0.7096248 ],[0.14423382 9.20424172],[0. 0.]
295,0.2950000000000002,[-0.0190941  -0.13067333],[-0.1263558  -0.70042056],[0.14496101 9.25318069],[0. 0.]
296,0.2960000000000002,[-0.01922031 -0.1313645 ],[-0.12621084 -0.69116738],[0.14567779 9.30146274],[0. 0.]
297,0.2970000000000002,[-0.01934638 -0.13204637],[-0.12606516 -0.68186592],[0.14638416 9.34908487],[0. 0.]
298,0.2980000000000002,[-0.0194723  -0.13271888],[-0.12591878 -0.67251683],[0.14708009 9.39604412],[0. 0.]
299,0.2990000000000002,[-0.01959807 -0.13338201],[-0.1257717  -0.66312079],[0.14776555 9.44233756],[0. 0.]
300,0.3000000000000002,[-0.01972369 -0.13403568],[-0.12562393 -0.65367845],[0.14844054 9.48796233],[0. 0.]
301,0.3010000000000002,[-0.01984917 -0.13467987],[-0.12547549 -0.64419049],[0.14910502 9.53291562],[0. 0.]
302,0.3020000000000002,[-0.01997449 -0.13531453],[-0.12532639 -0.63465757],[0.14975898 9.57719465],[0. 0.]
303,0.3030000000000002,[-0.02009967 -0.13593961],[-0.12517663 -0.62508038],[0.15040241 9.62079669],[0. 0.]
304,0.3040000000000002,[-0.0202247  -0.13655507],[-0.12502623 -0.61545958],[0.15103527 9.66371907],[0. 0.]
305,0.3050000000000002,[-0.02034957 -0.13716087],[-0.12487519 -0.60579586],[0.15165757 9.70595915],[0. 0.]
306,0.3060000000000002,[-0.02047429 -0.13775696],[-0.12472353 -0.5960899 ],[0.15226928 9.74751435],[0. 0.]
307,0.3070000000000002,[-0.02059887 -0.1383433 ],[-0.12457126 -0.58634239],[0.15287038 9.78838214],[0. 0.]
308,0.3080000000000002,[-0.02072328 -0.13891985],[-0.12441839 -0.57655401],[0.15346087 9.82856002],[0. 0.]
309,0.3090000000000002,[-0.02084755 -0.13948658],[-0.12426493 -0.56672545],[0.15404072 9.86804555],[0. 0.]
310,0.3100000000000002,[-0.02097166 -0.14004344],[-0.12411089 -0.5568574 ],[0.15460993 9.90683634],[0. 0.]
311,0.3110000000000002,[-0.02109562 -0.14059039],[-0.12395628 -0.54695056],[0.15516847 9.94493003],[0. 0.]
312,0.3120000000000002,[-0.02121942 -0.14112739],[-0.12380111 -0.53700563],[0.15571635 9.98232432],[0. 0.]
313,0.3130000000000002,[-0.02134306 -0.14165442],[-0.1236454  -0.52702331],[ 0.15625354 10.01901695],[0. 0.]
314,0.3140000000000002,[-0.02146655 -0.14217142],[-0.12348914 -0.51700429],[ 0.15678004 10.05500571],[0. 0.]
315,0.3150000000000002,[-0.02158988 -0.14267837],[-0.12333236 -0.50694929],[ 0.15729583 10.09028845],[0. 0.]
316,0.3160000000000002,[-0.02171306 -0.14317523],[-0.12317507 -0.496859  ],[ 0.1578009  10.12486303],[0. 0.]
317,0.3170000000000002,[-0.02183608 -0.14366196],[-0.12301727 -0.48673414],[ 0.15829525 10.1587274 ],[0. 0.]
318,0.3180000000000002,[-0.02195894 -0.14413854],[-0.12285897 -0.47657541],[ 0.15877886 10.19187951],[0. 0.]
319,0.31900000000000023,[-0.02208164 -0.14460492],[-0.12270019 -0.46638353],[ 0.15925173 10.2243174 ],[0. 0.]
320,0.32000000000000023,[-0.02220418 -0.14506108],[-0.12254094 -0.45615921],[ 0.15971384 10.25603913],[0. 0.]
321,0.32100000000000023,[-0.02232656 -0.14550698],[-0.12238123 -0.44590317],[ 0.1601652  10.28704281],[0. 0.]
322,0.32200000000000023,[-0.02244878 -0.1459426 ],[-0.12222106 -0.43561613],[ 0.16060579 10.3173266 ],[0. 0.]
323,0.32300000000000023,[-0.02257084 -0.1463679 ],[-0.12206046 -0.4252988 ],[ 0.1610356 10.3468887],[0. 0.]
324,0.32400000000000023,[-0.02269274 -0.14678285],[-0.12189942 -0.41495191],[ 0.16145462 10.37572737],[0. 0.]
325,0.32500000000000023,[-0.02281448 -0.14718743],[-0.12173797 -0.40457619],[ 0.16186286 10.40384089],[0. 0.]
326,0.32600000000000023,[-0.02293605 -0.1475816 ],[-0.1215761  -0.39417235],[ 0.1622603 10.4312276],[0. 0.]
327,0.32700000000000023,[-0.02305747 -0.14796534],[-0.12141384 -0.38374112],[ 0.16264695 10.4578859 ],[0. 0.]
328,0.32800000000000024,[-0.02317872 -0.14833862],[-0.1212512  -0.37328323],[ 0.16302278 10.4838142 ],[0. 0.]
329,0.32900000000000024,[-0.02329981 -0.14870142],[-0.12108817 -0.36279942],[ 0.16338781 10.50901099],[0. 0.]
330,0.33000000000000024,[-0.02342073 -0.14905371],[-0.12092479 -0.35229041],[ 0.16374201 10.53347479],[0. 0.]
331,0.33100000000000024,[-0.02354149 -0.14939547],[-0.12076104 -0.34175693],[ 0.1640854  10.55720416],[0. 0.]
332,0.33200000000000024,[-0.02366209 -0.14972667],[-0.12059696 -0.33119973],[ 0.16441796 10.58019772],[0. 0.]
333,0.33300000000000024,[-0.02378252 -0.15004729],[-0.12043254 -0.32061953],[ 0.16473969 10.60245411],[0. 0.]
334,0.33400000000000024,[-0.02390279 -0.15035731],[-0.1202678  -0.31001708],[ 0.16505059 10.62397203],[0. 0.]
335,0.33500000000000024,[-0.02402289 -0.1506567 ],[-0.12010275 -0.2993931 ],[ 0.16535065 10.64475024],[0. 0.]
336,0.33600000000000024,[-0.02414283 -0.15094545],[-0.1199374  -0.28874835],[ 0.16563988 10.66478752],[0. 0.]
337,0.33700000000000024,[-0.0242626  -0.15122353],[-0.11977176 -0.27808357],[ 0.16591826 10.6840827 ],[0. 0.]
338,0.33800000000000024,[-0.02438221 -0.15149093],[-0.11960584 -0.26739948],[ 0.16618579 10.70263467],[0. 0.]
339,0.33900000000000025,[-0.02450165 -0.15174763],[-0.11943966 -0.25669685],[ 0.16644247 10.72044234],[0. 0.]
340,0.34000000000000025,[-0.02462092 -0.1519936 ],[-0.11927321 -0.24597641],[ 0.16668831 10.73750468],[0. 0.]
341,0.34100000000000025,[-0.02474003 -0.15222884],[-0.11910653 -0.2352389 ],[ 0.16692329 10.7538207 ],[0. 0.]
342,0.34200000000000025,[-0.02485897 -0.15245333],[-0.1189396  -0.22448508],[ 0.16714742 10.76938947],[0. 0.]
343,0.34300000000000025,[-0.02497774 -0.15266704],[-0.11877245 -0.21371569],[ 0.16736069 10.78421006],[0. 0.]
344,0.34400000000000025,[-0.02509634 -0.15286998],[-0.11860509 -0.20293148],[ 0.1675631  10.79828164],[0. 0.]
345,0.34500000000000025,[-0.02521478 -0.15306211],[-0.11843753 -0.1921332 ],[ 0.16775465 10.81160339],[0. 0.]
346,0.34600000000000025,[-0.02533305 -0.15324343],[-0.11826978 -0.1813216 ],[ 0.16793533 10.82417453],[0. 0.]
347,0.34700000000000025,[-0.02545115 -0.15341393],[-0.11810184 -0.17049742],[ 0.16810516 10.83599435],[0. 0.]
348,0.34800000000000025,[-0.02556909 -0.15357359],[-0.11793374 -0.15966143],[ 0.16826412 10.84706216],[0. 0.]
349,0.34900000000000025,[-0.02568685 -0.1537224 ],[-0.11776547 -0.14881437],[ 0.16841221 10.85737733],[0. 0.]
350,0.35000000000000026,[-0.02580445 -0.15386036],[-0.11759706 -0.13795699],[ 0.16854944 10.86693925],[0. 0.]
351,0.35100000000000026,[-0.02592188 -0.15398745],[-0.11742851 -0.12709005],[ 0.1686758 10.8757474],[0. 0.]
352,0.35200000000000026,[-0.02603914 -0.15410367],[-0.11725983 -0.1162143 ],[ 0.16879129 10.88380124],[0. 0.]
353,0.35300000000000026,[-0.02615623 -0.154209  ],[-0.11709104 -0.1053305 ],[ 0.16889592 10.89110033],[0. 0.]
354,0.35400000000000026,[-0.02627315 -0.15430344],[-0.11692215 -0.0944394 ],[ 0.16898967 10.89764425],[0. 0.]
355,0.35500000000000026,[-0.0263899  -0.15438698],[-0.11675316 -0.08354176],[ 0.16907255 10.90343261],[0. 0.]
356,0.35600000000000026,[-0.02650649 -0.15445962],[-0.11658408 -0.07263832],[ 0.16914456 10.9084651 ],[0. 0.]
357,0.35700000000000026,[-0.0266229  -0.15452135],[-0.11641494 -0.06172986],[ 0.1692057  10.91274141],[0. 0.]
358,0.35800000000000026,[-0.02673915 -0.15457216],[-0.11624573 -0.05081712],[ 0.16925597 10.91626131],[0. 0.]
359,0.35900000000000026,[-0.02685522 -0.15461206],[-0.11607648 -0.03990086],[ 0.16929537 10.91902459],[0. 0.]
360,0.36000000000000026,[-0.02697113 -0.15464105],[-0.11590718 -0.02898183],[ 0.1693239 10.9210311],[0. 0.]
361,0.36100000000000027,[-0.02708687 -0.15465911],[-0.11573786 -0.0180608 ],[ 0.16934156 10.92228073],[0. 0.]
362,0.36200000000000027,[-0.02720244 -0.15466624],[-0.11556852 -0.00713852],[ 0.16934834 10.92277339],[0. 0.]
363,0.36300000000000027,[-0.02731784 -0.15466246],[-0.11539917  0.00378425],[ 0.16934426 10.92250907],[0. 0.]
364,0.36400000000000027,[-0.02743307 -0.15464775],[-0.11522983  0.01470676],[ 0.1693293  10.92148778],[0. 0.]
365,0.36500000000000027,[-0.02754813 -0.15462213],[-0.1150605   0.02562825],[ 0.16930347 10.91970958],[0. 0.]
366,0.36600000000000027,[-0.02766302 -0.15458558],[-0.11489119  0.03654796],[ 0.16926677 10.91717457],[0. 0.]
367,0.36700000000000027,[-0.02777774 -0.15453811],[-0.11472193  0.04746513],[ 0.1692192  10.91388291],[0. 0.]
368,0.36800000000000027,[-0.02789229 -0.15447973],[-0.11455271  0.05837902],[ 0.16916076 10.90983477],[0. 0.]
369,0.36900000000000027,[-0.02800668 -0.15441044],[-0.11438355  0.06928885],[ 0.16909145 10.9050304 ],[0. 0.]
370,0.3700000000000003,[-0.02812089 -0.15433025],[-0.11421445  0.08019388],[ 0.16901128 10.89947007],[0. 0.]
371,0.3710000000000003,[-0.02823494 -0.15423916],[-0.11404544  0.09109335],[ 0.16892023 10.89315409],[0. 0.]
372,0.3720000000000003,[-0.02834881 -0.15413717],[-0.11387652  0.10198651],[ 0.16881832 10.88608285],[0. 0.]
373,0.3730000000000003,[-0.02846252 -0.1540243 ],[-0.1137077   0.11287259],[ 0.16870554 10.87825673],[0. 0.]
374,0.3740000000000003,[-0.02857606 -0.15390055],[-0.113539    0.12375085],[ 0.1685819 10.8696762],[0. 0.]
375,0.3750000000000003,[-0.02868943 -0.15376593],[-0.11337042  0.13462052],[ 0.16844739 10.86034175],[0. 0.]
376,0.3760000000000003,[-0.02880263 -0.15362045],[-0.11320197  0.14548086],[ 0.16830202 10.85025392],[0. 0.]
377,0.3770000000000003,[-0.02891567 -0.15346411],[-0.11303367  0.15633112],[ 0.16814579 10.83941328],[0. 0.]
378,0.3780000000000003,[-0.02902853 -0.15329694],[-0.11286552  0.16717053],[ 0.1679787  10.82782048],[0. 0.]
379,0.3790000000000003,[-0.02914123 -0.15311895],[-0.11269754  0.17799835],[ 0.16780075 10.81547616],[0. 0.]
380,0.3800000000000003,[-0.02925376 -0.15293013],[-0.11252974  0.18881383],[ 0.16761194 10.80238106],[0. 0.]
381,0.3810000000000003,[-0.02936612 -0.15273052],[-0.11236213  0.19961621],[ 0.16741227 10.78853592],[0. 0.]
382,0.3820000000000003,[-0.02947832 -0.15252011],[-0.11219472  0.21040475],[ 0.16720176 10.77394154],[0. 0.]
383,0.3830000000000003,[-0.02959034 -0.15229893],[-0.11202752  0.22117869],[ 0.16698039 10.75859878],[0. 0.]
384,0.3840000000000003,[-0.0297022  -0.15206699],[-0.11186054  0.23193729],[ 0.16674817 10.74250852],[0. 0.]
385,0.3850000000000003,[-0.0298139  -0.15182432],[-0.11169379  0.24267979],[ 0.1665051 10.7256717],[0. 0.]
386,0.3860000000000003,[-0.02992543 -0.15157091],[-0.11152728  0.25340547],[ 0.16625119 10.70808929],[0. 0.]
387,0.3870000000000003,[-0.03003679 -0.1513068 ],[-0.11136103  0.26411355],[ 0.16598644 10.68976231],[0. 0.]
388,0.3880000000000003,[-0.03014798 -0.15103199],[-0.11119504  0.27480332],[ 0.16571085 10.67069183],[0. 0.]
389,0.3890000000000003,[-0.03025901 -0.15074652],[-0.11102933  0.28547401],[ 0.16542442 10.65087896],[0. 0.]
390,0.3900000000000003,[-0.03036987 -0.15045039],[-0.11086391  0.29612489],[ 0.16512716 10.63032486],[0. 0.]
391,0.3910000000000003,[-0.03048057 -0.15014364],[-0.11069878  0.30675521],[ 0.16481907 10.60903071],[0. 0.]
392,0.3920000000000003,[-0.03059111 -0.14982627],[-0.11053396  0.31736424],[ 0.16450015 10.58699778],[0. 0.]
393,0.3930000000000003,[-0.03070148 -0.14949832],[-0.11036946  0.32795124],[ 0.16417042 10.56422734],[0. 0.]
394,0.3940000000000003,[-0.03081168 -0.14915981],[-0.11020529  0.33851547],[ 0.16382986 10.54072073],[0. 0.]
395,0.3950000000000003,[-0.03092172 -0.14881075],[-0.11004146  0.34905619],[ 0.16347849 10.51647933],[0. 0.]
396,0.3960000000000003,[-0.0310316  -0.14845118],[-0.10987798  0.35957267],[ 0.16311631 10.49150455],[0. 0.]
397,0.3970000000000003,[-0.03114132 -0.14808111],[-0.10971487  0.37006417],[ 0.16274333 10.46579787],[0. 0.]
398,0.3980000000000003,[-0.03125087 -0.14770058],[-0.10955212  0.38052997],[ 0.16235955 10.4393608 ],[0. 0.]
399,0.3990000000000003,[-0.03136026 -0.14730962],[-0.10938977  0.39096933],[ 0.16196498 10.41219489],[0. 0.]
400,0.4000000000000003,[-0.03146949 -0.14690823],[-0.1092278   0.40138153],[ 0.16155962 10.38430175],[0. 0.]
401,0.4010000000000003,[-0.03157855 -0.14649647],[-0.10906624  0.41176583],[ 0.16114348 10.35568303],[0. 0.]
402,0.4020000000000003,[-0.03168746 -0.14607435],[-0.1089051   0.42212151],[ 0.16071657 10.32634041],[0. 0.]
403,0.4030000000000003,[-0.0317962 -0.1456419],[-0.10874438  0.43244785],[ 0.16027889 10.29627564],[0. 0.]
404,0.4040000000000003,[-0.03190479 -0.14519915],[-0.1085841   0.44274413],[ 0.15983044 10.26549051],[0. 0.]
405,0.4050000000000003,[-0.03201321 -0.14474614],[-0.10842427  0.45300962],[ 0.15937125 10.23398683],[0. 0.]
406,0.4060000000000003,[-0.03212147 -0.1442829 ],[-0.1082649   0.46324361],[ 0.15890131 10.20176649],[0. 0.]
407,0.4070000000000003,[-0.03222958 -0.14380946],[-0.108106    0.47344537],[ 0.15842064 10.1688314 ],[0. 0.]
408,0.4080000000000003,[-0.03233753 -0.14332584],[-0.10794758  0.4836142 ],[ 0.15792924 10.13518354],[0. 0.]
409,0.4090000000000003,[-0.03244532 -0.14283209],[-0.10778965  0.49374939],[ 0.15742712 10.10082492],[0. 0.]
410,0.4100000000000003,[-0.03255295 -0.14232824],[-0.10763222  0.50385021],[ 0.1569143  10.06575759],[0. 0.]
411,0.4110000000000003,[-0.03266043 -0.14181433],[-0.10747531  0.51391597],[ 0.15639078 10.02998366],[0. 0.]
412,0.4120000000000003,[-0.03276774 -0.14129038],[-0.10731892  0.52394595],[0.15585657 9.99350528],[0. 0.]
413,0.4130000000000003,[-0.03287491 -0.14075644],[-0.10716306  0.53393946],[0.15531168 9.95632465],[0. 0.]
414,0.4140000000000003,[-0.03298192 -0.14021254],[-0.10700775  0.54389578],[0.15475614 9.91844401],[0. 0.]
415,0.4150000000000003,[-0.03308877 -0.13965873],[-0.10685299  0.55381423],[0.15418994 9.87986565],[0. 0.]
416,0.4160000000000003,[-0.03319547 -0.13909504],[-0.1066988   0.56369409],[0.1536131  9.84059191],[0. 0.]
417,0.4170000000000003,[-0.03330201 -0.1385215 ],[-0.10654519  0.57353468],[0.15302564 9.80062517],[0. 0.]
418,0.4180000000000003,[-0.0334084  -0.13793817],[-0.10639216  0.58333531],[0.15242757 9.75996786],[0. 0.]
419,0.4190000000000003,[-0.03351464 -0.13734507],[-0.10623974  0.59309528],[0.1518189  9.71862245],[0. 0.]
420,0.4200000000000003,[-0.03362073 -0.13674226],[-0.10608792  0.6028139 ],[0.15119966 9.67659148],[0. 0.]
421,0.4210000000000003,[-0.03372667 -0.13612977],[-0.10593672  0.61249049],[0.15056985 9.6338775 ],[0. 0.]
422,0.4220000000000003,[-0.03383245 -0.13550764],[-0.10578615  0.62212437],[0.14992949 9.59048314],[0. 0.]
423,0.4230000000000003,[-0.03393809 -0.13487593],[-0.10563622  0.63171485],[0.1492786  9.54641107],[0. 0.]
424,0.4240000000000003,[-0.03404358 -0.13423467],[-0.10548694  0.64126126],[0.14861719 9.50166398],[0. 0.]
425,0.4250000000000003,[-0.03414892 -0.1335839 ],[-0.10533832  0.65076293],[0.1479453  9.45624464],[0. 0.]
426,0.4260000000000003,[-0.03425411 -0.13292368],[-0.10519038  0.66021917],[0.14726292 9.41015586],[0. 0.]
427,0.4270000000000003,[-0.03435915 -0.13225405],[-0.10504311  0.66962933],[0.1465701  9.36340049],[0. 0.]
428,0.4280000000000003,[-0.03446405 -0.13157506],[-0.10489654  0.67899273],[0.14586684 9.31598143],[0. 0.]
429,0.4290000000000003,[-0.0345688  -0.13088675],[-0.10475068  0.68830871],[0.14515316 9.26790162],[0. 0.]
430,0.4300000000000003,[-0.0346734  -0.13018918],[-0.10460552  0.69757661],[0.1444291  9.21916406],[0. 0.]
431,0.4310000000000003,[-0.03477786 -0.12948238],[-0.10446109  0.70679577],[0.14369467 9.1697718 ],[0. 0.]
432,0.43200000000000033,[-0.03488218 -0.12876642],[-0.1043174   0.71596555],[0.1429499  9.11972791],[0. 0.]
433,0.43300000000000033,[-0.03498636 -0.12804133],[-0.10417445  0.72508527],[0.14219481 9.06903555],[0. 0.]
434,0.43400000000000033,[-0.03509039 -0.12730718],[-0.10403226  0.73415431],[0.14142943 9.01769789],[0. 0.]
435,0.43500000000000033,[-0.03519428 -0.126564  ],[-0.10389083  0.74317201],[0.14065378 8.96571817],[0. 0.]
436,0.43600000000000033,[-0.03529803 -0.12581187],[-0.10375017  0.75213773],[0.13986789 8.91309967],[0. 0.]
437,0.43700000000000033,[-0.03540164 -0.12505082],[-0.1036103   0.76105083],[0.13907179 8.85984571],[0. 0.]
438,0.43800000000000033,[-0.03550511 -0.1242809 ],[-0.10347123  0.76991067],[0.13826551 8.80595967],[0. 0.]
439,0.43900000000000033,[-0.03560844 -0.12350219],[-0.10333297  0.77871663],[0.13744909 8.75144498],[0. 0.]
440,0.44000000000000034,[-0.03571164 -0.12271472],[-0.10319552  0.78746808],[0.13662254 8.6963051 ],[0. 0.]
441,0.44100000000000034,[-0.0358147  -0.12191856],[-0.1030589   0.79616438],[0.1357859  8.64054355],[0. 0.]
442,0.44200000000000034,[-0.03591762 -0.12111375],[-0.10292311  0.80480492],[0.13493921 8.5841639 ],[0. 0.]
443,0.44300000000000034,[-0.03602041 -0.12030036],[-0.10278817  0.81338909],[0.1340825  8.52716977],[0. 0.]
444,0.44400000000000034,[-0.03612306 -0.11947845],[-0.10265409  0.82191626],[0.1332158  8.46956481],[0. 0.]
445,0.44500000000000034,[-0.03622558 -0.11864806],[-0.10252087  0.83038582],[0.13233915 8.41135274],[0. 0.]
446,0.44600000000000034,[-0.03632797 -0.11780926],[-0.10238853  0.83879718],[0.13145259 8.3525373 ],[0. 0.]
447,0.44700000000000034,[-0.03643023 -0.11696211],[-0.10225708  0.84714971],[0.13055615 8.29312232],[0. 0.]
448,0.44800000000000034,[-0.03653236 -0.11610667],[-0.10212652  0.85544284],[0.12964988 8.23311163],[0. 0.]
449,0.44900000000000034,[-0.03663435 -0.11524299],[-0.10199687  0.86367595],[0.12873381 8.17250913],[0. 0.]
450,0.45000000000000034,[-0.03673622 -0.11437115],[-0.10186814  0.87184846],[0.12780799 8.11131878],[0. 0.]
451,0.45100000000000035,[-0.03683796 -0.11349119],[-0.10174033  0.87995978],[0.12687245 8.04954457],[0. 0.]
452,0.45200000000000035,[-0.03693957 -0.11260318],[-0.10161346  0.88800932],[0.12592725 7.98719054],[0. 0.]
453,0.45300000000000035,[-0.03704106 -0.11170718],[-0.10148753  0.89599651],[0.12497242 7.92426078],[0. 0.]
454,0.45400000000000035,[-0.03714243 -0.11080326],[-0.10136256  0.90392077],[0.12400801 7.86075942],[0. 0.]
455,0.45500000000000035,[-0.03724366 -0.10989148],[-0.10123855  0.91178153],[0.12303407 7.79669065],[0. 0.]
456,0.45600000000000035,[-0.03734478 -0.1089719 ],[-0.10111552  0.91957822],[0.12205065 7.7320587 ],[0. 0.]
457,0.45700000000000035,[-0.03744577 -0.10804459],[-0.10099347  0.92731028],[0.12105779 7.66686785],[0. 0.]
458,0.45800000000000035,[-0.03754665 -0.10710961],[-0.10087241  0.93497715],[0.12005554 7.60112242],[0. 0.]
459,0.45900000000000035,[-0.0376474  -0.10616703],[-0.10075235  0.94257827],[0.11904397 7.53482677],[0. 0.]
460,0.46000000000000035,[-0.03774803 -0.10521692],[-0.10063331  0.9501131 ],[0.11802311 7.46798534],[0. 0.]
461,0.46100000000000035,[-0.03784855 -0.10425934],[-0.10051529  0.95758108],[0.11699302 7.40060257],[0. 0.]
462,0.46200000000000035,[-0.03794894 -0.10329436],[-0.10039829  0.96498168],[0.11595377 7.33268299],[0. 0.]
463,0.46300000000000036,[-0.03804923 -0.10232204],[-0.10028234  0.97231437],[0.11490539 7.26423114],[0. 0.]
464,0.46400000000000036,[-0.03814939 -0.10134246],[-0.10016744  0.9795786 ],[0.11384796 7.19525163],[0. 0.]
465,0.46500000000000036,[-0.03824945 -0.10035569],[-0.10005359  0.98677385],[0.11278153 7.12574911],[0. 0.]
466,0.46600000000000036,[-0.03834939 -0.09936179],[-0.09994081  0.9938996 ],[0.11170616 7.05572828],[0. 0.]
467,0.46700000000000036,[-0.03844922 -0.09836084],[-0.0998291   1.00095533],[0.11062191 6.98519386],[0. 0.]
468,0.46800000000000036,[-0.03854894 -0.0973529 ],[-0.09971848  1.00794052],[0.10952884 6.91415064],[0. 0.]
469,0.46900000000000036,[-0.03864854 -0.09633804],[-0.09960895  1.01485467],[0.10842702 6.84260346],[0. 0.]
470,0.47000000000000036,[-0.03874805 -0.09531634],[-0.09950052  1.02169728],[0.10731651 6.77055719],[0. 0.]
471,0.47100000000000036,[-0.03884744 -0.09428788],[-0.09939321  1.02846783],[0.10619738 6.69801674],[0. 0.]
472,0.47200000000000036,[-0.03894673 -0.09325271],[-0.09928701  1.03516585],[0.1050697  6.62498709],[0. 0.]
473,0.47300000000000036,[-0.03904591 -0.09221092],[-0.09918194  1.04179084],[0.10393353 6.55147323],[0. 0.]
474,0.47400000000000037,[-0.03914499 -0.09116258],[-0.099078    1.04834231],[0.10278894 6.47748023],[0. 0.]
475,0.47500000000000037,[-0.03924396 -0.09010776],[-0.09897522  1.05481979],[0.10163601 6.40301316],[0. 0.]
476,0.47600000000000037,[-0.03934283 -0.08904653],[-0.09887358  1.0612228 ],[0.10047481 6.32807718],[0. 0.]
477,0.47700000000000037,[-0.03944161 -0.08797898],[-0.0987731   1.06755088],[0.0993054  6.25267747],[0. 0.]
478,0.47800000000000037,[-0.03954028 -0.08690518],[-0.0986738   1.07380356],[0.09812788 6.17681925],[0. 0.]
479,0.47900000000000037,[-0.03963886 -0.0858252 ],[-0.09857567  1.07998038],[0.0969423  6.10050778],[0. 0.]
480,0.48000000000000037,[-0.03973734 -0.08473912],[-0.09847873  1.08608089],[0.09574876 6.02374838],[0. 0.]
481,0.48100000000000037,[-0.03983572 -0.08364701],[-0.09838298  1.09210463],[0.09454732 5.9465464 ],[0. 0.]
482,0.4820000000000004,[-0.03993401 -0.08254896],[-0.09828843  1.09805118],[0.09333808 5.86890724],[0. 0.]
483,0.4830000000000004,[-0.0400322  -0.08144504],[-0.0981951   1.10392009],[0.0921211  5.79083632],[0. 0.]
484,0.4840000000000004,[-0.04013031 -0.08033533],[-0.09810297  1.10971092],[0.09089648 5.71233912],[0. 0.]
485,0.4850000000000004,[-0.04022832 -0.07921991],[-0.09801208  1.11542326],[0.08966429 5.63342117],[0. 0.]
486,0.4860000000000004,[-0.04032624 -0.07809885],[-0.09792241  1.12105668],[0.08842462 5.55408801],[0. 0.]
487,0.4870000000000004,[-0.04042407 -0.07697224],[-0.09783399  1.12661077],[0.08717757 5.47434524],[0. 0.]
488,0.4880000000000004,[-0.04052182 -0.07584016],[-0.09774681  1.13208512],[0.08592321 5.3941985 ],[0. 0.]
489,0.4890000000000004,[-0.04061948 -0.07470268],[-0.09766089  1.13747932],[0.08466163 5.31365347],[0. 0.]
490,0.4900000000000004,[-0.04071706 -0.07355988],[-0.09757623  1.14279297],[0.08339293 5.23271585],[0. 0.]
491,0.4910000000000004,[-0.04081455 -0.07241186],[-0.09749283  1.14802569],[0.08211719 5.15139141],[0. 0.]
492,0.4920000000000004,[-0.04091196 -0.07125868],[-0.09741072  1.15317708],[0.08083452 5.06968593],[0. 0.]
493,0.4930000000000004,[-0.04100929 -0.07010043],[-0.09732988  1.15824676],[0.07954499 4.98760524],[0. 0.]
494,0.4940000000000004,[-0.04110654 -0.0689372 ],[-0.09725034  1.16323437],[  -2.54524552 -136.48336434],[-0.22067309 -0.16133221]
495,0.4950000000000004,[-0.04120634 -0.06791045],[-0.09979558  1.026751  ],[  -2.46096083 -131.08105568],[-0.22056529 -0.1549472 ]
496,0.4960000000000004,[-0.04130859 -0.06701478],[-0.10225654  0.89566995],[  -2.37970891 -125.87785197],[-0.22046138 -0.14880607]
497,0.4970000000000004,[-0.04141323 -0.06624499],[-0.10463625  0.7697921 ],[  -2.30138999 -120.86659324],[-0.22036123 -0.14289991]
498,0.4980000000000004,[-0.04152017 -0.06559606],[-0.10693764  0.6489255 ],[  -2.22590635 -116.04036372],[-0.2202647  -0.13722012]
499,0.4990000000000004,[-0.04162933 -0.06506318],[-0.10916355  0.53288514],[  -2.15316253 -111.39248521],[-0.22017165 -0.13175841]
500,0.5000000000000003,[-0.04174065 -0.06464168],[-0.11131671  0.42149265],[  -2.08306533 -106.91651044],[-0.22008195 -0.12650681]
501,0.5010000000000003,[-0.04185405 -0.06432711],[-0.11339978  0.31457614],[  -2.015524   -102.60621644],[-0.21999548 -0.12145759]
502,0.5020000000000003,[-0.04196946 -0.06411514],[-0.1154153   0.21196993],[ -1.95045019 -98.45559784],[-0.21991211 -0.11660336]
503,0.5030000000000003,[-0.04208683 -0.06400162],[-0.11736575  0.11351433],[ -1.88775805 -94.4588603 ],[-0.21983174 -0.11193695]
504,0.5040000000000003,[-0.04220608 -0.06398257],[-0.11925351  0.01905547],[ -1.82736424 -90.61041394],[-0.21975424 -0.10745146]
505,0.5050000000000003,[-0.04232716 -0.06405412],[-0.12108087 -0.07155495],[ -1.76918788 -86.90486689],[-0.21967951 -0.10314026]
506,0.5060000000000003,[-0.04245001 -0.06421258],[-0.12285006 -0.15845981],[ -1.71315061 -83.33701894],[-0.21960744 -0.09899693]
507,0.5070000000000003,[-0.04257458 -0.06445438],[-0.12456321 -0.24179683],[ -1.65917651 -79.90185526],[-0.21953793 -0.09501531]
508,0.5080000000000003,[-0.0427008  -0.06477608],[-0.12622239 -0.32169869],[ -1.60719209 -76.59454031],[-0.21947089 -0.09118945]
509,0.5090000000000003,[-0.04282863 -0.06517437],[-0.12782958 -0.39829323],[ -1.55712628 -73.41041184],[-0.21940621 -0.08751362]
510,0.5100000000000003,[-0.04295801 -0.06564607],[-0.12938671 -0.47170364],[ -1.50891033 -70.34497504],[-0.21934382 -0.08398229]
511,0.5110000000000003,[-0.04308891 -0.06618812],[-0.13089562 -0.54204861],[ -1.46247781 -67.39389684],[-0.21928361 -0.08059015]
512,0.5120000000000003,[-0.04322127 -0.06679757],[-0.13235809 -0.60944251],[ -1.41776455 -64.55300038],[-0.21922551 -0.07733207]
513,0.5130000000000003,[-0.04335504 -0.06747156],[-0.13377586 -0.67399551],[ -1.37470854 -61.81825956],[-0.21916943 -0.0742031 ]
514,0.5140000000000003,[-0.04349019 -0.06820737],[-0.13515057 -0.73581377],[ -1.33324995 -59.18579384],[-0.21911531 -0.07119849]
515,0.5150000000000003,[-0.04362668 -0.06900237],[-0.13648382 -0.79499956],[ -1.29333102 -56.65186315],[-0.21906305 -0.06831364]
516,0.5160000000000003,[-0.04376446 -0.06985403],[-0.13777715 -0.85165143],[ -1.254896  -54.2128629],[-0.21901258 -0.06554414]
517,0.5170000000000003,[-0.04390349 -0.07075989],[-0.13903204 -0.90586429],[ -1.21789111 -51.86531925],[-0.21896385 -0.06288573]
518,0.5180000000000003,[-0.04404374 -0.07171762],[-0.14024994 -0.95772961],[ -1.18226448 -49.60588442],[-0.21891677 -0.06033431]
519,0.5190000000000003,[-0.04418517 -0.07272496],[-0.1414322  -1.00733549],[ -1.14796607 -47.43133226],[-0.21887129 -0.05788592]
520,0.5200000000000004,[-0.04432775 -0.07377972],[-0.14258017 -1.05476683],[ -1.11494766 -45.33855385],[-0.21882734 -0.05553675]
521,0.5210000000000004,[-0.04447145 -0.07487983],[-0.14369511 -1.10010538],[ -1.0831627  -43.32455333],[-0.21878486 -0.05328313]
522,0.5220000000000004,[-0.04461622 -0.07602326],[-0.14477828 -1.14342993],[ -1.05256637 -41.38644387],[-0.21874379 -0.05112153]
523,0.5230000000000004,[-0.04476205 -0.07720807],[-0.14583084 -1.18481638],[ -1.02311542 -39.52144368],[-0.21870407 -0.04904854]
524,0.5240000000000004,[-0.04490891 -0.07843241],[-0.14685396 -1.22433782],[ -0.99476819 -37.72687227],[-0.21866566 -0.04706088]
525,0.5250000000000004,[-0.04505676 -0.07969448],[-0.14784873 -1.26206469],[ -0.9674845 -36.0001468],[-0.21862849 -0.04515538]
526,0.5260000000000004,[-0.04520557 -0.08099254],[-0.14881621 -1.29806484],[ -0.94122563 -34.33877851],[-0.21859253 -0.04332899]
527,0.5270000000000004,[-0.04535533 -0.08232494],[-0.14975744 -1.33240362],[ -0.91595427 -32.74036934],[-0.21855771 -0.04157879]
528,0.5280000000000004,[-0.045506   -0.08369009],[-0.15067339 -1.36514399],[ -0.89163447 -31.20260866],[-0.21852399 -0.03990195]
529,0.5290000000000004,[-0.04565757 -0.08508644],[-0.15156502 -1.3963466 ],[ -0.86823156 -29.72327005],[-0.21849133 -0.03829573]
530,0.5300000000000004,[-0.04581    -0.08651251],[-0.15243326 -1.42606987],[ -0.84571214 -28.30020828],[-0.21845969 -0.03675751]
531,0.5310000000000004,[-0.04596328 -0.08796688],[-0.15327897 -1.45437008],[ -0.82404402 -26.93135636],[-0.21842901 -0.03528477]
532,0.5320000000000004,[-0.04611738 -0.08944818],[-0.15410301 -1.48130143],[ -0.80319619 -25.61472266],[-0.21839927 -0.03387506]
533,0.5330000000000004,[-0.04627229 -0.09095509],[-0.15490621 -1.50691615],[ -0.78313876 -24.34838822],[-0.21837042 -0.03252605]
534,0.5340000000000004,[-0.04642798 -0.09248636],[-0.15568935 -1.53126454],[ -0.76384291 -23.13050406],[-0.21834243 -0.03123546]
535,0.5350000000000004,[-0.04658443 -0.09404075],[-0.15645319 -1.55439505],[ -0.74528089 -21.95928866],[-0.21831525 -0.03000112]
536,0.5360000000000004,[-0.04674163 -0.09561711],[-0.15719847 -1.57635433],[ -0.72742594 -20.8330255 ],[-0.21828886 -0.02882094]
537,0.5370000000000004,[-0.04689956 -0.09721429],[-0.1579259  -1.59718736],[ -0.71025228 -19.75006068],[-0.21826322 -0.02769287]
538,0.5380000000000004,[-0.04705819 -0.09883123],[-0.15863615 -1.61693742],[ -0.69373506 -18.70880065],[-0.21823829 -0.02661499]
539,0.5390000000000004,[-0.04721752 -0.10046688],[-0.15932988 -1.63564622],[ -0.67785035 -17.70771001],[-0.21821406 -0.02558541]
540,0.5400000000000004,[-0.04737753 -0.10212023],[-0.16000773 -1.65335393],[ -0.66257507 -16.74530939],[-0.21819047 -0.02460232]
541,0.5410000000000004,[-0.0475382  -0.10379033],[-0.16067031 -1.67009924],[ -0.64788697 -15.8201734 ],[-0.21816752 -0.02366399]
542,0.5420000000000004,[-0.04769952 -0.10547625],[-0.1613182  -1.68591941],[ -0.63376462 -14.93092869],[-0.21814517 -0.02276873]
543,0.5430000000000004,[-0.04786147 -0.1071771 ],[-0.16195196 -1.70085034],[ -0.62018738 -14.07625202],[-0.21812339 -0.02191492]
544,0.5440000000000004,[-0.04802404 -0.10889203],[-0.16257215 -1.7149266 ],[ -0.60713532 -13.25486845],[-0.21810216 -0.02110101]
545,0.5450000000000004,[-0.04818722 -0.11062021],[-0.16317928 -1.72818146],[ -0.59458927 -12.46554959],[-0.21808145 -0.0203255 ]
546,0.5460000000000004,[-0.048351   -0.11236086],[-0.16377387 -1.74064701],[ -0.58253073 -11.70711188],[-0.21806124 -0.01958695]
547,0.5470000000000004,[-0.04851535 -0.11411321],[-0.1643564  -1.75235413],[ -0.57094189 -10.97841497],[-0.2180415  -0.01888396]
548,0.5480000000000004,[-0.04868028 -0.11587654],[-0.16492735 -1.76333254],[ -0.55980555 -10.27836017],[-0.21802221 -0.01821518]
549,0.5490000000000004,[-0.04884577 -0.11765015],[-0.16548715 -1.7736109 ],[-0.54910517 -9.60588888],[-0.21800336 -0.01757933]
550,0.5500000000000004,[-0.0490118  -0.11943337],[-0.16603626 -1.78321679],[-0.53882479 -8.95998117],[-0.21798492 -0.01697517]
551,0.5510000000000004,[-0.04917838 -0.12122555],[-0.16657508 -1.79217677],[-0.52894903 -8.33965435],[-0.21796686 -0.01640149]
552,0.5520000000000004,[-0.04934548 -0.12302606],[-0.16710403 -1.80051642],[-0.51946307 -7.74396163],[-0.21794918 -0.01585714]
553,0.5530000000000004,[-0.04951311 -0.12483432],[-0.16762349 -1.80826039],[-0.5103526 -7.1719908],[-0.21793185 -0.015341  ]
554,0.5540000000000004,[-0.04968124 -0.12664976],[-0.16813385 -1.81543238],[-0.50160387 -6.62286299],[-0.21791485 -0.01485201]
555,0.5550000000000004,[-0.04984988 -0.12847181],[-0.16863545 -1.82205524],[-0.4932036  -6.09573141],[-0.21789818 -0.01438913]
556,0.5560000000000004,[-0.050019   -0.13029996],[-0.16912865 -1.82815097],[-0.48513898 -5.58978025],[-0.2178818  -0.01395136]
557,0.5570000000000004,[-0.05018862 -0.1321337 ],[-0.16961379 -1.83374075],[-0.4773977  -5.10422348],[-0.21786571 -0.01353776]
558,0.5580000000000004,[-0.05035871 -0.13397255],[-0.17009119 -1.83884498],[-0.46996785 -4.63830383],[-0.21784989 -0.01314739]
559,0.5590000000000004,[-0.05052927 -0.13581603],[-0.17056116 -1.84348328],[-0.46283798 -4.19129169],[-0.21783432 -0.01277937]
560,0.5600000000000004,[-0.0507003  -0.13766371],[-0.171024   -1.84767457],[-0.45599705 -3.76248414],[-0.21781899 -0.01243285]
561,0.5610000000000004,[-0.05087178 -0.13951514],[-0.17147999 -1.85143705],[-0.4494344  -3.35120395],[-0.21780389 -0.01210699]
562,0.5620000000000004,[-0.0510437  -0.14136993],[-0.17192943 -1.85478826],[-0.44313978 -2.95679867],[-0.217789   -0.01180101]
563,0.5630000000000004,[-0.05121608 -0.14322768],[-0.17237257 -1.85774506],[-0.4371033  -2.57863971],[-0.21777431 -0.01151413]
564,0.5640000000000004,[-0.05138889 -0.145088  ],[-0.17280967 -1.8603237 ],[-0.43131541 -2.21612148],[-0.21775981 -0.01124563]
565,0.5650000000000004,[-0.05156213 -0.14695054],[-0.17324099 -1.86253982],[-0.42576694 -1.86866055],[-0.21774549 -0.01099478]
566,0.5660000000000004,[-0.05173579 -0.14881495],[-0.17366675 -1.86440848],[-0.42044901 -1.53569484],[-0.21773133 -0.01076092]
567,0.5670000000000004,[-0.05190988 -0.15068089],[-0.1740872  -1.86594417],[-0.4153531  -1.21668284],[-0.21771732 -0.01054338]
568,0.5680000000000004,[-0.05208438 -0.15254805],[-0.17450256 -1.86716086],[-0.41047097 -0.91110288],[-0.21770346 -0.01034152]
569,0.5690000000000004,[-0.0522593  -0.15441613],[-0.17491303 -1.86807196],[-0.4057947  -0.61845237],[-0.21768973 -0.01015475]
570,0.5700000000000004,[-0.05243462 -0.15628482],[-0.17531882 -1.86869041],[-0.40131662 -0.33824716],[-0.21767613 -0.00998246]
571,0.5710000000000004,[-0.05261034 -0.15815384],[-0.17572014 -1.86902866],[-0.39702939 -0.07002081],[-0.21766264 -0.00982409]
572,0.5720000000000004,[-0.05278645 -0.16002294],[-0.17611717 -1.86909868],[-0.39292588  0.18667602],[-0.21764925 -0.0096791 ]
573,0.5730000000000004,[-0.05296296 -0.16189186],[-0.17651009 -1.868912  ],[-0.38899926  0.43227619],[-0.21763596 -0.00954696]
574,0.5740000000000004,[-0.05313986 -0.16376033],[-0.17689909 -1.86847973],[-0.38524293  0.66719672],[-0.21762275 -0.00942716]
575,0.5750000000000004,[-0.05331715 -0.16562815],[-0.17728434 -1.86781253],[-0.38165052  0.8918393 ],[-0.21760963 -0.00931923]
576,0.5760000000000004,[-0.05349481 -0.16749507],[-0.17766599 -1.86692069],[-0.37821591  1.10659092],[-0.21759657 -0.00922268]
577,0.5770000000000004,[-0.05367286 -0.16936088],[-0.1780442 -1.8658141],[-0.37493318  1.31182436],[-0.21758358 -0.00913707]
578,0.5780000000000004,[-0.05385128 -0.17122538],[-0.17841913 -1.86450228],[-0.37179665  1.50789872],[-0.21757065 -0.00906197]
579,0.5790000000000004,[-0.05403007 -0.17308838],[-0.17879093 -1.86299438],[-0.36880083  1.69515993],[-0.21755777 -0.00899695]
580,0.5800000000000004,[-0.05420923 -0.17494968],[-0.17915973 -1.86129922],[-0.36594043  1.8739412 ],[-0.21754493 -0.00894161]
581,0.5810000000000004,[-0.05438875 -0.1768091 ],[-0.17952567 -1.85942528],[-0.36321034  2.04456352],[-0.21753212 -0.00889557]
582,0.5820000000000004,[-0.05456864 -0.17866648],[-0.17988888 -1.85738071],[-0.36060566  2.20733608],[-0.21751935 -0.00885844]
583,0.5830000000000004,[-0.05474889 -0.18052166],[-0.18024949 -1.85517338],[-0.35812166  2.36255672],[-0.21750659 -0.00882987]
584,0.5840000000000004,[-0.0549295  -0.18237447],[-0.18060761 -1.85281082],[-0.35575376  2.51051232],[-0.21749386 -0.00880952]
585,0.5850000000000004,[-0.05511046 -0.18422477],[-0.18096336 -1.85030031],[-0.35349758  2.65147922],[-0.21748114 -0.00879704]
586,0.5860000000000004,[-0.05529178 -0.18607242],[-0.18131686 -1.84764883],[-0.35134888  2.7857236 ],[-0.21746843 -0.00879213]
587,0.5870000000000004,[-0.05547345 -0.18791728],[-0.18166821 -1.84486311],[-0.34930356  2.91350185],[-0.21745572 -0.00879446]
588,0.5880000000000004,[-0.05565546 -0.18975923],[-0.18201751 -1.8419496 ],[-0.34735771  3.0350609 ],[-0.217443   -0.00880374]
589,0.5890000000000004,[-0.05583783 -0.19159814],[-0.18236487 -1.83891454],[-0.34550752  3.15063863],[-0.21743028 -0.00881968]
590,0.5900000000000004,[-0.05602054 -0.19343391],[-0.18271038 -1.8357639 ],[-0.34374935  3.26046413],[-0.21741755 -0.00884202]
591,0.5910000000000004,[-0.05620359 -0.19526641],[-0.18305413 -1.83250344],[-0.34207967  3.36475807],[-0.2174048  -0.00887047]
592,0.5920000000000004,[-0.05638699 -0.19709555],[-0.18339621 -1.82913868],[-0.34049508  3.46373298],[-0.21739202 -0.00890479]
593,0.5930000000000004,[-0.05657073 -0.19892123],[-0.1837367  -1.82567495],[-0.33899233  3.55759356],[-0.21737923 -0.00894473]
594,0.5940000000000004,[-0.0567548  -0.20074334],[-0.1840757  -1.82211736],[-0.33756826  3.64653695],[-0.2173664  -0.00899006]
595,0.5950000000000004,[-0.05693922 -0.20256181],[-0.18441326 -1.81847082],[-0.33621983  3.73075304],[-0.21735354 -0.00904054]
596,0.5960000000000004,[-0.05712397 -0.20437655],[-0.18474948 -1.81474007],[-0.33494413  3.81042471],[-0.21734065 -0.00909595]
597,0.5970000000000004,[-0.05730905 -0.20618748],[-0.18508443 -1.81092964],[-0.33373833  3.88572806],[-0.21732771 -0.00915609]
598,0.5980000000000004,[-0.05749447 -0.20799453],[-0.18541817 -1.80704391],[-0.33259972  3.95683273],[-0.21731473 -0.00922075]
599,0.5990000000000004,[-0.05768022 -0.20979761],[-0.18575077 -1.80308708],[-0.33152569  4.02390207],[-0.2173017  -0.00928974]
600,0.6000000000000004,[-0.0578663  -0.21159668],[-0.18608229 -1.79906318],[-0.33051371  4.08709339],[-0.21728863 -0.00936286]
601,0.6010000000000004,[-0.05805271 -0.21339165],[-0.18641281 -1.79497608],[-0.32956136  4.14655819],[-0.2172755  -0.00943994]
602,0.6020000000000004,[-0.05823946 -0.21518248],[-0.18674237 -1.79082953],[-0.32866631  4.20244237],[-0.21726231 -0.0095208 ]
603,0.6030000000000004,[-0.05842653 -0.21696911],[-0.18707103 -1.78662708],[-0.32782629  4.25488643],[-0.21724907 -0.00960527]
604,0.6040000000000004,[-0.05861393 -0.21875148],[-0.18739886 -1.7823722 ],[-0.32703913  4.30402567],[-0.21723577 -0.00969319]
605,0.6050000000000004,[-0.05880165 -0.22052955],[-0.1877259  -1.77806817],[-0.32630276  4.34999037],[-0.2172224  -0.00978441]
606,0.6060000000000004,[-0.0589897  -0.22230327],[-0.1880522  -1.77371818],[-0.32561514  4.39290599],[-0.21720896 -0.00987878]
607,0.6070000000000004,[-0.05917808 -0.22407259],[-0.18837782 -1.76932528],[-0.32497436  4.43289335],[-0.21719546 -0.00997614]
608,0.6080000000000004,[-0.05936678 -0.22583749],[-0.18870279 -1.76489238],[-0.32437852  4.47006877],[-0.21718189 -0.01007638]
609,0.6090000000000004,[-0.05955581 -0.22759791],[-0.18902717 -1.76042231],[-0.32382584  4.50454426],[-0.21716824 -0.01017934]
610,0.6100000000000004,[-0.05974516 -0.22935383],[-0.189351   -1.75591777],[-0.32331459  4.53642768],[-0.21715452 -0.01028491]
611,0.6110000000000004,[-0.05993484 -0.23110521],[-0.18967431 -1.75138134],[-0.32284309  4.56582287],[-0.21714072 -0.01039295]
612,0.6120000000000004,[-0.06012483 -0.23285202],[-0.18999715 -1.74681552],[-0.32240973  4.59282983],[-0.21712684 -0.01050336]
613,0.6130000000000004,[-0.06031515 -0.23459425],[-0.19031956 -1.74222269],[-0.32201297  4.61754483],[-0.21711288 -0.01061601]
614,0.6140000000000004,[-0.0605058  -0.23633185],[-0.19064158 -1.73760514],[-0.32165131  4.64006055],[-0.21709884 -0.0107308 ]
615,0.6150000000000004,[-0.06069676 -0.23806482],[-0.19096323 -1.73296508],[-0.32132332  4.66046623],[-0.21708471 -0.01084762]
616,0.6160000000000004,[-0.06088804 -0.23979312],[-0.19128455 -1.72830462],[-0.32102762  4.67884779],[-0.21707049 -0.01096638]
617,0.6170000000000004,[-0.06107965 -0.24151675],[-0.19160558 -1.72362577],[-0.32076287  4.69528795],[-0.21705619 -0.01108696]
618,0.6180000000000004,[-0.06127158 -0.24323568],[-0.19192634 -1.71893048],[-0.32052779  4.70986632],[-0.2170418  -0.01120929]
619,0.6190000000000004,[-0.06146382 -0.2449499 ],[-0.19224687 -1.71422061],[-0.32032114  4.72265958],[-0.21702732 -0.01133326]
620,0.6200000000000004,[-0.06165639 -0.2466594 ],[-0.19256719 -1.70949796],[-0.32014174  4.73374151],[-0.21701274 -0.01145879]
621,0.6210000000000004,[-0.06184928 -0.24836416],[-0.19288733 -1.70476421],[-0.31998844  4.74318315],[-0.21699807 -0.01158581]
622,0.6220000000000004,[-0.06204248 -0.25006418],[-0.19320732 -1.70002103],[-0.31986014  4.75105287],[-0.21698331 -0.01171422]
623,0.6230000000000004,[-0.06223601 -0.25175945],[-0.19352718 -1.69526998],[-0.31975578  4.75741652],[-0.21696845 -0.01184395]
624,0.6240000000000004,[-0.06242986 -0.25344996],[-0.19384694 -1.69051256],[-0.31967433  4.76233743],[-0.21695349 -0.01197493]
625,0.6250000000000004,[-0.06262402 -0.25513571],[-0.19416661 -1.68575022],[-0.31961481  4.7658766 ],[-0.21693844 -0.01210709]
626,0.6260000000000004,[-0.06281851 -0.2568167 ],[-0.19448622 -1.68098435],[-0.31957627  4.76809273],[-0.21692328 -0.01224036]
627,0.6270000000000004,[-0.06301332 -0.25849291],[-0.1948058  -1.67621625],[-0.3195578  4.7690423],[-0.21690803 -0.01237466]
628,0.6280000000000004,[-0.06320844 -0.26016436],[-0.19512536 -1.67144721],[-0.31955853  4.76877968],[-0.21689267 -0.01250995]
629,0.6290000000000004,[-0.06340389 -0.26183104],[-0.19544492 -1.66667843],[-0.3195776   4.76735721],[-0.21687721 -0.01264615]
630,0.6300000000000004,[-0.06359965 -0.26349295],[-0.1957645  -1.66191108],[-0.31961421  4.76482524],[-0.21686165 -0.01278321]
631,0.6310000000000004,[-0.06379574 -0.2651501 ],[-0.19608411 -1.65714625],[-0.31966757  4.76123223],[-0.21684598 -0.01292108]
632,0.6320000000000005,[-0.06399214 -0.26680248],[-0.19640378 -1.65238502],[-0.31973693  4.75662482],[-0.2168302 -0.0130597]
633,0.6330000000000005,[-0.06418886 -0.26845011],[-0.19672351 -1.64762839],[-0.31982156  4.75104788],[-0.21681432 -0.01319901]
634,0.6340000000000005,[-0.06438591 -0.27009299],[-0.19704334 -1.64287735],[-0.31992077  4.7445446 ],[-0.21679834 -0.01333897]
635,0.6350000000000005,[-0.06458327 -0.27173112],[-0.19736326 -1.6381328 ],[-0.32003388  4.73715652],[-0.21678224 -0.01347954]
636,0.6360000000000005,[-0.06478095 -0.27336452],[-0.19768329 -1.63339564],[-0.32016025  4.72892361],[-0.21676604 -0.01362066]
637,0.6370000000000005,[-0.06497896 -0.27499318],[-0.19800345 -1.62866672],[-0.32029925  4.71988434],[-0.21674973 -0.01376229]
638,0.6380000000000005,[-0.06517728 -0.27661713],[-0.19832375 -1.62394684],[-0.32045029  4.71007571],[-0.2167333  -0.01390439]
639,0.6390000000000005,[-0.06537592 -0.27823637],[-0.1986442  -1.61923676],[-0.32061279  4.69953332],[-0.21671677 -0.01404692]
640,0.6400000000000005,[-0.06557489 -0.2798509 ],[-0.19896481 -1.61453723],[-0.3207862  4.6882914],[-0.21670013 -0.01418984]
641,0.6410000000000005,[-0.06577417 -0.28146075],[-0.1992856  -1.60984894],[-0.32096998  4.67638291],[-0.21668337 -0.01433311]
642,0.6420000000000005,[-0.06597378 -0.28306593],[-0.19960657 -1.60517255],[-0.32116363  4.66383951],[-0.2166665 -0.0144767]
643,0.6430000000000005,[-0.06617371 -0.28466643],[-0.19992773 -1.60050871],[-0.32136664  4.6506917 ],[-0.21664952 -0.01462057]
644,0.6440000000000005,[-0.06637396 -0.28626229],[-0.2002491  -1.59585802],[-0.32157855  4.63696877],[-0.21663243 -0.01476469]
645,0.6450000000000005,[-0.06657453 -0.28785351],[-0.20057068 -1.59122105],[-0.32179889  4.62269893],[-0.21661522 -0.01490903]
646,0.6460000000000005,[-0.06677542 -0.28944011],[-0.20089248 -1.58659835],[-0.32202724  4.60790927],[-0.2165979  -0.01505355]
647,0.6470000000000005,[-0.06697664 -0.2910221 ],[-0.2012145  -1.58199044],[-0.32226316  4.59262587],[-0.21658047 -0.01519824]
648,0.6480000000000005,[-0.06717817 -0.2925995 ],[-0.20153677 -1.57739782],[-0.32250626  4.57687379],[-0.21656292 -0.01534305]
649,0.6490000000000005,[-0.06738003 -0.29417232],[-0.20185927 -1.57282094],[-0.32275613  4.56067714],[-0.21654525 -0.01548797]
650,0.6500000000000005,[-0.06758221 -0.29574058],[-0.20218203 -1.56826027],[-0.32301242  4.54405909],[-0.21652747 -0.01563297]
651,0.6510000000000005,[-0.06778472 -0.2973043 ],[-0.20250504 -1.56371621],[-0.32327475  4.52704191],[-0.21650957 -0.01577803]
652,0.6520000000000005,[-0.06798755 -0.29886349],[-0.20282832 -1.55918917],[-0.32354277  4.50964703],[-0.21649156 -0.01592311]
653,0.6530000000000005,[-0.0681907  -0.30041817],[-0.20315186 -1.55467952],[-0.32381617  4.49189502],[-0.21647343 -0.01606821]
654,0.6540000000000005,[-0.06839417 -0.30196835],[-0.20347568 -1.55018762],[-0.32409461  4.47380568],[-0.21645518 -0.01621329]
655,0.6550000000000005,[-0.06859797 -0.30351407],[-0.20379977 -1.54571382],[-0.32437778  4.45539802],[-0.21643682 -0.01635834]
656,0.6560000000000005,[-0.0688021  -0.30505533],[-0.20412415 -1.54125842],[-0.3246654   4.43669031],[-0.21641833 -0.01650334]
657,0.6570000000000005,[-0.06900655 -0.30659215],[-0.20444881 -1.53682173],[-0.32495718  4.41770013],[-0.21639973 -0.01664826]
658,0.6580000000000005,[-0.06921132 -0.30812455],[-0.20477377 -1.53240403],[-0.32525284  4.39844433],[-0.21638102 -0.01679309]
659,0.6590000000000005,[-0.06941642 -0.30965256],[-0.20509902 -1.52800559],[-0.32555212  4.37893914],[-0.21636218 -0.01693782]
660,0.6600000000000005,[-0.06962184 -0.31117618],[-0.20542458 -1.52362665],[-0.32585477  4.35920014],[-0.21634322 -0.01708243]
661,0.6610000000000005,[-0.06982759 -0.31269545],[-0.20575043 -1.51926745],[-0.32616055  4.33924227],[-0.21632415 -0.01722689]
662,0.6620000000000005,[-0.07003367 -0.31421038],[-0.20607659 -1.5149282 ],[-0.32646923  4.31907992],[-0.21630496 -0.01737121]
663,0.6630000000000005,[-0.07024007 -0.31572099],[-0.20640306 -1.51060912],[-0.32678058  4.29872688],[-0.21628565 -0.01751535]
664,0.6640000000000005,[-0.0704468 -0.3172273],[-0.20672984 -1.5063104 ],[-0.32709438  4.2781964 ],[-0.21626621 -0.01765931]
665,0.6650000000000005,[-0.07065386 -0.31872933],[-0.20705693 -1.5020322 ],[-0.32741043  4.25750122],[-0.21624666 -0.01780308]
666,0.6660000000000005,[-0.07086125 -0.32022711],[-0.20738435 -1.4977747 ],[-0.32772854  4.23665355],[-0.21622699 -0.01794664]
667,0.6670000000000005,[-0.07106896 -0.32172064],[-0.20771207 -1.49353805],[-0.32804852  4.21566512],[-0.2162072  -0.01808998]
668,0.6680000000000005,[-0.071277   -0.32320997],[-0.20804012 -1.48932238],[-0.32837017  4.19454719],[-0.21618729 -0.01823309]
669,0.6690000000000005,[-0.07148537 -0.32469509],[-0.20836849 -1.48512783],[-0.32869333  4.17331055],[-0.21616726 -0.01837597]
670,0.6700000000000005,[-0.07169406 -0.32617605],[-0.20869719 -1.48095452],[-0.32901783  4.15196559],[-0.21614711 -0.01851858]
671,0.6710000000000005,[-0.07190309 -0.32765285],[-0.2090262  -1.47680256],[-0.32934351  4.13052224],[-0.21612684 -0.01866094]
672,0.6720000000000005,[-0.07211245 -0.32912552],[-0.20935555 -1.47267204],[-0.32967021  4.10899006],[-0.21610645 -0.01880303]
673,0.6730000000000005,[-0.07232213 -0.33059409],[-0.20968522 -1.46856305],[-0.32999779  4.08737818],[-0.21608594 -0.01894484]
674,0.6740000000000005,[-0.07253215 -0.33205856],[-0.21001522 -1.46447567],[-0.3303261  4.0656954],[-0.21606531 -0.01908636]
675,0.6750000000000005,[-0.07274249 -0.33351897],[-0.21034554 -1.46040997],[-0.33065502  4.04395013],[-0.21604456 -0.01922759]
676,0.6760000000000005,[-0.07295317 -0.33497534],[-0.2106762  -1.45636602],[-0.3309844   4.02215044],[-0.21602369 -0.01936852]
677,0.6770000000000005,[-0.07316417 -0.33642768],[-0.21100718 -1.45234387],[-0.33131412  4.00030407],[-0.21600269 -0.01950913]
678,0.6780000000000005,[-0.07337551 -0.33787603],[-0.21133849 -1.44834357],[-0.33164407  3.97841843],[-0.21598158 -0.01964943]
679,0.6790000000000005,[-0.07358718 -0.33932039],[-0.21167014 -1.44436515],[-0.33197412  3.95650062],[-0.21596034 -0.0197894 ]
680,0.6800000000000005,[-0.07379919 -0.3407608 ],[-0.21200211 -1.44040865],[-0.33230418  3.93455744],[-0.21593899 -0.01992905]
681,0.6810000000000005,[-0.07401152 -0.34219727],[-0.21233442 -1.43647409],[-0.33263412  3.91259543],[-0.21591751 -0.02006836]
682,0.6820000000000005,[-0.07422419 -0.34362983],[-0.21266705 -1.4325615 ],[-0.33296387  3.89062082],[-0.21589591 -0.02020733]
683,0.6830000000000005,[-0.07443719 -0.34505851],[-0.21300002 -1.42867087],[-0.3332933   3.86863958],[-0.21587419 -0.02034596]
684,0.6840000000000005,[-0.07465052 -0.34648331],[-0.21333331 -1.42480224],[-0.33362235  3.84665743],[-0.21585235 -0.02048424]
685,0.6850000000000005,[-0.07486419 -0.34790426],[-0.21366693 -1.42095558],[-0.33395091  3.82467986],[-0.21583039 -0.02062216]
686,0.6860000000000005,[-0.07507819 -0.34932139],[-0.21400088 -1.4171309 ],[-0.3342789   3.80271209],[-0.21580831 -0.02075972]
687,0.6870000000000005,[-0.07529252 -0.35073472],[-0.21433516 -1.41332819],[-0.33460625  3.78075913],[-0.21578611 -0.02089692]
688,0.6880000000000005,[-0.07550719 -0.35214427],[-0.21466977 -1.40954743],[-0.33493287  3.75882577],[-0.21576378 -0.02103376]
689,0.6890000000000005,[-0.0757222  -0.35355006],[-0.2150047 -1.4057886],[-0.33525869  3.7369166 ],[-0.21574134 -0.02117023]
690,0.6900000000000005,[-0.07593754 -0.35495211],[-0.21533996 -1.40205168],[-0.33558364  3.71503597],[-0.21571877 -0.02130632]
691,0.6910000000000005,[-0.07615321 -0.35635045],[-0.21567554 -1.39833665],[-0.33590766  3.69318808],[-0.21569608 -0.02144204]
692,0.6920000000000005,[-0.07636922 -0.35774509],[-0.21601145 -1.39464346],[-0.33623068  3.6713769 ],[-0.21567327 -0.02157737]
693,0.6930000000000005,[-0.07658557 -0.35913606],[-0.21634768 -1.39097208],[-0.33655264  3.64960626],[-0.21565034 -0.02171233]
694,0.6940000000000005,[-0.07680226 -0.36052339],[-0.21668423 -1.38732248],[-0.33687347  3.62787978],[-0.21562729 -0.02184691]
695,0.6950000000000005,[-0.07701928 -0.36190708],[-0.21702111 -1.3836946 ],[-0.33719314  3.60620093],[-0.21560412 -0.0219811 ]
696,0.6960000000000005,[-0.07723664 -0.36328717],[-0.2173583 -1.3800884],[-0.33751157  3.58457302],[-0.21558083 -0.0221149 ]
697,0.6970000000000005,[-0.07745433 -0.36466367],[-0.21769581 -1.37650382],[-0.33782873  3.56299919],[-0.21555741 -0.02224831]
698,0.6980000000000005,[-0.07767237 -0.36603661],[-0.21803364 -1.37294082],[-0.33814457  3.54148246],[-0.21553388 -0.02238133]
699,0.6990000000000005,[-0.07789074 -0.36740601],[-0.21837178 -1.36939934],[-0.33845903  3.52002567],[-0.21551022 -0.02251396]
700,0.7000000000000005,[-0.07810945 -0.36877189],[-0.21871024 -1.36587932],[-0.33877208  3.49863154],[-0.21548645 -0.02264619]
701,0.7010000000000005,[-0.0783285  -0.37013427],[-0.21904902 -1.36238068],[-0.33908367  3.47730267],[-0.21546255 -0.02277803]
702,0.7020000000000005,[-0.07854788 -0.37149318],[-0.2193881  -1.35890338],[-0.33939377  3.45604151],[-0.21543853 -0.02290947]
703,0.7030000000000005,[-0.07876761 -0.37284862],[-0.21972749 -1.35544734],[-0.33970234  3.4348504 ],[-0.21541439 -0.02304052]
704,0.7040000000000005,[-0.07898768 -0.37420064],[-0.2200672  -1.35201249],[-0.34000934  3.41373155],[-0.21539013 -0.02317117]
705,0.7050000000000005,[-0.07920809 -0.37554923],[-0.2204072  -1.34859876],[-0.34031474  3.39268708],[-0.21536575 -0.02330142]
706,0.7060000000000005,[-0.07942883 -0.37689444],[-0.22074752 -1.34520607],[-0.34061851  3.37171897],[-0.21534125 -0.02343127]
707,0.7070000000000005,[-0.07964992 -0.37823627],[-0.22108814 -1.34183435],[-0.34092062  3.35082912],[-0.21531663 -0.02356072]
708,0.7080000000000005,[-0.07987135 -0.37957476],[-0.22142906 -1.33848352],[-0.34122104  3.33001931],[-0.21529188 -0.02368977]
709,0.7090000000000005,[-0.08009312 -0.38090991],[-0.22177028 -1.3351535 ],[-0.34151975  3.30929125],[-0.21526702 -0.02381842]
710,0.7100000000000005,[-0.08031523 -0.38224176],[-0.2221118  -1.33184421],[-0.34181671  3.28864652],[-0.21524204 -0.02394668]
711,0.7110000000000005,[-0.08053769 -0.38357031],[-0.22245362 -1.32855557],[-0.34211191  3.26808664],[-0.21521693 -0.02407453]
712,0.7120000000000005,[-0.08076048 -0.3848956 ],[-0.22279573 -1.32528748],[-0.34240533  3.24761304],[-0.21519171 -0.02420198]
713,0.7130000000000005,[-0.08098362 -0.38621764],[-0.22313813 -1.32203987],[-0.34269693  3.22722704],[-0.21516636 -0.02432903]
714,0.7140000000000005,[-0.0812071  -0.38753645],[-0.22348083 -1.31881264],[-0.34298671  3.20692992],[-0.2151409  -0.02445569]
715,0.7150000000000005,[-0.08143093 -0.38885206],[-0.22382382 -1.31560571],[-0.34327465  3.18672286],[-0.21511531 -0.02458194]
716,0.7160000000000005,[-0.08165509 -0.39016448],[-0.22416709 -1.31241899],[-0.34356072  3.16660697],[-0.2150896 -0.0247078]
717,0.7170000000000005,[-0.0818796  -0.39147373],[-0.22451065 -1.30925238],[-0.34384491  3.1465833 ],[-0.21506378 -0.02483325]
718,0.7180000000000005,[-0.08210446 -0.39277983],[-0.2248545 -1.3061058],[-0.34412722  3.1266528 ],[-0.21503783 -0.02495831]
719,0.7190000000000005,[-0.08232966 -0.39408281],[-0.22519862 -1.30297914],[-0.34440761  3.1068164 ],[-0.21501177 -0.02508298]
720,0.7200000000000005,[-0.0825552  -0.39538269],[-0.22554303 -1.29987233],[-0.34468609  3.08707494],[-0.21498558 -0.02520724]
721,0.7210000000000005,[-0.08278109 -0.39667947],[-0.22588772 -1.29678525],[-0.34496263  3.0674292 ],[-0.21495927 -0.02533111]
722,0.7220000000000005,[-0.08300732 -0.39797319],[-0.22623268 -1.29371782],[-0.34523724  3.04787991],[-0.21493285 -0.02545459]
723,0.7230000000000005,[-0.0832339  -0.39926386],[-0.22657792 -1.29066994],[-0.34550989  3.02842775],[-0.2149063  -0.02557767]
724,0.7240000000000005,[-0.08346082 -0.4005515 ],[-0.22692343 -1.28764152],[-0.34578058  3.00907333],[-0.21487964 -0.02570036]
725,0.7250000000000005,[-0.08368809 -0.40183613],[-0.22726921 -1.28463244],[-0.3460493   2.98981722],[-0.21485285 -0.02582266]
726,0.7260000000000005,[-0.08391571 -0.40311778],[-0.22761526 -1.28164263],[-0.34631605  2.97065994],[-0.21482595 -0.02594457]
727,0.7270000000000005,[-0.08414367 -0.40439645],[-0.22796157 -1.27867197],[-0.34658081  2.95160197],[-0.21479892 -0.02606609]
728,0.7280000000000005,[-0.08437198 -0.40567217],[-0.22830815 -1.27572036],[-0.34684358  2.93264373],[-0.21477178 -0.02618722]
729,0.7290000000000005,[-0.08460063 -0.40694496],[-0.228655   -1.27278772],[-0.34710436  2.91378561],[-0.21474451 -0.02630796]
730,0.7300000000000005,[-0.08482963 -0.40821483],[-0.2290021  -1.26987393],[-0.34736315  2.89502795],[-0.21471713 -0.02642832]
731,0.7310000000000005,[-0.08505898 -0.40948181],[-0.22934947 -1.26697891],[-0.34761992  2.87637105],[-0.21468963 -0.02654829]
732,0.7320000000000005,[-0.08528868 -0.41074591],[-0.22969709 -1.26410253],[-0.3478747   2.85781518],[-0.21466201 -0.02666787]
733,0.7330000000000005,[-0.08551872 -0.41200716],[-0.23004496 -1.26124472],[-0.34812746  2.83936056],[-0.21463427 -0.02678708]
734,0.7340000000000005,[-0.08574912 -0.41326556],[-0.23039309 -1.25840536],[-0.34837822  2.8210074 ],[-0.21460641 -0.0269059 ]
735,0.7350000000000005,[-0.08597986 -0.41452115],[-0.23074147 -1.25558435],[-0.34862696  2.80275585],[-0.21457843 -0.02702435]
736,0.7360000000000005,[-0.08621095 -0.41577393],[-0.23109009 -1.2527816 ],[-0.34887369  2.78460603],[-0.21455033 -0.02714241]
737,0.7370000000000005,[-0.08644239 -0.41702392],[-0.23143897 -1.24999699],[-0.3491184   2.76655806],[-0.21452212 -0.0272601 ]
738,0.7380000000000005,[-0.08667418 -0.41827115],[-0.23178809 -1.24723043],[-0.3493611   2.74861198],[-0.21449378 -0.02737741]
739,0.7390000000000005,[-0.08690631 -0.41951564],[-0.23213745 -1.24448182],[-0.34960179  2.73076785],[-0.21446533 -0.02749435]
740,0.7400000000000005,[-0.0871388  -0.42075739],[-0.23248705 -1.24175105],[-0.34984046  2.71302568],[-0.21443676 -0.02761092]
741,0.7410000000000005,[-0.08737164 -0.42199643],[-0.23283689 -1.23903803],[-0.35007713  2.69538544],[-0.21440807 -0.02772711]
742,0.7420000000000005,[-0.08760482 -0.42323277],[-0.23318697 -1.23634264],[-0.35031178  2.67784711],[-0.21437926 -0.02784294]
743,0.7430000000000005,[-0.08783836 -0.42446643],[-0.23353728 -1.23366479],[-0.35054443  2.66041063],[-0.21435033 -0.0279584 ]
744,0.7440000000000005,[-0.08807225 -0.42569744],[-0.23388782 -1.23100438],[-0.35077507  2.6430759 ],[-0.21432128 -0.02807349]
745,0.7450000000000006,[-0.08830649 -0.4269258 ],[-0.2342386  -1.22836131],[-0.35100371  2.62584282],[-0.21429212 -0.02818822]
746,0.7460000000000006,[-0.08854108 -0.42815153],[-0.2345896  -1.22573546],[-0.35123035  2.60871127],[-0.21426284 -0.02830258]
747,0.7470000000000006,[-0.08877602 -0.42937466],[-0.23494083 -1.22312675],[-0.35145499  2.5916811 ],[-0.21423344 -0.02841658]
748,0.7480000000000006,[-0.08901131 -0.4305952 ],[-0.23529229 -1.22053507],[-0.35167764  2.57475214],[-0.21420392 -0.02853023]
749,0.7490000000000006,[-0.08924695 -0.43181316],[-0.23564396 -1.21796032],[-0.35189831  2.55792421],[-0.21417428 -0.02864351]
750,0.7500000000000006,[-0.08948295 -0.43302856],[-0.23599586 -1.2154024 ],[-0.35211699  2.5411971 ],[-0.21414453 -0.02875644]
751,0.7510000000000006,[-0.0897193  -0.43424142],[-0.23634798 -1.2128612 ],[-0.35233369  2.52457061],[-0.21411465 -0.02886901]
752,0.7520000000000006,[-0.089956   -0.43545176],[-0.23670031 -1.21033663],[-0.35254842  2.5080445 ],[-0.21408466 -0.02898123]
753,0.7530000000000006,[-0.09019305 -0.43665958],[-0.23705286 -1.20782858],[-0.35276117  2.49161853],[-0.21405456 -0.0290931 ]
754,0.7540000000000006,[-0.09043046 -0.43786492],[-0.23740562 -1.20533696],[-0.35297197  2.47529242],[-0.21402433 -0.02920462]
755,0.7550000000000006,[-0.09066822 -0.43906778],[-0.23775859 -1.20286167],[-0.3531808   2.45906591],[-0.21399399 -0.02931579]
756,0.7560000000000006,[-0.09090633 -0.44026819],[-0.23811177 -1.20040261],[-0.35338769  2.4429387 ],[-0.21396352 -0.02942661]
757,0.7570000000000006,[-0.09114479 -0.44146615],[-0.23846516 -1.19795967],[-0.35359262  2.4269105 ],[-0.21393295 -0.02953709]
758,0.7580000000000006,[-0.09138361 -0.44266168],[-0.23881876 -1.19553276],[-0.35379562  2.41098099],[-0.21390225 -0.02964722]
759,0.7590000000000006,[-0.09162278 -0.4438548 ],[-0.23917255 -1.19312178],[-0.35399668  2.39514985],[-0.21387144 -0.02975702]
760,0.7600000000000006,[-0.09186231 -0.44504553],[-0.23952655 -1.19072663],[-0.35419581  2.37941675],[-0.21384051 -0.02986647]
761,0.7610000000000006,[-0.09210219 -0.44623387],[-0.23988074 -1.18834721],[-0.35439303  2.36378135],[-0.21380946 -0.02997559]
762,0.7620000000000006,[-0.09234243 -0.44741986],[-0.24023514 -1.18598343],[-0.35458832  2.34824328],[-0.2137783  -0.03008437]
763,0.7630000000000006,[-0.09258302 -0.44860349],[-0.24058972 -1.18363519],[-0.35478171  2.3328022 ],[-0.21374701 -0.03019282]
764,0.7640000000000006,[-0.09282396 -0.44978479],[-0.24094451 -1.18130238],[-0.3549732   2.31745771],[-0.21371561 -0.03030093]
765,0.7650000000000006,[-0.09306526 -0.45096378],[-0.24129948 -1.17898493],[-0.3551628   2.30220946],[-0.2136841  -0.03040871]
766,0.7660000000000006,[-0.09330691 -0.45214046],[-0.24165464 -1.17668272],[-0.35535051  2.28705705],[-0.21365247 -0.03051616]
767,0.7670000000000006,[-0.09354892 -0.45331486],[-0.24200999 -1.17439566],[-0.35553634  2.27200009],[-0.21362072 -0.03062329]
768,0.7680000000000006,[-0.09379129 -0.45448698],[-0.24236553 -1.17212366],[-0.3557203   2.25703818],[-0.21358885 -0.03073009]
769,0.7690000000000006,[-0.09403401 -0.45565685],[-0.24272125 -1.16986662],[-0.3559024   2.24217091],[-0.21355687 -0.03083656]
770,0.7700000000000006,[-0.09427709 -0.45682447],[-0.24307715 -1.16762445],[-0.35608264  2.22739787],[-0.21352477 -0.03094272]
771,0.7710000000000006,[-0.09452052 -0.45798987],[-0.24343323 -1.16539705],[-0.35626104  2.21271864],[-0.21349256 -0.03104855]
772,0.7720000000000006,[-0.09476431 -0.45915305],[-0.2437895  -1.16318433],[-0.35643759  2.1981328 ],[-0.21346022 -0.03115406]
773,0.7730000000000006,[-0.09500846 -0.46031404],[-0.24414593 -1.1609862 ],[-0.35661231  2.18363992],[-0.21342778 -0.03125926]
774,0.7740000000000006,[-0.09525296 -0.46147284],[-0.24450255 -1.15880256],[-0.35678521  2.16923957],[-0.21339521 -0.03136414]
775,0.7750000000000006,[-0.09549782 -0.46262948],[-0.24485933 -1.15663332],[-0.35695629  2.1549313 ],[-0.21336253 -0.0314687 ]
776,0.7760000000000006,[-0.09574304 -0.46378395],[-0.24521629 -1.15447839],[-0.35712556  2.14071469],[-0.21332973 -0.03157296]
777,0.7770000000000006,[-0.09598861 -0.46493629],[-0.24557341 -1.15233767],[-0.35729304  2.12658927],[-0.21329682 -0.0316769 ]
778,0.7780000000000006,[-0.09623454 -0.4660865 ],[-0.24593071 -1.15021109],[-0.35745872  2.11255461],[-0.21326379 -0.03178054]
779,0.7790000000000006,[-0.09648083 -0.4672346 ],[-0.24628816 -1.14809853],[-0.35762262  2.09861025],[-0.21323065 -0.03188387]
780,0.7800000000000006,[-0.09672747 -0.4683806 ],[-0.24664579 -1.14599992],[-0.35778475  2.08475573],[-0.21319739 -0.03198689]
781,0.7810000000000006,[-0.09697448 -0.46952452],[-0.24700357 -1.14391516],[-0.35794511  2.07099061],[-0.21316401 -0.03208961]
782,0.7820000000000006,[-0.09722184 -0.47066636],[-0.24736152 -1.14184417],[-0.35810371  2.05731441],[-0.21313052 -0.03219203]
783,0.7830000000000006,[-0.09746956 -0.47180615],[-0.24771962 -1.13978686],[-0.35826057  2.04372668],[-0.21309691 -0.03229414]
784,0.7840000000000006,[-0.09771764 -0.47294389],[-0.24807788 -1.13774313],[-0.35841568  2.03022695],[-0.21306319 -0.03239596]
785,0.7850000000000006,[-0.09796607 -0.4740796 ],[-0.2484363  -1.13571291],[-0.35856906  2.01681476],[-0.21302935 -0.03249748]
786,0.7860000000000006,[-0.09821487 -0.4752133 ],[-0.24879487 -1.13369609],[-0.35872072  2.00348964],[-0.21299539 -0.03259871]
787,0.7870000000000006,[-0.09846402 -0.47634499],[-0.24915359 -1.1316926 ],[-0.35887066  1.99025111],[-0.21296132 -0.03269964]
788,0.7880000000000006,[-0.09871353 -0.4774747 ],[-0.24951246 -1.12970235],[-0.3590189   1.97709871],[-0.21292714 -0.03280028]
789,0.7890000000000006,[-0.0989634  -0.47860242],[-0.24987148 -1.12772525],[-0.35916543  1.96403197],[-0.21289284 -0.03290063]
790,0.7900000000000006,[-0.09921364 -0.47972818],[-0.25023064 -1.12576122],[-0.35931028  1.95105041],[-0.21285842 -0.03300069]
791,0.7910000000000006,[-0.09946423 -0.48085199],[-0.25058995 -1.12381017],[-0.35945345  1.93815356],[-0.21282389 -0.03310047]
792,0.7920000000000006,[-0.09971517 -0.48197386],[-0.25094941 -1.12187202],[-0.35959495  1.92534094],[-0.21278925 -0.03319996]
793,0.7930000000000006,[-0.09996648 -0.48309381],[-0.251309   -1.11994668],[-0.35973479  1.91261209],[-0.21275449 -0.03329916]
794,0.7940000000000006,[-0.10021815 -0.48421184],[-0.25166874 -1.11803406],[-0.35987297  1.89996652],[-0.21271961 -0.03339809]
795,0.7950000000000006,[-0.10047018 -0.48532798],[-0.25202861 -1.1161341 ],[-0.3600095   1.88740376],[-0.21268462 -0.03349673]
796,0.7960000000000006,[-0.10072257 -0.48644223],[-0.25238862 -1.11424669],[-0.3601444   1.87492333],[-0.21264951 -0.03359509]
797,0.7970000000000006,[-0.10097532 -0.4875546 ],[-0.25274876 -1.11237177],[-0.36027767  1.86252476],[-0.21261429 -0.03369318]
798,0.7980000000000006,[-0.10122843 -0.48866511],[-0.25310904 -1.11050924],[-0.36040932  1.85020758],[-0.21257896 -0.03379099]
799,0.7990000000000006,[-0.1014819  -0.48977377],[-0.25346945 -1.10865904],[-0.36053936  1.8379713 ],[-0.21254351 -0.03388852]
800,0.8000000000000006,[-0.10173573 -0.49088059],[-0.25382999 -1.10682107],[-0.36066779  1.82581546],[-0.21250794 -0.03398579]
801,0.8010000000000006,[-0.10198992 -0.49198558],[-0.25419066 -1.10499525],[-0.36079463  1.81373958],[-0.21247227 -0.03408278]
802,0.8020000000000006,[-0.10224447 -0.49308876],[-0.25455145 -1.10318151],[-0.36091989  1.80174318],[-0.21243647 -0.0341795 ]
803,0.8030000000000006,[-0.10249938 -0.49419014],[-0.25491237 -1.10137977],[-0.36104357  1.7898258 ],[-0.21240057 -0.03427596]
804,0.8040000000000006,[-0.10275465 -0.49528973],[-0.25527341 -1.09958994],[-0.36116568  1.77798696],[-0.21236454 -0.03437214]
805,0.8050000000000006,[-0.10301029 -0.49638754],[-0.25563458 -1.09781195],[-0.36128624  1.76622619],[-0.21232841 -0.03446807]
806,0.8060000000000006,[-0.10326629 -0.49748359],[-0.25599587 -1.09604573],[-0.36140524  1.75454301],[-0.21229216 -0.03456372]
807,0.8070000000000006,[-0.10352264 -0.49857788],[-0.25635727 -1.09429119],[-0.36152269  1.74293697],[-0.21225579 -0.03465912]
808,0.8080000000000006,[-0.10377936 -0.49967043],[-0.25671879 -1.09254825],[-0.36163862  1.73140759],[-0.21221931 -0.03475426]
809,0.8090000000000006,[-0.10403644 -0.50076125],[-0.25708043 -1.09081684],[-0.36175302  1.7199544 ],[-0.21218272 -0.03484914]
810,0.8100000000000006,[-0.10429388 -0.50185034],[-0.25744219 -1.08909689],[-0.3618659   1.70857694],[-0.21214601 -0.03494376]
811,0.8110000000000006,[-0.10455169 -0.50293773],[-0.25780405 -1.08738831],[-0.36197727  1.69727475],[-0.21210919 -0.03503812]
812,0.8120000000000006,[-0.10480985 -0.50402342],[-0.25816603 -1.08569103],[-0.36208715  1.68604735],[-0.21207226 -0.03513223]
813,0.8130000000000006,[-0.10506838 -0.50510743],[-0.25852812 -1.08400499],[-0.36219553  1.67489429],[-0.21203521 -0.03522608]
814,0.8140000000000006,[-0.10532727 -0.50618976],[-0.25889031 -1.08233009],[-0.36230242  1.66381511],[-0.21199805 -0.03531969]
815,0.8150000000000006,[-0.10558652 -0.50727042],[-0.25925261 -1.08066628],[-0.36240785  1.65280934],[-0.21196077 -0.03541304]
816,0.8160000000000006,[-0.10584614 -0.50834944],[-0.25961502 -1.07901347],[-0.3625118   1.64187654],[-0.21192339 -0.03550615]
817,0.8170000000000006,[-0.10610612 -0.50942681],[-0.25997753 -1.07737159],[-0.3626143   1.63101623],[-0.21188588 -0.03559901]
818,0.8180000000000006,[-0.10636646 -0.51050255],[-0.26034015 -1.07574058],[-0.36271534  1.62022798],[-0.21184827 -0.03569162]
819,0.8190000000000006,[-0.10662716 -0.51157667],[-0.26070286 -1.07412035],[-0.36281495  1.60951133],[-0.21181054 -0.03578399]
820,0.8200000000000006,[-0.10688823 -0.51264918],[-0.26106568 -1.07251084],[-0.36291311  1.59886582],[-0.21177269 -0.03587611]
821,0.8210000000000006,[-0.10714965 -0.51372009],[-0.26142859 -1.07091197],[-0.36300986  1.58829101],[-0.21173474 -0.03596799]
822,0.8220000000000006,[-0.10741145 -0.51478942],[-0.2617916  -1.06932368],[-0.36310518  1.57778645],[-0.21169667 -0.03605964]
823,0.8230000000000006,[-0.1076736  -0.51585716],[-0.26215471 -1.06774589],[-0.3631991   1.56735169],[-0.21165849 -0.03615104]
824,0.8240000000000006,[-0.10793612 -0.51692334],[-0.26251791 -1.06617854],[-0.36329161  1.5569863 ],[-0.21162019 -0.03624221]
825,0.8250000000000006,[-0.108199   -0.51798796],[-0.2628812  -1.06462156],[-0.36338273  1.54668982],[-0.21158178 -0.03633314]
826,0.8260000000000006,[-0.10846224 -0.51905104],[-0.26324458 -1.06307487],[-0.36347246  1.53646182],[-0.21154326 -0.03642383]
827,0.8270000000000006,[-0.10872585 -0.52011258],[-0.26360805 -1.0615384 ],[-0.36356081  1.52630186],[-0.21150462 -0.03651429]
828,0.8280000000000006,[-0.10898982 -0.52117259],[-0.26397161 -1.0600121 ],[-0.3636478  1.5162095],[-0.21146588 -0.03660452]
829,0.8290000000000006,[-0.10925416 -0.52223108],[-0.26433526 -1.05849589],[-0.36373342  1.50618432],[-0.21142702 -0.03669452]
830,0.8300000000000006,[-0.10951886 -0.52328807],[-0.26469899 -1.05698971],[-0.36381769  1.49622587],[-0.21138804 -0.03678429]
831,0.8310000000000006,[-0.10978392 -0.52434357],[-0.26506281 -1.05549348],[-0.36390061  1.48633373],[-0.21134896 -0.03687383]
832,0.8320000000000006,[-0.11004935 -0.52539757],[-0.26542671 -1.05400715],[-0.36398219  1.47650748],[-0.21130976 -0.03696314]
833,0.8330000000000006,[-0.11031514 -0.52645011],[-0.26579069 -1.05253064],[-0.36406244  1.46674668],[-0.21127045 -0.03705223]
834,0.8340000000000006,[-0.11058129 -0.52750117],[-0.26615476 -1.05106389],[-0.36414136  1.45705091],[-0.21123102 -0.03714109]
835,0.8350000000000006,[-0.11084781 -0.52855078],[-0.2665189  -1.04960684],[-0.36421897  1.44741975],[-0.21119148 -0.03722973]
836,0.8360000000000006,[-0.1111147  -0.52959894],[-0.26688312 -1.04815942],[-0.36429527  1.43785278],[-0.21115184 -0.03731815]
837,0.8370000000000006,[-0.11138194 -0.53064566],[-0.26724741 -1.04672157],[-0.36437027  1.42834958],[-0.21111207 -0.03740635]
838,0.8380000000000006,[-0.11164955 -0.53169095],[-0.26761178 -1.04529322],[-0.36444398  1.41890974],[-0.2110722  -0.03749433]
839,0.8390000000000006,[-0.11191753 -0.53273482],[-0.26797623 -1.04387431],[-0.3645164   1.40953285],[-0.21103221 -0.03758209]
840,0.8400000000000006,[-0.11218587 -0.53377729],[-0.26834074 -1.04246478],[-0.36458754  1.40021849],[-0.21099211 -0.03766963]
841,0.8410000000000006,[-0.11245458 -0.53481835],[-0.26870533 -1.04106456],[-0.36465741  1.39096625],[-0.2109519  -0.03775696]
842,0.8420000000000006,[-0.11272365 -0.53585803],[-0.26906999 -1.03967359],[-0.36472601  1.38177574],[-0.21091158 -0.03784407]
843,0.8430000000000006,[-0.11299308 -0.53689632],[-0.26943471 -1.03829182],[-0.36479336  1.37264654],[-0.21087115 -0.03793097]
844,0.8440000000000006,[-0.11326288 -0.53793324],[-0.26979951 -1.03691917],[-0.36485946  1.36357825],[-0.2108306  -0.03801766]
845,0.8450000000000006,[-0.11353305 -0.53896879],[-0.27016437 -1.03555559],[-0.36492431  1.35457047],[-0.21078994 -0.03810414]
846,0.8460000000000006,[-0.11380357 -0.540003  ],[-0.27052929 -1.03420102],[-0.36498793  1.34562281],[-0.21074917 -0.03819041]
847,0.8470000000000006,[-0.11407447 -0.54103585],[-0.27089428 -1.0328554 ],[-0.36505032  1.33673487],[-0.21070829 -0.03827646]
848,0.8480000000000006,[-0.11434573 -0.54206737],[-0.27125933 -1.03151867],[-0.3651115   1.32790626],[-0.21066729 -0.03836232]
849,0.8490000000000006,[-0.11461735 -0.54309756],[-0.27162444 -1.03019076],[-0.36517145  1.31913658],[-0.21062618 -0.03844796]
850,0.8500000000000006,[-0.11488934 -0.54412643],[-0.27198961 -1.02887162],[-0.3652302   1.31042545],[-0.21058496 -0.03853341]
851,0.8510000000000006,[-0.1151617  -0.54515399],[-0.27235484 -1.0275612 ],[-0.36528775  1.30177248],[-0.21054363 -0.03861864]
852,0.8520000000000006,[-0.11543442 -0.54618025],[-0.27272013 -1.02625942],[-0.36534411  1.29317728],[-0.21050219 -0.03870368]
853,0.8530000000000006,[-0.1157075  -0.54720522],[-0.27308547 -1.02496625],[-0.36539928  1.28463948],[-0.21046064 -0.03878851]
854,0.8540000000000006,[-0.11598095 -0.5482289 ],[-0.27345087 -1.02368161],[-0.36545327  1.27615869],[-0.21041897 -0.03887315]
855,0.8550000000000006,[-0.11625477 -0.54925131],[-0.27381633 -1.02240545],[-0.36550609  1.26773454],[-0.2103772  -0.03895758]
856,0.8560000000000006,[-0.11652895 -0.55027244],[-0.27418183 -1.02113771],[-0.36555774  1.25936665],[-0.21033531 -0.03904182]
857,0.8570000000000007,[-0.1168035  -0.55129232],[-0.27454739 -1.01987835],[-0.36560823  1.25105464],[-0.21029331 -0.03912585]
858,0.8580000000000007,[-0.11707841 -0.55231095],[-0.274913   -1.01862729],[-0.36565757  1.24279816],[-0.2102512 -0.0392097]
859,0.8590000000000007,[-0.11735369 -0.55332833],[-0.27527866 -1.0173845 ],[-0.36570577  1.23459682],[-0.21020898 -0.03929335]
860,0.8600000000000007,[-0.11762934 -0.55434448],[-0.27564436 -1.0161499 ],[-0.36575282  1.22645026],[-0.21016664 -0.0393768 ]
861,0.8610000000000007,[-0.11790535 -0.55535941],[-0.27601012 -1.01492345],[-0.36579875  1.21835812],[-0.2101242  -0.03946006]
862,0.8620000000000007,[-0.11818172 -0.55637311],[-0.27637591 -1.01370509],[-0.36584354  1.21032003],[-0.21008164 -0.03954313]
863,0.8630000000000007,[-0.11845846 -0.55738561],[-0.27674176 -1.01249477],[-0.36588722  1.20233564],[-0.21003898 -0.03962601]
864,0.8640000000000007,[-0.11873557 -0.5583969 ],[-0.27710765 -1.01129243],[-0.36592978  1.19440458],[-0.2099962 -0.0397087]
865,0.8650000000000007,[-0.11901304 -0.559407  ],[-0.27747357 -1.01009803],[-0.36597124  1.18652651],[-0.20995331 -0.03979121]
866,0.8660000000000007,[-0.11929088 -0.56041591],[-0.27783955 -1.0089115 ],[-0.36601159  1.17870107],[-0.20991031 -0.03987352]
867,0.8670000000000007,[-0.11956909 -0.56142364],[-0.27820556 -1.0077328 ],[-0.36605086  1.1709279 ],[-0.2098672  -0.03995565]
868,0.8680000000000007,[-0.11984766 -0.5624302 ],[-0.27857161 -1.00656187],[-0.36608903  1.16320666],[-0.20982398 -0.04003759]
869,0.8690000000000007,[-0.1201266 -0.5634356],[-0.2789377  -1.00539867],[-0.36612612  1.155537  ],[-0.20978065 -0.04011935]
870,0.8700000000000007,[-0.1204059  -0.56443984],[-0.27930382 -1.00424313],[-0.36616214  1.14791858],[-0.2097372  -0.04020092]
871,0.8710000000000007,[-0.12068557 -0.56544294],[-0.27966999 -1.00309521],[-0.36619708  1.14035105],[-0.20969365 -0.04028232]
872,0.8720000000000007,[-0.12096561 -0.56644489],[-0.28003618 -1.00195486],[-0.36623096  1.13283407],[-0.20964999 -0.04036353]
873,0.8730000000000007,[-0.12124601 -0.56744572],[-0.28040241 -1.00082203],[-0.36626379  1.12536731],[-0.20960621 -0.04044456]
874,0.8740000000000007,[-0.12152678 -0.56844541],[-0.28076868 -0.99969666],[-0.36629556  1.11795043],[-0.20956232 -0.04052541]
875,0.8750000000000007,[-0.12180792 -0.56944399],[-0.28113497 -0.99857871],[-0.36632629  1.11058309],[-0.20951833 -0.04060609]
876,0.8760000000000007,[-0.12208942 -0.57044146],[-0.2815013  -0.99746813],[-0.36635598  1.10326497],[-0.20947422 -0.04068658]
877,0.8770000000000007,[-0.12237128 -0.57143783],[-0.28186766 -0.99636486],[-0.36638464  1.09599573],[-0.20943   -0.0407669]
878,0.8780000000000007,[-0.12265352 -0.57243309],[-0.28223404 -0.99526887],[-0.36641227  1.08877504],[-0.20938568 -0.04084705]
879,0.8790000000000007,[-0.12293612 -0.57342727],[-0.28260045 -0.99418009],[-0.36643888  1.08160259],[-0.20934124 -0.04092702]
880,0.8800000000000007,[-0.12321909 -0.57442037],[-0.28296689 -0.99309849],[-0.36646447  1.07447804],[-0.20929669 -0.04100681]
881,0.8810000000000007,[-0.12350242 -0.5754124 ],[-0.28333336 -0.99202401],[-0.36648905  1.06740107],[-0.20925203 -0.04108644]
882,0.8820000000000007,[-0.12378612 -0.57640335],[-0.28369984 -0.99095661],[-0.36651262  1.06037137],[-0.20920726 -0.04116589]
883,0.8830000000000007,[-0.12407018 -0.57739325],[-0.28406636 -0.98989624],[-0.3665352   1.05338862],[-0.20916238 -0.04124517]
884,0.8840000000000007,[-0.12435462 -0.57838209],[-0.28443289 -0.98884285],[-0.36655679  1.0464525 ],[-0.20911739 -0.04132428]
885,0.8850000000000007,[-0.12463942 -0.57936989],[-0.28479945 -0.9877964 ],[-0.36657739  1.0395627 ],[-0.2090723  -0.04140323]
886,0.8860000000000007,[-0.12492458 -0.58035665],[-0.28516603 -0.98675683],[-0.366597    1.03271891],[-0.20902709 -0.041482  ]
887,0.8870000000000007,[-0.12521012 -0.58134237],[-0.28553262 -0.98572411],[-0.36661564  1.02592082],[-0.20898177 -0.04156061]
888,0.8880000000000007,[-0.12549602 -0.58232707],[-0.28589924 -0.98469819],[-0.36663331  1.01916812],[-0.20893634 -0.04163905]
889,0.8890000000000007,[-0.12578228 -0.58331075],[-0.28626587 -0.98367903],[-0.36665001  1.0124605 ],[-0.2088908  -0.04171732]
890,0.8900000000000007,[-0.12606891 -0.58429341],[-0.28663252 -0.98266657],[-0.36666576  1.00579767],[-0.20884515 -0.04179544]
891,0.8910000000000007,[-0.12635591 -0.58527507],[-0.28699919 -0.98166077],[-0.36668055  0.99917932],[-0.20879939 -0.04187338]
892,0.8920000000000007,[-0.12664328 -0.58625574],[-0.28736587 -0.98066159],[-0.36669439  0.99260515],[-0.20875352 -0.04195117]
893,0.8930000000000007,[-0.12693101 -0.5872354 ],[-0.28773256 -0.97966898],[-0.36670728  0.98607487],[-0.20870754 -0.04202879]
894,0.8940000000000007,[-0.12721911 -0.58821409],[-0.28809927 -0.97868291],[-0.36671924  0.97958818],[-0.20866146 -0.04210625]
895,0.8950000000000007,[-0.12750758 -0.58919179],[-0.28846599 -0.97770332],[-0.36673026  0.97314478],[-0.20861526 -0.04218356]
896,0.8960000000000007,[-0.12779641 -0.59016852],[-0.28883272 -0.97673018],[-0.36674036  0.96674439],[-0.20856895 -0.0422607 ]
897,0.8970000000000007,[-0.12808561 -0.59114428],[-0.28919946 -0.97576343],[-0.36674953  0.96038672],[-0.20852254 -0.04233768]
898,0.8980000000000007,[-0.12837517 -0.59211909],[-0.28956621 -0.97480304],[-0.36675779  0.95407147],[-0.20847601 -0.04241451]
899,0.8990000000000007,[-0.12866511 -0.59309294],[-0.28993297 -0.97384897],[-0.36676513  0.94779836],[-0.20842937 -0.04249118]
900,0.9000000000000007,[-0.12895541 -0.59406584],[-0.29029973 -0.97290117],[-0.36677157  0.94156711],[-0.20838263 -0.04256769]
901,0.9010000000000007,[-0.12924607 -0.5950378 ],[-0.2906665  -0.97195961],[-0.3667771   0.93537744],[-0.20833577 -0.04264405]
902,0.9020000000000007,[-0.12953711 -0.59600882],[-0.29103328 -0.97102423],[-0.36678174  0.92922906],[-0.20828881 -0.04272025]
903,0.9030000000000007,[-0.12982851 -0.59697892],[-0.29140006 -0.970095  ],[-0.36678548  0.9231217 ],[-0.20824174 -0.0427963 ]
904,0.9040000000000007,[-0.13012027 -0.59794809],[-0.29176685 -0.96917188],[-0.36678834  0.91705507],[-0.20819455 -0.0428722 ]
905,0.9050000000000007,[-0.13041241 -0.59891634],[-0.29213364 -0.96825482],[-0.36679031  0.91102892],[-0.20814726 -0.04294795]
906,0.9060000000000007,[-0.13070491 -0.59988369],[-0.29250043 -0.96734379],[-0.36679141  0.90504295],[-0.20809986 -0.04302354]
907,0.9070000000000007,[-0.13099778 -0.60085013],[-0.29286722 -0.96643875],[-0.36679163  0.89909691],[-0.20805235 -0.04309898]
908,0.9080000000000007,[-0.13129101 -0.60181567],[-0.29323401 -0.96553966],[-0.36679098  0.89319052],[-0.20800473 -0.04317428]
909,0.9090000000000007,[-0.13158461 -0.60278031],[-0.2936008  -0.96464646],[-0.36678948  0.88732352],[-0.207957   -0.04324942]
910,0.9100000000000007,[-0.13187858 -0.60374407],[-0.29396759 -0.96375914],[-0.36678711  0.88149564],[-0.20790917 -0.04332442]
911,0.9110000000000007,[-0.13217291 -0.60470695],[-0.29433438 -0.96287765],[-0.36678389  0.87570661],[-0.20786122 -0.04339927]
912,0.9120000000000007,[-0.13246761 -0.60566895],[-0.29470116 -0.96200194],[-0.36677982  0.86995617],[-0.20781317 -0.04347397]
913,0.9130000000000007,[-0.13276268 -0.60663008],[-0.29506794 -0.96113198],[-0.3667749   0.86424407],[-0.207765   -0.04354853]
914,0.9140000000000007,[-0.13305812 -0.60759035],[-0.29543472 -0.96026774],[-0.36676915  0.85857004],[-0.20771673 -0.04362294]
915,0.9150000000000007,[-0.13335392 -0.60854976],[-0.29580149 -0.95940917],[-0.36676256  0.85293383],[-0.20766835 -0.04369721]
916,0.9160000000000007,[-0.13365009 -0.60950832],[-0.29616825 -0.95855623],[-0.36675514  0.84733518],[-0.20761986 -0.04377133]
917,0.9170000000000007,[-0.13394662 -0.61046602],[-0.296535  -0.9577089],[-0.36674689  0.84177384],[-0.20757126 -0.04384531]
918,0.9180000000000007,[-0.13424352 -0.61142289],[-0.29690175 -0.95686713],[-0.36673782  0.83624956],[-0.20752255 -0.04391915]
919,0.9190000000000007,[-0.13454079 -0.61237892],[-0.29726849 -0.95603088],[-0.36672794  0.83076208],[-0.20747373 -0.04399284]
920,0.9200000000000007,[-0.13483843 -0.61333412],[-0.29763522 -0.95520011],[-0.36671724  0.82531116],[-0.20742481 -0.0440664 ]
921,0.9210000000000007,[-0.13513643 -0.6142885 ],[-0.29800193 -0.9543748 ],[-0.36670573  0.81989656],[-0.20737578 -0.04413982]
922,0.9220000000000007,[-0.1354348  -0.61524205],[-0.29836864 -0.95355491],[-0.36669342  0.81451801],[-0.20732663 -0.04421309]
923,0.9230000000000007,[-0.13573353 -0.61619479],[-0.29873533 -0.95274039],[-0.36668031  0.8091753 ],[-0.20727738 -0.04428623]
924,0.9240000000000007,[-0.13603263 -0.61714672],[-0.29910201 -0.95193121],[-0.3666664   0.80386816],[-0.20722802 -0.04435923]
925,0.9250000000000007,[-0.1363321  -0.61809785],[-0.29946868 -0.95112734],[-0.3666517   0.79859636],[-0.20717856 -0.04443209]
926,0.9260000000000007,[-0.13663194 -0.61904818],[-0.29983533 -0.95032875],[-0.36663622  0.79335967],[-0.20712898 -0.04450482]
927,0.9270000000000007,[-0.13693214 -0.61999772],[-0.30020197 -0.94953539],[-0.36661995  0.78815784],[-0.2070793 -0.0445774]
928,0.9280000000000007,[-0.13723271 -0.62094646],[-0.30056859 -0.94874723],[-0.36660291  0.78299065],[-0.2070295  -0.04464986]
929,0.9290000000000007,[-0.13753364 -0.62189443],[-0.30093519 -0.94796424],[-0.36658509  0.77785784],[-0.2069796  -0.04472218]
930,0.9300000000000007,[-0.13783495 -0.62284161],[-0.30130178 -0.94718638],[-0.3665665  0.7727592],[-0.20692959 -0.04479436]
931,0.9310000000000007,[-0.13813661 -0.62378803],[-0.30166834 -0.94641362],[-0.36654714  0.7676945 ],[-0.20687948 -0.04486641]
932,0.9320000000000007,[-0.13843865 -0.62473367],[-0.30203489 -0.94564593],[-0.36652702  0.7626635 ],[-0.20682925 -0.04493833]
933,0.9330000000000007,[-0.13874105 -0.62567856],[-0.30240142 -0.94488327],[-0.36650615  0.75766597],[-0.20677892 -0.04501012]
934,0.9340000000000007,[-0.13904382 -0.62662268],[-0.30276792 -0.9441256 ],[-0.36648452  0.7527017 ],[-0.20672848 -0.04508178]
935,0.9350000000000007,[-0.13934695 -0.62756606],[-0.30313441 -0.9433729 ],[-0.36646214  0.74777045],[-0.20667793 -0.0451533 ]
936,0.9360000000000007,[-0.13965045 -0.62850868],[-0.30350087 -0.94262513],[-0.36643901  0.742872  ],[-0.20662727 -0.0452247 ]
937,0.9370000000000007,[-0.13995432 -0.62945056],[-0.30386731 -0.94188226],[-0.36641515  0.73800614],[-0.20657651 -0.04529596]
938,0.9380000000000007,[-0.14025855 -0.63039171],[-0.30423372 -0.94114425],[-0.36639054  0.73317264],[-0.20652563 -0.0453671 ]
939,0.9390000000000007,[-0.14056315 -0.63133212],[-0.30460011 -0.94041108],[-0.3663652   0.72837128],[-0.20647465 -0.0454381 ]
940,0.9400000000000007,[-0.14086812 -0.6322718 ],[-0.30496648 -0.93968271],[-0.36633913  0.72360184],[-0.20642356 -0.04550898]
941,0.9410000000000007,[-0.14117345 -0.63321076],[-0.30533282 -0.9389591 ],[-0.36631234  0.71886412],[-0.20637237 -0.04557974]
942,0.9420000000000007,[-0.14147915 -0.634149  ],[-0.30569913 -0.93824024],[-0.36628482  0.71415789],[-0.20632106 -0.04565036]
943,0.9430000000000007,[-0.14178522 -0.63508653],[-0.30606541 -0.93752608],[-0.36625658  0.70948295],[-0.20626965 -0.04572087]
944,0.9440000000000007,[-0.14209165 -0.63602334],[-0.30643167 -0.9368166 ],[-0.36622763  0.70483908],[-0.20621813 -0.04579124]
945,0.9450000000000007,[-0.14239845 -0.63695945],[-0.3067979  -0.93611176],[-0.36619796  0.70022607],[-0.2061665  -0.04586149]
946,0.9460000000000007,[-0.14270561 -0.63789487],[-0.3071641  -0.93541153],[-0.36616759  0.69564371],[-0.20611477 -0.04593162]
947,0.9470000000000007,[-0.14301314 -0.63882958],[-0.30753026 -0.93471589],[-0.36613652  0.69109181],[-0.20606293 -0.04600162]
948,0.9480000000000007,[-0.14332104 -0.63976361],[-0.3078964 -0.9340248],[-0.36610474  0.68657014],[-0.20601098 -0.0460715 ]
949,0.9490000000000007,[-0.1436293  -0.64069694],[-0.30826251 -0.93333823],[-0.36607227  0.68207851],[-0.20595892 -0.04614126]
950,0.9500000000000007,[-0.14393793 -0.6416296 ],[-0.30862858 -0.93265615],[-0.3660391   0.67761672],[-0.20590675 -0.04621089]
951,0.9510000000000007,[-0.14424692 -0.64256158],[-0.30899462 -0.93197853],[-0.36600524  0.67318456],[-0.20585448 -0.04628041]
952,0.9520000000000007,[-0.14455629 -0.64349288],[-0.30936062 -0.93130535],[-0.3659707   0.66878183],[-0.2058021 -0.0463498]
953,0.9530000000000007,[-0.14486601 -0.64442352],[-0.30972659 -0.93063657],[-0.36593548  0.66440834],[-0.20574961 -0.04641908]
954,0.9540000000000007,[-0.1451761  -0.64535349],[-0.31009253 -0.92997216],[-0.36589958  0.66006389],[-0.20569702 -0.04648823]
955,0.9550000000000007,[-0.14548656 -0.64628281],[-0.31045843 -0.92931209],[-0.365863    0.65574827],[-0.20564432 -0.04655727]
956,0.9560000000000007,[-0.14579739 -0.64721146],[-0.31082429 -0.92865635],[-0.36582575  0.65146131],[-0.20559151 -0.04662618]
957,0.9570000000000007,[-0.14610858 -0.64813947],[-0.31119012 -0.92800488],[-0.36578783  0.6472028 ],[-0.20553859 -0.04669498]
958,0.9580000000000007,[-0.14642013 -0.64906682],[-0.3115559  -0.92735768],[-0.36574924  0.64297254],[-0.20548557 -0.04676366]
959,0.9590000000000007,[-0.14673205 -0.64999354],[-0.31192165 -0.92671471],[-0.36571     0.63877036],[-0.20543244 -0.04683223]
960,0.9600000000000007,[-0.14704434 -0.65091962],[-0.31228736 -0.92607594],[-0.36567009  0.63459606],[-0.2053792  -0.04690068]
961,0.9610000000000007,[-0.147357   -0.65184506],[-0.31265303 -0.92544134],[-0.36562953  0.63044946],[-0.20532586 -0.04696901]
962,0.9620000000000007,[-0.14767001 -0.65276987],[-0.31301866 -0.92481089],[-0.36558832  0.62633036],[-0.20527241 -0.04703723]
963,0.9630000000000007,[-0.1479834  -0.65369405],[-0.31338425 -0.92418456],[-0.36554646  0.62223858],[-0.20521885 -0.04710533]
964,0.9640000000000007,[-0.14829715 -0.65461761],[-0.3137498  -0.92356232],[-0.36550396  0.61817393],[-0.20516518 -0.04717332]
965,0.9650000000000007,[-0.14861126 -0.65554056],[-0.3141153  -0.92294415],[-0.36546081  0.61413624],[-0.20511141 -0.04724119]
966,0.9660000000000007,[-0.14892574 -0.65646289],[-0.31448076 -0.92233001],[-0.36541702  0.61012533],[-0.20505753 -0.04730895]
967,0.9670000000000007,[-0.14924059 -0.65738461],[-0.31484618 -0.92171989],[-0.3653726  0.606141 ],[-0.20500355 -0.0473766 ]
968,0.9680000000000007,[-0.1495558  -0.65830572],[-0.31521155 -0.92111375],[-0.36532755  0.60218308],[-0.20494945 -0.04744414]
969,0.9690000000000007,[-0.14987138 -0.65922623],[-0.31557688 -0.92051156],[-0.36528186  0.5982514 ],[-0.20489525 -0.04751156]
970,0.9700000000000008,[-0.15018732 -0.66014615],[-0.31594216 -0.91991331],[-0.36523555  0.59434577],[-0.20484095 -0.04757888]
971,0.9710000000000008,[-0.15050363 -0.66106547],[-0.3163074  -0.91931897],[-0.36518862  0.59046602],[-0.20478653 -0.04764608]
972,0.9720000000000008,[-0.1508203  -0.66198419],[-0.31667259 -0.9187285 ],[-0.36514107  0.58661198],[-0.20473201 -0.04771317]
973,0.9730000000000008,[-0.15113734 -0.66290234],[-0.31703773 -0.91814189],[-0.3650929   0.58278348],[-0.20467739 -0.04778015]
974,0.9740000000000008,[-0.15145474 -0.6638199 ],[-0.31740282 -0.91755911],[-0.36504412  0.57898033],[-0.20462266 -0.04784703]
975,0.9750000000000008,[-0.15177251 -0.66473688],[-0.31776786 -0.91698013],[-0.36499472  0.57520237],[-0.20456782 -0.04791379]
976,0.9760000000000008,[-0.15209064 -0.66565328],[-0.31813286 -0.91640492],[-0.36494472  0.57144943],[-0.20451287 -0.04798045]
977,0.9770000000000008,[-0.15240914 -0.66656911],[-0.3184978  -0.91583347],[-0.36489412  0.56772135],[-0.20445782 -0.048047  ]
978,0.9780000000000008,[-0.152728   -0.66748438],[-0.3188627  -0.91526575],[-0.36484291  0.56401794],[-0.20440266 -0.04811344]
979,0.9790000000000008,[-0.15304723 -0.66839908],[-0.31922754 -0.91470173],[-0.3647911   0.56033906],[-0.2043474  -0.04817977]
980,0.9800000000000008,[-0.15336682 -0.66931322],[-0.31959233 -0.9141414 ],[-0.3647387   0.55668452],[-0.20429202 -0.048246  ]
981,0.9810000000000008,[-0.15368678 -0.67022681],[-0.31995707 -0.91358471],[-0.3646857   0.55305417],[-0.20423655 -0.04831212]
982,0.9820000000000008,[-0.1540071  -0.67113984],[-0.32032176 -0.91303166],[-0.36463212  0.54944785],[-0.20418096 -0.04837813]
983,0.9830000000000008,[-0.15432779 -0.67205232],[-0.32068639 -0.91248221],[-0.36457794  0.54586539],[-0.20412527 -0.04844404]
984,0.9840000000000008,[-0.15464884 -0.67296426],[-0.32105097 -0.91193634],[-0.36452319  0.54230663],[-0.20406948 -0.04850985]
985,0.9850000000000008,[-0.15497025 -0.67387565],[-0.32141549 -0.91139404],[-0.36446785  0.53877142],[-0.20401357 -0.04857555]
986,0.9860000000000008,[-0.15529203 -0.67478651],[-0.32177996 -0.91085527],[-0.36441193  0.53525959],[-0.20395756 -0.04864115]
987,0.9870000000000008,[-0.15561418 -0.67569683],[-0.32214437 -0.91032001],[-0.36435543  0.53177098],[-0.20390145 -0.04870664]
988,0.9880000000000008,[-0.15593669 -0.67660662],[-0.32250873 -0.90978823],[-0.36429837  0.52830544],[-0.20384523 -0.04877203]
989,0.9890000000000008,[-0.15625956 -0.67751588],[-0.32287302 -0.90925993],[-0.36424073  0.52486282],[-0.2037889  -0.04883732]
990,0.9900000000000008,[-0.1565828  -0.67842461],[-0.32323726 -0.90873507],[-0.36418252  0.52144295],[-0.20373247 -0.04890251]
991,0.9910000000000008,[-0.1569064  -0.67933282],[-0.32360145 -0.90821362],[-0.36412375  0.5180457 ],[-0.20367593 -0.04896759]
992,0.9920000000000008,[-0.15723036 -0.68024052],[-0.32396557 -0.90769558],[-0.36406442  0.51467089],[-0.20361928 -0.04903257]
993,0.9930000000000008,[-0.15755469 -0.6811477 ],[-0.32432963 -0.90718091],[-0.36400453  0.51131839],[-0.20356253 -0.04909746]
994,0.9940000000000008,[-0.15787939 -0.68205437],[-0.32469364 -0.90666959],[-0.36394408  0.50798805],[-0.20350568 -0.04916224]
995,0.9950000000000008,[-0.15820445 -0.68296053],[-0.32505758 -0.9061616 ],[-0.36388307  0.5046797 ],[-0.20344871 -0.04922692]
996,0.9960000000000008,[-0.15852987 -0.68386619],[-0.32542147 -0.90565692],[-0.36382152  0.50139321],[-0.20339164 -0.0492915 ]
997,0.9970000000000008,[-0.15885565 -0.68477134],[-0.32578529 -0.90515553],[-0.36375941  0.49812843],[-0.20333447 -0.04935598]
998,0.9980000000000008,[-0.1591818 -0.685676 ],[-0.32614905 -0.9046574 ],[-0.36369676  0.49488521],[-0.20327719 -0.04942037]
999,0.9990000000000008,[-0.15950831 -0.68658016],[-0.32651274 -0.90416251],[-0.36363356  0.49166341],[-0.2032198  -0.04948465]
1000,1.0000000000000007,[-0.15983519 -0.68748383],[-0.32687638 -0.90367085],[-0.36356982  0.48846288],[-0.20316231 -0.04954884]
1001,1.0010000000000006,[-0.16016243 -0.68838702],[-0.32723995 -0.90318239],[-0.36350555  0.48528348],[-0.20310472 -0.04961293]
1002,1.0020000000000004,[-0.16049003 -0.68928971],[-0.32760345 -0.9026971 ],[-0.36344073  0.48212507],[-0.20304701 -0.04967692]
1003,1.0030000000000003,[-0.160818   -0.69019193],[-0.32796689 -0.90221498],[-0.36337539  0.4789875 ],[-0.20298921 -0.04974082]
1004,1.0040000000000002,[-0.16114633 -0.69109367],[-0.32833027 -0.90173599],[-0.36330951  0.47587064],[-0.20293129 -0.04980462]
1005,1.0050000000000001,[-0.16147502 -0.69199493],[-0.32869358 -0.90126012],[-0.3632431   0.47277435],[-0.20287327 -0.04986832]
1006,1.006,[-0.16180408 -0.69289571],[-0.32905682 -0.90078735],[-0.36317616  0.46969848],[-0.20281515 -0.04993193]
1007,1.007,[-0.1621335  -0.69379603],[-0.32942    -0.90031765],[-0.36310871  0.4666429 ],[-0.20275692 -0.04999544]
1008,1.0079999999999998,[-0.16246328 -0.69469588],[-0.32978311 -0.89985101],[-0.36304072  0.46360748],[-0.20269858 -0.05005886]
1009,1.0089999999999997,[-0.16279343 -0.69559527],[-0.33014615 -0.8993874 ],[-0.36297222  0.46059208],[-0.20264014 -0.05012218]
1010,1.0099999999999996,[-0.16312394 -0.6964942 ],[-0.33050912 -0.89892681],[-0.36290321  0.45759656],[-0.2025816  -0.05018541]
1011,1.0109999999999995,[-0.16345481 -0.69739266],[-0.33087202 -0.89846921],[-0.36283367  0.45462079],[-0.20252294 -0.05024854]
1012,1.0119999999999993,[-0.16378605 -0.69829068],[-0.33123486 -0.89801459],[-0.36276363  0.45166463],[-0.20246419 -0.05031158]
1013,1.0129999999999992,[-0.16411764 -0.69918824],[-0.33159762 -0.89756292],[-0.36269308  0.44872797],[-0.20240533 -0.05037453]
1014,1.0139999999999991,[-0.1644496  -0.70008536],[-0.33196031 -0.8971142 ],[-0.36262201  0.44581065],[-0.20234636 -0.05043738]
1015,1.014999999999999,[-0.16478193 -0.70098202],[-0.33232294 -0.89666838],[-0.36255045  0.44291256],[-0.20228729 -0.05050014]
1016,1.015999999999999,[-0.16511461 -0.70187825],[-0.33268549 -0.89622547],[-0.36247838  0.44003357],[-0.20222811 -0.05056281]
1017,1.0169999999999988,[-0.16544766 -0.70277404],[-0.33304796 -0.89578544],[-0.3624058   0.43717354],[-0.20216883 -0.05062539]
1018,1.0179999999999987,[-0.16578107 -0.70366938],[-0.33341037 -0.89534827],[-0.36233273  0.43433235],[-0.20210944 -0.05068787]
1019,1.0189999999999986,[-0.16611484 -0.7045643 ],[-0.3337727  -0.89491393],[-0.36225917  0.43150988],[-0.20204995 -0.05075027]
1020,1.0199999999999985,[-0.16644898 -0.70545878],[-0.33413496 -0.89448242],[-0.36218511  0.42870599],[-0.20199035 -0.05081257]
1021,1.0209999999999984,[-0.16678348 -0.70635283],[-0.33449715 -0.89405372],[-0.36211055  0.42592056],[-0.20193065 -0.05087479]
1022,1.0219999999999982,[-0.16711834 -0.70724646],[-0.33485926 -0.8936278 ],[-0.36203551  0.42315347],[-0.20187084 -0.05093691]
1023,1.0229999999999981,[-0.16745356 -0.70813967],[-0.33522129 -0.89320464],[-0.36195998  0.42040459],[-0.20181093 -0.05099894]
1024,1.023999999999998,[-0.16778914 -0.70903245],[-0.33558325 -0.89278424],[-0.36188396  0.41767381],[-0.20175091 -0.05106089]
1025,1.024999999999998,[-0.16812508 -0.70992482],[-0.33594514 -0.89236656],[-0.36180746  0.414961  ],[-0.20169079 -0.05112274]
1026,1.0259999999999978,[-0.16846139 -0.71081677],[-0.33630694 -0.8919516 ],[-0.36173048  0.41226603],[-0.20163056 -0.05118451]
1027,1.0269999999999977,[-0.16879806 -0.71170831],[-0.33666867 -0.89153934],[-0.36165302  0.4095888 ],[-0.20157023 -0.05124619]
1028,1.0279999999999976,[-0.16913509 -0.71259944],[-0.33703033 -0.89112975],[-0.36157509  0.40692918],[-0.20150979 -0.05130778]
1029,1.0289999999999975,[-0.16947248 -0.71349016],[-0.3373919  -0.89072282],[-0.36149667  0.40428705],[-0.20144925 -0.05136928]
1030,1.0299999999999974,[-0.16981024 -0.71438048],[-0.3377534  -0.89031853],[-0.36141779  0.40166229],[-0.2013886  -0.05143069]
1031,1.0309999999999973,[-0.17014835 -0.7152704 ],[-0.33811482 -0.88991687],[-0.36133843  0.39905479],[-0.20132785 -0.05149202]
1032,1.0319999999999971,[-0.17048683 -0.71615991],[-0.33847616 -0.88951782],[-0.36125861  0.39646444],[-0.201267   -0.05155326]
1033,1.032999999999997,[-0.17082566 -0.71704904],[-0.33883741 -0.88912135],[-0.36117832  0.39389111],[-0.20120604 -0.05161441]
1034,1.033999999999997,[-0.17116486 -0.71793776],[-0.33919859 -0.88872746],[-0.36109756  0.3913347 ],[-0.20114497 -0.05167548]
1035,1.0349999999999968,[-0.17150442 -0.7188261 ],[-0.33955969 -0.88833613],[-0.36101634  0.38879509],[-0.20108381 -0.05173646]
1036,1.0359999999999967,[-0.17184434 -0.71971405],[-0.33992071 -0.88794733],[-0.36093466  0.38627216],[-0.20102253 -0.05179735]
1037,1.0369999999999966,[-0.17218463 -0.72060161],[-0.34028164 -0.88756106],[-0.36085253  0.38376581],[-0.20096116 -0.05185816]
1038,1.0379999999999965,[-0.17252527 -0.72148878],[-0.34064249 -0.88717729],[-0.36076993  0.38127592],[-0.20089967 -0.05191889]
1039,1.0389999999999964,[-0.17286627 -0.72237558],[-0.34100326 -0.88679602],[-0.36068688  0.37880238],[-0.20083809 -0.05197953]
1040,1.0399999999999963,[-0.17320763 -0.723262  ],[-0.34136395 -0.88641721],[-0.36060338  0.37634509],[-0.2007764  -0.05204008]
1041,1.0409999999999962,[-0.17354936 -0.72414804],[-0.34172455 -0.88604087],[-0.36051942  0.37390393],[-0.2007146  -0.05210055]
1042,1.041999999999996,[-0.17389144 -0.72503371],[-0.34208507 -0.88566696],[-0.36043502  0.3714788 ],[-0.2006527  -0.05216094]
1043,1.042999999999996,[-0.17423389 -0.725919  ],[-0.34244551 -0.88529549],[-0.36035017  0.36906959],[-0.2005907  -0.05222124]
1044,1.0439999999999958,[-0.1745767  -0.72680393],[-0.34280586 -0.88492642],[-0.36026487  0.36667619],[-0.20052859 -0.05228146]
1045,1.0449999999999957,[-0.17491986 -0.72768849],[-0.34316612 -0.88455974],[-0.36017913  0.36429849],[-0.20046638 -0.0523416 ]
1046,1.0459999999999956,[-0.17526339 -0.72857268],[-0.3435263  -0.88419544],[-0.36009295  0.3619364 ],[-0.20040406 -0.05240165]
1047,1.0469999999999955,[-0.17560727 -0.72945652],[-0.3438864  -0.88383351],[-0.36000633  0.3595898 ],[-0.20034164 -0.05246162]
1048,1.0479999999999954,[-0.17595152 -0.73033999],[-0.3442464  -0.88347392],[-0.35991927  0.3572586 ],[-0.20027912 -0.05252151]
1049,1.0489999999999953,[-0.17629613 -0.73122311],[-0.34460632 -0.88311666],[-0.35983177  0.35494268],[-0.20021649 -0.05258132]
1050,1.0499999999999952,[-0.17664109 -0.73210587],[-0.34496615 -0.88276171],[-0.35974384  0.35264195],[-0.20015376 -0.05264104]
1051,1.050999999999995,[-0.17698642 -0.73298828],[-0.3453259  -0.88240907],[-0.35965548  0.35035631],[-0.20009092 -0.05270068]
1052,1.051999999999995,[-0.1773321  -0.73387034],[-0.34568555 -0.88205872],[-0.35956669  0.34808565],[-0.20002798 -0.05276024]
1053,1.0529999999999948,[-0.17767815 -0.73475205],[-0.34604512 -0.88171063],[-0.35947746  0.34582987],[-0.19996494 -0.05281973]
1054,1.0539999999999947,[-0.17802455 -0.73563341],[-0.3464046 -0.8813648],[-0.35938781  0.34358887],[-0.19990179 -0.05287913]
1055,1.0549999999999946,[-0.17837132 -0.73651443],[-0.34676398 -0.88102121],[-0.35929774  0.34136256],[-0.19983854 -0.05293844]
1056,1.0559999999999945,[-0.17871844 -0.73739511],[-0.34712328 -0.88067985],[-0.35920724  0.33915084],[-0.19977518 -0.05299768]
1057,1.0569999999999944,[-0.17906592 -0.73827545],[-0.34748249 -0.8803407 ],[-0.35911632  0.3369536 ],[-0.19971172 -0.05305684]
1058,1.0579999999999943,[-0.17941377 -0.73915546],[-0.34784161 -0.88000374],[-0.35902497  0.33477076],[-0.19964816 -0.05311592]
1059,1.0589999999999942,[-0.17976197 -0.74003513],[-0.34820063 -0.87966897],[-0.35893321  0.33260221],[-0.19958449 -0.05317492]
1060,1.059999999999994,[-0.18011053 -0.74091446],[-0.34855956 -0.87933637],[-0.35884103  0.33044786],[-0.19952072 -0.05323384]
1061,1.060999999999994,[-0.18045944 -0.74179347],[-0.3489184  -0.87900592],[-0.35874844  0.32830762],[-0.19945685 -0.05329269]
1062,1.0619999999999938,[-0.18080872 -0.74267215],[-0.34927715 -0.87867762],[-0.35865543  0.32618138],[-0.19939287 -0.05335145]
1063,1.0629999999999937,[-0.18115836 -0.7435505 ],[-0.34963581 -0.87835143],[-0.35856201  0.32406906],[-0.19932879 -0.05341013]
1064,1.0639999999999936,[-0.18150835 -0.74442852],[-0.34999437 -0.87802737],[-0.35846818  0.32197056],[-0.19926461 -0.05346874]
1065,1.0649999999999935,[-0.1818587  -0.74530623],[-0.35035284 -0.8777054 ],[-0.35837394  0.3198858 ],[-0.19920032 -0.05352727]
1066,1.0659999999999934,[-0.18220942 -0.74618362],[-0.35071121 -0.87738551],[-0.3582793   0.31781467],[-0.19913593 -0.05358572]
1067,1.0669999999999933,[-0.18256049 -0.74706068],[-0.35106949 -0.87706769],[-0.35818424  0.31575709],[-0.19907143 -0.05364409]
1068,1.0679999999999932,[-0.18291191 -0.74793744],[-0.35142768 -0.87675194],[-0.35808879  0.31371296],[-0.19900683 -0.05370239]
1069,1.068999999999993,[-0.1832637  -0.74881387],[-0.35178577 -0.87643822],[-0.35799293  0.31168221],[-0.19894213 -0.05376061]
1070,1.069999999999993,[-0.18361584 -0.74969   ],[-0.35214376 -0.87612654],[-0.35789667  0.30966472],[-0.19887732 -0.05381875]
1071,1.0709999999999928,[-0.18396834 -0.75056582],[-0.35250165 -0.87581688],[-0.35780001  0.30766043],[-0.19881242 -0.05387681]
1072,1.0719999999999927,[-0.1843212  -0.75144133],[-0.35285945 -0.87550922],[-0.35770295  0.30566924],[-0.1987474 -0.0539348]
1073,1.0729999999999926,[-0.18467442 -0.75231653],[-0.35321716 -0.87520355],[-0.3576055   0.30369106],[-0.19868229 -0.05399272]
1074,1.0739999999999925,[-0.185028   -0.75319143],[-0.35357476 -0.87489986],[-0.35750765  0.30172581],[-0.19861707 -0.05405055]
1075,1.0749999999999924,[-0.18538193 -0.75406603],[-0.35393227 -0.87459813],[-0.35740941  0.29977339],[-0.19855175 -0.05410831]
1076,1.0759999999999923,[-0.18573622 -0.75494033],[-0.35428968 -0.87429836],[-0.35731078  0.29783373],[-0.19848632 -0.054166  ]
1077,1.0769999999999922,[-0.18609086 -0.75581433],[-0.35464699 -0.87400052],[-0.35721176  0.29590674],[-0.19842079 -0.05422361]
1078,1.077999999999992,[-0.18644587 -0.75668803],[-0.3550042  -0.87370462],[-0.35711235  0.29399233],[-0.19835516 -0.05428114]
1079,1.078999999999992,[-0.18680123 -0.75756144],[-0.35536132 -0.87341062],[-0.35701255  0.29209041],[-0.19828943 -0.0543386 ]
1080,1.0799999999999919,[-0.18715695 -0.75843456],[-0.35571833 -0.87311853],[-0.35691236  0.29020092],[-0.19822359 -0.05439599]
1081,1.0809999999999917,[-0.18751302 -0.75930739],[-0.35607524 -0.87282833],[-0.35681179  0.28832376],[-0.19815765 -0.0544533 ]
1082,1.0819999999999916,[-0.18786946 -0.76017993],[-0.35643205 -0.87254001],[-0.35671084  0.28645884],[-0.19809161 -0.05451054]
1083,1.0829999999999915,[-0.18822624 -0.76105218],[-0.35678876 -0.87225355],[-0.35660951  0.2846061 ],[-0.19802546 -0.0545677 ]
1084,1.0839999999999914,[-0.18858339 -0.76192415],[-0.35714537 -0.87196894],[-0.35650779  0.28276544],[-0.19795921 -0.05462479]
1085,1.0849999999999913,[-0.18894089 -0.76279584],[-0.35750188 -0.87168618],[-0.3564057   0.28093679],[-0.19789286 -0.0546818 ]
1086,1.0859999999999912,[-0.18929875 -0.76366724],[-0.35785829 -0.87140524],[-0.35630323  0.27912007],[-0.19782641 -0.05473875]
1087,1.086999999999991,[-0.18965696 -0.76453837],[-0.35821459 -0.87112612],[-0.35620039  0.27731519],[-0.19775985 -0.05479562]
1088,1.087999999999991,[-0.19001554 -0.76540922],[-0.35857079 -0.87084881],[-0.35609717  0.27552208],[-0.19769319 -0.05485241]
1089,1.0889999999999909,[-0.19037446 -0.76627979],[-0.35892689 -0.87057329],[-0.35599357  0.27374066],[-0.19762642 -0.05490913]
1090,1.0899999999999908,[-0.19073375 -0.76715009],[-0.35928288 -0.87029954],[-0.35588961  0.27197085],[-0.19755956 -0.05496578]
1091,1.0909999999999906,[-0.19109338 -0.76802012],[-0.35963877 -0.87002757],[-0.35578528  0.27021258],[-0.19749259 -0.05502236]
1092,1.0919999999999905,[-0.19145338 -0.76888988],[-0.35999455 -0.86975736],[-0.35568057  0.26846576],[-0.19742552 -0.05507887]
1093,1.0929999999999904,[-0.19181373 -0.76975936],[-0.36035024 -0.8694889 ],[-0.3555755   0.26673032],[-0.19735834 -0.0551353 ]
1094,1.0939999999999903,[-0.19217443 -0.77062859],[-0.36070581 -0.86922217],[-0.35547006  0.26500618],[-0.19729107 -0.05519166]
1095,1.0949999999999902,[-0.1925355  -0.77149754],[-0.36106128 -0.86895716],[-0.35536426  0.26329328],[-0.19722369 -0.05524795]
1096,1.09599999999999,[-0.19289691 -0.77236624],[-0.36141665 -0.86869387],[-0.35525809  0.26159153],[-0.19715621 -0.05530417]
1097,1.09699999999999,[-0.19325868 -0.77323467],[-0.3617719  -0.86843227],[-0.35515157  0.25990085],[-0.19708862 -0.05536032]
1098,1.0979999999999899,[-0.19362081 -0.77410284],[-0.36212705 -0.86817237],[-0.35504468  0.25822119],[-0.19702094 -0.05541639]
1099,1.0989999999999898,[-0.19398329 -0.77497076],[-0.3624821  -0.86791415],[-0.35493743  0.25655245],[-0.19695315 -0.0554724 ]
1100,1.0999999999999897,[-0.19434613 -0.77583841],[-0.36283704 -0.8676576 ],[-0.35482982  0.25489458],[-0.19688526 -0.05552833]
1101,1.1009999999999895,[-0.19470932 -0.77670582],[-0.36319187 -0.86740271],[-0.35472185  0.25324749],[-0.19681726 -0.0555842 ]
1102,1.1019999999999894,[-0.19507287 -0.77757297],[-0.36354659 -0.86714946],[-0.35461353  0.25161111],[-0.19674917 -0.05563999]
1103,1.1029999999999893,[-0.19543677 -0.77843986],[-0.3639012  -0.86689785],[-0.35450486  0.24998538],[-0.19668097 -0.05569571]
1104,1.1039999999999892,[-0.19580103 -0.77930651],[-0.36425571 -0.86664786],[-0.35439583  0.24837023],[-0.19661267 -0.05575137]
1105,1.104999999999989,[-0.19616564 -0.78017291],[-0.3646101  -0.86639949],[-0.35428645  0.24676557],[-0.19654427 -0.05580695]
1106,1.105999999999989,[-0.1965306  -0.78103906],[-0.36496439 -0.86615273],[-0.35417671  0.24517135],[-0.19647576 -0.05586246]
1107,1.1069999999999889,[-0.19689592 -0.78190497],[-0.36531857 -0.86590755],[-0.35406663  0.24358749],[-0.19640715 -0.05591791]
1108,1.1079999999999888,[-0.19726159 -0.78277064],[-0.36567263 -0.86566397],[-0.3539562   0.24201392],[-0.19633845 -0.05597328]
1109,1.1089999999999887,[-0.19762762 -0.78363606],[-0.36602659 -0.86542195],[-0.35384542  0.24045058],[-0.19626963 -0.05602858]
1110,1.1099999999999886,[-0.197994   -0.78450124],[-0.36638043 -0.8651815 ],[-0.3537343  0.2388974],[-0.19620072 -0.05608382]
1111,1.1109999999999884,[-0.19836073 -0.78536618],[-0.36673417 -0.8649426 ],[-0.35362283  0.23735431],[-0.19613171 -0.05613899]
1112,1.1119999999999883,[-0.19872782 -0.78623089],[-0.36708779 -0.86470525],[-0.35351102  0.23582123],[-0.19606259 -0.05619409]
1113,1.1129999999999882,[-0.19909526 -0.78709536],[-0.3674413  -0.86446943],[-0.35339886  0.23429812],[-0.19599337 -0.05624912]
1114,1.113999999999988,[-0.19946306 -0.78795959],[-0.3677947  -0.86423513],[-0.35328637  0.23278489],[-0.19592405 -0.05630408]
1115,1.114999999999988,[-0.1998312  -0.78882359],[-0.36814799 -0.86400235],[-0.35317353  0.23128149],[-0.19585462 -0.05635897]
1116,1.115999999999988,[-0.20019971 -0.78968736],[-0.36850116 -0.86377106],[-0.35306035  0.22978784],[-0.1957851 -0.0564138]
1117,1.1169999999999878,[-0.20056856 -0.79055091],[-0.36885422 -0.86354128],[-0.35294684  0.22830389],[-0.19571547 -0.05646855]
1118,1.1179999999999877,[-0.20093777 -0.79141422],[-0.36920717 -0.86331297],[-0.35283299  0.22682956],[-0.19564574 -0.05652324]
1119,1.1189999999999876,[-0.20130733 -0.79227731],[-0.36956    -0.86308614],[-0.3527188   0.22536481],[-0.19557591 -0.05657787]
1120,1.1199999999999875,[-0.20167724 -0.79314017],[-0.36991272 -0.86286078],[-0.35260428  0.22390955],[-0.19550598 -0.05663242]
1121,1.1209999999999873,[-0.20204751 -0.7940028 ],[-0.37026532 -0.86263687],[-0.35248942  0.22246373],[-0.19543595 -0.05668691]
1122,1.1219999999999872,[-0.20241812 -0.79486522],[-0.37061781 -0.86241441],[-0.35237424  0.22102728],[-0.19536581 -0.05674133]
1123,1.1229999999999871,[-0.20278909 -0.79572741],[-0.37097019 -0.86219338],[-0.35225872  0.21960015],[-0.19529557 -0.05679568]
1124,1.123999999999987,[-0.20316042 -0.79658938],[-0.37132245 -0.86197378],[-0.35214287  0.21818227],[-0.19522523 -0.05684997]
1125,1.124999999999987,[-0.20353209 -0.79745114],[-0.37167459 -0.8617556 ],[-0.35202669  0.21677358],[-0.19515479 -0.05690419]
1126,1.1259999999999868,[-0.20390412 -0.79831268],[-0.37202662 -0.86153882],[-0.35191019  0.21537401],[-0.19508425 -0.05695834]
1127,1.1269999999999867,[-0.2042765 -0.799174 ],[-0.37237853 -0.86132345],[-0.35179335  0.21398352],[-0.19501361 -0.05701242]
1128,1.1279999999999866,[-0.20464923 -0.80003511],[-0.37273032 -0.86110946],[-0.35167619  0.21260203],[-0.19494286 -0.05706644]
1129,1.1289999999999865,[-0.20502231 -0.80089601],[-0.373082   -0.86089686],[-0.35155871  0.21122949],[-0.19487202 -0.0571204 ]
1130,1.1299999999999863,[-0.20539574 -0.80175669],[-0.37343355 -0.86068563],[-0.3514409   0.20986583],[-0.19480107 -0.05717429]
1131,1.1309999999999862,[-0.20576953 -0.80261717],[-0.373785   -0.86047577],[-0.35132277  0.20851101],[-0.19473002 -0.05722811]
1132,1.1319999999999861,[-0.20614366 -0.80347744],[-0.37413632 -0.86026726],[-0.35120432  0.20716496],[-0.19465887 -0.05728186]
1133,1.132999999999986,[-0.20651815 -0.8043375 ],[-0.37448752 -0.86006009],[-0.35108555  0.20582761],[-0.19458762 -0.05733556]
1134,1.133999999999986,[-0.20689299 -0.80519735],[-0.37483861 -0.85985426],[-0.35096646  0.20449893],[-0.19451626 -0.05738918]
1135,1.1349999999999858,[-0.20726818 -0.806057  ],[-0.37518957 -0.85964976],[-0.35084704  0.20317884],[-0.19444481 -0.05744274]
1136,1.1359999999999857,[-0.20764372 -0.80691645],[-0.37554042 -0.85944659],[-0.35072732  0.20186729],[-0.19437325 -0.05749624]
1137,1.1369999999999856,[-0.20801961 -0.80777569],[-0.37589115 -0.85924472],[-0.35060727  0.20056422],[-0.19430159 -0.05754967]
1138,1.1379999999999855,[-0.20839585 -0.80863474],[-0.37624176 -0.85904415],[-0.35048691  0.19926958],[-0.19422984 -0.05760303]
1139,1.1389999999999854,[-0.20877244 -0.80949358],[-0.37659224 -0.85884488],[-0.35036623  0.19798331],[-0.19415798 -0.05765633]
1140,1.1399999999999852,[-0.20914939 -0.81035223],[-0.37694261 -0.8586469 ],[-0.35024524  0.19670536],[-0.19408602 -0.05770956]
1141,1.1409999999999851,[-0.20952668 -0.81121068],[-0.37729285 -0.8584502 ],[-0.35012394  0.19543566],[-0.19401395 -0.05776274]
1142,1.141999999999985,[-0.20990432 -0.81206893],[-0.37764298 -0.85825476],[-0.35000233  0.19417418],[-0.19394179 -0.05781584]
1143,1.142999999999985,[-0.21028232 -0.81292699],[-0.37799298 -0.85806059],[-0.3498804   0.19292084],[-0.19386953 -0.05786888]
1144,1.1439999999999848,[-0.21066066 -0.81378486],[-0.37834286 -0.85786767],[-0.34975817  0.1916756 ],[-0.19379716 -0.05792186]
1145,1.1449999999999847,[-0.21103935 -0.81464254],[-0.37869262 -0.85767599],[-0.34963563  0.1904384 ],[-0.1937247  -0.05797478]
1146,1.1459999999999846,[-0.21141839 -0.81550002],[-0.37904226 -0.85748555],[-0.34951277  0.1892092 ],[-0.19365213 -0.05802763]
1147,1.1469999999999845,[-0.21179778 -0.81635732],[-0.37939177 -0.85729634],[-0.34938962  0.18798793],[-0.19357946 -0.05808041]
1148,1.1479999999999844,[-0.21217753 -0.81721443],[-0.37974116 -0.85710835],[-0.34926615  0.18677454],[-0.1935067  -0.05813313]
1149,1.1489999999999843,[-0.21255762 -0.81807135],[-0.38009042 -0.85692158],[-0.34914238  0.18556899],[-0.19343383 -0.05818579]
1150,1.1499999999999841,[-0.21293806 -0.81892809],[-0.38043957 -0.85673601],[-0.34901831  0.18437122],[-0.19336086 -0.05823839]
1151,1.150999999999984,[-0.21331884 -0.81978464],[-0.38078858 -0.85655164],[-0.34889393  0.18318117],[-0.19328779 -0.05829092]
1152,1.151999999999984,[-0.21369998 -0.82064101],[-0.38113748 -0.85636846],[-0.34876925  0.18199881],[-0.19321462 -0.05834339]
1153,1.1529999999999838,[-0.21408147 -0.82149719],[-0.38148625 -0.85618646],[-0.34864427  0.18082407],[-0.19314134 -0.05839579]
1154,1.1539999999999837,[-0.2144633 -0.8223532],[-0.38183489 -0.85600564],[-0.34851899  0.17965691],[-0.19306797 -0.05844814]
1155,1.1549999999999836,[-0.21484549 -0.82320902],[-0.38218341 -0.85582598],[-0.34839341  0.17849727],[-0.1929945  -0.05850042]
1156,1.1559999999999835,[-0.21522802 -0.82406467],[-0.3825318  -0.85564748],[-0.34826753  0.17734511],[-0.19292093 -0.05855263]
1157,1.1569999999999834,[-0.2156109  -0.82492014],[-0.38288007 -0.85547014],[-0.34814135  0.17620038],[-0.19284725 -0.05860479]
1158,1.1579999999999833,[-0.21599413 -0.82577544],[-0.38322821 -0.85529394],[-0.34801487  0.17506302],[-0.19277348 -0.05865688]
1159,1.1589999999999832,[-0.2163777  -0.82663055],[-0.38357623 -0.85511887],[-0.3478881  0.173933 ],[-0.1926996  -0.05870891]
1160,1.159999999999983,[-0.21676163 -0.8274855 ],[-0.38392412 -0.85494494],[-0.34776103  0.17281025],[-0.19262563 -0.05876088]
1161,1.160999999999983,[-0.2171459  -0.82834027],[-0.38427188 -0.85477213],[-0.34763367  0.17169474],[-0.19255155 -0.05881278]
1162,1.1619999999999828,[-0.21753052 -0.82919487],[-0.38461951 -0.85460043],[-0.34750602  0.17058641],[-0.19247737 -0.05886463]
1163,1.1629999999999827,[-0.21791549 -0.8300493 ],[-0.38496702 -0.85442985],[-0.34737807  0.16948521],[-0.1924031  -0.05891641]
1164,1.1639999999999826,[-0.2183008  -0.83090356],[-0.3853144  -0.85426036],[-0.34724983  0.16839111],[-0.19232872 -0.05896813]
1165,1.1649999999999825,[-0.21868646 -0.83175765],[-0.38566164 -0.85409197],[-0.3471213   0.16730405],[-0.19225424 -0.05901978]
1166,1.1659999999999824,[-0.21907247 -0.83261158],[-0.38600877 -0.85392467],[-0.34699248  0.16622399],[-0.19217966 -0.05907138]
1167,1.1669999999999823,[-0.21945883 -0.83346534],[-0.38635576 -0.85375844],[-0.34686336  0.16515088],[-0.19210499 -0.05912291]
1168,1.1679999999999822,[-0.21984553 -0.83431893],[-0.38670262 -0.85359329],[-0.34673396  0.16408467],[-0.19203021 -0.05917438]
1169,1.168999999999982,[-0.22023258 -0.83517236],[-0.38704936 -0.85342921],[-0.34660428  0.16302532],[-0.19195533 -0.05922579]
1170,1.169999999999982,[-0.22061997 -0.83602563],[-0.38739596 -0.85326618],[-0.3464743   0.16197278],[-0.19188035 -0.05927714]
1171,1.1709999999999818,[-0.22100772 -0.83687873],[-0.38774243 -0.85310421],[-0.34634404  0.16092701],[-0.19180527 -0.05932843]
1172,1.1719999999999817,[-0.22139581 -0.83773167],[-0.38808878 -0.85294328],[-0.34621349  0.15988797],[-0.19173009 -0.05937966]
1173,1.1729999999999816,[-0.22178424 -0.83858446],[-0.38843499 -0.8527834 ],[-0.34608266  0.1588556 ],[-0.19165482 -0.05943083]
1174,1.1739999999999815,[-0.22217302 -0.83943708],[-0.38878107 -0.85262454],[-0.34595155  0.15782987],[-0.19157944 -0.05948193]
1175,1.1749999999999814,[-0.22256215 -0.84028955],[-0.38912703 -0.85246671],[-0.34582015  0.15681073],[-0.19150396 -0.05953298]
1176,1.1759999999999813,[-0.22295162 -0.84114186],[-0.38947285 -0.8523099 ],[-0.34568847  0.15579814],[-0.19142838 -0.05958396]
1177,1.1769999999999812,[-0.22334144 -0.84199401],[-0.38981853 -0.8521541 ],[-0.34555651  0.15479205],[-0.1913527  -0.05963488]
1178,1.177999999999981,[-0.2237316  -0.84284601],[-0.39016409 -0.85199931],[-0.34542426  0.15379243],[-0.19127692 -0.05968575]
1179,1.178999999999981,[-0.22412211 -0.84369786],[-0.39050952 -0.85184552],[-0.34529174  0.15279922],[-0.19120105 -0.05973655]
1180,1.1799999999999808,[-0.22451297 -0.84454955],[-0.39085481 -0.85169272],[-0.34515894  0.1518124 ],[-0.19112507 -0.05978729]
1181,1.1809999999999807,[-0.22490417 -0.84540109],[-0.39119997 -0.8515409 ],[-0.34502586  0.1508319 ],[-0.19104899 -0.05983797]
1182,1.1819999999999806,[-0.22529571 -0.84625248],[-0.39154499 -0.85139007],[-0.3448925  0.1498577],[-0.19097281 -0.05988859]
1183,1.1829999999999805,[-0.2256876  -0.84710372],[-0.39188988 -0.85124022],[-0.34475886  0.14888975],[-0.19089654 -0.05993916]
1184,1.1839999999999804,[-0.22607984 -0.84795481],[-0.39223464 -0.85109133],[-0.34462495  0.14792801],[-0.19082016 -0.05998966]
1185,1.1849999999999803,[-0.22647242 -0.84880576],[-0.39257927 -0.8509434 ],[-0.34449076  0.14697244],[-0.19074368 -0.0600401 ]
1186,1.1859999999999802,[-0.22686534 -0.84965655],[-0.39292376 -0.85079642],[-0.3443563  0.146023 ],[-0.19066711 -0.06009048]
1187,1.18699999999998,[-0.22725861 -0.8505072 ],[-0.39326812 -0.8506504 ],[-0.34422156  0.14507965],[-0.19059043 -0.0601408 ]
1188,1.18799999999998,[-0.22765222 -0.85135771],[-0.39361234 -0.85050532],[-0.34408655  0.14414234],[-0.19051366 -0.06019106]
1189,1.1889999999999799,[-0.22804618 -0.85220807],[-0.39395642 -0.85036118],[-0.34395127  0.14321105],[-0.19043678 -0.06024127]
1190,1.1899999999999797,[-0.22844048 -0.85305829],[-0.39430038 -0.85021797],[-0.34381571  0.14228572],[-0.19035981 -0.06029141]
1191,1.1909999999999796,[-0.22883512 -0.85390836],[-0.39464419 -0.85007568],[-0.34367989  0.14136633],[-0.19028274 -0.06034149]
1192,1.1919999999999795,[-0.22923011 -0.8547583 ],[-0.39498787 -0.84993432],[-0.34354379  0.14045282],[-0.19020556 -0.06039152]
1193,1.1929999999999794,[-0.22962544 -0.85560809],[-0.39533141 -0.84979386],[-0.34340742  0.13954516],[-0.19012829 -0.06044148]
1194,1.1939999999999793,[-0.23002112 -0.85645774],[-0.39567482 -0.84965432],[-0.34327079  0.13864332],[-0.19005092 -0.06049139]
1195,1.1949999999999792,[-0.23041713 -0.85730726],[-0.39601809 -0.84951568],[-0.34313388  0.13774726],[-0.18997345 -0.06054124]
1196,1.195999999999979,[-0.2308135  -0.85815664],[-0.39636123 -0.84937793],[-0.34299671  0.13685693],[-0.18989588 -0.06059102]
1197,1.196999999999979,[-0.2312102  -0.85900588],[-0.39670422 -0.84924107],[-0.34285927  0.1359723 ],[-0.18981821 -0.06064075]
1198,1.1979999999999789,[-0.23160725 -0.85985498],[-0.39704708 -0.8491051 ],[-0.34272156  0.13509333],[-0.18974044 -0.06069042]
1199,1.1989999999999787,[-0.23200464 -0.86070395],[-0.3973898  -0.84897001],[-0.34258359  0.13421999],[-0.18966258 -0.06074003]
1200,1.1999999999999786,[-0.23240237 -0.86155279],[-0.39773239 -0.84883579],[-0.34244535  0.13335223],[-0.18958461 -0.06078959]
1201,1.2009999999999785,[-0.23280044 -0.86240149],[-0.39807483 -0.84870243],[-0.34230685  0.13249003],[-0.18950654 -0.06083908]
1202,1.2019999999999784,[-0.23319886 -0.86325006],[-0.39841714 -0.84856994],[-0.34216809  0.13163334],[-0.18942838 -0.06088851]
1203,1.2029999999999783,[-0.23359762 -0.8640985 ],[-0.39875931 -0.84843831],[-0.34202906  0.13078213],[-0.18935011 -0.06093789]
1204,1.2039999999999782,[-0.23399672 -0.86494681],[-0.39910134 -0.84830753],[-0.34188977  0.12993636],[-0.18927175 -0.06098721]
1205,1.204999999999978,[-0.23439616 -0.86579499],[-0.39944323 -0.84817759],[-0.34175021  0.129096  ],[-0.18919329 -0.06103647]
1206,1.205999999999978,[-0.23479595 -0.86664303],[-0.39978498 -0.8480485 ],[-0.3416104  0.128261 ],[-0.18911473 -0.06108567]
1207,1.2069999999999779,[-0.23519608 -0.86749095],[-0.40012659 -0.84792023],[-0.34147032  0.12743135],[-0.18903607 -0.06113481]
1208,1.2079999999999778,[-0.23559654 -0.86833875],[-0.40046806 -0.8477928 ],[-0.34132999  0.126607  ],[-0.18895731 -0.0611839 ]
1209,1.2089999999999776,[-0.23599735 -0.86918641],[-0.40080939 -0.8476662 ],[-0.34118939  0.12578791],[-0.18887845 -0.06123293]
1210,1.2099999999999775,[-0.2363985  -0.87003395],[-0.40115058 -0.84754041],[-0.34104854  0.12497405],[-0.1887995 -0.0612819]
1211,1.2109999999999774,[-0.2368     -0.87088137],[-0.40149163 -0.84741543],[-0.34090743  0.12416539],[-0.18872044 -0.06133081]
1212,1.2119999999999773,[-0.23720183 -0.87172866],[-0.40183253 -0.84729127],[-0.34076606  0.1233619 ],[-0.18864129 -0.06137966]
1213,1.2129999999999772,[-0.237604   -0.87257583],[-0.4021733  -0.84716791],[-0.34062444  0.12256353],[-0.18856204 -0.06142846]
1214,1.213999999999977,[-0.23800652 -0.87342287],[-0.40251392 -0.84704534],[-0.34048255  0.12177026],[-0.18848269 -0.06147719]
1215,1.214999999999977,[-0.23840937 -0.8742698 ],[-0.40285441 -0.84692357],[-0.34034042  0.12098205],[-0.18840324 -0.06152587]
1216,1.2159999999999769,[-0.23881256 -0.8751166 ],[-0.40319475 -0.84680259],[-0.34019802  0.12019887],[-0.18832369 -0.0615745 ]
1217,1.2169999999999768,[-0.2392161  -0.87596328],[-0.40353494 -0.84668239],[-0.34005538  0.11942069],[-0.18824404 -0.06162306]
1218,1.2179999999999767,[-0.23961997 -0.87680985],[-0.403875   -0.84656297],[-0.33991248  0.11864747],[-0.1881643  -0.06167157]
1219,1.2189999999999765,[-0.24002419 -0.87765629],[-0.40421491 -0.84644432],[-0.33976932  0.11787918],[-0.18808445 -0.06172002]
1220,1.2199999999999764,[-0.24042874 -0.87850262],[-0.40455468 -0.84632645],[-0.33962592  0.11711579],[-0.18800451 -0.06176841]
1221,1.2209999999999763,[-0.24083364 -0.87934883],[-0.40489431 -0.84620933],[-0.33948226  0.11635726],[-0.18792447 -0.06181674]
1222,1.2219999999999762,[-0.24123887 -0.88019492],[-0.40523379 -0.84609297],[-0.33933835  0.11560357],[-0.18784433 -0.06186502]
1223,1.222999999999976,[-0.24164445 -0.8810409 ],[-0.40557313 -0.84597737],[-0.33919419  0.11485469],[-0.18776409 -0.06191324]
1224,1.223999999999976,[-0.24205036 -0.88188676],[-0.40591232 -0.84586251],[-0.33904977  0.11411057],[-0.18768376 -0.06196141]
1225,1.2249999999999759,[-0.24245661 -0.88273251],[-0.40625137 -0.8457484 ],[-0.33890511  0.1133712 ],[-0.18760332 -0.06200951]
1226,1.2259999999999758,[-0.2428632  -0.88357814],[-0.40659028 -0.84563503],[-0.3387602   0.11263654],[-0.18752279 -0.06205756]
1227,1.2269999999999757,[-0.24327013 -0.88442366],[-0.40692904 -0.8455224 ],[-0.33861504  0.11190655],[-0.18744216 -0.06210555]
1228,1.2279999999999756,[-0.2436774  -0.88526908],[-0.40726765 -0.84541049],[-0.33846963  0.11118121],[-0.18736143 -0.06215349]
1229,1.2289999999999754,[-0.244085   -0.88611437],[-0.40760612 -0.84529931],[-0.33832398  0.11046049],[-0.18728061 -0.06220137]
1230,1.2299999999999753,[-0.24449295 -0.88695956],[-0.40794445 -0.84518885],[-0.33817808  0.10974436],[-0.18719968 -0.06224919]
1231,1.2309999999999752,[-0.24490123 -0.88780464],[-0.40828262 -0.8450791 ],[-0.33803193  0.10903279],[-0.18711866 -0.06229695]
1232,1.2319999999999751,[-0.24530985 -0.88864961],[-0.40862066 -0.84497007],[-0.33788553  0.10832574],[-0.18703754 -0.06234466]
1233,1.232999999999975,[-0.24571881 -0.88949447],[-0.40895854 -0.84486174],[-0.33773889  0.10762319],[-0.18695632 -0.06239231]
1234,1.233999999999975,[-0.2461281  -0.89033923],[-0.40929628 -0.84475412],[-0.33759201  0.10692511],[-0.186875   -0.06243991]
1235,1.2349999999999748,[-0.24653774 -0.89118388],[-0.40963387 -0.8446472 ],[-0.33744488  0.10623147],[-0.18679359 -0.06248745]
1236,1.2359999999999747,[-0.24694771 -0.89202842],[-0.40997132 -0.84454096],[-0.33729751  0.10554224],[-0.18671207 -0.06253493]
1237,1.2369999999999746,[-0.24735802 -0.89287285],[-0.41030861 -0.84443542],[-0.33714989  0.1048574 ],[-0.18663046 -0.06258235]
1238,1.2379999999999745,[-0.24776866 -0.89371718],[-0.41064576 -0.84433056],[-0.33700203  0.1041769 ],[-0.18654876 -0.06262972]
1239,1.2389999999999743,[-0.24817965 -0.89456141],[-0.41098277 -0.84422639],[-0.33685393  0.10350073],[-0.18646695 -0.06267704]
1240,1.2399999999999742,[-0.24859097 -0.89540553],[-0.41131962 -0.84412289],[-0.33670559  0.10282886],[-0.18638505 -0.06272429]
1241,1.2409999999999741,[-0.24900262 -0.89624955],[-0.41165633 -0.84402006],[-0.33655701  0.10216126],[-0.18630304 -0.06277149]
1242,1.241999999999974,[-0.24941462 -0.89709347],[-0.41199288 -0.8439179 ],[-0.33640818  0.1014979 ],[-0.18622094 -0.06281864]
1243,1.242999999999974,[-0.24982695 -0.89793729],[-0.41232929 -0.8438164 ],[-0.33625912  0.10083875],[-0.18613875 -0.06286572]
1244,1.2439999999999738,[-0.25023961 -0.898781  ],[-0.41266555 -0.84371556],[-0.33610982  0.10018379],[-0.18605645 -0.06291276]
1245,1.2449999999999737,[-0.25065261 -0.89962462],[-0.41300166 -0.84361538],[-0.33596027  0.09953298],[-0.18597406 -0.06295973]
1246,1.2459999999999736,[-0.25106595 -0.90046813],[-0.41333762 -0.84351584],[-0.33581049  0.09888631],[-0.18589157 -0.06300665]
1247,1.2469999999999735,[-0.25147962 -0.90131155],[-0.41367343 -0.84341696],[-0.33566047  0.09824374],[-0.18580898 -0.06305351]
1248,1.2479999999999734,[-0.25189363 -0.90215487],[-0.41400909 -0.84331871],[-0.33551021  0.09760525],[-0.1857263  -0.06310032]
1249,1.2489999999999732,[-0.25230798 -0.90299809],[-0.4143446  -0.84322111],[-0.33535972  0.09697082],[-0.18564351 -0.06314707]
1250,1.2499999999999731,[-0.25272266 -0.90384121],[-0.41467996 -0.84312414],[-0.33520899  0.0963404 ],[-0.18556063 -0.06319377]
1251,1.250999999999973,[-0.25313767 -0.90468424],[-0.41501517 -0.8430278 ],[-0.33505802  0.09571399],[-0.18547766 -0.06324041]
1252,1.251999999999973,[-0.25355302 -0.90552717],[-0.41535023 -0.84293208],[-0.33490682  0.09509155],[-0.18539458 -0.06328699]
1253,1.2529999999999728,[-0.25396871 -0.90637001],[-0.41568514 -0.84283699],[-0.33475538  0.09447305],[-0.18531141 -0.06333352]
1254,1.2539999999999727,[-0.25438473 -0.90721275],[-0.41601989 -0.84274252],[-0.33460371  0.09385848],[-0.18522814 -0.06338   ]
1255,1.2549999999999726,[-0.25480108 -0.9080554 ],[-0.41635449 -0.84264866],[-0.3344518  0.0932478],[-0.18514478 -0.06342641]
1256,1.2559999999999725,[-0.25521777 -0.90889796],[-0.41668895 -0.84255541],[-0.33429966  0.092641  ],[-0.18506131 -0.06347278]
1257,1.2569999999999724,[-0.25563479 -0.90974042],[-0.41702325 -0.84246277],[-0.33414729  0.09203804],[-0.18497775 -0.06351908]
1258,1.2579999999999723,[-0.25605215 -0.91058279],[-0.41735739 -0.84237073],[-0.33399468  0.0914389 ],[-0.18489409 -0.06356533]
1259,1.2589999999999721,[-0.25646984 -0.91142507],[-0.41769139 -0.84227929],[-0.33384184  0.09084355],[-0.18481034 -0.06361153]
1260,1.259999999999972,[-0.25688787 -0.91226726],[-0.41802523 -0.84218845],[-0.33368877  0.09025198],[-0.18472648 -0.06365767]
1261,1.260999999999972,[-0.25730623 -0.91310936],[-0.41835892 -0.8420982 ],[-0.33353547  0.08966415],[-0.18464254 -0.06370375]
1262,1.2619999999999718,[-0.25772492 -0.91395137],[-0.41869245 -0.84200853],[-0.33338194  0.08908005],[-0.18455849 -0.06374978]
1263,1.2629999999999717,[-0.25814395 -0.91479328],[-0.41902584 -0.84191945],[-0.33322817  0.08849964],[-0.18447435 -0.06379576]
1264,1.2639999999999716,[-0.2585633  -0.91563512],[-0.41935906 -0.84183096],[-0.33307418  0.08792291],[-0.18439011 -0.06384167]
1265,1.2649999999999715,[-0.258983   -0.91647686],[-0.41969214 -0.84174303],[-0.33291996  0.08734983],[-0.18430577 -0.06388754]
1266,1.2659999999999714,[-0.25940302 -0.91731851],[-0.42002506 -0.84165568],[-0.3327655   0.08678037],[-0.18422133 -0.06393335]
1267,1.2669999999999713,[-0.25982338 -0.91816008],[-0.42035782 -0.8415689 ],[-0.33261082  0.08621452],[-0.1841368 -0.0639791]
1268,1.2679999999999712,[-0.26024407 -0.91900157],[-0.42069043 -0.84148269],[-0.33245591  0.08565225],[-0.18405218 -0.0640248 ]
1269,1.268999999999971,[-0.26066509 -0.91984296],[-0.42102289 -0.84139704],[-0.33230077  0.08509354],[-0.18396745 -0.06407044]
1270,1.269999999999971,[-0.26108645 -0.92068427],[-0.42135519 -0.84131194],[-0.33214541  0.08453836],[-0.18388263 -0.06411603]
1271,1.2709999999999708,[-0.26150814 -0.9215255 ],[-0.42168734 -0.8412274 ],[-0.33198982  0.08398668],[-0.18379771 -0.06416156]
1272,1.2719999999999707,[-0.26193015 -0.92236665],[-0.42201933 -0.84114342],[-0.331834   0.0834385],[-0.1837127  -0.06420704]
1273,1.2729999999999706,[-0.26235251 -0.92320771],[-0.42235116 -0.84105998],[-0.33167796  0.08289379],[-0.18362759 -0.06425246]
1274,1.2739999999999705,[-0.26277519 -0.92404868],[-0.42268284 -0.84097708],[-0.33152169  0.08235251],[-0.18354238 -0.06429783]
1275,1.2749999999999704,[-0.2631982  -0.92488958],[-0.42301436 -0.84089473],[-0.33136519  0.08181466],[-0.18345708 -0.06434314]
1276,1.2759999999999703,[-0.26362155 -0.92573039],[-0.42334573 -0.84081292],[-0.33120847  0.08128021],[-0.18337167 -0.0643884 ]
1277,1.2769999999999702,[-0.26404523 -0.92657112],[-0.42367693 -0.84073164],[-0.33105153  0.08074913],[-0.18328618 -0.0644336 ]
1278,1.27799999999997,[-0.26446923 -0.92741177],[-0.42400799 -0.84065089],[-0.33089436  0.08022141],[-0.18320058 -0.06447875]
1279,1.27899999999997,[-0.26489357 -0.92825234],[-0.42433888 -0.84057067],[-0.33073697  0.07969702],[-0.18311489 -0.06452384]
1280,1.2799999999999698,[-0.26531824 -0.92909283],[-0.42466962 -0.84049097],[-0.33057935  0.07917594],[-0.18302911 -0.06456888]
1281,1.2809999999999697,[-0.26574324 -0.92993325],[-0.4250002  -0.84041179],[-0.33042151  0.07865816],[-0.18294322 -0.06461386]
1282,1.2819999999999696,[-0.26616857 -0.93077358],[-0.42533062 -0.84033314],[-0.33026345  0.07814364],[-0.18285725 -0.06465879]
1283,1.2829999999999695,[-0.26659423 -0.93161383],[-0.42566088 -0.84025499],[-0.33010517  0.07763237],[-0.18277117 -0.06470367]
1284,1.2839999999999694,[-0.26702023 -0.93245401],[-0.42599099 -0.84017736],[-0.32994667  0.07712433],[-0.182685   -0.06474849]
1285,1.2849999999999693,[-0.26744655 -0.93329411],[-0.42632093 -0.84010023],[-0.32978794  0.07661949],[-0.18259873 -0.06479325]
1286,1.2859999999999692,[-0.2678732  -0.93413414],[-0.42665072 -0.84002362],[-0.32962899  0.07611785],[-0.18251237 -0.06483796]
1287,1.286999999999969,[-0.26830018 -0.93497408],[-0.42698035 -0.8399475 ],[-0.32946983  0.07561936],[-0.18242591 -0.06488262]
1288,1.287999999999969,[-0.26872749 -0.93581396],[-0.42730982 -0.83987188],[-0.32931044  0.07512402],[-0.18233935 -0.06492722]
1289,1.2889999999999688,[-0.26915513 -0.93665375],[-0.42763913 -0.83979675],[-0.32915084  0.07463181],[-0.1822527  -0.06497177]
1290,1.2899999999999687,[-0.26958309 -0.93749347],[-0.42796828 -0.83972212],[-0.32899101  0.0741427 ],[-0.18216595 -0.06501626]
1291,1.2909999999999686,[-0.27001139 -0.93833312],[-0.42829727 -0.83964798],[-0.32883097  0.07365667],[-0.18207911 -0.0650607 ]
1292,1.2919999999999685,[-0.27044002 -0.9391727 ],[-0.4286261  -0.83957432],[-0.32867071  0.07317371],[-0.18199217 -0.06510508]
1293,1.2929999999999684,[-0.27086897 -0.9400122 ],[-0.42895477 -0.83950115],[-0.32851023  0.07269379],[-0.18190513 -0.06514941]
1294,1.2939999999999683,[-0.27129826 -0.94085163],[-0.42928328 -0.83942846],[-0.32834953  0.0722169 ],[-0.181818   -0.06519369]
1295,1.2949999999999682,[-0.27172787 -0.94169098],[-0.42961163 -0.83935624],[-0.32818861  0.07174302],[-0.18173077 -0.06523791]
1296,1.295999999999968,[-0.27215781 -0.94253027],[-0.42993982 -0.8392845 ],[-0.32802748  0.07127212],[-0.18164345 -0.06528208]
1297,1.296999999999968,[-0.27258808 -0.94336948],[-0.43026785 -0.83921322],[-0.32786613  0.07080419],[-0.18155603 -0.06532619]
1298,1.2979999999999678,[-0.27301867 -0.94420862],[-0.43059572 -0.83914242],[-0.32770457  0.0703392 ],[-0.18146851 -0.06537025]
1299,1.2989999999999677,[-0.27344959 -0.94504769],[-0.43092342 -0.83907208],[-0.32754279  0.06987715],[-0.1813809  -0.06541425]
1300,1.2999999999999676,[-0.27388085 -0.9458867 ],[-0.43125096 -0.8390022 ],[-0.32738079  0.06941801],[-0.18129319 -0.0654582 ]
1301,1.3009999999999675,[-0.27431242 -0.94672563],[-0.43157834 -0.83893278],[-0.32721858  0.06896176],[-0.18120539 -0.06550209]
1302,1.3019999999999674,[-0.27474433 -0.94756449],[-0.43190556 -0.83886382],[-0.32705615  0.06850838],[-0.18111749 -0.06554594]
1303,1.3029999999999673,[-0.27517656 -0.94840329],[-0.43223262 -0.83879531],[-0.32689351  0.06805786],[-0.1810295  -0.06558972]
1304,1.3039999999999672,[-0.27560912 -0.94924202],[-0.43255951 -0.83872726],[-0.32673066  0.06761017],[-0.18094141 -0.06563346]
1305,1.304999999999967,[-0.27604201 -0.95008068],[-0.43288624 -0.83865965],[-0.32656759  0.0671653 ],[-0.18085323 -0.06567713]
1306,1.305999999999967,[-0.27647522 -0.95091927],[-0.43321281 -0.83859248],[-0.32640431  0.06672324],[-0.18076495 -0.06572076]
1307,1.3069999999999669,[-0.27690876 -0.95175779],[-0.43353921 -0.83852576],[-0.32624082  0.06628395],[-0.18067657 -0.06576433]
1308,1.3079999999999667,[-0.27734262 -0.95259625],[-0.43386546 -0.83845947],[-0.32607711  0.06584743],[-0.1805881  -0.06580785]
1309,1.3089999999999666,[-0.27777682 -0.95343465],[-0.43419153 -0.83839363],[-0.32591319  0.06541366],[-0.18049954 -0.06585131]
1310,1.3099999999999665,[-0.27821133 -0.95427297],[-0.43451745 -0.83832821],[-0.32574906  0.06498262],[-0.18041088 -0.06589472]
1311,1.3109999999999664,[-0.27864618 -0.95511124],[-0.43484319 -0.83826323],[-0.32558472  0.06455429],[-0.18032212 -0.06593807]
1312,1.3119999999999663,[-0.27908135 -0.95594944],[-0.43516878 -0.83819868],[-0.32542017  0.06412865],[-0.18023327 -0.06598137]
1313,1.3129999999999662,[-0.27951684 -0.95678757],[-0.4354942  -0.83813455],[-0.32525541  0.06370569],[-0.18014432 -0.06602462]
1314,1.313999999999966,[-0.27995266 -0.95762564],[-0.43581946 -0.83807084],[-0.32509043  0.06328539],[-0.18005528 -0.06606781]
1315,1.314999999999966,[-0.2803888  -0.95846365],[-0.43614455 -0.83800756],[-0.32492525  0.06286774],[-0.17996614 -0.06611095]
1316,1.3159999999999659,[-0.28082527 -0.95930159],[-0.43646947 -0.83794469],[-0.32475985  0.06245271],[-0.17987691 -0.06615403]
1317,1.3169999999999658,[-0.28126207 -0.96013948],[-0.43679423 -0.83788224],[-0.32459425  0.06204029],[-0.17978758 -0.06619706]
1318,1.3179999999999656,[-0.28169919 -0.9609773 ],[-0.43711882 -0.8378202 ],[-0.32442844  0.06163046],[-0.17969816 -0.06624004]
1319,1.3189999999999655,[-0.28213663 -0.96181506],[-0.43744325 -0.83775857],[-0.32426242  0.06122321],[-0.17960864 -0.06628296]
1320,1.3199999999999654,[-0.2825744  -0.96265275],[-0.43776752 -0.83769734],[-0.32409619  0.06081852],[-0.17951903 -0.06632583]
1321,1.3209999999999653,[-0.28301249 -0.96349039],[-0.43809161 -0.83763652],[-0.32392975  0.06041637],[-0.17942933 -0.06636865]
1322,1.3219999999999652,[-0.2834509  -0.96432797],[-0.43841554 -0.83757611],[-0.3237631   0.06001675],[-0.17933952 -0.06641141]
1323,1.322999999999965,[-0.28388964 -0.96516548],[-0.4387393  -0.83751609],[-0.32359625  0.05961965],[-0.17924963 -0.06645411]
1324,1.323999999999965,[-0.28432871 -0.96600294],[-0.4390629  -0.83745647],[-0.32342919  0.05922503],[-0.17915964 -0.06649677]
1325,1.3249999999999649,[-0.28476809 -0.96684034],[-0.43938633 -0.83739725],[-0.32326192  0.0588329 ],[-0.17906955 -0.06653937]
1326,1.3259999999999648,[-0.2852078  -0.96767767],[-0.43970959 -0.83733841],[-0.32309445  0.05844323],[-0.17897937 -0.06658191]
1327,1.3269999999999647,[-0.28564784 -0.96851495],[-0.44003269 -0.83727997],[-0.32292677  0.05805601],[-0.17888909 -0.06662441]
1328,1.3279999999999645,[-0.28608819 -0.96935218],[-0.44035561 -0.83722191],[-0.32275888  0.05767122],[-0.17879872 -0.06666685]
1329,1.3289999999999644,[-0.28652887 -0.97018934],[-0.44067837 -0.83716424],[-0.32259079  0.05728885],[-0.17870826 -0.06670923]
1330,1.3299999999999643,[-0.28696987 -0.97102645],[-0.44100096 -0.83710695],[-0.3224225   0.05690888],[-0.1786177  -0.06675156]
1331,1.3309999999999642,[-0.28741119 -0.9718635 ],[-0.44132339 -0.83705004],[-0.32225399  0.0565313 ],[-0.17852704 -0.06679384]
1332,1.331999999999964,[-0.28785284 -0.97270049],[-0.44164564 -0.83699351],[-0.32208529  0.05615609],[-0.1784363  -0.06683606]
1333,1.332999999999964,[-0.28829481 -0.97353743],[-0.44196772 -0.83693736],[-0.32191638  0.05578323],[-0.17834545 -0.06687823]
1334,1.3339999999999639,[-0.2887371  -0.97437431],[-0.44228964 -0.83688157],[-0.32174726  0.05541272],[-0.17825452 -0.06692035]
1335,1.3349999999999638,[-0.28917971 -0.97521114],[-0.44261139 -0.83682616],[-0.32157795  0.05504453],[-0.17816349 -0.06696241]
1336,1.3359999999999637,[-0.28962264 -0.97604791],[-0.44293297 -0.83677112],[-0.32140842  0.05467866],[-0.17807236 -0.06700442]
1337,1.3369999999999636,[-0.2900659  -0.97688462],[-0.44325437 -0.83671644],[-0.3212387   0.05431508],[-0.17798114 -0.06704638]
1338,1.3379999999999634,[-0.29050947 -0.97772129],[-0.44357561 -0.83666212],[-0.32106877  0.05395378],[-0.17788982 -0.06708828]
1339,1.3389999999999633,[-0.29095337 -0.97855789],[-0.44389668 -0.83660817],[-0.32089864  0.05359475],[-0.17779842 -0.06713013]
1340,1.3399999999999632,[-0.29139759 -0.97939445],[-0.44421758 -0.83655457],[-0.32072831  0.05323798],[-0.17770691 -0.06717192]
1341,1.340999999999963,[-0.29184212 -0.98023095],[-0.44453831 -0.83650134],[-0.32055778  0.05288345],[-0.17761532 -0.06721366]
1342,1.341999999999963,[-0.29228698 -0.9810674 ],[-0.44485887 -0.83644845],[-0.32038704  0.05253114],[-0.17752362 -0.06725535]
1343,1.342999999999963,[-0.29273216 -0.98190379],[-0.44517925 -0.83639592],[-0.3202161   0.05218104],[-0.17743184 -0.06729699]
1344,1.3439999999999628,[-0.29317766 -0.98274014],[-0.44549947 -0.83634374],[-0.32004497  0.05183314],[-0.17733996 -0.06733857]
1345,1.3449999999999627,[-0.29362348 -0.98357643],[-0.44581952 -0.83629191],[-0.31987363  0.05148742],[-0.17724799 -0.06738009]
1346,1.3459999999999626,[-0.29406962 -0.98441267],[-0.44613939 -0.83624042],[-0.31970209  0.05114387],[-0.17715592 -0.06742157]
1347,1.3469999999999624,[-0.29451608 -0.98524886],[-0.44645909 -0.83618928],[-0.31953035  0.05080248],[-0.17706376 -0.06746299]
1348,1.3479999999999623,[-0.29496286 -0.986085  ],[-0.44677862 -0.83613847],[-0.31935841  0.05046323],[-0.1769715  -0.06750435]
1349,1.3489999999999622,[-0.29540996 -0.98692109],[-0.44709798 -0.83608801],[-0.31918627  0.05012611],[-0.17687915 -0.06754567]
1350,1.3499999999999621,[-0.29585737 -0.98775712],[-0.44741717 -0.83603788],[-0.31901393  0.0497911 ],[-0.17678671 -0.06758693]
1351,1.350999999999962,[-0.29630511 -0.98859311],[-0.44773618 -0.83598809],[-0.3188414  0.0494582],[-0.17669418 -0.06762813]
1352,1.351999999999962,[-0.29675316 -0.98942905],[-0.44805502 -0.83593864],[-0.31866866  0.04912739],[-0.17660155 -0.06766928]
1353,1.3529999999999618,[-0.29720154 -0.99026494],[-0.44837369 -0.83588951],[-0.31849573  0.04879865],[-0.17650882 -0.06771038]
1354,1.3539999999999617,[-0.29765023 -0.99110078],[-0.44869219 -0.83584071],[-0.3183226   0.04847197],[-0.176416   -0.06775143]
1355,1.3549999999999616,[-0.29809924 -0.99193657],[-0.44901051 -0.83579224],[-0.31814927  0.04814735],[-0.17632309 -0.06779242]
1356,1.3559999999999615,[-0.29854857 -0.99277232],[-0.44932866 -0.83574409],[-0.31797574  0.04782476],[-0.17623009 -0.06783336]
1357,1.3569999999999613,[-0.29899822 -0.99360801],[-0.44964663 -0.83569627],[-0.31780201  0.04750419],[-0.17613699 -0.06787424]
1358,1.3579999999999612,[-0.29944818 -0.99444366],[-0.44996444 -0.83564876],[-0.31762809  0.04718564],[-0.1760438  -0.06791508]
1359,1.3589999999999611,[-0.29989846 -0.99527926],[-0.45028206 -0.83560158],[-0.31745397  0.04686908],[-0.17595051 -0.06795585]
1360,1.359999999999961,[-0.30034906 -0.99611482],[-0.45059952 -0.83555471],[-0.31727966  0.04655451],[-0.17585713 -0.06799658]
1361,1.360999999999961,[-0.30079998 -0.99695033],[-0.4509168  -0.83550815],[-0.31710514  0.04624191],[-0.17576366 -0.06803725]
1362,1.3619999999999608,[-0.30125121 -0.99778579],[-0.4512339  -0.83546191],[-0.31693044  0.04593128],[-0.1756701  -0.06807787]
1363,1.3629999999999607,[-0.30170276 -0.9986212 ],[-0.45155083 -0.83541598],[-0.31675553  0.04562259],[-0.17557644 -0.06811843]
1364,1.3639999999999606,[-0.30215463 -0.99945657],[-0.45186759 -0.83537036],[-0.31658043  0.04531585],[-0.17548268 -0.06815894]
1365,1.3649999999999605,[-0.30260682 -1.0002919 ],[-0.45218417 -0.83532504],[-0.31640514  0.04501102],[-0.17538884 -0.0681994 ]
1366,1.3659999999999604,[-0.30305932 -1.00112718],[-0.45250057 -0.83528003],[-0.31622965  0.04470811],[-0.1752949  -0.06823981]
1367,1.3669999999999602,[-0.30351213 -1.00196241],[-0.4528168  -0.83523532],[-0.31605397  0.0444071 ],[-0.17520087 -0.06828016]
1368,1.3679999999999601,[-0.30396527 -1.00279761],[-0.45313286 -0.83519091],[-0.31587809  0.04410798],[-0.17510674 -0.06832045]
1369,1.36899999999996,[-0.30441871 -1.00363275],[-0.45344874 -0.83514681],[-0.31570202  0.04381073],[-0.17501253 -0.0683607 ]
1370,1.36999999999996,[-0.30487248 -1.00446786],[-0.45376444 -0.835103  ],[-0.31552575  0.04351535],[-0.17491821 -0.06840089]
1371,1.3709999999999598,[-0.30532656 -1.00530291],[-0.45407996 -0.83505948],[-0.31534929  0.04322182],[-0.17482381 -0.06844102]
1372,1.3719999999999597,[-0.30578095 -1.00613793],[-0.45439531 -0.83501626],[-0.31517264  0.04293014],[-0.17472931 -0.06848111]
1373,1.3729999999999596,[-0.30623566 -1.0069729 ],[-0.45471049 -0.83497333],[-0.31499579  0.04264029],[-0.17463472 -0.06852114]
1374,1.3739999999999595,[-0.30669069 -1.00780784],[-0.45502548 -0.83493069],[-0.31481875  0.04235225],[-0.17454004 -0.06856112]
1375,1.3749999999999594,[-0.30714603 -1.00864272],[-0.4553403  -0.83488834],[-0.31464152  0.04206602],[-0.17444526 -0.06860104]
1376,1.3759999999999593,[-0.30760169 -1.00947757],[-0.45565494 -0.83484627],[-0.3144641   0.04178159],[-0.1743504  -0.06864091]
1377,1.3769999999999591,[-0.30805765 -1.01031237],[-0.45596941 -0.83480449],[-0.31428648  0.04149895],[-0.17425543 -0.06868073]
1378,1.377999999999959,[-0.30851394 -1.01114714],[-0.45628369 -0.83476299],[-0.31410867  0.04121808],[-0.17416038 -0.06872049]
1379,1.378999999999959,[-0.30897054 -1.01198186],[-0.4565978  -0.83472177],[-0.31393067  0.04093897],[-0.17406523 -0.0687602 ]
1380,1.3799999999999588,[-0.30942745 -1.01281654],[-0.45691173 -0.83468083],[-0.31375248  0.04066162],[-0.17396999 -0.06879986]
1381,1.3809999999999587,[-0.30988467 -1.01365118],[-0.45722548 -0.83464017],[-0.3135741  0.040386 ],[-0.17387466 -0.06883946]
1382,1.3819999999999586,[-0.31034221 -1.01448578],[-0.45753906 -0.83459978],[-0.31339552  0.04011212],[-0.17377924 -0.06887901]
1383,1.3829999999999585,[-0.31080006 -1.01532034],[-0.45785245 -0.83455967],[-0.31321676  0.03983996],[-0.17368372 -0.06891851]
1384,1.3839999999999584,[-0.31125823 -1.01615486],[-0.45816567 -0.83451983],[-0.31303781  0.0395695 ],[-0.17358811 -0.06895795]
1385,1.3849999999999583,[-0.31171671 -1.01698934],[-0.45847871 -0.83448026],[-0.31285866  0.03930075],[-0.17349241 -0.06899734]
1386,1.3859999999999582,[-0.3121755  -1.01782378],[-0.45879157 -0.83444096],[-0.31267933  0.03903368],[-0.17339661 -0.06903668]
1387,1.386999999999958,[-0.3126346  -1.01865818],[-0.45910425 -0.83440193],[-0.3124998   0.03876829],[-0.17330073 -0.06907596]
1388,1.387999999999958,[-0.31309402 -1.01949255],[-0.45941675 -0.83436316],[-0.31232009  0.03850457],[-0.17320475 -0.06911519]
1389,1.3889999999999578,[-0.31355375 -1.02032687],[-0.45972907 -0.83432466],[-0.31214019  0.0382425 ],[-0.17310868 -0.06915436]
1390,1.3899999999999577,[-0.31401379 -1.02116116],[-0.46004121 -0.83428641],[-0.31196009  0.03798208],[-0.17301251 -0.06919349]
1391,1.3909999999999576,[-0.31447415 -1.02199541],[-0.46035317 -0.83424843],[-0.31177981  0.0377233 ],[-0.17291626 -0.06923256]
1392,1.3919999999999575,[-0.31493481 -1.02282962],[-0.46066495 -0.83421071],[-0.31159934  0.03746614],[-0.17281991 -0.06927157]
1393,1.3929999999999574,[-0.31539579 -1.02366379],[-0.46097654 -0.83417324],[-0.31141869  0.0372106 ],[-0.17272347 -0.06931054]
1394,1.3939999999999573,[-0.31585707 -1.02449793],[-0.46128796 -0.83413603],[-0.31123784  0.03695667],[-0.17262693 -0.06934945]
1395,1.3949999999999572,[-0.31631867 -1.02533202],[-0.4615992  -0.83409907],[-0.31105681  0.03670433],[-0.17253031 -0.0693883 ]
1396,1.395999999999957,[-0.31678058 -1.02616609],[-0.46191026 -0.83406237],[-0.31087559  0.03645358],[-0.17243359 -0.0694271 ]
1397,1.396999999999957,[-0.31724281 -1.02700011],[-0.46222113 -0.83402592],[-0.31069418  0.03620441],[-0.17233678 -0.06946585]
1398,1.3979999999999568,[-0.31770534 -1.0278341 ],[-0.46253183 -0.83398971],[-0.31051258  0.0359568 ],[-0.17223988 -0.06950455]
1399,1.3989999999999567,[-0.31816818 -1.02866806],[-0.46284234 -0.83395375],[-0.3103308   0.03571075],[-0.17214289 -0.06954319]
1400,1.3999999999999566,[-0.31863133 -1.02950197],[-0.46315267 -0.83391804],[-0.31014883  0.03546625],[-0.1720458  -0.06958178]
1401,1.4009999999999565,[-0.31909479 -1.03033586],[-0.46346282 -0.83388258],[-0.30996668  0.03522329],[-0.17194863 -0.06962032]
1402,1.4019999999999564,[-0.31955857 -1.0311697 ],[-0.46377279 -0.83384735],[-0.30978434  0.03498185],[-0.17185136 -0.0696588 ]
1403,1.4029999999999563,[-0.32002265 -1.03200352],[-0.46408257 -0.83381237],[-0.30960181  0.03474194],[-0.171754   -0.06969723]
1404,1.4039999999999562,[-0.32048704 -1.03283729],[-0.46439217 -0.83377763],[-0.30941909  0.03450354],[-0.17165655 -0.0697356 ]
1405,1.404999999999956,[-0.32095174 -1.03367104],[-0.46470159 -0.83374313],[-0.3092362   0.03426663],[-0.171559   -0.06977393]
1406,1.405999999999956,[-0.32141675 -1.03450475],[-0.46501083 -0.83370886],[-0.30905311  0.03403122],[-0.17146137 -0.06981219]
1407,1.4069999999999558,[-0.32188207 -1.03533842],[-0.46531988 -0.83367483],[-0.30886984  0.0337973 ],[-0.17136364 -0.06985041]
1408,1.4079999999999557,[-0.3223477  -1.03617206],[-0.46562875 -0.83364103],[-0.30868639  0.03356484],[-0.17126582 -0.06988857]
1409,1.4089999999999556,[-0.32281364 -1.03700567],[-0.46593744 -0.83360747],[-0.30850275  0.03333385],[-0.17116791 -0.06992668]
1410,1.4099999999999555,[-0.32327989 -1.03783924],[-0.46624594 -0.83357413],[-0.30831893  0.03310432],[-0.17106991 -0.06996473]
1411,1.4109999999999554,[-0.32374644 -1.03867278],[-0.46655426 -0.83354103],[-0.30813492  0.03287623],[-0.17097182 -0.07000274]
1412,1.4119999999999553,[-0.3242133  -1.03950629],[-0.46686239 -0.83350815],[-0.30795073  0.03264958],[-0.17087364 -0.07004068]
1413,1.4129999999999552,[-0.32468047 -1.04033977],[-0.46717035 -0.8334755 ],[-0.30776635  0.03242436],[-0.17077536 -0.07007858]
1414,1.413999999999955,[-0.32514795 -1.04117321],[-0.46747811 -0.83344308],[-0.30758179  0.03220056],[-0.17067699 -0.07011642]
1415,1.414999999999955,[-0.32561574 -1.04200662],[-0.46778569 -0.83341088],[-0.30739705  0.03197817],[-0.17057854 -0.07015421]
1416,1.4159999999999549,[-0.32608383 -1.04284   ],[-0.46809309 -0.8333789 ],[-0.30721212  0.03175719],[-0.17047999 -0.07019194]
1417,1.4169999999999547,[-0.32655223 -1.04367335],[-0.4684003  -0.83334714],[-0.30702701  0.0315376 ],[-0.17038134 -0.07022962]
1418,1.4179999999999546,[-0.32702094 -1.04450666],[-0.46870733 -0.83331561],[-0.30684172  0.0313194 ],[-0.17028261 -0.07026725]
1419,1.4189999999999545,[-0.32748995 -1.04533995],[-0.46901417 -0.83328429],[-0.30665625  0.03110257],[-0.17018379 -0.07030483]
1420,1.4199999999999544,[-0.32795927 -1.0461732 ],[-0.46932083 -0.83325318],[-0.30647059  0.03088712],[-0.17008488 -0.07034235]
1421,1.4209999999999543,[-0.3284289  -1.04700642],[-0.4696273 -0.8332223],[-0.30628475  0.03067302],[-0.16998587 -0.07037981]
1422,1.4219999999999542,[-0.32889883 -1.04783962],[-0.46993358 -0.83319162],[-0.30609873  0.03046028],[-0.16988677 -0.07041723]
1423,1.422999999999954,[-0.32936907 -1.04867278],[-0.47023968 -0.83316116],[-0.30591253  0.03024888],[-0.16978759 -0.07045459]
1424,1.423999999999954,[-0.32983962 -1.04950591],[-0.47054559 -0.83313091],[-0.30572614  0.03003882],[-0.16968831 -0.07049189]
1425,1.4249999999999539,[-0.33031047 -1.05033901],[-0.47085132 -0.83310088],[-0.30553958  0.02983009],[-0.16958894 -0.07052915]
1426,1.4259999999999537,[-0.33078163 -1.05117208],[-0.47115686 -0.83307105],[-0.30535283  0.02962268],[-0.16948948 -0.07056635]
1427,1.4269999999999536,[-0.33125309 -1.05200512],[-0.47146221 -0.83304142],[-0.3051659   0.02941658],[-0.16938993 -0.07060349]
1428,1.4279999999999535,[-0.33172486 -1.05283813],[-0.47176738 -0.83301201],[-0.3049788   0.02921179],[-0.16929029 -0.07064058]
1429,1.4289999999999534,[-0.33219693 -1.05367112],[-0.47207236 -0.83298279],[-0.30479151  0.02900829],[-0.16919056 -0.07067762]
1430,1.4299999999999533,[-0.33266931 -1.05450407],[-0.47237715 -0.83295379],[-0.30460404  0.02880608],[-0.16909073 -0.07071461]
1431,1.4309999999999532,[-0.33314199 -1.05533699],[-0.47268175 -0.83292498],[-0.30441639  0.02860515],[-0.16899082 -0.07075154]
1432,1.431999999999953,[-0.33361497 -1.05616989],[-0.47298617 -0.83289637],[-0.30422856  0.0284055 ],[-0.16889082 -0.07078842]
1433,1.432999999999953,[-0.33408826 -1.05700276],[-0.4732904  -0.83286797],[-0.30404055  0.02820711],[-0.16879072 -0.07082524]
1434,1.4339999999999529,[-0.33456186 -1.0578356 ],[-0.47359444 -0.83283976],[-0.30385236  0.02800998],[-0.16869054 -0.07086202]
1435,1.4349999999999528,[-0.33503576 -1.05866841],[-0.47389829 -0.83281175],[-0.303664   0.0278141],[-0.16859026 -0.07089873]
1436,1.4359999999999526,[-0.33550996 -1.05950119],[-0.47420195 -0.83278394],[-0.30347545  0.02761946],[-0.16848989 -0.0709354 ]
1437,1.4369999999999525,[-0.33598447 -1.06033395],[-0.47450543 -0.83275632],[ 0.44741083 57.12046042],[0. 0.]
1438,1.4379999999999524,[-0.33645852 -1.06110959],[-0.47405802 -0.77563586],[ 0.44567773 57.1371618 ],[0. 0.]
1439,1.4389999999999523,[-0.33693214 -1.06182808],[-0.47361234 -0.7184987 ],[ 0.44406686 57.15259858],[0. 0.]
1440,1.4399999999999522,[-0.3374053  -1.06248943],[-0.47316827 -0.6613461 ],[ 0.44257872 57.16677587],[0. 0.]
1441,1.440999999999952,[-0.33787803 -1.06309361],[-0.4727257  -0.60417932],[ 0.44121377 57.17969839],[0. 0.]
1442,1.441999999999952,[-0.33835031 -1.06364061],[-0.47228448 -0.54699962],[ 0.43997244 57.19137042],[0. 0.]
1443,1.4429999999999519,[-0.33882216 -1.06413042],[-0.47184451 -0.48980825],[ 0.4388551  57.20179583],[0. 0.]
1444,1.4439999999999518,[-0.33929356 -1.06456302],[-0.47140565 -0.43260646],[ 0.4378621  57.21097808],[0. 0.]
1445,1.4449999999999517,[-0.33976453 -1.06493842],[-0.47096779 -0.37539548],[ 0.43699374 57.21892023],[0. 0.]
1446,1.4459999999999515,[-0.34023506 -1.0652566 ],[-0.4705308  -0.31817656],[ 0.43625028 57.2256249 ],[0. 0.]
1447,1.4469999999999514,[-0.34070516 -1.06551755],[-0.47009455 -0.26095093],[ 0.43563196 57.23109435],[0. 0.]
1448,1.4479999999999513,[-0.34117482 -1.06572127],[-0.46965892 -0.20371984],[ 0.43513894 57.2353304 ],[0. 0.]
1449,1.4489999999999512,[-0.34164404 -1.06586775],[-0.46922378 -0.14648451],[ 0.43477138 57.23833447],[0. 0.]
1450,1.449999999999951,[-0.34211283 -1.065957  ],[-0.46878901 -0.08924617],[ 0.43452939 57.24010757],[0. 0.]
1451,1.450999999999951,[-0.34258118 -1.065989  ],[-0.46835448 -0.03200607],[ 0.43441302 57.24065031],[0. 0.]
1452,1.4519999999999509,[-0.3430491  -1.06596377],[-0.46792006  0.02523458],[ 0.43442232 57.23996291],[0. 0.]
1453,1.4529999999999508,[-0.34351659 -1.06588129],[-0.46748564  0.08247455],[ 0.43455727 57.23804517],[0. 0.]
1454,1.4539999999999507,[-0.34398364 -1.06574158],[-0.46705108  0.13971259],[ 0.43481782 57.23489648],[0. 0.]
1455,1.4549999999999506,[-0.34445026 -1.06554463],[-0.46661627  0.19694749],[ 0.43520388 57.23051583],[0. 0.]
1456,1.4559999999999504,[-0.34491644 -1.06529046],[-0.46618106  0.254178  ],[ 0.43571533 57.22490182],[0. 0.]
1457,1.4569999999999503,[-0.34538218 -1.06497905],[-0.46574535  0.31140291],[ 0.43635199 57.21805263],[0. 0.]
1458,1.4579999999999502,[-0.34584749 -1.06461043],[-0.465309    0.36862096],[ 0.43711367 57.20996603],[0. 0.]
1459,1.4589999999999501,[-0.34631236 -1.0641846 ],[-0.46487188  0.42583092],[ 0.43800012 57.2006394 ],[0. 0.]
1460,1.45999999999995,[-0.3467768  -1.06370157],[-0.46443388  0.48303156],[ 0.43901105 57.19006968],[0. 0.]
1461,1.46099999999995,[-0.34724079 -1.06316135],[-0.46399487  0.54022163],[ 0.44014615 57.17825345],[0. 0.]
1462,1.4619999999999498,[-0.34770435 -1.06256395],[-0.46355472  0.59739989],[ 0.44140504 57.16518683],[0. 0.]
1463,1.4629999999999497,[-0.34816746 -1.06190938],[-0.46311332  0.65456507],[ 0.44278733 57.15086555],[0. 0.]
1464,1.4639999999999496,[-0.34863013 -1.06119767],[-0.46267053  0.71171594],[ 0.44429257 57.13528493],[0. 0.]
1465,1.4649999999999495,[-0.34909236 -1.06042882],[-0.46222624  0.76885122],[ 0.44592029 57.11843988],[0. 0.]
1466,1.4659999999999493,[-0.34955414 -1.05960285],[-0.46178032  0.82596966],[ 0.44766995 57.10032486],[0. 0.]
1467,1.4669999999999492,[-0.35001547 -1.05871978],[-0.46133265  0.88306999],[ 0.44954099 57.08093394],[0. 0.]
1468,1.4679999999999491,[-0.35047635 -1.05777963],[-0.46088311  0.94015092],[ 0.4515328  57.06026076],[0. 0.]
1469,1.468999999999949,[-0.35093678 -1.05678241],[-0.46043158  0.99721118],[ 0.45364475 57.03829852],[0. 0.]
1470,1.469999999999949,[-0.35139676 -1.05572817],[-0.45997793  1.05424948],[ 0.45587614 57.01504003],[0. 0.]
1471,1.4709999999999488,[-0.35185628 -1.0546169 ],[-0.45952205  1.11126452],[ 0.45822624 56.99047763],[0. 0.]
1472,1.4719999999999487,[-0.35231535 -1.05344865],[-0.45906383  1.168255  ],[ 0.46069429 56.96460324],[0. 0.]
1473,1.4729999999999486,[-0.35277395 -1.05222343],[-0.45860313  1.2252196 ],[ 0.46327946 56.93740834],[0. 0.]
1474,1.4739999999999485,[-0.35323209 -1.05094127],[-0.45813985  1.28215701],[ 0.4659809  56.90888399],[0. 0.]
1475,1.4749999999999484,[-0.35368977 -1.0496022 ],[-0.45767387  1.33906589],[ 0.46879772 56.87902077],[0. 0.]
1476,1.4759999999999482,[-0.35414697 -1.04820626],[-0.45720508  1.39594492],[ 0.47172896 56.84780885],[0. 0.]
1477,1.4769999999999481,[-0.3546037  -1.04675347],[-0.45673335  1.45279272],[ 0.47477364 56.81523792],[0. 0.]
1478,1.477999999999948,[-0.35505996 -1.04524386],[-0.45625857  1.50960796],[ 0.47793072 56.78129724],[0. 0.]
1479,1.478999999999948,[-0.35551574 -1.04367747],[-0.45578064  1.56638926],[ 0.48119914 56.74597558],[0. 0.]
1480,1.4799999999999478,[-0.35597104 -1.04205433],[-0.45529944  1.62313524],[ 0.48457777 56.70926127],[0. 0.]
1481,1.4809999999999477,[-0.35642586 -1.04037449],[-0.45481487  1.6798445 ],[ 0.48806543 56.67114217],[0. 0.]
1482,1.4819999999999476,[-0.35688018 -1.03863797],[-0.4543268   1.73651564],[ 0.49166093 56.63160565],[0. 0.]
1483,1.4829999999999475,[-0.35733402 -1.03684483],[-0.45383514  1.79314724],[ 0.49536299 56.59063862],[0. 0.]
1484,1.4839999999999474,[-0.35778736 -1.03499509],[-0.45333978  1.84973788],[ 0.49917031 56.54822751],[0. 0.]
1485,1.4849999999999473,[-0.3582402 -1.0330888],[-0.45284061  1.90628611],[ 0.50308154 56.50435825],[0. 0.]
1486,1.4859999999999471,[-0.35869254 -1.03112601],[-0.45233752  1.96279047],[ 0.50709526 56.45901627],[0. 0.]
1487,1.486999999999947,[-0.35914437 -1.02910676],[-0.45183043  2.01924949],[ 0.51121004 56.41218652],[0. 0.]
1488,1.487999999999947,[-0.35959569 -1.0270311 ],[-0.45131922  2.07566167],[ 0.51542437 56.36385345],[0. 0.]
1489,1.4889999999999468,[-0.36004649 -1.02489907],[-0.45080379  2.13202553],[ 0.51973669 56.31400098],[0. 0.]
1490,1.4899999999999467,[-0.36049677 -1.02271074],[-0.45028406  2.18833953],[ 0.52414541 56.26261253],[0. 0.]
1491,1.4909999999999466,[-0.36094653 -1.02046613],[-0.44975991  2.24460214],[ 0.52864888 56.20967099],[0. 0.]
1492,1.4919999999999465,[-0.36139577 -1.01816532],[-0.44923126  2.30081181],[ 0.53324539 56.15515873],[0. 0.]
1493,1.4929999999999464,[-0.36184446 -1.01580835],[-0.44869802  2.35696697],[ 0.53793319 56.09905759],[0. 0.]
1494,1.4939999999999463,[-0.36229262 -1.01339529],[-0.44816009  2.41306603],[ 0.54271047 56.04134887],[0. 0.]
1495,1.4949999999999461,[-0.36274024 -1.01092618],[-0.44761737  2.46910737],[ 0.54757538 55.98201331],[0. 0.]
1496,1.495999999999946,[-0.36318731 -1.00840109],[-0.4470698   2.52508939],[ 0.55252599 55.92103112],[0. 0.]
1497,1.496999999999946,[-0.36363383 -1.00582008],[-0.44651727  2.58101042],[ 0.55756035 55.85838194],[0. 0.]
1498,1.4979999999999458,[-0.36407979 -1.00318321],[-0.44595971  2.6368688 ],[ 0.56267642 55.79404485],[0. 0.]
1499,1.4989999999999457,[-0.36452519 -1.00049055],[-0.44539704  2.69266285],[ 0.56787214 55.72799836],[0. 0.]
1500,1.4999999999999456,[-0.36497001 -0.99774216],[-0.44482916  2.74839084],[ 0.57314536 55.66022039],[0. 0.]
1501,1.5009999999999455,[-0.36541427 -0.99493811],[-0.44425602  2.80405106],[ 0.57849391 55.5906883 ],[0. 0.]
1502,1.5019999999999454,[-0.36585795 -0.99207847],[-0.44367753  2.85964175],[ 0.58391552 55.51937884],[0. 0.]
1503,1.5029999999999453,[-0.36630104 -0.9891633 ],[-0.44309361  2.91516113],[ 0.58940791 55.44626816],[0. 0.]
1504,1.5039999999999452,[-0.36674355 -0.9861927 ],[-0.4425042  2.9706074],[ 0.5949687  55.37133183],[0. 0.]
1505,1.504999999999945,[-0.36718546 -0.98316672],[-0.44190923  3.02597873],[ 0.60059548 55.29454478],[0. 0.]
1506,1.505999999999945,[-0.36762676 -0.98008545],[-0.44130864  3.08127328],[ 0.60628576 55.21588134],[0. 0.]
1507,1.5069999999999448,[-0.36806747 -0.97694896],[-0.44070235  3.13648916],[ 0.61203702 55.13531521],[0. 0.]
1508,1.5079999999999447,[-0.36850756 -0.97375733],[-0.44009031  3.19162447],[ 0.61784664 55.05281947],[0. 0.]
1509,1.5089999999999446,[-0.36894703 -0.97051065],[-0.43947247  3.24667729],[ 0.62371197 54.96836654],[0. 0.]
1510,1.5099999999999445,[-0.36938588 -0.96720901],[-0.43884876  3.30164566],[ 0.62963029 54.88192821],[0. 0.]
1511,1.5109999999999444,[-0.3698241  -0.96385248],[-0.43821913  3.35652759],[ 0.63559881 54.79347563],[0. 0.]
1512,1.5119999999999443,[-0.37026168 -0.96044116],[-0.43758353  3.41132106],[ 0.6416147  54.70297927],[0. 0.]
1513,1.5129999999999442,[-0.37069862 -0.95697514],[-0.43694191  3.46602404],[ 0.64767504 54.61040896],[0. 0.]
1514,1.513999999999944,[-0.37113492 -0.9534545 ],[-0.43629424  3.52063445],[ 0.65377686 54.51573385],[0. 0.]
1515,1.514999999999944,[-0.37157056 -0.94987935],[-0.43564046  3.57515019],[ 0.65991714 54.41892241],[0. 0.]
1516,1.5159999999999438,[-0.37200554 -0.94624978],[-0.43498054  3.62956911],[ 0.66609277 54.31994244],[0. 0.]
1517,1.5169999999999437,[-0.37243985 -0.94256589],[-0.43431445  3.68388905],[ 0.67230059 54.21876105],[0. 0.]
1518,1.5179999999999436,[-0.37287349 -0.93882779],[-0.43364215  3.73810781],[ 0.67853739 54.11534466],[0. 0.]
1519,1.5189999999999435,[-0.37330646 -0.93503556],[-0.43296361  3.79222316],[ 0.68479987 54.009659  ],[0. 0.]
1520,1.5199999999999434,[-0.37373874 -0.93118933],[-0.43227881  3.84623281],[ 0.69108468 53.90166909],[0. 0.]
1521,1.5209999999999433,[-0.37417032 -0.92728919],[-0.43158773  3.90013448],[ 0.69738839 53.79133925],[0. 0.]
1522,1.5219999999999432,[-0.37460121 -0.92333527],[-0.43089034  3.95392582],[ 0.70370754 53.67863309],[0. 0.]
1523,1.522999999999943,[-0.3750314  -0.91932766],[-0.43018663  4.00760446],[ 0.71003855 53.56351352],[0. 0.]
1524,1.523999999999943,[-0.37546088 -0.9152665 ],[-0.42947659  4.06116797],[ 0.71637783 53.44594271],[0. 0.]
1525,1.5249999999999428,[-0.37588964 -0.91115188],[-0.42876022  4.11461391],[ 0.7227217  53.32588213],[0. 0.]
1526,1.5259999999999427,[-0.37631768 -0.90698394],[-0.42803749  4.16793979],[ 0.7290664  53.20329254],[0. 0.]
1527,1.5269999999999426,[-0.37674498 -0.9027628 ],[-0.42730843  4.22114309],[ 0.73540812 53.07813395],[0. 0.]
1528,1.5279999999999425,[-0.37717156 -0.89848858],[-0.42657302  4.27422122],[ 0.741743   52.95036567],[0. 0.]
1529,1.5289999999999424,[-0.37759739 -0.89416141],[-0.42583128  4.32717159],[ 0.74806709 52.81994627],[0. 0.]
1530,1.5299999999999423,[-0.37802247 -0.88978142],[-0.42508321  4.37999153],[ 0.75437638 52.68683362],[0. 0.]
1531,1.5309999999999422,[-0.3784468  -0.88534874],[-0.42432883  4.43267837],[ 0.76066681 52.55098484],[0. 0.]
1532,1.531999999999942,[-0.37887037 -0.88086351],[-0.42356817  4.48522935],[ 0.76693423 52.41235635],[0. 0.]
1533,1.532999999999942,[-0.37929317 -0.87632587],[-0.42280123  4.53764171],[ 0.77317446 52.27090384],[0. 0.]
1534,1.5339999999999419,[-0.3797152  -0.87173595],[-0.42202806  4.58991261],[ 0.77938322 52.12658228],[0. 0.]
1535,1.5349999999999417,[-0.38013645 -0.86709391],[-0.42124867  4.64203919],[ 0.7855562  51.97934594],[0. 0.]
1536,1.5359999999999416,[-0.38055691 -0.8623999 ],[-0.42046312  4.69401854],[ 0.79168901 51.82914836],[0. 0.]
1537,1.5369999999999415,[-0.38097658 -0.85765405],[-0.41967143  4.74584769],[ 0.79777719 51.67594242],[0. 0.]
1538,1.5379999999999414,[-0.38139545 -0.85285652],[-0.41887365  4.79752363],[ 0.80381623 51.51968025],[0. 0.]
1539,1.5389999999999413,[-0.38181352 -0.84800748],[-0.41806984  4.84904331],[ 0.80980158 51.36031334],[0. 0.]
1540,1.5399999999999412,[-0.38223078 -0.84310708],[-0.41726003  4.90040362],[ 0.81572859 51.19779247],[0. 0.]
1541,1.540999999999941,[-0.38264723 -0.83815548],[-0.41644431  4.95160142],[ 0.82159258 51.03206775],[0. 0.]
1542,1.541999999999941,[-0.38306285 -0.83315284],[-0.41562271  5.00263348],[ 0.8273888  50.86308865],[0. 0.]
1543,1.5429999999999409,[-0.38347765 -0.82809935],[-0.41479532  5.05349657],[ 0.83311246 50.69080397],[0. 0.]
1544,1.5439999999999408,[-0.38389161 -0.82299516],[-0.41396221  5.10418738],[ 0.83875869 50.5151619 ],[0. 0.]
1545,1.5449999999999406,[-0.38430473 -0.81784046],[-0.41312345  5.15470254],[ 0.84432259 50.33611   ],[0. 0.]
1546,1.5459999999999405,[-0.38471701 -0.81263542],[-0.41227913  5.20503865],[ 0.84979921 50.15359522],[0. 0.]
1547,1.5469999999999404,[-0.38512844 -0.80738023],[-0.41142933  5.25519224],[ 0.85518352 49.96756392],[0. 0.]
1548,1.5479999999999403,[-0.38553902 -0.80207507],[-0.41057415  5.30515981],[ 0.86047047 49.77796191],[0. 0.]
1549,1.5489999999999402,[-0.38594873 -0.79672013],[-0.40971368  5.35493777],[ 0.86565495 49.58473445],[0. 0.]
1550,1.54999999999994,[-0.38635758 -0.79131561],[-0.40884802  5.4045225 ],[ 0.87073182 49.38782625],[0. 0.]
1551,1.55099999999994,[-0.38676555 -0.78586169],[-0.40797729  5.45391033],[ 0.87569588 49.18718157],[0. 0.]
1552,1.5519999999999399,[-0.38717266 -0.7803586 ],[-0.40710159  5.50309751],[ 0.88054189 48.98274413],[0. 0.]
1553,1.5529999999999398,[-0.38757888 -0.77480652],[-0.40622105  5.55208026],[ 0.88526458 48.77445726],[0. 0.]
1554,1.5539999999999397,[-0.38798421 -0.76920566],[-0.40533579  5.60085471],[ 0.88985866 48.56226382],[0. 0.]
1555,1.5549999999999395,[-0.38838866 -0.76355625],[-0.40444593  5.64941698],[ 0.89431876 48.34610633],[0. 0.]
1556,1.5559999999999394,[-0.38879221 -0.75785848],[-0.40355161  5.69776308],[ 0.89863953 48.1259269 ],[0. 0.]
1557,1.5569999999999393,[-0.38919486 -0.75211259],[-0.40265297  5.74588901],[ 0.90281557 47.90166737],[0. 0.]
1558,1.5579999999999392,[-0.38959661 -0.7463188 ],[-0.40175016  5.79379068],[ 0.90684144 47.67326925],[0. 0.]
1559,1.558999999999939,[-0.38999746 -0.74047734],[-0.40084331  5.84146395],[ 0.91071171 47.44067383],[0. 0.]
1560,1.559999999999939,[-0.39039739 -0.73458843],[-0.3999326   5.88890462],[ 0.91442091 47.20382218],[0. 0.]
1561,1.5609999999999389,[-0.39079641 -0.72865233],[-0.39901818  5.93610844],[ 0.91796355 46.96265521],[0. 0.]
1562,1.5619999999999388,[-0.39119451 -0.72266925],[-0.39810022  5.9830711 ],[ 0.92133416 46.71711371],[0. 0.]
1563,1.5629999999999387,[-0.39159169 -0.71663947],[-0.39717888  6.02978821],[ 0.92452723 46.4671384 ],[0. 0.]
1564,1.5639999999999386,[-0.39198794 -0.71056321],[-0.39625436  6.07625535],[ 0.92753725 46.21266998],[0. 0.]
1565,1.5649999999999384,[-0.39238327 -0.70444074],[-0.39532682  6.12246802],[ 0.93035873 45.95364915],[0. 0.]
1566,1.5659999999999383,[-0.39277766 -0.69827232],[-0.39439646  6.16842167],[ 0.93298617 45.69001674],[0. 0.]
1567,1.5669999999999382,[-0.39317113 -0.69205821],[-0.39346347  6.21411169],[ 0.93541407 45.42171368],[0. 0.]
1568,1.567999999999938,[-0.39356366 -0.68579868],[-0.39252806  6.2595334 ],[ 0.93763695 45.14868111],[0. 0.]
1569,1.568999999999938,[-0.39395525 -0.67949399],[-0.39159042  6.30468208],[ 0.93964937 44.87086044],[0. 0.]
1570,1.569999999999938,[-0.3943459  -0.67314444],[-0.39065077  6.34955294],[ 0.94144588 44.58819336],[0. 0.]
1571,1.5709999999999378,[-0.39473561 -0.6667503 ],[-0.38970933  6.39414114],[ 0.94302106 44.300622  ],[0. 0.]
1572,1.5719999999999377,[-0.39512437 -0.66031186],[-0.38876631  6.43844176],[ 0.94436955 44.0080889 ],[0. 0.]
1573,1.5729999999999376,[-0.39551219 -0.65382941],[-0.38782194  6.48244985],[ 0.945486   43.71053715],[0. 0.]
1574,1.5739999999999374,[-0.39589907 -0.64730325],[-0.38687645  6.52616038],[ 0.9463651  43.40791042],[0. 0.]
1575,1.5749999999999373,[-0.396285   -0.64073368],[-0.38593009  6.56956829],[ 0.94700162 43.10015307],[0. 0.]
1576,1.5759999999999372,[-0.39666998 -0.63412101],[-0.38498308  6.61266845],[ 0.94739035 42.78721019],[0. 0.]
1577,1.5769999999999371,[-0.39705402 -0.62746556],[-0.38403569  6.65545566],[ 0.94752615 42.46902772],[0. 0.]
1578,1.577999999999937,[-0.39743711 -0.62076763],[-0.38308817  6.69792468],[ 0.94740396 42.14555247],[0. 0.]
1579,1.578999999999937,[-0.39781925 -0.61402756],[-0.38214076  6.74007024],[ 0.94701877 41.8167323 ],[0. 0.]
1580,1.5799999999999368,[-0.39820044 -0.60724567],[-0.38119375  6.78188697],[ 0.94636566 41.4825161 ],[0. 0.]
1581,1.5809999999999367,[-0.39858069 -0.6004223 ],[-0.38024738  6.82336949],[ 0.94543979 41.14285396],[0. 0.]
1582,1.5819999999999366,[-0.39895999 -0.59355779],[-0.37930194  6.86451234],[ 0.94423642 40.79769721],[0. 0.]
1583,1.5829999999999365,[-0.39933835 -0.58665248],[-0.3783577   6.90531004],[ 0.94275089 40.44699854],[0. 0.]
1584,1.5839999999999363,[-0.39971576 -0.57970672],[-0.37741495  6.94575704],[ 0.94097866 40.09071208],[0. 0.]
1585,1.5849999999999362,[-0.40009224 -0.57272088],[-0.37647397  6.98584775],[ 0.93891528 39.7287935 ],[0. 0.]
1586,1.5859999999999361,[-0.40046777 -0.5656953 ],[-0.37553506  7.02557654],[ 0.93655644 39.36120012],[0. 0.]
1587,1.586999999999936,[-0.40084237 -0.55863036],[-0.3745985   7.06493774],[ 0.93389795 38.98789098],[0. 0.]
1588,1.587999999999936,[-0.40121604 -0.55152644],[-0.3736646   7.10392563],[ 0.93093573 38.60882695],[0. 0.]
1589,1.5889999999999358,[-0.40158877 -0.5443839 ],[-0.37273367  7.14253446],[ 0.92766586 38.22397087],[0. 0.]
1590,1.5899999999999357,[-0.40196058 -0.53720314],[-0.371806    7.18075843],[ 0.92408456 37.83328758],[0. 0.]
1591,1.5909999999999356,[-0.40233146 -0.52998455],[-0.37088192  7.21859172],[ 0.9201882 37.4367441],[0. 0.]
1592,1.5919999999999355,[-0.40270142 -0.52272852],[-0.36996173  7.25602846],[ 0.91597332 37.03430967],[0. 0.]
1593,1.5929999999999354,[-0.40307047 -0.51543546],[-0.36904576  7.29306277],[ 0.9114366 36.6259559],[0. 0.]
1594,1.5939999999999352,[-0.4034386  -0.50810577],[-0.36813432  7.32968873],[ 0.90657492 36.21165686],[0. 0.]
1595,1.5949999999999351,[-0.40380583 -0.50073987],[-0.36722775  7.36590038],[ 0.90138533 35.79138917],[0. 0.]
1596,1.595999999999935,[-0.40417215 -0.49333818],[-0.36632636  7.40169177],[ 0.89586508 35.36513214],[0. 0.]
1597,1.596999999999935,[-0.40453758 -0.48590112],[-0.36543049  7.4370569 ],[ 0.89001159 34.93286783],[0. 0.]
1598,1.5979999999999348,[-0.40490212 -0.47842913],[-0.36454048  7.47198977],[ 0.88382251 34.49458121],[0. 0.]
1599,1.5989999999999347,[-0.40526578 -0.47092265],[-0.36365666  7.50648435],[ 0.87729569 34.05026021],[0. 0.]
1600,1.5999999999999346,[-0.40562856 -0.46338211],[-0.36277936  7.54053461],[ 0.8704292  33.59989587],[0. 0.]
1601,1.6009999999999345,[-0.40599047 -0.45580798],[-0.36190894  7.57413451],[ 0.86322131 33.1434824 ],[0. 0.]
1602,1.6019999999999344,[-0.40635152 -0.4482007 ],[-0.36104571  7.60727799],[ 0.85567055 32.68101731],[0. 0.]
1603,1.6029999999999343,[-0.40671171 -0.44056074],[-0.36019004  7.63995901],[ 0.84777567 32.21250151],[0. 0.]
1604,1.6039999999999341,[-0.40707105 -0.43288857],[-0.35934227  7.67217151],[ 0.83953568 31.7379394 ],[0. 0.]
1605,1.604999999999934,[-0.40742955 -0.42518466],[-0.35850273  7.70390945],[ 0.83094982 31.25733894],[0. 0.]
1606,1.605999999999934,[-0.40778722 -0.4174495 ],[-0.35767178  7.73516679],[ 0.8220176  30.77071179],[0. 0.]
1607,1.6069999999999338,[-0.40814407 -0.40968356],[-0.35684977  7.7659375 ],[ 0.81273877 30.27807336],[0. 0.]
1608,1.6079999999999337,[-0.40850011 -0.40188734],[-0.35603703  7.79621557],[ 0.80311338 29.77944294],[0. 0.]
1609,1.6089999999999336,[-0.40885534 -0.39406135],[-0.35523391  7.82599502],[ 0.79314172 29.27484372],[0. 0.]
1610,1.6099999999999335,[-0.40920978 -0.38620608],[-0.35444077  7.85526986],[ 0.78282439 28.76430293],[0. 0.]
1611,1.6109999999999334,[-0.40956344 -0.37832204],[-0.35365795  7.88403416],[ 0.77216224 28.24785189],[0. 0.]
1612,1.6119999999999333,[-0.40991633 -0.37040976],[-0.35288578  7.91228202],[ 0.76115642 27.72552606],[0. 0.]
1613,1.6129999999999332,[-0.41026845 -0.36246975],[-0.35212463  7.94000754],[ 0.74980838 27.19736517],[0. 0.]
1614,1.613999999999933,[-0.41061983 -0.35450255],[-0.35137482  7.96720491],[ 0.73811987 26.66341321],[0. 0.]
1615,1.614999999999933,[-0.41097046 -0.34650868],[-0.3506367   7.99386832],[ 0.7260929  26.12371852],[0. 0.]
1616,1.6159999999999328,[-0.41132037 -0.33848869],[-0.34991061  8.01999204],[ 0.71372984 25.57833385],[0. 0.]
1617,1.6169999999999327,[-0.41166957 -0.33044312],[-0.34919688  8.04557037],[ 0.70103331 25.0273164 ],[0. 0.]
1618,1.6179999999999326,[-0.41201807 -0.32237252],[-0.34849584  8.07059769],[ 0.68800628 24.47072784],[0. 0.]
1619,1.6189999999999325,[-0.41236587 -0.31427745],[-0.34780784  8.09506842],[ 0.67465199 23.90863435],[0. 0.]
1620,1.6199999999999324,[-0.41271301 -0.30615848],[-0.34713319  8.11897705],[ 0.66097403 23.34110669],[0. 0.]
1621,1.6209999999999323,[-0.41305948 -0.29801616],[-0.34647221  8.14231816],[ 0.64697627 22.76822015],[0. 0.]
1622,1.6219999999999322,[-0.41340531 -0.28985107],[-0.34582524  8.16508638],[ 0.63266292 22.19005461],[0. 0.]
1623,1.622999999999932,[-0.4137505  -0.28166379],[-0.34519257  8.18727643],[ 0.61803847 21.60669453],[0. 0.]
1624,1.623999999999932,[-0.41409507 -0.27345491],[-0.34457453  8.20888313],[ 0.60310775 21.01822895],[0. 0.]
1625,1.6249999999999318,[-0.41443904 -0.26522501],[-0.34397143  8.22990136],[ 0.58787588 20.42475148],[0. 0.]
1626,1.6259999999999317,[-0.41478243 -0.25697468],[-0.34338355  8.25032611],[ 0.57234832 19.82636029],[0. 0.]
1627,1.6269999999999316,[-0.41512524 -0.24870453],[-0.3428112   8.27015247],[ 0.55653079 19.22315806],[0. 0.]
1628,1.6279999999999315,[-0.41546749 -0.24041516],[-0.34225467  8.28937563],[ 0.54042936 18.61525199],[0. 0.]
1629,1.6289999999999314,[-0.41580921 -0.23210716],[-0.34171424  8.30799088],[ 0.52405038 18.00275372],[0. 0.]
1630,1.6299999999999313,[-0.4161504  -0.22378117],[-0.34119019  8.32599363],[ 0.50740051 17.38577928],[0. 0.]
1631,1.6309999999999312,[-0.41649108 -0.21543779],[-0.34068279  8.34337941],[ 0.49048668 16.76444908],[0. 0.]
1632,1.631999999999931,[-0.41683127 -0.20707765],[-0.3401923   8.36014386],[ 0.47331614 16.13888778],[0. 0.]
1633,1.632999999999931,[-0.41717099 -0.19870136],[-0.33971899  8.37628275],[ 0.45589641 15.50922425],[0. 0.]
1634,1.6339999999999308,[-0.41751026 -0.19030957],[-0.33926309  8.39179197],[ 0.43823528 14.87559148],[0. 0.]
1635,1.6349999999999307,[-0.41784908 -0.18190291],[-0.33882486  8.40666756],[ 0.42034083 14.23812649],[0. 0.]
1636,1.6359999999999306,[-0.41818748 -0.173482  ],[-0.33840452  8.42090569],[ 0.4022214  13.59697024],[0. 0.]
1637,1.6369999999999305,[-0.41852549 -0.1650475 ],[-0.33800229  8.43450266],[  -9.91340801 -633.34865214],[-0.1580166  -0.75271521]
1638,1.6379999999999304,[-0.4188734  -0.15724634],[-0.3479157   7.80115401],[  -9.57657258 -608.69642878],[-0.15743463 -0.72279925]
1639,1.6389999999999303,[-0.41923089 -0.15005389],[-0.35749227  7.19245758],[  -9.24471692 -584.88010607],[-0.15686849 -0.69399411]
1640,1.6399999999999302,[-0.41959763 -0.14344631],[-0.36673699  6.60757747],[  -8.91878327 -561.88059248],[-0.15631794 -0.66626276]
1641,1.64099999999993,[-0.41997329 -0.13740061],[-0.37565577  6.04569688],[  -8.59952123 -539.67789652],[-0.15578274 -0.63956895]
1642,1.64199999999993,[-0.42035754 -0.13189459],[-0.3842553   5.50601898],[  -8.28751459 -518.25135481],[-0.15526257 -0.61387728]
1643,1.6429999999999298,[-0.42075009 -0.12690682],[-0.39254281  4.98776763],[  -7.98320505 -497.57983292],[-0.15475711 -0.58915324]
1644,1.6439999999999297,[-0.42115061 -0.12241664],[-0.40052602  4.4901878 ],[  -7.68691316 -477.6419008 ],[-0.15426599 -0.5653632 ]
1645,1.6449999999999296,[-0.42155882 -0.11840409],[-0.40821293  4.0125459 ],[  -7.39885665 -458.41598477],[-0.15378886 -0.54247447]
1646,1.6459999999999295,[-0.42197444 -0.11484996],[-0.41561179  3.55412991],[  -7.11916662 -439.88049814],[-0.15332532 -0.5204553 ]
1647,1.6469999999999294,[-0.42239717 -0.11173571],[-0.42273095  3.11424941],[  -6.84790148 -422.01395241],[-0.15287499 -0.49927487]
1648,1.6479999999999293,[-0.42282675 -0.10904348],[-0.42957885  2.69223546],[  -6.58505922 -404.79505119],[-0.15243748 -0.47890332]
1649,1.6489999999999292,[-0.42326291 -0.10675604],[-0.43616391  2.28744041],[  -6.33058792 -388.20276859],[-0.15201238 -0.45931169]
1650,1.649999999999929,[-0.4237054 -0.1048568],[-0.4424945   1.89923764],[  -6.08439495 -372.21641398],[-0.1515993  -0.44047198]
1651,1.650999999999929,[-0.42415398 -0.10332978],[-0.4485789   1.52702123],[  -5.84635473 -356.81568459],[-0.15119786 -0.42235708]
1652,1.6519999999999289,[-0.42460841 -0.10215957],[-0.45442525  1.17020554],[  -5.61631553 -341.98070769],[-0.15080767 -0.40494081]
1653,1.6529999999999287,[-0.42506845 -0.10133135],[-0.46004157  0.82822483],[  -5.39410514 -327.6920735 ],[-0.15042836 -0.38819783]
1654,1.6539999999999286,[-0.42553389 -0.10083081],[-0.46543567  0.50053276],[  -5.17953581 -313.9308602 ],[-0.15005955 -0.37210369]
1655,1.6549999999999285,[-0.4260045  -0.10064421],[-0.47061521  0.1866019 ],[  -4.97240833 -300.67865207],[-0.14970088 -0.35663477]
1656,1.6559999999999284,[-0.42648009 -0.10075829],[-0.47558762 -0.11407675],[  -4.77251553 -287.91755183],[-0.14935201 -0.34176827]
1657,1.6569999999999283,[-0.42696045 -0.10116028],[-0.48036013 -0.4019943 ],[  -4.57964519 -275.63018794],[-0.14901259 -0.32748218]
1658,1.6579999999999282,[-0.42744539 -0.10183791],[-0.48493978 -0.67762449],[  -4.39358244 -263.7997177 ],[-0.14868229 -0.31375528]
1659,1.658999999999928,[-0.42793472 -0.10277933],[-0.48933336 -0.94142421],[  -4.21411176 -252.40982684],[-0.14836078 -0.30056709]
1660,1.659999999999928,[-0.42842827 -0.10397317],[-0.49354747 -1.19383404],[  -4.04101861 -241.44472613],[-0.14804776 -0.28789785]
1661,1.6609999999999279,[-0.42892586 -0.10540844],[-0.49758849 -1.43527876],[  -3.8740908  -230.88914559],[-0.14774293 -0.27572852]
1662,1.6619999999999278,[-0.42942732 -0.10707461],[-0.50146258 -1.66616791],[  -3.71311947 -220.72832666],[-0.14744599 -0.26404074]
1663,1.6629999999999276,[-0.4299325  -0.10896151],[-0.5051757  -1.88689623],[  -3.55789997 -210.94801282],[-0.14715666 -0.2528168 ]
1664,1.6639999999999275,[-0.43044123 -0.11105935],[-0.5087336  -2.09784425],[  -3.40823252 -201.53443892],[-0.14687467 -0.24203963]
1665,1.6649999999999274,[-0.43095337 -0.11335873],[-0.51214183 -2.29937869],[  -3.26392262 -192.47431951],[-0.14659976 -0.23169277]
1666,1.6659999999999273,[-0.43146878 -0.11585058],[-0.51540575 -2.491853  ],[  -3.12478146 -183.75483645],[-0.14633167 -0.22176037]
1667,1.6669999999999272,[-0.43198731 -0.11852619],[-0.51853054 -2.67560784],[  -2.99062612 -175.36362599],[-0.14607016 -0.21222713]
1668,1.667999999999927,[-0.43250883 -0.12137716],[-0.52152116 -2.85097147],[  -2.86127971 -167.28876545],[-0.14581499 -0.20307833]
1669,1.668999999999927,[-0.43303321 -0.12439542],[-0.52438244 -3.01826023],[  -2.73657144 -159.51875972],[-0.14556594 -0.19429976]
1670,1.6699999999999269,[-0.43356033 -0.1275732 ],[-0.52711901 -3.17777899],[  -2.61633658 -152.04252768],[-0.14532278 -0.18587772]
1671,1.6709999999999268,[-0.43409007 -0.13090302],[-0.52973535 -3.32982152],[  -2.50041646 -144.84938859],[-0.14508531 -0.17779904]
1672,1.6719999999999267,[-0.4346223 -0.1343777],[-0.53223577 -3.47467091],[  -2.38865832 -137.92904865],[-0.14485332 -0.17005098]
1673,1.6729999999999265,[-0.43515693 -0.1379903 ],[-0.53462442 -3.61259996],[  -2.28091522 -131.2715876 ],[-0.14462661 -0.1626213 ]
1674,1.6739999999999264,[-0.43569383 -0.14173417],[-0.53690534 -3.74387154],[  -2.17704587 -124.86744573],[-0.144405   -0.15549818]
1675,1.6749999999999263,[-0.43623291 -0.14560291],[-0.53908239 -3.86873899],[  -2.07691446 -118.70741096],[-0.14418829 -0.14867024]
1676,1.6759999999999262,[-0.43677407 -0.14959035],[-0.5411593 -3.9874464],[  -1.98039047 -112.78260634],[-0.14397632 -0.1421265 ]
1677,1.676999999999926,[-0.43731721 -0.15369058],[-0.54313969 -4.10022901],[  -1.88734849 -107.08447788],[-0.14376891 -0.13585639]
1678,1.677999999999926,[-0.43786224 -0.15789789],[-0.54502704 -4.20731349],[  -1.79766803 -101.60478265],[-0.1435659  -0.12984971]
1679,1.6789999999999259,[-0.43840906 -0.16220681],[-0.54682471 -4.30891827],[ -1.71123329 -96.33557733],[-0.14336713 -0.12409664]
1680,1.6799999999999258,[-0.4389576  -0.16661207],[-0.54853594 -4.40525385],[ -1.62793298 -91.26920704],[-0.14317244 -0.1185877 ]
1681,1.6809999999999257,[-0.43950776 -0.17110859],[-0.55016387 -4.49652305],[ -1.54766012 -86.39829464],[-0.14298169 -0.11331378]
1682,1.6819999999999256,[-0.44005948 -0.17569151],[-0.55171153 -4.58292135],[ -1.47031184 -81.71573031],[-0.14279473 -0.10826606]
1683,1.6829999999999254,[-0.44061266 -0.18035615],[-0.55318185 -4.66463708],[ -1.39578922 -77.21466157],[-0.14261143 -0.10343607]
1684,1.6839999999999253,[-0.44116724 -0.185098  ],[-0.55457763 -4.74185174],[ -1.32399707 -72.88848365],[-0.14243164 -0.09881564]
1685,1.6849999999999252,[-0.44172314 -0.18991274],[-0.55590163 -4.81474022],[ -1.25484375 -68.73083018],[-0.14225525 -0.09439688]
1686,1.6859999999999251,[-0.44228029 -0.19479621],[-0.55715648 -4.88347105],[ -1.18824107 -64.7355643 ],[-0.14208213 -0.0901722 ]
1687,1.686999999999925,[-0.44283864 -0.19974442],[-0.55834472 -4.94820662],[ -1.12410402 -60.89677009],[-0.14191215 -0.08613428]
1688,1.687999999999925,[-0.44339811 -0.20475352],[-0.55946882 -5.00910339],[ -1.06235073 -57.20874428],[-0.1417452  -0.08227606]
1689,1.6889999999999248,[-0.44395864 -0.20981983],[-0.56053117 -5.06631213],[ -1.00290224 -53.66598842],[-0.14158117 -0.07859074]
1690,1.6899999999999247,[-0.44452017 -0.21493981],[-0.56153407 -5.11997812],[ -0.94568239 -50.26320116],[-0.14141994 -0.07507178]
1691,1.6909999999999246,[-0.44508265 -0.22011005],[-0.56247976 -5.17024132],[ -0.8906177  -46.99527108],[-0.14126142 -0.07171284]
1692,1.6919999999999245,[-0.44564602 -0.22532729],[-0.56337037 -5.21723659],[ -0.83763724 -43.85726958],[-0.14110549 -0.06850784]
1693,1.6929999999999243,[-0.44621023 -0.23058838],[-0.56420801 -5.26109386],[ -0.7866725  -40.84444421],[-0.14095207 -0.06545092]
1694,1.6939999999999242,[-0.44677523 -0.23589032],[-0.56499468 -5.30193831],[ -0.7376573  -37.95221219],[-0.14080104 -0.06253641]
1695,1.6949999999999241,[-0.44734096 -0.24123021],[-0.56573234 -5.33989052],[ -0.69052766 -35.17615422],[-0.14065233 -0.05975886]
1696,1.695999999999924,[-0.44790738 -0.24660528],[-0.56642287 -5.37506667],[ -0.64522173 -32.51200854],[-0.14050585 -0.05711303]
1697,1.696999999999924,[-0.44847445 -0.25201286],[-0.56706809 -5.40757868],[ -0.60167969 -29.95566517],[-0.14036149 -0.05459384]
1698,1.6979999999999238,[-0.44904212 -0.25745039],[-0.56766977 -5.43753435],[ -0.55984366 -27.5031605 ],[-0.14021919 -0.05219642]
1699,1.6989999999999237,[-0.44961035 -0.26291543],[-0.56822961 -5.46503751],[ -0.51965763 -25.15067194],[-0.14007886 -0.04991607]
1700,1.6999999999999236,[-0.4501791  -0.26840562],[-0.56874927 -5.49018818],[ -0.48106734 -22.8945129 ],[-0.13994042 -0.04774826]
1701,1.7009999999999235,[-0.45074833 -0.2739187 ],[-0.56923034 -5.51308269],[ -0.4440203  -20.73112791],[-0.1398038  -0.04568862]
1702,1.7019999999999234,[-0.451318   -0.27945251],[-0.56967436 -5.53381382],[ -0.40846562 -18.65708798],[-0.13966892 -0.04373294]
1703,1.7029999999999232,[-0.45188808 -0.28500498],[-0.57008282 -5.55247091],[ -0.37435401 -16.66908603],[-0.13953571 -0.04187718]
1704,1.7039999999999231,[-0.45245854 -0.29057412],[-0.57045718 -5.56913999],[ -0.34163773 -14.76393264],[-0.13940411 -0.04011743]
1705,1.704999999999923,[-0.45302934 -0.29615803],[-0.57079882 -5.58390393],[ -0.31027047 -12.93855185],[-0.13927404 -0.03844992]
1706,1.705999999999923,[-0.45360045 -0.30175487],[-0.57110909 -5.59684248],[ -0.28020737 -11.18997718],[-0.13914545 -0.03687104]
1707,1.7069999999999228,[-0.45417184 -0.3073629 ],[-0.57138929 -5.60803246],[-0.25140493 -9.51534776],[-0.13901826 -0.03537729]
1708,1.7079999999999227,[-0.45474348 -0.31298045],[-0.5716407 -5.6175478],[-0.22382096 -7.91190464],[-0.13889243 -0.03396532]
1709,1.7089999999999226,[-0.45531534 -0.31860591],[-0.57186452 -5.62545971],[-0.19741456 -6.3769872 ],[-0.13876788 -0.03263187]
1710,1.7099999999999225,[-0.45588741 -0.32423775],[-0.57206193 -5.63183669],[-0.17214607 -4.90802975],[-0.13864457 -0.03137384]
1711,1.7109999999999224,[-0.45645964 -0.32987449],[-0.57223408 -5.63674472],[-0.14797702 -3.50255818],[-0.13852245 -0.03018822]
1712,1.7119999999999223,[-0.45703202 -0.33551474],[-0.57238206 -5.64024728],[-0.12487009 -2.15818677],[-0.13840145 -0.02907211]
1713,1.7129999999999221,[-0.45760453 -0.34115715],[-0.57250693 -5.64240547],[-0.10278912 -0.87261515],[-0.13828153 -0.02802273]
1714,1.713999999999922,[-0.45817714 -0.34680042],[-0.57260972 -5.64327808],[-0.08169899  0.35637473],[-0.13816264 -0.0270374 ]
1715,1.714999999999922,[-0.45874983 -0.35244335],[-0.57269142 -5.64292171],[-0.06156568  1.53092138],[-0.13804473 -0.02611353]
1716,1.7159999999999218,[-0.45932258 -0.35808474],[-0.57275298 -5.64139079],[-0.04235617  2.65308663],[-0.13792775 -0.02524864]
1717,1.7169999999999217,[-0.45989538 -0.36372347],[-0.57279534 -5.6387377 ],[-0.02403846  3.72485818],[-0.13781167 -0.02444033]
1718,1.7179999999999216,[-0.4604682  -0.36935849],[-0.57281938 -5.63501284],[-0.00658148  4.74815228],[-0.13769643 -0.02368629]
1719,1.7189999999999215,[-0.46104102 -0.37498875],[-0.57282596 -5.63026469],[0.01004486 5.72481613],[-0.13758201 -0.02298431]
1720,1.7199999999999214,[-0.46161384 -0.38061329],[-0.57281591 -5.62453988],[0.02586975 6.65663031],[-0.13746835 -0.02233226]
1721,1.7209999999999213,[-0.46218663 -0.38623117],[-0.57279004 -5.61788325],[0.0409215  7.54531108],[-0.13735542 -0.02172806]
1722,1.7219999999999211,[-0.46275938 -0.39184151],[-0.57274912 -5.61033793],[0.05522754 8.39251264],[-0.13724318 -0.02116975]
1723,1.722999999999921,[-0.46333207 -0.39744346],[-0.57269389 -5.60194542],[0.06881446 9.19982925],[-0.13713159 -0.02065543]
1724,1.723999999999921,[-0.4639047 -0.4030362],[-0.57262508 -5.59274559],[0.08170806 9.96879732],[-0.13702063 -0.02018325]
1725,1.7249999999999208,[-0.46447724 -0.40861898],[-0.57254337 -5.58277679],[ 0.09393331 10.70089743],[-0.13691026 -0.01975145]
1726,1.7259999999999207,[-0.46504969 -0.41419106],[-0.57244944 -5.5720759 ],[ 0.10551441 11.39755629],[-0.13680044 -0.01935834]
1727,1.7269999999999206,[-0.46562203 -0.41975173],[-0.57234392 -5.56067834],[ 0.11647483 12.06014859],[-0.13669115 -0.01900229]
1728,1.7279999999999205,[-0.46619426 -0.42530035],[-0.57222745 -5.54861819],[ 0.12683729 12.68999882],[-0.13658235 -0.01868172]
1729,1.7289999999999204,[-0.46676636 -0.43083628],[-0.57210061 -5.53592819],[ 0.13662379 13.28838303],[-0.13647402 -0.01839512]
1730,1.7299999999999203,[-0.46733833 -0.43635892],[-0.57196399 -5.52263981],[ 0.14585566 13.85653053],[-0.13636613 -0.01814104]
1731,1.7309999999999202,[-0.46791014 -0.4418677 ],[-0.57181813 -5.50878328],[ 0.15455353 14.39562551],[-0.13625865 -0.01791809]
1732,1.73199999999992,[-0.46848181 -0.44736209],[-0.57166358 -5.49438765],[ 0.1627374  14.90680865],[-0.13615156 -0.0177249 ]
1733,1.73299999999992,[-0.46905331 -0.45284157],[-0.57150084 -5.47948085],[ 0.1704266 15.3911786],[-0.13604482 -0.0175602 ]
1734,1.7339999999999198,[-0.46962464 -0.45830566],[-0.57133041 -5.46408967],[ 0.17763986 15.84979352],[-0.13593842 -0.01742274]
1735,1.7349999999999197,[-0.47019579 -0.4637539 ],[-0.57115277 -5.44823987],[ 0.18439531 16.28367245],[-0.13583234 -0.01731133]
1736,1.7359999999999196,[-0.47076676 -0.46918586],[-0.57096838 -5.4319562 ],[ 0.19071048 16.69379674],[-0.13572655 -0.0172248 ]
1737,1.7369999999999195,[-0.47133754 -0.47460112],[-0.57077767 -5.4152624 ],[ 0.19660233 17.08111136],[-0.13562103 -0.01716206]
1738,1.7379999999999194,[-0.47190812 -0.4799993 ],[-0.57058107 -5.39818129],[ 0.20208727 17.44652616],[-0.13551576 -0.01712204]
1739,1.7389999999999193,[-0.4724785  -0.48538004],[-0.57037898 -5.38073477],[ 0.20718117 17.79091718],[-0.13541072 -0.01710373]
1740,1.7399999999999192,[-0.47304867 -0.49074298],[-0.5701718  -5.36294385],[ 0.21189937 18.1151278 ],[-0.13530589 -0.01710614]
1741,1.740999999999919,[-0.47361863 -0.49608781],[-0.5699599  -5.34482872],[ 0.21625671 18.41996992],[-0.13520125 -0.01712832]
1742,1.741999999999919,[-0.47418837 -0.50141422],[-0.56974364 -5.32640875],[ 0.22026752 18.70622511],[-0.13509679 -0.01716937]
1743,1.7429999999999188,[-0.4747579  -0.50672192],[-0.56952337 -5.30770253],[ 0.22394567 18.97464564],[-0.13499248 -0.01722841]
1744,1.7439999999999187,[-0.4753272  -0.51201065],[-0.56929943 -5.28872788],[ 0.22730455 19.22595558],[-0.13488832 -0.01730461]
1745,1.7449999999999186,[-0.47589627 -0.51728015],[-0.56907212 -5.26950193],[ 0.2303571  19.46085177],[-0.13478428 -0.01739717]
1746,1.7459999999999185,[-0.47646511 -0.52253019],[-0.56884177 -5.25004107],[ 0.23311582 19.68000485],[-0.13468036 -0.0175053 ]
1747,1.7469999999999184,[-0.47703372 -0.52776055],[-0.56860865 -5.23036107],[ 0.23559277 19.88406017],[-0.13457653 -0.01762827]
1748,1.7479999999999183,[-0.47760209 -0.53297103],[-0.56837306 -5.21047701],[ 0.23779962 20.07363868],[-0.13447279 -0.01776536]
1749,1.7489999999999182,[-0.47817023 -0.53816143],[-0.56813526 -5.19040337],[ 0.23974762 20.24933789],[-0.13436911 -0.01791588]
1750,1.749999999999918,[-0.47873812 -0.54333159],[-0.56789551 -5.17015403],[ 0.24144764 20.41173263],[-0.1342655  -0.01807918]
1751,1.750999999999918,[-0.47930578 -0.54848133],[-0.56765406 -5.1497423 ],[ 0.24291016 20.56137594],[-0.13416192 -0.01825463]
1752,1.7519999999999178,[-0.47987319 -0.55361051],[-0.56741115 -5.12918092],[ 0.24414531 20.69879982],[-0.13405838 -0.01844161]
1753,1.7529999999999177,[-0.48044036 -0.55871899],[-0.56716701 -5.10848212],[ 0.24516285 20.82451605],[-0.13395487 -0.01863954]
1754,1.7539999999999176,[-0.48100728 -0.56380665],[-0.56692185 -5.08765761],[ 0.2459722  20.93901685],[-0.13385136 -0.01884787]
1755,1.7549999999999175,[-0.48157395 -0.56887337],[-0.56667587 -5.06671859],[ 0.24658245 21.04277566],[-0.13374786 -0.01906604]
1756,1.7559999999999174,[-0.48214038 -0.57391904],[-0.56642929 -5.04567582],[ 0.24700237 21.13624782],[-0.13364434 -0.01929356]
1757,1.7569999999999173,[-0.48270656 -0.57894358],[-0.56618229 -5.02453957],[ 0.2472404 21.2198712],[-0.13354081 -0.01952992]
1758,1.7579999999999172,[-0.4832725 -0.5839469],[-0.56593505 -5.0033197 ],[ 0.24730469 21.29406689],[-0.13343725 -0.01977464]
1759,1.758999999999917,[-0.48383819 -0.58892893],[-0.56568774 -4.98202563],[ 0.2472031  21.35923977],[-0.13333366 -0.02002728]
1760,1.759999999999917,[-0.48440363 -0.5938896 ],[-0.56544054 -4.96066639],[ 0.24694319 21.41577914],[-0.13323002 -0.02028738]
1761,1.7609999999999169,[-0.48496882 -0.59882885],[-0.5651936  -4.93925061],[ 0.24653226 21.46405929],[-0.13312633 -0.02055454]
1762,1.7619999999999167,[-0.48553377 -0.60374663],[-0.56494706 -4.91778655],[ 0.24597733 21.50444006],[-0.13302257 -0.02082835]
1763,1.7629999999999166,[-0.48609847 -0.60864291],[-0.56470109 -4.89628211],[ 0.24528518 21.53726737],[-0.13291875 -0.02110841]
1764,1.7639999999999165,[-0.48666293 -0.61351766],[-0.5644558  -4.87474484],[ 0.24446233 21.56287372],[-0.13281486 -0.02139437]
1765,1.7649999999999164,[-0.48722714 -0.61837084],[-0.56421134 -4.85318197],[ 0.24351506 21.58157872],[-0.13271089 -0.02168586]
1766,1.7659999999999163,[-0.4877911  -0.62320244],[-0.56396782 -4.83160039],[ 0.2424494  21.59368957],[-0.13260683 -0.02198254]
1767,1.7669999999999162,[-0.48835483 -0.62801245],[-0.56372538 -4.8100067 ],[ 0.24127119 21.59950149],[-0.13250268 -0.02228409]
1768,1.767999999999916,[-0.48891831 -0.63280086],[-0.5634841 -4.7884072],[ 0.23998603 21.5992982 ],[-0.13239842 -0.02259019]
1769,1.768999999999916,[-0.48948156 -0.63756766],[-0.56324412 -4.7668079 ],[ 0.23859931 21.59335233],[-0.13229407 -0.02290054]
1770,1.7699999999999159,[-0.49004456 -0.64231288],[-0.56300552 -4.74521455],[ 0.23711622 21.58192586],[-0.1321896  -0.02321485]
1771,1.7709999999999158,[-0.49060733 -0.64703651],[-0.5627684  -4.72363262],[ 0.23554174 21.56527049],[-0.13208502 -0.02353285]
1772,1.7719999999999156,[-0.49116987 -0.65173858],[-0.56253286 -4.70206735],[ 0.23388069 21.54362806],[-0.13198033 -0.02385427]
1773,1.7729999999999155,[-0.49173216 -0.6564191 ],[-0.56229898 -4.68052373],[ 0.23213769 21.51723089],[-0.1318755  -0.02417886]
1774,1.7739999999999154,[-0.49229423 -0.66107811],[-0.56206684 -4.65900649],[ 0.23031716 21.48630215],[-0.13177055 -0.02450637]
1775,1.7749999999999153,[-0.49285607 -0.66571563],[-0.56183653 -4.63752019],[ 0.22842339 21.45105622],[-0.13166547 -0.02483657]
1776,1.7759999999999152,[-0.49341768 -0.6703317 ],[-0.5616081  -4.61606914],[ 0.22646048 21.411699  ],[-0.13156026 -0.02516924]
1777,1.776999999999915,[-0.49397906 -0.67492636],[-0.56138164 -4.59465744],[ 0.22443237 21.36842826],[-0.1314549  -0.02550417]
1778,1.777999999999915,[-0.49454021 -0.67949964],[-0.56115721 -4.57328901],[ 0.22234286 21.3214339 ],[-0.1313494  -0.02584115]
1779,1.7789999999999149,[-0.49510115 -0.68405161],[-0.56093487 -4.55196758],[ 0.22019559 21.2708983 ],[-0.13124376 -0.02617998]
1780,1.7799999999999148,[-0.49566186 -0.68858231],[-0.56071467 -4.53069668],[ 0.21799406 21.21699657],[-0.13113797 -0.02652048]
1781,1.7809999999999147,[-0.49622236 -0.69309179],[-0.56049668 -4.50947968],[ 0.21574163 21.15989686],[-0.13103202 -0.02686247]
1782,1.7819999999999145,[-0.49678264 -0.69758011],[-0.56028093 -4.48831978],[ 0.21344152 21.09976059],[-0.13092592 -0.02720577]
1783,1.7829999999999144,[-0.49734271 -0.70204733],[-0.56006749 -4.46722002],[ 0.21109685 21.03674273],[-0.13081967 -0.02755024]
1784,1.7839999999999143,[-0.49790257 -0.70649351],[-0.5598564  -4.44618328],[ 0.20871057 20.97099202],[-0.13071325 -0.02789569]
1785,1.7849999999999142,[-0.49846221 -0.71091872],[-0.55964769 -4.42521229],[ 0.20628555 20.90265126],[-0.13060668 -0.028242  ]
1786,1.785999999999914,[-0.49902165 -0.71532303],[-0.5594414  -4.40430964],[ 0.20382453 20.83185748],[-0.13049993 -0.02858901]
1787,1.786999999999914,[-0.49958089 -0.71970651],[-0.55923758 -4.38347778],[ 0.20133013 20.75874219],[-0.13039303 -0.02893658]
1788,1.7879999999999139,[-0.50013993 -0.72406923],[-0.55903625 -4.36271904],[ 0.19880488 20.68343158],[-0.13028595 -0.02928459]
1789,1.7889999999999138,[-0.50069877 -0.72841127],[-0.55883744 -4.34203561],[ 0.19625119 20.60604675],[-0.1301787  -0.02963292]
1790,1.7899999999999137,[-0.50125741 -0.7327327 ],[-0.55864119 -4.32142956],[ 0.19367139 20.52670386],[-0.13007129 -0.02998143]
1791,1.7909999999999136,[-0.50181585 -0.7370336 ],[-0.55844752 -4.30090286],[ 0.19106769 20.44551437],[-0.1299637  -0.03033003]
1792,1.7919999999999134,[-0.50237411 -0.74131406],[-0.55825645 -4.28045734],[ 0.18844222 20.36258518],[-0.12985593 -0.03067859]
1793,1.7929999999999133,[-0.50293218 -0.74557415],[-0.55806801 -4.26009476],[ 0.18579702 20.27801884],[-0.12974799 -0.03102702]
1794,1.7939999999999132,[-0.50349006 -0.74981397],[-0.55788221 -4.23981674],[ 0.18313405 20.19191368],[-0.12963988 -0.03137522]
1795,1.794999999999913,[-0.50404776 -0.75403359],[-0.55769908 -4.21962482],[ 0.18045518 20.10436401],[-0.12953158 -0.03172309]
1796,1.795999999999913,[-0.50460528 -0.75823311],[-0.55751862 -4.19952046],[ 0.1777622  20.01546024],[-0.12942311 -0.03207055]
1797,1.796999999999913,[-0.50516262 -0.76241262],[-0.55734086 -4.179505  ],[ 0.17505683 19.92528907],[-0.12931445 -0.0324175 ]
1798,1.7979999999999128,[-0.50571979 -0.7665722 ],[-0.5571658  -4.15957971],[ 0.1723407 19.8339336],[-0.12920562 -0.03276387]
1799,1.7989999999999127,[-0.50627678 -0.77071194],[-0.55699346 -4.13974578],[ 0.16961539 19.74147349],[-0.1290966  -0.03310958]
1800,1.7999999999999126,[-0.5068336  -0.77483195],[-0.55682385 -4.1200043 ],[ 0.1668824  19.64798509],[-0.1289874  -0.03345455]
1801,1.8009999999999124,[-0.50739026 -0.7789323 ],[-0.55665696 -4.10035632],[ 0.16414316 19.55354154],[-0.12887802 -0.03379872]
1802,1.8019999999999123,[-0.50794675 -0.78301311],[-0.55649282 -4.08080278],[ 0.16139905 19.45821294],[-0.12876846 -0.03414202]
1803,1.8029999999999122,[-0.50850308 -0.78707445],[-0.55633142 -4.06134456],[ 0.15865138 19.36206646],[-0.12865871 -0.03448438]
1804,1.8039999999999121,[-0.50905926 -0.79111643],[-0.55617277 -4.0419825 ],[ 0.1559014 19.2651664],[-0.12854877 -0.03482575]
1805,1.804999999999912,[-0.50961527 -0.79513915],[-0.55601687 -4.02271733],[ 0.1531503  19.16757438],[-0.12843865 -0.03516607]
1806,1.805999999999912,[-0.51017114 -0.7991427 ],[-0.55586372 -4.00354976],[ 0.15039922 19.06934939],[-0.12832835 -0.03550528]
1807,1.8069999999999118,[-0.51072685 -0.80312718],[-0.55571332 -3.98448041],[ 0.14764927 18.97054792],[-0.12821786 -0.03584333]
1808,1.8079999999999117,[-0.51128242 -0.80709269],[-0.55556567 -3.96550986],[ 0.14490146 18.87122404],[-0.12810718 -0.03618017]
1809,1.8089999999999116,[-0.51183784 -0.81103933],[-0.55542077 -3.94663863],[ 0.1421568  18.77142951],[-0.12799632 -0.03651577]
1810,1.8099999999999115,[-0.51239312 -0.8149672 ],[-0.55527861 -3.9278672 ],[ 0.13941623 18.67121384],[-0.12788527 -0.03685007]
1811,1.8109999999999113,[-0.51294826 -0.81887639],[-0.5551392  -3.90919599],[ 0.13668065 18.57062443],[-0.12777404 -0.03718303]
1812,1.8119999999999112,[-0.51350326 -0.82276702],[-0.55500252 -3.89062537],[ 0.1339509  18.46970662],[-0.12766262 -0.03751461]
1813,1.8129999999999111,[-0.51405813 -0.82663917],[-0.55486856 -3.87215566],[ 0.13122781 18.36850375],[-0.12755101 -0.03784479]
1814,1.813999999999911,[-0.51461286 -0.83049296],[-0.55473734 -3.85378716],[ 0.12851216 18.26705728],[-0.12743922 -0.03817351]
1815,1.814999999999911,[-0.51516747 -0.83432848],[-0.55460882 -3.8355201 ],[ 0.12580466 18.16540685],[-0.12732725 -0.03850076]
1816,1.8159999999999108,[-0.51572196 -0.83814584],[-0.55448302 -3.81735469],[ 0.12310604 18.06359035],[-0.12721508 -0.0388265 ]
1817,1.8169999999999107,[-0.51627632 -0.84194513],[-0.55435991 -3.7992911 ],[ 0.12041694 17.96164396],[-0.12710273 -0.0391507 ]
1818,1.8179999999999106,[-0.51683055 -0.84572646],[-0.5542395  -3.78132946],[ 0.11773801 17.85960229],[-0.1269902  -0.03947333]
1819,1.8189999999999105,[-0.51738468 -0.84948993],[-0.55412176 -3.76346986],[ 0.11506983 17.75749835],[-0.12687748 -0.03979438]
1820,1.8199999999999104,[-0.51793868 -0.85323564],[-0.55400669 -3.74571236],[ 0.11241297 17.65536368],[-0.12676458 -0.04011381]
1821,1.8209999999999102,[-0.51849258 -0.85696369],[-0.55389428 -3.72805699],[ 0.10976797 17.55322841],[-0.12665149 -0.0404316 ]
1822,1.8219999999999101,[-0.51904636 -0.8606742 ],[-0.55378451 -3.71050377],[ 0.10713534 17.45112125],[-0.12653822 -0.04074773]
1823,1.82299999999991,[-0.51960004 -0.86436725],[-0.55367737 -3.69305264],[ 0.10451555 17.34906962],[-0.12642477 -0.04106219]
1824,1.82399999999991,[-0.52015361 -0.86804295],[-0.55357286 -3.67570357],[ 0.10190906 17.24709967],[-0.12631113 -0.04137496]
1825,1.8249999999999098,[-0.52070708 -0.87170141],[-0.55347095 -3.65845647],[ 0.09931629 17.14523631],[-0.12619731 -0.04168602]
1826,1.8259999999999097,[-0.52126045 -0.87534272],[-0.55337163 -3.64131124],[ 0.09673765 17.0435033 ],[-0.12608331 -0.04199535]
1827,1.8269999999999096,[-0.52181373 -0.87896699],[-0.55327489 -3.62426774],[ 0.09417351 16.94192327],[-0.12596913 -0.04230295]
1828,1.8279999999999095,[-0.52236691 -0.88257432],[-0.55318072 -3.60732581],[ 0.09162423 16.84051778],[-0.12585476 -0.04260879]
1829,1.8289999999999094,[-0.52292   -0.8861648],[-0.5530891  -3.59048529],[ 0.08909015 16.73930734],[-0.12574022 -0.04291287]
1830,1.8299999999999093,[-0.523473   -0.88973855],[-0.55300001 -3.57374599],[ 0.08657157 16.63831146],[-0.12562549 -0.04321517]
1831,1.8309999999999091,[-0.52402591 -0.89329566],[-0.55291343 -3.55710768],[ 0.08406879 16.53754873],[-0.12551058 -0.0435157 ]
1832,1.831999999999909,[-0.52457874 -0.89683623],[-0.55282937 -3.54057013],[ 0.08158209 16.43703678],[-0.1253955  -0.04381443]
1833,1.832999999999909,[-0.52513149 -0.90036036],[-0.55274778 -3.52413309],[ 0.07911172 16.3367924 ],[-0.12528023 -0.04411136]
1834,1.8339999999999088,[-0.52568416 -0.90386815],[-0.55266867 -3.5077963 ],[ 0.07665791 16.23683151],[-0.12516479 -0.04440649]
1835,1.8349999999999087,[-0.52623675 -0.90735971],[-0.55259201 -3.49155947],[ 0.0742209  16.13716923],[-0.12504917 -0.04469981]
1836,1.8359999999999086,[-0.52678927 -0.91083514],[-0.55251779 -3.4754223 ],[ 0.07180087 16.03781989],[-0.12493338 -0.0449913 ]
1837,1.8369999999999085,[-0.52734171 -0.91429452],[-0.55244599 -3.45938448],[ 0.06939803 15.93879709],[-0.12481741 -0.04528098]
1838,1.8379999999999084,[-0.52789409 -0.91773797],[-0.55237659 -3.44344568],[ 0.06701254 15.84011371],[-0.12470126 -0.04556884]
1839,1.8389999999999083,[-0.5284464  -0.92116557],[-0.55230958 -3.42760557],[ 0.06464457 15.74178193],[-0.12458494 -0.04585486]
1840,1.8399999999999082,[-0.52899865 -0.92457744],[-0.55224494 -3.41186378],[ 0.06229427 15.64381329],[-0.12446844 -0.04613906]
1841,1.840999999999908,[-0.52955083 -0.92797366],[-0.55218264 -3.39621997],[ 0.05996175 15.54621869],[-0.12435177 -0.04642143]
1842,1.841999999999908,[-0.53010295 -0.93135433],[-0.55212268 -3.38067375],[ 0.05764715 15.44900842],[-0.12423493 -0.04670196]
1843,1.8429999999999078,[-0.53065502 -0.93471955],[-0.55206503 -3.36522474],[ 0.05535058 15.35219218],[-0.12411791 -0.04698066]
1844,1.8439999999999077,[-0.53120703 -0.93806943],[-0.55200968 -3.34987255],[ 0.05307213 15.25577913],[-0.12400073 -0.04725754]
1845,1.8449999999999076,[-0.53175898 -0.94140404],[-0.55195661 -3.33461677],[ 0.05081188 15.15977788],[-0.12388337 -0.04753258]
1846,1.8459999999999075,[-0.53231089 -0.9447235 ],[-0.5519058  -3.31945699],[ 0.04856991 15.06419653],[-0.12376584 -0.04780579]
1847,1.8469999999999074,[-0.53286275 -0.94802789],[-0.55185723 -3.3043928 ],[ 0.04634629 14.9690427 ],[-0.12364815 -0.04807717]
1848,1.8479999999999073,[-0.53341456 -0.95131732],[-0.55181088 -3.28942376],[ 0.04414107 14.87432352],[-0.12353028 -0.04834673]
1849,1.8489999999999072,[-0.53396632 -0.95459187],[-0.55176674 -3.27454943],[ 0.0419543  14.78004568],[-0.12341225 -0.04861447]
1850,1.849999999999907,[-0.53451805 -0.95785164],[-0.55172479 -3.25976939],[ 0.03978602 14.68621543],[-0.12329405 -0.04888039]
1851,1.850999999999907,[-0.53506973 -0.96109672],[-0.551685   -3.24508317],[ 0.03763625 14.59283859],[-0.12317568 -0.04914449]
1852,1.8519999999999068,[-0.53562138 -0.96432721],[-0.55164737 -3.23049033],[ 0.03550502 14.49992062],[-0.12305715 -0.04940678]
1853,1.8529999999999067,[-0.53617299 -0.9675432 ],[-0.55161186 -3.21599041],[ 0.03339233 14.40746656],[-0.12293845 -0.04966726]
1854,1.8539999999999066,[-0.53672457 -0.97074478],[-0.55157847 -3.20158294],[ 0.0312982 14.3154811],[-0.12281959 -0.04992594]
1855,1.8549999999999065,[-0.53727612 -0.97393205],[-0.55154717 -3.18726746],[ 0.02922263 14.22396857],[-0.12270057 -0.05018282]
1856,1.8559999999999064,[-0.53782764 -0.97710509],[-0.55151795 -3.1730435 ],[ 0.0271656  14.13293299],[-0.12258138 -0.05043791]
1857,1.8569999999999063,[-0.53837913 -0.980264  ],[-0.55149078 -3.15891056],[ 0.0251271  14.04237804],[-0.12246203 -0.05069122]
1858,1.8579999999999062,[-0.53893059 -0.98340887],[-0.55146565 -3.14486818],[ 0.02310712 13.95230707],[-0.12234252 -0.05094274]
1859,1.858999999999906,[-0.53948203 -0.98653979],[-0.55144255 -3.13091588],[ 0.02110562 13.86272317],[-0.12222285 -0.05119249]
1860,1.859999999999906,[-0.54003346 -0.98965684],[-0.55142144 -3.11705315],[ 0.01912257 13.77362914],[-0.12210302 -0.05144047]
1861,1.8609999999999058,[-0.54058486 -0.99276012],[-0.55140232 -3.10327952],[ 0.01715795 13.6850275 ],[-0.12198303 -0.05168669]
1862,1.8619999999999057,[-0.54113624 -0.99584972],[-0.55138516 -3.0895945 ],[ 0.0152117  13.59692051],[-0.12186288 -0.05193115]
1863,1.8629999999999056,[-0.54168761 -0.99892571],[-0.55136995 -3.07599758],[1.32837749e-02 1.35093102e+01],[-0.12174258 -0.05217387]
1864,1.8639999999999055,[-0.54223897 -1.0019882 ],[-0.55135667 -3.06248827],[1.13741317e-02 1.34221983e+01],[-0.12162212 -0.05241484]
1865,1.8649999999999054,[-0.54279032 -1.00503727],[-0.55134529 -3.04906607],[9.48271165e-03 1.33355865e+01],[-0.1215015  -0.05265409]
1866,1.8659999999999053,[-0.54334165 -1.008073  ],[-0.55133581 -3.03573048],[7.60945527e-03 1.32494760e+01],[-0.12138073 -0.0528916 ]
1867,1.8669999999999052,[-0.54389298 -1.01109548],[-0.5513282  -3.02248101],[5.75429933e-03 1.31638679e+01],[-0.1212598 -0.0531274]
1868,1.867999999999905,[-0.5444443 -1.0141048],[-0.55132245 -3.00931714],[3.91717691e-03 1.30787633e+01],[-0.12113872 -0.05336149]
1869,1.868999999999905,[-0.54499562 -1.01710103],[-0.55131853 -2.99623837],[2.09801762e-03 1.29941628e+01],[-0.12101748 -0.05359388]
1870,1.8699999999999048,[-0.54554694 -1.02008428],[-0.55131643 -2.98324421],[2.96747760e-04 1.29100671e+01],[-0.1208961  -0.05382458]
1871,1.8709999999999047,[-0.54609825 -1.02305461],[-0.55131613 -2.97033414],[-1.48670946e-03  1.28264764e+01],[-0.12077456 -0.05405359]
1872,1.8719999999999046,[-0.54664957 -1.02601212],[-0.55131762 -2.95750767],[-3.25243377e-03  1.27433911e+01],[-0.12065287 -0.05428093]
1873,1.8729999999999045,[-0.54720089 -1.02895688],[-0.55132087 -2.94476428],[-5.00050771e-03  1.26608111e+01],[-0.12053103 -0.0545066 ]
1874,1.8739999999999044,[-0.54775222 -1.03188899],[-0.55132587 -2.93210347],[-6.73101641e-03  1.25787365e+01],[-0.12040904 -0.0547306 ]
1875,1.8749999999999043,[-0.54830355 -1.03480851],[-0.5513326  -2.91952473],[-8.44404748e-03  1.24971669e+01],[-0.1202869  -0.05495296]
1876,1.8759999999999042,[-0.54885489 -1.03771554],[-0.55134105 -2.90702756],[-1.01396909e-02  1.24161021e+01],[-0.12016462 -0.05517368]
1877,1.876999999999904,[-0.54940624 -1.04061015],[-0.55135119 -2.89461146],[-1.18180387e-02  1.23355415e+01],[-0.12004219 -0.05539277]
1878,1.877999999999904,[-0.54995761 -1.04349243],[-0.55136301 -2.88227592],[-0.01347919 12.25548447],[-0.11991961 -0.05561023]
1879,1.8789999999999039,[-0.55050898 -1.04636245],[-0.55137649 -2.87002043],[-0.01512323 12.17593033],[-0.11979688 -0.05582608]
1880,1.8799999999999037,[-0.55106037 -1.04922029],[-0.55139161 -2.8578445 ],[-0.01675026 12.0968782 ],[-0.11967402 -0.05604033]
1881,1.8809999999999036,[-0.55161178 -1.05206604],[-0.55140836 -2.84574763],[-0.01836039 12.01832714],[-0.119551   -0.05625298]
1882,1.8819999999999035,[-0.55216321 -1.05489977],[-0.55142672 -2.8337293 ],[-0.01995371 11.94027607],[-0.11942784 -0.05646404]
1883,1.8829999999999034,[-0.55271465 -1.05772156],[-0.55144667 -2.82178902],[-0.02153032 11.86272385],[-0.11930454 -0.05667353]
1884,1.8839999999999033,[-0.55326612 -1.06053149],[-0.5514682 -2.8099263],[-0.02309034 11.78566921],[-0.1191811  -0.05688145]
1885,1.8849999999999032,[-0.55381761 -1.06332963],[-0.55149129 -2.79814063],[-0.02463386 11.70911083],[-0.11905752 -0.05708781]
1886,1.885999999999903,[-0.55436913 -1.06611606],[-0.55151593 -2.78643152],[-0.02616099 11.63304728],[-0.11893379 -0.05729262]
1887,1.886999999999903,[-0.55492067 -1.06889086],[-0.55154209 -2.77479847],[-0.02767184 11.55747705],[-0.11880993 -0.05749589]
1888,1.8879999999999029,[-0.55547224 -1.0716541 ],[-0.55156976 -2.76324099],[-0.02916652 11.48239858],[-0.11868593 -0.05769764]
1889,1.8889999999999028,[-0.55602384 -1.07440586],[-0.55159893 -2.7517586 ],[-0.03064514 11.40781022],[-0.11856178 -0.05789786]
1890,1.8899999999999026,[-0.55657547 -1.07714621],[-0.55162957 -2.74035079],[-0.0321078  11.33371024],[-0.1184375  -0.05809658]
1891,1.8909999999999025,[-0.55712713 -1.07987522],[-0.55166168 -2.72901708],[-0.03355463 11.26009688],[-0.11831309 -0.05829379]
1892,1.8919999999999024,[-0.55767883 -1.08259298],[-0.55169523 -2.71775698],[-0.03498572 11.18696829],[-0.11818853 -0.05848952]
1893,1.8929999999999023,[-0.55823056 -1.08529955],[-0.55173022 -2.70657001],[-0.03640119 11.11432257],[-0.11806384 -0.05868376]
1894,1.8939999999999022,[-0.55878232 -1.08799501],[-0.55176662 -2.69545569],[-0.03780116 11.04215777],[-0.11793901 -0.05887653]
1895,1.894999999999902,[-0.55933413 -1.09067942],[-0.55180442 -2.68441353],[-0.03918574 10.97047189],[-0.11781405 -0.05906783]
1896,1.895999999999902,[-0.55988597 -1.09335286],[-0.55184361 -2.67344306],[-0.04055504 10.89926288],[-0.11768896 -0.05925769]
1897,1.8969999999999019,[-0.56043786 -1.09601541],[-0.55188416 -2.6625438 ],[-0.04190918 10.82852864],[-0.11756373 -0.0594461 ]
1898,1.8979999999999018,[-0.56098978 -1.09866712],[-0.55192607 -2.65171527],[-0.04324826 10.75826703],[-0.11743837 -0.05963308]
1899,1.8989999999999017,[-0.56154175 -1.10130808],[-0.55196932 -2.640957  ],[-0.04457241 10.68847588],[-0.11731288 -0.05981863]
1900,1.8999999999999015,[-0.56209377 -1.10393835],[-0.55201389 -2.63026852],[-0.04588174 10.61915297],[-0.11718725 -0.06000277]
1901,1.9009999999999014,[-0.56264583 -1.106558  ],[-0.55205977 -2.61964937],[-0.04717637 10.55029605],[-0.1170615  -0.06018551]
1902,1.9019999999999013,[-0.56319793 -1.1091671 ],[-0.55210695 -2.60909907],[-0.0484564  10.48190283],[-0.11693561 -0.06036684]
1903,1.9029999999999012,[-0.56375009 -1.11176571],[-0.55215541 -2.59861717],[-0.04972195 10.41397099],[-0.11680959 -0.0605468 ]
1904,1.903999999999901,[-0.56430229 -1.11435392],[-0.55220513 -2.5882032 ],[-0.05097315 10.3464982 ],[-0.11668345 -0.06072537]
1905,1.904999999999901,[-0.56485455 -1.11693177],[-0.5522561 -2.5778567],[-0.0522101  10.27948209],[-0.11655718 -0.06090258]
1906,1.9059999999999009,[-0.56540686 -1.11949935],[-0.55230831 -2.56757722],[-0.05343291 10.21292025],[-0.11643078 -0.06107843]
1907,1.9069999999999008,[-0.56595922 -1.12205671],[-0.55236175 -2.5573643 ],[-0.05464172 10.14681027],[-0.11630425 -0.06125294]
1908,1.9079999999999007,[-0.56651164 -1.12460393],[-0.55241639 -2.54721749],[-0.05583661 10.08114971],[-0.1161776 -0.0614261]
1909,1.9089999999999006,[-0.56706411 -1.12714107],[-0.55247222 -2.53713634],[-0.05701772 10.01593611],[-0.11605082 -0.06159794]
1910,1.9099999999999004,[-0.56761664 -1.12966819],[-0.55252924 -2.5271204 ],[-0.05818516  9.95116699],[-0.11592391 -0.06176845]
1911,1.9109999999999003,[-0.56816922 -1.13218536],[-0.55258743 -2.51716924],[-0.05933903  9.88683986],[-0.11579688 -0.06193765]
1912,1.9119999999999002,[-0.56872187 -1.13469264],[-0.55264677 -2.5072824 ],[-0.06047946  9.82295222],[-0.11566973 -0.06210555]
1913,1.9129999999999001,[-0.56927458 -1.1371901 ],[-0.55270725 -2.49745945],[-0.06160656  9.75950154],[-0.11554245 -0.06227216]
1914,1.9139999999999,[-0.56982735 -1.1396778 ],[-0.55276885 -2.48769994],[-0.06272044  9.69648529],[-0.11541505 -0.06243749]
1915,1.9149999999999,[-0.57038018 -1.1421558 ],[-0.55283157 -2.47800346],[-0.0638212   9.63390093],[-0.11528753 -0.06260154]
1916,1.9159999999998998,[-0.57093307 -1.14462417],[-0.55289539 -2.46836956],[-0.06490898  9.57174589],[-0.11515988 -0.06276432]
1917,1.9169999999998997,[-0.57148603 -1.14708297],[-0.5529603  -2.45879781],[-0.06598386  9.51001762],[-0.11503212 -0.06292585]
1918,1.9179999999998996,[-0.57203906 -1.14953226],[-0.55302629 -2.44928779],[-0.06704598  9.44871356],[-0.11490423 -0.06308613]
1919,1.9189999999998995,[-0.57259215 -1.1519721 ],[-0.55309333 -2.43983908],[-0.06809543  9.38783112],[-0.11477622 -0.06324517]
1920,1.9199999999998993,[-0.57314532 -1.15440255],[-0.55316143 -2.43045125],[-0.06913234  9.32736772],[-0.1146481  -0.06340298]
1921,1.9209999999998992,[-0.57369855 -1.15682367],[-0.55323056 -2.42112388],[-0.0701568   9.26732079],[-0.11451985 -0.06355957]
1922,1.9219999999998991,[-0.57425185 -1.15923553],[-0.55330072 -2.41185656],[-0.07116893  9.20768773],[-0.11439149 -0.06371495]
1923,1.922999999999899,[-0.57480522 -1.16163818],[-0.55337189 -2.40264887],[-0.07216883  9.14846596],[-0.114263   -0.06386913]
1924,1.923999999999899,[-0.57535866 -1.16403168],[-0.55344405 -2.39350041],[-0.07315662  9.08965288],[-0.1141344  -0.06402211]
1925,1.9249999999998988,[-0.57591218 -1.16641609],[-0.55351721 -2.38441075],[-0.0741324   9.03124591],[-0.11400569 -0.0641739 ]
1926,1.9259999999998987,[-0.57646577 -1.16879147],[-0.55359134 -2.37537951],[-0.07509629  8.97324245],[-0.11387686 -0.06432452]
1927,1.9269999999998986,[-0.57701944 -1.17115787],[-0.55366644 -2.36640627],[-0.07604837  8.91563991],[-0.11374791 -0.06447397]
1928,1.9279999999998985,[-0.57757318 -1.17351537],[-0.55374249 -2.35749063],[-0.07698878  8.85843571],[-0.11361884 -0.06462226]
1929,1.9289999999998984,[-0.578127 -1.175864],[-0.55381948 -2.34863219],[-0.07791759  8.80162726],[-0.11348966 -0.06476939]
1930,1.9299999999998982,[-0.5786809  -1.17820383],[-0.55389739 -2.33983056],[-0.07883494  8.74521198],[-0.11336037 -0.06491538]
1931,1.9309999999998981,[-0.57923487 -1.18053491],[-0.55397623 -2.33108535],[-0.0797409   8.68918729],[-0.11323096 -0.06506024]
1932,1.931999999999898,[-0.57978893 -1.18285731],[-0.55405597 -2.32239616],[-0.0806356   8.63355062],[-0.11310144 -0.06520397]
1933,1.932999999999898,[-0.58034307 -1.18517107],[-0.55413661 -2.31376261],[-0.08151913  8.5782994 ],[-0.11297181 -0.06534658]
1934,1.9339999999998978,[-0.58089728 -1.18747626],[-0.55421813 -2.30518431],[-0.0823916   8.52343107],[-0.11284207 -0.06548808]
1935,1.9349999999998977,[-0.58145158 -1.18977292],[-0.55430052 -2.29666088],[-0.0832531   8.46894306],[-0.11271221 -0.06562848]
1936,1.9359999999998976,[-0.58200597 -1.19206111],[-0.55438377 -2.28819194],[-0.08410374  8.41483283],[-0.11258224 -0.06576779]
1937,1.9369999999998975,[-0.58256044 -1.19434089],[-0.55446787 -2.27977711],[-0.08494361  8.36109784],[-0.11245216 -0.06590601]
1938,1.9379999999998974,[-0.58311499 -1.1966123 ],[-0.55455282 -2.27141601],[-0.08577283  8.30773554],[-0.11232197 -0.06604315]
1939,1.9389999999998973,[-0.58366963 -1.19887541],[-0.55463859 -2.26310827],[-0.08659148  8.25474342],[-0.11219167 -0.06617922]
1940,1.9399999999998971,[-0.58422435 -1.20113026],[-0.55472518 -2.25485353],[-0.08739966  8.20211894],[-0.11206126 -0.06631423]
1941,1.940999999999897,[-0.58477917 -1.20337692],[-0.55481258 -2.24665141],[-0.08819748  8.14985961],[-0.11193075 -0.06644818]
1942,1.941999999999897,[-0.58533407 -1.20561542],[-0.55490078 -2.23850155],[-0.08898502  8.09796291],[-0.11180012 -0.06658109]
1943,1.9429999999998968,[-0.58588906 -1.20784582],[-0.55498976 -2.23040359],[-0.08976239  8.04642635],[-0.11166939 -0.06671295]
1944,1.9439999999998967,[-0.58644414 -1.21006818],[-0.55507953 -2.22235716],[-0.09052967  7.99524745],[-0.11153854 -0.06684379]
1945,1.9449999999998966,[-0.58699931 -1.21228254],[-0.55517006 -2.21436191],[-0.09128697  7.94442374],[-0.1114076 -0.0669736]
1946,1.9459999999998965,[-0.58755457 -1.21448896],[-0.55526134 -2.20641749],[-0.09203438  7.89395275],[-0.11127654 -0.0671024 ]
1947,1.9469999999998964,[-0.58810992 -1.21668748],[-0.55535338 -2.19852354],[-0.09277199  7.84383203],[-0.11114538 -0.06723019]
1948,1.9479999999998963,[-0.58866537 -1.21887816],[-0.55544615 -2.19067971],[-0.09349989  7.79405914],[-0.11101411 -0.06735697]
1949,1.9489999999998961,[-0.58922091 -1.22106105],[-0.55553965 -2.18288565],[-0.09421818  7.74463165],[-0.11088274 -0.06748276]
1950,1.949999999999896,[-0.58977654 -1.22323619],[-0.55563387 -2.17514102],[-0.09492694  7.69554713],[-0.11075126 -0.06760757]
1951,1.950999999999896,[-0.59033227 -1.22540363],[-0.55572879 -2.16744547],[-0.09562627  7.64680318],[-0.11061968 -0.0677314 ]
1952,1.9519999999998958,[-0.59088809 -1.22756343],[-0.55582442 -2.15979866],[-0.09631625  7.59839741],[-0.11048799 -0.06785425]
1953,1.9529999999998957,[-0.59144401 -1.22971563],[-0.55592074 -2.15220027],[-0.09699698  7.55032742],[-0.1103562  -0.06797614]
1954,1.9539999999998956,[-0.59200003 -1.23186028],[-0.55601773 -2.14464994],[-0.09766855  7.50259085],[-0.11022431 -0.06809708]
1955,1.9549999999998955,[-0.59255615 -1.23399743],[-0.5561154  -2.13714735],[-0.09833103  7.45518533],[-0.11009231 -0.06821706]
1956,1.9559999999998954,[-0.59311236 -1.23612712],[-0.55621373 -2.12969216],[-0.09898452  7.40810852],[-0.10996021 -0.0683361 ]
1957,1.9569999999998953,[-0.59366867 -1.23824941],[-0.55631272 -2.12228406],[-0.0996291   7.36135808],[-0.10982801 -0.0684542 ]
1958,1.9579999999998952,[-0.59422509 -1.24036433],[-0.55641235 -2.1149227 ],[-0.10026486  7.31493169],[-0.10969571 -0.06857138]
1959,1.958999999999895,[-0.5947816  -1.24247194],[-0.55651261 -2.10760777],[-0.10089189  7.26882703],[-0.10956331 -0.06868763]
1960,1.959999999999895,[-0.59533821 -1.24457227],[-0.5566135  -2.10033894],[-0.10151026  7.22304181],[-0.10943081 -0.06880296]
1961,1.9609999999998948,[-0.59589493 -1.24666539],[-0.55671501 -2.0931159 ],[-0.10212006  7.17757375],[-0.1092982  -0.06891739]
1962,1.9619999999998947,[-0.59645174 -1.24875133],[-0.55681713 -2.08593832],[-0.10272137  7.13242057],[-0.1091655  -0.06903091]
1963,1.9629999999998946,[-0.59700866 -1.25083013],[-0.55691986 -2.0788059 ],[-0.10331428  7.08758002],[-0.10903269 -0.06914354]
1964,1.9639999999998945,[-0.59756569 -1.25290185],[-0.55702317 -2.07171832],[-0.10389886  7.04304985],[-0.10889979 -0.06925528]
1965,1.9649999999998944,[-0.59812281 -1.25496653],[-0.55712707 -2.06467527],[-0.10447519  6.99882782],[-0.10876679 -0.06936614]
1966,1.9659999999998943,[-0.59868005 -1.2570242 ],[-0.55723154 -2.05767644],[-0.10504336  6.95491172],[-0.10863369 -0.06947612]
1967,1.9669999999998942,[-0.59923738 -1.25907493],[-0.55733659 -2.05072153],[-0.10560345  6.91129935],[-0.10850049 -0.06958523]
1968,1.967999999999894,[-0.59979482 -1.26111874],[-0.55744219 -2.04381023],[-0.10615552  6.86798851],[-0.1083672  -0.06969348]
1969,1.968999999999894,[-0.60035237 -1.26315568],[-0.55754835 -2.03694225],[-0.10669967  6.82497703],[-0.1082338  -0.06980088]
1970,1.9699999999998938,[-0.60091003 -1.2651858 ],[-0.55765505 -2.03011727],[-0.10723596  6.78226273],[-0.10810031 -0.06990742]
1971,1.9709999999998937,[-0.60146779 -1.26720913],[-0.55776228 -2.02333501],[-0.10776447  6.73984348],[-0.10796673 -0.07001312]
1972,1.9719999999998936,[-0.60202566 -1.26922573],[-0.55787005 -2.01659516],[-0.10828528  6.69771712],[-0.10783304 -0.07011798]
1973,1.9729999999998935,[-0.60258364 -1.27123562],[-0.55797833 -2.00989744],[-0.10879846  6.65588155],[-0.10769927 -0.07022201]
1974,1.9739999999998934,[-0.60314173 -1.27323887],[-0.55808713 -2.00324156],[-0.10930409  6.61433464],[-0.10756539 -0.07032522]
1975,1.9749999999998933,[-0.60369992 -1.27523549],[-0.55819643 -1.99662723],[-0.10980224  6.5730743 ],[-0.10743142 -0.0704276 ]
1976,1.9759999999998932,[-0.60425823 -1.27722555],[-0.55830624 -1.99005415],[-0.11029298  6.53209845],[-0.10729736 -0.07052918]
1977,1.976999999999893,[-0.60481665 -1.27920907],[-0.55841653 -1.98352206],[-0.11077638  6.49140502],[-0.1071632  -0.07062994]
1978,1.977999999999893,[-0.60537517 -1.2811861 ],[-0.55852731 -1.97703065],[-0.11125252  6.45099195],[-0.10702895 -0.07072991]
1979,1.9789999999998928,[-0.60593381 -1.28315668],[-0.55863856 -1.97057966],[-0.11172147  6.41085721],[-0.1068946  -0.07082908]
1980,1.9799999999998927,[-0.60649256 -1.28512085],[-0.55875028 -1.9641688 ],[-0.1121833   6.37099876],[-0.10676016 -0.07092746]
1981,1.9809999999998926,[-0.60705142 -1.28707865],[-0.55886246 -1.9577978 ],[-0.11263807  6.33141458],[-0.10662563 -0.07102506]
1982,1.9819999999998925,[-0.6076104  -1.28903011],[-0.5589751  -1.95146639],[-0.11308585  6.29210269],[-0.106491   -0.07112188]
1983,1.9829999999998924,[-0.60816949 -1.29097529],[-0.55908819 -1.94517429],[-0.11352672  6.25306109],[-0.10635629 -0.07121792]
1984,1.9839999999998923,[-0.60872869 -1.29291421],[-0.55920171 -1.93892122],[-0.11396074  6.2142878 ],[-0.10622148 -0.0713132 ]
1985,1.9849999999998922,[-0.609288   -1.29484691],[-0.55931567 -1.93270694],[-0.11438798  6.17578087],[-0.10608657 -0.07140773]
1986,1.985999999999892,[-0.60984743 -1.29677345],[-0.55943006 -1.92653116],[-0.1148085   6.13753835],[-0.10595158 -0.07150149]
1987,1.986999999999892,[-0.61040698 -1.29869384],[-0.55954487 -1.92039362],[ 0.31738369 62.0422959 ],[0. 0.]
1988,1.9879999999998919,[-0.61096621 -1.30055219],[-0.55922749 -1.85835132],[ 0.31220416 62.0613765 ],[0. 0.]
1989,1.9889999999998917,[-0.61152512 -1.30234848],[-0.55891528 -1.79628995],[ 0.30718863 62.07971545],[0. 0.]
1990,1.9899999999998916,[-0.61208373 -1.30408269],[-0.55860809 -1.73421023],[ 0.30233792 62.09732321],[0. 0.]
1991,1.9909999999998915,[-0.61264204 -1.3057548 ],[-0.55830576 -1.67211291],[ 0.2976528  62.11420983],[0. 0.]
1992,1.9919999999998914,[-0.61320004 -1.3073648 ],[-0.5580081 -1.6099987],[ 0.293134   62.13038496],[0. 0.]
1993,1.9929999999998913,[-0.61375776 -1.30891267],[-0.55771497 -1.54786831],[ 0.28878224 62.14585785],[0. 0.]
1994,1.9939999999998912,[-0.61431519 -1.31039839],[-0.55742619 -1.48572245],[ 0.28459817 62.16063734],[0. 0.]
1995,1.994999999999891,[-0.61487233 -1.31182195],[-0.55714159 -1.42356182],[ 0.28058244 62.17473189],[0. 0.]
1996,1.995999999999891,[-0.61542919 -1.31318334],[-0.55686101 -1.36138708],[ 0.27673564 62.18814958],[0. 0.]
1997,1.9969999999998909,[-0.61598577 -1.31448254],[-0.55658427 -1.29919894],[ 0.27305836 62.20089807],[0. 0.]
1998,1.9979999999998908,[-0.61654208 -1.31571954],[-0.55631121 -1.23699804],[ 0.26955112 62.21298468],[0. 0.]
1999,1.9989999999998906,[-0.61709812 -1.31689432],[-0.55604166 -1.17478505],[ 0.26621445 62.22441634],[0. 0.]
2000,1.9999999999998905,[-0.6176539  -1.31800688],[-0.55577545 -1.11256064],[ 0.26304882 62.23519959],[0. 0.]
2001,2.0009999999998906,[-0.61820941 -1.31905721],[-0.5555124  -1.05032544],[ 0.2600547  62.24534063],[0. 0.]
2002,2.0019999999998905,[-0.61876467 -1.32004529],[-0.55525234 -0.9880801 ],[ 0.25723249 62.25484527],[0. 0.]
2003,2.0029999999998904,[-0.61931966 -1.32097112],[-0.55499511 -0.92582525],[ 0.25458261 62.26371897],[0. 0.]
2004,2.0039999999998903,[-0.6198744  -1.32183468],[-0.55474053 -0.86356153],[ 0.25210541 62.27196683],[0. 0.]
2005,2.00499999999989,[-0.62042889 -1.32263597],[-0.55448842 -0.80128956],[ 0.24980125 62.27959358],[0. 0.]
2006,2.00599999999989,[-0.62098313 -1.32337498],[-0.55423862 -0.73900997],[ 0.24767045 62.2866036 ],[0. 0.]
2007,2.00699999999989,[-0.62153712 -1.3240517 ],[-0.55399095 -0.67672337],[ 0.24571328 62.29300092],[0. 0.]
2008,2.00799999999989,[-0.62209086 -1.32466613],[-0.55374524 -0.61443037],[ 0.24393002 62.29878923],[0. 0.]
2009,2.0089999999998898,[-0.62264437 -1.32521826],[-0.55350131 -0.55213158],[ 0.24232091 62.30397183],[0. 0.]
2010,2.0099999999998897,[-0.62319762 -1.32570809],[-0.55325899 -0.48982761],[ 0.24088616 62.30855172],[0. 0.]
2011,2.0109999999998895,[-0.62375064 -1.32613561],[-0.5530181  -0.42751905],[ 0.23962597 62.31253152],[0. 0.]
2012,2.0119999999998894,[-0.62430342 -1.32650081],[-0.55277847 -0.36520652],[ 0.23854049 62.31591351],[0. 0.]
2013,2.0129999999998893,[-0.62485596 -1.32680371],[-0.55253993 -0.30289061],[ 0.23762988 62.31869965],[0. 0.]
2014,2.013999999999889,[-0.62540826 -1.32704428],[-0.5523023  -0.24057191],[ 0.23689425 62.32089152],[0. 0.]
2015,2.014999999999889,[-0.62596033 -1.32722253],[-0.55206541 -0.17825102],[ 0.2363337  62.32249039],[0. 0.]
2016,2.015999999999889,[-0.62651216 -1.32733846],[-0.55182908 -0.11592853],[ 0.23594829 62.32349716],[0. 0.]
2017,2.016999999999889,[-0.62706375 -1.32739206],[-0.55159313 -0.05360503],[ 0.23573808 62.32391241],[0. 0.]
2018,2.0179999999998888,[-0.62761511 -1.32738334],[-0.55135739  0.00871888],[ 0.23570309 62.32373637],[0. 0.]
2019,2.0189999999998887,[-0.62816623 -1.3273123 ],[-0.55112169  0.07104262],[ 0.23584332 62.32296892],[0. 0.]
2020,2.0199999999998886,[-0.62871712 -1.32717893],[-0.55088584  0.13336559],[ 0.23615874 62.32160962],[0. 0.]
2021,2.0209999999998884,[-0.62926777 -1.32698325],[-0.55064969  0.1956872 ],[ 0.23664931 62.31965768],[0. 0.]
2022,2.0219999999998883,[-0.62981818 -1.32672524],[-0.55041304  0.25800686],[ 0.23731496 62.31711195],[0. 0.]
2023,2.022999999999888,[-0.63036835 -1.32640492],[-0.55017572  0.32032397],[ 0.2381556  62.31397096],[0. 0.]
2024,2.023999999999888,[-0.63091829 -1.32602228],[-0.54993757  0.38263794],[ 0.23917111 62.3102329 ],[0. 0.]
2025,2.024999999999888,[-0.63146799 -1.32557733],[-0.54969839  0.44494817],[ 0.24036135 62.30589559],[0. 0.]
2026,2.025999999999888,[-0.63201745 -1.32507008],[-0.54945803  0.50725407],[ 0.24172615 62.30095655],[0. 0.]
2027,2.026999999999888,[-0.63256666 -1.32450052],[-0.54921631  0.56955502],[ 0.24326532 62.2954129 ],[0. 0.]
2028,2.0279999999998877,[-0.63311564 -1.32386867],[-0.54897304  0.63185044],[ 0.24497865 62.28926146],[0. 0.]
2029,2.0289999999998876,[-0.63366437 -1.32317453],[-0.54872806  0.6941397 ],[ 0.2468659  62.28249868],[0. 0.]
2030,2.0299999999998875,[-0.63421285 -1.32241811],[-0.5484812  0.7564222],[ 0.24892681 62.27512067],[0. 0.]
2031,2.0309999999998873,[-0.63476108 -1.32159941],[-0.54823227  0.81869732],[ 0.25116108 62.26712316],[0. 0.]
2032,2.0319999999998872,[-0.63530906 -1.32071845],[-0.54798111  0.88096444],[ 0.2535684  62.25850157],[0. 0.]
2033,2.032999999999887,[-0.63585679 -1.31977522],[-0.54772754  0.94322294],[ 0.25614843 62.24925094],[0. 0.]
2034,2.033999999999887,[-0.63640426 -1.31876975],[-0.54747139  1.00547219],[ 0.2589008  62.23936595],[0. 0.]
2035,2.034999999999887,[-0.63695147 -1.31770204],[-0.54721249  1.06771156],[ 0.2618251  62.22884093],[0. 0.]
2036,2.035999999999887,[-0.63749842 -1.3165721 ],[-0.54695067  1.1299404 ],[ 0.26492093 62.21766984],[0. 0.]
2037,2.0369999999998867,[-0.63804511 -1.31537994],[-0.54668575  1.19215807],[ 0.26818782 62.20584627],[0. 0.]
2038,2.0379999999998866,[-0.63859153 -1.31412558],[-0.54641756  1.25436392],[ 0.2716253  62.19336346],[0. 0.]
2039,2.0389999999998865,[-0.63913767 -1.31280902],[-0.54614593  1.31655728],[ 0.27523286 62.18021426],[0. 0.]
2040,2.0399999999998863,[-0.63968354 -1.31143028],[-0.5458707   1.37873749],[ 0.27900994 62.16639115],[0. 0.]
2041,2.0409999999998862,[-0.64022913 -1.30998938],[-0.54559169  1.44090388],[ 0.28295599 62.15188623],[0. 0.]
2042,2.041999999999886,[-0.64077444 -1.30848632],[-0.54530873  1.50305577],[ 0.2870704  62.13669121],[0. 0.]
2043,2.042999999999886,[-0.64131946 -1.30692113],[-0.54502166  1.56519246],[ 0.29135253 62.12079742],[0. 0.]
2044,2.043999999999886,[-0.64186419 -1.30529382],[-0.54473031  1.62731326],[ 0.29580172 62.1041958 ],[0. 0.]
2045,2.044999999999886,[-0.64240863 -1.3036044 ],[-0.54443451  1.68941745],[ 0.30041727 62.0868769 ],[0. 0.]
2046,2.0459999999998857,[-0.64295276 -1.3018529 ],[-0.54413409  1.75150433],[ 0.30519843 62.06883084],[0. 0.]
2047,2.0469999999998856,[-0.64349659 -1.30003932],[-0.54382889  1.81357316],[ 0.31014444 62.05004736],[0. 0.]
2048,2.0479999999998855,[-0.64404011 -1.2981637 ],[-0.54351875  1.87562321],[ 0.3152545  62.03051579],[0. 0.]
2049,2.0489999999998854,[-0.64458331 -1.29622605],[-0.54320349  1.93765373],[ 0.32052775 62.01022501],[0. 0.]
2050,2.0499999999998852,[-0.6451262  -1.29422638],[-0.54288297  1.99966395],[ 0.32596331 61.98916352],[0. 0.]
2051,2.050999999999885,[-0.64566875 -1.29216473],[-0.542557    2.06165311],[ 0.33156026 61.96731937],[0. 0.]
2052,2.051999999999885,[-0.64621098 -1.29004111],[-0.54222544  2.12362043],[ 0.33731765 61.94468015],[0. 0.]
2053,2.052999999999885,[-0.64675287 -1.28785554],[-0.54188813  2.18556511],[ 0.34323446 61.92123305],[0. 0.]
2054,2.053999999999885,[-0.64729441 -1.28560806],[-0.54154489  2.24748635],[ 0.34930966 61.89696479],[0. 0.]
2055,2.0549999999998847,[-0.64783561 -1.28329867],[-0.54119558  2.30938331],[ 0.35554216 61.87186162],[0. 0.]
2056,2.0559999999998846,[-0.64837645 -1.28092742],[-0.54084004  2.37125517],[ 0.36193082 61.84590935],[0. 0.]
2057,2.0569999999998845,[-0.64891693 -1.27849432],[-0.54047811  2.43310108],[ 0.36847447 61.8190933 ],[0. 0.]
2058,2.0579999999998844,[-0.64945704 -1.2759994 ],[-0.54010963  2.49492018],[ 0.37517188 61.79139831],[0. 0.]
2059,2.0589999999998843,[-0.64999677 -1.27344269],[-0.53973446  2.55671157],[ 0.38202179 61.76280874],[0. 0.]
2060,2.059999999999884,[-0.65053612 -1.27082421],[-0.53935244  2.61847438],[ 0.38902288 61.73330844],[0. 0.]
2061,2.060999999999884,[-0.65107509 -1.268144  ],[-0.53896342  2.68020769],[ 0.39617377 61.70288075],[0. 0.]
2062,2.061999999999884,[-0.65161365 -1.26540209],[-0.53856724  2.74191057],[ 0.40347305 61.67150851],[0. 0.]
2063,2.062999999999884,[-0.65215182 -1.26259851],[-0.53816377  2.80358208],[ 0.41091924 61.63917402],[0. 0.]
2064,2.0639999999998837,[-0.65268957 -1.25973329],[-0.53775285  2.86522125],[ 0.41851082 61.60585904],[0. 0.]
2065,2.0649999999998836,[-0.6532269  -1.25680646],[-0.53733434  2.92682711],[ 0.42624621 61.57154478],[0. 0.]
2066,2.0659999999998835,[-0.65376381 -1.25381806],[-0.53690809  2.98839866],[ 0.43412376 61.53621189],[0. 0.]
2067,2.0669999999998834,[-0.65430029 -1.25076813],[-0.53647397  3.04993487],[ 0.44214178 61.49984046],[0. 0.]
2068,2.0679999999998833,[-0.65483632 -1.24765669],[-0.53603183  3.11143471],[ 0.45029852 61.46240998],[0. 0.]
2069,2.068999999999883,[-0.6553719 -1.2444838],[-0.53558153  3.17289712],[ 0.45859216 61.42389936],[0. 0.]
2070,2.069999999999883,[-0.65590702 -1.24124948],[-0.53512294  3.23432102],[ 0.46702083 61.38428688],[0. 0.]
2071,2.070999999999883,[-0.65644168 -1.23795377],[-0.53465592  3.29570531],[ 0.47558258 61.34355022],[0. 0.]
2072,2.071999999999883,[-0.65697586 -1.23459672],[-0.53418033  3.35704886],[ 0.4842754  61.30166642],[0. 0.]
2073,2.0729999999998827,[-0.65750956 -1.23117837],[-0.53369606  3.41835052],[ 0.49309723 61.25861186],[0. 0.]
2074,2.0739999999998826,[-0.65804276 -1.22769876],[-0.53320296  3.47960914],[ 0.50204593 61.21436226],[0. 0.]
2075,2.0749999999998825,[-0.65857546 -1.22415794],[-0.53270092  3.5408235 ],[ 0.51111928 61.16889269],[0. 0.]
2076,2.0759999999998824,[-0.65910765 -1.22055595],[-0.5321898   3.60199239],[ 0.52031501 61.12217748],[0. 0.]
2077,2.0769999999998823,[-0.65963932 -1.21689283],[-0.53166948  3.66311457],[ 0.52963076 61.07419029],[0. 0.]
2078,2.077999999999882,[-0.66017046 -1.21316864],[-0.53113985  3.72418876],[ 0.53906411 61.02490403],[0. 0.]
2079,2.078999999999882,[-0.66070106 -1.20938343],[-0.53060079  3.78521366],[ 0.54861256 60.9742909 ],[0. 0.]
2080,2.079999999999882,[-0.66123111 -1.20553724],[-0.53005217  3.84618795],[ 0.55827352 60.92232231],[0. 0.]
2081,2.080999999999882,[-0.66176061 -1.20163013],[-0.5294939   3.90711028],[ 0.56804435 60.86896891],[0. 0.]
2082,2.0819999999998817,[-0.66228953 -1.19766215],[-0.52892586  3.96797924],[ 0.57792229 60.81420057],[0. 0.]
2083,2.0829999999998816,[-0.66281788 -1.19363336],[-0.52834793  4.02879345],[ 0.58790454 60.75798634],[0. 0.]
2084,2.0839999999998815,[-0.66334564 -1.18954381],[-0.52776003  4.08955143],[ 0.59798819 60.70029443],[0. 0.]
2085,2.0849999999998814,[-0.6638728  -1.18539356],[-0.52716204  4.15025173],[ 0.60817026 60.64109224],[0. 0.]
2086,2.0859999999998813,[-0.66439935 -1.18118266],[-0.52655387  4.21089282],[ 0.61844766 60.58034626],[0. 0.]
2087,2.086999999999881,[-0.66492529 -1.17691119],[-0.52593542  4.27147316],[ 0.62881723 60.51802214],[0. 0.]
2088,2.087999999999881,[-0.6654506 -1.1725792],[-0.52530661  4.33199119],[ 0.63927573 60.4540846 ],[0. 0.]
2089,2.088999999999881,[-0.66597526 -1.16818675],[-0.52466733  4.39244527],[ 0.6498198  60.38849744],[0. 0.]
2090,2.089999999999881,[-0.66649928 -1.16373392],[-0.52401751  4.45283377],[ 0.66044602 60.32122352],[0. 0.]
2091,2.0909999999998807,[-0.66702264 -1.15922076],[-0.52335706  4.51315499],[ 0.67115084 60.25222474],[0. 0.]
2092,2.0919999999998806,[-0.66754532 -1.15464736],[-0.52268591  4.57340722],[ 0.68193065 60.18146202],[0. 0.]
2093,2.0929999999998805,[-0.66806733 -1.15001377],[-0.52200398  4.63358868],[ 0.69278171 60.10889526],[0. 0.]
2094,2.0939999999998804,[-0.66858864 -1.14532007],[-0.5213112   4.69369757],[ 0.70370019 60.03448335],[0. 0.]
2095,2.0949999999998803,[-0.66910925 -1.14056634],[-0.5206075   4.75373206],[ 0.71468218 59.95818411],[0. 0.]
2096,2.09599999999988,[-0.66962914 -1.13575265],[-0.51989282  4.81369024],[ 0.72572364 59.87995433],[0. 0.]
2097,2.09699999999988,[-0.67014831 -1.13087908],[-0.5191671  4.8735702],[ 0.73682044 59.79974966],[0. 0.]
2098,2.09799999999988,[-0.67066674 -1.12594571],[-0.51843027  4.93336995],[ 0.74796835 59.71752469],[0. 0.]
2099,2.09899999999988,[-0.67118442 -1.12095262],[-0.51768231  4.99308747],[ 0.75916301 59.63323283],[0. 0.]
2100,2.0999999999998797,[-0.67170134 -1.1158999 ],[-0.51692314  5.0527207 ],[ 0.77039997 59.54682638],[0. 0.]
2101,2.1009999999998796,[-0.6722175  -1.11078763],[-0.51615274  5.11226753],[ 0.78167467 59.45825641],[0. 0.]
2102,2.1019999999998795,[-0.67273287 -1.10561591],[-0.51537107  5.17172579],[ 0.79298244 59.36747284],[0. 0.]
2103,2.1029999999998794,[-0.67324744 -1.10038481],[-0.51457809  5.23109326],[ 0.80431848 59.27442435],[0. 0.]
2104,2.1039999999998793,[-0.67376122 -1.09509445],[-0.51377377  5.29036768],[ 0.8156779  59.17905837],[0. 0.]
2105,2.104999999999879,[-0.67427418 -1.0897449 ],[-0.51295809  5.34954674],[ 0.82705568 59.08132109],[0. 0.]
2106,2.105999999999879,[-0.67478631 -1.08433627],[-0.51213103  5.40862806],[ 0.8384467  58.98115739],[0. 0.]
2107,2.106999999999879,[-0.6752976  -1.07886866],[-0.51129259  5.46760922],[ 0.84984569 58.87851086],[0. 0.]
2108,2.107999999999879,[-0.67580804 -1.07334217],[-0.51044274  5.52648773],[ 0.86124729 58.77332378],[0. 0.]
2109,2.1089999999998787,[-0.67631762 -1.06775691],[-0.50958149  5.58526105],[ 0.87264602 58.66553706],[0. 0.]
2110,2.1099999999998786,[-0.67682633 -1.06211299],[-0.50870885  5.64392659],[ 0.88403628 58.55509026],[0. 0.]
2111,2.1109999999998785,[-0.67733416 -1.05641051],[-0.50782481  5.70248168],[ 0.89541232 58.44192155],[0. 0.]
2112,2.1119999999998784,[-0.67784109 -1.05064958],[-0.5069294  5.7609236],[ 0.90676831 58.32596772],[0. 0.]
2113,2.1129999999998783,[-0.67834711 -1.04483033],[-0.50602263  5.81924957],[ 0.91809826 58.20716413],[0. 0.]
2114,2.113999999999878,[-0.67885221 -1.03895288],[-0.50510453  5.87745674],[ 0.92939609 58.0854447 ],[0. 0.]
2115,2.114999999999878,[-0.67935639 -1.03301733],[-0.50417514  5.93554218],[ 0.94065558 57.96074191],[0. 0.]
2116,2.115999999999878,[-0.67985962 -1.02702383],[-0.50323448  5.99350292],[ 0.95187039 57.83298678],[0. 0.]
2117,2.116999999999878,[-0.68036191 -1.02097249],[-0.50228261  6.05133591],[ 0.96303403 57.70210884],[0. 0.]
2118,2.1179999999998778,[-0.68086323 -1.01486346],[-0.50131958  6.10903802],[ 0.97413994 57.56803616],[0. 0.]
2119,2.1189999999998776,[-0.68136357 -1.00869685],[-0.50034544  6.16660605],[ 0.98518139 57.43069527],[0. 0.]
2120,2.1199999999998775,[-0.68186293 -1.00247281],[-0.49936026  6.22403675],[ 0.99615153 57.29001123],[0. 0.]
2121,2.1209999999998774,[-0.6823613  -0.99619149],[-0.4983641   6.28132676],[ 1.00704341 57.14590755],[0. 0.]
2122,2.1219999999998773,[-0.68285865 -0.98985301],[-0.49735706  6.33847267],[ 1.01784994 56.99830624],[0. 0.]
2123,2.122999999999877,[-0.68335499 -0.98345754],[-0.49633921  6.39547097],[ 1.02856391 56.84712778],[0. 0.]
2124,2.123999999999877,[-0.6838503  -0.97700523],[-0.49531065  6.4523181 ],[ 1.03917798 56.69229111],[0. 0.]
2125,2.124999999999877,[-0.68434457 -0.97049621],[-0.49427147  6.50901039],[ 1.0496847  56.53371365],[0. 0.]
2126,2.125999999999877,[-0.6848378  -0.96393067],[-0.49322178  6.56554411],[ 1.06007649 56.37131128],[0. 0.]
2127,2.1269999999998768,[-0.68532996 -0.95730876],[-0.49216171  6.62191542],[ 1.07034565 56.20499836],[0. 0.]
2128,2.1279999999998767,[-0.68582105 -0.95063063],[-0.49109136  6.67812042],[ 1.08048438 56.03468773],[0. 0.]
2129,2.1289999999998765,[-0.68631106 -0.94389648],[-0.49001088  6.7341551 ],[ 1.09048474 55.86029073],[0. 0.]
2130,2.1299999999998764,[-0.68679998 -0.93710646],[-0.48892039  6.79001539],[ 1.10033869 55.68171718],[0. 0.]
2131,2.1309999999998763,[-0.6872878  -0.93026077],[-0.48782005  6.84569711],[ 1.11003807 55.49887543],[0. 0.]
2132,2.131999999999876,[-0.68777451 -0.92335957],[-0.48671002  6.90119599],[ 1.11957461 55.31167237],[0. 0.]
2133,2.132999999999876,[-0.6882601  -0.91640306],[-0.48559044  6.95650766],[ 1.12893993 55.12001342],[0. 0.]
2134,2.133999999999876,[-0.68874456 -0.90939144],[-0.4844615   7.01162767],[ 1.13812556 54.92380261],[0. 0.]
2135,2.134999999999876,[-0.68922789 -0.90232488],[-0.48332338  7.06655148],[ 1.14712292 54.72294253],[0. 0.]
2136,2.1359999999998758,[-0.68971006 -0.89520361],[-0.48217625  7.12127442],[ 1.15592331 54.51733445],[0. 0.]
2137,2.1369999999998757,[-0.69019108 -0.88802782],[-0.48102033  7.17579175],[ 1.16451797 54.30687829],[0. 0.]
2138,2.1379999999998756,[-0.69067094 -0.88079772],[-0.47985581  7.23009863],[ 1.17289802 54.09147269],[0. 0.]
2139,2.1389999999998754,[-0.69114962 -0.87351353],[-0.47868291  7.2841901 ],[ 1.18105451 53.87101502],[0. 0.]
2140,2.1399999999998753,[-0.69162712 -0.86617547],[-0.47750186  7.33806112],[ 1.1889784  53.64540147],[0. 0.]
2141,2.1409999999998752,[-0.69210344 -0.85878376],[-0.47631288  7.39170652],[ 1.19666057 53.41452707],[0. 0.]
2142,2.141999999999875,[-0.69257855 -0.85133864],[-0.47511622  7.44512105],[ 1.20409183 53.17828578],[0. 0.]
2143,2.142999999999875,[-0.69305246 -0.84384034],[-0.47391213  7.49829933],[ 1.21126292 52.93657051],[0. 0.]
2144,2.143999999999875,[-0.69352517 -0.83628911],[-0.47270087  7.5512359 ],[ 1.21816452 52.68927321],[0. 0.]
2145,2.144999999999875,[-0.69399665 -0.82868518],[-0.4714827   7.60392518],[ 1.22478725 52.43628494],[0. 0.]
2146,2.1459999999998747,[-0.69446691 -0.82102882],[-0.47025791  7.65636146],[ 1.23112169 52.17749593],[0. 0.]
2147,2.1469999999998746,[-0.69493593 -0.81332028],[-0.46902679  7.70853896],[ 1.23715837 51.9127957 ],[0. 0.]
2148,2.1479999999998745,[-0.69540372 -0.80555983],[-0.46778963  7.76045175],[ 1.24288777 51.64207311],[0. 0.]
2149,2.1489999999998743,[-0.69587027 -0.79774773],[-0.46654675  7.81209383],[ 1.24830038 51.36521647],[0. 0.]
2150,2.1499999999998742,[-0.69633557 -0.78988428],[-0.46529845  7.86345904],[ 1.25338663 51.08211364],[0. 0.]
2151,2.150999999999874,[-0.69679961 -0.78196973],[-0.46404506  7.91454116],[ 1.25813696 50.79265213],[0. 0.]
2152,2.151999999999874,[-0.6972624 -0.7740044],[-0.46278692  7.96533381],[ 1.26254181 50.49671921],[0. 0.]
2153,2.152999999999874,[-0.69772392 -0.76598857],[-0.46152438  8.01583053],[ 1.26659159 50.19420205],[0. 0.]
2154,2.153999999999874,[-0.69818418 -0.75792255],[-0.46025779  8.06602473],[ 1.27027678 49.88498779],[0. 0.]
2155,2.1549999999998737,[-0.69864317 -0.74980664],[-0.45898751  8.11590972],[ 1.27358785 49.56896376],[0. 0.]
2156,2.1559999999998736,[-0.69910088 -0.74164116],[-0.45771392  8.16547868],[ 1.27651531 49.24601751],[0. 0.]
2157,2.1569999999998735,[-0.69955732 -0.73342643],[-0.45643741  8.2147247 ],[ 1.27904972 48.91603704],[0. 0.]
2158,2.1579999999998734,[-0.70001248 -0.72516279],[-0.45515836  8.26364074],[ 1.28118169 48.57891091],[0. 0.]
2159,2.1589999999998732,[-0.70046636 -0.71685057],[-0.45387718  8.31221965],[ 1.28290193 48.2345284 ],[0. 0.]
2160,2.159999999999873,[-0.70091895 -0.70849012],[-0.45259428  8.36045418],[ 1.28420118 47.88277969],[0. 0.]
2161,2.160999999999873,[-0.70137026 -0.70008178],[-0.45131007  8.40833695],[ 1.28507032 47.52355599],[0. 0.]
2162,2.161999999999873,[-0.70182029 -0.69162592],[-0.450025    8.45586051],[ 1.28550031 47.15674978],[0. 0.]
2163,2.162999999999873,[-0.70226903 -0.6831229 ],[-0.4487395   8.50301726],[ 1.28548224 46.78225493],[0. 0.]
2164,2.1639999999998727,[-0.70271648 -0.6745731 ],[-0.44745402  8.54979952],[ 1.28500732 46.39996693],[0. 0.]
2165,2.1649999999998726,[-0.70316265 -0.6659769 ],[-0.44616901  8.59619948],[ 1.28406693 46.00978306],[0. 0.]
2166,2.1659999999998725,[-0.70360753 -0.65733469],[-0.44488495  8.64220927],[ 1.28265259 45.61160262],[0. 0.]
2167,2.1669999999998724,[-0.70405114 -0.64864687],[-0.44360229  8.68782087],[ 1.28075601 45.2053271 ],[0. 0.]
2168,2.1679999999998723,[-0.70449346 -0.63991385],[-0.44232154  8.7330262 ],[ 1.27836907 44.79086042],[0. 0.]
2169,2.168999999999872,[-0.7049345  -0.63113603],[-0.44104317  8.77781706],[ 1.27548388 44.36810916],[0. 0.]
2170,2.169999999999872,[-0.70537427 -0.62231385],[-0.43976769  8.82218516],[ 1.27209276 43.93698275],[0. 0.]
2171,2.170999999999872,[-0.70581276 -0.61344772],[-0.43849559  8.86612215],[ 1.26818826 43.49739372],[0. 0.]
2172,2.171999999999872,[-0.70624999 -0.6045381 ],[-0.4372274   8.90961954],[ 1.2637632  43.04925792],[0. 0.]
2173,2.1729999999998717,[-0.70668595 -0.59558543],[-0.43596364  8.9526688 ],[ 1.25881067 42.59249479],[0. 0.]
2174,2.1739999999998716,[-0.70712066 -0.58659017],[-0.43470483  8.99526129],[ 1.25332401 42.12702756],[0. 0.]
2175,2.1749999999998715,[-0.70755411 -0.57755279],[-0.43345151  9.03738832],[ 1.24729692 41.65278352],[0. 0.]
2176,2.1759999999998714,[-0.70798632 -0.56847374],[-0.43220421  9.07904111],[ 1.24072337 41.16969426],[0. 0.]
2177,2.1769999999998713,[-0.70841728 -0.55935353],[-0.43096349  9.1202108 ],[ 1.23359768 40.67769594],[0. 0.]
2178,2.177999999999871,[-0.70884701 -0.55019264],[-0.42972989  9.1608885 ],[ 1.22591455 40.1767295 ],[0. 0.]
2179,2.178999999999871,[-0.70927551 -0.54099158],[-0.42850397  9.20106522],[ 1.21766902 39.66674095],[0. 0.]
2180,2.179999999999871,[-0.7097028  -0.53175085],[-0.42728631  9.24073197],[ 1.20885652 39.14768162],[0. 0.]
2181,2.180999999999871,[-0.71012888 -0.52247097],[-0.42607745  9.27987965],[ 1.19947289 38.61950842],[0. 0.]
2182,2.1819999999998707,[-0.71055375 -0.51315247],[-0.42487798  9.31849916],[ 1.1895144  38.08218404],[0. 0.]
2183,2.1829999999998706,[-0.71097744 -0.50379589],[-0.42368846  9.35658134],[ 1.17897774 37.53567729],[0. 0.]
2184,2.1839999999998705,[-0.71139995 -0.49440177],[-0.42250948  9.39411702],[ 1.16786007 36.97996329],[0. 0.]
2185,2.1849999999998704,[-0.71182129 -0.48497067],[-0.42134162  9.43109698],[ 1.156159   36.41502372],[0. 0.]
2186,2.1859999999998703,[-0.71224148 -0.47550316],[-0.42018546  9.467512  ],[ 1.14387265 35.84084709],[0. 0.]
2187,2.18699999999987,[-0.71266052 -0.46599981],[-0.41904159  9.50335285],[  -8.95043913 -672.39583582],[-0.08679713 -0.84202496]
2188,2.18799999999987,[-0.71308851 -0.45716885],[-0.42799203  8.83095702],[  -8.73616527 -647.4459997 ],[-0.0862222  -0.81032802]
2189,2.18899999999987,[-0.71352524 -0.44898534],[-0.4367282   8.18351102],[  -8.51339512 -623.24261192],[-0.08565705 -0.77974901]
2190,2.18999999999987,[-0.71397048 -0.44142507],[-0.44524159  7.5602684 ],[  -8.28422695 -599.7761471 ],[-0.08510214 -0.75025545]
2191,2.1909999999998697,[-0.71442401 -0.43446458],[-0.45352582  6.96049226],[  -8.05049509 -577.03582324],[-0.08455781 -0.72181519]
2192,2.1919999999998696,[-0.71488558 -0.42808112],[-0.46157631  6.38345643],[  -7.81379683 -555.009751  ],[-0.0840243  -0.69439647]
2193,2.1929999999998695,[-0.71535497 -0.42225268],[-0.46939011  5.82844668],[  -7.57551721 -533.68508076],[-0.0835018  -0.66796798]
2194,2.1939999999998694,[-0.71583194 -0.41695792],[-0.47696563  5.2947616 ],[  -7.33685187 -513.04814433],[-0.0829904  -0.64249891]
2195,2.1949999999998693,[-0.71631624 -0.4121762 ],[-0.48430248  4.78171346],[  -7.09882782 -493.0845896 ],[-0.08249014 -0.61795902]
2196,2.195999999999869,[-0.71680764 -0.40788757],[-0.49140131  4.28862887],[  -6.86232245 -473.77950666],[-0.08200103 -0.59431861]
2197,2.196999999999869,[-0.71730591 -0.40407272],[-0.49826363  3.81484936],[  -6.62808072 -455.11754457],[-0.081523   -0.57154864]
2198,2.197999999999869,[-0.7178108  -0.40071299],[-0.50489171  3.35973182],[  -6.39673069 -437.08301846],[-0.08105596 -0.54962066]
2199,2.198999999999869,[-0.71832209 -0.39779034],[-0.51128844  2.9226488 ],[  -6.16879749 -419.66000674],[-0.08059981 -0.52850693]
2200,2.1999999999998687,[-0.71883955 -0.39528735],[-0.51745724  2.50298879],[  -5.94471589 -402.83243869],[-0.08015438 -0.50818035]
2201,2.2009999999998686,[-0.71936295 -0.3931872 ],[-0.52340195  2.10015635],[  -5.72484152 -386.58417269],[-0.0797195 -0.4886145]
2202,2.2019999999998685,[-0.71989207 -0.39147363],[-0.5291268   1.71357218],[  -5.50946091 -370.89906553],[-0.079295   -0.46978369]
2203,2.2029999999998684,[-0.72042671 -0.39013095],[-0.53463626  1.34267311],[  -5.29880038 -355.76103339],[-0.07888066 -0.45166287]
2204,2.2039999999998683,[-0.72096665 -0.38914404],[-0.53993506  0.98691208],[  -5.09303397 -341.15410496],[-0.07847627 -0.43422774]
2205,2.204999999999868,[-0.72151167 -0.38849828],[-0.54502809  0.64575798],[  -4.89229047 -327.06246747],[-0.07808161 -0.41745465]
2206,2.205999999999868,[-0.72206159 -0.38817959],[-0.54992038  0.31869551],[  -4.69665961 -313.47050607],[-0.07769644 -0.40132067]
2207,2.206999999999868,[-0.72261621 -0.38817436],[-0.55461704  0.005225  ],[  -4.50619751 -300.36283724],[-0.07732054 -0.38580351]
2208,2.207999999999868,[-0.72317533 -0.3884695 ],[-0.55912324 -0.29513783],[  -4.32093151 -287.72433687],[-0.07695365 -0.3708816 ]
2209,2.2089999999998677,[-0.72373878 -0.38905236],[-0.56344417 -0.58286217],[  -4.14086438 -275.54016336],[-0.07659554 -0.35653399]
2210,2.2099999999998676,[-0.72430636 -0.38991076],[-0.56758503 -0.85840233],[  -3.96597804 -263.79577653],[-0.07624597 -0.34274042]
2211,2.2109999999998675,[-0.72487791 -0.39103296],[-0.57155101 -1.12219811],[  -3.79623677 -252.47695259],[-0.0759047  -0.32948124]
2212,2.2119999999998674,[-0.72545326 -0.39240764],[-0.57534725 -1.37467506],[  -3.63159004 -241.56979575],[-0.07557148 -0.31673743]
2213,2.2129999999998673,[-0.72603224 -0.39402388],[-0.57897884 -1.61624486],[  -3.47197498 -231.06074683],[-0.07524607 -0.30449059]
2214,2.213999999999867,[-0.72661469 -0.39587119],[-0.58245081 -1.84730561],[  -3.31731849 -220.93658925],[-0.07492825 -0.29272293]
2215,2.214999999999867,[-0.72720046 -0.39793943],[-0.58576813 -2.0682422 ],[  -3.16753913 -211.18445273],[-0.07461778 -0.28141721]
2216,2.215999999999867,[-0.7277894  -0.40021886],[-0.58893567 -2.27942665],[  -3.02254868 -201.79181503],[-0.07431443 -0.2705568 ]
2217,2.216999999999867,[-0.72838135 -0.40270008],[-0.59195822 -2.48121846],[  -2.88225356 -192.74650201],[-0.07401797 -0.26012558]
2218,2.2179999999998667,[-0.72897619 -0.40537404],[-0.59484047 -2.67396497],[  -2.74655598 -184.03668616],[-0.07372819 -0.25010802]
2219,2.2189999999998666,[-0.72957378 -0.40823204],[-0.59758703 -2.85800165],[  -2.61535502 -175.65088399],[-0.07344486 -0.24048906]
2220,2.2199999999998665,[-0.73017398 -0.41126569],[-0.60020239 -3.03365254],[  -2.48854743 -167.57795232],[-0.07316779 -0.2312542 ]
2221,2.2209999999998664,[-0.73077667 -0.41446692],[-0.60269093 -3.20123049],[  -2.36602844 -159.80708366],[-0.07289675 -0.22238939]
2222,2.2219999999998663,[-0.73138173 -0.41782796],[-0.60505696 -3.36103757],[  -2.24769236 -152.32780096],[-0.07263155 -0.2138811 ]
2223,2.222999999999866,[-0.73198904 -0.42134133],[-0.60730465 -3.51336537],[  -2.13343313 -145.12995173],[-0.07237199 -0.20571623]
2224,2.223999999999866,[-0.73259847 -0.42499982],[-0.60943809 -3.65849532],[  -2.02314477 -138.20370162],[-0.07211787 -0.19788216]
2225,2.224999999999866,[-0.73320994 -0.42879652],[-0.61146123 -3.79669903],[  -1.91672179 -131.53952771],[-0.07186902 -0.19036669]
2226,2.225999999999866,[-0.73382331 -0.43272476],[-0.61337795 -3.92823855],[  -1.81405945 -125.12821151],[-0.07162525 -0.18315805]
2227,2.2269999999998658,[-0.7344385  -0.43677813],[-0.61519201 -4.05336677],[  -1.71505408 -118.96083168],[-0.07138637 -0.17624488]
2228,2.2279999999998656,[-0.73505541 -0.44095045],[-0.61690707 -4.1723276 ],[  -1.61960329 -113.02875666],[-0.07115222 -0.16961622]
2229,2.2289999999998655,[-0.73567394 -0.44523581],[-0.61852667 -4.28535635],[  -1.52760611 -107.3236372 ],[-0.07092263 -0.16326148]
2230,2.2299999999998654,[-0.73629399 -0.44962849],[-0.62005428 -4.39267999],[  -1.43896319 -101.83739883],[-0.07069744 -0.15717047]
2231,2.2309999999998653,[-0.73691549 -0.45412301],[-0.62149324 -4.49451739],[ -1.35357688 -96.56223433],[-0.07047648 -0.15133332]
2232,2.231999999999865,[-0.73753833 -0.45871409],[-0.62284682 -4.59107962],[ -1.27135134 -91.49059627],[-0.07025961 -0.14574056]
2233,2.232999999999865,[-0.73816245 -0.46339666],[-0.62411817 -4.68257022],[ -1.19219257 -86.61518952],[-0.07004667 -0.140383  ]
2234,2.233999999999865,[-0.73878776 -0.46816584],[-0.62531036 -4.76918541],[ -1.11600854 -81.92896394],[-0.06983751 -0.13525182]
2235,2.234999999999865,[-0.73941419 -0.47301696],[-0.62642637 -4.85111437],[ -1.04270915 -77.42510711],[-0.069632  -0.1303385]
2236,2.2359999999998648,[-0.74004166 -0.4779455 ],[-0.62746908 -4.92853948],[ -0.97220628 -73.09703722],[-0.06943    -0.12563481]
2237,2.2369999999998647,[-0.7406701  -0.48294713],[-0.62844128 -5.00163652],[ -0.90441383 -68.93839602],[-0.06923138 -0.12113284]
2238,2.2379999999998645,[-0.74129944 -0.48801771],[-0.6293457  -5.07057491],[ -0.8392477 -64.943042 ],[-0.069036   -0.11682494]
2239,2.2389999999998644,[-0.74192963 -0.49315323],[-0.63018495 -5.13551796],[ -0.77662576 -61.10504367],[-0.06884375 -0.11270374]
2240,2.2399999999998643,[-0.74256059 -0.49834985],[-0.63096157 -5.196623  ],[ -0.71646792 -57.41867299],[-0.0686545  -0.10876216]
2241,2.240999999999864,[-0.74319227 -0.50360389],[-0.63167804 -5.25404167],[ -0.65869602 -53.87839894],[-0.06846813 -0.10499334]
2242,2.241999999999864,[-0.74382461 -0.50891181],[-0.63233674 -5.30792007],[ -0.60323389 -50.47888133],[-0.06828454 -0.10139068]
2243,2.242999999999864,[-0.74445755 -0.51427021],[-0.63293997 -5.35839895],[ -0.55000728 -47.21496469],[-0.06810361 -0.09794784]
2244,2.243999999999864,[-0.74509104 -0.51967582],[-0.63348998 -5.40561392],[ -0.49894386 -44.08167232],[-0.06792523 -0.09465867]
2245,2.2449999999998638,[-0.74572502 -0.52512552],[-0.63398892 -5.44969559],[ -0.44997319 -41.07420059],[-0.0677493  -0.09151729]
2246,2.2459999999998637,[-0.74635946 -0.53061629],[-0.63443889 -5.49076979],[ -0.40302668 -38.18791331],[-0.06757573 -0.08851799]
2247,2.2469999999998636,[-0.7469943  -0.53614525],[-0.63484192 -5.5289577 ],[ -0.35803758 -35.41833626],[-0.06740441 -0.08565529]
2248,2.2479999999998634,[-0.7476295  -0.54170962],[-0.63519996 -5.56437604],[ -0.31494091 -32.76115197],[-0.06723526 -0.08292392]
2249,2.2489999999998633,[-0.74826502 -0.54730676],[-0.6355149  -5.59713719],[ -0.27367349 -30.21219453],[-0.06706818 -0.08031879]
2250,2.249999999999863,[-0.74890081 -0.55293411],[-0.63578857 -5.62734939],[ -0.23417385 -27.76744465],[-0.06690308 -0.07783499]
2251,2.250999999999863,[-0.74953683 -0.55858923],[-0.63602275 -5.65511683],[ -0.19638222 -25.42302478],[-0.06673988 -0.0754678 ]
2252,2.251999999999863,[-0.75017305 -0.56426977],[-0.63621913 -5.68053986],[ -0.16024051 -23.17519448],[-0.06657851 -0.07321268]
2253,2.252999999999863,[-0.75080943 -0.56997348],[-0.63637937 -5.70371505],[ -0.12569227 -21.02034583],[-0.06641887 -0.07106524]
2254,2.253999999999863,[-0.75144593 -0.57569822],[-0.63650506 -5.7247354 ],[ -0.09268263 -18.95499904],[-0.06626089 -0.06902127]
2255,2.2549999999998627,[-0.75208253 -0.58144191],[-0.63659774 -5.7436904 ],[ -0.0611583  -16.97579816],[-0.06610451 -0.0670767 ]
2256,2.2559999999998626,[-0.75271919 -0.58720257],[-0.6366589  -5.76066619],[ -0.03106753 -15.07950696],[-0.06594965 -0.06522763]
2257,2.2569999999998624,[-0.75335588 -0.59297832],[-0.63668997 -5.7757457 ],[-2.36006172e-03 -1.32630049e+01],[-0.06579623 -0.06347029]
2258,2.2579999999998623,[-0.75399257 -0.59876733],[-0.63669233 -5.78900871],[  0.02501288 -11.52328313],[-0.0656442  -0.06180104]
2259,2.2589999999998622,[-0.75462924 -0.60456786],[-0.63666732 -5.80053199],[ 0.05109863 -9.857441  ],[-0.06549349 -0.06021641]
2260,2.259999999999862,[-0.75526586 -0.61037825],[-0.63661622 -5.81038943],[ 0.07594313 -8.2626821 ],[-0.06534404 -0.05871302]
2261,2.260999999999862,[-0.7559024 -0.6161969],[-0.63654028 -5.81865211],[ 0.09959095 -6.73631087],[-0.06519579 -0.05728765]
2262,2.261999999999862,[-0.75653884 -0.62202229],[-0.63644068 -5.82538842],[ 0.12208529 -5.27572914],[-0.06504868 -0.05593718]
2263,2.262999999999862,[-0.75717516 -0.62785295],[-0.6363186  -5.83066415],[ 0.14346807 -3.87843281],[-0.06490266 -0.05465861]
2264,2.2639999999998617,[-0.75781133 -0.6336875 ],[-0.63617513 -5.83454258],[ 0.16377991 -2.54200863],[-0.06475767 -0.05344906]
2265,2.2649999999998616,[-0.75844734 -0.63952458],[-0.63601135 -5.83708459],[ 0.18306018 -1.26413108],[-0.06461366 -0.05230575]
2266,2.2659999999998615,[-0.75908317 -0.64536293],[-0.63582829 -5.83834872],[ 0.20134702 -0.04255935],[-0.06447058 -0.05122601]
2267,2.2669999999998613,[-0.7597188  -0.65120132],[-0.63562694 -5.83839128],[0.21867741 1.12486558],[-0.06432839 -0.05020726]
2268,2.2679999999998612,[-0.76035421 -0.65703859],[-0.63540827 -5.83726642],[0.23508714 2.24022378],[-0.06418703 -0.04924704]
2269,2.268999999999861,[-0.76098938 -0.66287361],[-0.63517318 -5.83502619],[0.25061087 3.30551908],[-0.06404647 -0.04834297]
2270,2.269999999999861,[-0.7616243  -0.66870534],[-0.63492257 -5.83172068],[0.26528217 4.32268176],[-0.06390666 -0.04749275]
2271,2.270999999999861,[-0.76225896 -0.67453273],[-0.63465729 -5.82739799],[0.27913351 5.29357109],[-0.06376756 -0.04669418]
2272,2.271999999999861,[-0.76289334 -0.68035484],[-0.63437815 -5.82210442],[0.29219633 6.21997783],[-0.06362913 -0.04594514]
2273,2.2729999999998607,[-0.76352742 -0.68617072],[-0.63408596 -5.81588444],[0.30450103 7.10362663],[-0.06349133 -0.0452436 ]
2274,2.2739999999998606,[-0.76416121 -0.6919795 ],[-0.63378146 -5.80878082],[0.31607705 7.94617833],[-0.06335413 -0.04458758]
2275,2.2749999999998605,[-0.76479467 -0.69778034],[-0.63346538 -5.80083464],[0.32695283 8.74923226],[-0.06321748 -0.04397521]
2276,2.2759999999998604,[-0.76542781 -0.70357242],[-0.63313843 -5.79208541],[0.33715586 9.51432837],[-0.06308137 -0.04340467]
2277,2.2769999999998602,[-0.76606061 -0.70935499],[-0.63280127 -5.78257108],[ 0.34671276 10.24294937],[-0.06294574 -0.04287422]
2278,2.27799999999986,[-0.76669306 -0.71512732],[-0.63245456 -5.77232813],[ 0.3556492  10.93652274],[-0.06281058 -0.04238217]
2279,2.27899999999986,[-0.76732516 -0.72088871],[-0.63209891 -5.76139161],[ 0.36399002 11.59642269],[-0.06267585 -0.04192692]
2280,2.27999999999986,[-0.7679569  -0.72663851],[-0.63173492 -5.74979518],[ 0.37175922 12.22397211],[-0.06254153 -0.04150691]
2281,2.28099999999986,[-0.76858826 -0.73237608],[-0.63136316 -5.73757121],[ 0.37897996 12.82044436],[-0.06240758 -0.04112065]
2282,2.2819999999998597,[-0.76921925 -0.73810083],[-0.63098418 -5.72475077],[ 0.38567462 13.38706509],[-0.06227398 -0.04076671]
2283,2.2829999999998596,[-0.76984984 -0.74381219],[-0.6305985 -5.7113637],[ 0.3918648 13.9250139],[-0.0621407 -0.0404437]
2284,2.2839999999998595,[-0.77048005 -0.74950963],[-0.63020664 -5.69743869],[ 0.39757135 14.43542609],[-0.06200772 -0.04015031]
2285,2.2849999999998594,[-0.77110986 -0.75519264],[-0.62980907 -5.68300326],[ 0.4028144  14.91939415],[-0.06187501 -0.03988525]
2286,2.2859999999998593,[-0.77173927 -0.76086072],[-0.62940625 -5.66808387],[ 0.40761337 15.37796943],[-0.06174256 -0.0396473 ]
2287,2.286999999999859,[-0.77236827 -0.76651343],[-0.62899864 -5.6527059 ],[ 0.41198699 15.81216355],[-0.06161034 -0.03943528]
2288,2.287999999999859,[-0.77299685 -0.77215032],[-0.62858665 -5.63689374],[ 0.41595334 16.22294989],[-0.06147833 -0.03924806]
2289,2.288999999999859,[-0.77362502 -0.77777099],[-0.6281707  -5.62067079],[ 0.41952984 16.61126495],[-0.06134651 -0.03908455]
2290,2.289999999999859,[-0.77425277 -0.78337505],[-0.62775117 -5.60405952],[ 0.4227333  16.97800974],[-0.06121486 -0.03894371]
2291,2.2909999999998587,[-0.7748801  -0.78896213],[-0.62732844 -5.58708151],[ 0.4255799  17.32405108],[-0.06108336 -0.03882453]
2292,2.2919999999998586,[-0.77550701 -0.79453189],[-0.62690286 -5.56975746],[ 0.42808527 17.65022281],[-0.060952   -0.03872604]
2293,2.2929999999998585,[-0.77613348 -0.800084  ],[-0.62647477 -5.55210724],[ 0.43026444 17.95732704],[-0.06082076 -0.03864732]
2294,2.2939999999998584,[-0.77675952 -0.80561815],[-0.62604451 -5.53414991],[ 0.43213192 18.24613533],[-0.06068962 -0.03858748]
2295,2.2949999999998583,[-0.77738514 -0.81113405],[-0.62561237 -5.51590377],[ 0.43370166 18.5173898 ],[-0.06055856 -0.03854565]
2296,2.295999999999858,[-0.77801032 -0.81663144],[-0.62517867 -5.49738638],[ 0.43498712 18.77180422],[-0.06042758 -0.03852101]
2297,2.296999999999858,[-0.77863506 -0.82211005],[-0.62474369 -5.47861458],[ 0.43600123 19.01006505],[-0.06029666 -0.03851278]
2298,2.297999999999858,[-0.77925937 -0.82756966],[-0.62430768 -5.45960452],[ 0.43675648 19.23283251],[-0.06016578 -0.03852019]
2299,2.298999999999858,[-0.77988324 -0.83301003],[-0.62387093 -5.44037168],[ 0.43726486 19.44074147],[-0.06003493 -0.03854251]
2300,2.2999999999998577,[-0.78050667 -0.83843096],[-0.62343366 -5.42093094],[ 0.43753793 19.63440249],[-0.05990411 -0.03857905]
2301,2.3009999999998576,[-0.78112967 -0.84383225],[-0.62299613 -5.40129654],[ 0.43758679 19.81440265],[-0.05977329 -0.03862912]
2302,2.3019999999998575,[-0.78175223 -0.84921374],[-0.62255854 -5.38148214],[ 0.43742215 19.98130648],[-0.05964246 -0.03869208]
2303,2.3029999999998574,[-0.78237435 -0.85457524],[-0.62212112 -5.36150083],[ 0.43705428 20.13565676],[-0.05951163 -0.03876731]
2304,2.3039999999998573,[-0.78299603 -0.8599166 ],[-0.62168406 -5.34136517],[ 0.43649309 20.27797537],[-0.05938077 -0.03885422]
2305,2.304999999999857,[-0.78361728 -0.86523769],[-0.62124757 -5.3210872 ],[ 0.43574809 20.4087641 ],[-0.05924987 -0.03895222]
2306,2.305999999999857,[-0.78423809 -0.87053837],[-0.62081182 -5.30067843],[ 0.43482843 20.52850531],[-0.05911894 -0.03906077]
2307,2.306999999999857,[-0.78485847 -0.87581852],[-0.62037699 -5.28014993],[ 0.4337429  20.63766278],[-0.05898795 -0.03917934]
2308,2.307999999999857,[-0.78547841 -0.88107803],[-0.61994325 -5.25951227],[ 0.43249995 20.73668232],[-0.0588569  -0.03930742]
2309,2.3089999999998567,[-0.78609792 -0.88631681],[-0.61951075 -5.23877558],[ 0.4311077 20.8259925],[-0.05872578 -0.03944453]
2310,2.3099999999998566,[-0.786717   -0.89153476],[-0.61907964 -5.21794959],[ 0.42957396 20.90600528],[-0.05859459 -0.0395902 ]
2311,2.3109999999998565,[-0.78733565 -0.8967318 ],[-0.61865007 -5.19704359],[ 0.42790622 20.97711665],[-0.05846331 -0.03974398]
2312,2.3119999999998564,[-0.78795387 -0.90190787],[-0.61822216 -5.17606647],[ 0.42611168 21.03970722],[-0.05833195 -0.03990543]
2313,2.3129999999998563,[-0.78857167 -0.90706289],[-0.61779605 -5.15502676],[ 0.42419725 21.09414283],[-0.05820049 -0.04007415]
2314,2.313999999999856,[-0.78918904 -0.91219683],[-0.61737185 -5.13393262],[ 0.42216958 21.14077508],[-0.05806892 -0.04024974]
2315,2.314999999999856,[-0.78980599 -0.91730962],[-0.61694968 -5.11279184],[ 0.42003503 21.1799419 ],[-0.05793725 -0.04043181]
2316,2.315999999999856,[-0.79042252 -0.92240123],[-0.61652965 -5.0916119 ],[ 0.41779972 21.21196803],[-0.05780547 -0.04062001]
2317,2.316999999999856,[-0.79103863 -0.92747163],[-0.61611185 -5.07039993],[ 0.41546951 21.23716558],[-0.05767356 -0.04081397]
2318,2.3179999999998557,[-0.79165433 -0.93252079],[-0.61569638 -5.04916277],[ 0.41305004 21.25583446],[-0.05754154 -0.04101337]
2319,2.3189999999998556,[-0.79226961 -0.9375487 ],[-0.61528333 -5.02790693],[ 0.4105467  21.26826288],[-0.05740938 -0.04121789]
2320,2.3199999999998555,[-0.79288449 -0.94255534],[-0.61487278 -5.00663867],[ 0.40796468 21.27472777],[-0.05727709 -0.0414272 ]
2321,2.3209999999998554,[-0.79349895 -0.9475407 ],[-0.61446482 -4.98536394],[ 0.40530893 21.27549523],[-0.05714466 -0.04164102]
2322,2.3219999999998553,[-0.79411301 -0.95250479],[-0.61405951 -4.96408845],[ 0.40258423 21.27082093],[-0.05701209 -0.04185906]
2323,2.322999999999855,[-0.79472667 -0.95744761],[-0.61365692 -4.94281763],[ 0.39979513 21.26095054],[-0.05687938 -0.04208105]
2324,2.323999999999855,[-0.79533992 -0.96236916],[-0.61325713 -4.92155668],[ 0.39694601 21.24612005],[-0.05674652 -0.04230672]
2325,2.324999999999855,[-0.79595278 -0.96726947],[-0.61286018 -4.90031056],[ 0.39404105 21.22655623],[-0.05661351 -0.04253583]
2326,2.325999999999855,[-0.79656525 -0.97214856],[-0.61246614 -4.879084  ],[ 0.39108427 21.20247688],[-0.05648034 -0.04276813]
2327,2.3269999999998547,[-0.79717732 -0.97700644],[-0.61207506 -4.85788152],[ 0.38807951 21.17409128],[-0.05634702 -0.0430034 ]
2328,2.3279999999998546,[-0.79778901 -0.98184315],[-0.61168698 -4.83670743],[ 0.38503045 21.14160044],[-0.05621354 -0.04324141]
2329,2.3289999999998545,[-0.79840031 -0.98665871],[-0.61130195 -4.81556583],[ 0.38194061 21.10519743],[-0.05607989 -0.04348195]
2330,2.3299999999998544,[-0.79901123 -0.99145317],[-0.61092001 -4.79446063],[ 0.37881337 21.06506772],[-0.05594608 -0.04372481]
2331,2.3309999999998543,[-0.79962177 -0.99622657],[-0.61054119 -4.77339557],[ 0.37565194 21.02138945],[-0.0558121  -0.04396981]
2332,2.331999999999854,[-0.80023194 -1.00097894],[-0.61016554 -4.75237418],[ 0.37245941 20.9743337 ],[-0.05567795 -0.04421676]
2333,2.332999999999854,[-0.80084173 -1.00571034],[-0.60979308 -4.73139984],[ 0.36923874 20.92406478],[-0.05554364 -0.04446548]
2334,2.333999999999854,[-0.80145116 -1.01042082],[-0.60942384 -4.71047578],[ 0.36599274 20.87074048],[-0.05540915 -0.04471579]
2335,2.334999999999854,[-0.80206022 -1.01511042],[-0.60905785 -4.68960504],[ 0.3627241  20.81451234],[-0.05527448 -0.04496754]
2336,2.3359999999998537,[-0.80266891 -1.01977922],[-0.60869513 -4.66879053],[ 0.35943541 20.75552584],[-0.05513964 -0.04522057]
2337,2.3369999999998536,[-0.80327725 -1.02442725],[-0.60833569 -4.648035  ],[ 0.35612912 20.69392072],[-0.05500463 -0.04547472]
2338,2.3379999999998535,[-0.80388523 -1.02905459],[-0.60797956 -4.62734108],[ 0.35280758 20.62983111],[-0.05486943 -0.04572986]
2339,2.3389999999998534,[-0.80449285 -1.0336613 ],[-0.60762676 -4.60671125],[ 0.34947304 20.56338581],[-0.05473406 -0.04598585]
2340,2.3399999999998533,[-0.80510013 -1.03824745],[-0.60727728 -4.58614786],[ 0.34612763 20.49470845],[-0.0545985  -0.04624256]
2341,2.340999999999853,[-0.80570706 -1.0428131 ],[-0.60693115 -4.56565315],[ 0.3427734  20.42391774],[-0.05446277 -0.04649986]
2342,2.341999999999853,[-0.80631365 -1.04735833],[-0.60658838 -4.54522924],[ 0.33941229 20.35112761],[-0.05432686 -0.04675763]
2343,2.342999999999853,[-0.8069199  -1.05188321],[-0.60624897 -4.52487811],[ 0.33604617 20.27644743],[-0.05419076 -0.04701575]
2344,2.343999999999853,[-0.80752581 -1.05638781],[-0.60591292 -4.50460166],[ 0.3326768  20.19998216],[-0.05405448 -0.04727413]
2345,2.3449999999998528,[-0.80813139 -1.06087221],[-0.60558025 -4.48440168],[ 0.32930586 20.12183253],[-0.05391801 -0.04753265]
2346,2.3459999999998526,[-0.80873664 -1.06533649],[-0.60525094 -4.46427985],[ 0.32593497 20.04209523],[-0.05378137 -0.04779121]
2347,2.3469999999998525,[-0.80934157 -1.06978073],[-0.60492501 -4.44423775],[ 0.32256564 19.96086302],[-0.05364453 -0.04804972]
2348,2.3479999999998524,[-0.80994617 -1.07420501],[-0.60460244 -4.42427689],[ 0.31919933 19.8782249 ],[-0.05350752 -0.04830808]
2349,2.3489999999998523,[-0.81055045 -1.07860941],[-0.60428324 -4.40439866],[ 0.31583743 19.79426628],[-0.05337032 -0.04856622]
2350,2.349999999999852,[-0.81115442 -1.08299401],[-0.6039674 -4.3846044],[ 0.31248124 19.70906908],[-0.05323294 -0.04882404]
2351,2.350999999999852,[-0.81175808 -1.08735891],[-0.60365492 -4.36489533],[ 0.30913202 19.6227119 ],[-0.05309537 -0.04908148]
2352,2.351999999999852,[-0.81236142 -1.09170418],[-0.60334579 -4.34527262],[ 0.30579094 19.5352701 ],[-0.05295761 -0.04933844]
2353,2.352999999999852,[-0.81296446 -1.09602992],[-0.60304    -4.32573735],[ 0.30245914 19.44681599],[-0.05281968 -0.04959487]
2354,2.3539999999998518,[-0.8135672  -1.10033621],[-0.60273754 -4.30629053],[ 0.29913768 19.35741889],[-0.05268156 -0.04985069]
2355,2.3549999999998517,[-0.81416964 -1.10462314],[-0.6024384  -4.28693311],[ 0.29582756 19.26714529],[-0.05254325 -0.05010584]
2356,2.3559999999998515,[-0.81477178 -1.10889081],[-0.60214257 -4.26766597],[ 0.29252974 19.17605892],[-0.05240476 -0.05036025]
2357,2.3569999999998514,[-0.81537363 -1.1131393 ],[-0.60185004 -4.24848991],[ 0.28924513 19.0842209 ],[-0.05226609 -0.05061387]
2358,2.3579999999998513,[-0.81597519 -1.1173687 ],[-0.6015608  -4.22940569],[ 0.28597459 18.99168978],[-0.05212724 -0.05086664]
2359,2.358999999999851,[-0.81657647 -1.12157912],[-0.60127482 -4.210414  ],[ 0.28271892 18.89852171],[-0.0519882  -0.05111851]
2360,2.359999999999851,[-0.81717746 -1.12577063],[-0.60099211 -4.19151547],[ 0.27947888 18.8047705 ],[-0.05184898 -0.05136943]
2361,2.360999999999851,[-0.81777817 -1.12994334],[-0.60071263 -4.1727107 ],[ 0.2762552  18.71048768],[-0.05170958 -0.05161935]
2362,2.361999999999851,[-0.81837861 -1.13409734],[-0.60043637 -4.15400022],[ 0.27304856 18.61572264],[-0.05157    -0.05186822]
2363,2.3629999999998508,[-0.81897877 -1.13823273],[-0.60016332 -4.13538449],[ 0.26985958 18.5205227 ],[-0.05143024 -0.052116  ]
2364,2.3639999999998507,[-0.81957866 -1.14234959],[-0.59989346 -4.11686397],[ 0.26668888 18.42493316],[-0.0512903  -0.05236265]
2365,2.3649999999998506,[-0.82017829 -1.14644803],[-0.59962677 -4.09843904],[ 0.26353701 18.32899742],[-0.05115018 -0.05260814]
2366,2.3659999999998504,[-0.82077765 -1.15052814],[-0.59936324 -4.08011004],[ 0.26040451 18.23275701],[-0.05100988 -0.05285242]
2367,2.3669999999998503,[-0.82137676 -1.15459002],[-0.59910283 -4.06187728],[ 0.25729186 18.13625171],[-0.0508694  -0.05309546]
2368,2.3679999999998502,[-0.8219756  -1.15863376],[-0.59884554 -4.04374103],[ 0.25419953 18.03951958],[-0.05072874 -0.05333722]
2369,2.36899999999985,[-0.82257419 -1.16265946],[-0.59859134 -4.02570151],[ 0.25112795 17.94259704],[-0.05058791 -0.05357769]
2370,2.36999999999985,[-0.82317253 -1.16666722],[-0.59834021 -4.00775891],[ 0.24807753 17.84551895],[-0.05044691 -0.05381682]
2371,2.37099999999985,[-0.82377063 -1.17065713],[-0.59809214 -3.9899134 ],[ 0.24504863 17.74831863],[-0.05030572 -0.0540546 ]
2372,2.37199999999985,[-0.82436847 -1.1746293 ],[-0.59784709 -3.97216508],[ 0.24204161 17.65102798],[-0.05016437 -0.05429099]
2373,2.3729999999998497,[-0.82496608 -1.17858381],[-0.59760505 -3.95451405],[ 0.23905677 17.55367745],[-0.05002284 -0.05452597]
2374,2.3739999999998496,[-0.82556344 -1.18252077],[-0.59736599 -3.93696037],[ 0.23609443 17.4562962 ],[-0.04988114 -0.05475952]
2375,2.3749999999998495,[-0.82616057 -1.18644028],[-0.59712989 -3.91950408],[ 0.23315485 17.35891205],[-0.04973927 -0.05499162]
2376,2.3759999999998493,[-0.82675747 -1.19034242],[-0.59689674 -3.90214516],[ 0.23023828 17.26155162],[-0.04959722 -0.05522225]
2377,2.3769999999998492,[-0.82735414 -1.1942273 ],[-0.5966665  -3.88488361],[ 0.22734495 17.16424031],[-0.04945501 -0.05545139]
2378,2.377999999999849,[-0.82795058 -1.19809502],[-0.59643916 -3.86771937],[ 0.22447506 17.06700236],[-0.04931263 -0.05567902]
2379,2.378999999999849,[-0.82854679 -1.20194568],[-0.59621468 -3.85065237],[ 0.2216288  16.96986095],[-0.04917008 -0.05590512]
2380,2.379999999999849,[-0.82914278 -1.20577936],[-0.59599305 -3.83368251],[ 0.21880634 16.87283817],[-0.04902736 -0.05612969]
2381,2.380999999999849,[-0.82973856 -1.20959617],[-0.59577425 -3.81680967],[ 0.21600783 16.77595509],[-0.04888448 -0.05635271]
2382,2.3819999999998487,[-0.83033412 -1.2133962 ],[-0.59555824 -3.80003371],[ 0.21323341 16.67923182],[-0.04874143 -0.05657417]
2383,2.3829999999998486,[-0.83092946 -1.21717956],[-0.59534501 -3.78335448],[ 0.21048318 16.58268751],[-0.04859822 -0.05679405]
2384,2.3839999999998485,[-0.8315246  -1.22094633],[-0.59513452 -3.7667718 ],[ 0.20775726 16.48634042],[-0.04845484 -0.05701235]
2385,2.3849999999998484,[-0.83211952 -1.22469661],[-0.59492676 -3.75028546],[ 0.20505571 16.39020794],[-0.04831131 -0.05722905]
2386,2.3859999999998482,[-0.83271424 -1.22843051],[-0.59472171 -3.73389525],[ 0.20237862 16.29430661],[-0.04816761 -0.05744415]
2387,2.386999999999848,[-0.83330876 -1.23214811],[-0.59451933 -3.71760094],[ 0.19972605 16.1986522 ],[-0.04802375 -0.05765764]
2388,2.387999999999848,[-0.83390308 -1.23584951],[-0.5943196  -3.70140229],[ 0.19709803 16.10325968],[-0.04787973 -0.05786951]
2389,2.388999999999848,[-0.83449721 -1.23953481],[-0.59412251 -3.68529903],[ 0.1944946 16.0081433],[-0.04773555 -0.05807976]
2390,2.389999999999848,[-0.83509113 -1.2432041 ],[-0.59392801 -3.66929089],[ 0.19191578 15.91331658],[-0.04759122 -0.05828838]
2391,2.3909999999998477,[-0.83568487 -1.24685748],[-0.5937361  -3.65337757],[ 0.18936158 15.81879237],[-0.04744673 -0.05849537]
2392,2.3919999999998476,[-0.83627842 -1.25049504],[-0.59354673 -3.63755878],[ 0.18683199 15.72458287],[-0.04730208 -0.05870072]
2393,2.3929999999998475,[-0.83687178 -1.25411687],[-0.5933599  -3.62183419],[ 0.184327   15.63069964],[-0.04715728 -0.05890443]
2394,2.3939999999998474,[-0.83746495 -1.25772308],[-0.59317558 -3.60620349],[ 0.1818466  15.53715364],[-0.04701233 -0.05910649]
2395,2.3949999999998473,[-0.83805795 -1.26131374],[-0.59299373 -3.59066634],[ 0.17939075 15.44395524],[-0.04686723 -0.05930692]
2396,2.395999999999847,[-0.83865076 -1.26488897],[-0.59281434 -3.57522239],[ 0.1769594  15.35111426],[-0.04672197 -0.05950569]
2397,2.396999999999847,[-0.8392434  -1.26844884],[-0.59263738 -3.55987127],[ 0.17455252 15.25863997],[-0.04657657 -0.05970282]
2398,2.397999999999847,[-0.83983586 -1.27199345],[-0.59246283 -3.54461263],[ 0.17217004 15.16654116],[-0.04643101 -0.05989831]
2399,2.398999999999847,[-0.84042815 -1.2755229 ],[-0.59229066 -3.52944609],[ 0.1698119  15.07482609],[-0.04628531 -0.06009215]
2400,2.3999999999998467,[-0.84102027 -1.27903727],[-0.59212084 -3.51437126],[ 0.16747803 14.98350255],[-0.04613946 -0.06028434]
2401,2.4009999999998466,[-0.84161222 -1.28253665],[-0.59195337 -3.49938776],[ 0.16516836 14.8925779 ],[-0.04599346 -0.06047489]
2402,2.4019999999998465,[-0.84220401 -1.28602115],[-0.5917882  -3.48449518],[ 0.16288279 14.80205903],[-0.04584732 -0.06066379]
2403,2.4029999999998464,[-0.84279564 -1.28949084],[-0.59162532 -3.46969312],[ 0.16062124 14.71195243],[-0.04570103 -0.06085106]
2404,2.4039999999998463,[-0.8433871  -1.29294582],[-0.59146469 -3.45498117],[ 0.15838362 14.62226418],[-0.0455546  -0.06103668]
2405,2.404999999999846,[-0.84397841 -1.29638618],[-0.59130631 -3.44035891],[ 0.15616981 14.53299998],[-0.04540803 -0.06122068]
2406,2.405999999999846,[-0.84456956 -1.29981201],[-0.59115014 -3.42582591],[ 0.15397972 14.44416515],[-0.04526132 -0.06140304]
2407,2.406999999999846,[-0.84516056 -1.30322339],[-0.59099616 -3.41138174],[ 0.15181323 14.35576465],[-0.04511447 -0.06158377]
2408,2.407999999999846,[-0.8457514  -1.30662042],[-0.59084435 -3.39702598],[ 0.14967023 14.26780311],[-0.04496748 -0.06176288]
2409,2.4089999999998457,[-0.84634209 -1.31000317],[-0.59069468 -3.38275817],[ 0.1475506  14.18028482],[-0.04482035 -0.06194037]
2410,2.4099999999998456,[-0.84693264 -1.31337175],[-0.59054713 -3.36857789],[ 0.14545421 14.09321378],[-0.04467308 -0.06211625]
2411,2.4109999999998455,[-0.84752304 -1.31672624],[-0.59040167 -3.35448468],[ 0.14338094 14.00659365],[-0.04452568 -0.06229052]
2412,2.4119999999998454,[-0.8481133  -1.32006671],[-0.59025829 -3.34047808],[ 0.14133065 13.92042783],[-0.04437814 -0.06246318]
2413,2.4129999999998453,[-0.84870342 -1.32339327],[-0.59011696 -3.32655765],[ 0.13930321 13.83471943],[-0.04423047 -0.06263424]
2414,2.413999999999845,[-0.8492934 -1.326706 ],[-0.58997766 -3.31272294],[ 0.13729849 13.7494713 ],[-0.04408267 -0.06280371]
2415,2.414999999999845,[-0.84988324 -1.33000497],[-0.58984036 -3.29897346],[ 0.13531633 13.66468603],[-0.04393473 -0.06297159]
2416,2.415999999999845,[-0.85047294 -1.33329028],[-0.58970504 -3.28530878],[ 0.1333566  13.58036596],[-0.04378666 -0.06313789]
2417,2.416999999999845,[-0.85106251 -1.33656201],[-0.58957169 -3.27172841],[ 0.13141916 13.49651321],[-0.04363846 -0.06330262]
2418,2.4179999999998447,[-0.85165195 -1.33982024],[-0.58944027 -3.2582319 ],[ 0.12950385 13.41312966],[-0.04349014 -0.06346577]
2419,2.4189999999998446,[-0.85224126 -1.34306506],[-0.58931076 -3.24481877],[ 0.12761052 13.33021699],[-0.04334168 -0.06362737]
2420,2.4199999999998445,[-0.85283045 -1.34629655],[-0.58918315 -3.23148855],[ 0.12573903 13.24777666],[-0.0431931  -0.06378741]
2421,2.4209999999998444,[-0.8534195  -1.34951479],[-0.58905741 -3.21824078],[ 0.12388921 13.16580993],[-0.04304439 -0.0639459 ]
2422,2.4219999999998443,[-0.85400844 -1.35271986],[-0.58893352 -3.20507497],[ 0.12206092 13.08431789],[-0.04289555 -0.06410286]
2423,2.422999999999844,[-0.85459725 -1.35591185],[-0.58881146 -3.19199065],[ 0.12025399 13.00330144],[-0.04274659 -0.06425828]
2424,2.423999999999844,[-0.85518594 -1.35909084],[-0.58869121 -3.17898735],[ 0.11846826 12.92276129],[-0.04259751 -0.06441217]
2425,2.424999999999844,[-0.85577451 -1.3622569 ],[-0.58857274 -3.16606458],[ 0.11670359 12.842698  ],[-0.0424483  -0.06456455]
2426,2.425999999999844,[-0.85636297 -1.36541013],[-0.58845604 -3.15322189],[ 0.11495979 12.76311198],[-0.04229898 -0.06471541]
2427,2.4269999999998437,[-0.85695131 -1.36855058],[-0.58834108 -3.14045877],[ 0.11323673 12.68400346],[-0.04214953 -0.06486478]
2428,2.4279999999998436,[-0.85753954 -1.37167836],[-0.58822784 -3.12777477],[ 0.11153422 12.60537256],[-0.04199996 -0.06501265]
2429,2.4289999999998435,[-0.85812766 -1.37479353],[-0.58811631 -3.1151694 ],[ 0.10985211 12.52721923],[-0.04185027 -0.06515904]
2430,2.4299999999998434,[-0.85871566 -1.37789617],[-0.58800645 -3.10264218],[ 0.10819023 12.4495433 ],[-0.04170046 -0.06530394]
2431,2.4309999999998433,[-0.85930356 -1.38098636],[-0.58789826 -3.09019264],[ 0.10654842 12.37234447],[-0.04155054 -0.06544738]
2432,2.431999999999843,[-0.85989135 -1.38406418],[-0.58779172 -3.07782029],[ 0.10492651 12.29562233],[-0.0414005  -0.06558936]
2433,2.432999999999843,[-0.86047904 -1.38712971],[-0.58768679 -3.06552467],[ 0.10332434 12.21937635],[-0.04125034 -0.06572989]
2434,2.433999999999843,[-0.86106662 -1.39018301],[-0.58758347 -3.05330529],[ 0.10174174 12.14360586],[-0.04110007 -0.06586897]
2435,2.434999999999843,[-0.8616541  -1.39322418],[-0.58748172 -3.04116169],[ 0.10017854 12.06831013],[-0.04094969 -0.06600662]
2436,2.4359999999998427,[-0.86224149 -1.39625327],[-0.58738155 -3.02909338],[ 0.09863458 11.9934883 ],[-0.04079919 -0.06614284]
2437,2.4369999999998426,[-0.86282877 -1.39927037],[-0.58728291 -3.01709989],[ 0.0971097  11.91913943],[-0.04064858 -0.06627764]
2438,2.4379999999998425,[-0.86341595 -1.40227555],[-0.5871858  -3.00518075],[ 0.09560372 11.84526247],[-0.04049785 -0.06641103]
2439,2.4389999999998424,[-0.86400304 -1.40526888],[-0.5870902  -2.99333549],[ 0.09411647 11.77185631],[-0.04034702 -0.06654303]
2440,2.4399999999998423,[-0.86459004 -1.40825045],[-0.58699608 -2.98156363],[ 0.09264781 11.69891972],[-0.04019608 -0.06667363]
2441,2.440999999999842,[-0.86517694 -1.41122031],[-0.58690343 -2.96986471],[ 0.09119754 11.62645142],[-0.04004503 -0.06680285]
2442,2.441999999999842,[-0.86576376 -1.41417855],[-0.58681224 -2.95823826],[ 0.08976552 11.55445005],[-0.03989387 -0.06693069]
2443,2.442999999999842,[-0.86635048 -1.41712524],[-0.58672247 -2.94668381],[ 0.08835158 11.48291417],[-0.0397426  -0.06705717]
2444,2.443999999999842,[-0.86693711 -1.42006044],[-0.58663412 -2.9352009 ],[ 0.08695554 11.41184227],[-0.03959123 -0.0671823 ]
2445,2.4449999999998417,[-0.86752366 -1.42298423],[-0.58654716 -2.92378905],[ 0.08557726 11.3412328 ],[-0.03943975 -0.06730608]
2446,2.4459999999998416,[-0.86811012 -1.42589667],[-0.58646159 -2.91244782],[ 0.08421655 11.27108412],[-0.03928817 -0.06742852]
2447,2.4469999999998415,[-0.8686965  -1.42879785],[-0.58637737 -2.90117674],[ 0.08287327 11.20139453],[-0.03913648 -0.06754963]
2448,2.4479999999998414,[-0.86928279 -1.43168783],[-0.5862945  -2.88997534],[ 0.08154724 11.13216231],[-0.03898469 -0.06766942]
2449,2.4489999999998413,[-0.86986901 -1.43456667],[-0.58621295 -2.87884318],[ 0.0802383  11.06338565],[-0.03883279 -0.0677879 ]
2450,2.449999999999841,[-0.87045514 -1.43743445],[-0.58613271 -2.86777979],[ 0.0789463  10.99506271],[-0.0386808  -0.06790508]
2451,2.450999999999841,[-0.87104119 -1.44029123],[-0.58605376 -2.85678473],[ 0.07767107 10.92719159],[-0.0385287  -0.06802097]
2452,2.451999999999841,[-0.87162717 -1.44313709],[-0.58597609 -2.84585754],[ 0.07641245 10.85977037],[-0.0383765  -0.06813557]
2453,2.452999999999841,[-0.87221307 -1.44597209],[-0.58589968 -2.83499777],[ 0.07517028 10.79279706],[-0.03822421 -0.06824889]
2454,2.4539999999998408,[-0.87279889 -1.44879629],[-0.58582451 -2.82420497],[ 0.07394441 10.72626965],[-0.03807181 -0.06836096]
2455,2.4549999999998406,[-0.87338464 -1.45160977],[-0.58575057 -2.8134787 ],[ 0.07273467 10.66018609],[-0.03791931 -0.06847176]
2456,2.4559999999998405,[-0.87397032 -1.45441259],[-0.58567783 -2.80281852],[ 0.0715409  10.59454428],[-0.03776672 -0.06858132]
2457,2.4569999999998404,[-0.87455593 -1.45720481],[-0.58560629 -2.79222397],[ 0.07036296 10.5293421 ],[-0.03761403 -0.06868963]
2458,2.4579999999998403,[-0.87514146 -1.45998651],[-0.58553593 -2.78169463],[ 0.06920069 10.4645774 ],[-0.03746125 -0.06879672]
2459,2.45899999999984,[-0.87572693 -1.46275774],[-0.58546673 -2.77123005],[ 0.06805393 10.40024801],[-0.03730837 -0.06890259]
2460,2.45999999999984,[-0.87631233 -1.46551857],[-0.58539867 -2.7608298 ],[ 0.06692253 10.33635171],[-0.03715539 -0.06900724]
2461,2.46099999999984,[-0.87689766 -1.46826906],[-0.58533175 -2.75049345],[ 0.06580634 10.27288627],[-0.03700233 -0.06911069]
2462,2.46199999999984,[-0.87748293 -1.47100928],[-0.58526594 -2.74022057],[ 0.0647052  10.20984944],[-0.03684916 -0.06921295]
2463,2.4629999999998398,[-0.87806813 -1.47373929],[-0.58520124 -2.73001072],[ 0.06361896 10.14723893],[-0.03669591 -0.06931402]
2464,2.4639999999998397,[-0.87865327 -1.47645916],[-0.58513762 -2.71986348],[ 0.06254748 10.08505246],[-0.03654256 -0.06941391]
2465,2.4649999999998395,[-0.87923834 -1.47916894],[-0.58507507 -2.70977843],[ 0.06149061 10.0232877 ],[-0.03638912 -0.06951263]
2466,2.4659999999998394,[-0.87982335 -1.48186869],[-0.58501358 -2.69975514],[0.0604482  9.96194232],[-0.0362356 -0.0696102]
2467,2.4669999999998393,[-0.88040831 -1.48455848],[-0.58495313 -2.6897932 ],[0.0594201  9.90101397],[-0.03608198 -0.06970661]
2468,2.467999999999839,[-0.8809932  -1.48723838],[-0.58489371 -2.67989218],[0.05840617 9.84050029],[-0.03592827 -0.06980189]
2469,2.468999999999839,[-0.88157804 -1.48990843],[-0.58483531 -2.67005168],[0.05740626 9.78039891],[-0.03577447 -0.06989602]
2470,2.469999999999839,[-0.88216281 -1.4925687 ],[-0.5847779  -2.66027128],[0.05642023 9.72070743],[-0.03562059 -0.06998904]
2471,2.470999999999839,[-0.88274754 -1.49521925],[-0.58472148 -2.65055057],[0.05544794 9.66142346],[-0.03546662 -0.07008093]
2472,2.4719999999998388,[-0.8833322  -1.49786014],[-0.58466603 -2.64088915],[0.05448925 9.60254458],[-0.03531256 -0.07017172]
2473,2.4729999999998387,[-0.88391681 -1.50049143],[-0.58461154 -2.63128661],[0.05354402 9.54406839],[-0.03515841 -0.07026141]
2474,2.4739999999998386,[-0.88450137 -1.50311317],[-0.584558   -2.62174254],[0.0526121  9.48599246],[-0.03500418 -0.07035001]
2475,2.4749999999998384,[-0.88508588 -1.50572542],[-0.58450539 -2.61225655],[0.05169337 9.42831436],[-0.03484987 -0.07043752]
2476,2.4759999999998383,[-0.88567033 -1.50832825],[-0.58445369 -2.60282823],[0.05078768 9.37103166],[-0.03469547 -0.07052396]
2477,2.476999999999838,[-0.88625473 -1.51092171],[-0.58440291 -2.5934572 ],[0.0498949  9.31414191],[-0.03454098 -0.07060933]
2478,2.477999999999838,[-0.88683909 -1.51350585],[-0.58435301 -2.58414306],[0.0490149  9.25764267],[-0.03438642 -0.07069365]
2479,2.478999999999838,[-0.88742339 -1.51608074],[-0.584304   -2.57488542],[0.04814754 9.20153151],[-0.03423177 -0.07077692]
2480,2.479999999999838,[-0.88800765 -1.51864642],[-0.58425585 -2.56568388],[0.04729268 9.14580596],[-0.03407704 -0.07085914]
2481,2.480999999999838,[-0.88859185 -1.52120296],[-0.58420856 -2.55653808],[0.04645021 9.09046359],[-0.03392222 -0.07094033]
2482,2.4819999999998377,[-0.88917602 -1.52375041],[-0.58416211 -2.54744761],[0.04561999 9.03550195],[-0.03376733 -0.0710205 ]
2483,2.4829999999998376,[-0.88976013 -1.52628882],[-0.58411649 -2.53841211],[0.04480188 8.98091858],[-0.03361236 -0.07109965]
2484,2.4839999999998374,[-0.8903442  -1.52881825],[-0.58407168 -2.52943119],[0.04399577 8.92671104],[-0.0334573  -0.07117779]
2485,2.4849999999998373,[-0.89092823 -1.53133876],[-0.58402769 -2.52050448],[0.04320153 8.87287689],[-0.03330217 -0.07125492]
2486,2.4859999999998372,[-0.89151222 -1.53385039],[-0.58398449 -2.51163161],[0.04241903 8.81941368],[-0.03314696 -0.07133107]
2487,2.486999999999837,[-0.89209616 -1.5363532 ],[-0.58394207 -2.50281219],[0.04164815 8.76631897],[-0.03299167 -0.07140623]
2488,2.487999999999837,[-0.89268006 -1.53884725],[-0.58390042 -2.49404587],[0.04088876 8.71359034],[-0.0328363  -0.07148041]
2489,2.488999999999837,[-0.89326392 -1.54133258],[-0.58385953 -2.48533228],[0.04014075 8.66122534],[-0.03268086 -0.07155362]
2490,2.489999999999837,[-0.89384774 -1.54380925],[-0.58381939 -2.47667106],[0.03940398 8.60922155],[-0.03252534 -0.07162586]
2491,2.4909999999998367,[-0.89443152 -1.54627731],[-0.58377999 -2.46806184],[0.03867835 8.55757655],[-0.03236974 -0.07169716]
2492,2.4919999999998366,[-0.89501526 -1.54873681],[-0.58374131 -2.45950426],[0.03796374 8.50628791],[-0.03221407 -0.0717675 ]
2493,2.4929999999998365,[-0.89559896 -1.55118781],[-0.58370334 -2.45099797],[0.03726002 8.45535324],[-0.03205832 -0.07183691]
2494,2.4939999999998363,[-0.89618263 -1.55363036],[-0.58366608 -2.44254262],[0.03656708 8.40477013],[-0.0319025  -0.07190538]
2495,2.4949999999998362,[-0.89676626 -1.55606449],[-0.58362952 -2.43413785],[0.03588481 8.35453618],[-0.03174661 -0.07197293]
2496,2.495999999999836,[-0.89734985 -1.55849028],[-0.58359363 -2.42578331],[0.03521309 8.304649  ],[-0.03159064 -0.07203956]
2497,2.496999999999836,[-0.89793341 -1.56090776],[-0.58355842 -2.41747866],[0.03455181 8.25510621],[-0.0314346  -0.07210528]
2498,2.497999999999836,[-0.89851693 -1.56331698],[-0.58352387 -2.40922356],[0.03390085 8.20590544],[-0.03127848 -0.0721701 ]
2499,2.498999999999836,[-0.89910042 -1.565718  ],[-0.58348997 -2.40101765],[0.03326011 8.15704432],[-0.0311223  -0.07223402]
2500,2.4999999999998357,[-0.89968388 -1.56811086],[-0.58345671 -2.39286061],[0.03262948 8.10852049],[-0.03096604 -0.07229706]
2501,2.5009999999998356,[-0.90026731 -1.57049561],[-0.58342408 -2.38475209],[0.03200885 8.06033161],[-0.03080971 -0.07235921]
2502,2.5019999999998355,[-0.9008507 -1.5728723],[-0.58339207 -2.37669175],[0.0313981  8.01247533],[-0.03065331 -0.07242049]
2503,2.5029999999998354,[-0.90143406 -1.57524098],[-0.58336067 -2.36867928],[0.03079715 7.96494934],[-0.03049685 -0.0724809 ]
2504,2.5039999999998352,[-0.90201739 -1.57760169],[-0.58332987 -2.36071433],[0.03020587 7.91775131],[-0.03034031 -0.07254045]
2505,2.504999999999835,[-0.90260069 -1.57995449],[-0.58329967 -2.35279658],[0.02962416 7.87087892],[-0.0301837  -0.07259915]
2506,2.505999999999835,[-0.90318396 -1.58229942],[-0.58327004 -2.3449257 ],[0.02905192 7.82432989],[-0.03002702 -0.07265701]
2507,2.506999999999835,[-0.9037672  -1.58463652],[-0.58324099 -2.33710137],[0.02848906 7.77810193],[-0.02987028 -0.07271402]
2508,2.507999999999835,[-0.90435041 -1.58696584],[-0.5832125  -2.32932327],[0.02793546 7.73219275],[-0.02971347 -0.0727702 ]
2509,2.5089999999998347,[-0.9049336  -1.58928743],[-0.58318457 -2.32159108],[0.02739103 7.6866001 ],[-0.02955659 -0.07282555]
2510,2.5099999999998346,[-0.90551675 -1.59160134],[-0.58315717 -2.31390448],[0.02685567 7.64132171],[-0.02939964 -0.07288009]
2511,2.5109999999998345,[-0.90609988 -1.5939076 ],[-0.58313032 -2.30626315],[0.02632928 7.59635534],[-0.02924263 -0.07293381]
2512,2.5119999999998344,[-0.90668299 -1.59620627],[-0.58310399 -2.2986668 ],[0.02581176 7.55169876],[-0.02908555 -0.07298673]
2513,2.5129999999998343,[-0.90726607 -1.59849738],[-0.58307818 -2.2911151 ],[0.02530302 7.50734974],[-0.02892841 -0.07303884]
2514,2.513999999999834,[-0.90784912 -1.60078099],[-0.58305288 -2.28360775],[0.02480296 7.46330609],[-0.0287712  -0.07309017]
2515,2.514999999999834,[-0.90843215 -1.60305713],[-0.58302807 -2.27614444],[0.02431149 7.4195656 ],[-0.02861392 -0.07314071]
2516,2.515999999999834,[-0.90901515 -1.60532586],[-0.58300376 -2.26872488],[0.02382851 7.37612608],[-0.02845658 -0.07319046]
2517,2.516999999999834,[-0.90959813 -1.60758721],[-0.58297993 -2.26134875],[0.02335393 7.33298536],[-0.02829918 -0.07323945]
2518,2.5179999999998337,[-0.91018109 -1.60984122],[-0.58295658 -2.25401577],[0.02288767 7.29014128],[-0.02814172 -0.07328766]
2519,2.5189999999998336,[-0.91076402 -1.61208795],[-0.58293369 -2.24672563],[0.02242963 7.2475917 ],[-0.02798419 -0.07333512]
2520,2.5199999999998335,[-0.91134693 -1.61432743],[-0.58291126 -2.23947803],[0.02197972 7.20533447],[-0.0278266  -0.07338182]
2521,2.5209999999998334,[-0.91192982 -1.6165597 ],[-0.58288928 -2.2322727 ],[0.02153785 7.16336747],[-0.02766894 -0.07342777]
2522,2.5219999999998333,[-0.91251269 -1.61878481],[-0.58286774 -2.22510933],[0.02110394 7.12168859],[-0.02751123 -0.07347297]
2523,2.522999999999833,[-0.91309554 -1.6210028 ],[-0.58284664 -2.21798764],[0.02067789 7.08029573],[-0.02735345 -0.07351745]
2524,2.523999999999833,[-0.91367836 -1.6232137 ],[-0.58282596 -2.21090735],[0.02025963 7.0391868 ],[-0.02719561 -0.07356119]
2525,2.524999999999833,[-0.91426117 -1.62541757],[-0.5828057  -2.20386816],[0.01984907 6.99835973],[-0.02703771 -0.0736042 ]
2526,2.525999999999833,[-0.91484395 -1.62761444],[-0.58278585 -2.1968698 ],[0.01944612 6.95781246],[-0.02687975 -0.0736465 ]
2527,2.5269999999998327,[-0.91542672 -1.62980435],[-0.58276641 -2.18991199],[0.01905071 6.91754294],[-0.02672173 -0.07368808]
2528,2.5279999999998326,[-0.91600947 -1.63198735],[-0.58274736 -2.18299445],[0.01866274 6.87754914],[-0.02656365 -0.07372896]
2529,2.5289999999998325,[-0.9165922  -1.63416347],[-0.58272869 -2.1761169 ],[0.01828215 6.83782903],[-0.02640551 -0.07376913]
2530,2.5299999999998324,[-0.91717491 -1.63633274],[-0.58271041 -2.16927907],[0.01790884 6.79838061],[-0.02624732 -0.07380861]
2531,2.5309999999998323,[-0.9177576  -1.63849523],[-0.5826925  -2.16248069],[0.01754274 6.75920187],[-0.02608906 -0.0738474 ]
2532,2.531999999999832,[-0.91834027 -1.64065095],[-0.58267496 -2.15572148],[0.01718378 6.72029083],[-0.02593075 -0.0738855 ]
2533,2.532999999999832,[-0.91892293 -1.64279995],[-0.58265778 -2.14900119],[0.01683186 6.68164554],[-0.02577237 -0.07392293]
2534,2.533999999999832,[-0.91950557 -1.64494227],[-0.58264094 -2.14231955],[0.01648692 6.64326401],[-0.02561394 -0.07395968]
2535,2.534999999999832,[-0.9200882  -1.64707794],[-0.58262446 -2.13567628],[0.01614888 6.60514432],[-0.02545546 -0.07399577]
2536,2.5359999999998317,[-0.9206708  -1.64920701],[-0.58260831 -2.12907114],[0.01581767 6.56728453],[-0.02529692 -0.07403119]
2537,2.5369999999998316,[-0.9212534  -1.65132952],[-0.58259249 -2.12250386],[0.0154932  6.52968272],[-0.02513832 -0.07406595]
2538,2.5379999999998315,[-0.92183597 -1.65344549],[-0.582577   -2.11597417],[0.01517541 6.49233698],[-0.02497966 -0.07410007]
2539,2.5389999999998314,[-0.92241854 -1.65555497],[-0.58256182 -2.10948184],[0.01486423 6.45524543],[-0.02482095 -0.07413353]
2540,2.5399999999998313,[-0.92300108 -1.657658  ],[-0.58254696 -2.10302659],[0.01455958 6.41840618],[-0.02466218 -0.07416636]
2541,2.540999999999831,[-0.92358362 -1.65975461],[-0.5825324  -2.09660818],[0.01426138 6.38181737],[-0.02450336 -0.07419855]
2542,2.541999999999831,[-0.92416613 -1.66184484],[-0.58251814 -2.09022637],[0.01396958 6.34547714],[-0.02434448 -0.07423011]
2543,2.542999999999831,[-0.92474864 -1.66392872],[-0.58250417 -2.08388089],[0.0136841  6.30938365],[-0.02418555 -0.07426104]
2544,2.543999999999831,[-0.92533113 -1.66600629],[-0.58249048 -2.07757151],[0.01340487 6.27353508],[-0.02402657 -0.07429136]
2545,2.5449999999998307,[-0.9259136  -1.66807759],[-0.58247708 -2.07129797],[0.01313182 6.2379296 ],[-0.02386753 -0.07432106]
2546,2.5459999999998306,[-0.92649607 -1.67014265],[-0.58246395 -2.06506004],[0.01286489 6.20256542],[-0.02370844 -0.07435014]
2547,2.5469999999998305,[-0.92707852 -1.6722015 ],[-0.58245108 -2.05885748],[0.012604   6.16744075],[-0.02354929 -0.07437863]
2548,2.5479999999998304,[-0.92766096 -1.67425419],[-0.58243848 -2.05269004],[0.0123491  6.13255381],[-0.02339009 -0.07440651]
2549,2.5489999999998303,[-0.92824338 -1.67630075],[-0.58242613 -2.04655748],[0.01210012 6.09790284],[-0.02323084 -0.0744338 ]
2550,2.54999999999983,[-0.9288258  -1.67834121],[-0.58241403 -2.04045958],[0.01185699 6.06348607],[-0.02307154 -0.07446049]
2551,2.55099999999983,[-0.9294082  -1.68037561],[-0.58240217 -2.03439609],[0.01161965 6.02930179],[-0.02291218 -0.0744866 ]
2552,2.55199999999983,[-0.92999059 -1.68240397],[-0.58239055 -2.02836679],[0.01138804 5.99534825],[-0.02275278 -0.07451213]
2553,2.55299999999983,[-0.93057297 -1.68442635],[-0.58237916 -2.02237144],[0.01116209 5.96162375],[-0.02259332 -0.07453708]
2554,2.5539999999998297,[-0.93115534 -1.68644275],[-0.582368   -2.01640982],[0.01094174 5.92812659],[-0.02243381 -0.07456147]
2555,2.5549999999998296,[-0.9317377  -1.68845324],[-0.58235706 -2.01048169],[0.01072693 5.89485507],[-0.02227425 -0.07458528]
2556,2.5559999999998295,[-0.93232004 -1.69045782],[-0.58234633 -2.00458684],[0.01051761 5.86180752],[-0.02211464 -0.07460853]
2557,2.5569999999998294,[-0.93290238 -1.69245655],[-0.58233582 -1.99872503],[0.0103137  5.82898227],[-0.02195498 -0.07463122]
2558,2.5579999999998293,[-0.9334847  -1.69444944],[-0.5823255  -1.99289605],[0.01011516 5.79637768],[-0.02179527 -0.07465336]
2559,2.558999999999829,[-0.93406702 -1.69643654],[-0.58231539 -1.98709967],[0.00992192 5.7639921 ],[-0.02163551 -0.07467496]
2560,2.559999999999829,[-0.93464932 -1.69841788],[-0.58230546 -1.98133568],[0.00973393 5.73182391],[-0.0214757 -0.074696 ]
2561,2.560999999999829,[-0.93523162 -1.70039348],[-0.58229573 -1.97560385],[0.00955113 5.69987149],[-0.02131584 -0.07471651]
2562,2.561999999999829,[-0.93581391 -1.70236339],[-0.58228618 -1.96990398],[0.00937346 5.66813324],[-0.02115594 -0.07473648]
2563,2.5629999999998287,[-0.93639618 -1.70432762],[-0.58227681 -1.96423585],[0.00920086 5.63660757],[-0.02099598 -0.07475592]
2564,2.5639999999998286,[-0.93697845 -1.70628622],[-0.5822676  -1.95859924],[0.00903329 5.6052929 ],[-0.02083598 -0.07477484]
2565,2.5649999999998285,[-0.93756071 -1.70823922],[-0.58225857 -1.95299395],[0.00887068 5.57418766],[-0.02067593 -0.07479323]
2566,2.5659999999998284,[-0.93814296 -1.71018664],[-0.5822497  -1.94741976],[0.00871299 5.54329029],[-0.02051583 -0.0748111 ]
2567,2.5669999999998283,[-0.9387252  -1.71212851],[-0.58224099 -1.94187647],[0.00856015 5.51259926],[-0.02035568 -0.07482846]
2568,2.567999999999828,[-0.93930743 -1.71406488],[-0.58223243 -1.93636387],[0.00841213 5.48211303],[-0.02019549 -0.0748453 ]
2569,2.568999999999828,[-0.93988966 -1.71599576],[-0.58222402 -1.93088176],[0.00826885 5.45183008],[-0.02003525 -0.07486165]
2570,2.569999999999828,[-0.94047187 -1.71792119],[-0.58221575 -1.92542993],[0.00813028 5.4217489 ],[-0.01987496 -0.07487749]
2571,2.570999999999828,[-0.94105408 -1.7198412 ],[-0.58220762 -1.92000818],[0.00799636 5.39186799],[-0.01971463 -0.07489283]
2572,2.5719999999998278,[-0.94163628 -1.72175581],[-0.58219962 -1.91461631],[0.00786705 5.36218588],[-0.01955425 -0.07490768]
2573,2.5729999999998276,[-0.94221847 -1.72366507],[-0.58219175 -1.90925413],[0.00774228 5.33270108],[-0.01939382 -0.07492204]
2574,2.5739999999998275,[-0.94280065 -1.72556899],[-0.58218401 -1.90392142],[0.00762202 5.30341213],[-0.01923335 -0.07493591]
2575,2.5749999999998274,[-0.94338283 -1.72746761],[-0.58217639 -1.89861801],[0.00750621 5.27431758],[-0.01907284 -0.0749493 ]
2576,2.5759999999998273,[-0.943965   -1.72936095],[-0.58216888 -1.89334369],[0.0073948  5.24541599],[-0.01891228 -0.07496221]
2577,2.576999999999827,[-0.94454716 -1.73124905],[-0.58216149 -1.88809828],[0.00728775 5.21670593],[-0.01875167 -0.07497465]
2578,2.577999999999827,[-0.94512932 -1.73313193],[-0.5821542  -1.88288157],[0.00718501 5.18818598],[-0.01859102 -0.07498662]
2579,2.578999999999827,[-0.94571146 -1.73500962],[-0.58214702 -1.87769339],[0.00708653 5.15985473],[-0.01843032 -0.07499812]
2580,2.579999999999827,[-0.9462936  -1.73688216],[-0.58213993 -1.87253353],[0.00699228 5.13171079],[-0.01826959 -0.07500916]
2581,2.5809999999998268,[-0.94687574 -1.73874956],[-0.58213294 -1.86740182],[0.00690219 5.10375278],[-0.0181088  -0.07501974]
2582,2.5819999999998267,[-0.94745786 -1.74061186],[-0.58212603 -1.86229807],[0.00681623 5.07597931],[-0.01794798 -0.07502986]
2583,2.5829999999998265,[-0.94803998 -1.74246908],[-0.58211922 -1.85722209],[0.00673435 5.04838902],[-0.01778711 -0.07503953]
2584,2.5839999999998264,[-0.94862209 -1.74432125],[-0.58211248 -1.8521737 ],[0.00665651 5.02098056],[-0.01762619 -0.07504876]
2585,2.5849999999998263,[-0.9492042  -1.74616841],[-0.58210583 -1.84715272],[0.00658266 4.99375258],[-0.01746524 -0.07505754]
2586,2.585999999999826,[-0.9497863  -1.74801056],[-0.58209924 -1.84215897],[0.00651276 4.96670376],[-0.01730424 -0.07506587]
2587,2.586999999999826,[-0.95036839 -1.74984776],[-0.58209273 -1.83719226],[0.00644677 4.93983277],[-0.0171432  -0.07507378]
2588,2.587999999999826,[-0.95095048 -1.75168001],[-0.58208628 -1.83225243],[0.00638465 4.9131383 ],[-0.01698211 -0.07508124]
2589,2.588999999999826,[-0.95153256 -1.75350735],[-0.5820799  -1.82733929],[0.00632635 4.88661905],[-0.01682099 -0.07508828]
2590,2.5899999999998258,[-0.95211463 -1.7553298 ],[-0.58207357 -1.82245267],[0.00627183 4.86027372],[-0.01665982 -0.07509489]
2591,2.5909999999998257,[-0.9526967  -1.75714739],[-0.5820673 -1.8175924],[0.00622106 4.83410103],[-0.01649861 -0.07510107]
2592,2.5919999999998256,[-0.95327876 -1.75896015],[-0.58206108 -1.8127583 ],[0.00617399 4.80809972],[-0.01633736 -0.07510684]
2593,2.5929999999998254,[-0.95386081 -1.7607681 ],[-0.58205491 -1.8079502 ],[0.00613058 4.78226853],[-0.01617607 -0.07511218]
2594,2.5939999999998253,[-0.95444286 -1.76257127],[-0.58204878 -1.80316793],[0.00609079 4.75660619],[-0.01601474 -0.07511712]
2595,2.5949999999998252,[-0.95502491 -1.76436968],[-0.58204269 -1.79841132],[0.00605459 4.73111147],[-0.01585337 -0.07512164]
2596,2.595999999999825,[-0.95560694 -1.76616336],[-0.58203663 -1.79368021],[0.00602193 4.70578314],[-0.01569195 -0.07512576]
2597,2.596999999999825,[-0.95618897 -1.76795234],[-0.58203061 -1.78897443],[0.00599278 4.68061998],[-0.0155305  -0.07512947]
2598,2.597999999999825,[-0.956771   -1.76973663],[-0.58202462 -1.78429381],[0.0059671  4.65562077],[-0.015369   -0.07513278]
2599,2.598999999999825,[-0.95735302 -1.77151627],[-0.58201865 -1.77963819],[0.00594484 4.63078431],[-0.01520747 -0.0751357 ]
2600,2.5999999999998247,[-0.95793503 -1.77329128],[-0.5820127 -1.7750074],[0.00592599 4.60610941],[-0.0150459  -0.07513822]
2601,2.6009999999998246,[-0.95851704 -1.77506168],[-0.58200678 -1.77040129],[0.00591049 4.58159488],[-0.01488428 -0.07514035]
2602,2.6019999999998245,[-0.95909904 -1.7768275 ],[-0.58200087 -1.7658197 ],[0.00589832 4.55723955],[-0.01472263 -0.07514209]
2603,2.6029999999998243,[-0.95968103 -1.77858876],[-0.58199497 -1.76126246],[0.00588943 4.53304226],[-0.01456094 -0.07514345]
2604,2.6039999999998242,[-0.96026302 -1.78034549],[-0.58198908 -1.75672942],[0.0058838  4.50900184],[-0.01439921 -0.07514442]
2605,2.604999999999824,[-0.960845   -1.78209771],[-0.5819832  -1.75222042],[0.00588138 4.48511716],[-0.01423744 -0.07514502]
2606,2.605999999999824,[-0.96142698 -1.78384544],[-0.58197731 -1.7477353 ],[0.00588214 4.46138707],[-0.01407563 -0.07514523]
2607,2.606999999999824,[-0.96200895 -1.78558872],[-0.58197143 -1.74327391],[0.00588605 4.43781045],[-0.01391379 -0.07514508]
2608,2.607999999999824,[-0.96259092 -1.78732755],[-0.58196555 -1.7388361 ],[0.00589308 4.41438617],[-0.0137519  -0.07514456]
2609,2.6089999999998237,[-0.96317288 -1.78906198],[-0.58195965 -1.73442172],[0.00590319 4.39111313],[-0.01358998 -0.07514367]
2610,2.6099999999998236,[-0.96375483 -1.79079201],[-0.58195375 -1.7300306 ],[0.00591634 4.36799022],[-0.01342802 -0.07514241]
2611,2.6109999999998235,[-0.96433678 -1.79251767],[-0.58194783 -1.72566261],[0.00593251 4.34501635],[-0.01326602 -0.07514079]
2612,2.6119999999998234,[-0.96491872 -1.79423899],[-0.5819419 -1.7213176],[0.00595167 4.32219043],[-0.01310399 -0.07513882]
2613,2.6129999999998232,[-0.96550066 -1.79595598],[-0.58193595 -1.71699541],[0.00597378 4.2995114 ],[-0.01294192 -0.07513649]
2614,2.613999999999823,[-0.96608259 -1.79766868],[-0.58192998 -1.71269589],[0.0059988  4.27697817],[-0.01277981 -0.0751338 ]
2615,2.614999999999823,[-0.96666451 -1.7993771 ],[-0.58192398 -1.70841892],[0.00602672 4.2545897 ],[-0.01261766 -0.07513077]
2616,2.615999999999823,[-0.96724643 -1.80108126],[-0.58191795 -1.70416433],[0.00605749 4.23234493],[-0.01245548 -0.07512739]
2617,2.616999999999823,[-0.96782834 -1.80278119],[-0.58191189 -1.69993198],[0.0060911  4.21024282],[-0.01229326 -0.07512366]
2618,2.6179999999998227,[-0.96841025 -1.80447691],[-0.5819058  -1.69572174],[0.00612749 4.18828234],[-0.01213101 -0.07511959]
2619,2.6189999999998226,[-0.96899215 -1.80616845],[-0.58189967 -1.69153346],[0.00616666 4.16646246],[-0.01196872 -0.07511518]
2620,2.6199999999998225,[-0.96957404 -1.80785582],[-0.58189351 -1.68736699],[0.00620857 4.14478216],[-0.01180639 -0.07511044]
2621,2.6209999999998224,[-0.97015593 -1.80953904],[-0.5818873  -1.68322221],[0.00625318 4.12324044],[-0.01164403 -0.07510536]
2622,2.6219999999998223,[-0.97073781 -1.81121814],[-0.58188105 -1.67909897],[0.00630048 4.10183628],[-0.01148163 -0.07509995]
2623,2.622999999999822,[-0.97131968 -1.81289313],[-0.58187475 -1.67499713],[0.00635043 4.08056871],[-0.0113192  -0.07509421]
2624,2.623999999999822,[-0.97190155 -1.81456405],[-0.5818684  -1.67091657],[0.006403   4.05943673],[-0.01115673 -0.07508814]
2625,2.624999999999822,[-0.97248341 -1.81623091],[-0.58186199 -1.66685713],[0.00645816 4.03843937],[-0.01099423 -0.07508175]
2626,2.625999999999822,[-0.97306527 -1.81789373],[-0.58185553 -1.66281869],[0.0065159  4.01757565],[-0.01083169 -0.07507504]
2627,2.6269999999998217,[-0.97364712 -1.81955253],[-0.58184902 -1.65880111],[0.00657618 3.99684461],[-0.01066912 -0.07506801]
2628,2.6279999999998216,[-0.97422896 -1.82120733],[-0.58184244 -1.65480427],[0.00663897 3.97624531],[-0.01050651 -0.07506066]
2629,2.6289999999998215,[-0.9748108  -1.82285816],[-0.5818358  -1.65082802],[0.00670424 3.95577679],[-0.01034387 -0.075053  ]
2630,2.6299999999998214,[-0.97539263 -1.82450503],[-0.5818291  -1.64687225],[0.00677198 3.93543811],[-0.01018119 -0.07504503]
2631,2.6309999999998213,[-0.97597445 -1.82614797],[-0.58182233 -1.64293681],[0.00684216 3.91522834],[-0.01001848 -0.07503675]
2632,2.631999999999821,[-0.97655626 -1.82778699],[-0.58181548 -1.63902158],[0.00691474 3.89514656],[-0.00985574 -0.07502816]
2633,2.632999999999821,[-0.97713807 -1.82942212],[-0.58180857 -1.63512643],[0.00698971 3.87519185],[-0.00969296 -0.07501927]
2634,2.633999999999821,[-0.97771987 -1.83105337],[-0.58180158 -1.63125124],[0.00706704 3.85536329],[-0.00953015 -0.07501008]
2635,2.634999999999821,[-0.97830167 -1.83268076],[-0.58179451 -1.62739588],[0.0071467 3.83566  ],[-0.00936731 -0.07500058]
2636,2.6359999999998207,[-0.97888346 -1.83430432],[-0.58178737 -1.62356022],[0.00722867 3.81608106],[-0.00920443 -0.07499079]
2637,2.6369999999998206,[-0.97946524 -1.83592407],[-0.58178014 -1.61974414],[0.00731292 3.7966256 ],[-0.00904152 -0.07498071]
2638,2.6379999999998205,[-0.98004701 -1.83754002],[-0.58177282 -1.61594751],[0.00739944 3.77729273],[-0.00887858 -0.07497033]
2639,2.6389999999998204,[-0.98062877 -1.83915219],[-0.58176543 -1.61217022],[0.00748819 3.75808158],[-0.0087156  -0.07495966]
2640,2.6399999999998203,[-0.98121053 -1.8407606 ],[-0.58175794 -1.60841214],[0.00757915 3.73899128],[-0.0085526 -0.0749487]
2641,2.64099999999982,[-0.98179228 -1.84236527],[-0.58175036 -1.60467315],[0.00767231 3.72002097],[-0.00838956 -0.07493746]
2642,2.64199999999982,[-0.98237402 -1.84396622],[-0.58174269 -1.60095313],[0.00776763 3.7011698 ],[-0.00822648 -0.07492593]
2643,2.64299999999982,[-0.98295576 -1.84556348],[-0.58173492 -1.59725196],[0.00786509 3.68243691],[-0.00806338 -0.07491412]
2644,2.64399999999982,[-0.98353749 -1.84715705],[-0.58172705 -1.59356952],[0.00796468 3.66382148],[-0.00790024 -0.07490203]
2645,2.6449999999998197,[-0.98411921 -1.84874695],[-0.58171909 -1.5899057 ],[0.00806637 3.64532266],[-0.00773707 -0.07488966]
2646,2.6459999999998196,[-0.98470092 -1.85033321],[-0.58171102 -1.58626038],[0.00817013 3.62693963],[-0.00757387 -0.07487702]
2647,2.6469999999998195,[-0.98528262 -1.85191584],[-0.58170285 -1.58263344],[0.00827595 3.60867157],[-0.00741064 -0.0748641 ]
2648,2.6479999999998194,[-0.98586431 -1.85349487],[-0.58169458 -1.57902476],[0.0083838  3.59051766],[-0.00724738 -0.07485092]
2649,2.6489999999998193,[-0.986446  -1.8550703],[-0.58168619 -1.57543425],[0.00849367 3.5724771 ],[-0.00708409 -0.07483746]
2650,2.649999999999819,[-0.98702768 -1.85664217],[-0.5816777  -1.57186177],[0.00860552 3.55454909],[-0.00692076 -0.07482374]
2651,2.650999999999819,[-0.98760935 -1.85821047],[-0.58166909 -1.56830722],[0.00871935 3.53673283],[-0.0067574  -0.07480975]
2652,2.651999999999819,[-0.98819101 -1.85977524],[-0.58166037 -1.56477049],[0.00883513 3.51902753],[-0.00659402 -0.0747955 ]
2653,2.652999999999819,[-0.98877266 -1.86133649],[-0.58165154 -1.56125146],[0.00895283 3.50143242],[-0.0064306  -0.07478099]
2654,2.6539999999998187,[-0.9893543  -1.86289424],[-0.58164259 -1.55775003],[0.00907245 3.48394671],[-0.00626715 -0.07476621]
2655,2.6549999999998186,[-0.98993594 -1.86444851],[-0.58163351 -1.55426608],[0.00919395 3.46656964],[-0.00610368 -0.07475119]
2656,2.6559999999998185,[-0.99051756 -1.86599931],[-0.58162432 -1.55079951],[0.00931732 3.44930044],[-0.00594017 -0.0747359 ]
2657,2.6569999999998184,[-0.99109917 -1.86754666],[-0.581615   -1.54735021],[0.00944255 3.43213836],[-0.00577663 -0.07472036]
2658,2.6579999999998183,[-0.99168078 -1.86909058],[-0.58160556 -1.54391807],[0.0095696  3.41508263],[-0.00561306 -0.07470458]
2659,2.658999999999818,[-0.99226238 -1.87063108],[-0.58159599 -1.54050299],[0.00969847 3.39813253],[-0.00544947 -0.07468854]
2660,2.659999999999818,[-0.99284396 -1.87216819],[-0.58158629 -1.53710486],[0.00982913 3.38128731],[-0.00528584 -0.07467225]
2661,2.660999999999818,[-0.99342554 -1.87370191],[-0.58157646 -1.53372357],[0.00996156 3.36454622],[-0.00512218 -0.07465572]
2662,2.661999999999818,[-0.99400711 -1.87523227],[-0.5815665  -1.53035902],[0.01009575 3.34790856],[-0.0049585  -0.07463894]
2663,2.6629999999998177,[-0.99458866 -1.87675928],[-0.5815564  -1.52701111],[0.01023167 3.33137358],[-0.00479478 -0.07462193]
2664,2.6639999999998176,[-0.99517021 -1.87828296],[-0.58154617 -1.52367974],[0.01036931 3.31494059],[-0.00463104 -0.07460467]
2665,2.6649999999998175,[-0.99575174 -1.87980332],[-0.5815358 -1.5203648],[0.01050866 3.29860886],[-0.00446727 -0.07458717]
2666,2.6659999999998174,[-0.99633327 -1.88132039],[-0.5815253  -1.51706619],[0.01064969 3.28237768],[-0.00430347 -0.07456944]
2667,2.6669999999998173,[-0.99691478 -1.88283417],[-0.58151465 -1.51378381],[0.01079238 3.26624637],[-0.00413964 -0.07455147]
2668,2.667999999999817,[-0.99749629 -1.88434469],[-0.58150385 -1.51051757],[0.01093672 3.25021422],[-0.00397578 -0.07453327]
2669,2.668999999999817,[-0.99807778 -1.88585196],[-0.58149292 -1.50726735],[0.0110827  3.23428055],[-0.00381189 -0.07451483]
2670,2.669999999999817,[-0.99865926 -1.88735599],[-0.58148183 -1.50403307],[0.01123029 3.21844467],[-0.00364798 -0.07449617]
2671,2.670999999999817,[-0.99924073 -1.88885681],[-0.5814706  -1.50081463],[0.01137947 3.20270591],[-0.00348403 -0.07447728]
2672,2.6719999999998167,[-0.99982219 -1.89035442],[-0.58145922 -1.49761192],[0.01153024 3.18706359],[-0.00332006 -0.07445816]
2673,2.6729999999998166,[-1.00040364 -1.89184884],[-0.58144769 -1.49442486],[0.01168257 3.17151704],[-0.00315606 -0.07443882]
2674,2.6739999999998165,[-1.00098508 -1.8933401 ],[-0.58143601 -1.49125334],[0.01183645 3.1560656 ],[-0.00299204 -0.07441925]
2675,2.6749999999998164,[-1.0015665  -1.89482819],[-0.58142417 -1.48809728],[0.01199187 3.14070861],[-0.00282798 -0.07439947]
2676,2.6759999999998163,[-1.00214791 -1.89631315],[-0.58141218 -1.48495657],[0.0121488  3.12544543],[-0.0026639  -0.07437946]
2677,2.676999999999816,[-1.00272931 -1.89779498],[-0.58140003 -1.48183112],[0.01230723 3.11027541],[-0.00249979 -0.07435924]
2678,2.677999999999816,[-1.0033107 -1.8992737],[-0.58138773 -1.47872085],[0.01246715 3.09519789],[-0.00233566 -0.07433879]
2679,2.678999999999816,[-1.00389208 -1.90074933],[-0.58137526 -1.47562565],[0.01262853 3.08021225],[-0.00217149 -0.07431814]
2680,2.679999999999816,[-1.00447344 -1.90222187],[-0.58136263 -1.47254544],[0.01279138 3.06531786],[-0.0020073  -0.07429727]
2681,2.6809999999998158,[-1.00505479 -1.90369135],[-0.58134984 -1.46948012],[0.01295566 3.05051408],[-0.00184309 -0.07427619]
2682,2.6819999999998156,[-1.00563612 -1.90515778],[-0.58133688 -1.4664296 ],[0.01312136 3.0358003 ],[-0.00167885 -0.0742549 ]
2683,2.6829999999998155,[-1.00621745 -1.90662118],[-0.58132376 -1.4633938 ],[0.01328848 3.0211759 ],[-0.00151458 -0.0742334 ]
2684,2.6839999999998154,[-1.00679876 -1.90808155],[-0.58131047 -1.46037263],[0.01345699 3.00664026],[-0.00135028 -0.07421169]
2685,2.6849999999998153,[-1.00738006 -1.90953892],[-0.58129702 -1.45736599],[0.01362689 2.99219277],[-0.00118596 -0.07418977]
2686,2.685999999999815,[-1.00796134 -1.91099329],[-0.58128339 -1.4543738 ],[0.01379815 2.97783285],[-0.00102161 -0.07416766]
2687,2.686999999999815,[-1.00854261 -1.91244469],[-0.58126959 -1.45139596],[0.01397076 2.96355988],[-0.00085723 -0.07414534]
2688,2.687999999999815,[-1.00912386 -1.91389312],[-0.58125562 -1.4484324 ],[0.01414472 2.94937327],[-0.00069283 -0.07412282]
2689,2.688999999999815,[-1.00970511 -1.9153386 ],[-0.58124148 -1.44548303],[0.01431999 2.93527243],[-0.00052841 -0.07410009]
2690,2.6899999999998148,[-1.01028633 -1.91678115],[-0.58122716 -1.44254776],[0.01449659 2.92125679],[-0.00036396 -0.07407718]
2691,2.6909999999998147,[-1.01086755 -1.91822078],[-0.58121266 -1.4396265 ],[0.01467447 2.90732575],[-0.00019948 -0.07405406]
2692,2.6919999999998145,[-1.01144874 -1.9196575 ],[-0.58119799 -1.43671917],[0.01485365 2.89347875],[-3.49760308e-05 -7.40307474e-02]
2693,2.6929999999998144,[-1.01202993 -1.92109132],[-0.58118313 -1.4338257 ],[0.01503409 2.87971521],[ 0.00012955 -0.07400724]
2694,2.6939999999998143,[-1.01261109 -1.92252227],[-0.5811681  -1.43094598],[0.0152158  2.86603457],[ 0.00029411 -0.07398354]
2695,2.694999999999814,[-1.01319225 -1.92395035],[-0.58115288 -1.42807995],[0.01539874 2.85243626],[ 0.00045868 -0.07395965]
2696,2.695999999999814,[-1.01377339 -1.92537557],[-0.58113748 -1.42522751],[0.01558293 2.83891973],[ 0.00062329 -0.07393557]
2697,2.696999999999814,[-1.01435451 -1.92679796],[-0.5811219  -1.42238859],[0.01576833 2.82548442],[ 0.00078792 -0.07391131]
2698,2.697999999999814,[-1.01493561 -1.92821753],[-0.58110613 -1.41956311],[0.01595494 2.81212979],[ 0.00095257 -0.07388685]
2699,2.6989999999998138,[-1.0155167  -1.92963428],[-0.58109018 -1.41675098],[0.01614274 2.79885528],[ 0.00111725 -0.07386221]
2700,2.6999999999998137,[-1.01609778 -1.93104823],[-0.58107403 -1.41395212],[0.01633173 2.78566036],[ 0.00128195 -0.07383738]
2701,2.7009999999998136,[-1.01667884 -1.9324594 ],[-0.5810577  -1.41116646],[0.01652189 2.77254449],[ 0.00144667 -0.07381238]
2702,2.7019999999998134,[-1.01725988 -1.93386779],[-0.58104118 -1.40839392],[0.01671321 2.75950714],[ 0.00161142 -0.07378719]
2703,2.7029999999998133,[-1.0178409  -1.93527342],[-0.58102447 -1.40563441],[0.01690568 2.74654778],[ 0.0017762  -0.07376182]
2704,2.703999999999813,[-1.01842191 -1.93667631],[-0.58100756 -1.40288786],[0.01709928 2.73366589],[ 0.001941   -0.07373627]
2705,2.704999999999813,[-1.0190029  -1.93807647],[-0.58099046 -1.40015419],[0.017294   2.72086095],[ 0.00210582 -0.07371054]
2706,2.705999999999813,[-1.01958387 -1.9394739 ],[-0.58097317 -1.39743333],[0.01748984 2.70813243],[ 0.00227067 -0.07368463]
2707,2.706999999999813,[-1.02016483 -1.94086862],[-0.58095568 -1.3947252 ],[0.01768678 2.69547983],[ 0.00243554 -0.07365855]
2708,2.707999999999813,[-1.02074577 -1.94226065],[-0.58093799 -1.39202972],[0.01788481 2.68290263],[ 0.00260043 -0.0736323 ]
2709,2.7089999999998127,[-1.02132669 -1.94365   ],[-0.58092011 -1.38934682],[0.01808391 2.67040035],[ 0.00276535 -0.07360587]
2710,2.7099999999998126,[-1.02190759 -1.94503668],[-0.58090202 -1.38667642],[0.01828409 2.65797246],[ 0.00293029 -0.07357927]
2711,2.7109999999998124,[-1.02248847 -1.9464207 ],[-0.58088374 -1.38401845],[0.01848532 2.64561848],[ 0.00309525 -0.0735525 ]
2712,2.7119999999998123,[-1.02306934 -1.94780207],[-0.58086525 -1.38137283],[0.01868759 2.63333792],[ 0.00326024 -0.07352556]
2713,2.7129999999998122,[-1.02365018 -1.94918081],[-0.58084657 -1.37873949],[0.01889091 2.62113028],[ 0.00342525 -0.07349846]
2714,2.713999999999812,[-1.02423101 -1.95055693],[-0.58082768 -1.37611836],[0.01909524 2.60899508],[ 0.00359028 -0.07347118]
2715,2.714999999999812,[-1.02481182 -1.95193044],[-0.58080858 -1.37350936],[0.01930059 2.59693183],[ 0.00375534 -0.07344374]
2716,2.715999999999812,[-1.02539261 -1.95330135],[-0.58078928 -1.37091243],[0.01950695 2.58494006],[ 0.00392041 -0.07341614]
2717,2.716999999999812,[-1.02597338 -1.95466968],[-0.58076977 -1.36832749],[0.0197143 2.5730193],[ 0.00408552 -0.07338837]
2718,2.7179999999998117,[-1.02655413 -1.95603543],[-0.58075006 -1.36575447],[0.01992263 2.56116907],[ 0.00425064 -0.07336044]
2719,2.7189999999998116,[-1.02713486 -1.95739862],[-0.58073014 -1.3631933 ],[0.02013194 2.54938891],[ 0.00441578 -0.07333235]
2720,2.7199999999998115,[-1.02771557 -1.95875927],[-0.58071    -1.36064392],[0.02034221 2.53767834],[ 0.00458095 -0.0733041 ]
2721,2.7209999999998113,[-1.02829626 -1.96011737],[-0.58068966 -1.35810624],[0.02055343 2.52603692],[ 0.00474614 -0.07327569]
2722,2.7219999999998112,[-1.02887693 -1.96147295],[-0.58066911 -1.3555802 ],[0.0207656  2.51446419],[ 0.00491135 -0.07324713]
2723,2.722999999999811,[-1.02945758 -1.96282602],[-0.58064834 -1.35306574],[0.0209787  2.50295968],[ 0.00507659 -0.0732184 ]
2724,2.723999999999811,[-1.0300382  -1.96417658],[-0.58062736 -1.35056278],[0.02119273 2.49152296],[ 0.00524184 -0.07318952]
2725,2.724999999999811,[-1.03061881 -1.96552465],[-0.58060617 -1.34807125],[0.02140767 2.48015357],[ 0.00540712 -0.07316049]
2726,2.725999999999811,[-1.03119939 -1.96687024],[-0.58058476 -1.3455911 ],[0.02162352 2.46885108],[ 0.00557242 -0.0731313 ]
2727,2.7269999999998107,[-1.03177996 -1.96821337],[-0.58056314 -1.34312225],[0.02184027 2.45761503],[ 0.00573774 -0.07310196]
2728,2.7279999999998106,[-1.0323605  -1.96955403],[-0.5805413  -1.34066463],[0.0220579 2.446445 ],[ 0.00590308 -0.07307247]
2729,2.7289999999998105,[-1.03294102 -1.97089225],[-0.58051924 -1.33821819],[0.02227642 2.43534056],[ 0.00606845 -0.07304283]
2730,2.7299999999998104,[-1.03352151 -1.97222803],[-0.58049697 -1.33578285],[0.0224958  2.42430127],[ 0.00623383 -0.07301304]
2731,2.7309999999998102,[-1.03410199 -1.97356139],[-0.58047447 -1.33335855],[0.02271605 2.4133267 ],[ 0.00639924 -0.0729831 ]
2732,2.73199999999981,[-1.03468244 -1.97489234],[-0.58045175 -1.33094522],[0.02293715 2.40241643],[ 0.00656466 -0.07295301]
2733,2.73299999999981,[-1.03526287 -1.97622088],[-0.58042882 -1.3285428 ],[0.02315909 2.39157005],[ 0.00673011 -0.07292278]
2734,2.73399999999981,[-1.03584328 -1.97754703],[-0.58040566 -1.32615123],[0.02338187 2.38078714],[ 0.00689558 -0.07289241]
2735,2.73499999999981,[-1.03642366 -1.9788708 ],[-0.58038228 -1.32377045],[0.02360548 2.37006727],[ 0.00706107 -0.07286189]
2736,2.7359999999998097,[-1.03700402 -1.9801922 ],[-0.58035867 -1.32140038],[0.0238299  2.35941004],[ 0.00722658 -0.07283122]
2737,2.7369999999998096,[-1.03758435 -1.98151124],[-0.58033484 -1.31904097],[0.02405514 2.34881505],[ 0.00739211 -0.07280042]
2738,2.7379999999998095,[-1.03816466 -1.98282793],[-0.58031078 -1.31669215],[0.02428118 2.33828189],[ 0.00755766 -0.07276947]
2739,2.7389999999998094,[-1.03874495 -1.98414229],[-0.5802865  -1.31435387],[0.02450801 2.32781015],[ 0.00772323 -0.07273838]
2740,2.7399999999998093,[-1.03932521 -1.98545431],[-0.580262   -1.31202606],[0.02473563 2.31739943],[ 0.00788882 -0.07270715]
2741,2.740999999999809,[-1.03990545 -1.98676402],[-0.58023726 -1.30970866],[0.02496402 2.30704935],[ 0.00805443 -0.07267579]
2742,2.741999999999809,[-1.04048566 -1.98807142],[-0.5802123  -1.30740161],[0.02519319 2.29675951],[ 0.00822006 -0.07264429]
2743,2.742999999999809,[-1.04106585 -1.98937653],[-0.5801871  -1.30510485],[0.02542312 2.28652952],[ 0.00838572 -0.07261265]
2744,2.743999999999809,[-1.04164601 -1.99067935],[-0.58016168 -1.30281832],[0.0256538  2.27635899],[ 0.00855139 -0.07258087]
2745,2.7449999999998087,[-1.04222614 -1.99197989],[-0.58013603 -1.30054197],[0.02588524 2.26624753],[ 0.00871708 -0.07254897]
2746,2.7459999999998086,[-1.04280626 -1.99327817],[-0.58011014 -1.29827572],[0.02611741 2.25619478],[ 0.00888279 -0.07251692]
2747,2.7469999999998085,[-1.04338634 -1.99457419],[-0.58008402 -1.29601952],[0.02635031 2.24620034],[ 0.00904852 -0.07248475]
2748,2.7479999999998084,[-1.0439664  -1.99586796],[-0.58005767 -1.29377332],[0.02658394 2.23626384],[ 0.00921427 -0.07245244]
2749,2.7489999999998083,[-1.04454643 -1.9971595 ],[-0.58003109 -1.29153706],[0.02681829 2.22638491],[ 0.00938003 -0.07242   ]
2750,2.749999999999808,[-1.04512643 -1.99844881],[-0.58000427 -1.28931067],[0.02705334 2.21656319],[ 0.00954582 -0.07238744]
2751,2.750999999999808,[-1.04570641 -1.9997359 ],[-0.57997722 -1.28709411],[0.0272891  2.20679829],[ 0.00971163 -0.07235474]
2752,2.751999999999808,[-1.04628636 -2.00102079],[-0.57994993 -1.28488731],[0.02752556 2.19708987],[ 0.00987745 -0.07232191]
2753,2.752999999999808,[-1.04686628 -2.00230348],[-0.5799224  -1.28269022],[0.0277627  2.18743754],[ 0.0100433  -0.07228896]
2754,2.7539999999998077,[-1.04744618 -2.00358398],[-0.57989464 -1.28050278],[0.02800053 2.17784097],[ 0.01020916 -0.07225588]
2755,2.7549999999998076,[-1.04802604 -2.00486231],[-0.57986664 -1.27832494],[0.02823903 2.16829979],[ 0.01037504 -0.07222268]
2756,2.7559999999998075,[-1.04860588 -2.00613846],[-0.5798384  -1.27615664],[0.0284782  2.15881364],[ 0.01054094 -0.07218935]
2757,2.7569999999998074,[-1.04918569 -2.00741246],[-0.57980992 -1.27399783],[0.02871803 2.14938217],[ 0.01070686 -0.07215589]
2758,2.7579999999998073,[-1.04976547 -2.00868431],[-0.5797812  -1.27184845],[0.02895852 2.14000505],[ 0.0108728  -0.07212232]
2759,2.758999999999807,[-1.05034522 -2.00995402],[-0.57975225 -1.26970844],[0.02919966 2.13068191],[ 0.01103876 -0.07208862]
2760,2.759999999999807,[-1.05092495 -2.01122159],[-0.57972305 -1.26757776],[0.02944144 2.12141242],[ 0.01120473 -0.0720548 ]
2761,2.760999999999807,[-1.05150464 -2.01248705],[-0.5796936  -1.26545635],[0.02968385 2.11219623],[ 0.01137072 -0.07202086]
2762,2.761999999999807,[-1.05208431 -2.0137504 ],[-0.57966392 -1.26334415],[0.02992689 2.10303301],[ 0.01153674 -0.07198679]
2763,2.7629999999998067,[-1.05266394 -2.01501164],[-0.57963399 -1.26124112],[0.03017056 2.09392242],[ 0.01170276 -0.07195261]
2764,2.7639999999998066,[-1.05324354 -2.01627078],[-0.57960382 -1.2591472 ],[0.03041484 2.08486413],[ 0.01186881 -0.07191831]
2765,2.7649999999998065,[-1.05382312 -2.01752785],[-0.57957341 -1.25706233],[0.03065973 2.0758578 ],[ 0.01203487 -0.0718839 ]
2766,2.7659999999998064,[-1.05440266 -2.01878283],[-0.57954275 -1.25498648],[0.03090523 2.06690311],[ 0.01220096 -0.07184937]
2767,2.7669999999998063,[-1.05498217 -2.02003575],[-0.57951184 -1.25291957],[0.03115133 2.05799973],[ 0.01236706 -0.07181472]
2768,2.767999999999806,[-1.05556165 -2.02128661],[-0.57948069 -1.25086157],[0.03139801 2.04914734],[ 0.01253317 -0.07177995]
2769,2.768999999999806,[-1.0561411  -2.02253543],[-0.57944929 -1.24881243],[0.03164529 2.04034561],[ 0.01269931 -0.07174507]
2770,2.769999999999806,[-1.05672052 -2.0237822 ],[-0.57941765 -1.24677208],[0.03189314 2.03159423],[ 0.01286546 -0.07171008]
2771,2.770999999999806,[-1.0572999  -2.02502694],[-0.57938576 -1.24474049],[0.03214157 2.02289287],[ 0.01303163 -0.07167497]
2772,2.7719999999998057,[-1.05787926 -2.02626966],[-0.57935361 -1.24271759],[0.03239056 2.01424123],[ 0.01319781 -0.07163976]
2773,2.7729999999998056,[-1.05845858 -2.02751036],[-0.57932122 -1.24070335],[0.03264012 2.00563898],[ 0.01336402 -0.07160443]
2774,2.7739999999998055,[-1.05903787 -2.02874906],[-0.57928858 -1.23869771],[0.03289024 1.99708583],[ 0.01353024 -0.07156899]
2775,2.7749999999998054,[-1.05961712 -2.02998576],[-0.57925569 -1.23670063],[0.03314091 1.98858146],[ 0.01369647 -0.07153344]
2776,2.7759999999998053,[-1.06019635 -2.03122047],[-0.57922255 -1.23471204],[0.03339212 1.98012557],[ 0.01386273 -0.07149778]
2777,2.776999999999805,[-1.06077554 -2.0324532 ],[-0.57918916 -1.23273192],[0.03364388 1.97171785],[ 0.014029   -0.07146201]
2778,2.777999999999805,[-1.06135469 -2.03368396],[-0.57915552 -1.2307602 ],[0.03389617 1.96335801],[ 0.01419528 -0.07142613]
2779,2.778999999999805,[-1.06193381 -2.03491276],[-0.57912162 -1.22879684],[0.03414899 1.95504574],[ 0.01436159 -0.07139015]
2780,2.779999999999805,[-1.0625129 -2.0361396],[-0.57908747 -1.2268418 ],[0.03440234 1.94678074],[ 0.01452791 -0.07135406]
2781,2.7809999999998047,[-1.06309195 -2.0373645 ],[-0.57905307 -1.22489502],[0.0346562  1.93856273],[ 0.01469424 -0.07131786]
2782,2.7819999999998046,[-1.06367097 -2.03858745],[-0.57901841 -1.22295645],[0.03491058 1.9303914 ],[ 0.0148606  -0.07128156]
2783,2.7829999999998045,[-1.06424995 -2.03980848],[-0.5789835  -1.22102606],[0.03516547 1.92226648],[ 0.01502696 -0.07124516]
2784,2.7839999999998044,[-1.0648289  -2.04102758],[-0.57894834 -1.2191038 ],[0.03542086 1.91418766],[ 0.01519335 -0.07120865]
2785,2.7849999999998043,[-1.06540782 -2.04224477],[-0.57891292 -1.21718961],[0.03567675 1.90615467],[ 0.01535975 -0.07117204]
2786,2.785999999999804,[-1.06598669 -2.04346006],[-0.57887724 -1.21528345],[0.03593313 1.89816721],[ 0.01552617 -0.07113532]
2787,2.786999999999804,[-1.06656553 -2.04467344],[-0.57884131 -1.21338529],[0.03619    1.89022501],[ 0.0156926  -0.07109851]
2788,2.787999999999804,[-1.06714434 -2.04588494],[-0.57880512 -1.21149506],[0.03644736 1.88232779],[ 0.01585905 -0.07106159]
2789,2.788999999999804,[-1.06772311 -2.04709455],[-0.57876867 -1.20961273],[0.0367052  1.87447527],[ 0.01602551 -0.07102457]
2790,2.7899999999998037,[-1.06830184 -2.04830229],[-0.57873196 -1.20773826],[0.03696351 1.86666717],[ 0.01619199 -0.07098746]
2791,2.7909999999998036,[-1.06888054 -2.04950816],[-0.578695   -1.20587159],[0.03722228 1.85890321],[ 0.01635848 -0.07095024]
2792,2.7919999999998035,[-1.06945919 -2.05071217],[-0.57865778 -1.20401269],[0.03748153 1.85118313],[ 0.01652499 -0.07091293]
2793,2.7929999999998034,[-1.07003781 -2.05191433],[-0.5786203  -1.20216151],[0.03774123 1.84350666],[ 0.01669152 -0.07087551]
2794,2.7939999999998033,[-1.0706164  -2.05311465],[-0.57858255 -1.200318  ],[0.03800139 1.83587352],[ 0.01685806 -0.070838  ]
2795,2.794999999999803,[-1.07119494 -2.05431313],[-0.57854455 -1.19848213],[0.038262   1.82828345],[ 0.01702461 -0.0708004 ]
2796,2.795999999999803,[-1.07177345 -2.05550979],[-0.57850629 -1.19665384],[0.03852306 1.82073619],[ 0.01719118 -0.07076269]
2797,2.796999999999803,[-1.07235191 -2.05670462],[-0.57846777 -1.19483311],[0.03878456 1.81323147],[ 0.01735777 -0.0707249 ]
2798,2.797999999999803,[-1.07293034 -2.05789764],[-0.57842898 -1.19301987],[0.03904649 1.80576903],[ 0.01752437 -0.070687  ]
2799,2.7989999999998028,[-1.07350873 -2.05908885],[-0.57838994 -1.1912141 ],[0.03930886 1.79834861],[ 0.01769098 -0.07064902]
2800,2.7999999999998026,[-1.07408708 -2.06027827],[-0.57835063 -1.18941576],[0.03957166 1.79096996],[ 0.01785761 -0.07061094]
2801,2.8009999999998025,[-1.0746654  -2.06146589],[-0.57831106 -1.18762479],[0.03983488 1.78363281],[ 0.01802426 -0.07057276]
2802,2.8019999999998024,[-1.07524367 -2.06265173],[-0.57827122 -1.18584115],[0.04009852 1.77633693],[ 0.01819091 -0.0705345 ]
2803,2.8029999999998023,[-1.0758219 -2.0638358],[-0.57823112 -1.18406482],[0.04036258 1.76908204],[ 0.01835759 -0.07049614]
2804,2.803999999999802,[-1.07640009 -2.0650181 ],[-0.57819076 -1.18229573],[0.04062705 1.76186791],[ 0.01852427 -0.07045769]
2805,2.804999999999802,[-1.07697824 -2.06619863],[-0.57815013 -1.18053387],[0.04089192 1.75469428],[ 0.01869097 -0.07041915]
2806,2.805999999999802,[-1.07755635 -2.06737741],[-0.57810924 -1.17877917],[0.0411572  1.74756092],[ 0.01885769 -0.07038052]
2807,2.806999999999802,[-1.07813442 -2.06855444],[-0.57806808 -1.17703161],[0.04142288 1.74046756],[ 0.01902442 -0.07034181]
2808,2.8079999999998018,[-1.07871244 -2.06972973],[-0.57802666 -1.17529114],[0.04168896 1.73341398],[ 0.01919116 -0.070303  ]
2809,2.8089999999998017,[-1.07929043 -2.07090329],[-0.57798497 -1.17355773],[0.04195542 1.72639993],[ 0.01935792 -0.0702641 ]
2810,2.8099999999998015,[-1.07986837 -2.07207512],[-0.57794302 -1.17183133],[0.04222228 1.71942517],[ 0.01952469 -0.07022512]
2811,2.8109999999998014,[-1.08044627 -2.07324523],[-0.57790079 -1.1701119 ],[0.04248951 1.71248946],[ 0.01969148 -0.07018605]
2812,2.8119999999998013,[-1.08102413 -2.07441363],[-0.57785831 -1.16839942],[0.04275713 1.70559256],[ 0.01985827 -0.07014689]
2813,2.812999999999801,[-1.08160195 -2.07558033],[-0.57781555 -1.16669382],[0.04302512 1.69873425],[ 0.02002509 -0.07010765]
2814,2.813999999999801,[-1.08217972 -2.07674532],[-0.57777252 -1.16499509],[0.04329348 1.69191428],[ 0.02019191 -0.07006832]
2815,2.814999999999801,[-1.08275745 -2.07790862],[-0.57772923 -1.16330317],[0.04356222 1.68513243],[ 0.02035875 -0.0700289 ]
2816,2.815999999999801,[-1.08333513 -2.07907024],[-0.57768567 -1.16161804],[0.04383131 1.67838846],[ 0.0205256 -0.0699894]
2817,2.8169999999998008,[-1.08391277 -2.08023018],[-0.57764184 -1.15993965],[0.04410077 1.67168216],[ 0.02069247 -0.06994982]
2818,2.8179999999998007,[-1.08449037 -2.08138845],[-0.57759774 -1.15826797],[0.04437059 1.66501328],[ 0.02085935 -0.06991016]
2819,2.8189999999998006,[-1.08506793 -2.08254505],[-0.57755336 -1.15660296],[0.04464075 1.65838161],[ 0.02102624 -0.06987041]
2820,2.8199999999998004,[-1.08564543 -2.0837    ],[-0.57750872 -1.15494458],[0.04491127 1.65178693],[ 0.02119314 -0.06983057]
2821,2.8209999999998003,[-1.0862229  -2.08485329],[-0.57746381 -1.15329279],[0.04518214 1.64522901],[ 0.02136006 -0.06979066]
2822,2.8219999999998002,[-1.08680032 -2.08600494],[-0.57741863 -1.15164756],[0.04545334 1.63870762],[ 0.02152699 -0.06975067]
2823,2.8229999999998,[-1.08737769 -2.08715495],[-0.57737318 -1.15000885],[0.04572489 1.63222256],[ 0.02169393 -0.06971059]
2824,2.8239999999998,[-1.08795502 -2.08830332],[-0.57732745 -1.14837663],[0.04599677 1.6257736 ],[ 0.02186089 -0.06967043]
2825,2.8249999999998,[-1.0885323  -2.08945007],[-0.57728146 -1.14675086],[0.04626899 1.61936054],[ 0.02202786 -0.0696302 ]
2826,2.8259999999998,[-1.08910953 -2.09059521],[-0.57723519 -1.1451315 ],[0.04654154 1.61298314],[ 0.02219484 -0.06958988]
2827,2.8269999999997997,[-1.08968672 -2.09173872],[-0.57718865 -1.14351851],[0.04681441 1.60664121],[ 0.02236183 -0.06954949]
2828,2.8279999999997996,[-1.09026386 -2.09288064],[-0.57714183 -1.14191187],[0.0470876  1.60033453],[ 0.02252884 -0.06950901]
2829,2.8289999999997995,[-1.09084096 -2.09402095],[-0.57709474 -1.14031154],[0.04736111 1.59406289],[ 0.02269585 -0.06946846]
2830,2.8299999999997993,[-1.09141801 -2.09515966],[-0.57704738 -1.13871747],[0.04763494 1.58782607],[ 0.02286288 -0.06942783]
2831,2.8309999999997992,[-1.09199501 -2.09629679],[-0.57699975 -1.13712965],[0.04790908 1.58162389],[ 0.02302992 -0.06938713]
2832,2.831999999999799,[-1.09257196 -2.09743234],[-0.57695184 -1.13554802],[0.04818354 1.57545612],[ 0.02319698 -0.06934635]
2833,2.832999999999799,[-1.09314886 -2.09856631],[-0.57690365 -1.13397257],[0.04845829 1.56932257],[ 0.02336404 -0.06930549]
2834,2.833999999999799,[-1.09372572 -2.09969872],[-0.5768552  -1.13240325],[0.04873336 1.56322303],[ 0.02353112 -0.06926456]
2835,2.834999999999799,[-1.09430252 -2.10082956],[-0.57680646 -1.13084002],[0.04900872 1.5571573 ],[ 0.02369821 -0.06922355]
2836,2.8359999999997987,[-1.09487928 -2.10195884],[-0.57675745 -1.12928287],[0.04928438 1.55112518],[ 0.02386531 -0.06918246]
2837,2.8369999999997986,[-1.09545599 -2.10308657],[-0.57670817 -1.12773174],[0.04956033 1.54512647],[ 0.02403242 -0.06914131]
2838,2.8379999999997985,[-1.09603265 -2.10421276],[-0.57665861 -1.12618661],[0.04983658 1.53916098],[ 0.02419954 -0.06910008]
2839,2.8389999999997984,[-1.09660926 -2.10533741],[-0.57660877 -1.12464745],[0.05011311 1.5332285 ],[ 0.02436668 -0.06905877]
2840,2.8399999999997982,[-1.09718582 -2.10646052],[-0.57655866 -1.12311422],[0.05038993 1.52732885],[ 0.02453383 -0.06901739]
2841,2.840999999999798,[-1.09776232 -2.10758211],[-0.57650827 -1.1215869 ],[0.05066703 1.52146183],[ 0.02470098 -0.06897594]
2842,2.841999999999798,[-1.09833878 -2.10870217],[-0.5764576  -1.12006543],[0.05094441 1.51562725],[ 0.02486815 -0.06893442]
2843,2.842999999999798,[-1.09891519 -2.10982072],[-0.57640666 -1.11854981],[0.05122207 1.50982491],[ 0.02503533 -0.06889283]
2844,2.843999999999798,[-1.09949154 -2.11093776],[-0.57635544 -1.11703998],[0.0515     1.50405463],[ 0.02520252 -0.06885117]
2845,2.8449999999997977,[-1.10006785 -2.1120533 ],[-0.57630394 -1.11553593],[0.0517782  1.49831623],[ 0.02536972 -0.06880943]
2846,2.8459999999997976,[-1.1006441  -2.11316734],[-0.57625216 -1.11403761],[0.05205667 1.49260951],[ 0.02553694 -0.06876763]
2847,2.8469999999997975,[-1.1012203  -2.11427988],[-0.5762001 -1.112545 ],[0.05233541 1.48693428],[ 0.02570416 -0.06872575]
2848,2.8479999999997974,[-1.10179645 -2.11539094],[-0.57614777 -1.11105807],[0.0526144  1.48129037],[ 0.02587139 -0.06868381]
2849,2.8489999999997973,[-1.10237254 -2.11650052],[-0.57609515 -1.10957678],[0.05289366 1.47567759],[ 0.02603864 -0.06864179]
2850,2.849999999999797,[-1.10294858 -2.11760862],[-0.57604226 -1.1081011 ],[0.05317318 1.47009575],[ 0.02620589 -0.06859971]
2851,2.850999999999797,[-1.10352457 -2.11871525],[-0.57598908 -1.106631  ],[0.05345295 1.46454469],[ 0.02637316 -0.06855756]
2852,2.851999999999797,[-1.10410051 -2.11982041],[-0.57593563 -1.10516646],[0.05373297 1.45902421],[ 0.02654044 -0.06851535]
2853,2.852999999999797,[-1.10467639 -2.12092412],[-0.5758819  -1.10370743],[0.05401325 1.45353415],[ 0.02670772 -0.06847306]
2854,2.8539999999997967,[-1.10525222 -2.12202638],[-0.57582789 -1.1022539 ],[0.05429377 1.44807432],[ 0.02687502 -0.06843071]
2855,2.8549999999997966,[-1.10582799 -2.12312718],[-0.57577359 -1.10080583],[0.05457453 1.44264454],[ 0.02704233 -0.06838829]
2856,2.8559999999997965,[-1.10640371 -2.12422655],[-0.57571902 -1.09936318],[0.05485554 1.43724465],[ 0.02720964 -0.06834581]
2857,2.8569999999997964,[-1.10697938 -2.12532447],[-0.57566416 -1.09792594],[0.05513678 1.43187447],[ 0.02737697 -0.06830326]
2858,2.8579999999997963,[-1.10755498 -2.12642097],[-0.57560902 -1.09649406],[0.05541826 1.42653383],[ 0.0275443  -0.06826064]
2859,2.858999999999796,[-1.10813054 -2.12751603],[-0.57555361 -1.09506753],[0.05569998 1.42122255],[ 0.02771165 -0.06821796]
2860,2.859999999999796,[-1.10870604 -2.12860968],[-0.57549791 -1.09364631],[0.05598193 1.41594047],[ 0.02787901 -0.06817522]
2861,2.860999999999796,[-1.10928148 -2.12970191],[-0.57544192 -1.09223037],[0.05626411 1.41068742],[ 0.02804637 -0.06813241]
2862,2.861999999999796,[-1.10985686 -2.13079273],[-0.57538566 -1.09081968],[0.05654652 1.40546322],[ 0.02821375 -0.06808954]
2863,2.8629999999997957,[-1.11043219 -2.13188214],[-0.57532911 -1.08941421],[0.05682915 1.40026772],[ 0.02838113 -0.06804661]
2864,2.8639999999997956,[-1.11100747 -2.13297016],[-0.57527229 -1.08801395],[0.057112   1.39510075],[ 0.02854853 -0.06800361]
2865,2.8649999999997955,[-1.11158268 -2.13405678],[-0.57521517 -1.08661885],[0.05739507 1.38996214],[ 0.02871593 -0.06796055]
2866,2.8659999999997954,[-1.11215784 -2.13514201],[-0.57515778 -1.08522888],[0.05767836 1.38485173],[ 0.02888334 -0.06791742]
2867,2.8669999999997953,[-1.11273294 -2.13622585],[-0.5751001  -1.08384403],[0.05796187 1.37976936],[ 0.02905076 -0.06787424]
2868,2.867999999999795,[-1.11330798 -2.13730831],[-0.57504214 -1.08246426],[0.05824559 1.37471487],[ 0.0292182  -0.06783099]
2869,2.868999999999795,[-1.11388296 -2.1383894 ],[-0.57498389 -1.08108955],[0.05852952 1.36968809],[ 0.02938564 -0.06778768]
2870,2.869999999999795,[-1.11445789 -2.13946912],[-0.57492536 -1.07971986],[0.05881366 1.36468887],[ 0.02955308 -0.06774432]
2871,2.870999999999795,[-1.11503276 -2.14054748],[-0.57486655 -1.07835517],[0.05909801 1.35971705],[ 0.02972054 -0.06770089]
2872,2.8719999999997947,[-1.11560756 -2.14162447],[-0.57480745 -1.07699545],[0.05938256 1.35477248],[ 0.02988801 -0.0676574 ]
2873,2.8729999999997946,[-1.11618231 -2.14270011],[-0.57474807 -1.07564068],[0.05966732 1.34985499],[ 0.03005548 -0.06761385]
2874,2.8739999999997945,[-1.116757  -2.1437744],[-0.5746884  -1.07429083],[0.05995227 1.34496443],[ 0.03022297 -0.06757024]
2875,2.8749999999997944,[-1.11733163 -2.14484735],[-0.57462845 -1.07294586],[0.06023742 1.34010066],[ 0.03039046 -0.06752658]
2876,2.8759999999997943,[-1.1179062  -2.14591896],[-0.57456821 -1.07160576],[0.06052277 1.3352635 ],[ 0.03055796 -0.06748285]
2877,2.876999999999794,[-1.1184807  -2.14698923],[-0.57450769 -1.0702705 ],[0.06080832 1.33045283],[ 0.03072547 -0.06743907]
2878,2.877999999999794,[-1.11905515 -2.14805817],[-0.57444688 -1.06894005],[0.06109405 1.32566847],[ 0.03089299 -0.06739523]
2879,2.878999999999794,[-1.11962954 -2.14912578],[-0.57438579 -1.06761438],[0.06137998 1.32091029],[ 0.03106052 -0.06735133]
2880,2.879999999999794,[-1.12020386 -2.15019207],[-0.57432441 -1.06629347],[0.06166609 1.31617814],[ 0.03122805 -0.06730738]
2881,2.8809999999997937,[-1.12077812 -2.15125705],[-0.57426274 -1.06497729],[0.06195239 1.31147186],[ 0.03139559 -0.06726336]
2882,2.8819999999997936,[-1.12135233 -2.15232072],[-0.57420079 -1.06366582],[0.06223887 1.30679131],[ 0.03156314 -0.06721929]
2883,2.8829999999997935,[-1.12192646 -2.15338308],[-0.57413855 -1.06235902],[0.06252554 1.30213635],[ 0.0317307  -0.06717517]
2884,2.8839999999997934,[-1.12250054 -2.15444413],[-0.57407602 -1.06105689],[0.06281238 1.29750683],[ 0.03189827 -0.06713099]
2885,2.8849999999997933,[-1.12307455 -2.15550389],[-0.57401321 -1.05975938],[0.0630994 1.2929026],[ 0.03206584 -0.06708675]
2886,2.885999999999793,[-1.1236485  -2.15656236],[-0.57395011 -1.05846648],[0.0633866  1.28832352],[ 0.03223342 -0.06704246]
2887,2.886999999999793,[-1.12422239 -2.15761954],[-0.57388672 -1.05717816],[0.06367398 1.28376946],[ 0.03240101 -0.06699811]
2888,2.887999999999793,[-1.12479621 -2.15867543],[-0.57382305 -1.05589439],[0.06396152 1.27924026],[ 0.03256861 -0.06695371]
2889,2.888999999999793,[-1.12536997 -2.15973005],[-0.57375909 -1.05461515],[0.06424924 1.2747358 ],[ 0.03273621 -0.06690926]
2890,2.8899999999997927,[-1.12594367 -2.16078339],[-0.57369484 -1.05334041],[0.06453712 1.27025592],[ 0.03290382 -0.06686475]
2891,2.8909999999997926,[-1.1265173  -2.16183546],[-0.5736303  -1.05207015],[0.06482518 1.26580049],[ 0.03307144 -0.06682018]
2892,2.8919999999997925,[-1.12709086 -2.16288626],[-0.57356548 -1.05080435],[0.06511339 1.26136938],[ 0.03323907 -0.06677557]
2893,2.8929999999997924,[-1.12766436 -2.16393581],[-0.57350036 -1.04954298],[0.06540178 1.25696244],[ 0.0334067 -0.0667309]
2894,2.8939999999997923,[-1.1282378  -2.16498409],[-0.57343496 -1.04828602],[0.06569032 1.25257955],[ 0.03357434 -0.06668618]
2895,2.894999999999792,[-1.12881117 -2.16603112],[-0.57336927 -1.04703344],[0.06597902 1.24822056],[ 0.03374199 -0.0666414 ]
2896,2.895999999999792,[-1.12938447 -2.16707691],[-0.57330329 -1.04578522],[0.06626788 1.24388535],[ 0.03390964 -0.06659658]
2897,2.896999999999792,[-1.12995771 -2.16812145],[-0.57323703 -1.04454134],[0.0665569  1.23957377],[ 0.03407731 -0.0665517 ]
2898,2.897999999999792,[-1.13053088 -2.16916475],[-0.57317047 -1.04330176],[0.06684607 1.2352857 ],[ 0.03424497 -0.06650677]
2899,2.8989999999997917,[-1.13110398 -2.17020682],[-0.57310362 -1.04206648],[0.06713539 1.23102101],[ 0.03441265 -0.06646179]
2900,2.8999999999997916,[-1.13167702 -2.17124766],[-0.57303649 -1.04083546],[0.06742487 1.22677956],[ 0.03458033 -0.06641676]
2901,2.9009999999997915,[-1.13224999 -2.17228726],[-0.57296906 -1.03960868],[0.0677145  1.22256122],[ 0.03474802 -0.06637168]
2902,2.9019999999997914,[-1.13282289 -2.17332565],[-0.57290135 -1.03838612],[0.06800427 1.21836588],[ 0.03491571 -0.06632654]
2903,2.9029999999997913,[-1.13339572 -2.17436282],[-0.57283334 -1.03716775],[0.06829419 1.21419339],[ 0.03508341 -0.06628136]
2904,2.903999999999791,[-1.13396849 -2.17539877],[-0.57276505 -1.03595356],[0.06858425 1.21004363],[ 0.03525112 -0.06623613]
2905,2.904999999999791,[-1.13454118 -2.17643351],[-0.57269647 -1.03474351],[0.06887446 1.20591648],[ 0.03541884 -0.06619085]
2906,2.905999999999791,[-1.13511381 -2.17746705],[-0.57262759 -1.0335376 ],[0.06916481 1.20181181],[ 0.03558656 -0.06614552]
2907,2.906999999999791,[-1.13568637 -2.17849939],[-0.57255843 -1.03233578],[0.0694553  1.19772949],[ 0.03575428 -0.06610014]
2908,2.9079999999997908,[-1.13625886 -2.17953053],[-0.57248897 -1.03113805],[0.06974593 1.1936694 ],[ 0.03592201 -0.06605472]
2909,2.9089999999997906,[-1.13683128 -2.18056047],[-0.57241922 -1.02994439],[0.07003669 1.18963142],[ 0.03608975 -0.06600924]
2910,2.9099999999997905,[-1.13740363 -2.18158923],[-0.57234919 -1.02875475],[0.0703276  1.18561542],[ 0.0362575  -0.06596372]
2911,2.9109999999997904,[-1.13797591 -2.18261679],[-0.57227886 -1.02756914],[0.07061863 1.18162128],[ 0.03642525 -0.06591815]
2912,2.9119999999997903,[-1.13854811 -2.18364318],[-0.57220824 -1.02638752],[0.0709098  1.17764889],[ 0.036593   -0.06587253]
2913,2.91299999999979,[-1.13912025 -2.18466839],[-0.57213733 -1.02520987],[0.07120109 1.17369812],[ 0.03676076 -0.06582686]
2914,2.91399999999979,[-1.13969232 -2.18569243],[-0.57206613 -1.02403617],[0.07149252 1.16976885],[ 0.03692853 -0.06578115]
2915,2.91499999999979,[-1.14026431 -2.18671529],[-0.57199464 -1.0228664 ],[0.07178408 1.16586097],[ 0.0370963  -0.06573539]
2916,2.91599999999979,[-1.14083623 -2.18773699],[-0.57192285 -1.02170054],[0.07207576 1.16197435],[ 0.03726408 -0.06568959]
2917,2.9169999999997898,[-1.14140809 -2.18875753],[-0.57185078 -1.02053857],[0.07236756 1.15810889],[ 0.03743186 -0.06564374]
2918,2.9179999999997897,[-1.14197986 -2.18977691],[-0.57177841 -1.01938046],[0.07265949 1.15426445],[ 0.03759965 -0.06559784]
2919,2.9189999999997895,[-1.14255157 -2.19079514],[-0.57170575 -1.01822619],[0.07295155 1.15044093],[ 0.03776744 -0.0655519 ]
2920,2.9199999999997894,[-1.1431232  -2.19181222],[-0.5716328  -1.01707575],[0.07324372 1.14663822],[ 0.03793524 -0.06550591]
2921,2.9209999999997893,[-1.14369476 -2.19282814],[-0.57155956 -1.01592911],[0.07353601 1.14285619],[ 0.03810305 -0.06545988]
2922,2.921999999999789,[-1.14426625 -2.19384293],[-0.57148602 -1.01478626],[0.07382842 1.13909474],[ 0.03827085 -0.0654138 ]
2923,2.922999999999789,[-1.14483766 -2.19485658],[-0.57141219 -1.01364716],[0.07412095 1.13535375],[ 0.03843867 -0.06536768]
2924,2.923999999999789,[-1.145409   -2.19586909],[-0.57133807 -1.01251181],[0.07441359 1.13163311],[ 0.03860649 -0.06532152]
2925,2.924999999999789,[-1.14598026 -2.19688047],[-0.57126366 -1.01138018],[0.07470635 1.12793271],[ 0.03877431 -0.06527531]
2926,2.9259999999997888,[-1.14655145 -2.19789072],[-0.57118895 -1.01025224],[0.07499922 1.12425244],[ 0.03894214 -0.06522906]
2927,2.9269999999997887,[-1.14712256 -2.19889985],[-0.57111395 -1.00912799],[0.0752922  1.12059219],[ 0.03910997 -0.06518276]
2928,2.9279999999997885,[-1.1476936  -2.19990786],[-0.57103866 -1.0080074 ],[0.07558529 1.11695185],[ 0.03927781 -0.06513642]
2929,2.9289999999997884,[-1.14826457 -2.20091475],[-0.57096307 -1.00689045],[0.07587849 1.1133313 ],[ 0.03944565 -0.06509004]
2930,2.9299999999997883,[-1.14883545 -2.20192053],[-0.5708872  -1.00577712],[0.0761718  1.10973045],[ 0.0396135  -0.06504362]
2931,2.930999999999788,[-1.14940626 -2.20292519],[-0.57081102 -1.00466738],[0.07646522 1.10614919],[ 0.03978135 -0.06499715]
2932,2.931999999999788,[-1.149977   -2.20392875],[-0.57073456 -1.00356124],[0.07675873 1.10258741],[ 0.0399492  -0.06495064]
2933,2.932999999999788,[-1.15054766 -2.20493121],[-0.5706578  -1.00245865],[0.07705236 1.099045  ],[ 0.04011706 -0.06490409]
2934,2.933999999999788,[-1.15111824 -2.20593257],[-0.57058075 -1.0013596 ],[0.07734608 1.09552185],[ 0.04028492 -0.0648575 ]
2935,2.934999999999788,[-1.15168874 -2.20693284],[-0.5705034  -1.00026408],[0.07763991 1.09201788],[ 0.04045279 -0.06481087]
2936,2.9359999999997877,[-1.15225917 -2.20793201],[-0.57042576 -0.99917206],[0.07793384 1.08853296],[ 0.04062066 -0.06476419]
2937,2.9369999999997876,[-1.15282951 -2.20893009],[-0.57034783 -0.99808353],[0.07822786 1.085067  ],[ 0.04078854 -0.06471748]
2938,2.9379999999997874,[-1.15339978 -2.20992709],[-0.5702696  -0.99699846],[0.07852199 1.08161989],[ 0.04095641 -0.06467072]
2939,2.9389999999997873,[-1.15396998 -2.21092301],[-0.57019108 -0.99591684],[0.07881621 1.07819154],[ 0.0411243  -0.06462392]
2940,2.9399999999997872,[-1.15454009 -2.21191785],[-0.57011226 -0.99483865],[0.07911052 1.07478183],[ 0.04129218 -0.06457709]
2941,2.940999999999787,[-1.15511012 -2.21291161],[-0.57003315 -0.99376387],[0.07940493 1.07139068],[ 0.04146007 -0.06453021]
2942,2.941999999999787,[-1.15568007 -2.2139043 ],[-0.56995375 -0.99269248],[0.07969943 1.06801798],[ 0.04162797 -0.0644833 ]
2943,2.942999999999787,[-1.15624995 -2.21489593],[-0.56987405 -0.99162446],[0.07999403 1.06466363],[ 0.04179586 -0.06443634]
2944,2.943999999999787,[-1.15681974 -2.21588649],[-0.56979405 -0.9905598 ],[0.08028871 1.06132753],[ 0.04196376 -0.06438934]
2945,2.9449999999997867,[-1.15738946 -2.21687599],[-0.56971376 -0.98949847],[0.08058349 1.05800959],[ 0.04213167 -0.06434231]
2946,2.9459999999997866,[-1.15795909 -2.21786443],[-0.56963318 -0.98844046],[0.08087835 1.0547097 ],[ 0.04229957 -0.06429524]
2947,2.9469999999997865,[-1.15852864 -2.21885181],[-0.5695523  -0.98738575],[0.0811733  1.05142777],[ 0.04246748 -0.06424813]
2948,2.9479999999997863,[-1.15909811 -2.21983815],[-0.56947113 -0.98633432],[0.08146834 1.04816371],[ 0.04263539 -0.06420098]
2949,2.9489999999997862,[-1.1596675  -2.22082343],[-0.56938966 -0.98528616],[0.08176346 1.04491741],[ 0.04280331 -0.06415379]
2950,2.949999999999786,[-1.16023681 -2.22180767],[-0.5693079  -0.98424124],[0.08205867 1.04168879],[ 0.04297123 -0.06410657]
2951,2.950999999999786,[-1.16080604 -2.22279087],[-0.56922584 -0.98319955],[0.08235396 1.03847774],[ 0.04313915 -0.0640593 ]
2952,2.951999999999786,[-1.16137518 -2.22377303],[-0.56914348 -0.98216108],[0.08264933 1.03528418],[ 0.04330707 -0.064012  ]
2953,2.952999999999786,[-1.16194424 -2.22475416],[-0.56906084 -0.98112579],[0.08294479 1.03210801],[ 0.043475   -0.06396466]
2954,2.9539999999997857,[-1.16251322 -2.22573425],[-0.56897789 -0.98009368],[0.08324032 1.02894913],[ 0.04364293 -0.06391729]
2955,2.9549999999997856,[-1.16308211 -2.22671332],[-0.56889465 -0.97906473],[0.08353593 1.02580746],[ 0.04381086 -0.06386988]
2956,2.9559999999997855,[-1.16365092 -2.22769136],[-0.56881111 -0.97803893],[0.08383163 1.02268291],[ 0.0439788  -0.06382243]
2957,2.9569999999997854,[-1.16421965 -2.22866837],[-0.56872728 -0.97701624],[0.08412739 1.01957538],[ 0.04414674 -0.06377495]
2958,2.9579999999997852,[-1.1647883  -2.22964437],[-0.56864315 -0.97599667],[0.08442324 1.01648477],[ 0.04431467 -0.06372743]
2959,2.958999999999785,[-1.16535685 -2.23061935],[-0.56855873 -0.97498018],[0.08471916 1.01341101],[ 0.04448262 -0.06367987]
2960,2.959999999999785,[-1.16592533 -2.23159332],[-0.56847401 -0.97396677],[0.08501515 1.01035401],[ 0.04465056 -0.06363228]
2961,2.960999999999785,[-1.16649372 -2.23256627],[-0.568389   -0.97295642],[0.08531121 1.00731366],[ 0.04481851 -0.06358465]
2962,2.961999999999785,[-1.16706202 -2.23353822],[-0.56830369 -0.9719491 ],[0.08560735 1.00428989],[ 0.04498646 -0.06353699]
2963,2.9629999999997847,[-1.16763024 -2.23450917],[-0.56821808 -0.97094482],[0.08590356 1.00128261],[ 0.04515441 -0.06348929]
2964,2.9639999999997846,[-1.16819837 -2.23547911],[-0.56813218 -0.96994353],[0.08619984 0.99829173],[ 0.04532236 -0.06344156]
2965,2.9649999999997845,[-1.16876642 -2.23644806],[-0.56804598 -0.96894524],[0.08649619 0.99531716],[ 0.04549031 -0.06339379]
2966,2.9659999999997844,[-1.16933438 -2.23741601],[-0.56795948 -0.96794992],[0.08679261 0.99235881],[ 0.04565827 -0.06334599]
2967,2.9669999999997843,[-1.16990225 -2.23838296],[-0.56787269 -0.96695756],[0.08708909 0.98941661],[ 0.04582622 -0.06329816]
2968,2.967999999999784,[-1.17047003 -2.23934893],[-0.5677856  -0.96596815],[0.08738564 0.98649046],[ 0.04599418 -0.06325029]
2969,2.968999999999784,[-1.17103773 -2.24031391],[-0.56769821 -0.96498166],[0.08768226 0.98358029],[ 0.04616214 -0.06320238]
2970,2.969999999999784,[-1.17160534 -2.24127791],[-0.56761053 -0.96399808],[0.08797894 0.980686  ],[ 0.04633011 -0.06315445]
2971,2.970999999999784,[-1.17217287 -2.24224093],[-0.56752255 -0.96301739],[0.08827569 0.97780751],[ 0.04649807 -0.06310648]
2972,2.9719999999997837,[-1.1727403  -2.24320297],[-0.56743428 -0.96203958],[0.08857249 0.97494474],[ 0.04666603 -0.06305847]
2973,2.9729999999997836,[-1.17330765 -2.24416403],[-0.5673457  -0.96106464],[0.08886936 0.97209761],[ 0.046834   -0.06301044]
2974,2.9739999999997835,[-1.1738749  -2.24512413],[-0.56725683 -0.96009254],[0.08916629 0.96926604],[ 0.04700197 -0.06296237]
2975,2.9749999999997834,[-1.17444207 -2.24608325],[-0.56716767 -0.95912328],[0.08946329 0.96644993],[ 0.04716994 -0.06291427]
2976,2.9759999999997833,[-1.17500915 -2.24704141],[-0.5670782  -0.95815683],[0.08976034 0.96364922],[ 0.04733791 -0.06286613]
2977,2.976999999999783,[-1.17557614 -2.2479986 ],[-0.56698844 -0.95719318],[0.09005745 0.96086382],[ 0.04750588 -0.06281797]
2978,2.977999999999783,[-1.17614304 -2.24895483],[-0.56689839 -0.95623231],[0.09035461 0.95809366],[ 0.04767385 -0.06276977]
2979,2.978999999999783,[-1.17670984 -2.24991011],[-0.56680803 -0.95527422],[0.09065184 0.95533864],[ 0.04784182 -0.06272154]
2980,2.979999999999783,[-1.17727656 -2.25086442],[-0.56671738 -0.95431888],[0.09094912 0.95259869],[ 0.04800979 -0.06267328]
2981,2.9809999999997827,[-1.17784319 -2.25181779],[-0.56662643 -0.95336628],[0.09124645 0.94987374],[ 0.04817777 -0.06262498]
2982,2.9819999999997826,[-1.17840972 -2.25277021],[-0.56653518 -0.95241641],[0.09154384 0.9471637 ],[ 0.04834574 -0.06257666]
2983,2.9829999999997825,[-1.17897617 -2.25372168],[-0.56644364 -0.95146924],[0.09184129 0.94446851],[ 0.04851371 -0.0625283 ]
2984,2.9839999999997824,[-1.17954252 -2.2546722 ],[-0.5663518  -0.95052478],[0.09213878 0.94178806],[ 0.04868169 -0.06247992]
2985,2.9849999999997823,[-1.18010878 -2.25562178],[-0.56625966 -0.94958299],[0.09243633 0.93912231],[ 0.04884967 -0.0624315 ]
2986,2.985999999999782,[-1.18067494 -2.25657043],[-0.56616722 -0.94864387],[0.09273393 0.93647116],[ 0.04901764 -0.06238305]
2987,2.986999999999782,[-1.18124102 -2.25751814],[-0.56607449 -0.94770739],[0.09303158 0.93383454],[ 0.04918562 -0.06233457]
2988,2.987999999999782,[-1.181807   -2.25846491],[-0.56598146 -0.94677356],[0.09332928 0.93121237],[ 0.04935359 -0.06228607]
2989,2.988999999999782,[-1.18237289 -2.25941075],[-0.56588813 -0.94584235],[0.09362703 0.92860458],[ 0.04952157 -0.06223753]
2990,2.9899999999997817,[-1.18293868 -2.26035566],[-0.5657945  -0.94491374],[0.09392483 0.9260111 ],[ 0.04968955 -0.06218896]
2991,2.9909999999997816,[-1.18350438 -2.26129965],[-0.56570058 -0.94398773],[0.09422268 0.92343185],[ 0.04985752 -0.06214036]
2992,2.9919999999997815,[-1.18406999 -2.26224272],[-0.56560635 -0.9430643 ],[0.09452057 0.92086675],[ 0.0500255  -0.06209174]
2993,2.9929999999997814,[-1.1846355  -2.26318486],[-0.56551183 -0.94214343],[0.0948185  0.91831574],[ 0.05019348 -0.06204308]
2994,2.9939999999997813,[-1.18520092 -2.26412609],[-0.56541702 -0.94122512],[0.09511649 0.91577874],[ 0.05036145 -0.0619944 ]
2995,2.994999999999781,[-1.18576624 -2.26506639],[-0.5653219  -0.94030934],[0.09541451 0.91325568],[ 0.05052943 -0.06194568]
2996,2.995999999999781,[-1.18633147 -2.26600579],[-0.56522648 -0.93939608],[0.09571259 0.91074649],[ 0.0506974  -0.06189694]
2997,2.996999999999781,[-1.1868966  -2.26694428],[-0.56513077 -0.93848534],[0.0960107  0.90825108],[ 0.05086538 -0.06184817]
2998,2.997999999999781,[-1.18746163 -2.26788185],[-0.56503476 -0.93757709],[0.09630886 0.90576941],[ 0.05103335 -0.06179937]
2999,2.9989999999997807,[-1.18802657 -2.26881852],[-0.56493845 -0.93667132],[0.09660705 0.90330138],[ 0.05120132 -0.06175054]
3000,2.9999999999997806,[-1.18859141 -2.26975429],[-0.56484184 -0.93576801],[0.09690529 0.90084694],[ 0.0513693  -0.06170169]
3001,3.0009999999997805,[-1.18915616 -2.27068916],[-0.56474494 -0.93486717],[0.09720357 0.89840601],[ 0.05153727 -0.0616528 ]
3002,3.0019999999997804,[-1.18972081 -2.27162313],[-0.56464774 -0.93396876],[0.09750189 0.89597852],[ 0.05170524 -0.06160389]
3003,3.0029999999997803,[-1.19028536 -2.2725562 ],[-0.56455023 -0.93307278],[0.09780025 0.8935644 ],[ 0.05187321 -0.06155495]
3004,3.00399999999978,[-1.19084981 -2.27348838],[-0.56445243 -0.93217922],[0.09809865 0.89116359],[ 0.05204118 -0.06150599]
3005,3.00499999999978,[-1.19141416 -2.27441967],[-0.56435434 -0.93128805],[0.09839708 0.88877602],[ 0.05220915 -0.061457  ]
3006,3.00599999999978,[-1.19197842 -2.27535007],[-0.56425594 -0.93039928],[0.09869555 0.88640161],[ 0.05237712 -0.06140798]
3007,3.00699999999978,[-1.19254258 -2.27627958],[-0.56415724 -0.92951288],[0.09899406 0.88404031],[ 0.05254508 -0.06135893]
3008,3.0079999999997797,[-1.19310663 -2.27720821],[-0.56405825 -0.92862884],[0.0992926  0.88169204],[ 0.05271305 -0.06130986]
3009,3.0089999999997796,[-1.19367059 -2.27813596],[-0.56395896 -0.92774714],[0.09959118 0.87935674],[ 0.05288101 -0.06126076]
3010,3.0099999999997795,[-1.19423445 -2.27906282],[-0.56385936 -0.92686779],[0.09988979 0.87703434],[ 0.05304897 -0.06121163]
3011,3.0109999999997794,[-1.19479821 -2.27998882],[-0.56375948 -0.92599075],[0.10018843 0.87472477],[ 0.05321693 -0.06116248]
3012,3.0119999999997793,[-1.19536187 -2.28091393],[-0.56365929 -0.92511603],[0.10048711 0.87242797],[ 0.05338489 -0.0611133 ]
3013,3.012999999999779,[-1.19592543 -2.28183817],[-0.5635588 -0.9242436],[0.10078582 0.87014388],[ 0.05355285 -0.0610641 ]
3014,3.013999999999779,[-1.19648889 -2.28276155],[-0.56345801 -0.92337346],[0.10108456 0.86787242],[ 0.05372081 -0.06101487]
3015,3.014999999999779,[-1.19705225 -2.28368405],[-0.56335693 -0.92250558],[0.10138334 0.86561354],[ 0.05388876 -0.06096562]
3016,3.015999999999779,[-1.1976155  -2.28460569],[-0.56325555 -0.92163997],[0.10168214 0.86336718],[ 0.05405671 -0.06091634]
3017,3.0169999999997787,[-1.19817865 -2.28552647],[-0.56315386 -0.9207766 ],[0.10198097 0.86113325],[ 0.05422466 -0.06086703]
3018,3.0179999999997786,[-1.19874171 -2.28644639],[-0.56305188 -0.91991547],[0.10227984 0.85891172],[ 0.05439261 -0.0608177 ]
3019,3.0189999999997785,[-1.19930466 -2.28736544],[-0.5629496  -0.91905656],[0.10257873 0.8567025 ],[ 0.05456056 -0.06076835]
3020,3.0199999999997784,[-1.1998675  -2.28828364],[-0.56284702 -0.91819986],[0.10287765 0.85450554],[ 0.0547285  -0.06071897]
3021,3.0209999999997783,[-1.20043025 -2.28920099],[-0.56274415 -0.91734535],[0.1031766  0.85232078],[ 0.05489644 -0.06066957]
3022,3.021999999999778,[-1.20099289 -2.29011748],[-0.56264097 -0.91649303],[0.10347557 0.85014815],[ 0.05506438 -0.06062014]
3023,3.022999999999778,[-1.20155543 -2.29103312],[-0.56253749 -0.91564288],[0.10377457 0.8479876 ],[ 0.05523232 -0.06057069]
3024,3.023999999999778,[-1.20211786 -2.29194792],[-0.56243372 -0.91479489],[0.1040736  0.84583906],[ 0.05540026 -0.06052121]
3025,3.024999999999778,[-1.20268019 -2.29286187],[-0.56232965 -0.91394906],[0.10437265 0.84370246],[ 0.05556819 -0.06047171]
3026,3.0259999999997778,[-1.20324241 -2.29377497],[-0.56222527 -0.91310535],[0.10467173 0.84157776],[ 0.05573612 -0.06042219]
3027,3.0269999999997776,[-1.20380453 -2.29468724],[-0.5621206  -0.91226378],[0.10497083 0.83946489],[ 0.05590405 -0.06037264]
3028,3.0279999999997775,[-1.20436655 -2.29559866],[-0.56201563 -0.91142431],[0.10526995 0.83736379],[ 0.05607197 -0.06032307]
3029,3.0289999999997774,[-1.20492846 -2.29650925],[-0.56191036 -0.91058695],[0.1055691 0.8352744],[ 0.05623989 -0.06027348]
3030,3.0299999999997773,[-1.20549027 -2.297419  ],[-0.56180479 -0.90975167],[0.10586827 0.83319666],[ 0.05640781 -0.06022386]
3031,3.030999999999777,[-1.20605196 -2.29832792],[-0.56169892 -0.90891848],[0.10616746 0.83113052],[ 0.05657573 -0.06017422]
3032,3.031999999999777,[-1.20661356 -2.29923601],[-0.56159276 -0.90808735],[0.10646667 0.82907591],[ 0.05674364 -0.06012456]
3033,3.032999999999777,[-1.20717504 -2.30014326],[-0.56148629 -0.90725827],[0.1067659  0.82703277],[ 0.05691155 -0.06007488]
3034,3.033999999999777,[-1.20773642 -2.30104969],[-0.56137952 -0.90643124],[0.10706516 0.82500106],[ 0.05707946 -0.06002517]
3035,3.0349999999997768,[-1.2082977 -2.3019553],[-0.56127246 -0.90560624],[0.10736443 0.82298071],[ 0.05724736 -0.05997544]
3036,3.0359999999997767,[-1.20885886 -2.30286008],[-0.56116509 -0.90478325],[0.10766372 0.82097166],[ 0.05741527 -0.05992569]
3037,3.0369999999997765,[-1.20941992 -2.30376405],[-0.56105743 -0.90396228],[0.10796304 0.81897386],[ 0.05758316 -0.05987592]
3038,3.0379999999997764,[-1.20998087 -2.30466719],[-0.56094947 -0.90314331],[0.10826237 0.81698725],[ 0.05775106 -0.05982612]
3039,3.0389999999997763,[-1.21054171 -2.30556952],[-0.5608412  -0.90232632],[0.10856171 0.81501178],[ 0.05791895 -0.0597763 ]
3040,3.039999999999776,[-1.21110244 -2.30647103],[-0.56073264 -0.90151131],[0.10886108 0.81304739],[ 0.05808684 -0.05972647]
3041,3.040999999999776,[-1.21166307 -2.30737173],[-0.56062378 -0.90069826],[0.10916046 0.81109402],[ 0.05825472 -0.05967661]
3042,3.041999999999776,[-1.21222358 -2.30827161],[-0.56051462 -0.89988717],[0.10945986 0.80915162],[ 0.0584226  -0.05962672]
3043,3.042999999999776,[-1.21278399 -2.30917069],[-0.56040516 -0.89907802],[0.10975927 0.80722013],[ 0.05859048 -0.05957682]
3044,3.0439999999997758,[-1.21334428 -2.31006896],[-0.5602954 -0.8982708],[0.1100587 0.8052995],[ 0.05875835 -0.0595269 ]
3045,3.0449999999997757,[-1.21390447 -2.31096643],[-0.56018534 -0.8974655 ],[0.11035814 0.80338968],[ 0.05892622 -0.05947696]
3046,3.0459999999997756,[-1.21446454 -2.31186309],[-0.56007499 -0.89666211],[0.1106576  0.80149061],[ 0.05909408 -0.05942699]
3047,3.0469999999997754,[-1.21502451 -2.31275895],[-0.55996433 -0.89586062],[0.11095707 0.79960224],[ 0.05926194 -0.05937701]
3048,3.0479999999997753,[-1.21558436 -2.31365401],[-0.55985337 -0.89506101],[0.11125656 0.79772452],[ 0.0594298 -0.059327 ]
3049,3.0489999999997752,[-1.2161441  -2.31454827],[-0.55974211 -0.89426329],[0.11155605 0.79585738],[ 0.05959765 -0.05927697]
3050,3.049999999999775,[-1.21670373 -2.31544174],[-0.55963056 -0.89346743],[0.11185556 0.79400078],[ 0.0597655  -0.05922693]
3051,3.050999999999775,[-1.21726325 -2.31633442],[-0.5595187  -0.89267343],[0.11215508 0.79215467],[ 0.05993334 -0.05917686]
3052,3.051999999999775,[-1.21782266 -2.3172263 ],[-0.55940655 -0.89188128],[0.11245462 0.790319  ],[ 0.06010118 -0.05912678]
3053,3.052999999999775,[-1.21838195 -2.31811739],[-0.55929409 -0.89109096],[0.11275416 0.78849371],[ 0.06026902 -0.05907667]
3054,3.0539999999997747,[-1.21894113 -2.31900769],[-0.55918134 -0.89030246],[0.11305372 0.78667874],[ 0.06043685 -0.05902655]
3055,3.0549999999997746,[-1.2195002  -2.31989721],[-0.55906829 -0.88951579],[0.11335328 0.78487406],[ 0.06060467 -0.0589764 ]
3056,3.0559999999997745,[-1.22005916 -2.32078594],[-0.55895493 -0.88873091],[0.11365286 0.78307961],[ 0.06077249 -0.05892624]
3057,3.0569999999997743,[-1.220618   -2.32167388],[-0.55884128 -0.88794783],[0.11395244 0.78129533],[ 0.06094031 -0.05887606]
3058,3.0579999999997742,[-1.22117672 -2.32256105],[-0.55872733 -0.88716654],[0.11425203 0.77952119],[ 0.06110812 -0.05882586]
3059,3.058999999999774,[-1.22173534 -2.32344744],[-0.55861307 -0.88638702],[0.11455163 0.77775712],[ 0.06127593 -0.05877564]
3060,3.059999999999774,[-1.22229384 -2.32433305],[-0.55849852 -0.88560926],[0.11485124 0.77600307],[ 0.06144373 -0.0587254 ]
3061,3.060999999999774,[-1.22285222 -2.32521788],[-0.55838367 -0.88483326],[0.11515086 0.77425901],[ 0.06161153 -0.05867514]
3062,3.061999999999774,[-1.22341049 -2.32610194],[-0.55826852 -0.884059  ],[0.11545048 0.77252488],[ 0.06177932 -0.05862486]
3063,3.0629999999997737,[-1.22396864 -2.32698523],[-0.55815307 -0.88328647],[0.11575011 0.77080062],[ 0.06194711 -0.05857457]
3064,3.0639999999997736,[-1.22452668 -2.32786774],[-0.55803732 -0.88251567],[0.11604974 0.7690862 ],[ 0.06211489 -0.05852426]
3065,3.0649999999997735,[-1.2250846  -2.32874949],[-0.55792127 -0.88174658],[0.11634939 0.76738156],[ 0.06228267 -0.05847393]
3066,3.0659999999997734,[-1.2256424  -2.32963047],[-0.55780492 -0.8809792 ],[0.11664903 0.76568665],[ 0.06245044 -0.05842358]
3067,3.0669999999997732,[-1.22620009 -2.33051068],[-0.55768827 -0.88021352],[0.11694868 0.76400144],[ 0.0626182  -0.05837321]
3068,3.067999999999773,[-1.22675766 -2.33139013],[-0.55757132 -0.87944952],[0.11724834 0.76232586],[ 0.06278596 -0.05832283]
3069,3.068999999999773,[-1.22731512 -2.33226882],[-0.55745408 -0.87868719],[0.117548   0.76065987],[ 0.06295372 -0.05827243]
3070,3.069999999999773,[-1.22787245 -2.33314674],[-0.55733653 -0.87792653],[0.11784766 0.75900343],[ 0.06312147 -0.05822201]
3071,3.070999999999773,[-1.22842967 -2.33402391],[-0.55721868 -0.87716753],[0.11814733 0.75735648],[ 0.06328921 -0.05817158]
3072,3.0719999999997727,[-1.22898677 -2.33490032],[-0.55710053 -0.87641017],[0.118447   0.75571899],[ 0.06345695 -0.05812112]
3073,3.0729999999997726,[-1.22954376 -2.33577598],[-0.55698209 -0.87565445],[0.11874668 0.7540909 ],[ 0.06362468 -0.05807065]
3074,3.0739999999997725,[-1.23010062 -2.33665088],[-0.55686334 -0.87490036],[0.11904635 0.75247217],[ 0.0637924  -0.05802017]
3075,3.0749999999997724,[-1.23065736 -2.33752502],[-0.55674429 -0.87414789],[0.11934603 0.75086276],[ 0.06396012 -0.05796967]
3076,3.0759999999997722,[-1.23121399 -2.33839842],[-0.55662495 -0.87339702],[0.11964571 0.74926261],[ 0.06412784 -0.05791915]
3077,3.076999999999772,[-1.23177049 -2.33927107],[-0.5565053  -0.87264776],[0.11994538 0.74767168],[ 0.06429554 -0.05786861]
3078,3.077999999999772,[-1.23232688 -2.34014297],[-0.55638535 -0.87190009],[0.12024506 0.74608993],[ 0.06446324 -0.05781806]
3079,3.078999999999772,[-1.23288314 -2.34101412],[-0.55626511 -0.871154  ],[0.12054474 0.74451731],[ 0.06463094 -0.05776749]
3080,3.079999999999772,[-1.23343929 -2.34188453],[-0.55614457 -0.87040948],[0.12084442 0.74295378],[ 0.06479863 -0.05771691]
3081,3.0809999999997717,[-1.23399531 -2.3427542 ],[-0.55602372 -0.86966653],[0.1211441 0.7413993],[ 0.06496631 -0.05766631]
3082,3.0819999999997716,[-1.23455121 -2.34362312],[-0.55590258 -0.86892513],[0.12144378 0.73985381],[ 0.06513399 -0.05761569]
3083,3.0829999999997715,[-1.235107   -2.34449131],[-0.55578113 -0.86818528],[0.12174346 0.73831728],[ 0.06530166 -0.05756506]
3084,3.0839999999997714,[-1.23566266 -2.34535876],[-0.55565939 -0.86744696],[0.12204314 0.73678966],[ 0.06546932 -0.05751441]
3085,3.0849999999997713,[-1.23621819 -2.34622547],[-0.55553735 -0.86671017],[0.12234281 0.73527091],[ 0.06563697 -0.05746375]
3086,3.085999999999771,[-1.23677361 -2.34709144],[-0.555415  -0.8659749],[0.12264248 0.73376098],[ 0.06580462 -0.05741307]
3087,3.086999999999771,[-1.2373289  -2.34795668],[-0.55529236 -0.86524114],[0.12294215 0.73225984],[ 0.06597227 -0.05736238]
3088,3.087999999999771,[-1.23788407 -2.34882119],[-0.55516942 -0.86450888],[0.12324182 0.73076744],[ 0.0661399  -0.05731167]
3089,3.088999999999771,[-1.23843912 -2.34968497],[-0.55504618 -0.86377811],[0.12354148 0.72928373],[ 0.06630753 -0.05726095]
3090,3.0899999999997707,[-1.23899404 -2.35054802],[-0.55492264 -0.86304883],[0.12384114 0.72780868],[ 0.06647515 -0.05721021]
3091,3.0909999999997706,[-1.23954884 -2.35141034],[-0.55479879 -0.86232102],[0.12414079 0.72634224],[ 0.06664276 -0.05715946]
3092,3.0919999999997705,[-1.24010351 -2.35227193],[-0.55467465 -0.86159468],[0.12444044 0.72488437],[ 0.06681037 -0.0571087 ]
3093,3.0929999999997704,[-1.24065806 -2.3531328 ],[-0.55455021 -0.86086979],[0.12474009 0.72343504],[ 0.06697797 -0.05705791]
3094,3.0939999999997703,[-1.24121249 -2.35399295],[-0.55442547 -0.86014636],[0.12503973 0.72199419],[ 0.06714556 -0.05700712]
3095,3.09499999999977,[-1.24176679 -2.35485238],[-0.55430043 -0.85942436],[0.12533936 0.72056179],[ 0.06731315 -0.05695631]
3096,3.09599999999977,[-1.24232096 -2.35571108],[-0.55417509 -0.8587038 ],[0.12563899 0.71913779],[ 0.06748073 -0.05690549]
3097,3.09699999999977,[-1.24287501 -2.35656906],[-0.55404945 -0.85798466],[0.12593862 0.71772217],[ 0.0676483  -0.05685465]
3098,3.09799999999977,[-1.24342894 -2.35742633],[-0.55392352 -0.85726694],[0.12623823 0.71631486],[ 0.06781586 -0.0568038 ]
3099,3.0989999999997697,[-1.24398273 -2.35828288],[-0.55379728 -0.85655063],[0.12653785 0.71491585],[ 0.06798342 -0.05675294]
3100,3.0999999999997696,[-1.2445364  -2.35913872],[-0.55367074 -0.85583571],[0.12683745 0.71352508],[ 0.06815096 -0.05670206]
3101,3.1009999999997695,[-1.24508995 -2.35999384],[-0.5535439  -0.85512218],[0.12713704 0.71214251],[ 0.0683185  -0.05665117]
3102,3.1019999999997694,[-1.24564336 -2.36084825],[-0.55341677 -0.85441004],[0.12743663 0.71076811],[ 0.06848603 -0.05660026]
3103,3.1029999999997693,[-1.24619665 -2.36170195],[-0.55328933 -0.85369927],[0.12773621 0.70940184],[ 0.06865356 -0.05654935]
3104,3.103999999999769,[-1.24674982 -2.36255494],[-0.55316159 -0.85298987],[0.12803579 0.70804366],[ 0.06882107 -0.05649841]
3105,3.104999999999769,[-1.24730285 -2.36340722],[-0.55303356 -0.85228183],[0.12833535 0.70669352],[ 0.06898858 -0.05644747]
3106,3.105999999999769,[-1.24785575 -2.3642588 ],[-0.55290522 -0.85157513],[0.1286349 0.7053514],[ 0.06915608 -0.05639652]
3107,3.106999999999769,[-1.24840853 -2.36510966],[-0.55277659 -0.85086978],[0.12893445 0.70401724],[ 0.06932357 -0.05634555]
3108,3.1079999999997687,[-1.24896118 -2.36595983],[-0.55264765 -0.85016577],[0.12923399 0.70269102],[ 0.06949105 -0.05629456]
3109,3.1089999999997686,[-1.2495137  -2.36680929],[-0.55251842 -0.84946308],[0.12953351 0.7013727 ],[ 0.06965853 -0.05624357]
3110,3.1099999999997685,[-1.25006609 -2.36765806],[-0.55238888 -0.8487617 ],[0.12983303 0.70006223],[ 0.06982599 -0.05619256]
3111,3.1109999999997684,[-1.25061834 -2.36850612],[-0.55225905 -0.84806164],[0.13013253 0.69875959],[ 0.06999345 -0.05614155]
3112,3.1119999999997683,[-1.25117047 -2.36935348],[-0.55212892 -0.84736288],[0.13043203 0.69746472],[ 0.0701609  -0.05609052]
3113,3.112999999999768,[-1.25172247 -2.37020015],[-0.55199849 -0.84666542],[0.13073151 0.6961776 ],[ 0.07032834 -0.05603947]
3114,3.113999999999768,[-1.25227434 -2.37104611],[-0.55186776 -0.84596924],[0.13103098 0.69489819],[ 0.07049577 -0.05598842]
3115,3.114999999999768,[-1.25282608 -2.37189139],[-0.55173672 -0.84527434],[0.13133045 0.69362645],[ 0.0706632  -0.05593735]
3116,3.115999999999768,[-1.25337768 -2.37273597],[-0.55160539 -0.84458071],[0.1316299  0.69236235],[ 0.07083061 -0.05588628]
3117,3.1169999999997677,[-1.25392916 -2.37357986],[-0.55147376 -0.84388835],[0.13192933 0.69110584],[ 0.07099802 -0.05583519]
3118,3.1179999999997676,[-1.2544805  -2.37442306],[-0.55134184 -0.84319725],[0.13222876 0.68985689],[ 0.07116541 -0.05578409]
3119,3.1189999999997675,[-1.25503171 -2.37526556],[-0.55120961 -0.84250739],[0.13252817 0.68861547],[ 0.0713328  -0.05573298]
3120,3.1199999999997674,[-1.25558278 -2.37610738],[-0.55107708 -0.84181877],[0.13282757 0.68738154],[ 0.07150018 -0.05568185]
3121,3.1209999999997673,[-1.25613373 -2.37694851],[-0.55094425 -0.84113139],[0.13312695 0.68615507],[ 0.07166755 -0.05563072]
3122,3.121999999999767,[-1.25668454 -2.37778896],[-0.55081112 -0.84044524],[0.13342633 0.68493601],[ 0.07183491 -0.05557957]
3123,3.122999999999767,[-1.25723522 -2.37862872],[-0.5506777 -0.8397603],[0.13372568 0.68372433],[ 0.07200226 -0.05552842]
3124,3.123999999999767,[-1.25778576 -2.37946779],[-0.55054397 -0.83907658],[0.13402503 0.68252001],[ 0.0721696  -0.05547725]
3125,3.124999999999767,[-1.25833617 -2.38030619],[-0.55040995 -0.83839406],[0.13432436 0.68132299],[ 0.07233693 -0.05542608]
3126,3.1259999999997667,[-1.25888645 -2.3811439 ],[-0.55027562 -0.83771273],[0.13462367 0.68013326],[ 0.07250425 -0.05537489]
3127,3.1269999999997666,[-1.25943659 -2.38198093],[-0.550141  -0.8370326],[0.13492297 0.67895077],[ 0.07267156 -0.05532369]
3128,3.1279999999997665,[-1.25998659 -2.38281729],[-0.55000608 -0.83635365],[0.13522226 0.67777549],[ 0.07283887 -0.05527248]
3129,3.1289999999997664,[-1.26053646 -2.38365296],[-0.54987085 -0.83567587],[0.13552153 0.67660738],[ 0.07300616 -0.05522127]
3130,3.1299999999997663,[-1.2610862  -2.38448796],[-0.54973533 -0.83499927],[0.13582078 0.67544642],[ 0.07317344 -0.05517004]
3131,3.130999999999766,[-1.2616358  -2.38532229],[-0.54959951 -0.83432382],[0.13612002 0.67429256],[ 0.07334071 -0.0551188 ]
3132,3.131999999999766,[-1.26218526 -2.38615594],[-0.54946339 -0.83364953],[0.13641924 0.67314577],[ 0.07350798 -0.05506755]
3133,3.132999999999766,[-1.26273459 -2.38698891],[-0.54932697 -0.83297638],[0.13671845 0.67200603],[ 0.07367523 -0.0550163 ]
3134,3.133999999999766,[-1.26328378 -2.38782122],[-0.54919025 -0.83230438],[0.13701764 0.67087329],[ 0.07384247 -0.05496503]
3135,3.1349999999997658,[-1.26383283 -2.38865285],[-0.54905324 -0.8316335 ],[0.13731681 0.66974753],[ 0.07400971 -0.05491375]
3136,3.1359999999997656,[-1.26438175 -2.38948381],[-0.54891592 -0.83096375],[0.13761596 0.6686287 ],[ 0.07417693 -0.05486247]
3137,3.1369999999997655,[-1.26493053 -2.39031411],[-0.5487783  -0.83029513],[0.1379151  0.66751679],[ 0.07434414 -0.05481117]
3138,3.1379999999997654,[-1.26547917 -2.39114374],[-0.54864039 -0.82962761],[0.13821422 0.66641174],[ 0.07451134 -0.05475987]
3139,3.1389999999997653,[-1.26602767 -2.3919727 ],[-0.54850217 -0.8289612 ],[0.13851332 0.66531355],[ 0.07467854 -0.05470856]
3140,3.139999999999765,[-1.26657603 -2.39280099],[-0.54836366 -0.82829588],[0.1388124  0.66422216],[ 0.07484572 -0.05465724]
3141,3.140999999999765,[-1.26712426 -2.39362863],[-0.54822485 -0.82763166],[0.13911147 0.66313755],[ 0.07501289 -0.05460591]
3142,3.141999999999765,[-1.26767234 -2.39445559],[-0.54808574 -0.82696852],[0.13941051 0.66205968],[ 0.07518005 -0.05455457]
3143,3.142999999999765,[-1.26822029 -2.3952819 ],[-0.54794633 -0.82630646],[0.13970954 0.66098853],[ 0.0753472  -0.05450322]
3144,3.1439999999997648,[-1.2687681  -2.39610755],[-0.54780662 -0.82564548],[0.14000855 0.65992407],[ 0.07551433 -0.05445187]
3145,3.1449999999997647,[-1.26931576 -2.39693253],[-0.54766661 -0.82498555],[0.14030754 0.65886625],[ 0.07568146 -0.0544005 ]
3146,3.1459999999997645,[-1.26986329 -2.39775686],[-0.5475263  -0.82432669],[0.14060651 0.65781506],[ 0.07584858 -0.05434913]
3147,3.1469999999997644,[-1.27041068 -2.39858053],[-0.54738569 -0.82366887],[0.14090545 0.65677045],[ 0.07601568 -0.05429775]
3148,3.1479999999997643,[-1.27095792 -2.39940354],[-0.54724479 -0.8230121 ],[0.14120438 0.6557324 ],[ 0.07618278 -0.05424636]
3149,3.148999999999764,[-1.27150502 -2.4002259 ],[-0.54710358 -0.82235637],[0.14150329 0.65470088],[ 0.07634986 -0.05419496]
3150,3.149999999999764,[-1.27205199 -2.4010476 ],[-0.54696208 -0.82170167],[0.14180218 0.65367585],[ 0.07651693 -0.05414356]
3151,3.150999999999764,[-1.27259881 -2.40186865],[-0.54682028 -0.82104799],[0.14210105 0.6526573 ],[ 0.07668399 -0.05409215]
3152,3.151999999999764,[-1.27314549 -2.40268904],[-0.54667818 -0.82039533],[0.14239989 0.65164517],[ 0.07685104 -0.05404073]
3153,3.1529999999997638,[-1.27369202 -2.40350878],[-0.54653578 -0.81974369],[0.14269872 0.65063945],[ 0.07701808 -0.0539893 ]
3154,3.1539999999997637,[-1.27423841 -2.40432788],[-0.54639308 -0.81909305],[0.14299752 0.64964011],[ 0.07718511 -0.05393787]
3155,3.1549999999997635,[-1.27478466 -2.40514632],[-0.54625008 -0.81844341],[0.1432963  0.64864711],[ 0.07735212 -0.05388643]
3156,3.1559999999997634,[-1.27533077 -2.40596412],[-0.54610679 -0.81779476],[0.14359506 0.64766043],[ 0.07751913 -0.05383498]
3157,3.1569999999997633,[-1.27587673 -2.40678126],[-0.54596319 -0.8171471 ],[0.1438938  0.64668003],[ 0.07768612 -0.05378352]
3158,3.157999999999763,[-1.27642255 -2.40759776],[-0.5458193  -0.81650042],[0.14419252 0.64570589],[ 0.0778531  -0.05373206]
3159,3.158999999999763,[-1.27696823 -2.40841362],[-0.5456751  -0.81585472],[0.14449121 0.64473798],[ 0.07802007 -0.05368059]
3160,3.159999999999763,[-1.27751376 -2.40922883],[-0.54553061 -0.81520998],[0.14478988 0.64377626],[ 0.07818702 -0.05362911]
3161,3.160999999999763,[-1.27805914 -2.41004339],[-0.54538582 -0.8145662 ],[0.14508853 0.64282072],[ 0.07835397 -0.05357763]
3162,3.161999999999763,[-1.27860439 -2.41085732],[-0.54524073 -0.81392338],[0.14538715 0.64187132],[ 0.0785209  -0.05352614]
3163,3.1629999999997627,[-1.27914948 -2.4116706 ],[-0.54509535 -0.81328151],[0.14568575 0.64092802],[ 0.07868782 -0.05347465]
3164,3.1639999999997626,[-1.27969443 -2.41248324],[-0.54494966 -0.81264058],[0.14598433 0.63999081],[ 0.07885473 -0.05342315]
3165,3.1649999999997624,[-1.28023923 -2.41329524],[-0.54480368 -0.81200059],[0.14628288 0.63905966],[ 0.07902163 -0.05337164]
3166,3.1659999999997623,[-1.28078389 -2.4141066 ],[-0.54465739 -0.81136153],[0.14658141 0.63813453],[ 0.07918851 -0.05332012]
3167,3.1669999999997622,[-1.2813284  -2.41491733],[-0.54451081 -0.8107234 ],[0.14687992 0.6372154 ],[ 0.07935538 -0.0532686 ]
3168,3.167999999999762,[-1.28187277 -2.41572741],[-0.54436393 -0.81008618],[0.1471784  0.63630224],[ 0.07952224 -0.05321708]
3169,3.168999999999762,[-1.28241698 -2.41653686],[-0.54421675 -0.80944988],[0.14747685 0.63539502],[ 0.07968909 -0.05316555]
3170,3.169999999999762,[-1.28296105 -2.41734568],[-0.54406928 -0.80881448],[0.14777528 0.63449372],[ 0.07985592 -0.05311401]
3171,3.170999999999762,[-1.28350497 -2.41815386],[-0.5439215  -0.80817999],[0.14807369 0.63359831],[ 0.08002274 -0.05306247]
3172,3.1719999999997617,[-1.28404875 -2.4189614 ],[-0.54377343 -0.80754639],[0.14837207 0.63270876],[ 0.08018955 -0.05301092]
3173,3.1729999999997616,[-1.28459237 -2.41976832],[-0.54362506 -0.80691368],[0.14867042 0.63182503],[ 0.08035635 -0.05295936]
3174,3.1739999999997615,[-1.28513585 -2.4205746 ],[-0.54347639 -0.80628186],[0.14896875 0.63094712],[ 0.08052313 -0.05290781]
3175,3.1749999999997613,[-1.28567918 -2.42138025],[-0.54332742 -0.80565091],[0.14926706 0.63007498],[ 0.0806899  -0.05285624]
3176,3.1759999999997612,[-1.28622235 -2.42218527],[-0.54317815 -0.80502084],[0.14956534 0.6292086 ],[ 0.08085665 -0.05280467]
3177,3.176999999999761,[-1.28676538 -2.42298966],[-0.54302858 -0.80439163],[0.14986359 0.62834794],[ 0.0810234 -0.0527531]
3178,3.177999999999761,[-1.28730826 -2.42379342],[-0.54287872 -0.80376328],[0.15016181 0.62749298],[ 0.08119013 -0.05270152]
3179,3.178999999999761,[-1.28785099 -2.42459656],[-0.54272856 -0.80313579],[0.15046001 0.62664369],[ 0.08135685 -0.05264994]
3180,3.179999999999761,[-1.28839357 -2.42539907],[-0.5425781  -0.80250914],[0.15075818 0.62580005],[ 0.08152355 -0.05259835]
3181,3.1809999999997607,[-1.288936   -2.42620095],[-0.54242734 -0.80188334],[0.15105633 0.62496202],[ 0.08169024 -0.05254675]
3182,3.1819999999997606,[-1.28947827 -2.42700221],[-0.54227628 -0.80125838],[0.15135444 0.6241296 ],[ 0.08185692 -0.05249516]
3183,3.1829999999997605,[-1.2900204  -2.42780285],[-0.54212493 -0.80063425],[0.15165253 0.62330273],[ 0.08202358 -0.05244356]
3184,3.1839999999997604,[-1.29056237 -2.42860286],[-0.54197328 -0.80001095],[0.1519506  0.62248142],[ 0.08219023 -0.05239195]
3185,3.1849999999997602,[-1.29110419 -2.42940224],[-0.54182133 -0.79938847],[0.15224863 0.62166561],[ 0.08235687 -0.05234034]
3186,3.18599999999976,[-1.29164586 -2.43020101],[-0.54166908 -0.7987668 ],[0.15254664 0.6208553 ],[ 0.08252349 -0.05228873]
3187,3.18699999999976,[-1.29218738 -2.43099916],[-0.54151653 -0.79814595],[0.15284462 0.62005045],[ 0.0826901  -0.05223711]
3188,3.18799999999976,[-1.29272874 -2.43179668],[-0.54136369 -0.7975259 ],[0.15314257 0.61925105],[ 0.0828567  -0.05218549]
3189,3.18899999999976,[-1.29326995 -2.43259359],[-0.54121054 -0.79690664],[0.15344049 0.61845706],[ 0.08302328 -0.05213386]
3190,3.1899999999997597,[-1.29381101 -2.43338988],[-0.5410571  -0.79628819],[0.15373838 0.61766845],[ 0.08318985 -0.05208223]
3191,3.1909999999997596,[-1.29435191 -2.43418555],[-0.54090337 -0.79567052],[0.15403625 0.61688522],[ 0.0833564 -0.0520306]
3192,3.1919999999997595,[-1.29489266 -2.4349806 ],[-0.54074933 -0.79505363],[0.15433408 0.61610732],[ 0.08352294 -0.05197897]
3193,3.1929999999997594,[-1.29543326 -2.43577504],[-0.540595   -0.79443753],[0.15463189 0.61533474],[ 0.08368947 -0.05192733]
3194,3.1939999999997593,[-1.2959737  -2.43656886],[-0.54044036 -0.79382219],[0.15492967 0.61456745],[ 0.08385598 -0.05187568]
3195,3.194999999999759,[-1.29651398 -2.43736207],[-0.54028543 -0.79320762],[0.15522742 0.61380543],[ 0.08402248 -0.05182404]
3196,3.195999999999759,[-1.29705411 -2.43815466],[-0.54013021 -0.79259382],[0.15552513 0.61304865],[ 0.08418896 -0.05177239]
3197,3.196999999999759,[-1.29759409 -2.43894664],[-0.53997468 -0.79198077],[0.15582282 0.61229709],[ 0.08435543 -0.05172074]
3198,3.197999999999759,[-1.29813391 -2.43973801],[-0.53981886 -0.79136847],[0.15612048 0.61155072],[ 0.08452188 -0.05166908]
3199,3.1989999999997587,[-1.29867357 -2.44052877],[-0.53966274 -0.79075692],[0.15641811 0.61080953],[ 0.08468832 -0.05161743]
3200,3.1999999999997586,[-1.29921307 -2.44131892],[-0.53950632 -0.79014611],[0.15671571 0.61007348],[ 0.08485474 -0.05156577]
3201,3.2009999999997585,[-1.29975242 -2.44210845],[-0.5393496  -0.78953604],[0.15701327 0.60934255],[ 0.08502115 -0.05151411]
3202,3.2019999999997584,[-1.30029162 -2.44289738],[-0.53919259 -0.7889267 ],[0.15731081 0.60861672],[ 0.08518755 -0.05146244]
3203,3.2029999999997583,[-1.30083065 -2.4436857 ],[-0.53903528 -0.78831808],[0.15760831 0.60789597],[ 0.08535393 -0.05141078]
3204,3.203999999999758,[-1.30136953 -2.44447341],[-0.53887767 -0.78771018],[0.15790579 0.60718027],[ 0.08552029 -0.05135911]
3205,3.204999999999758,[-1.30190825 -2.44526051],[-0.53871977 -0.787103  ],[0.15820323 0.6064696 ],[ 0.08568665 -0.05130744]
3206,3.205999999999758,[-1.30244681 -2.44604701],[-0.53856156 -0.78649653],[0.15850064 0.60576394],[ 0.08585298 -0.05125576]
3207,3.206999999999758,[-1.30298521 -2.4468329 ],[-0.53840306 -0.78589077],[0.15879802 0.60506326],[ 0.0860193  -0.05120409]
3208,3.2079999999997577,[-1.30352346 -2.44761818],[-0.53824426 -0.78528571],[0.15909537 0.60436754],[ 0.08618561 -0.05115241]
3209,3.2089999999997576,[-1.30406154 -2.44840286],[-0.53808517 -0.78468134],[0.15939269 0.60367675],[ 0.0863519  -0.05110073]
3210,3.2099999999997575,[-1.30459947 -2.44918694],[-0.53792578 -0.78407766],[0.15968997 0.60299089],[ 0.08651817 -0.05104905]
3211,3.2109999999997574,[-1.30513724 -2.44997042],[-0.53776609 -0.78347467],[0.15998723 0.60230991],[ 0.08668443 -0.05099737]
3212,3.2119999999997573,[-1.30567484 -2.45075329],[-0.5376061  -0.78287236],[0.16028445 0.60163381],[ 0.08685067 -0.05094569]
3213,3.212999999999757,[-1.30621229 -2.45153556],[-0.53744581 -0.78227073],[0.16058163 0.60096255],[ 0.0870169 -0.050894 ]
3214,3.213999999999757,[-1.30674957 -2.45231723],[-0.53728523 -0.78166977],[0.16087879 0.60029612],[ 0.08718311 -0.05084232]
3215,3.214999999999757,[-1.3072867 -2.4530983],[-0.53712435 -0.78106947],[0.16117591 0.59963449],[ 0.08734931 -0.05079063]
3216,3.215999999999757,[-1.30782366 -2.45387877],[-0.53696318 -0.78046983],[0.161473   0.59897764],[ 0.08751549 -0.05073894]
3217,3.2169999999997567,[-1.30836046 -2.45465864],[-0.53680171 -0.77987086],[0.16177006 0.59832555],[ 0.08768166 -0.05068725]
3218,3.2179999999997566,[-1.3088971  -2.45543791],[-0.53663994 -0.77927253],[0.16206708 0.5976782 ],[ 0.08784781 -0.05063556]
3219,3.2189999999997565,[-1.30943358 -2.45621659],[-0.53647787 -0.77867485],[0.16236407 0.59703557],[ 0.08801394 -0.05058387]
3220,3.2199999999997564,[-1.3099699  -2.45699466],[-0.5363155  -0.77807782],[0.16266103 0.59639763],[ 0.08818006 -0.05053218]
3221,3.2209999999997563,[-1.31050605 -2.45777215],[-0.53615284 -0.77748142],[0.16295795 0.59576436],[ 0.08834616 -0.05048049]
3222,3.221999999999756,[-1.31104204 -2.45854903],[-0.53598989 -0.77688566],[0.16325484 0.59513574],[ 0.08851224 -0.0504288 ]
3223,3.222999999999756,[-1.31157786 -2.45932532],[-0.53582663 -0.77629052],[0.16355169 0.59451176],[ 0.08867831 -0.05037711]
3224,3.223999999999756,[-1.31211353 -2.46010102],[-0.53566308 -0.77569601],[0.16384851 0.59389238],[ 0.08884436 -0.05032541]
3225,3.224999999999756,[-1.31264903 -2.46087612],[-0.53549923 -0.77510212],[0.1641453  0.59327759],[ 0.0890104  -0.05027372]
3226,3.2259999999997557,[-1.31318436 -2.46165063],[-0.53533508 -0.77450884],[0.16444205 0.59266737],[ 0.08917642 -0.05022203]
3227,3.2269999999997556,[-1.31371953 -2.46242455],[-0.53517064 -0.77391617],[0.16473877 0.5920617 ],[ 0.08934242 -0.05017033]
3228,3.2279999999997555,[-1.31425454 -2.46319787],[-0.5350059  -0.77332411],[0.16503545 0.59146055],[ 0.08950841 -0.05011864]
3229,3.2289999999997554,[-1.31478938 -2.4639706 ],[-0.53484087 -0.77273265],[0.16533209 0.59086391],[ 0.08967438 -0.05006695]
3230,3.2299999999997553,[-1.31532405 -2.46474274],[-0.53467554 -0.77214178],[0.16562871 0.59027175],[ 0.08984033 -0.05001526]
3231,3.230999999999755,[-1.31585856 -2.4655143 ],[-0.53450991 -0.77155151],[0.16592528 0.58968405],[ 0.09000627 -0.04996356]
3232,3.231999999999755,[-1.31639291 -2.46628526],[-0.53434398 -0.77096183],[0.16622182 0.5891008 ],[ 0.09017219 -0.04991187]
3233,3.232999999999755,[-1.31692709 -2.46705563],[-0.53417776 -0.77037273],[0.16651833 0.58852197],[ 0.0903381  -0.04986018]
3234,3.233999999999755,[-1.3174611  -2.46782541],[-0.53401124 -0.76978421],[0.1668148  0.58794754],[ 0.09050398 -0.04980849]
3235,3.2349999999997547,[-1.31799494 -2.46859461],[-0.53384443 -0.76919626],[0.16711124 0.5873775 ],[ 0.09066985 -0.0497568 ]
3236,3.2359999999997546,[-1.31852862 -2.46936322],[-0.53367732 -0.76860888],[0.16740763 0.58681182],[ 0.0908357  -0.04970511]
3237,3.2369999999997545,[-1.31906213 -2.47013124],[-0.53350991 -0.76802207],[0.167704   0.58625048],[ 0.09100154 -0.04965342]
3238,3.2379999999997544,[-1.31959547 -2.47089868],[-0.5333422  -0.76743582],[0.16800032 0.58569347],[ 0.09116736 -0.04960174]
3239,3.2389999999997543,[-1.32012865 -2.47166553],[-0.5331742  -0.76685013],[0.16829661 0.58514076],[ 0.09133316 -0.04955005]
3240,3.239999999999754,[-1.32066165 -2.47243179],[-0.53300591 -0.76626498],[0.16859287 0.58459233],[ 0.09149894 -0.04949837]
3241,3.240999999999754,[-1.32119449 -2.47319747],[-0.53283731 -0.76568039],[0.16888909 0.58404817],[ 0.0916647  -0.04944668]
3242,3.241999999999754,[-1.32172716 -2.47396257],[-0.53266843 -0.76509634],[0.16918527 0.58350825],[ 0.09183045 -0.049395  ]
3243,3.242999999999754,[-1.32225966 -2.47472708],[-0.53249924 -0.76451284],[0.16948141 0.58297256],[ 0.09199618 -0.04934332]
3244,3.2439999999997537,[-1.32279199 -2.47549101],[-0.53232976 -0.76392986],[0.16977752 0.58244108],[ 0.0921619  -0.04929164]
3245,3.2449999999997536,[-1.32332415 -2.47625436],[-0.53215998 -0.76334742],[0.17007359 0.58191379],[ 0.09232759 -0.04923997]
3246,3.2459999999997535,[-1.32385614 -2.47701712],[-0.53198991 -0.76276551],[0.17036962 0.58139066],[ 0.09249327 -0.04918829]
3247,3.2469999999997534,[-1.32438796 -2.47777931],[-0.53181954 -0.76218412],[0.17066561 0.58087168],[ 0.09265893 -0.04913662]
3248,3.2479999999997533,[-1.3249196  -2.47854091],[-0.53164887 -0.76160325],[0.17096157 0.58035683],[ 0.09282457 -0.04908495]
3249,3.248999999999753,[-1.32545108 -2.47930194],[-0.53147791 -0.76102289],[0.17125749 0.5798461 ],[ 0.09299019 -0.04903328]
3250,3.249999999999753,[-1.32598239 -2.48006238],[-0.53130665 -0.76044304],[0.17155337 0.57933946],[ 0.0931558  -0.04898161]
3251,3.250999999999753,[-1.32651352 -2.48082224],[-0.5311351 -0.7598637],[0.17184921 0.57883689],[ 0.09332139 -0.04892995]
3252,3.251999999999753,[-1.32704449 -2.48158153],[-0.53096325 -0.75928487],[0.17214502 0.57833838],[ 0.09348695 -0.04887829]
3253,3.2529999999997528,[-1.32757528 -2.48234023],[-0.53079111 -0.75870653],[0.17244079 0.57784391],[ 0.09365251 -0.04882663]
3254,3.2539999999997526,[-1.3281059  -2.48309836],[-0.53061867 -0.75812868],[0.17273652 0.57735345],[ 0.09381804 -0.04877497]
3255,3.2549999999997525,[-1.32863634 -2.48385591],[-0.53044593 -0.75755133],[0.17303221 0.576867  ],[ 0.09398355 -0.04872332]
3256,3.2559999999997524,[-1.32916662 -2.48461289],[-0.5302729  -0.75697446],[0.17332786 0.57638453],[ 0.09414905 -0.04867166]
3257,3.2569999999997523,[-1.32969672 -2.48536929],[-0.53009957 -0.75639808],[0.17362347 0.57590603],[ 0.09431453 -0.04862001]
3258,3.257999999999752,[-1.33022664 -2.48612511],[-0.52992595 -0.75582217],[0.17391905 0.57543147],[ 0.09447998 -0.04856837]
3259,3.258999999999752,[-1.33075639 -2.48688035],[-0.52975203 -0.75524674],[0.17421458 0.57496084],[ 0.09464542 -0.04851673]
3260,3.259999999999752,[-1.33128597 -2.48763503],[-0.52957781 -0.75467178],[0.17451008 0.57449413],[ 0.09481085 -0.04846509]
3261,3.260999999999752,[-1.33181538 -2.48838912],[-0.5294033  -0.75409729],[0.17480554 0.5740313 ],[ 0.09497625 -0.04841345]
3262,3.2619999999997518,[-1.3323446  -2.48914265],[-0.5292285  -0.75352326],[0.17510096 0.57357236],[ 0.09514163 -0.04836182]
3263,3.2629999999997517,[-1.33287366 -2.4898956 ],[-0.52905339 -0.75294968],[0.17539634 0.57311727],[ 0.095307   -0.04831019]
3264,3.2639999999997515,[-1.33340253 -2.49064797],[-0.528878   -0.75237657],[0.17569167 0.57266602],[ 0.09547234 -0.04825856]
3265,3.2649999999997514,[-1.33393124 -2.49139978],[-0.52870231 -0.7518039 ],[0.17598697 0.57221859],[ 0.09563767 -0.04820694]
3266,3.2659999999997513,[-1.33445976 -2.49215101],[-0.52852632 -0.75123168],[0.17628223 0.57177497],[ 0.09580298 -0.04815532]
3267,3.266999999999751,[-1.33498811 -2.49290167],[-0.52835004 -0.75065991],[0.17657745 0.57133514],[ 0.09596826 -0.0481037 ]
3268,3.267999999999751,[-1.33551629 -2.49365176],[-0.52817346 -0.75008857],[0.17687263 0.57089909],[ 0.09613353 -0.04805209]
3269,3.268999999999751,[-1.33604428 -2.49440127],[-0.52799659 -0.74951767],[0.17716777 0.57046678],[ 0.09629878 -0.04800048]
3270,3.269999999999751,[-1.3365721  -2.49515022],[-0.52781942 -0.74894721],[0.17746287 0.57003822],[ 0.09646401 -0.04794888]
3271,3.2709999999997508,[-1.33709975 -2.4958986 ],[-0.52764196 -0.74837717],[0.17775793 0.56961337],[ 0.09662922 -0.04789728]
3272,3.2719999999997507,[-1.33762721 -2.49664641],[-0.5274642  -0.74780755],[0.17805295 0.56919223],[ 0.09679442 -0.04784568]
3273,3.2729999999997506,[-1.3381545  -2.49739365],[-0.52728615 -0.74723836],[0.17834793 0.56877477],[ 0.09695959 -0.04779409]
3274,3.2739999999997504,[-1.3386816  -2.49814031],[-0.5271078  -0.74666959],[0.17864286 0.56836099],[ 0.09712474 -0.0477425 ]
3275,3.2749999999997503,[-1.33920853 -2.49888642],[-0.52692916 -0.74610123],[0.17893776 0.56795086],[ 0.09728987 -0.04769092]
3276,3.2759999999997502,[-1.33973528 -2.49963195],[-0.52675022 -0.74553328],[0.17923261 0.56754436],[ 0.09745498 -0.04763934]
3277,3.27699999999975,[-1.34026185 -2.50037692],[-0.52657098 -0.74496573],[0.17952743 0.56714149],[ 0.09762008 -0.04758777]
3278,3.27799999999975,[-1.34078824 -2.50112131],[-0.52639146 -0.74439859],[0.1798222  0.56674222],[ 0.09778515 -0.0475362 ]
3279,3.27899999999975,[-1.34131446 -2.50186515],[-0.52621164 -0.74383185],[0.18011693 0.56634654],[ 0.0979502  -0.04748464]
3280,3.27999999999975,[-1.34184049 -2.50260841],[-0.52603152 -0.7432655 ],[0.18041162 0.56595443],[ 0.09811523 -0.04743308]
3281,3.2809999999997497,[-1.34236634 -2.50335111],[-0.52585111 -0.74269955],[0.18070627 0.56556588],[ 0.09828025 -0.04738153]
3282,3.2819999999997496,[-1.34289201 -2.50409324],[-0.5256704  -0.74213398],[0.18100087 0.56518087],[ 0.09844524 -0.04732998]
3283,3.2829999999997495,[-1.3434175  -2.50483481],[-0.5254894 -0.7415688],[0.18129544 0.56479938],[ 0.09861021 -0.04727843]
3284,3.2839999999997493,[-1.34394281 -2.50557582],[-0.5253081 -0.741004 ],[0.18158996 0.56442139],[ 0.09877516 -0.0472269 ]
3285,3.2849999999997492,[-1.34446793 -2.50631626],[-0.52512651 -0.74043958],[0.18188444 0.5640469 ],[ 0.09894009 -0.04717536]
3286,3.285999999999749,[-1.34499288 -2.50705613],[-0.52494463 -0.73987553],[0.18217888 0.56367589],[ 0.099105   -0.04712384]
3287,3.286999999999749,[-1.34551764 -2.50779544],[-0.52476245 -0.73931186],[0.18247328 0.56330833],[ 0.09926989 -0.04707231]
3288,3.287999999999749,[-1.34604222 -2.50853419],[-0.52457998 -0.73874855],[0.18276763 0.56294422],[ 0.09943476 -0.0470208 ]
3289,3.288999999999749,[-1.34656662 -2.50927238],[-0.52439721 -0.7381856 ],[0.18306194 0.56258354],[ 0.09959961 -0.04696929]
3290,3.2899999999997487,[-1.34709083 -2.51001   ],[-0.52421415 -0.73762302],[0.18335621 0.56222628],[ 0.09976444 -0.04691778]
3291,3.2909999999997486,[-1.34761486 -2.51074706],[-0.52403079 -0.73706079],[0.18365044 0.56187241],[ 0.09992925 -0.04686628]
3292,3.2919999999997485,[-1.34813871 -2.51148356],[-0.52384714 -0.73649892],[0.18394462 0.56152192],[ 0.10009403 -0.04681479]
3293,3.2929999999997484,[-1.34866237 -2.5122195 ],[-0.5236632 -0.7359374],[0.18423876 0.5611748 ],[ 0.1002588  -0.04676331]
3294,3.2939999999997482,[-1.34918585 -2.51295487],[-0.52347896 -0.73537622],[0.18453286 0.56083103],[ 0.10042354 -0.04671183]
3295,3.294999999999748,[-1.34970915 -2.51368969],[-0.52329443 -0.73481539],[0.18482691 0.5604906 ],[ 0.10058826 -0.04666035]
3296,3.295999999999748,[-1.35023226 -2.51442395],[-0.5231096 -0.7342549],[0.18512092 0.56015349],[ 0.10075297 -0.04660888]
3297,3.296999999999748,[-1.35075518 -2.51515764],[-0.52292448 -0.73369475],[0.18541489 0.55981969],[ 0.10091765 -0.04655742]
3298,3.297999999999748,[-1.35127792 -2.51589077],[-0.52273906 -0.73313493],[0.18570881 0.55948918],[ 0.10108231 -0.04650597]
3299,3.2989999999997477,[-1.35180047 -2.51662335],[-0.52255335 -0.73257544],[0.18600269 0.55916195],[ 0.10124694 -0.04645452]
3300,3.2999999999997476,[-1.35232284 -2.51735537],[-0.52236735 -0.73201628],[0.18629653 0.55883798],[ 0.10141156 -0.04640308]
3301,3.3009999999997475,[-1.35284502 -2.51808682],[-0.52218105 -0.73145744],[0.18659032 0.55851725],[ 0.10157616 -0.04635164]
3302,3.3019999999997474,[-1.35336702 -2.51881772],[-0.52199446 -0.73089892],[0.18688407 0.55819976],[ 0.10174073 -0.04630022]
3303,3.3029999999997472,[-1.35388882 -2.51954806],[-0.52180758 -0.73034072],[0.18717777 0.55788549],[ 0.10190528 -0.04624879]
3304,3.303999999999747,[-1.35441044 -2.52027785],[-0.5216204  -0.72978284],[0.18747143 0.55757442],[ 0.10206981 -0.04619738]
3305,3.304999999999747,[-1.35493188 -2.52100707],[-0.52143293 -0.72922526],[0.18776505 0.55726654],[ 0.10223432 -0.04614597]
3306,3.305999999999747,[-1.35545312 -2.52173574],[-0.52124517 -0.728668  ],[0.18805862 0.55696183],[ 0.10239881 -0.04609458]
3307,3.306999999999747,[-1.35597418 -2.52246385],[-0.52105711 -0.72811104],[0.18835215 0.55666029],[ 0.10256327 -0.04604318]
3308,3.3079999999997467,[-1.35649505 -2.52319141],[-0.52086876 -0.72755437],[0.18864563 0.55636189],[ 0.10272771 -0.0459918 ]
3309,3.3089999999997466,[-1.35701573 -2.5239184 ],[-0.52068011 -0.72699801],[0.18893907 0.55606662],[ 0.10289213 -0.04594042]
3310,3.3099999999997465,[-1.35753622 -2.52464485],[-0.52049117 -0.72644195],[0.18923246 0.55577447],[ 0.10305653 -0.04588905]
3311,3.3109999999997464,[-1.35805652 -2.52537073],[-0.52030194 -0.72588617],[0.18952581 0.55548543],[ 0.10322091 -0.04583769]
3312,3.3119999999997463,[-1.35857663 -2.52609606],[-0.52011241 -0.72533069],[0.18981912 0.55519947],[ 0.10338526 -0.04578634]
3313,3.312999999999746,[-1.35909656 -2.52682084],[-0.51992259 -0.72477549],[0.19011237 0.55491659],[ 0.10354959 -0.04573499]
3314,3.313999999999746,[-1.35961629 -2.52754506],[-0.51973248 -0.72422057],[0.19040559 0.55463677],[ 0.1037139  -0.04568365]
3315,3.314999999999746,[-1.36013583 -2.52826872],[-0.51954207 -0.72366593],[0.19069876 0.55436   ],[ 0.10387819 -0.04563232]
3316,3.315999999999746,[-1.36065518 -2.52899184],[-0.51935138 -0.72311157],[0.19099188 0.55408626],[ 0.10404245 -0.045581  ]
3317,3.3169999999997457,[-1.36117434 -2.52971439],[-0.51916038 -0.72255749],[0.19128496 0.55381554],[ 0.1042067  -0.04552969]
3318,3.3179999999997456,[-1.36169331 -2.5304364 ],[-0.5189691  -0.72200367],[0.19157799 0.55354783],[ 0.10437092 -0.04547838]
3319,3.3189999999997455,[-1.36221209 -2.53115785],[-0.51877752 -0.72145012],[0.19187097 0.55328311],[ 0.10453511 -0.04542708]
3320,3.3199999999997454,[-1.36273067 -2.53187874],[-0.51858565 -0.72089684],[0.19216391 0.55302137],[ 0.10469929 -0.04537579]
3321,3.3209999999997453,[-1.36324907 -2.53259909],[-0.51839349 -0.72034382],[0.19245681 0.55276259],[ 0.10486344 -0.04532451]
3322,3.321999999999745,[-1.36376727 -2.53331888],[-0.51820103 -0.71979106],[0.19274966 0.55250677],[ 0.10502756 -0.04527324]
3323,3.322999999999745,[-1.36428528 -2.53403812],[-0.51800828 -0.71923855],[0.19304246 0.55225389],[ 0.10519167 -0.04522198]
3324,3.323999999999745,[-1.36480309 -2.5347568 ],[-0.51781524 -0.7186863 ],[0.19333522 0.55200393],[ 0.10535575 -0.04517073]
3325,3.324999999999745,[-1.36532071 -2.53547494],[-0.5176219  -0.71813429],[0.19362793 0.55175689],[ 0.10551981 -0.04511948]
3326,3.3259999999997447,[-1.36583814 -2.53619252],[-0.51742827 -0.71758254],[0.19392059 0.55151274],[ 0.10568384 -0.04506824]
3327,3.3269999999997446,[-1.36635538 -2.53690955],[-0.51723435 -0.71703102],[0.19421321 0.55127148],[ 0.10584786 -0.04501702]
3328,3.3279999999997445,[-1.36687242 -2.53762603],[-0.51704014 -0.71647975],[0.19450578 0.5510331 ],[ 0.10601185 -0.0449658 ]
3329,3.3289999999997444,[-1.36738926 -2.53834196],[-0.51684563 -0.71592872],[0.1947983  0.55079757],[ 0.10617581 -0.04491459]
3330,3.3299999999997443,[-1.36790591 -2.53905734],[-0.51665084 -0.71537792],[0.19509078 0.55056489],[ 0.10633975 -0.04486339]
3331,3.330999999999744,[-1.36842237 -2.53977216],[-0.51645575 -0.71482736],[0.19538321 0.55033505],[ 0.10650367 -0.0448122 ]
3332,3.331999999999744,[-1.36893863 -2.54048644],[-0.51626036 -0.71427702],[0.19567559 0.55010802],[ 0.10666757 -0.04476102]
3333,3.332999999999744,[-1.36945469 -2.54120017],[-0.51606469 -0.71372691],[0.19596793 0.54988381],[ 0.10683144 -0.04470985]
3334,3.333999999999744,[-1.36997056 -2.54191335],[-0.51586872 -0.71317703],[0.19626022 0.54966239],[ 0.10699529 -0.04465869]
3335,3.3349999999997437,[-1.37048624 -2.54262597],[-0.51567246 -0.71262737],[0.19655246 0.54944375],[ 0.10715911 -0.04460754]
3336,3.3359999999997436,[-1.37100171 -2.54333805],[-0.51547591 -0.71207792],[0.19684465 0.54922788],[ 0.10732291 -0.0445564 ]
3337,3.3369999999997435,[-1.37151699 -2.54404958],[-0.51527906 -0.71152869],[0.1971368  0.54901478],[ 0.10748668 -0.04450526]
3338,3.3379999999997434,[-1.37203207 -2.54476056],[-0.51508192 -0.71097968],[0.1974289  0.54880441],[ 0.10765044 -0.04445414]
3339,3.3389999999997433,[-1.37254696 -2.54547099],[-0.5148845  -0.71043088],[0.19772095 0.54859678],[ 0.10781416 -0.04440303]
3340,3.339999999999743,[-1.37306164 -2.54618087],[-0.51468678 -0.70988228],[0.19801296 0.54839187],[ 0.10797787 -0.04435193]
3341,3.340999999999743,[-1.37357613 -2.54689021],[-0.51448876 -0.70933389],[0.19830491 0.54818967],[ 0.10814155 -0.04430084]
3342,3.341999999999743,[-1.37409042 -2.54759899],[-0.51429046 -0.7087857 ],[0.19859682 0.54799017],[ 0.1083052  -0.04424976]
3343,3.342999999999743,[-1.37460452 -2.54830723],[-0.51409186 -0.70823771],[0.19888868 0.54779334],[ 0.10846883 -0.04419869]
3344,3.3439999999997427,[-1.37511841 -2.54901492],[-0.51389297 -0.70768991],[0.1991805  0.54759919],[ 0.10863244 -0.04414763]
3345,3.3449999999997426,[-1.3756321  -2.54972206],[-0.51369379 -0.70714231],[0.19947226 0.5474077 ],[ 0.10879602 -0.04409658]
3346,3.3459999999997425,[-1.3761456  -2.55042866],[-0.51349432 -0.70659491],[0.19976398 0.54721885],[ 0.10895958 -0.04404554]
3347,3.3469999999997424,[-1.37665889 -2.5511347 ],[-0.51329455 -0.70604769],[0.20005564 0.54703264],[ 0.10912311 -0.04399451]
3348,3.3479999999997423,[-1.37717199 -2.55184021],[-0.5130945  -0.70550066],[0.20034726 0.54684906],[ 0.10928662 -0.0439435 ]
3349,3.348999999999742,[-1.37768488 -2.55254516],[-0.51289415 -0.70495381],[0.20063883 0.54666808],[ 0.1094501  -0.04389249]
3350,3.349999999999742,[-1.37819757 -2.55324957],[-0.51269351 -0.70440714],[0.20093035 0.54648971],[ 0.10961356 -0.0438415 ]
3351,3.350999999999742,[-1.37871007 -2.55395343],[-0.51249258 -0.70386065],[0.20122183 0.54631392],[ 0.109777   -0.04379051]
3352,3.351999999999742,[-1.37922236 -2.55465674],[-0.51229136 -0.70331433],[0.20151325 0.5461407 ],[ 0.10994041 -0.04373954]
3353,3.3529999999997417,[-1.37973445 -2.55535951],[-0.51208985 -0.70276819],[0.20180463 0.54597005],[ 0.11010379 -0.04368858]
3354,3.3539999999997416,[-1.38024633 -2.55606173],[-0.51188804 -0.70222222],[0.20209595 0.54580195],[ 0.11026715 -0.04363763]
3355,3.3549999999997415,[-1.38075802 -2.55676341],[-0.51168595 -0.70167642],[0.20238723 0.5456364 ],[ 0.11043048 -0.04358669]
3356,3.3559999999997414,[-1.3812695  -2.55746454],[-0.51148356 -0.70113079],[0.20267846 0.54547337],[ 0.11059379 -0.04353577]
3357,3.3569999999997413,[-1.38178079 -2.55816512],[-0.51128088 -0.70058531],[0.20296964 0.54531286],[ 0.11075707 -0.04348485]
3358,3.357999999999741,[-1.38229186 -2.55886516],[-0.51107791 -0.70004   ],[0.20326077 0.54515485],[ 0.11092033 -0.04343395]
3359,3.358999999999741,[-1.38280274 -2.55956466],[-0.51087465 -0.69949484],[0.20355185 0.54499934],[ 0.11108356 -0.04338306]
3360,3.359999999999741,[-1.38331341 -2.56026361],[-0.5106711  -0.69894985],[0.20384288 0.54484632],[ 0.11124677 -0.04333218]
3361,3.360999999999741,[-1.38382388 -2.56096201],[-0.51046726 -0.698405  ],[0.20413386 0.54469576],[ 0.11140995 -0.04328131]
3362,3.3619999999997408,[-1.38433414 -2.56165987],[-0.51026312 -0.6978603 ],[0.20442479 0.54454767],[ 0.11157311 -0.04323046]
3363,3.3629999999997406,[-1.3848442  -2.56235719],[-0.5100587  -0.69731576],[0.20471567 0.54440202],[ 0.11173624 -0.04317961]
3364,3.3639999999997405,[-1.38535405 -2.56305396],[-0.50985398 -0.69677135],[0.2050065  0.54425881],[ 0.11189934 -0.04312878]
3365,3.3649999999997404,[-1.3858637  -2.56375019],[-0.50964898 -0.69622709],[0.20529728 0.54411803],[ 0.11206242 -0.04307796]
3366,3.3659999999997403,[-1.38637314 -2.56444587],[-0.50944368 -0.69568298],[0.20558801 0.54397967],[ 0.11222547 -0.04302716]
3367,3.36699999999974,[-1.38688238 -2.56514101],[-0.50923809 -0.695139  ],[0.20587869 0.54384371],[ 0.1123885  -0.04297636]
3368,3.36799999999974,[-1.38739141 -2.56583561],[-0.50903221 -0.69459515],[0.20616933 0.54371014],[ 0.1125515  -0.04292558]
3369,3.36899999999974,[-1.38790024 -2.56652966],[-0.50882604 -0.69405144],[0.20645991 0.54357896],[ 0.11271448 -0.04287481]
3370,3.36999999999974,[-1.38840886 -2.56722316],[-0.50861958 -0.69350786],[0.20675043 0.54345014],[ 0.11287743 -0.04282406]
3371,3.3709999999997398,[-1.38891727 -2.56791613],[-0.50841283 -0.69296441],[0.20704091 0.54332369],[ 0.11304035 -0.04277332]
3372,3.3719999999997397,[-1.38942548 -2.56860855],[-0.50820579 -0.69242109],[0.20733134 0.54319959],[ 0.11320324 -0.04272259]
3373,3.3729999999997395,[-1.38993348 -2.56930043],[-0.50799846 -0.69187789],[0.20762172 0.54307783],[ 0.11336611 -0.04267187]
3374,3.3739999999997394,[-1.39044127 -2.56999176],[-0.50779084 -0.69133481],[0.20791205 0.5429584 ],[ 0.11352896 -0.04262116]
3375,3.3749999999997393,[-1.39094885 -2.57068255],[-0.50758293 -0.69079185],[0.20820232 0.54284128],[ 0.11369177 -0.04257047]
3376,3.375999999999739,[-1.39145623 -2.5713728 ],[-0.50737472 -0.69024901],[0.20849255 0.54272648],[ 0.11385456 -0.0425198 ]
3377,3.376999999999739,[-1.39196339 -2.57206251],[-0.50716623 -0.68970629],[0.20878272 0.54261397],[ 0.11401733 -0.04246913]
3378,3.377999999999739,[-1.39247035 -2.57275167],[-0.50695745 -0.68916367],[0.20907285 0.54250374],[ 0.11418006 -0.04241848]
3379,3.378999999999739,[-1.3929771 -2.5734403],[-0.50674838 -0.68862117],[0.20936292 0.54239579],[ 0.11434277 -0.04236784]
3380,3.3799999999997388,[-1.39348364 -2.57412837],[-0.50653901 -0.68807877],[0.20965294 0.54229011],[ 0.11450546 -0.04231722]
3381,3.3809999999997387,[-1.39398997 -2.57481591],[-0.50632936 -0.68753648],[0.20994291 0.54218668],[ 0.11466811 -0.04226661]
3382,3.3819999999997385,[-1.39449609 -2.5755029 ],[-0.50611942 -0.6869943 ],[0.21023282 0.5420855 ],[ 0.11483074 -0.04221601]
3383,3.3829999999997384,[-1.39500199 -2.57618936],[-0.50590918 -0.68645221],[0.21052269 0.54198654],[ 0.11499335 -0.04216543]
3384,3.3839999999997383,[-1.39550769 -2.57687527],[-0.50569866 -0.68591022],[0.2108125  0.54188982],[ 0.11515592 -0.04211486]
3385,3.384999999999738,[-1.39601318 -2.57756064],[-0.50548785 -0.68536833],[0.21110227 0.5417953 ],[ 0.11531847 -0.04206431]
3386,3.385999999999738,[-1.39651846 -2.57824546],[-0.50527675 -0.68482654],[0.21139198 0.54170299],[ 0.11548099 -0.04201377]
3387,3.386999999999738,[-1.39702352 -2.57892975],[-0.50506535 -0.68428484],[0.21168164 0.54161288],[ 0.11564349 -0.04196324]
3388,3.387999999999738,[-1.39752838 -2.57961349],[-0.50485367 -0.68374322],[0.21197124 0.54152494],[ 0.11580595 -0.04191273]
3389,3.3889999999997378,[-1.39803302 -2.58029669],[-0.5046417 -0.6832017],[0.2122608  0.54143918],[ 0.11596839 -0.04186223]
3390,3.3899999999997377,[-1.39853745 -2.58097935],[-0.50442944 -0.68266026],[0.2125503  0.54135559],[ 0.1161308  -0.04181175]
3391,3.3909999999997376,[-1.39904167 -2.58166147],[-0.50421689 -0.6821189 ],[0.21283975 0.54127414],[ 0.11629319 -0.04176128]
3392,3.3919999999997374,[-1.39954567 -2.58234305],[-0.50400405 -0.68157763],[0.21312915 0.54119484],[ 0.11645554 -0.04171083]
3393,3.3929999999997373,[-1.40004946 -2.58302408],[-0.50379092 -0.68103643],[0.21341849 0.54111767],[ 0.11661787 -0.04166039]
3394,3.3939999999997372,[-1.40055304 -2.58370458],[-0.5035775  -0.68049532],[0.21370778 0.54104262],[ 0.11678017 -0.04160996]
3395,3.394999999999737,[-1.4010564  -2.58438453],[-0.5033638  -0.67995427],[0.21399702 0.54096969],[ 0.11694245 -0.04155955]
3396,3.395999999999737,[-1.40155955 -2.58506395],[-0.5031498 -0.6794133],[0.21428621 0.54089886],[ 0.11710469 -0.04150916]
3397,3.396999999999737,[-1.40206249 -2.58574282],[-0.50293551 -0.67887241],[0.21457535 0.54083013],[ 0.11726691 -0.04145878]
3398,3.397999999999737,[-1.40256521 -2.58642115],[-0.50272094 -0.67833158],[0.21486443 0.54076348],[ 0.1174291  -0.04140841]
3399,3.3989999999997367,[-1.40306771 -2.58709894],[-0.50250607 -0.67779081],[0.21515346 0.5406989 ],[ 0.11759126 -0.04135806]
3400,3.3999999999997366,[-1.40357    -2.58777619],[-0.50229092 -0.67725011],[0.21544243 0.54063639],[ 0.1177534  -0.04130773]
3401,3.4009999999997365,[-1.40407208 -2.5884529 ],[-0.50207548 -0.67670948],[0.21573135 0.54057593],[ 0.1179155  -0.04125741]
3402,3.4019999999997363,[-1.40457394 -2.58912907],[-0.50185975 -0.6761689 ],[0.21602022 0.54051752],[ 0.11807758 -0.0412071 ]
3403,3.4029999999997362,[-1.40507558 -2.5898047 ],[-0.50164372 -0.67562838],[0.21630904 0.54046114],[ 0.11823963 -0.04115682]
3404,3.403999999999736,[-1.40557701 -2.59047979],[-0.50142742 -0.67508792],[0.2165978  0.54040679],[ 0.11840165 -0.04110654]
3405,3.404999999999736,[-1.40607822 -2.59115433],[-0.50121082 -0.67454752],[0.21688651 0.54035446],[ 0.11856364 -0.04105629]
3406,3.405999999999736,[-1.40657922 -2.59182834],[-0.50099393 -0.67400716],[0.21717517 0.54030414],[ 0.1187256  -0.04100605]
3407,3.406999999999736,[-1.40707999 -2.59250181],[-0.50077676 -0.67346686],[0.21746377 0.54025581],[ 0.11888754 -0.04095582]
3408,3.4079999999997357,[-1.40758055 -2.59317474],[-0.50055929 -0.6729266 ],[0.21775232 0.54020948],[ 0.11904944 -0.04090561]
3409,3.4089999999997356,[-1.40808089 -2.59384712],[-0.50034154 -0.67238639],[0.21804081 0.54016512],[ 0.11921132 -0.04085542]
3410,3.4099999999997355,[-1.40858102 -2.59451897],[-0.5001235  -0.67184623],[0.21832925 0.54012274],[ 0.11937317 -0.04080524]
3411,3.4109999999997354,[-1.40908092 -2.59519027],[-0.49990517 -0.6713061 ],[0.21861764 0.54008231],[ 0.11953499 -0.04075508]
3412,3.4119999999997352,[-1.40958061 -2.59586104],[-0.49968655 -0.67076602],[0.21890597 0.54004384],[ 0.11969678 -0.04070493]
3413,3.412999999999735,[-1.41008008 -2.59653127],[-0.49946765 -0.67022598],[0.21919425 0.54000731],[ 0.11985854 -0.0406548 ]
3414,3.413999999999735,[-1.41057932 -2.59720095],[-0.49924845 -0.66968597],[0.21948248 0.53997272],[ 0.12002027 -0.04060469]
3415,3.414999999999735,[-1.41107835 -2.5978701 ],[-0.49902897 -0.669146  ],[0.21977065 0.53994005],[ 0.12018197 -0.04055459]
3416,3.415999999999735,[-1.41157716 -2.5985387 ],[-0.4988092  -0.66860606],[0.22005876 0.53990929],[ 0.12034365 -0.04050451]
3417,3.4169999999997347,[-1.41207575 -2.59920677],[-0.49858914 -0.66806615],[0.22034682 0.53988044],[ 0.12050529 -0.04045445]
3418,3.4179999999997346,[-1.41257412 -2.5998743 ],[-0.49836879 -0.66752627],[0.22063483 0.53985349],[ 0.12066691 -0.04040441]
3419,3.4189999999997345,[-1.41307227 -2.60054128],[-0.49814816 -0.66698641],[0.22092278 0.53982843],[ 0.12082849 -0.04035438]
3420,3.4199999999997344,[-1.4135702  -2.60120773],[-0.49792724 -0.66644659],[0.22121068 0.53980525],[ 0.12099005 -0.04030436]
3421,3.4209999999997343,[-1.4140679  -2.60187364],[-0.49770603 -0.66590678],[0.22149852 0.53978394],[ 0.12115158 -0.04025437]
3422,3.421999999999734,[-1.41456539 -2.602539  ],[-0.49748453 -0.665367  ],[0.22178631 0.5397645 ],[ 0.12131307 -0.04020439]
3423,3.422999999999734,[-1.41506265 -2.60320383],[-0.49726274 -0.66482723],[0.22207404 0.5397469 ],[ 0.12147454 -0.04015443]
3424,3.423999999999734,[-1.41555969 -2.60386812],[-0.49704067 -0.66428749],[0.22236172 0.53973116],[ 0.12163598 -0.04010448]
3425,3.424999999999734,[-1.41605651 -2.60453187],[-0.4968183  -0.66374775],[0.22264934 0.53971724],[ 0.12179739 -0.04005456]
3426,3.4259999999997337,[-1.4165531  -2.60519507],[-0.49659566 -0.66320804],[0.22293691 0.53970516],[ 0.12195877 -0.04000465]
3427,3.4269999999997336,[-1.41704948 -2.60585774],[-0.49637272 -0.66266833],[0.22322442 0.53969489],[ 0.12212012 -0.03995476]
3428,3.4279999999997335,[-1.41754563 -2.60651987],[-0.49614949 -0.66212864],[0.22351188 0.53968644],[ 0.12228143 -0.03990488]
3429,3.4289999999997334,[-1.41804155 -2.60718146],[-0.49592598 -0.66158895],[0.22379928 0.53967979],[ 0.12244272 -0.03985502]
3430,3.4299999999997333,[-1.41853725 -2.60784251],[-0.49570218 -0.66104927],[0.22408663 0.53967493],[ 0.12260398 -0.03980518]
3431,3.430999999999733,[-1.41903273 -2.60850302],[-0.4954781 -0.6605096],[0.22437392 0.53967185],[ 0.12276521 -0.03975536]
3432,3.431999999999733,[-1.41952799 -2.60916299],[-0.49525372 -0.65996992],[0.22466115 0.53967055],[ 0.12292641 -0.03970556]
3433,3.432999999999733,[-1.42002302 -2.60982242],[-0.49502906 -0.65943025],[0.22494833 0.53967102],[ 0.12308757 -0.03965577]
3434,3.433999999999733,[-1.42051782 -2.61048131],[-0.49480411 -0.65889058],[0.22523546 0.53967325],[ 0.12324871 -0.03960601]
3435,3.4349999999997327,[-1.4210124  -2.61113966],[-0.49457888 -0.65835091],[0.22552252 0.53967723],[ 0.12340982 -0.03955626]
3436,3.4359999999997326,[-1.42150675 -2.61179747],[-0.49435335 -0.65781123],[0.22580953 0.53968295],[ 0.12357089 -0.03950653]
3437,3.4369999999997325,[-1.42200088 -2.61245474],[-0.49412755 -0.65727155],[0.22609649 0.53969041],[ 0.12373194 -0.03945681]
3438,3.4379999999997324,[-1.42249478 -2.61311148],[-0.49390145 -0.65673186],[0.22638339 0.53969959],[ 0.12389295 -0.03940712]
3439,3.4389999999997323,[-1.42298846 -2.61376767],[-0.49367507 -0.65619216],[0.22667023 0.53971049],[ 0.12405394 -0.03935744]
3440,3.439999999999732,[-1.4234819  -2.61442332],[-0.4934484  -0.65565245],[0.22695702 0.5397231 ],[ 0.12421489 -0.03930778]
3441,3.440999999999732,[-1.42397513 -2.61507843],[-0.49322144 -0.65511273],[0.22724375 0.53973741],[ 0.12437581 -0.03925814]
3442,3.441999999999732,[-1.42446812 -2.61573301],[-0.49299419 -0.65457299],[0.22753042 0.53975342],[ 0.1245367  -0.03920852]
3443,3.442999999999732,[-1.42496089 -2.61638704],[-0.49276666 -0.65403323],[0.22781704 0.53977111],[ 0.12469757 -0.03915892]
3444,3.4439999999997317,[-1.42545343 -2.61704053],[-0.49253885 -0.65349346],[0.2281036  0.53979048],[ 0.12485839 -0.03910934]
3445,3.4449999999997316,[-1.42594574 -2.61769349],[-0.49231074 -0.65295367],[0.22839011 0.53981152],[ 0.12501919 -0.03905977]
3446,3.4459999999997315,[-1.42643782 -2.6183459 ],[-0.49208235 -0.65241386],[0.22867655 0.53983421],[ 0.12517996 -0.03901023]
3447,3.4469999999997314,[-1.42692967 -2.61899777],[-0.49185368 -0.65187403],[0.22896294 0.53985857],[ 0.1253407 -0.0389607]
3448,3.4479999999997313,[-1.4274213  -2.61964911],[-0.49162471 -0.65133417],[0.22924928 0.53988456],[ 0.1255014  -0.03891119]
3449,3.448999999999731,[-1.42791269 -2.6202999 ],[-0.49139546 -0.65079428],[0.22953555 0.5399122 ],[ 0.12566207 -0.03886171]
3450,3.449999999999731,[-1.42840386 -2.62095016],[-0.49116593 -0.65025437],[0.22982177 0.53994146],[ 0.12582272 -0.03881224]
3451,3.450999999999731,[-1.42889479 -2.62159987],[-0.49093611 -0.64971443],[0.23010793 0.53997235],[ 0.12598333 -0.03876279]
3452,3.451999999999731,[-1.4293855  -2.62224905],[-0.490706   -0.64917446],[0.23039404 0.54000485],[ 0.12614391 -0.03871336]
3453,3.4529999999997307,[-1.42987598 -2.62289768],[-0.49047561 -0.64863445],[0.23068009 0.54003895],[ 0.12630445 -0.03866395]
3454,3.4539999999997306,[-1.43036622 -2.62354577],[-0.49024493 -0.64809441],[0.23096608 0.54007466],[ 0.12646497 -0.03861456]
3455,3.4549999999997305,[-1.43085623 -2.62419333],[-0.49001396 -0.64755434],[0.23125201 0.54011195],[ 0.12662545 -0.03856519]
3456,3.4559999999997304,[-1.43134602 -2.62484034],[-0.48978271 -0.64701423],[0.23153788 0.54015083],[ 0.1267859  -0.03851584]
3457,3.4569999999997303,[-1.43183557 -2.62548682],[-0.48955117 -0.64647408],[0.2318237  0.54019128],[ 0.12694632 -0.0384665 ]
3458,3.45799999999973,[-1.43232489 -2.62613275],[-0.48931935 -0.64593389],[0.23210946 0.5402333 ],[ 0.12710671 -0.03841719]
3459,3.45899999999973,[-1.43281398 -2.62677814],[-0.48908724 -0.64539365],[0.23239516 0.54027688],[ 0.12726707 -0.0383679 ]
3460,3.45999999999973,[-1.43330283 -2.627423  ],[-0.48885484 -0.64485338],[0.23268081 0.54032201],[ 0.12742739 -0.03831863]
3461,3.46099999999973,[-1.43379145 -2.62806731],[-0.48862216 -0.64431305],[0.23296639 0.54036869],[ 0.12758768 -0.03826938]
3462,3.4619999999997297,[-1.43427984 -2.62871108],[-0.48838919 -0.64377268],[0.23325192 0.54041691],[ 0.12774794 -0.03822015]
3463,3.4629999999997296,[-1.434768   -2.62935432],[-0.48815594 -0.64323227],[0.23353739 0.54046665],[ 0.12790817 -0.03817094]
3464,3.4639999999997295,[-1.43525592 -2.62999701],[-0.4879224 -0.6426918],[0.2338228  0.54051792],[ 0.12806836 -0.03812175]
3465,3.4649999999997294,[-1.43574361 -2.63063916],[-0.48768858 -0.64215128],[0.23410815 0.5405707 ],[ 0.12822852 -0.03807258]
3466,3.4659999999997293,[-1.43623106 -2.63128077],[-0.48745447 -0.64161071],[0.23439345 0.54062499],[ 0.12838865 -0.03802343]
3467,3.466999999999729,[-1.43671828 -2.63192184],[-0.48722008 -0.64107009],[0.23467868 0.54068078],[ 0.12854875 -0.0379743 ]
3468,3.467999999999729,[-1.43720527 -2.63256237],[-0.4869854  -0.64052941],[0.23496386 0.54073806],[ 0.12870882 -0.03792519]
3469,3.468999999999729,[-1.43769202 -2.63320236],[-0.48675044 -0.63998867],[0.23524898 0.54079682],[ 0.12886885 -0.0378761 ]
3470,3.469999999999729,[-1.43817853 -2.63384181],[-0.48651519 -0.63944787],[0.23553404 0.54085707],[ 0.12902885 -0.03782704]
3471,3.4709999999997287,[-1.43866481 -2.63448071],[-0.48627965 -0.63890701],[0.23581904 0.54091879],[ 0.12918881 -0.03777799]
3472,3.4719999999997286,[-1.43915086 -2.63511908],[-0.48604384 -0.6383661 ],[0.23610399 0.54098196],[ 0.12934875 -0.03772897]
3473,3.4729999999997285,[-1.43963667 -2.6357569 ],[-0.48580773 -0.63782511],[0.23638887 0.5410466 ],[ 0.12950865 -0.03767997]
3474,3.4739999999997284,[-1.44012224 -2.63639419],[-0.48557134 -0.63728407],[0.2366737  0.54111269],[ 0.12966851 -0.03763098]
3475,3.4749999999997283,[-1.44060757 -2.63703093],[-0.48533467 -0.63674295],[0.23695846 0.54118021],[ 0.12982835 -0.03758202]
3476,3.475999999999728,[-1.44109267 -2.63766713],[-0.48509771 -0.63620177],[0.23724317 0.54124917],[ 0.12998815 -0.03753308]
3477,3.476999999999728,[-1.44157753 -2.63830279],[-0.48486047 -0.63566053],[0.23752782 0.54131956],[ 0.13014792 -0.03748417]
3478,3.477999999999728,[-1.44206215 -2.63893791],[-0.48462294 -0.63511921],[0.2378124  0.54139137],[ 0.13030765 -0.03743527]
3479,3.478999999999728,[-1.44254654 -2.63957249],[-0.48438513 -0.63457781],[0.23809693 0.5414646 ],[ 0.13046735 -0.0373864 ]
3480,3.4799999999997278,[-1.44303068 -2.64020653],[-0.48414703 -0.63403635],[0.2383814  0.54153923],[ 0.13062702 -0.03733754]
3481,3.4809999999997276,[-1.44351459 -2.64084002],[-0.48390865 -0.63349481],[0.23866581 0.54161526],[ 0.13078665 -0.03728871]
3482,3.4819999999997275,[-1.44399826 -2.64147297],[-0.48366998 -0.6329532 ],[0.23895016 0.54169268],[ 0.13094625 -0.0372399 ]
3483,3.4829999999997274,[-1.44448169 -2.64210539],[-0.48343103 -0.6324115 ],[0.23923445 0.54177149],[ 0.13110582 -0.03719111]
3484,3.4839999999997273,[-1.44496489 -2.64273726],[-0.4831918  -0.63186973],[0.23951868 0.54185168],[ 0.13126536 -0.03714235]
3485,3.484999999999727,[-1.44544784 -2.64336858],[-0.48295228 -0.63132788],[0.23980285 0.54193324],[ 0.13142485 -0.0370936 ]
3486,3.485999999999727,[-1.44593055 -2.64399937],[-0.48271248 -0.63078595],[0.24008696 0.54201616],[ 0.13158432 -0.03704488]
3487,3.486999999999727,[-1.44641302 -2.64462961],[-0.48247239 -0.63024393],[0.24037101 0.54210045],[ 0.13174375 -0.03699618]
3488,3.487999999999727,[-1.44689526 -2.64525932],[-0.48223202 -0.62970183],[0.24065501 0.54218608],[ 0.13190315 -0.03694751]
3489,3.4889999999997268,[-1.44737725 -2.64588848],[-0.48199136 -0.62915964],[0.24093894 0.54227306],[ 0.13206251 -0.03689885]
3490,3.4899999999997267,[-1.447859   -2.64651709],[-0.48175042 -0.62861737],[0.24122281 0.54236138],[ 0.13222184 -0.03685022]
3491,3.4909999999997265,[-1.44834051 -2.64714517],[-0.4815092  -0.62807501],[0.24150662 0.54245103],[ 0.13238114 -0.03680161]
3492,3.4919999999997264,[-1.44882177 -2.6477727 ],[-0.4812677  -0.62753256],[0.24179037 0.542542  ],[ 0.1325404  -0.03675302]
3493,3.4929999999997263,[-1.4493028  -2.64839969],[-0.4810259  -0.62699002],[0.24207405 0.54263429],[ 0.13269963 -0.03670446]
3494,3.493999999999726,[-1.44978358 -2.64902614],[-0.48078383 -0.62644738],[0.24235768 0.54272789],[ 0.13285882 -0.03665592]
3495,3.494999999999726,[-1.45026413 -2.64965204],[-0.48054147 -0.62590465],[0.24264125 0.5428228 ],[ 0.13301798 -0.0366074 ]
3496,3.495999999999726,[-1.45074442 -2.6502774 ],[-0.48029883 -0.62536183],[0.24292476 0.542919  ],[ 0.13317711 -0.0365589 ]
3497,3.496999999999726,[-1.45122448 -2.65090222],[-0.48005591 -0.62481891],[0.2432082 0.5430165],[ 0.13333619 -0.03651043]
3498,3.4979999999997258,[-1.45170429 -2.6515265 ],[-0.4798127 -0.6242759],[0.24349159 0.54311528],[ 0.13349525 -0.03646198]
3499,3.4989999999997257,[-1.45218386 -2.65215023],[-0.47956921 -0.62373278],[0.24377491 0.54321533],[ 0.13365427 -0.03641355]
3500,3.4999999999997256,[-1.45266319 -2.65277342],[-0.47932543 -0.62318956],[0.24405818 0.54331666],[ 0.13381326 -0.03636515]
3501,3.5009999999997254,[-1.45314227 -2.65339607],[-0.47908137 -0.62264625],[0.24434138 0.54341926],[ 0.13397221 -0.03631677]
3502,3.5019999999997253,[-1.45362111 -2.65401817],[-0.47883703 -0.62210283],[0.24462452 0.54352311],[ 0.13413112 -0.03626841]
3503,3.5029999999997252,[-1.4540997  -2.65463973],[-0.47859241 -0.62155931],[0.2449076  0.54362822],[ 0.13429    -0.03622008]
3504,3.503999999999725,[-1.45457805 -2.65526075],[-0.4783475  -0.62101568],[0.24519062 0.54373457],[ 0.13444885 -0.03617177]
3505,3.504999999999725,[-1.45505615 -2.65588122],[-0.47810231 -0.62047194],[0.24547358 0.54384216],[ 0.13460766 -0.03612348]
3506,3.505999999999725,[-1.455534   -2.65650115],[-0.47785684 -0.6199281 ],[0.24575647 0.54395099],[ 0.13476644 -0.03607522]
3507,3.506999999999725,[-1.45601162 -2.65712053],[-0.47761108 -0.61938415],[0.2460393  0.54406104],[ 0.13492518 -0.03602698]
3508,3.5079999999997247,[-1.45648898 -2.65773937],[-0.47736504 -0.61884009],[0.24632208 0.54417231],[ 0.13508388 -0.03597876]
3509,3.5089999999997246,[-1.4569661  -2.65835767],[-0.47711872 -0.61829592],[0.24660479 0.54428479],[ 0.13524255 -0.03593057]
3510,3.5099999999997245,[-1.45744297 -2.65897542],[-0.47687211 -0.61775163],[0.24688744 0.54439849],[ 0.13540119 -0.0358824 ]
3511,3.5109999999997243,[-1.4579196  -2.65959262],[-0.47662523 -0.61720723],[0.24717002 0.54451338],[ 0.13555979 -0.03583426]
3512,3.5119999999997242,[-1.45839597 -2.66020929],[-0.47637806 -0.61666272],[0.24745255 0.54462947],[ 0.13571835 -0.03578614]
3513,3.512999999999724,[-1.45887211 -2.6608254 ],[-0.4761306  -0.61611809],[0.24773501 0.54474675],[ 0.13587688 -0.03573805]
3514,3.513999999999724,[-1.45934799 -2.66144098],[-0.47588287 -0.61557334],[0.24801741 0.54486522],[ 0.13603537 -0.03568998]
3515,3.514999999999724,[-1.45982362 -2.66205601],[-0.47563485 -0.61502848],[0.24829975 0.54498486],[ 0.13619383 -0.03564193]
3516,3.515999999999724,[-1.46029901 -2.66267049],[-0.47538655 -0.61448349],[0.24858203 0.54510567],[ 0.13635225 -0.03559391]
3517,3.5169999999997237,[-1.46077415 -2.66328443],[-0.47513797 -0.61393839],[0.24886424 0.54522764],[ 0.13651063 -0.03554591]
3518,3.5179999999997236,[-1.46124904 -2.66389782],[-0.47488911 -0.61339316],[0.24914639 0.54535078],[ 0.13666898 -0.03549794]
3519,3.5189999999997235,[-1.46172368 -2.66451067],[-0.47463996 -0.61284781],[0.24942848 0.54547506],[ 0.1368273  -0.03544999]
3520,3.5199999999997234,[-1.46219807 -2.66512297],[-0.47439053 -0.61230233],[0.24971051 0.54560049],[ 0.13698557 -0.03540207]
3521,3.5209999999997232,[-1.46267221 -2.66573473],[-0.47414082 -0.61175673],[0.24999247 0.54572707],[ 0.13714382 -0.03535417]
3522,3.521999999999723,[-1.4631461  -2.66634594],[-0.47389083 -0.61121101],[0.25027437 0.54585477],[ 0.13730202 -0.03530629]
3523,3.522999999999723,[-1.46361974 -2.6669566 ],[-0.47364055 -0.61066515],[0.25055621 0.54598361],[ 0.13746019 -0.03525844]
3524,3.523999999999723,[-1.46409313 -2.66756672],[-0.47339    -0.61011917],[0.25083798 0.54611357],[ 0.13761832 -0.03521062]
3525,3.524999999999723,[-1.46456627 -2.6681763 ],[-0.47313916 -0.60957305],[0.25111969 0.54624464],[ 0.13777642 -0.03516282]
3526,3.5259999999997227,[-1.46503916 -2.66878532],[-0.47288804 -0.60902681],[0.25140134 0.54637683],[ 0.13793448 -0.03511505]
3527,3.5269999999997226,[-1.46551179 -2.6693938 ],[-0.47263664 -0.60848043],[0.25168293 0.54651012],[ 0.1380925 -0.0350673]
3528,3.5279999999997225,[-1.46598418 -2.67000174],[-0.47238496 -0.60793392],[0.25196445 0.54664451],[ 0.13825049 -0.03501958]
3529,3.5289999999997224,[-1.46645631 -2.67060913],[-0.47213299 -0.60738728],[0.25224591 0.54677999],[ 0.13840844 -0.03497188]
3530,3.5299999999997222,[-1.46692819 -2.67121597],[-0.47188074 -0.6068405 ],[0.25252731 0.54691656],[ 0.13856635 -0.03492421]
3531,3.530999999999722,[-1.46739982 -2.67182226],[-0.47162822 -0.60629358],[0.25280864 0.54705421],[ 0.13872423 -0.03487656]
3532,3.531999999999722,[-1.4678712  -2.67242801],[-0.47137541 -0.60574653],[0.25308991 0.54719294],[ 0.13888207 -0.03482894]
3533,3.532999999999722,[-1.46834232 -2.67303321],[-0.47112232 -0.60519933],[0.25337111 0.54733273],[ 0.13903987 -0.03478135]
3534,3.533999999999722,[-1.46881319 -2.67363786],[-0.47086895 -0.604652  ],[0.25365225 0.54747359],[ 0.13919764 -0.03473378]
3535,3.5349999999997217,[-1.4692838  -2.67424196],[-0.4706153  -0.60410453],[0.25393333 0.54761551],[ 0.13935537 -0.03468623]
3536,3.5359999999997216,[-1.46975416 -2.67484552],[-0.47036136 -0.60355691],[0.25421434 0.54775848],[ 0.13951306 -0.03463871]
3537,3.5369999999997215,[-1.47022427 -2.67544853],[-0.47010715 -0.60300915],[0.25449529 0.5479025 ],[ 0.13967072 -0.03459122]
3538,3.5379999999997214,[-1.47069412 -2.67605099],[-0.46985265 -0.60246125],[0.25477618 0.54804756],[ 0.13982833 -0.03454376]
3539,3.5389999999997213,[-1.47116372 -2.6766529 ],[-0.46959788 -0.6019132 ],[0.255057   0.54819365],[ 0.13998591 -0.03449632]
3540,3.539999999999721,[-1.47163306 -2.67725427],[-0.46934282 -0.60136501],[0.25533776 0.54834078],[ 0.14014346 -0.03444891]
3541,3.540999999999721,[-1.47210215 -2.67785508],[-0.46908748 -0.60081667],[0.25561845 0.54848893],[ 0.14030096 -0.03440152]
3542,3.541999999999721,[-1.47257098 -2.67845535],[-0.46883186 -0.60026818],[0.25589908 0.5486381 ],[ 0.14045843 -0.03435416]
3543,3.542999999999721,[-1.47303956 -2.67905507],[-0.46857596 -0.59971954],[0.25617965 0.54878828],[ 0.14061586 -0.03430682]
3544,3.5439999999997207,[-1.47350788 -2.67965424],[-0.46831978 -0.59917075],[0.25646015 0.54893947],[ 0.14077326 -0.03425952]
3545,3.5449999999997206,[-1.47397594 -2.68025286],[-0.46806332 -0.59862182],[0.25674058 0.54909166],[ 0.14093061 -0.03421224]
3546,3.5459999999997205,[-1.47444375 -2.68085094],[-0.46780658 -0.59807272],[0.25702095 0.54924485],[ 0.14108793 -0.03416498]
3547,3.5469999999997204,[-1.4749113  -2.68144846],[-0.46754956 -0.59752348],[0.25730126 0.54939903],[ 0.14124521 -0.03411776]
3548,3.5479999999997203,[-1.47537859 -2.68204543],[-0.46729226 -0.59697408],[0.2575815  0.54955419],[ 0.14140245 -0.03407055]
3549,3.54899999999972,[-1.47584563 -2.68264186],[-0.46703468 -0.59642453],[0.25786168 0.54971034],[ 0.14155966 -0.03402338]
3550,3.54999999999972,[-1.4763124  -2.68323773],[-0.46677682 -0.59587482],[0.25814179 0.54986746],[ 0.14171682 -0.03397623]
3551,3.55099999999972,[-1.47677892 -2.68383306],[-0.46651868 -0.59532495],[0.25842183 0.55002555],[ 0.14187395 -0.03392911]
3552,3.55199999999972,[-1.47724518 -2.68442783],[-0.46626025 -0.59477492],[0.25870181 0.55018461],[ 0.14203104 -0.03388202]
3553,3.5529999999997197,[-1.47771118 -2.68502206],[-0.46600155 -0.59422474],[0.25898173 0.55034462],[ 0.14218809 -0.03383496]
3554,3.5539999999997196,[-1.47817693 -2.68561573],[-0.46574257 -0.59367439],[0.25926158 0.55050559],[ 0.14234511 -0.03378792]
3555,3.5549999999997195,[-1.47864241 -2.68620886],[-0.46548331 -0.59312389],[0.25954137 0.5506675 ],[ 0.14250208 -0.03374091]
3556,3.5559999999997194,[-1.47910763 -2.68680143],[-0.46522377 -0.59257322],[0.25982109 0.55083036],[ 0.14265902 -0.03369393]
3557,3.5569999999997193,[-1.4795726  -2.68739345],[-0.46496395 -0.59202239],[0.26010074 0.55099416],[ 0.14281592 -0.03364697]
3558,3.557999999999719,[-1.4800373  -2.68798492],[-0.46470385 -0.5914714 ],[0.26038033 0.55115889],[ 0.14297278 -0.03360004]
3559,3.558999999999719,[-1.48050174 -2.68857584],[-0.46444347 -0.59092024],[0.26065985 0.55132454],[ 0.1431296  -0.03355314]
3560,3.559999999999719,[-1.48096593 -2.68916621],[-0.46418281 -0.59036891],[0.26093931 0.55149112],[ 0.14328638 -0.03350627]
3561,3.560999999999719,[-1.48142985 -2.68975603],[-0.46392187 -0.58981742],[0.2612187  0.55165861],[ 0.14344313 -0.03345942]
3562,3.5619999999997187,[-1.48189351 -2.6903453 ],[-0.46366065 -0.58926576],[0.26149803 0.55182702],[ 0.14359983 -0.03341261]
3563,3.5629999999997186,[-1.48235691 -2.69093401],[-0.46339915 -0.58871394],[0.26177729 0.55199633],[ 0.1437565  -0.03336582]
3564,3.5639999999997185,[-1.48282005 -2.69152217],[-0.46313737 -0.58816194],[0.26205648 0.55216654],[ 0.14391313 -0.03331906]
3565,3.5649999999997184,[-1.48328292 -2.69210978],[-0.46287532 -0.58760977],[0.26233561 0.55233765],[ 0.14406972 -0.03327232]
3566,3.5659999999997183,[-1.48374553 -2.69269684],[-0.46261298 -0.58705743],[0.26261467 0.55250965],[ 0.14422627 -0.03322562]
3567,3.566999999999718,[-1.48420788 -2.69328334],[-0.46235037 -0.58650493],[0.26289366 0.55268254],[ 0.14438278 -0.03317894]
3568,3.567999999999718,[-1.48466997 -2.6938693 ],[-0.46208747 -0.58595224],[0.26317259 0.55285631],[ 0.14453925 -0.03313229]
3569,3.568999999999718,[-1.4851318 -2.6944547],[-0.4618243  -0.58539939],[0.26345145 0.55303095],[ 0.14469568 -0.03308567]
3570,3.569999999999718,[-1.48559336 -2.69503954],[-0.46156085 -0.58484636],[0.26373025 0.55320646],[ 0.14485208 -0.03303908]
3571,3.5709999999997177,[-1.48605465 -2.69562384],[-0.46129712 -0.58429315],[0.26400898 0.55338284],[ 0.14500843 -0.03299252]
3572,3.5719999999997176,[-1.48651569 -2.69620758],[-0.46103311 -0.58373977],[0.26428764 0.55356008],[ 0.14516475 -0.03294598]
3573,3.5729999999997175,[-1.48697646 -2.69679076],[-0.46076882 -0.58318621],[0.26456623 0.55373817],[ 0.14532102 -0.03289948]
3574,3.5739999999997174,[-1.48743696 -2.69737339],[-0.46050426 -0.58263247],[0.26484476 0.55391712],[ 0.14547726 -0.032853  ]
3575,3.5749999999997173,[-1.4878972  -2.69795547],[-0.46023941 -0.58207855],[0.26512322 0.55409691],[ 0.14563345 -0.03280655]
3576,3.575999999999717,[-1.48835717 -2.698537  ],[-0.45997429 -0.58152445],[0.26540162 0.55427754],[ 0.14578961 -0.03276013]
3577,3.576999999999717,[-1.48881688 -2.69911797],[-0.45970889 -0.58097018],[0.26567995 0.55445901],[ 0.14594573 -0.03271374]
3578,3.577999999999717,[-1.48927633 -2.69969838],[-0.45944321 -0.58041572],[0.26595821 0.5546413 ],[ 0.1461018  -0.03266738]
3579,3.578999999999717,[-1.4897355  -2.70027824],[-0.45917725 -0.57986108],[0.2662364  0.55482443],[ 0.14625784 -0.03262105]
3580,3.5799999999997167,[-1.49019441 -2.70085755],[-0.45891101 -0.57930625],[0.26651452 0.55500837],[ 0.14641384 -0.03257474]
3581,3.5809999999997166,[-1.49065306 -2.7014363 ],[-0.4586445  -0.57875124],[0.26679258 0.55519313],[ 0.1465698  -0.03252847]
3582,3.5819999999997165,[-1.49111144 -2.7020145 ],[-0.4583777  -0.57819605],[0.26707057 0.55537871],[ 0.14672571 -0.03248223]
3583,3.5829999999997164,[-1.49156955 -2.70259214],[-0.45811063 -0.57764067],[0.2673485  0.55556509],[ 0.14688159 -0.03243601]
3584,3.5839999999997163,[-1.49202739 -2.70316922],[-0.45784329 -0.57708511],[0.26762635 0.55575227],[ 0.14703743 -0.03238982]
3585,3.584999999999716,[-1.49248497 -2.70374575],[-0.45757566 -0.57652935],[0.26790414 0.55594025],[ 0.14719323 -0.03234367]
3586,3.585999999999716,[-1.49294227 -2.70432173],[-0.45730775 -0.57597341],[0.26818186 0.55612902],[ 0.14734898 -0.03229754]
3587,3.586999999999716,[-1.49339931 -2.70489714],[-0.45703957 -0.57541728],[0.26845951 0.55631858],[ 0.1475047  -0.03225144]
3588,3.587999999999716,[-1.49385608 -2.705472  ],[-0.45677111 -0.57486097],[0.26873709 0.55650892],[ 0.14766037 -0.03220538]
3589,3.5889999999997158,[-1.49431259 -2.70604631],[-0.45650238 -0.57430446],[0.26901461 0.55670004],[ 0.14781601 -0.03215934]
3590,3.5899999999997156,[-1.49476882 -2.70662006],[-0.45623336 -0.57374776],[0.26929206 0.55689193],[ 0.1479716  -0.03211333]
3591,3.5909999999997155,[-1.49522478 -2.70719325],[-0.45596407 -0.57319087],[0.26956943 0.55708459],[ 0.14812716 -0.03206735]
3592,3.5919999999997154,[-1.49568048 -2.70776588],[-0.4556945  -0.57263378],[0.26984675 0.55727802],[ 0.14828267 -0.03202141]
3593,3.5929999999997153,[-1.4961359  -2.70833796],[-0.45542465 -0.5720765 ],[0.27012399 0.5574722 ],[ 0.14843814 -0.03197549]
3594,3.593999999999715,[-1.49659106 -2.70890948],[-0.45515453 -0.57151903],[0.27040116 0.55766714],[ 0.14859358 -0.0319296 ]
3595,3.594999999999715,[-1.49704594 -2.70948044],[-0.45488413 -0.57096136],[0.27067827 0.55786283],[ 0.14874897 -0.03188374]
3596,3.595999999999715,[-1.49750056 -2.71005084],[-0.45461345 -0.5704035 ],[0.2709553  0.55805926],[ 0.14890432 -0.03183792]
3597,3.596999999999715,[-1.4979549  -2.71062069],[-0.45434249 -0.56984544],[0.27123227 0.55825644],[ 0.14905963 -0.03179212]
3598,3.5979999999997148,[-1.49840897 -2.71118997],[-0.45407126 -0.56928718],[0.27150917 0.55845435],[ 0.1492149  -0.03174635]
3599,3.5989999999997146,[-1.49886277 -2.7117587 ],[-0.45379975 -0.56872873],[0.271786 0.558653],[ 0.14937012 -0.03170062]
3600,3.5999999999997145,[-1.4993163  -2.71232687],[-0.45352797 -0.56817008],[0.27206276 0.55885237],[ 0.14952531 -0.03165491]
3601,3.6009999999997144,[-1.49976955 -2.71289448],[-0.4532559  -0.56761122],[0.27233945 0.55905246],[ 0.14968045 -0.03160924]
3602,3.6019999999997143,[-1.50022254 -2.71346154],[-0.45298356 -0.56705217],[0.27261608 0.55925328],[ 0.14983556 -0.0315636 ]
3603,3.602999999999714,[-1.50067525 -2.71402803],[-0.45271095 -0.56649292],[0.27289263 0.5594548 ],[ 0.14999062 -0.03151798]
3604,3.603999999999714,[-1.50112769 -2.71459396],[-0.45243806 -0.56593346],[0.27316912 0.55965704],[ 0.15014564 -0.0314724 ]
3605,3.604999999999714,[-1.50157985 -2.71515934],[-0.45216489 -0.56537381],[0.27344553 0.55985998],[ 0.15030062 -0.03142685]
3606,3.605999999999714,[-1.50203174 -2.71572415],[-0.45189144 -0.56481395],[0.27372188 0.56006362],[ 0.15045556 -0.03138133]
3607,3.6069999999997138,[-1.50248336 -2.7162884 ],[-0.45161772 -0.56425388],[0.27399815 0.56026796],[ 0.15061045 -0.03133584]
3608,3.6079999999997137,[-1.5029347 -2.7168521],[-0.45134372 -0.56369362],[0.27427436 0.56047299],[ 0.15076531 -0.03129038]
3609,3.6089999999997135,[-1.50338577 -2.71741523],[-0.45106945 -0.56313314],[0.2745505 0.5606787],[ 0.15092012 -0.03124496]
3610,3.6099999999997134,[-1.50383657 -2.7179778 ],[-0.4507949  -0.56257246],[0.27482656 0.5608851 ],[ 0.15107489 -0.03119956]
3611,3.6109999999997133,[-1.50428709 -2.71853982],[-0.45052007 -0.56201158],[0.27510256 0.56109218],[ 0.15122962 -0.0311542 ]
3612,3.611999999999713,[-1.50473733 -2.71910127],[-0.45024497 -0.56145049],[0.27537849 0.56129993],[ 0.15138431 -0.03110887]
3613,3.612999999999713,[-1.5051873  -2.71966215],[-0.44996959 -0.56088919],[0.27565434 0.56150835],[ 0.15153895 -0.03106357]
3614,3.613999999999713,[-1.505637   -2.72022248],[-0.44969393 -0.56032768],[0.27593013 0.56171744],[ 0.15169355 -0.0310183 ]
3615,3.614999999999713,[-1.50608641 -2.72078225],[-0.449418   -0.55976596],[0.27620585 0.56192718],[ 0.15184811 -0.03097306]
3616,3.6159999999997128,[-1.50653556 -2.72134145],[-0.4491418  -0.55920403],[0.27648149 0.56213759],[ 0.15200263 -0.03092785]
3617,3.6169999999997127,[-1.50698442 -2.72190009],[-0.44886532 -0.5586419 ],[0.27675707 0.56234865],[ 0.15215711 -0.03088268]
3618,3.6179999999997126,[-1.50743301 -2.72245817],[-0.44858856 -0.55807955],[0.27703258 0.56256035],[ 0.15231154 -0.03083754]
3619,3.6189999999997124,[-1.50788132 -2.72301569],[-0.44831153 -0.55751699],[0.27730801 0.5627727 ],[ 0.15246593 -0.03079243]
3620,3.6199999999997123,[-1.50832936 -2.72357265],[-0.44803422 -0.55695421],[0.27758338 0.56298569],[ 0.15262028 -0.03074735]
3621,3.6209999999997122,[-1.50877711 -2.72412904],[-0.44775664 -0.55639123],[0.27785867 0.56319931],[ 0.15277459 -0.0307023 ]
3622,3.621999999999712,[-1.50922459 -2.72468486],[-0.44747878 -0.55582803],[0.27813389 0.56341357],[ 0.15292885 -0.03065729]
3623,3.622999999999712,[-1.50967179 -2.72524013],[-0.44720064 -0.55526462],[0.27840905 0.56362845],[ 0.15308308 -0.03061231]
3624,3.623999999999712,[-1.51011871 -2.72579483],[-0.44692223 -0.55470099],[0.27868413 0.56384396],[ 0.15323725 -0.03056736]
3625,3.624999999999712,[-1.51056536 -2.72634897],[-0.44664355 -0.55413714],[0.27895914 0.56406008],[ 0.15339139 -0.03052244]
3626,3.6259999999997117,[-1.51101172 -2.72690254],[-0.44636459 -0.55357308],[0.27923408 0.56427682],[ 0.15354548 -0.03047755]
3627,3.6269999999997116,[-1.51145781 -2.72745555],[-0.44608536 -0.55300881],[0.27950894 0.56449417],[ 0.15369953 -0.0304327 ]
3628,3.6279999999997115,[-1.51190361 -2.72800799],[-0.44580585 -0.55244431],[0.27978374 0.56471213],[ 0.15385354 -0.03038788]
3629,3.6289999999997113,[-1.51234914 -2.72855987],[-0.44552606 -0.5518796 ],[0.28005847 0.56493069],[ 0.1540075  -0.03034309]
3630,3.6299999999997112,[-1.51279439 -2.72911119],[-0.44524601 -0.55131467],[0.28033312 0.56514985],[ 0.15416143 -0.03029834]
3631,3.630999999999711,[-1.51323935 -2.72966194],[-0.44496567 -0.55074952],[0.2806077 0.5653696],[ 0.1543153  -0.03025362]
3632,3.631999999999711,[-1.51368404 -2.73021212],[-0.44468507 -0.55018415],[0.28088221 0.56558994],[ 0.15446914 -0.03020893]
3633,3.632999999999711,[-1.51412844 -2.73076174],[-0.44440418 -0.54961856],[0.28115665 0.56581087],[ 0.15462293 -0.03016427]
3634,3.633999999999711,[-1.51457256 -2.73131079],[-0.44412303 -0.54905275],[0.28143102 0.56603238],[ 0.15477668 -0.03011965]
3635,3.6349999999997107,[-1.5150164  -2.73185928],[-0.4438416  -0.54848672],[0.28170532 0.56625447],[ 0.15493038 -0.03007506]
3636,3.6359999999997106,[-1.51545996 -2.7324072 ],[-0.44355989 -0.54792046],[0.28197954 0.56647713],[ 0.15508404 -0.0300305 ]
3637,3.6369999999997105,[-1.51590324 -2.73295455],[-0.44327791 -0.54735399],[0.28225369 0.56670036],[ 0.15523766 -0.02998598]
3638,3.6379999999997104,[-1.51634624 -2.73350134],[-0.44299566 -0.54678729],[0.28252777 0.56692416],[ 0.15539124 -0.02994149]
3639,3.6389999999997102,[-1.51678895 -2.73404756],[-0.44271313 -0.54622036],[0.28280178 0.56714852],[ 0.15554477 -0.02989703]
3640,3.63999999999971,[-1.51723138 -2.73459321],[-0.44243033 -0.54565321],[0.28307571 0.56737344],[ 0.15569825 -0.02985261]
3641,3.64099999999971,[-1.51767353 -2.7351383 ],[-0.44214725 -0.54508584],[0.28334957 0.56759891],[ 0.1558517  -0.02980822]
3642,3.64199999999971,[-1.51811539 -2.73568282],[-0.4418639  -0.54451824],[0.28362336 0.56782494],[ 0.1560051  -0.02976386]
3643,3.64299999999971,[-1.51855697 -2.73622677],[-0.44158028 -0.54395042],[0.28389708 0.5680515 ],[ 0.15615845 -0.02971954]
3644,3.6439999999997097,[-1.51899827 -2.73677015],[-0.44129638 -0.54338236],[0.28417073 0.56827862],[ 0.15631176 -0.02967525]
3645,3.6449999999997096,[-1.51943928 -2.73731297],[-0.44101221 -0.54281409],[0.2844443  0.56850627],[ 0.15646503 -0.02963099]
3646,3.6459999999997095,[-1.51988001 -2.73785521],[-0.44072777 -0.54224558],[0.2847178  0.56873445],[ 0.15661825 -0.02958677]
3647,3.6469999999997094,[-1.52032045 -2.73839689],[-0.44044305 -0.54167684],[0.28499122 0.56896317],[ 0.15677143 -0.02954258]
3648,3.6479999999997093,[-1.52076061 -2.738938  ],[-0.44015806 -0.54110788],[0.28526458 0.56919241],[ 0.15692457 -0.02949842]
3649,3.648999999999709,[-1.52120048 -2.73947853],[-0.43987279 -0.54053869],[0.28553786 0.56942218],[ 0.15707766 -0.0294543 ]
3650,3.649999999999709,[-1.52164007 -2.7400185 ],[-0.43958726 -0.53996927],[0.28581107 0.56965247],[ 0.1572307  -0.02941022]
3651,3.650999999999709,[-1.52207937 -2.7405579 ],[-0.43930144 -0.53939961],[0.2860842  0.56988327],[ 0.15738371 -0.02936616]
3652,3.651999999999709,[-1.52251839 -2.74109673],[-0.43901536 -0.53882973],[0.28635726 0.57011458],[ 0.15753666 -0.02932214]
3653,3.6529999999997087,[-1.52295712 -2.74163499],[-0.438729   -0.53825962],[0.28663025 0.57034641],[ 0.15768958 -0.02927816]
3654,3.6539999999997086,[-1.52339556 -2.74217268],[-0.43844237 -0.53768927],[0.28690316 0.57057873],[ 0.15784244 -0.02923421]
3655,3.6549999999997085,[-1.52383371 -2.7427098 ],[-0.43815547 -0.53711869],[0.287176   0.57081156],[ 0.15799527 -0.0291903 ]
3656,3.6559999999997084,[-1.52427158 -2.74324635],[-0.43786829 -0.53654788],[0.28744877 0.57104488],[ 0.15814805 -0.02914641]
3657,3.6569999999997083,[-1.52470916 -2.74378233],[-0.43758084 -0.53597683],[0.28772146 0.5712787 ],[ 0.15830078 -0.02910257]
3658,3.657999999999708,[-1.52514646 -2.74431773],[-0.43729312 -0.53540556],[0.28799408 0.57151301],[ 0.15845347 -0.02905876]
3659,3.658999999999708,[-1.52558346 -2.74485257],[-0.43700513 -0.53483404],[0.28826663 0.5717478 ],[ 0.15860611 -0.02901498]
3660,3.659999999999708,[-1.52602018 -2.74538683],[-0.43671686 -0.5342623 ],[0.2885391  0.57198307],[ 0.15875871 -0.02897124]
3661,3.660999999999708,[-1.52645661 -2.74592052],[-0.43642832 -0.53369031],[0.2888115  0.57221882],[ 0.15891127 -0.02892753]
3662,3.6619999999997077,[-1.52689275 -2.74645364],[-0.43613951 -0.53311809],[0.28908382 0.57245505],[ 0.15906378 -0.02888385]
3663,3.6629999999997076,[-1.5273286  -2.74698618],[-0.43585043 -0.53254564],[0.28935607 0.57269175],[ 0.15921624 -0.02884022]
3664,3.6639999999997075,[-1.52776416 -2.74751815],[-0.43556107 -0.53197295],[0.28962825 0.57292891],[ 0.15936866 -0.02879661]
3665,3.6649999999997074,[-1.52819943 -2.74804955],[-0.43527144 -0.53140002],[0.28990035 0.57316654],[ 0.15952103 -0.02875305]
3666,3.6659999999997073,[-1.52863441 -2.74858038],[-0.43498154 -0.53082685],[0.29017237 0.57340463],[ 0.15967336 -0.02870951]
3667,3.666999999999707,[-1.5290691  -2.74911063],[-0.43469137 -0.53025345],[0.29044432 0.57364318],[ 0.15982564 -0.02866601]
3668,3.667999999999707,[-1.5295035  -2.74964031],[-0.43440093 -0.5296798 ],[0.2907162  0.57388218],[ 0.15997788 -0.02862255]
3669,3.668999999999707,[-1.52993761 -2.75016942],[-0.43411021 -0.52910592],[0.290988   0.57412163],[ 0.16013007 -0.02857913]
3670,3.669999999999707,[-1.53037143 -2.75069795],[-0.43381922 -0.5285318 ],[0.29125973 0.57436152],[ 0.16028222 -0.02853573]
3671,3.6709999999997067,[-1.53080496 -2.75122591],[-0.43352796 -0.52795744],[0.29153138 0.57460186],[ 0.16043432 -0.02849238]
3672,3.6719999999997066,[-1.5312382  -2.75175329],[-0.43323643 -0.52738284],[0.29180296 0.57484263],[ 0.16058637 -0.02844906]
3673,3.6729999999997065,[-1.53167114 -2.7522801 ],[-0.43294463 -0.52680799],[0.29207446 0.57508384],[ 0.16073838 -0.02840577]
3674,3.6739999999997064,[-1.53210379 -2.75280633],[-0.43265255 -0.52623291],[0.29234589 0.57532548],[ 0.16089035 -0.02836252]
3675,3.6749999999997063,[-1.53253615 -2.75333199],[-0.43236021 -0.52565758],[0.29261724 0.57556755],[ 0.16104226 -0.02831931]
3676,3.675999999999706,[-1.53296822 -2.75385707],[-0.43206759 -0.52508202],[0.29288852 0.57581005],[ 0.16119414 -0.02827613]
3677,3.676999999999706,[-1.5334     -2.75438158],[-0.4317747  -0.52450621],[0.29315972 0.57605297],[ 0.16134596 -0.02823299]
3678,3.677999999999706,[-1.53383148 -2.75490551],[-0.43148154 -0.52393015],[0.29343084 0.5762963 ],[ 0.16149774 -0.02818988]
3679,3.678999999999706,[-1.53426267 -2.75542886],[-0.43118811 -0.52335386],[0.29370189 0.57654005],[ 0.16164947 -0.02814681]
3680,3.6799999999997057,[-1.53469356 -2.75595164],[-0.43089441 -0.52277732],[0.29397287 0.57678421],[ 0.16180116 -0.02810377]
3681,3.6809999999997056,[-1.53512416 -2.75647384],[-0.43060044 -0.52220053],[0.29424376 0.57702877],[ 0.1619528  -0.02806078]
3682,3.6819999999997055,[-1.53555447 -2.75699546],[-0.43030619 -0.5216235 ],[0.29451459 0.57727375],[ 0.16210439 -0.02801781]
3683,3.6829999999997054,[-1.53598448 -2.75751651],[-0.43001168 -0.52104623],[0.29478533 0.57751912],[ 0.16225594 -0.02797489]
3684,3.6839999999997053,[-1.5364142  -2.75803698],[-0.42971689 -0.52046871],[0.295056   0.57776489],[ 0.16240744 -0.027932  ]
3685,3.684999999999705,[-1.53684362 -2.75855687],[-0.42942184 -0.51989095],[0.2953266  0.57801105],[ 0.1625589  -0.02788914]
3686,3.685999999999705,[-1.53727274 -2.75907618],[-0.42912651 -0.51931294],[0.29559712 0.5782576 ],[ 0.16271031 -0.02784633]
3687,3.686999999999705,[-1.53770158 -2.75959492],[-0.42883091 -0.51873468],[0.29586756 0.57850454],[ 0.16286167 -0.02780355]
3688,3.687999999999705,[-1.53813011 -2.76011307],[-0.42853505 -0.51815617],[0.29613792 0.57875187],[ 0.16301298 -0.0277608 ]
3689,3.6889999999997047,[-1.53855835 -2.76063065],[-0.42823891 -0.51757742],[0.29640821 0.57899957],[ 0.16316425 -0.02771809]
3690,3.6899999999997046,[-1.53898629 -2.76114765],[-0.4279425  -0.51699842],[0.29667843 0.57924765],[ 0.16331547 -0.02767542]
3691,3.6909999999997045,[-1.53941394 -2.76166407],[-0.42764582 -0.51641917],[0.29694856 0.57949611],[ 0.16346665 -0.02763279]
3692,3.6919999999997044,[-1.53984129 -2.76217991],[-0.42734887 -0.51583968],[0.29721862 0.57974494],[ 0.16361777 -0.02759019]
3693,3.6929999999997043,[-1.54026834 -2.76269517],[-0.42705165 -0.51525993],[0.2974886  0.57999413],[ 0.16376885 -0.02754763]
3694,3.693999999999704,[-1.54069509 -2.76320985],[-0.42675417 -0.51467994],[0.29775851 0.58024369],[ 0.16391989 -0.02750511]
3695,3.694999999999704,[-1.54112155 -2.76372395],[-0.42645641 -0.5140997 ],[0.29802834 0.58049361],[ 0.16407087 -0.02746262]
3696,3.695999999999704,[-1.54154771 -2.76423747],[-0.42615838 -0.5135192 ],[0.29829809 0.58074388],[ 0.16422181 -0.02742017]
3697,3.696999999999704,[-1.54197357 -2.76475041],[-0.42586008 -0.51293846],[0.29856776 0.58099451],[ 0.1643727  -0.02737776]
3698,3.6979999999997037,[-1.54239913 -2.76526276],[-0.42556151 -0.51235746],[0.29883736 0.58124549],[ 0.16452355 -0.02733538]
3699,3.6989999999997036,[-1.54282439 -2.76577454],[-0.42526268 -0.51177622],[0.29910688 0.58149682],[ 0.16467434 -0.02729305]
3700,3.6999999999997035,[-1.54324935 -2.76628573],[-0.42496357 -0.51119472],[0.29937632 0.58174849],[ 0.16482509 -0.02725074]
3701,3.7009999999997034,[-1.54367402 -2.76679635],[-0.42466419 -0.51061297],[0.29964568 0.58200051],[ 0.16497579 -0.02720848]
3702,3.7019999999997033,[-1.54409838 -2.76730638],[-0.42436455 -0.51003097],[0.29991497 0.58225286],[ 0.16512645 -0.02716626]
3703,3.702999999999703,[-1.54452245 -2.76781583],[-0.42406463 -0.50944872],[0.30018418 0.58250555],[ 0.16527706 -0.02712407]
3704,3.703999999999703,[-1.54494621 -2.76832469],[-0.42376445 -0.50886621],[0.30045331 0.58275857],[ 0.16542761 -0.02708192]
3705,3.704999999999703,[-1.54536968 -2.76883298],[-0.42346399 -0.50828346],[0.30072237 0.58301191],[ 0.16557812 -0.0270398 ]
3706,3.705999999999703,[-1.54579284 -2.76934068],[-0.42316327 -0.50770044],[0.30099134 0.58326559],[ 0.16572859 -0.02699773]
3707,3.7069999999997028,[-1.5462157  -2.76984779],[-0.42286228 -0.50711718],[0.30126024 0.58351958],[ 0.165879   -0.02695569]
3708,3.7079999999997026,[-1.54663826 -2.77035433],[-0.42256102 -0.50653366],[0.30152906 0.5837739 ],[ 0.16602937 -0.02691369]
3709,3.7089999999997025,[-1.54706052 -2.77086028],[-0.42225949 -0.50594988],[0.3017978  0.58402853],[ 0.16617969 -0.02687173]
3710,3.7099999999997024,[-1.54748248 -2.77136564],[-0.42195769 -0.50536586],[0.30206646 0.58428347],[ 0.16632996 -0.0268298 ]
3711,3.7109999999997023,[-1.54790414 -2.77187043],[-0.42165563 -0.50478157],[0.30233505 0.58453873],[ 0.16648018 -0.02678792]
3712,3.711999999999702,[-1.54832549 -2.77237462],[-0.42135329 -0.50419703],[0.30260355 0.58479429],[ 0.16663036 -0.02674607]
3713,3.712999999999702,[-1.54874654 -2.77287823],[-0.42105069 -0.50361224],[0.30287198 0.58505015],[ 0.16678049 -0.02670426]
3714,3.713999999999702,[-1.54916729 -2.77338126],[-0.42074782 -0.50302719],[0.30314033 0.58530632],[ 0.16693056 -0.02666249]
3715,3.714999999999702,[-1.54958773 -2.7738837 ],[-0.42044468 -0.50244188],[0.3034086  0.58556278],[ 0.16708059 -0.02662075]
3716,3.7159999999997018,[-1.55000787 -2.77438556],[-0.42014127 -0.50185632],[0.30367679 0.58581954],[ 0.16723058 -0.02657906]
3717,3.7169999999997017,[-1.55042771 -2.77488683],[-0.41983759 -0.5012705 ],[0.3039449  0.58607659],[ 0.16738051 -0.0265374 ]
3718,3.7179999999997015,[-1.55084725 -2.77538752],[-0.41953365 -0.50068442],[0.30421293 0.58633392],[ 0.16753039 -0.02649578]
3719,3.7189999999997014,[-1.55126647 -2.77588761],[-0.41922943 -0.50009809],[0.30448089 0.58659155],[ 0.16768023 -0.0264542 ]
3720,3.7199999999997013,[-1.5516854  -2.77638712],[-0.41892495 -0.4995115 ],[0.30474876 0.58684945],[ 0.16783002 -0.02641266]
3721,3.720999999999701,[-1.55210402 -2.77688605],[-0.4186202  -0.49892465],[0.30501656 0.58710764],[ 0.16797975 -0.02637116]
3722,3.721999999999701,[-1.55252233 -2.77738439],[-0.41831519 -0.49833754],[0.30528427 0.5873661 ],[ 0.16812944 -0.0263297 ]
3723,3.722999999999701,[-1.55294034 -2.77788214],[-0.4180099  -0.49775018],[0.30555191 0.58762483],[ 0.16827908 -0.02628827]
3724,3.723999999999701,[-1.55335805 -2.7783793 ],[-0.41770435 -0.49716255],[0.30581946 0.58788384],[ 0.16842867 -0.02624688]
3725,3.7249999999997008,[-1.55377545 -2.77887587],[-0.41739853 -0.49657467],[0.30608694 0.58814311],[ 0.16857822 -0.02620554]
3726,3.7259999999997007,[-1.55419254 -2.77937186],[-0.41709244 -0.49598652],[0.30635434 0.58840265],[ 0.16872771 -0.02616423]
3727,3.7269999999997006,[-1.55460933 -2.77986726],[-0.41678609 -0.49539812],[0.30662166 0.58866245],[ 0.16887716 -0.02612296]
3728,3.7279999999997004,[-1.55502581 -2.78036207],[-0.41647947 -0.49480946],[0.30688889 0.58892251],[ 0.16902655 -0.02608173]
3729,3.7289999999997003,[-1.55544198 -2.78085629],[-0.41617258 -0.49422054],[0.30715605 0.58918283],[ 0.1691759  -0.02604054]
3730,3.7299999999997,[-1.55585784 -2.78134992],[-0.41586542 -0.49363135],[0.30742313 0.5894434 ],[ 0.16932519 -0.02599938]
3731,3.7309999999997,[-1.5562734  -2.78184296],[-0.415558   -0.49304191],[0.30769013 0.58970422],[ 0.16947444 -0.02595827]
3732,3.7319999999997,[-1.55668865 -2.78233541],[-0.41525031 -0.49245221],[0.30795704 0.58996528],[ 0.16962364 -0.0259172 ]
3733,3.7329999999997,[-1.55710359 -2.78282728],[-0.41494235 -0.49186224],[0.30822388 0.59022659],[ 0.16977279 -0.02587616]
3734,3.7339999999997,[-1.55751823 -2.78331855],[-0.41463413 -0.49127201],[0.30849063 0.59048814],[ 0.16992188 -0.02583517]
3735,3.7349999999996997,[-1.55793255 -2.78380923],[-0.41432564 -0.49068153],[0.30875731 0.59074994],[ 0.17007093 -0.02579421]
3736,3.7359999999996996,[-1.55834657 -2.78429932],[-0.41401688 -0.49009078],[0.3090239  0.59101196],[ 0.17021993 -0.02575329]
3737,3.7369999999996995,[-1.55876028 -2.78478882],[-0.41370786 -0.48949976],[0.30929042 0.59127422],[ 0.17036888 -0.02571242]
3738,3.7379999999996993,[-1.55917368 -2.78527773],[-0.41339857 -0.48890849],[0.30955685 0.59153671],[ 0.17051778 -0.02567158]
3739,3.7389999999996992,[-1.55958677 -2.78576605],[-0.41308901 -0.48831695],[0.3098232  0.59179943],[ 0.17066663 -0.02563078]
3740,3.739999999999699,[-1.55999955 -2.78625377],[-0.41277919 -0.48772515],[0.31008947 0.59206237],[ 0.17081543 -0.02559003]
3741,3.740999999999699,[-1.56041201 -2.7867409 ],[-0.4124691  -0.48713309],[0.31035566 0.59232554],[ 0.17096418 -0.02554931]
3742,3.741999999999699,[-1.56082417 -2.78722745],[-0.41215874 -0.48654077],[0.31062177 0.59258892],[ 0.17111288 -0.02550863]
3743,3.742999999999699,[-1.56123602 -2.78771339],[-0.41184812 -0.48594818],[0.3108878  0.59285252],[ 0.17126153 -0.02546799]
3744,3.7439999999996987,[-1.56164756 -2.78819875],[-0.41153723 -0.48535532],[0.31115375 0.59311634],[ 0.17141013 -0.0254274 ]
3745,3.7449999999996986,[-1.56205878 -2.78868351],[-0.41122608 -0.48476221],[0.31141961 0.59338036],[ 0.17155868 -0.02538684]
3746,3.7459999999996985,[-1.5624697  -2.78916768],[-0.41091466 -0.48416883],[0.31168539 0.5936446 ],[ 0.17170718 -0.02534632]
3747,3.7469999999996983,[-1.5628803  -2.78965125],[-0.41060297 -0.48357518],[0.31195109 0.59390903],[ 0.17185563 -0.02530584]
3748,3.7479999999996982,[-1.56329059 -2.79013424],[-0.41029102 -0.48298127],[0.31221671 0.59417367],[ 0.17200403 -0.02526541]
3749,3.748999999999698,[-1.56370057 -2.79061662],[-0.40997881 -0.4823871 ],[0.31248225 0.59443852],[ 0.17215238 -0.02522501]
3750,3.749999999999698,[-1.56411024 -2.79109842],[-0.40966632 -0.48179266],[0.31274771 0.59470355],[ 0.17230067 -0.02518465]
3751,3.750999999999698,[-1.56451959 -2.79157961],[-0.40935358 -0.48119796],[0.31301308 0.59496879],[ 0.17244892 -0.02514434]
3752,3.751999999999698,[-1.56492863 -2.79206022],[-0.40904056 -0.48060299],[0.31327837 0.59523421],[ 0.17259712 -0.02510406]
3753,3.7529999999996977,[-1.56533736 -2.79254022],[-0.40872728 -0.48000775],[0.31354358 0.59549983],[ 0.17274526 -0.02506383]
3754,3.7539999999996976,[-1.56574577 -2.79301964],[-0.40841374 -0.47941225],[0.31380871 0.59576563],[ 0.17289336 -0.02502363]
3755,3.7549999999996975,[-1.56615387 -2.79349845],[-0.40809993 -0.47881649],[0.31407375 0.59603161],[ 0.1730414  -0.02498348]
3756,3.7559999999996974,[-1.56656166 -2.79397667],[-0.40778586 -0.47822046],[0.31433871 0.59629778],[ 0.17318939 -0.02494337]
3757,3.7569999999996972,[-1.56696913 -2.7944543 ],[-0.40747152 -0.47762416],[0.31460359 0.59656412],[ 0.17333734 -0.02490329]
3758,3.757999999999697,[-1.56737629 -2.79493133],[-0.40715692 -0.4770276 ],[0.31486839 0.59683064],[ 0.17348523 -0.02486326]
3759,3.758999999999697,[-1.56778313 -2.79540776],[-0.40684205 -0.47643076],[0.3151331  0.59709734],[ 0.17363307 -0.02482327]
3760,3.759999999999697,[-1.56818966 -2.79588359],[-0.40652691 -0.47583367],[0.31539773 0.5973642 ],[ 0.17378085 -0.02478332]
3761,3.760999999999697,[-1.56859587 -2.79635883],[-0.40621152 -0.4752363 ],[0.31566228 0.59763123],[ 0.17392859 -0.02474342]
3762,3.7619999999996967,[-1.56900176 -2.79683346],[-0.40589585 -0.47463867],[0.31592675 0.59789843],[ 0.17407628 -0.02470355]
3763,3.7629999999996966,[-1.56940734 -2.79730751],[-0.40557993 -0.47404077],[0.31619113 0.59816579],[ 0.17422391 -0.02466372]
3764,3.7639999999996965,[-1.56981261 -2.79778095],[-0.40526374 -0.47344261],[0.31645543 0.59843332],[ 0.1743715  -0.02462394]
3765,3.7649999999996964,[-1.57021756 -2.79825379],[-0.40494728 -0.47284417],[0.31671964 0.59870099],[ 0.17451903 -0.02458419]
3766,3.7659999999996963,[-1.57062219 -2.79872604],[-0.40463056 -0.47224547],[0.31698377 0.59896883],[ 0.17466651 -0.02454449]
3767,3.766999999999696,[-1.5710265  -2.79919768],[-0.40431358 -0.4716465 ],[0.31724782 0.59923682],[ 0.17481394 -0.02450483]
3768,3.767999999999696,[-1.5714305  -2.79966873],[-0.40399633 -0.47104727],[0.31751178 0.59950496],[ 0.17496131 -0.02446521]
3769,3.768999999999696,[-1.57183417 -2.80013918],[-0.40367882 -0.47044776],[0.31777567 0.59977324],[ 0.17510864 -0.02442563]
3770,3.769999999999696,[-1.57223754 -2.80060903],[-0.40336104 -0.46984799],[0.31803946 0.60004167],[ 0.17525591 -0.0243861 ]
3771,3.7709999999996957,[-1.57264058 -2.80107828],[-0.403043   -0.46924795],[0.31830318 0.60031025],[ 0.17540314 -0.0243466 ]
3772,3.7719999999996956,[-1.5730433  -2.80154692],[-0.4027247  -0.46864764],[0.3185668  0.60057896],[ 0.17555031 -0.02430715]
3773,3.7729999999996955,[-1.57344571 -2.80201497],[-0.40240613 -0.46804706],[0.31883035 0.60084781],[ 0.17569742 -0.02426774]
3774,3.7739999999996954,[-1.5738478  -2.80248242],[-0.4020873  -0.46744621],[0.31909381 0.6011168 ],[ 0.17584449 -0.02422837]
3775,3.7749999999996953,[-1.57424956 -2.80294926],[-0.40176821 -0.46684509],[0.31935719 0.60138592],[ 0.1759915  -0.02418904]
3776,3.775999999999695,[-1.57465101 -2.80341551],[-0.40144885 -0.46624371],[0.31962048 0.60165517],[ 0.17613847 -0.02414975]
3777,3.776999999999695,[-1.57505214 -2.80388115],[-0.40112923 -0.46564205],[0.31988369 0.60192455],[ 0.17628538 -0.02411051]
3778,3.777999999999695,[-1.57545295 -2.80434619],[-0.40080935 -0.46504013],[0.32014681 0.60219405],[ 0.17643223 -0.02407131]
3779,3.778999999999695,[-1.57585344 -2.80481063],[-0.4004892  -0.46443793],[0.32040985 0.60246368],[ 0.17657904 -0.02403215]
3780,3.7799999999996947,[-1.57625361 -2.80527446],[-0.40016879 -0.46383547],[0.3206728  0.60273342],[ 0.17672579 -0.02399303]
3781,3.7809999999996946,[-1.57665346 -2.80573769],[-0.39984812 -0.46323274],[0.32093567 0.60300329],[ 0.17687249 -0.02395396]
3782,3.7819999999996945,[-1.57705299 -2.80620032],[-0.39952718 -0.46262973],[0.32119845 0.60327327],[ 0.17701914 -0.02391492]
3783,3.7829999999996944,[-1.57745219 -2.80666235],[-0.39920598 -0.46202646],[0.32146115 0.60354336],[ 0.17716574 -0.02387593]
3784,3.7839999999996943,[-1.57785108 -2.80712377],[-0.39888452 -0.46142292],[0.32172376 0.60381357],[ 0.17731228 -0.02383698]
3785,3.784999999999694,[-1.57824964 -2.80758459],[-0.3985628 -0.4608191],[0.32198629 0.60408388],[ 0.17745877 -0.02379808]
3786,3.785999999999694,[-1.57864788 -2.80804481],[-0.39824081 -0.46021502],[0.32224873 0.6043543 ],[ 0.17760521 -0.02375921]
3787,3.786999999999694,[-1.5790458  -2.80850442],[-0.39791856 -0.45961067],[0.32251109 0.60462482],[ 0.17775159 -0.02372039]
3788,3.787999999999694,[-1.57944339 -2.80896342],[-0.39759605 -0.45900604],[0.32277336 0.60489544],[ 0.17789792 -0.02368161]
3789,3.7889999999996937,[-1.57984067 -2.80942182],[-0.39727328 -0.45840115],[0.32303555 0.60516617],[ 0.1780442  -0.02364288]
3790,3.7899999999996936,[-1.58023762 -2.80987962],[-0.39695024 -0.45779598],[0.32329765 0.60543699],[ 0.17819043 -0.02360418]
3791,3.7909999999996935,[-1.58063424 -2.81033681],[-0.39662695 -0.45719054],[0.32355967 0.6057079 ],[ 0.1783366  -0.02356553]
3792,3.7919999999996934,[-1.58103055 -2.8107934 ],[-0.39630339 -0.45658483],[0.32382159 0.60597891],[ 0.17848272 -0.02352692]
3793,3.7929999999996933,[-1.58142653 -2.81124937],[-0.39597956 -0.45597886],[0.32408344 0.60625   ],[ 0.17862879 -0.02348836]
3794,3.793999999999693,[-1.58182218 -2.81170475],[-0.39565548 -0.45537261],[0.32434519 0.60652119],[ 0.1787748  -0.02344984]
3795,3.794999999999693,[-1.58221751 -2.81215951],[-0.39533114 -0.45476608],[0.32460686 0.60679246],[ 0.17892076 -0.02341136]
3796,3.795999999999693,[-1.58261252 -2.81261367],[-0.39500653 -0.45415929],[0.32486845 0.60706381],[ 0.17906667 -0.02337292]
3797,3.796999999999693,[-1.5830072  -2.81306722],[-0.39468166 -0.45355223],[0.32512995 0.60733524],[ 0.17921252 -0.02333453]
3798,3.7979999999996927,[-1.58340156 -2.81352017],[-0.39435653 -0.45294489],[0.32539136 0.60760675],[ 0.17935832 -0.02329618]
3799,3.7989999999996926,[-1.58379559 -2.81397251],[-0.39403114 -0.45233729],[0.32565268 0.60787834],[ 0.17950407 -0.02325787]
3800,3.7999999999996925,[-1.5841893  -2.81442424],[-0.39370549 -0.45172941],[0.32591392 0.60814999],[ 0.17964976 -0.02321961]
3801,3.8009999999996924,[-1.58458268 -2.81487536],[-0.39337957 -0.45112126],[0.32617507 0.60842173],[ 0.1797954  -0.02318139]
3802,3.8019999999996923,[-1.58497573 -2.81532587],[-0.3930534  -0.45051284],[0.32643614 0.60869353],[ 0.17994099 -0.02314321]
3803,3.802999999999692,[-1.58536846 -2.81577577],[-0.39272696 -0.44990414],[0.32669711 0.60896539],[ 0.18008652 -0.02310508]
3804,3.803999999999692,[-1.58576086 -2.81622507],[-0.39240026 -0.44929518],[0.326958   0.60923733],[ 0.180232   -0.02306699]
3805,3.804999999999692,[-1.58615293 -2.81667376],[-0.39207331 -0.44868594],[0.32721881 0.60950932],[ 0.18037742 -0.02302894]
3806,3.805999999999692,[-1.58654468 -2.81712183],[-0.39174609 -0.44807643],[0.32747952 0.60978137],[ 0.18052279 -0.02299094]
3807,3.8069999999996917,[-1.58693609 -2.8175693 ],[-0.39141861 -0.44746665],[0.32774015 0.61005349],[ 0.18066811 -0.02295298]
3808,3.8079999999996916,[-1.58732718 -2.81801616],[-0.39109087 -0.4468566 ],[0.32800069 0.61032566],[ 0.18081337 -0.02291506]
3809,3.8089999999996915,[-1.58771795 -2.8184624 ],[-0.39076287 -0.44624627],[0.32826115 0.61059788],[ 0.18095858 -0.02287719]
3810,3.8099999999996914,[-1.58810838 -2.81890804],[-0.39043461 -0.44563567],[0.32852151 0.61087015],[ 0.18110373 -0.02283936]
3811,3.8109999999996913,[-1.58849849 -2.81935306],[-0.39010608 -0.4450248 ],[0.32878179 0.61114248],[ 0.18124883 -0.02280158]
3812,3.811999999999691,[-1.58888827 -2.81979748],[-0.3897773  -0.44441366],[0.32904198 0.61141485],[ 0.18139388 -0.02276384]
3813,3.812999999999691,[-1.58927771 -2.82024128],[-0.38944826 -0.44380224],[0.32930209 0.61168726],[ 0.18153887 -0.02272614]
3814,3.813999999999691,[-1.58966683 -2.82068447],[-0.38911896 -0.44319056],[0.3295621  0.61195972],[ 0.18168381 -0.02268849]
3815,3.814999999999691,[-1.59005562 -2.82112705],[-0.3887894 -0.4425786],[0.32982203 0.61223222],[ 0.18182869 -0.02265088]
3816,3.8159999999996908,[-1.59044408 -2.82156901],[-0.38845957 -0.44196637],[0.33008186 0.61250476],[ 0.18197352 -0.02261332]
3817,3.8169999999996906,[-1.59083221 -2.82201037],[-0.38812949 -0.44135386],[0.33034161 0.61277733],[ 0.18211829 -0.0225758 ]
3818,3.8179999999996905,[-1.59122001 -2.82245111],[-0.38779915 -0.44074108],[0.33060128 0.61304994],[ 0.18226301 -0.02253832]
3819,3.8189999999996904,[-1.59160748 -2.82289124],[-0.38746855 -0.44012803],[0.33086085 0.61332258],[ 0.18240767 -0.02250089]
3820,3.8199999999996903,[-1.59199462 -2.82333075],[-0.38713769 -0.43951471],[0.33112033 0.61359525],[ 0.18255228 -0.0224635 ]
3821,3.82099999999969,[-1.59238142 -2.82376965],[-0.38680657 -0.43890112],[0.33137973 0.61386795],[ 0.18269684 -0.02242616]
3822,3.82199999999969,[-1.5927679  -2.82420794],[-0.38647519 -0.43828725],[0.33163903 0.61414068],[ 0.18284134 -0.02238886]
3823,3.82299999999969,[-1.59315404 -2.82464561],[-0.38614355 -0.43767311],[0.33189825 0.61441343],[ 0.18298578 -0.02235161]
3824,3.82399999999969,[-1.59353985 -2.82508267],[-0.38581165 -0.43705869],[0.33215738 0.6146862 ],[ 0.18313017 -0.0223144 ]
3825,3.8249999999996898,[-1.59392533 -2.82551912],[-0.38547949 -0.43644401],[0.33241642 0.61495899],[ 0.1832745  -0.02227723]
3826,3.8259999999996896,[-1.59431048 -2.82595494],[-0.38514708 -0.43582905],[0.33267537 0.6152318 ],[ 0.18341878 -0.02224011]
3827,3.8269999999996895,[-1.59469529 -2.82639016],[-0.3848144  -0.43521382],[0.33293423 0.61550462],[ 0.18356301 -0.02220304]
3828,3.8279999999996894,[-1.59507978 -2.82682476],[-0.38448147 -0.43459831],[0.333193   0.61577746],[ 0.18370718 -0.02216601]
3829,3.8289999999996893,[-1.59546392 -2.82725874],[-0.38414828 -0.43398253],[0.33345169 0.61605031],[ 0.18385129 -0.02212902]
3830,3.829999999999689,[-1.59584774 -2.82769211],[-0.38381482 -0.43336648],[0.33371028 0.61632317],[ 0.18399535 -0.02209208]
3831,3.830999999999689,[-1.59623122 -2.82812486],[-0.38348111 -0.43275016],[0.33396878 0.61659604],[ 0.18413935 -0.02205519]
3832,3.831999999999689,[-1.59661437 -2.82855699],[-0.38314714 -0.43213356],[0.3342272  0.61686891],[ 0.1842833  -0.02201834]
3833,3.832999999999689,[-1.59699718 -2.82898851],[-0.38281292 -0.4315167 ],[0.33448552 0.61714178],[ 0.18442719 -0.02198153]
3834,3.8339999999996888,[-1.59737966 -2.82941941],[-0.38247843 -0.43089955],[0.33474375 0.61741466],[ 0.18457103 -0.02194477]
3835,3.8349999999996887,[-1.5977618  -2.82984969],[-0.38214369 -0.43028214],[0.3350019  0.61768754],[ 0.18471481 -0.02190805]
3836,3.8359999999996885,[-1.59814361 -2.83027935],[-0.38180869 -0.42966445],[0.33525995 0.61796041],[ 0.18485853 -0.02187138]
3837,3.8369999999996884,[-1.59852508 -2.8307084 ],[-0.38147343 -0.42904649],[0.33551791 0.61823328],[ 0.1850022  -0.02183476]
3838,3.8379999999996883,[-1.59890622 -2.83113683],[-0.38113791 -0.42842826],[0.33577578 0.61850614],[ 0.18514582 -0.02179818]
3839,3.838999999999688,[-1.59928702 -2.83156464],[-0.38080213 -0.42780975],[0.33603357 0.618779  ],[ 0.18528937 -0.02176164]
3840,3.839999999999688,[-1.59966749 -2.83199183],[-0.3804661  -0.42719097],[0.33629126 0.61905184],[ 0.18543287 -0.02172515]
3841,3.840999999999688,[-1.60004762 -2.8324184 ],[-0.38012981 -0.42657192],[0.33654886 0.61932468],[ 0.18557632 -0.02168871]
3842,3.841999999999688,[-1.60042741 -2.83284435],[-0.37979326 -0.4259526 ],[0.33680637 0.6195975 ],[ 0.18571971 -0.02165231]
3843,3.8429999999996878,[-1.60080687 -2.83326969],[-0.37945645 -0.425333  ],[0.33706379 0.6198703 ],[ 0.18586304 -0.02161596]
3844,3.8439999999996877,[-1.60118599 -2.8336944 ],[-0.37911939 -0.42471313],[0.33732112 0.62014308],[ 0.18600632 -0.02157965]
3845,3.8449999999996876,[-1.60156477 -2.83411849],[-0.37878207 -0.42409299],[0.33757835 0.62041585],[ 0.18614954 -0.02154339]
3846,3.8459999999996874,[-1.60194322 -2.83454196],[-0.37844449 -0.42347257],[0.3378355  0.62068859],[ 0.18629271 -0.02150717]
3847,3.8469999999996873,[-1.60232132 -2.83496482],[-0.37810665 -0.42285188],[0.33809255 0.62096131],[ 0.18643581 -0.021471  ]
3848,3.8479999999996872,[-1.60269909 -2.83538705],[-0.37776856 -0.42223092],[0.33834952 0.621234  ],[ 0.18657887 -0.02143488]
3849,3.848999999999687,[-1.60307652 -2.83580866],[-0.37743021 -0.42160969],[0.33860639 0.62150667],[ 0.18672186 -0.0213988 ]
3850,3.849999999999687,[-1.60345361 -2.83622964],[-0.37709161 -0.42098818],[0.33886317 0.6217793 ],[ 0.1868648  -0.02136277]
3851,3.850999999999687,[-1.60383037 -2.83665001],[-0.37675274 -0.4203664 ],[0.33911986 0.62205191],[ 0.18700768 -0.02132678]
3852,3.851999999999687,[-1.60420678 -2.83706976],[-0.37641362 -0.41974435],[0.33937645 0.62232448],[ 0.18715051 -0.02129084]
3853,3.8529999999996867,[-1.60458285 -2.83748888],[-0.37607425 -0.41912202],[0.33963296 0.62259702],[ 0.18729328 -0.02125494]
3854,3.8539999999996866,[-1.60495859 -2.83790738],[-0.37573461 -0.41849943],[0.33988937 0.62286952],[ 0.18743599 -0.0212191 ]
3855,3.8549999999996865,[-1.60533398 -2.83832525],[-0.37539472 -0.41787656],[0.34014569 0.62314198],[ 0.18757864 -0.02118329]
3856,3.8559999999996863,[-1.60570904 -2.83874251],[-0.37505458 -0.41725342],[0.34040192 0.6234144 ],[ 0.18772124 -0.02114754]
3857,3.8569999999996862,[-1.60608375 -2.83915914],[-0.37471418 -0.41663   ],[0.34065805 0.62368678],[ 0.18786378 -0.02111183]
3858,3.857999999999686,[-1.60645813 -2.83957514],[-0.37437352 -0.41600631],[0.3409141  0.62395912],[ 0.18800627 -0.02107616]
3859,3.858999999999686,[-1.60683216 -2.83999053],[-0.3740326  -0.41538235],[0.34117005 0.6242314 ],[ 0.1881487  -0.02104055]
3860,3.859999999999686,[-1.60720585 -2.84040528],[-0.37369143 -0.41475812],[0.34142591 0.62450365],[ 0.18829107 -0.02100498]
3861,3.860999999999686,[-1.6075792  -2.84081942],[-0.37335001 -0.41413362],[0.34168167 0.62477584],[ 0.18843338 -0.02096945]
3862,3.8619999999996857,[-1.60795221 -2.84123293],[-0.37300833 -0.41350884],[0.34193735 0.62504798],[ 0.18857563 -0.02093397]
3863,3.8629999999996856,[-1.60832487 -2.84164581],[-0.37266639 -0.4128838 ],[0.34219293 0.62532006],[ 0.18871783 -0.02089854]
3864,3.8639999999996855,[-1.6086972  -2.84205807],[-0.3723242  -0.41225848],[0.34244841 0.6255921 ],[ 0.18885997 -0.02086316]
3865,3.8649999999996854,[-1.60906918 -2.8424697 ],[-0.37198175 -0.41163288],[0.34270381 0.62586407],[ 0.18900206 -0.02082782]
3866,3.8659999999996852,[-1.60944082 -2.84288071],[-0.37163904 -0.41100702],[0.34295911 0.62613599],[ 0.18914408 -0.02079253]
3867,3.866999999999685,[-1.60981212 -2.84329109],[-0.37129608 -0.41038088],[0.34321432 0.62640785],[ 0.18928605 -0.02075728]
3868,3.867999999999685,[-1.61018307 -2.84370084],[-0.37095287 -0.40975448],[0.34346943 0.62667964],[ 0.18942796 -0.02072209]
3869,3.868999999999685,[-1.61055368 -2.84410997],[-0.3706094 -0.4091278],[0.34372445 0.62695137],[ 0.18956982 -0.02068694]
3870,3.869999999999685,[-1.61092394 -2.84451847],[-0.37026568 -0.40850084],[0.34397938 0.62722304],[ 0.18971161 -0.02065183]
3871,3.8709999999996847,[-1.61129386 -2.84492635],[-0.3699217  -0.40787362],[0.34423421 0.62749464],[ 0.18985335 -0.02061677]
3872,3.8719999999996846,[-1.61166344 -2.84533359],[-0.36957746 -0.40724613],[0.34448895 0.62776617],[ 0.18999503 -0.02058176]
3873,3.8729999999996845,[-1.61203268 -2.84574021],[-0.36923297 -0.40661836],[0.3447436  0.62803763],[ 0.19013665 -0.0205468 ]
3874,3.8739999999996844,[-1.61240156 -2.8461462 ],[-0.36888823 -0.40599032],[0.34499815 0.62830901],[ 0.19027822 -0.02051189]
3875,3.8749999999996843,[-1.61277011 -2.84655156],[-0.36854323 -0.40536201],[0.34525261 0.62858032],[ 0.19041973 -0.02047702]
3876,3.875999999999684,[-1.6131383 -2.8469563],[-0.36819798 -0.40473343],[0.34550697 0.62885156],[ 0.19056117 -0.0204422 ]
3877,3.876999999999684,[-1.61350616 -2.8473604 ],[-0.36785247 -0.40410458],[0.34576124 0.62912272],[ 0.19070256 -0.02040742]
3878,3.877999999999684,[-1.61387366 -2.84776388],[-0.36750671 -0.40347546],[0.34601542 0.6293938 ],[ 0.1908439  -0.02037269]
3879,3.878999999999684,[-1.61424082 -2.84816672],[-0.3671607  -0.40284607],[0.3462695 0.6296648],[ 0.19098517 -0.02033801]
3880,3.8799999999996837,[-1.61460764 -2.84856894],[-0.36681443 -0.4022164 ],[0.34652348 0.62993572],[ 0.19112638 -0.02030338]
3881,3.8809999999996836,[-1.61497411 -2.84897053],[-0.3664679  -0.40158647],[0.34677737 0.63020655],[ 0.19126754 -0.0202688 ]
3882,3.8819999999996835,[-1.61534023 -2.84937148],[-0.36612113 -0.40095626],[0.34703117 0.6304773 ],[ 0.19140864 -0.02023426]
3883,3.8829999999996834,[-1.615706   -2.84977181],[-0.36577409 -0.40032578],[0.34728487 0.63074796],[ 0.19154968 -0.02019977]
3884,3.8839999999996833,[-1.61607143 -2.8501715 ],[-0.36542681 -0.39969503],[0.34753848 0.63101853],[ 0.19169066 -0.02016533]
3885,3.884999999999683,[-1.61643651 -2.85057057],[-0.36507927 -0.39906402],[0.34779199 0.63128901],[ 0.19183159 -0.02013093]
3886,3.885999999999683,[-1.61680124 -2.850969  ],[-0.36473148 -0.39843273],[0.3480454 0.6315594],[ 0.19197245 -0.02009659]
3887,3.886999999999683,[-1.61716562 -2.8513668 ],[-0.36438343 -0.39780117],[0.34829873 0.63182969],[ 0.19211326 -0.02006229]
3888,3.887999999999683,[-1.61752966 -2.85176397],[-0.36403513 -0.39716934],[0.34855195 0.63209989],[ 0.192254   -0.02002804]
3889,3.8889999999996827,[-1.61789335 -2.85216051],[-0.36368658 -0.39653724],[0.34880508 0.63236999],[ 0.19239469 -0.01999383]
3890,3.8899999999996826,[-1.61825668 -2.85255641],[-0.36333778 -0.39590487],[0.34905811 0.63263999],[ 0.19253532 -0.01995968]
3891,3.8909999999996825,[-1.61861967 -2.85295168],[-0.36298872 -0.39527223],[0.34931105 0.6329099 ],[ 0.19267589 -0.01992557]
3892,3.8919999999996824,[-1.61898231 -2.85334632],[-0.36263941 -0.39463932],[0.34956389 0.6331797 ],[ 0.1928164  -0.01989151]
3893,3.8929999999996823,[-1.6193446  -2.85374033],[-0.36228984 -0.39400614],[0.34981664 0.63344939],[ 0.19295686 -0.0198575 ]
3894,3.893999999999682,[-1.61970654 -2.8541337 ],[-0.36194003 -0.39337269],[0.35006929 0.63371898],[ 0.19309725 -0.01982353]
3895,3.894999999999682,[-1.62006813 -2.85452644],[-0.36158996 -0.39273897],[0.35032185 0.63398847],[ 0.19323758 -0.01978962]
3896,3.895999999999682,[-1.62042937 -2.85491855],[-0.36123964 -0.39210498],[0.3505743  0.63425785],[ 0.19337786 -0.01975575]
3897,3.896999999999682,[-1.62079026 -2.85531002],[-0.36088906 -0.39147072],[0.35082667 0.63452711],[ 0.19351807 -0.01972193]
3898,3.8979999999996817,[-1.6211508  -2.85570085],[-0.36053824 -0.3908362 ],[0.35107893 0.63479627],[ 0.19365823 -0.01968816]
3899,3.8989999999996816,[-1.62151098 -2.85609105],[-0.36018716 -0.3902014 ],[0.3513311  0.63506531],[ 0.19379833 -0.01965444]
3900,3.8999999999996815,[-1.62187082 -2.85648062],[-0.35983583 -0.38956633],[0.35158317 0.63533424],[ 0.19393837 -0.01962076]
3901,3.9009999999996814,[-1.6222303  -2.85686955],[-0.35948424 -0.388931  ],[0.35183515 0.63560305],[ 0.19407834 -0.01958714]
3902,3.9019999999996813,[-1.62258944 -2.85725785],[-0.35913241 -0.3882954 ],[0.35208703 0.63587174],[ 0.19421826 -0.01955356]
3903,3.902999999999681,[-1.62294822 -2.85764551],[-0.35878032 -0.38765953],[0.35233881 0.63614032],[ 0.19435812 -0.01952003]
3904,3.903999999999681,[-1.62330665 -2.85803253],[-0.35842798 -0.38702338],[0.35259049 0.63640878],[ 0.19449792 -0.01948655]
3905,3.904999999999681,[-1.62366472 -2.85841892],[-0.35807539 -0.38638698],[0.35284208 0.63667711],[ 0.19463766 -0.01945312]
3906,3.905999999999681,[-1.62402244 -2.85880467],[-0.35772255 -0.3857503 ],[0.35309357 0.63694532],[ 0.19477734 -0.01941974]
3907,3.9069999999996807,[-1.62437981 -2.85918978],[-0.35736946 -0.38511335],[0.35334496 0.6372134 ],[ 0.19491696 -0.0193864 ]
3908,3.9079999999996806,[-1.62473683 -2.85957426],[-0.35701611 -0.38447614],[0.35359626 0.63748136],[ 0.19505652 -0.01935312]
3909,3.9089999999996805,[-1.62509349 -2.8599581 ],[-0.35666251 -0.38383866],[0.35384745 0.63774919],[ 0.19519602 -0.01931988]
3910,3.9099999999996804,[-1.6254498 -2.8603413],[-0.35630867 -0.38320091],[0.35409855 0.63801689],[ 0.19533546 -0.01928669]
3911,3.9109999999996803,[-1.62580575 -2.86072386],[-0.35595457 -0.38256289],[0.35434956 0.63828446],[ 0.19547484 -0.01925355]
3912,3.91199999999968,[-1.62616136 -2.86110578],[-0.35560022 -0.38192461],[0.35460046 0.6385519 ],[ 0.19561416 -0.01922046]
3913,3.91299999999968,[-1.6265166  -2.86148707],[-0.35524562 -0.38128606],[0.35485127 0.6388192 ],[ 0.19575342 -0.01918742]
3914,3.91399999999968,[-1.62687149 -2.86186772],[-0.35489077 -0.38064724],[0.35510197 0.63908637],[ 0.19589262 -0.01915443]
3915,3.91499999999968,[-1.62722603 -2.86224773],[-0.35453566 -0.38000815],[0.35535258 0.6393534 ],[ 0.19603176 -0.01912148]
3916,3.9159999999996797,[-1.62758021 -2.86262709],[-0.35418031 -0.3793688 ],[0.3556031  0.63962029],[ 0.19617083 -0.01908859]
3917,3.9169999999996796,[-1.62793403 -2.86300582],[-0.35382471 -0.37872918],[0.35585351 0.63988704],[ 0.19630985 -0.01905574]
3918,3.9179999999996795,[-1.6282875  -2.86338391],[-0.35346886 -0.37808929],[0.35610382 0.64015365],[ 0.19644881 -0.01902295]
3919,3.9189999999996794,[-1.62864061 -2.86376136],[-0.35311275 -0.37744914],[0.35635404 0.64042012],[ 0.19658771 -0.0189902 ]
3920,3.9199999999996793,[-1.62899337 -2.86413817],[-0.3527564  -0.37680872],[0.35660416 0.64068645],[ 0.19672654 -0.0189575 ]
3921,3.920999999999679,[-1.62934577 -2.86451434],[-0.35239979 -0.37616803],[0.35685417 0.64095263],[ 0.19686532 -0.01892485]
3922,3.921999999999679,[-1.62969781 -2.86488987],[-0.35204294 -0.37552708],[0.35710409 0.64121866],[ 0.19700404 -0.01889225]
3923,3.922999999999679,[-1.6300495  -2.86526475],[-0.35168584 -0.37488586],[0.35735391 0.64148455],[ 0.19714269 -0.0188597 ]
3924,3.923999999999679,[-1.63040083 -2.865639  ],[-0.35132848 -0.37424437],[0.35760364 0.64175028],[ 0.19728128 -0.0188272 ]
3925,3.9249999999996787,[-1.6307518 -2.8660126],[-0.35097088 -0.37360262],[0.35785326 0.64201587],[ 0.19741982 -0.01879475]
3926,3.9259999999996786,[-1.63110241 -2.86638556],[-0.35061302 -0.37296061],[0.35810278 0.6422813 ],[ 0.19755829 -0.01876235]
3927,3.9269999999996785,[-1.63145267 -2.86675788],[-0.35025492 -0.37231833],[0.3583522  0.64254658],[ 0.1976967 -0.01873  ]
3928,3.9279999999996784,[-1.63180256 -2.86712955],[-0.34989657 -0.37167578],[0.35860153 0.6428117 ],[ 0.19783505 -0.0186977 ]
3929,3.9289999999996783,[-1.6321521  -2.86750059],[-0.34953797 -0.37103297],[0.35885075 0.64307667],[ 0.19797334 -0.01866545]
3930,3.929999999999678,[-1.63250128 -2.86787098],[-0.34917912 -0.37038989],[0.35909987 0.64334148],[ 0.19811156 -0.01863324]
3931,3.930999999999678,[-1.6328501  -2.86824072],[-0.34882002 -0.36974655],[0.3593489  0.64360613],[ 0.19824973 -0.01860109]
3932,3.931999999999678,[-1.63319856 -2.86860983],[-0.34846067 -0.36910294],[0.35959782 0.64387062],[ 0.19838784 -0.01856899]
3933,3.932999999999678,[-1.63354666 -2.86897828],[-0.34810107 -0.36845907],[0.35984665 0.64413495],[ 0.19852588 -0.01853693]
3934,3.9339999999996778,[-1.6338944 -2.8693461],[-0.34774122 -0.36781494],[0.36009537 0.64439911],[ 0.19866386 -0.01850493]
3935,3.9349999999996776,[-1.63424178 -2.86971327],[-0.34738113 -0.36717054],[0.36034399 0.64466311],[ 0.19880178 -0.01847298]
3936,3.9359999999996775,[-1.6345888 -2.8700798],[-0.34702078 -0.36652588],[0.36059252 0.64492695],[ 0.19893964 -0.01844107]
3937,3.9369999999996774,[-1.63493546 -2.87044568],[-0.34666019 -0.36588095],[0.36084094 0.64519062],[ 0.19907744 -0.01840922]
3938,3.9379999999996773,[-1.63528176 -2.87081091],[-0.34629935 -0.36523576],[0.36108926 0.64545412],[ 0.19921517 -0.01837742]
3939,3.938999999999677,[-1.6356277 -2.8711755],[-0.34593826 -0.3645903 ],[0.36133748 0.64571745],[ 0.19935285 -0.01834566]
3940,3.939999999999677,[-1.63597328 -2.87153945],[-0.34557692 -0.36394459],[0.36158561 0.64598061],[ 0.19949046 -0.01831396]
3941,3.940999999999677,[-1.63631849 -2.87190275],[-0.34521534 -0.36329861],[0.36183362 0.64624359],[ 0.19962801 -0.01828231]
3942,3.941999999999677,[-1.63666335 -2.8722654 ],[-0.34485351 -0.36265236],[0.36208154 0.64650641],[ 0.1997655  -0.01825071]
3943,3.9429999999996768,[-1.63700784 -2.8726274 ],[-0.34449142 -0.36200586],[0.36232936 0.64676904],[ 0.19990293 -0.01821915]
3944,3.9439999999996767,[-1.63735197 -2.87298876],[-0.34412909 -0.36135909],[0.36257708 0.64703151],[ 0.20004029 -0.01818765]
3945,3.9449999999996765,[-1.63769574 -2.87334948],[-0.34376652 -0.36071206],[0.36282469 0.64729379],[ 0.2001776 -0.0181562]
3946,3.9459999999996764,[-1.63803914 -2.87370954],[-0.34340369 -0.36006476],[0.36307221 0.6475559 ],[ 0.20031484 -0.0181248 ]
3947,3.9469999999996763,[-1.63838218 -2.87406896],[-0.34304062 -0.35941721],[0.36331962 0.64781782],[ 0.20045202 -0.01809345]
3948,3.947999999999676,[-1.63872486 -2.87442773],[-0.3426773  -0.35876939],[0.36356693 0.64807957],[ 0.20058913 -0.01806215]
3949,3.948999999999676,[-1.63906717 -2.87478585],[-0.34231373 -0.35812131],[0.36381414 0.64834113],[ 0.20072619 -0.0180309 ]
3950,3.949999999999676,[-1.63940912 -2.87514332],[-0.34194992 -0.35747297],[0.36406124 0.64860251],[ 0.20086318 -0.0179997 ]
3951,3.950999999999676,[-1.63975071 -2.87550015],[-0.34158586 -0.35682437],[0.36430825 0.64886371],[ 0.20100011 -0.01796855]
3952,3.9519999999996758,[-1.64009193 -2.87585632],[-0.34122155 -0.3561755 ],[0.36455515 0.64912471],[ 0.20113698 -0.01793745]
3953,3.9529999999996757,[-1.64043278 -2.87621185],[-0.340857   -0.35552638],[0.36480195 0.64938554],[ 0.20127378 -0.0179064 ]
3954,3.9539999999996756,[-1.64077328 -2.87656672],[-0.34049219 -0.35487699],[0.36504865 0.64964617],[ 0.20141053 -0.01787541]
3955,3.9549999999996754,[-1.6411134  -2.87692095],[-0.34012714 -0.35422735],[0.36529524 0.64990661],[ 0.20154721 -0.01784446]
3956,3.9559999999996753,[-1.64145317 -2.87727453],[-0.33976185 -0.35357744],[0.36554174 0.65016686],[ 0.20168382 -0.01781357]
3957,3.956999999999675,[-1.64179256 -2.87762746],[-0.33939631 -0.35292727],[0.36578813 0.65042692],[ 0.20182038 -0.01778272]
3958,3.957999999999675,[-1.64213159 -2.87797973],[-0.33903052 -0.35227684],[0.36603442 0.65068679],[ 0.20195687 -0.01775193]
3959,3.958999999999675,[-1.64247026 -2.87833136],[-0.33866449 -0.35162616],[0.3662806  0.65094646],[ 0.2020933  -0.01772119]
3960,3.959999999999675,[-1.64280856 -2.87868233],[-0.3382982  -0.35097521],[0.36652668 0.65120594],[ 0.20222966 -0.0176905 ]
3961,3.960999999999675,[-1.64314649 -2.87903266],[-0.33793168 -0.35032401],[0.36677266 0.65146522],[ 0.20236597 -0.01765986]
3962,3.9619999999996747,[-1.64348405 -2.87938233],[-0.33756491 -0.34967254],[0.36701854 0.6517243 ],[ 0.20250221 -0.01762927]
3963,3.9629999999996746,[-1.64382125 -2.87973135],[-0.33719789 -0.34902082],[0.36726431 0.65198318],[ 0.20263838 -0.01759873]
3964,3.9639999999996745,[-1.64415808 -2.88007972],[-0.33683062 -0.34836883],[0.36750998 0.65224186],[ 0.2027745  -0.01756824]
3965,3.9649999999996743,[-1.64449454 -2.88042744],[-0.33646311 -0.34771659],[0.36775554 0.65250034],[ 0.20291055 -0.01753781]
3966,3.9659999999996742,[-1.64483064 -2.8807745 ],[-0.33609536 -0.34706409],[0.36800101 0.65275862],[ 0.20304654 -0.01750742]
3967,3.966999999999674,[-1.64516637 -2.88112091],[-0.33572736 -0.34641133],[0.36824637 0.65301669],[ 0.20318246 -0.01747709]
3968,3.967999999999674,[-1.64550173 -2.88146667],[-0.33535911 -0.34575832],[0.36849162 0.65327456],[ 0.20331832 -0.01744681]
3969,3.968999999999674,[-1.64583672 -2.88181178],[-0.33499062 -0.34510504],[0.36873677 0.65353222],[ 0.20345412 -0.01741658]
3970,3.969999999999674,[-1.64617134 -2.88215623],[-0.33462188 -0.34445151],[0.36898182 0.65378968],[ 0.20358986 -0.0173864 ]
3971,3.9709999999996737,[-1.64650559 -2.88250003],[-0.3342529  -0.34379772],[0.36922676 0.65404692],[ 0.20372553 -0.01735627]
3972,3.9719999999996736,[-1.64683947 -2.88284317],[-0.33388367 -0.34314367],[0.3694716  0.65430396],[ 0.20386113 -0.0173262 ]
3973,3.9729999999996735,[-1.64717299 -2.88318566],[-0.3335142  -0.34248937],[0.36971633 0.65456079],[ 0.20399668 -0.01729617]
3974,3.9739999999996733,[-1.64750613 -2.88352749],[-0.33314448 -0.34183481],[0.36996096 0.6548174 ],[ 0.20413216 -0.0172662 ]
3975,3.9749999999996732,[-1.64783891 -2.88386867],[-0.33277452 -0.34117999],[0.37020549 0.65507381],[ 0.20426757 -0.01723628]
3976,3.975999999999673,[-1.64817131 -2.8842092 ],[-0.33240432 -0.34052492],[0.37044991 0.65532999],[ 0.20440293 -0.01720641]
3977,3.976999999999673,[-1.64850335 -2.88454907],[-0.33203387 -0.33986959],[0.37069423 0.65558597],[ 0.20453822 -0.01717659]
3978,3.977999999999673,[-1.64883501 -2.88488828],[-0.33166317 -0.339214  ],[0.37093844 0.65584172],[ 0.20467344 -0.01714682]
3979,3.978999999999673,[-1.6491663  -2.88522684],[-0.33129224 -0.33855816],[0.37118254 0.65609726],[ 0.2048086  -0.01711711]
3980,3.9799999999996727,[-1.64949722 -2.88556474],[-0.33092105 -0.33790206],[0.37142654 0.65635259],[ 0.2049437  -0.01708745]
3981,3.9809999999996726,[-1.64982777 -2.88590199],[-0.33054963 -0.33724571],[0.37167044 0.65660769],[ 0.20507873 -0.01705784]
3982,3.9819999999996725,[-1.65015795 -2.88623858],[-0.33017796 -0.3365891 ],[0.37191423 0.65686257],[ 0.2052137  -0.01702828]
3983,3.9829999999996724,[-1.65048776 -2.88657451],[-0.32980604 -0.33593224],[0.37215792 0.65711723],[ 0.20534861 -0.01699877]
3984,3.9839999999996722,[-1.65081719 -2.88690978],[-0.32943388 -0.33527512],[0.3724015  0.65737167],[ 0.20548345 -0.01696932]
3985,3.984999999999672,[-1.65114625 -2.8872444 ],[-0.32906148 -0.33461775],[0.37264497 0.65762589],[ 0.20561822 -0.01693991]
3986,3.985999999999672,[-1.65147494 -2.88757836],[-0.32868884 -0.33396012],[0.37288834 0.65787988],[ 0.20575294 -0.01691056]
3987,3.986999999999672,[-1.65180326 -2.88791166],[-0.32831595 -0.33330224],[0.3731316  0.65813364],[ 0.20588758 -0.01688126]
3988,3.987999999999672,[-1.6521312  -2.88824431],[-0.32794282 -0.33264411],[0.37337476 0.65838718],[ 0.20602217 -0.01685202]
3989,3.9889999999996717,[-1.65245877 -2.88857629],[-0.32756944 -0.33198572],[0.37361781 0.65864049],[ 0.20615669 -0.01682282]
3990,3.9899999999996716,[-1.65278596 -2.88890762],[-0.32719582 -0.33132708],[0.37386075 0.65889357],[ 0.20629114 -0.01679368]
3991,3.9909999999996715,[-1.65311279 -2.88923829],[-0.32682196 -0.33066819],[0.37410359 0.65914642],[ 0.20642553 -0.01676459]
3992,3.9919999999996714,[-1.65343923 -2.8895683 ],[-0.32644786 -0.33000904],[0.37434632 0.65939904],[ 0.20655985 -0.01673555]
3993,3.9929999999996713,[-1.65376531 -2.88989765],[-0.32607351 -0.32934964],[0.37458895 0.65965143],[ 0.20669411 -0.01670657]
3994,3.993999999999671,[-1.65409101 -2.89022634],[-0.32569893 -0.32868999],[0.37483147 0.65990359],[ 0.20682831 -0.01667763]
3995,3.994999999999671,[-1.65441633 -2.89055437],[-0.32532409 -0.32803009],[0.37507388 0.66015551],[ 0.20696244 -0.01664875]
3996,3.995999999999671,[-1.65474128 -2.89088174],[-0.32494902 -0.32736993],[0.37531619 0.6604072 ],[ 0.20709651 -0.01661992]
3997,3.996999999999671,[-1.65506585 -2.89120845],[-0.3245737  -0.32670953],[0.37555839 0.66065865],[ 0.20723051 -0.01659115]
3998,3.9979999999996707,[-1.65539005 -2.8915345 ],[-0.32419815 -0.32604887],[0.37580048 0.66090987],[ 0.20736444 -0.01656243]
3999,3.9989999999996706,[-1.65571387 -2.89185988],[-0.32382234 -0.32538796],[0.37604246 0.66116084],[ 0.20749831 -0.01653375]
4000,3.9999999999996705,[-1.65603732 -2.89218461],[-0.3234463 -0.3247268],[0.37628434 0.66141158],[ 0.20763212 -0.01650514]
4001,4.000999999999671,[-1.65636039 -2.89250868],[-0.32307002 -0.32406538],[0.37652611 0.66166208],[ 0.20776586 -0.01647657]
4002,4.001999999999671,[-1.65668308 -2.89283208],[-0.32269349 -0.32340372],[0.37676777 0.66191234],[ 0.20789954 -0.01644806]
4003,4.0029999999996715,[-1.6570054  -2.89315482],[-0.32231672 -0.32274181],[0.37700933 0.66216236],[ 0.20803315 -0.0164196 ]
4004,4.003999999999672,[-1.65732734 -2.8934769 ],[-0.32193971 -0.32207965],[0.37725078 0.66241213],[ 0.20816669 -0.01639119]
4005,4.004999999999672,[-1.6576489  -2.89379832],[-0.32156246 -0.32141724],[0.37749211 0.66266167],[ 0.20830017 -0.01636284]
4006,4.0059999999996725,[-1.65797009 -2.89411907],[-0.32118497 -0.32075457],[0.37773335 0.66291095],[ 0.20843359 -0.01633453]
4007,4.006999999999673,[-1.65829089 -2.89443917],[-0.32080724 -0.32009166],[0.37797447 0.66315999],[ 0.20856694 -0.01630629]
4008,4.007999999999673,[-1.65861132 -2.89475859],[-0.32042926 -0.3194285 ],[0.37821549 0.66340879],[ 0.20870022 -0.01627809]
4009,4.0089999999996735,[-1.65893138 -2.89507736],[-0.32005105 -0.31876509],[0.3784564  0.66365734],[ 0.20883344 -0.01624995]
4010,4.009999999999674,[-1.65925105 -2.89539546],[-0.31967259 -0.31810144],[0.37869719 0.66390564],[ 0.20896659 -0.01622186]
4011,4.010999999999674,[-1.65957034 -2.8957129 ],[-0.31929389 -0.31743753],[0.37893789 0.66415369],[ 0.20909967 -0.01619382]
4012,4.0119999999996745,[-1.65988926 -2.89602967],[-0.31891496 -0.31677338],[0.37917847 0.66440149],[ 0.20923269 -0.01616584]
4013,4.012999999999675,[-1.66020779 -2.89634578],[-0.31853578 -0.31610898],[0.37941894 0.66464904],[ 0.20936565 -0.01613791]
4014,4.013999999999675,[-1.66052595 -2.89666122],[-0.31815636 -0.31544433],[0.37965931 0.66489634],[ 0.20949854 -0.01611003]
4015,4.0149999999996755,[-1.66084373 -2.896976  ],[-0.3177767  -0.31477943],[0.37989957 0.66514339],[ 0.20963136 -0.0160822 ]
4016,4.015999999999676,[-1.66116112 -2.89729012],[-0.3173968  -0.31411429],[0.38013971 0.66539018],[ 0.20976412 -0.01605443]
4017,4.016999999999676,[-1.66147814 -2.89760357],[-0.31701666 -0.3134489 ],[0.38037975 0.66563672],[ 0.20989681 -0.01602671]
4018,4.0179999999996765,[-1.66179478 -2.89791635],[-0.31663628 -0.31278326],[0.38061968 0.665883  ],[ 0.21002943 -0.01599905]
4019,4.018999999999677,[-1.66211103 -2.89822847],[-0.31625566 -0.31211738],[0.3808595  0.66612902],[ 0.21016199 -0.01597144]
4020,4.019999999999677,[-1.66242691 -2.89853992],[-0.3158748  -0.31145125],[0.38109921 0.66637479],[ 0.21029449 -0.01594388]
4021,4.0209999999996775,[-1.6627424 -2.8988507],[-0.3154937  -0.31078487],[0.38133881 0.6666203 ],[ 0.21042691 -0.01591637]
4022,4.021999999999678,[-1.66305751 -2.89916082],[-0.31511236 -0.31011825],[0.38157831 0.66686556],[ 0.21055927 -0.01588892]
4023,4.022999999999678,[-1.66337224 -2.89947027],[-0.31473079 -0.30945139],[0.38181769 0.66711055],[ 0.21069157 -0.01586152]
4024,4.0239999999996785,[-1.66368659 -2.89977906],[-0.31434897 -0.30878428],[0.38205696 0.66735528],[ 0.21082379 -0.01583418]
4025,4.024999999999679,[-1.66400056 -2.90008717],[-0.31396691 -0.30811692],[0.38229612 0.66759975],[ 0.21095595 -0.01580689]
4026,4.025999999999679,[-1.66431414 -2.90039462],[-0.31358462 -0.30744932],[0.38253518 0.66784396],[ 0.21108805 -0.01577965]
4027,4.0269999999996795,[-1.66462735 -2.90070141],[-0.31320208 -0.30678148],[0.38277412 0.66808791],[ 0.21122008 -0.01575247]
4028,4.02799999999968,[-1.66494016 -2.90100752],[-0.31281931 -0.30611339],[0.38301295 0.66833159],[ 0.21135204 -0.01572534]
4029,4.02899999999968,[-1.6652526  -2.90131296],[-0.31243629 -0.30544506],[0.38325167 0.668575  ],[ 0.21148393 -0.01569826]
4030,4.0299999999996805,[-1.66556465 -2.90161774],[-0.31205304 -0.30477648],[0.38349029 0.66881816],[ 0.21161576 -0.01567124]
4031,4.030999999999681,[-1.66587632 -2.90192185],[-0.31166955 -0.30410767],[0.38372879 0.66906104],[ 0.21174752 -0.01564427]
4032,4.031999999999681,[-1.66618761 -2.90222529],[-0.31128582 -0.3034386 ],[0.38396718 0.66930366],[ 0.21187922 -0.01561735]
4033,4.0329999999996815,[-1.66649851 -2.90252806],[-0.31090185 -0.3027693 ],[0.38420546 0.66954601],[ 0.21201084 -0.01559049]
4034,4.033999999999682,[-1.66680903 -2.90283016],[-0.31051765 -0.30209975],[0.38444363 0.66978809],[ 0.2121424  -0.01556369]
4035,4.034999999999682,[-1.66711916 -2.90313159],[-0.31013321 -0.30142997],[0.38468169 0.6700299 ],[ 0.2122739  -0.01553693]
4036,4.0359999999996825,[-1.66742891 -2.90343235],[-0.30974852 -0.30075994],[0.38491963 0.67027144],[ 0.21240532 -0.01551023]
4037,4.036999999999683,[-1.66773827 -2.90373244],[-0.3093636  -0.30008967],[0.38515747 0.67051271],[ 0.21253668 -0.01548359]
4038,4.037999999999683,[-1.66804725 -2.90403185],[-0.30897845 -0.29941915],[0.38539519 0.67075371],[ 0.21266798 -0.01545699]
4039,4.0389999999996835,[-1.66835585 -2.9043306 ],[-0.30859305 -0.2987484 ],[0.38563281 0.67099443],[ 0.2127992  -0.01543046]
4040,4.039999999999684,[-1.66866405 -2.90462868],[-0.30820742 -0.2980774 ],[0.38587031 0.67123488],[ 0.21293036 -0.01540397]
4041,4.040999999999684,[-1.66897187 -2.90492609],[-0.30782155 -0.29740617],[0.3861077  0.67147506],[ 0.21306145 -0.01537754]
4042,4.0419999999996845,[-1.66927931 -2.90522282],[-0.30743544 -0.29673469],[0.38634498 0.67171496],[ 0.21319247 -0.01535117]
4043,4.042999999999685,[-1.66958636 -2.90551888],[-0.3070491  -0.29606298],[0.38658214 0.67195458],[ 0.21332343 -0.01532485]
4044,4.043999999999685,[-1.66989302 -2.90581427],[-0.30666251 -0.29539103],[0.3868192  0.67219393],[ 0.21345431 -0.01529858]
4045,4.0449999999996855,[-1.6701993  -2.90610899],[-0.30627569 -0.29471883],[0.38705614 0.672433  ],[ 0.21358513 -0.01527237]
4046,4.045999999999686,[-1.67050519 -2.90640304],[-0.30588864 -0.2940464 ],[0.38729297 0.6726718 ],[ 0.21371589 -0.01524621]
4047,4.046999999999686,[-1.67081069 -2.90669641],[-0.30550135 -0.29337373],[0.38752969 0.67291031],[ 0.21384657 -0.0152201 ]
4048,4.0479999999996865,[-1.6711158  -2.90698911],[-0.30511382 -0.29270082],[0.38776629 0.67314854],[ 0.21397719 -0.01519405]
4049,4.048999999999687,[-1.67142053 -2.90728114],[-0.30472605 -0.29202767],[0.38800279 0.6733865 ],[ 0.21410774 -0.01516806]
4050,4.049999999999687,[-1.67172487 -2.9075725 ],[-0.30433805 -0.29135428],[0.38823917 0.67362417],[ 0.21423822 -0.01514212]
4051,4.0509999999996875,[-1.67202881 -2.90786318],[-0.30394981 -0.29068066],[0.38847544 0.67386156],[ 0.21436864 -0.01511623]
4052,4.051999999999688,[-1.67233238 -2.90815318],[-0.30356133 -0.2900068 ],[0.38871159 0.67409867],[ 0.21449898 -0.0150904 ]
4053,4.052999999999688,[-1.67263555 -2.90844252],[-0.30317262 -0.2893327 ],[0.38894763 0.67433549],[ 0.21462926 -0.01506462]
4054,4.0539999999996885,[-1.67293833 -2.90873118],[-0.30278367 -0.28865836],[0.38918356 0.67457203],[ 0.21475947 -0.0150389 ]
4055,4.054999999999689,[-1.67324073 -2.90901916],[-0.30239449 -0.28798379],[0.38941938 0.67480829],[ 0.21488961 -0.01501323]
4056,4.055999999999689,[-1.67354273 -2.90930647],[-0.30200507 -0.28730898],[0.38965508 0.67504426],[ 0.21501969 -0.01498761]
4057,4.0569999999996895,[-1.67384435 -2.9095931 ],[-0.30161541 -0.28663394],[0.38989067 0.67527994],[ 0.21514969 -0.01496205]
4058,4.05799999999969,[-1.67414557 -2.90987906],[-0.30122552 -0.28595866],[0.39012615 0.67551534],[ 0.21527963 -0.01493655]
4059,4.05899999999969,[-1.67444641 -2.91016434],[-0.3008354  -0.28528314],[0.39036151 0.67575045],[ 0.2154095 -0.0149111]
4060,4.0599999999996905,[-1.67474685 -2.91044895],[-0.30044504 -0.28460739],[0.39059676 0.67598527],[ 0.2155393 -0.0148857]
4061,4.060999999999691,[-1.67504691 -2.91073288],[-0.30005444 -0.28393141],[0.3908319 0.6762198],[ 0.21566903 -0.01486036]
4062,4.061999999999691,[-1.67534657 -2.91101614],[-0.29966361 -0.28325519],[0.39106692 0.67645404],[ 0.2157987  -0.01483508]
4063,4.0629999999996915,[-1.67564584 -2.91129872],[-0.29927254 -0.28257873],[0.39130183 0.676688  ],[ 0.21592829 -0.01480985]
4064,4.063999999999692,[-1.67594473 -2.91158062],[-0.29888124 -0.28190204],[0.39153662 0.67692166],[ 0.21605782 -0.01478467]
4065,4.064999999999692,[-1.67624321 -2.91186184],[-0.2984897  -0.28122512],[0.3917713  0.67715503],[ 0.21618728 -0.01475955]
4066,4.0659999999996925,[-1.67654131 -2.91214239],[-0.29809793 -0.28054797],[0.39200586 0.6773881 ],[ 0.21631667 -0.01473448]
4067,4.066999999999693,[-1.67683902 -2.91242226],[-0.29770593 -0.27987058],[0.39224031 0.67762089],[ 0.21644599 -0.01470947]
4068,4.067999999999693,[-1.67713633 -2.91270146],[-0.29731369 -0.27919296],[0.39247465 0.67785338],[ 0.21657524 -0.01468452]
4069,4.0689999999996935,[-1.67743325 -2.91297997],[-0.29692121 -0.2785151 ],[0.39270887 0.67808557],[ 0.21670443 -0.01465962]
4070,4.069999999999694,[-1.67772978 -2.91325781],[-0.2965285  -0.27783702],[0.39294298 0.67831747],[ 0.21683354 -0.01463477]
4071,4.070999999999694,[-1.67802592 -2.91353497],[-0.29613556 -0.2771587 ],[0.39317697 0.67854908],[ 0.21696259 -0.01460998]
4072,4.0719999999996945,[-1.67832166 -2.91381145],[-0.29574238 -0.27648015],[0.39341085 0.67878039],[ 0.21709156 -0.01458524]
4073,4.072999999999695,[-1.67861701 -2.91408725],[-0.29534897 -0.27580137],[0.39364461 0.6790114 ],[ 0.21722047 -0.01456056]
4074,4.073999999999695,[-1.67891196 -2.91436237],[-0.29495533 -0.27512236],[0.39387825 0.67924211],[ 0.21734931 -0.01453594]
4075,4.0749999999996955,[-1.67920653 -2.91463681],[-0.29456145 -0.27444312],[0.39411179 0.67947253],[ 0.21747808 -0.01451137]
4076,4.075999999999696,[-1.67950069 -2.91491058],[-0.29416734 -0.27376365],[0.3943452  0.67970264],[ 0.21760678 -0.01448685]
4077,4.076999999999696,[-1.67979447 -2.91518366],[-0.29377299 -0.27308394],[0.3945785  0.67993246],[ 0.21773541 -0.01446239]
4078,4.0779999999996965,[-1.68008784 -2.91545606],[-0.29337841 -0.27240401],[0.39481169 0.68016198],[ 0.21786397 -0.01443799]
4079,4.078999999999697,[-1.68038083 -2.91572779],[-0.2929836  -0.27172385],[0.39504476 0.68039119],[ 0.21799246 -0.01441364]
4080,4.079999999999697,[-1.68067342 -2.91599883],[-0.29258856 -0.27104346],[0.39527771 0.68062011],[ 0.21812089 -0.01438935]
4081,4.0809999999996975,[-1.68096561 -2.91626919],[-0.29219328 -0.27036284],[0.39551055 0.68084872],[ 0.21824924 -0.01436511]
4082,4.081999999999698,[-1.68125741 -2.91653888],[-0.29179777 -0.26968199],[0.39574327 0.68107703],[ 0.21837752 -0.01434093]
4083,4.082999999999698,[-1.68154881 -2.91680788],[-0.29140202 -0.26900091],[0.39597588 0.68130504],[ 0.21850574 -0.0143168 ]
4084,4.0839999999996985,[-1.68183982 -2.9170762 ],[-0.29100605 -0.26831961],[0.39620836 0.68153274],[ 0.21863388 -0.01429273]
4085,4.084999999999699,[-1.68213043 -2.91734384],[-0.29060984 -0.26763807],[0.39644074 0.68176014],[ 0.21876196 -0.01426871]
4086,4.085999999999699,[-1.68242064 -2.91761079],[-0.2902134  -0.26695631],[0.39667299 0.68198724],[ 0.21888996 -0.01424475]
4087,4.0869999999996995,[-1.68271046 -2.91787707],[-0.28981673 -0.26627433],[0.39690513 0.68221403],[ 0.2190179  -0.01422085]
4088,4.0879999999997,[-1.68299988 -2.91814266],[-0.28941982 -0.26559211],[0.39713716 0.68244051],[ 0.21914577 -0.014197  ]
4089,4.0889999999997,[-1.6832889  -2.91840757],[-0.28902268 -0.26490967],[0.39736906 0.68266669],[ 0.21927356 -0.01417321]
4090,4.0899999999997005,[-1.68357752 -2.91867179],[-0.28862532 -0.26422701],[0.39760085 0.68289256],[ 0.21940129 -0.01414947]
4091,4.090999999999701,[-1.68386575 -2.91893534],[-0.28822771 -0.26354411],[0.39783253 0.68311812],[ 0.21952894 -0.01412579]
4092,4.091999999999701,[-1.68415358 -2.9191982 ],[-0.28782988 -0.26286099],[0.39806408 0.68334337],[ 0.21965653 -0.01410216]
4093,4.0929999999997015,[-1.68444101 -2.91946038],[-0.28743182 -0.26217765],[0.39829552 0.68356831],[ 0.21978405 -0.01407859]
4094,4.093999999999702,[-1.68472805 -2.91972187],[-0.28703352 -0.26149408],[0.39852684 0.68379295],[ 0.21991149 -0.01405508]
4095,4.094999999999702,[-1.68501468 -2.91998268],[-0.286635   -0.26081029],[0.39875804 0.68401727],[ 0.22003887 -0.01403162]
4096,4.0959999999997025,[-1.68530092 -2.92024281],[-0.28623624 -0.26012627],[0.39898913 0.68424129],[ 0.22016617 -0.01400821]
4097,4.096999999999703,[-1.68558676 -2.92050225],[-0.28583725 -0.25944203],[0.3992201  0.68446499],[ 0.22029341 -0.01398487]
4098,4.097999999999703,[-1.68587219 -2.92076101],[-0.28543803 -0.25875757],[0.39945095 0.68468838],[ 0.22042057 -0.01396158]
4099,4.0989999999997035,[-1.68615723 -2.92101908],[-0.28503858 -0.25807288],[0.39968168 0.68491146],[ 0.22054767 -0.01393834]
4100,4.099999999999704,[-1.68644187 -2.92127647],[-0.2846389  -0.25738797],[0.3999123  0.68513423],[ 0.22067469 -0.01391516]
4101,4.100999999999704,[-1.68672611 -2.92153317],[-0.28423898 -0.25670283],[0.40014279 0.68535668],[ 0.22080164 -0.01389204]
4102,4.1019999999997045,[-1.68700995 -2.92178919],[-0.28383884 -0.25601748],[0.40037317 0.68557882],[ 0.22092853 -0.01386897]
4103,4.102999999999705,[-1.68729339 -2.92204452],[-0.28343847 -0.2553319 ],[0.40060343 0.68580065],[ 0.22105534 -0.01384596]
4104,4.103999999999705,[-1.68757642 -2.92229917],[-0.28303786 -0.2546461 ],[0.40083357 0.68602216],[ 0.22118208 -0.01382301]
4105,4.1049999999997056,[-1.68785906 -2.92255313],[-0.28263703 -0.25396007],[0.4010636  0.68624335],[ 0.22130875 -0.01380011]
4106,4.105999999999706,[-1.6881413 -2.9228064],[-0.28223597 -0.25327383],[0.4012935  0.68646423],[ 0.22143535 -0.01377727]
4107,4.106999999999706,[-1.68842313 -2.92305899],[-0.28183467 -0.25258737],[0.40152329 0.6866848 ],[ 0.22156188 -0.01375448]
4108,4.1079999999997066,[-1.68870457 -2.92331089],[-0.28143315 -0.25190068],[0.40175295 0.68690504],[ 0.22168834 -0.01373175]
4109,4.108999999999707,[-1.6889856 -2.9235621],[-0.2810314  -0.25121378],[0.4019825  0.68712497],[ 0.22181473 -0.01370908]
4110,4.109999999999707,[-1.68926623 -2.92381263],[-0.28062941 -0.25052665],[0.40221193 0.68734458],[ 0.22194104 -0.01368647]
4111,4.1109999999997076,[-1.68954645 -2.92406247],[-0.2802272  -0.24983931],[0.40244124 0.68756388],[ 0.22206729 -0.0136639 ]
4112,4.111999999999708,[-1.68982628 -2.92431162],[-0.27982476 -0.24915174],[0.40267043 0.68778285],[ 0.22219346 -0.0136414 ]
4113,4.112999999999708,[-1.6901057  -2.92456008],[-0.27942209 -0.24846396],[0.4028995 0.6880015],[ 0.22231956 -0.01361895]
4114,4.113999999999709,[-1.69038472 -2.92480786],[-0.27901919 -0.24777596],[0.40312846 0.68821984],[ 0.2224456  -0.01359656]
4115,4.114999999999709,[-1.69066334 -2.92505495],[-0.27861606 -0.24708774],[0.40335729 0.68843785],[ 0.22257156 -0.01357423]
4116,4.115999999999709,[-1.69094155 -2.92530135],[-0.27821271 -0.2463993 ],[0.403586   0.68865555],[ 0.22269745 -0.01355195]
4117,4.11699999999971,[-1.69121936 -2.92554706],[-0.27780912 -0.24571065],[0.40381459 0.68887292],[ 0.22282327 -0.01352973]
4118,4.11799999999971,[-1.69149676 -2.92579208],[-0.2774053  -0.24502177],[0.40404307 0.68908997],[ 0.22294901 -0.01350756]
4119,4.11899999999971,[-1.69177376 -2.92603641],[-0.27700126 -0.24433268],[0.40427142 0.6893067 ],[ 0.22307469 -0.01348545]
4120,4.119999999999711,[-1.69205036 -2.92628006],[-0.27659699 -0.24364338],[0.40449965 0.68952311],[ 0.22320029 -0.0134634 ]
4121,4.120999999999711,[-1.69232655 -2.92652301],[-0.27619249 -0.24295385],[0.40472777 0.68973919],[ 0.22332582 -0.01344141]
4122,4.121999999999711,[-1.69260234 -2.92676527],[-0.27578776 -0.24226411],[0.40495576 0.68995495],[ 0.22345128 -0.01341947]
4123,4.122999999999712,[-1.69287772 -2.92700685],[-0.27538281 -0.24157416],[0.40518363 0.69017039],[ 0.22357667 -0.01339759]
4124,4.123999999999712,[-1.6931527  -2.92724773],[-0.27497762 -0.24088399],[0.40541138 0.6903855 ],[ 0.22370199 -0.01337576]
4125,4.124999999999712,[-1.69342727 -2.92748793],[-0.27457221 -0.2401936 ],[0.40563901 0.69060029],[ 0.22382724 -0.01335399]
4126,4.125999999999713,[-1.69370144 -2.92772743],[-0.27416657 -0.239503  ],[0.40586652 0.69081475],[ 0.22395241 -0.01333228]
4127,4.126999999999713,[-1.6939752  -2.92796624],[-0.27376071 -0.23881219],[0.40609391 0.69102889],[ 0.22407751 -0.01331063]
4128,4.127999999999713,[-1.69424856 -2.92820436],[-0.27335461 -0.23812116],[0.40632118 0.6912427 ],[ 0.22420254 -0.01328903]
4129,4.128999999999714,[-1.6945215  -2.92844179],[-0.27294829 -0.23742992],[0.40654833 0.69145618],[ 0.2243275  -0.01326749]
4130,4.129999999999714,[-1.69479405 -2.92867853],[-0.27254174 -0.23673846],[0.40677536 0.69166934],[ 0.22445239 -0.013246  ]
4131,4.130999999999714,[-1.69506618 -2.92891458],[-0.27213497 -0.23604679],[0.40700226 0.69188217],[ 0.2245772  -0.01322458]
4132,4.131999999999715,[-1.69533791 -2.92914993],[-0.27172797 -0.23535491],[0.40722904 0.69209467],[ 0.22470194 -0.01320321]
4133,4.132999999999715,[-1.69560923 -2.92938459],[-0.27132074 -0.23466281],[0.40745571 0.69230685],[ 0.22482661 -0.01318189]
4134,4.133999999999715,[-1.69588014 -2.92961857],[-0.27091328 -0.23397051],[0.40768225 0.69251869],[ 0.22495121 -0.01316064]
4135,4.134999999999716,[-1.69615065 -2.92985184],[-0.2705056  -0.23327799],[0.40790866 0.69273021],[ 0.22507573 -0.01313944]
4136,4.135999999999716,[-1.69642075 -2.93008443],[-0.27009769 -0.23258526],[0.40813496 0.6929414 ],[ 0.22520019 -0.01311829]
4137,4.136999999999716,[-1.69669044 -2.93031632],[-0.26968955 -0.23189232],[0.40836114 0.69315225],[ 0.22532457 -0.01309721]
4138,4.137999999999717,[-1.69695972 -2.93054752],[-0.26928119 -0.23119916],[0.40858719 0.69336278],[ 0.22544888 -0.01307618]
4139,4.138999999999717,[-1.69722859 -2.93077803],[-0.26887261 -0.2305058 ],[0.40881312 0.69357298],[ 0.22557311 -0.01305521]
4140,4.139999999999717,[-1.69749705 -2.93100784],[-0.26846379 -0.22981223],[0.40903893 0.69378284],[ 0.22569727 -0.0130343 ]
4141,4.140999999999718,[-1.69776511 -2.93123696],[-0.26805475 -0.22911845],[0.40926462 0.69399238],[ 0.22582137 -0.01301344]
4142,4.141999999999718,[-1.69803275 -2.93146538],[-0.26764549 -0.22842445],[0.40949018 0.69420158],[ 0.22594538 -0.01299264]
4143,4.142999999999718,[-1.69829999 -2.93169311],[-0.267236   -0.22773025],[0.40971562 0.69441045],[ 0.22606933 -0.0129719 ]
4144,4.143999999999719,[-1.69856682 -2.93192015],[-0.26682628 -0.22703584],[0.40994094 0.69461899],[ 0.2261932  -0.01295122]
4145,4.144999999999719,[-1.69883323 -2.93214649],[-0.26641634 -0.22634122],[0.41016613 0.6948272 ],[ 0.226317   -0.01293059]
4146,4.145999999999719,[-1.69909924 -2.93237213],[-0.26600618 -0.2256464 ],[0.41039121 0.69503507],[ 0.22644073 -0.01291002]
4147,4.14699999999972,[-1.69936483 -2.93259709],[-0.26559579 -0.22495136],[0.41061616 0.69524261],[ 0.22656438 -0.01288951]
4148,4.14799999999972,[-1.69963002 -2.93282134],[-0.26518517 -0.22425612],[0.41084098 0.69544981],[ 0.22668796 -0.01286905]
4149,4.14899999999972,[-1.69989479 -2.9330449 ],[-0.26477433 -0.22356067],[0.41106569 0.69565668],[ 0.22681147 -0.01284865]
4150,4.149999999999721,[-1.70015916 -2.93326777],[-0.26436326 -0.22286501],[0.41129027 0.69586322],[ 0.22693491 -0.01282831]
4151,4.150999999999721,[-1.70042311 -2.93348994],[-0.26395197 -0.22216915],[0.41151472 0.69606942],[ 0.22705827 -0.01280803]
4152,4.151999999999721,[-1.70068665 -2.93371141],[-0.26354046 -0.22147308],[0.41173906 0.69627529],[ 0.22718156 -0.01278781]
4153,4.152999999999722,[-1.70094978 -2.93393219],[-0.26312872 -0.2207768 ],[0.41196327 0.69648082],[ 0.22730477 -0.01276764]
4154,4.153999999999722,[-1.70121249 -2.93415227],[-0.26271676 -0.22008032],[0.41218735 0.69668601],[ 0.22742792 -0.01274753]
4155,4.154999999999722,[-1.7014748  -2.93437165],[-0.26230457 -0.21938364],[0.41241132 0.69689087],[ 0.22755099 -0.01272748]
4156,4.155999999999723,[-1.70173669 -2.93459034],[-0.26189216 -0.21868675],[0.41263515 0.69709539],[ 0.22767398 -0.01270748]
4157,4.156999999999723,[-1.70199817 -2.93480833],[-0.26147952 -0.21798965],[0.41285887 0.69729957],[ 0.2277969  -0.01268754]
4158,4.157999999999723,[-1.70225924 -2.93502562],[-0.26106666 -0.21729235],[0.41308246 0.69750342],[ 0.22791975 -0.01266766]
4159,4.158999999999724,[-1.70251989 -2.93524221],[-0.26065358 -0.21659485],[0.41330592 0.69770693],[ 0.22804253 -0.01264784]
4160,4.159999999999724,[-1.70278013 -2.93545811],[-0.26024027 -0.21589714],[0.41352927 0.6979101 ],[ 0.22816523 -0.01262808]
4161,4.160999999999724,[-1.70303996 -2.93567331],[-0.25982675 -0.21519923],[0.41375248 0.69811293],[ 0.22828786 -0.01260837]
4162,4.161999999999725,[-1.70329937 -2.93588781],[-0.25941299 -0.21450112],[0.41397558 0.69831543],[ 0.22841041 -0.01258872]
4163,4.162999999999725,[-1.70355837 -2.93610161],[-0.25899902 -0.2138028 ],[0.41419854 0.69851758],[ 0.22853289 -0.01256913]
4164,4.163999999999725,[-1.70381696 -2.93631472],[-0.25858482 -0.21310428],[0.41442139 0.6987194 ],[ 0.2286553 -0.0125496]
4165,4.164999999999726,[-1.70407513 -2.93652712],[-0.2581704  -0.21240556],[0.4146441  0.69892088],[ 0.22877764 -0.01253012]
4166,4.165999999999726,[-1.70433288 -2.93673883],[-0.25775575 -0.21170664],[0.4148667  0.69912201],[ 0.2288999  -0.01251071]
4167,4.166999999999726,[-1.70459022 -2.93694984],[-0.25734089 -0.21100752],[0.41508916 0.69932281],[ 0.22902208 -0.01249135]
4168,4.167999999999727,[-1.70484715 -2.93716015],[-0.2569258 -0.2103082],[0.41531151 0.69952327],[ 0.22914419 -0.01247204]
4169,4.168999999999727,[-1.70510366 -2.93736976],[-0.25651049 -0.20960868],[0.41553373 0.69972338],[ 0.22926623 -0.0124528 ]
4170,4.169999999999727,[-1.70535975 -2.93757866],[-0.25609495 -0.20890895],[0.41575582 0.69992316],[ 0.2293882  -0.01243362]
4171,4.170999999999728,[-1.70561543 -2.93778687],[-0.2556792  -0.20820903],[0.41597778 0.70012259],[ 0.22951009 -0.01241449]
4172,4.171999999999728,[-1.7058707  -2.93799438],[-0.25526322 -0.20750891],[0.41619962 0.70032168],[ 0.2296319  -0.01239542]
4173,4.172999999999728,[-1.70612554 -2.93820119],[-0.25484702 -0.20680859],[0.41642134 0.70052043],[ 0.22975364 -0.01237641]
4174,4.173999999999729,[-1.70637997 -2.9384073 ],[-0.2544306  -0.20610806],[0.41664293 0.70071884],[ 0.22987531 -0.01235745]
4175,4.174999999999729,[-1.70663399 -2.93861271],[-0.25401395 -0.20540735],[0.41686439 0.70091691],[ 0.2299969  -0.01233856]
4176,4.175999999999729,[-1.70688758 -2.93881741],[-0.25359709 -0.20470643],[0.41708573 0.70111463],[ 0.23011842 -0.01231972]
4177,4.17699999999973,[-1.70714076 -2.93902142],[-0.25318    -0.20400531],[0.41730694 0.70131201],[ 0.23023987 -0.01230094]
4178,4.17799999999973,[-1.70739353 -2.93922472],[-0.2527627 -0.203304 ],[0.41752803 0.70150905],[ 0.23036124 -0.01228222]
4179,4.17899999999973,[-1.70764587 -2.93942732],[-0.25234517 -0.20260249],[0.41774898 0.70170574],[ 0.23048253 -0.01226356]
4180,4.179999999999731,[-1.7078978  -2.93962923],[-0.25192742 -0.20190079],[0.41796982 0.70190209],[ 0.23060375 -0.01224495]
4181,4.180999999999731,[-1.70814931 -2.93983042],[-0.25150945 -0.20119889],[0.41819052 0.70209809],[ 0.2307249  -0.01222641]
4182,4.181999999999731,[-1.7084004  -2.94003092],[-0.25109126 -0.20049679],[0.4184111  0.70229376],[ 0.23084597 -0.01220792]
4183,4.182999999999732,[-1.70865107 -2.94023072],[-0.25067285 -0.19979449],[0.41863155 0.70248907],[ 0.23096697 -0.01218949]
4184,4.183999999999732,[-1.70890133 -2.94042981],[-0.25025422 -0.199092  ],[0.41885188 0.70268404],[ 0.23108789 -0.01217112]
4185,4.184999999999732,[-1.70915116 -2.9406282 ],[-0.24983537 -0.19838932],[0.41907208 0.70287867],[ 0.23120874 -0.01215281]
4186,4.185999999999733,[-1.70940058 -2.94082588],[-0.24941629 -0.19768644],[0.41929215 0.70307295],[ 0.23132951 -0.01213455]
4187,4.186999999999733,[-1.70964958 -2.94102287],[-0.248997   -0.19698337],[0.41951209 0.70326689],[ 0.23145021 -0.01211636]
4188,4.187999999999733,[-1.70989815 -2.94121915],[-0.24857749 -0.1962801 ],[0.41973191 0.70346048],[ 0.23157083 -0.01209822]
4189,4.188999999999734,[-1.71014631 -2.94141472],[-0.24815776 -0.19557664],[0.4199516  0.70365372],[ 0.23169138 -0.01208014]
4190,4.189999999999734,[-1.71039405 -2.9416096 ],[-0.24773781 -0.19487299],[0.42017116 0.70384662],[ 0.23181185 -0.01206212]
4191,4.190999999999734,[-1.71064137 -2.94180377],[-0.24731763 -0.19416914],[0.42039059 0.70403918],[ 0.23193225 -0.01204416]
4192,4.191999999999735,[-1.71088826 -2.94199723],[-0.24689724 -0.1934651 ],[0.4206099  0.70423138],[ 0.23205257 -0.01202625]
4193,4.192999999999735,[-1.71113474 -2.94218999],[-0.24647663 -0.19276087],[0.42082908 0.70442324],[ 0.23217282 -0.01200841]
4194,4.193999999999735,[-1.7113808  -2.94238205],[-0.24605581 -0.19205645],[0.42104813 0.70461475],[ 0.23229299 -0.01199062]
4195,4.194999999999736,[-1.71162643 -2.9425734 ],[-0.24563476 -0.19135183],[0.42126705 0.70480592],[ 0.23241309 -0.01197289]
4196,4.195999999999736,[-1.71187164 -2.94276405],[-0.24521349 -0.19064703],[0.42148585 0.70499673],[ 0.23253311 -0.01195522]
4197,4.196999999999736,[-1.71211644 -2.94295399],[-0.244792   -0.18994203],[0.42170451 0.7051872 ],[ 0.23265305 -0.01193761]
4198,4.197999999999737,[-1.71236081 -2.94314323],[-0.2443703  -0.18923684],[0.42192305 0.70537732],[ 0.23277292 -0.01192006]
4199,4.198999999999737,[-1.71260476 -2.94333176],[-0.24394838 -0.18853147],[0.42214146 0.7055671 ],[ 0.23289272 -0.01190257]
4200,4.199999999999737,[-1.71284828 -2.94351958],[-0.24352624 -0.1878259 ],[0.42235974 0.70575652],[ 0.23301244 -0.01188513]
4201,4.200999999999738,[-1.71309139 -2.9437067 ],[-0.24310388 -0.18712014],[0.42257789 0.7059456 ],[ 0.23313208 -0.01186775]
4202,4.201999999999738,[-1.71333407 -2.94389312],[-0.2426813 -0.1864142],[0.42279592 0.70613432],[ 0.23325165 -0.01185044]
4203,4.202999999999738,[-1.71357633 -2.94407883],[-0.2422585  -0.18570806],[0.42301381 0.7063227 ],[ 0.23337114 -0.01183318]
4204,4.203999999999739,[-1.71381816 -2.94426383],[-0.24183549 -0.18500174],[0.42323158 0.70651073],[ 0.23349056 -0.01181598]
4205,4.204999999999739,[-1.71405957 -2.94444812],[-0.24141226 -0.18429523],[0.42344921 0.70669841],[ 0.2336099  -0.01179884]
4206,4.205999999999739,[-1.71430056 -2.94463171],[-0.24098881 -0.18358853],[0.42366672 0.70688574],[ 0.23372917 -0.01178176]
4207,4.20699999999974,[-1.71454113 -2.94481459],[-0.24056514 -0.18288164],[0.4238841  0.70707272],[ 0.23384836 -0.01176473]
4208,4.20799999999974,[-1.71478127 -2.94499677],[-0.24014126 -0.18217457],[0.42410135 0.70725936],[ 0.23396747 -0.01174777]
4209,4.20899999999974,[-1.71502099 -2.94517823],[-0.23971715 -0.18146731],[0.42431847 0.70744564],[ 0.23408651 -0.01173086]
4210,4.209999999999741,[-1.71526028 -2.94535899],[-0.23929284 -0.18075987],[0.42453546 0.70763157],[ 0.23420547 -0.01171402]
4211,4.210999999999741,[-1.71549915 -2.94553905],[-0.2388683  -0.18005224],[0.42475232 0.70781715],[ 0.23432435 -0.01169723]
4212,4.211999999999741,[-1.71573759 -2.94571839],[-0.23844355 -0.17934442],[0.42496905 0.70800238],[ 0.23444316 -0.0116805 ]
4213,4.212999999999742,[-1.71597561 -2.94589703],[-0.23801858 -0.17863642],[0.42518565 0.70818726],[ 0.2345619  -0.01166383]
4214,4.213999999999742,[-1.7162132  -2.94607496],[-0.23759339 -0.17792823],[0.42540212 0.70837179],[ 0.23468055 -0.01164722]
4215,4.214999999999742,[-1.71645037 -2.94625218],[-0.23716799 -0.17721986],[0.42561846 0.70855596],[ 0.23479914 -0.01163067]
4216,4.215999999999743,[-1.71668711 -2.94642869],[-0.23674237 -0.1765113 ],[0.42583467 0.70873979],[ 0.23491764 -0.01161418]
4217,4.216999999999743,[-1.71692343 -2.94660449],[-0.23631654 -0.17580256],[0.42605075 0.70892326],[ 0.23503607 -0.01159774]
4218,4.217999999999743,[-1.71715932 -2.94677958],[-0.23589049 -0.17509364],[0.4262667  0.70910639],[ 0.23515442 -0.01158137]
4219,4.218999999999744,[-1.71739478 -2.94695397],[-0.23546422 -0.17438453],[0.42648251 0.70928916],[ 0.23527269 -0.01156505]
4220,4.219999999999744,[-1.71762982 -2.94712764],[-0.23503774 -0.17367524],[0.4266982  0.70947158],[ 0.23539089 -0.0115488 ]
4221,4.220999999999744,[-1.71786443 -2.94730061],[-0.23461104 -0.17296577],[0.42691376 0.70965365],[ 0.23550902 -0.0115326 ]
4222,4.221999999999745,[-1.71809862 -2.94747286],[-0.23418413 -0.17225612],[0.42712919 0.70983536],[ 0.23562706 -0.01151646]
4223,4.222999999999745,[-1.71833237 -2.94764441],[-0.233757   -0.17154628],[0.42734448 0.71001673],[ 0.23574503 -0.01150039]
4224,4.223999999999745,[-1.7185657  -2.94781525],[-0.23332965 -0.17083626],[0.42755965 0.71019774],[ 0.23586292 -0.01148437]
4225,4.224999999999746,[-1.71879861 -2.94798537],[-0.23290209 -0.17012607],[0.42777468 0.7103784 ],[ 0.23598074 -0.01146841]
4226,4.225999999999746,[-1.71903108 -2.94815479],[-0.23247432 -0.16941569],[0.42798958 0.7105587 ],[ 0.23609848 -0.01145251]
4227,4.226999999999746,[-1.71926313 -2.94832349],[-0.23204633 -0.16870513],[0.42820435 0.71073865],[ 0.23621614 -0.01143667]
4228,4.227999999999747,[-1.71949474 -2.94849149],[-0.23161812 -0.16799439],[0.42841899 0.71091825],[ 0.23633372 -0.01142089]
4229,4.228999999999747,[-1.71972593 -2.94865877],[-0.23118971 -0.16728347],[0.4286335 0.7110975],[ 0.23645123 -0.01140516]
4230,4.229999999999747,[-1.7199567  -2.94882534],[-0.23076107 -0.16657238],[0.42884788 0.7112764 ],[ 0.23656866 -0.0113895 ]
4231,4.230999999999748,[-1.72018703 -2.94899121],[-0.23033222 -0.1658611 ],[0.42906212 0.71145494],[ 0.23668602 -0.0113739 ]
4232,4.231999999999748,[-1.72041693 -2.94915636],[-0.22990316 -0.16514964],[0.42927624 0.71163312],[ 0.23680329 -0.01135835]
4233,4.232999999999748,[-1.7206464  -2.94932079],[-0.22947389 -0.16443801],[0.42949022 0.71181096],[ 0.23692049 -0.01134287]
4234,4.233999999999749,[-1.72087545 -2.94948452],[-0.2290444 -0.1637262],[0.42970407 0.71198844],[ 0.23703762 -0.01132744]
4235,4.234999999999749,[-1.72110406 -2.94964753],[-0.22861469 -0.16301421],[0.42991778 0.71216556],[ 0.23715466 -0.01131208]
4236,4.235999999999749,[-1.72133225 -2.94980984],[-0.22818477 -0.16230205],[0.43013137 0.71234233],[ 0.23727163 -0.01129677]
4237,4.23699999999975,[-1.72156    -2.94997143],[-0.22775464 -0.1615897 ],[0.43034482 0.71251875],[ 0.23738852 -0.01128152]
4238,4.23799999999975,[-1.72178733 -2.9501323 ],[-0.2273243  -0.16087718],[0.43055814 0.71269482],[ 0.23750533 -0.01126634]
4239,4.23899999999975,[-1.72201422 -2.95029247],[-0.22689374 -0.16016449],[0.43077133 0.71287053],[ 0.23762207 -0.01125121]
4240,4.239999999999751,[-1.72224068 -2.95045192],[-0.22646297 -0.15945162],[0.43098438 0.71304588],[ 0.23773873 -0.01123614]
4241,4.240999999999751,[-1.72246672 -2.95061066],[-0.22603198 -0.15873857],[0.4311973  0.71322088],[ 0.23785531 -0.01122113]
4242,4.241999999999751,[-1.72269232 -2.95076868],[-0.22560079 -0.15802535],[0.43141009 0.71339553],[ 0.23797181 -0.01120618]
4243,4.242999999999752,[-1.72291749 -2.95092599],[-0.22516938 -0.15731196],[0.43162275 0.71356982],[ 0.23808824 -0.01119129]
4244,4.243999999999752,[-1.72314222 -2.95108259],[-0.22473775 -0.15659839],[0.43183527 0.71374376],[ 0.23820459 -0.01117646]
4245,4.244999999999752,[-1.72336653 -2.95123848],[-0.22430592 -0.15588464],[0.43204766 0.71391734],[ 0.23832086 -0.0111617 ]
4246,4.245999999999753,[-1.7235904  -2.95139365],[-0.22387387 -0.15517073],[0.43225992 0.71409057],[ 0.23843705 -0.01114699]
4247,4.246999999999753,[-1.72381385 -2.9515481 ],[-0.22344161 -0.15445664],[0.43247204 0.71426344],[ 0.23855316 -0.01113233]
4248,4.247999999999753,[-1.72403685 -2.95170185],[-0.22300914 -0.15374237],[0.43268403 0.71443596],[ 0.2386692  -0.01111774]
4249,4.248999999999754,[-1.72425943 -2.95185488],[-0.22257645 -0.15302794],[0.43289589 0.71460812],[ 0.23878516 -0.01110321]
4250,4.249999999999754,[-1.72448157 -2.95200719],[-0.22214356 -0.15231333],[0.43310761 0.71477993],[ 0.23890104 -0.01108874]
4251,4.250999999999754,[-1.72470328 -2.95215879],[-0.22171045 -0.15159855],[0.4333192  0.71495138],[ 0.23901684 -0.01107433]
4252,4.251999999999755,[-1.72492456 -2.95230967],[-0.22127713 -0.1508836 ],[0.43353065 0.71512247],[ 0.23913257 -0.01105998]
4253,4.252999999999755,[-1.72514541 -2.95245984],[-0.2208436  -0.15016847],[0.43374197 0.71529322],[ 0.23924822 -0.01104569]
4254,4.253999999999755,[-1.72536582 -2.95260929],[-0.22040986 -0.14945318],[0.43395316 0.7154636 ],[ 0.23936378 -0.01103146]
4255,4.254999999999756,[-1.72558579 -2.95275803],[-0.21997591 -0.14873772],[0.43416421 0.71563363],[ 0.23947927 -0.01101729]
4256,4.255999999999756,[-1.72580533 -2.95290605],[-0.21954174 -0.14802208],[0.43437513 0.7158033 ],[ 0.23959469 -0.01100317]
4257,4.256999999999756,[-1.72602444 -2.95305336],[-0.21910737 -0.14730628],[0.43458592 0.71597262],[ 0.23971002 -0.01098912]
4258,4.257999999999757,[-1.72624311 -2.95319995],[-0.21867278 -0.14659031],[0.43479657 0.71614158],[ 0.23982528 -0.01097513]
4259,4.258999999999757,[-1.72646135 -2.95334582],[-0.21823798 -0.14587417],[0.43500708 0.71631019],[ 0.23994045 -0.0109612 ]
4260,4.259999999999757,[-1.72667915 -2.95349098],[-0.21780298 -0.14515786],[0.43521746 0.71647844],[ 0.24005555 -0.01094733]
4261,4.260999999999758,[-1.72689652 -2.95363542],[-0.21736776 -0.14444138],[0.43542771 0.71664634],[ 0.24017057 -0.01093351]
4262,4.261999999999758,[-1.72711345 -2.95377915],[-0.21693233 -0.14372473],[0.43563782 0.71681388],[ 0.24028552 -0.01091976]
4263,4.262999999999758,[-1.72732995 -2.95392215],[-0.21649669 -0.14300792],[0.4358478  0.71698106],[ 0.24040038 -0.01090607]
4264,4.263999999999759,[-1.72754601 -2.95406445],[-0.21606085 -0.14229094],[0.43605764 0.71714788],[ 0.24051516 -0.01089244]
4265,4.264999999999759,[-1.72776164 -2.95420602],[-0.21562479 -0.14157379],[0.43626734 0.71731435],[ 0.24062987 -0.01087887]
4266,4.265999999999759,[-1.72797683 -2.95434688],[-0.21518852 -0.14085647],[0.43647691 0.71748047],[ 0.2407445  -0.01086536]
4267,4.26699999999976,[-1.72819158 -2.95448701],[-0.21475204 -0.14013899],[0.43668635 0.71764623],[ 0.24085905 -0.0108519 ]
4268,4.26799999999976,[-1.72840589 -2.95462644],[-0.21431536 -0.13942135],[0.43689565 0.71781163],[ 0.24097352 -0.01083851]
4269,4.26899999999976,[-1.72861977 -2.95476514],[-0.21387846 -0.13870354],[0.43710481 0.71797667],[ 0.24108791 -0.01082518]
4270,4.269999999999761,[-1.72883321 -2.95490313],[-0.21344136 -0.13798556],[0.43731384 0.71814136],[ 0.24120222 -0.01081191]
4271,4.270999999999761,[-1.72904622 -2.95504039],[-0.21300404 -0.13726742],[0.43752273 0.71830569],[ 0.24131645 -0.0107987 ]
4272,4.271999999999761,[-1.72925878 -2.95517694],[-0.21256652 -0.13654911],[0.43773149 0.71846967],[ 0.24143061 -0.01078555]
4273,4.272999999999762,[-1.72947091 -2.95531277],[-0.21212879 -0.13583064],[0.43794011 0.71863329],[ 0.24154468 -0.01077246]
4274,4.273999999999762,[-1.7296826  -2.95544788],[-0.21169085 -0.13511201],[0.4381486  0.71879655],[ 0.24165868 -0.01075943]
4275,4.274999999999762,[-1.72989386 -2.95558228],[-0.2112527  -0.13439321],[0.43835695 0.71895946],[ 0.2417726  -0.01074646]
4276,4.275999999999763,[-1.73010467 -2.95571595],[-0.21081434 -0.13367425],[0.43856516 0.71912201],[ 0.24188643 -0.01073355]
4277,4.276999999999763,[-1.73031505 -2.95584891],[-0.21037578 -0.13295513],[0.43877324 0.7192842 ],[ 0.24200019 -0.0107207 ]
4278,4.277999999999763,[-1.73052498 -2.95598114],[-0.20993701 -0.13223585],[0.43898118 0.71944604],[ 0.24211387 -0.01070791]
4279,4.278999999999764,[-1.73073448 -2.95611266],[-0.20949802 -0.1315164 ],[0.43918898 0.71960752],[ 0.24222747 -0.01069519]
4280,4.279999999999764,[-1.73094354 -2.95624346],[-0.20905884 -0.13079679],[0.43939665 0.71976864],[ 0.24234099 -0.01068252]
4281,4.280999999999764,[-1.73115216 -2.95637353],[-0.20861944 -0.13007702],[0.43960418 0.7199294 ],[ 0.24245443 -0.01066991]
4282,4.281999999999765,[-1.73136034 -2.95650289],[-0.20817983 -0.1293571 ],[0.43981157 0.72008981],[ 0.2425678  -0.01065736]
4283,4.282999999999765,[-1.73156808 -2.95663153],[-0.20774002 -0.12863701],[0.44001883 0.72024987],[ 0.24268108 -0.01064488]
4284,4.283999999999765,[-1.73177538 -2.95675944],[-0.2073     -0.12791676],[0.44022595 0.72040956],[ 0.24279428 -0.01063245]
4285,4.284999999999766,[-1.73198224 -2.95688664],[-0.20685978 -0.12719635],[0.44043293 0.7205689 ],[ 0.2429074  -0.01062008]
4286,4.285999999999766,[-1.73218866 -2.95701312],[-0.20641935 -0.12647578],[0.44063977 0.72072788],[ 0.24302045 -0.01060778]
4287,4.286999999999766,[-1.73239464 -2.95713887],[-0.20597871 -0.12575505],[0.44084648 0.72088651],[ 0.24313341 -0.01059553]
4288,4.287999999999767,[-1.73260017 -2.95726391],[-0.20553786 -0.12503416],[0.44105305 0.72104478],[ 0.24324629 -0.01058335]
4289,4.288999999999767,[-1.73280527 -2.95738822],[-0.20509681 -0.12431312],[0.44125949 0.72120269],[ 0.2433591  -0.01057123]
4290,4.289999999999767,[-1.73300993 -2.95751181],[-0.20465555 -0.12359192],[0.44146578 0.72136025],[ 0.24347182 -0.01055916]
4291,4.290999999999768,[-1.73321414 -2.95763468],[-0.20421408 -0.12287056],[0.44167194 0.72151744],[ 0.24358447 -0.01054716]
4292,4.291999999999768,[-1.73341791 -2.95775683],[-0.20377241 -0.12214904],[0.44187796 0.72167429],[ 0.24369703 -0.01053522]
4293,4.292999999999768,[-1.73362124 -2.95787826],[-0.20333053 -0.12142736],[0.44208384 0.72183077],[ 0.24380952 -0.01052334]
4294,4.293999999999769,[-1.73382413 -2.95799896],[-0.20288845 -0.12070553],[0.44228958 0.7219869 ],[ 0.24392192 -0.01051152]
4295,4.294999999999769,[-1.73402658 -2.95811895],[-0.20244616 -0.11998355],[0.44249519 0.72214267],[ 0.24403425 -0.01049976]
4296,4.295999999999769,[-1.73422858 -2.95823821],[-0.20200366 -0.1192614 ],[0.44270066 0.72229808],[ 0.24414649 -0.01048806]
4297,4.29699999999977,[-1.73443014 -2.95835675],[-0.20156096 -0.11853911],[0.44290599 0.72245314],[ 0.24425866 -0.01047642]
4298,4.29799999999977,[-1.73463126 -2.95847456],[-0.20111806 -0.11781665],[0.44311118 0.72260784],[ 0.24437074 -0.01046484]
4299,4.29899999999977,[-1.73483194 -2.95859166],[-0.20067494 -0.11709404],[0.44331623 0.72276219],[ 0.24448274 -0.01045332]
4300,4.299999999999771,[-1.73503217 -2.95870803],[-0.20023163 -0.11637128],[0.44352115 0.72291618],[ 0.24459467 -0.01044187]
4301,4.300999999999771,[-1.73523196 -2.95882368],[-0.19978811 -0.11564837],[0.44372592 0.72306981],[ 0.24470651 -0.01043047]
4302,4.301999999999771,[-1.7354313 -2.9589386],[-0.19934438 -0.1149253 ],[0.44393056 0.72322308],[ 0.24481827 -0.01041913]
4303,4.302999999999772,[-1.7356302 -2.9590528],[-0.19890045 -0.11420207],[0.44413506 0.723376  ],[ 0.24492996 -0.01040786]
4304,4.303999999999772,[-1.73582866 -2.95916628],[-0.19845632 -0.1134787 ],[0.44433942 0.72352856],[ 0.24504156 -0.01039665]
4305,4.304999999999772,[-1.73602667 -2.95927904],[-0.19801198 -0.11275517],[0.44454364 0.72368076],[ 0.24515308 -0.01038549]
4306,4.305999999999773,[-1.73622424 -2.95939107],[-0.19756743 -0.11203149],[0.44474772 0.72383261],[ 0.24526452 -0.0103744 ]
4307,4.306999999999773,[-1.73642136 -2.95950238],[-0.19712269 -0.11130765],[0.44495166 0.7239841 ],[ 0.24537588 -0.01036337]
4308,4.307999999999773,[-1.73661804 -2.95961296],[-0.19667773 -0.11058367],[0.44515546 0.72413524],[ 0.24548716 -0.0103524 ]
4309,4.308999999999774,[-1.73681427 -2.95972282],[-0.19623258 -0.10985954],[0.44535912 0.72428602],[ 0.24559836 -0.01034149]
4310,4.309999999999774,[-1.73701006 -2.95983196],[-0.19578722 -0.10913525],[0.44556265 0.72443644],[ 0.24570948 -0.01033064]
4311,4.310999999999774,[-1.7372054  -2.95994037],[-0.19534166 -0.10841081],[0.44576603 0.7245865 ],[ 0.24582051 -0.01031986]
4312,4.311999999999775,[-1.73740029 -2.96004805],[-0.19489589 -0.10768623],[0.44596928 0.72473621],[ 0.24593147 -0.01030913]
4313,4.312999999999775,[-1.73759474 -2.96015501],[-0.19444992 -0.10696149],[0.44617238 0.72488556],[ 0.24604235 -0.01029846]
4314,4.313999999999775,[-1.73778875 -2.96026125],[-0.19400375 -0.1062366 ],[0.44637534 0.72503456],[ 0.24615314 -0.01028786]
4315,4.314999999999776,[-1.7379823  -2.96036676],[-0.19355737 -0.10551157],[0.44657817 0.7251832 ],[ 0.24626386 -0.01027732]
4316,4.315999999999776,[-1.73817542 -2.96047155],[-0.19311079 -0.10478639],[0.44678085 0.72533148],[ 0.24637449 -0.01026683]
4317,4.316999999999776,[-1.73836808 -2.96057561],[-0.19266401 -0.10406106],[0.4469834  0.72547941],[ 0.24648504 -0.01025641]
4318,4.317999999999777,[-1.7385603  -2.96067895],[-0.19221703 -0.10333558],[0.4471858  0.72562698],[ 0.24659551 -0.01024605]
4319,4.318999999999777,[-1.73875207 -2.96078156],[-0.19176984 -0.10260995],[0.44738807 0.72577419],[ 0.2467059  -0.01023575]
4320,4.319999999999777,[-1.73894339 -2.96088344],[-0.19132246 -0.10188418],[0.44759019 0.72592105],[ 0.24681621 -0.01022551]
4321,4.320999999999778,[-1.73913426 -2.9609846 ],[-0.19087487 -0.10115825],[0.44779217 0.72606756],[ 0.24692644 -0.01021534]
4322,4.321999999999778,[-1.73932469 -2.96108503],[-0.19042707 -0.10043219],[0.44799401 0.7262137 ],[ 0.24703658 -0.01020522]
4323,4.322999999999778,[-1.73951467 -2.96118474],[-0.18997908 -0.09970597],[0.44819572 0.72635949],[ 0.24714665 -0.01019516]
4324,4.323999999999779,[-1.7397042  -2.96128372],[-0.18953088 -0.09897961],[0.44839728 0.72650493],[ 0.24725663 -0.01018517]
4325,4.324999999999779,[-1.73989328 -2.96138197],[-0.18908249 -0.09825311],[0.4485987  0.72665001],[ 0.24736653 -0.01017524]
4326,4.325999999999779,[-1.74008192 -2.9614795 ],[-0.18863389 -0.09752646],[0.44879997 0.72679473],[ 0.24747635 -0.01016537]
4327,4.32699999999978,[-1.7402701 -2.9615763],[-0.18818509 -0.09679966],[0.44900111 0.7269391 ],[ 0.24758609 -0.01015556]
4328,4.32799999999978,[-1.74045784 -2.96167237],[-0.18773609 -0.09607272],[0.44920211 0.72708311],[ 0.24769575 -0.01014581]
4329,4.32899999999978,[-1.74064513 -2.96176771],[-0.18728689 -0.09534564],[0.44940296 0.72722677],[ 0.24780532 -0.01013612]
4330,4.329999999999781,[-1.74083196 -2.96186233],[-0.18683748 -0.09461841],[0.44960368 0.72737007],[ 0.24791481 -0.01012649]
4331,4.330999999999781,[-1.74101835 -2.96195622],[-0.18638788 -0.09389104],[0.44980425 0.72751301],[ 0.24802423 -0.01011693]
4332,4.331999999999781,[-1.74120429 -2.96204939],[-0.18593807 -0.09316353],[0.45000468 0.7276556 ],[ 0.24813356 -0.01010742]
4333,4.332999999999782,[-1.74138978 -2.96214182],[-0.18548807 -0.09243588],[0.45020497 0.72779784],[ 0.24824281 -0.01009798]
4334,4.333999999999782,[-1.74157481 -2.96223353],[-0.18503787 -0.09170808],[0.45040512 0.72793971],[ 0.24835197 -0.0100886 ]
4335,4.334999999999782,[-1.7417594  -2.96232451],[-0.18458746 -0.09098014],[0.45060512 0.72808124],[ 0.24846106 -0.01007928]
4336,4.335999999999783,[-1.74194354 -2.96241476],[-0.18413685 -0.09025206],[0.45080499 0.72822241],[ 0.24857006 -0.01007002]
4337,4.336999999999783,[-1.74212723 -2.96250429],[-0.18368605 -0.08952383],[0.45100471 0.72836322],[ 0.24867898 -0.01006082]
4338,4.337999999999783,[-1.74231046 -2.96259308],[-0.18323505 -0.08879547],[0.45120429 0.72850368],[ 0.24878782 -0.01005168]
4339,4.338999999999784,[-1.74249324 -2.96268115],[-0.18278384 -0.08806697],[0.45140372 0.72864378],[ 0.24889658 -0.01004261]
4340,4.339999999999784,[-1.74267558 -2.96276849],[-0.18233244 -0.08733832],[0.45160302 0.72878353],[ 0.24900525 -0.01003359]
4341,4.340999999999784,[-1.74285746 -2.9628551 ],[-0.18188083 -0.08660954],[0.45180217 0.72892292],[ 0.24911384 -0.01002464]
4342,4.341999999999785,[-1.74303889 -2.96294098],[-0.18142903 -0.08588062],[0.45200118 0.72906196],[ 0.24922235 -0.01001575]
4343,4.342999999999785,[-1.74321986 -2.96302613],[-0.18097703 -0.08515156],[0.45220005 0.72920064],[ 0.24933078 -0.01000692]
4344,4.343999999999785,[-1.74340039 -2.96311055],[-0.18052483 -0.08442235],[0.45239877 0.72933897],[ 0.24943913 -0.00999815]
4345,4.344999999999786,[-1.74358046 -2.96319424],[-0.18007243 -0.08369302],[0.45259736 0.72947695],[ 0.24954739 -0.00998945]
4346,4.345999999999786,[-1.74376008 -2.96327721],[-0.17961983 -0.08296354],[0.4527958  0.72961457],[ 0.24965557 -0.0099808 ]
4347,4.346999999999786,[-1.74393925 -2.96335944],[-0.17916704 -0.08223392],[0.45299409 0.72975184],[ 0.24976367 -0.00997222]
4348,4.347999999999787,[-1.74411796 -2.96344095],[-0.17871404 -0.08150417],[0.45319224 0.72988875],[ 0.24987169 -0.0099637 ]
4349,4.348999999999787,[-1.74429622 -2.96352172],[-0.17826085 -0.08077428],[0.45339025 0.7300253 ],[ 0.24997962 -0.00995523]
4350,4.349999999999787,[-1.74447403 -2.96360176],[-0.17780746 -0.08004426],[0.45358812 0.73016151],[ 0.25008747 -0.00994684]
4351,4.350999999999788,[-1.74465138 -2.96368108],[-0.17735387 -0.0793141 ],[0.45378585 0.73029736],[ 0.25019524 -0.0099385 ]
4352,4.351999999999788,[-1.74482828 -2.96375966],[-0.17690009 -0.0785838 ],[0.45398343 0.73043285],[ 0.25030293 -0.00993022]
4353,4.352999999999788,[-1.74500473 -2.96383752],[-0.1764461  -0.07785337],[0.45418086 0.73056799],[ 0.25041053 -0.00992201]
4354,4.353999999999789,[-1.74518072 -2.96391464],[-0.17599192 -0.0771228 ],[0.45437816 0.73070278],[ 0.25051805 -0.00991385]
4355,4.354999999999789,[-1.74535626 -2.96399103],[-0.17553755 -0.0763921 ],[0.45457531 0.73083722],[ 0.25062549 -0.00990576]
4356,4.355999999999789,[-1.74553134 -2.96406669],[-0.17508297 -0.07566126],[0.45477231 0.7309713 ],[ 0.25073285 -0.00989773]
4357,4.35699999999979,[-1.74570597 -2.96414162],[-0.1746282  -0.07493029],[0.45496917 0.73110502],[ 0.25084012 -0.00988977]
4358,4.35799999999979,[-1.74588014 -2.96421582],[-0.17417323 -0.07419918],[0.45516589 0.7312384 ],[ 0.25094731 -0.00988186]
4359,4.35899999999979,[-1.74605386 -2.96428929],[-0.17371806 -0.07346794],[0.45536247 0.73137142],[ 0.25105441 -0.00987401]
4360,4.359999999999791,[-1.74622712 -2.96436203],[-0.1732627  -0.07273657],[0.4555589  0.73150408],[ 0.25116144 -0.00986623]
4361,4.360999999999791,[-1.74639993 -2.96443403],[-0.17280714 -0.07200507],[0.45575518 0.7316364 ],[ 0.25126838 -0.00985851]
4362,4.361999999999791,[-1.74657228 -2.9645053 ],[-0.17235139 -0.07127343],[0.45595132 0.73176836],[ 0.25137523 -0.00985085]
4363,4.362999999999792,[-1.74674418 -2.96457585],[-0.17189544 -0.07054166],[0.45614732 0.73189996],[ 0.25148201 -0.00984325]
4364,4.363999999999792,[-1.74691562 -2.96464566],[-0.17143929 -0.06980976],[0.45634317 0.73203122],[ 0.2515887  -0.00983572]
4365,4.364999999999792,[-1.7470866  -2.96471473],[-0.17098294 -0.06907773],[0.45653888 0.73216212],[ 0.25169531 -0.00982824]
4366,4.365999999999793,[-1.74725713 -2.96478308],[-0.17052641 -0.06834557],[0.45673445 0.73229267],[ 0.25180183 -0.00982083]
4367,4.366999999999793,[-1.7474272  -2.96485069],[-0.17006967 -0.06761328],[0.45692986 0.73242287],[ 0.25190827 -0.00981348]
4368,4.367999999999793,[-1.74759681 -2.96491757],[-0.16961274 -0.06688086],[0.45712514 0.73255271],[ 0.25201463 -0.00980619]
4369,4.368999999999794,[-1.74776597 -2.96498372],[-0.16915562 -0.0661483 ],[0.45732027 0.7326822 ],[ 0.25212091 -0.00979896]
4370,4.369999999999794,[-1.74793466 -2.96504914],[-0.1686983  -0.06541562],[0.45751525 0.73281134],[ 0.2522271 -0.0097918]
4371,4.370999999999794,[-1.7481029  -2.96511382],[-0.16824078 -0.06468281],[0.45771009 0.73294013],[ 0.2523332  -0.00978469]
4372,4.371999999999795,[-1.74827069 -2.96517777],[-0.16778307 -0.06394987],[0.45790478 0.73306856],[ 0.25243923 -0.00977765]
4373,4.372999999999795,[-1.74843801 -2.96524099],[-0.16732517 -0.0632168 ],[0.45809933 0.73319665],[ 0.25254517 -0.00977067]
4374,4.373999999999795,[-1.74860488 -2.96530347],[-0.16686707 -0.0624836 ],[0.45829374 0.73332438],[ 0.25265103 -0.00976375]
4375,4.374999999999796,[-1.74877129 -2.96536522],[-0.16640877 -0.06175028],[0.45848799 0.73345176],[ 0.2527568 -0.0097569]
4376,4.375999999999796,[-1.74893724 -2.96542624],[-0.16595028 -0.06101683],[0.45868211 0.73357878],[ 0.25286249 -0.0097501 ]
4377,4.376999999999796,[-1.74910273 -2.96548652],[-0.1654916  -0.06028325],[0.45887607 0.73370546],[ 0.2529681  -0.00974337]
4378,4.377999999999797,[-1.74926776 -2.96554607],[-0.16503273 -0.05954954],[0.4590699  0.73383179],[ 0.25307362 -0.0097367 ]
4379,4.378999999999797,[-1.74943234 -2.96560489],[-0.16457366 -0.05881571],[0.45926357 0.73395776],[ 0.25317906 -0.00973009]
4380,4.379999999999797,[-1.74959645 -2.96566297],[-0.16411439 -0.05808175],[0.4594571  0.73408338],[ 0.25328441 -0.00972354]
4381,4.380999999999798,[-1.74976011 -2.96572032],[-0.16365494 -0.05734767],[0.45965048 0.73420865],[ 0.25338968 -0.00971706]
4382,4.381999999999798,[-1.7499233  -2.96577693],[-0.16319529 -0.05661346],[0.45984372 0.73433357],[ 0.25349487 -0.00971063]
4383,4.382999999999798,[-1.75008604 -2.96583281],[-0.16273544 -0.05587913],[0.46003681 0.73445814],[ 0.25359997 -0.00970427]
4384,4.383999999999799,[-1.75024831 -2.96588795],[-0.16227541 -0.05514467],[0.46022976 0.73458236],[ 0.25370499 -0.00969797]
4385,4.384999999999799,[-1.75041013 -2.96594236],[-0.16181518 -0.05441009],[0.46042256 0.73470623],[ 0.25380992 -0.00969174]
4386,4.385999999999799,[-1.75057148 -2.96599604],[-0.16135475 -0.05367538],[0.46061521 0.73482975],[ 0.25391477 -0.00968556]
4387,4.3869999999998,[-1.75073238 -2.96604898],[-0.16089414 -0.05294055],[0.46080772 0.73495291],[ 0.25401954 -0.00967945]
4388,4.3879999999998,[-1.75089281 -2.96610118],[-0.16043333 -0.0522056 ],[0.46100008 0.73507573],[ 0.25412422 -0.0096734 ]
4389,4.3889999999998,[-1.75105278 -2.96615265],[-0.15997233 -0.05147052],[0.46119229 0.7351982 ],[ 0.25422882 -0.00966741]
4390,4.389999999999801,[-1.75121229 -2.96620339],[-0.15951114 -0.05073532],[0.46138436 0.73532032],[ 0.25433333 -0.00966148]
4391,4.390999999999801,[-1.75137134 -2.96625339],[-0.15904975 -0.05      ],[0.46157627 0.73544208],[ 0.25443776 -0.00965562]
4392,4.391999999999801,[-1.75152993 -2.96630265],[-0.15858818 -0.04926456],[0.46176805 0.7355635 ],[ 0.25454211 -0.00964982]
4393,4.392999999999802,[-1.75168806 -2.96635118],[-0.15812641 -0.048529  ],[0.46195967 0.73568457],[ 0.25464637 -0.00964408]
4394,4.393999999999802,[-1.75184572 -2.96639898],[-0.15766445 -0.04779331],[0.46215115 0.73580528],[ 0.25475054 -0.0096384 ]
4395,4.394999999999802,[-1.75200292 -2.96644603],[-0.1572023  -0.04705751],[0.46234248 0.73592565],[ 0.25485463 -0.00963278]
4396,4.395999999999803,[-1.75215966 -2.96649236],[-0.15673996 -0.04632158],[0.46253367 0.73604567],[ 0.25495864 -0.00962723]
4397,4.396999999999803,[-1.75231594 -2.96653794],[-0.15627742 -0.04558554],[0.4627247  0.73616534],[ 0.25506256 -0.00962174]
4398,4.397999999999803,[-1.75247176 -2.96658279],[-0.1558147  -0.04484937],[0.46291559 0.73628466],[ 0.2551664  -0.00961631]
4399,4.398999999999804,[-1.75262711 -2.9666269 ],[-0.15535178 -0.04411309],[0.46310634 0.73640363],[ 0.25527015 -0.00961094]
4400,4.399999999999804,[-1.752782   -2.96667028],[-0.15488868 -0.04337668],[0.46329693 0.73652225],[ 0.25537382 -0.00960563]
4401,4.400999999999804,[-1.75293642 -2.96671292],[-0.15442538 -0.04264016],[0.46348738 0.73664053],[ 0.25547741 -0.00960039]
4402,4.401999999999805,[-1.75309038 -2.96675482],[-0.15396189 -0.04190352],[0.46367768 0.73675845],[ 0.25558091 -0.00959521]
4403,4.402999999999805,[-1.75324388 -2.96679599],[-0.15349821 -0.04116676],[0.46386783 0.73687603],[ 0.25568432 -0.00959009]
4404,4.403999999999805,[-1.75339692 -2.96683642],[-0.15303435 -0.04042989],[0.46405783 0.73699326],[ 0.25578765 -0.00958503]
4405,4.404999999999806,[-1.75354949 -2.96687611],[-0.15257029 -0.03969289],[0.46424769 0.73711014],[ 0.25589089 -0.00958004]
4406,4.405999999999806,[-1.75370159 -2.96691507],[-0.15210604 -0.03895578],[0.46443739 0.73722667],[ 0.25599405 -0.00957511]
4407,4.406999999999806,[-1.75385323 -2.96695329],[-0.1516416  -0.03821856],[0.46462695 0.73734286],[ 0.25609713 -0.00957024]
4408,4.407999999999807,[-1.75400441 -2.96699077],[-0.15117698 -0.03748121],[0.46481636 0.73745869],[ 0.25620011 -0.00956543]
4409,4.408999999999807,[-1.75415512 -2.96702751],[-0.15071216 -0.03674376],[0.46500563 0.73757418],[ 0.25630302 -0.00956069]
4410,4.409999999999807,[-1.75430537 -2.96706352],[-0.15024715 -0.03600618],[0.46519474 0.73768932],[ 0.25640584 -0.009556  ]
4411,4.410999999999808,[-1.75445515 -2.96709879],[-0.14978196 -0.03526849],[0.46538371 0.73780412],[ 0.25650857 -0.00955138]
4412,4.411999999999808,[-1.75460447 -2.96713332],[-0.14931658 -0.03453069],[0.46557252 0.73791856],[ 0.25661122 -0.00954682]
4413,4.412999999999808,[-1.75475332 -2.96716711],[-0.148851   -0.03379277],[0.46576119 0.73803266],[ 0.25671378 -0.00954233]
4414,4.413999999999809,[-1.75490171 -2.96720017],[-0.14838524 -0.03305474],[0.46594971 0.73814641],[ 0.25681626 -0.0095379 ]
4415,4.414999999999809,[-1.75504962 -2.96723248],[-0.14791929 -0.03231659],[0.46613808 0.73825982],[ 0.25691865 -0.00953352]
4416,4.415999999999809,[-1.75519708 -2.96726406],[-0.14745315 -0.03157833],[0.46632631 0.73837288],[ 0.25702096 -0.00952922]
4417,4.41699999999981,[-1.75534406 -2.9672949 ],[-0.14698683 -0.03083996],[0.46651438 0.73848559],[ 0.25712318 -0.00952497]
4418,4.41799999999981,[-1.75549058 -2.967325  ],[-0.14652031 -0.03010147],[0.4667023  0.73859795],[ 0.25722532 -0.00952079]
4419,4.41899999999981,[-1.75563664 -2.96735437],[-0.14605361 -0.02936287],[0.46689008 0.73870997],[ 0.25732737 -0.00951666]
4420,4.419999999999811,[-1.75578223 -2.96738299],[-0.14558672 -0.02862416],[0.4670777  0.73882165],[ 0.25742933 -0.00951261]
4421,4.420999999999811,[-1.75592734 -2.96741087],[-0.14511964 -0.02788534],[0.46726518 0.73893297],[ 0.25753121 -0.00950861]
4422,4.421999999999811,[-1.756072   -2.96743802],[-0.14465238 -0.02714641],[0.46745251 0.73904395],[ 0.25763301 -0.00950467]
4423,4.422999999999812,[-1.75621618 -2.96746443],[-0.14418493 -0.02640737],[0.46763969 0.73915459],[ 0.25773471 -0.0095008 ]
4424,4.423999999999812,[-1.7563599 -2.9674901],[-0.14371729 -0.02566821],[0.46782671 0.73926488],[ 0.25783634 -0.00949699]
4425,4.424999999999812,[-1.75650315 -2.96751503],[-0.14324946 -0.02492895],[0.46801359 0.73937482],[ 0.25793787 -0.00949325]
4426,4.425999999999813,[-1.75664593 -2.96753922],[-0.14278145 -0.02418957],[0.46820032 0.73948442],[ 0.25803932 -0.00948956]
4427,4.426999999999813,[-1.75678824 -2.96756267],[-0.14231324 -0.02345009],[0.4683869  0.73959367],[ 0.25814069 -0.00948594]
4428,4.427999999999813,[-1.75693009 -2.96758538],[-0.14184486 -0.02271049],[0.46857333 0.73970258],[ 0.25824197 -0.00948238]
4429,4.428999999999814,[-1.75707146 -2.96760735],[-0.14137628 -0.02197079],[0.46875961 0.73981114],[ 0.25834316 -0.00947888]
4430,4.429999999999814,[-1.75721237 -2.96762858],[-0.14090753 -0.02123098],[0.46894574 0.73991936],[ 0.25844427 -0.00947545]
4431,4.430999999999814,[-1.75735281 -2.96764907],[-0.14043858 -0.02049106],[0.46913172 0.74002723],[ 0.25854529 -0.00947208]
4432,4.431999999999815,[-1.75749278 -2.96766882],[-0.13996945 -0.01975103],[0.46931755 0.74013476],[ 0.25864622 -0.00946877]
4433,4.432999999999815,[-1.75763228 -2.96768783],[-0.13950013 -0.0190109 ],[0.46950323 0.74024194],[ 0.25874707 -0.00946552]
4434,4.433999999999815,[-1.75777131 -2.9677061 ],[-0.13903063 -0.01827066],[0.46968875 0.74034878],[ 0.25884783 -0.00946234]
4435,4.434999999999816,[-1.75790987 -2.96772363],[-0.13856094 -0.01753031],[0.46987413 0.74045527],[ 0.25894851 -0.00945922]
4436,4.435999999999816,[-1.75804796 -2.96774042],[-0.13809106 -0.01678985],[0.47005936 0.74056143],[ 0.2590491  -0.00945616]
4437,4.436999999999816,[-1.75818558 -2.96775647],[-0.137621   -0.01604929],[0.47024444 0.74066723],[ 0.25914961 -0.00945316]
4438,4.437999999999817,[-1.75832273 -2.96777178],[-0.13715076 -0.01530862],[0.47042936 0.7407727 ],[ 0.25925002 -0.00945023]
4439,4.438999999999817,[-1.75845942 -2.96778635],[-0.13668033 -0.01456785],[0.47061414 0.74087781],[ 0.25935035 -0.00944736]
4440,4.439999999999817,[-1.75859562 -2.96780017],[-0.13620972 -0.01382697],[0.47079876 0.74098259],[ 0.2594506  -0.00944455]
4441,4.440999999999818,[-1.75873136 -2.96781326],[-0.13573892 -0.01308599],[0.47098324 0.74108702],[ 0.25955076 -0.0094418 ]
4442,4.441999999999818,[-1.75886663 -2.96782561],[-0.13526793 -0.0123449 ],[0.47116756 0.74119111],[ 0.25965083 -0.00943912]
4443,4.442999999999818,[-1.75900143 -2.96783721],[-0.13479677 -0.01160371],[0.47135173 0.74129486],[ 0.25975082 -0.0094365 ]
4444,4.443999999999819,[-1.75913575 -2.96784807],[-0.13432542 -0.01086242],[0.47153575 0.74139826],[ 0.25985072 -0.00943394]
4445,4.444999999999819,[-1.75926961 -2.96785819],[-0.13385388 -0.01012102],[0.47171962 0.74150132],[ 0.25995053 -0.00943145]
4446,4.445999999999819,[-1.75940299 -2.96786757],[-0.13338216 -0.00937952],[0.47190334 0.74160404],[ 0.26005025 -0.00942901]
4447,4.44699999999982,[-1.7595359  -2.96787621],[-0.13291026 -0.00863791],[0.47208691 0.74170641],[ 0.26014989 -0.00942665]
4448,4.44799999999982,[-1.75966834 -2.96788411],[-0.13243817 -0.00789621],[0.47227032 0.74180845],[ 0.26024945 -0.00942434]
4449,4.44899999999982,[-1.7598003  -2.96789126],[-0.1319659 -0.0071544],[0.47245359 0.74191014],[ 0.26034891 -0.00942209]
4450,4.449999999999821,[-1.7599318  -2.96789767],[-0.13149345 -0.00641249],[0.4726367  0.74201148],[ 0.26044829 -0.00941991]
4451,4.450999999999821,[-1.76006282 -2.96790334],[-0.13102081 -0.00567048],[0.47281966 0.74211249],[ 0.26054758 -0.00941779]
4452,4.451999999999821,[-1.76019337 -2.96790827],[-0.13054799 -0.00492836],[0.47300247 0.74221316],[ 0.26064679 -0.00941574]
4453,4.452999999999822,[-1.76032344 -2.96791246],[-0.13007499 -0.00418615],[0.47318513 0.74231348],[ 0.2607459  -0.00941374]
4454,4.453999999999822,[-1.76045304 -2.9679159 ],[-0.1296018  -0.00344384],[0.47336763 0.74241346],[ 0.26084494 -0.00941181]
4455,4.454999999999822,[-1.76058217 -2.9679186 ],[-0.12912843 -0.00270142],[0.47354999 0.7425131 ],[ 0.26094388 -0.00940995]
4456,4.455999999999823,[-1.76071083 -2.96792056],[-0.12865488 -0.00195891],[0.47373219 0.7426124 ],[ 0.26104274 -0.00940814]
4457,4.456999999999823,[-1.76083901 -2.96792178],[-0.12818115 -0.0012163 ],[0.47391424 0.74271135],[ 0.26114151 -0.0094064 ]
4458,4.457999999999823,[-1.76096671 -2.96792225],[-0.12770724 -0.00047359],[0.47409613 0.74280997],[ 0.26124019 -0.00940472]
4459,4.458999999999824,[-1.76109395 -2.96792198],[-0.12723314  0.00026922],[0.47427788 0.74290824],[ 0.26133879 -0.0094031 ]
4460,4.459999999999824,[-1.76122071 -2.96792097],[-0.12675886  0.00101213],[0.47445947 0.74300618],[ 0.26143729 -0.00940155]
4461,4.460999999999824,[-1.76134699 -2.96791922],[-0.1262844   0.00175514],[0.47464091 0.74310377],[ 0.26153572 -0.00940006]
4462,4.461999999999825,[-1.7614728  -2.96791672],[-0.12580976  0.00249824],[0.4748222  0.74320103],[ 0.26163405 -0.00939863]
4463,4.462999999999825,[-1.76159814 -2.96791348],[-0.12533494  0.00324144],[0.47500333 0.74329794],[ 0.2617323  -0.00939726]
4464,4.463999999999825,[-1.761723   -2.96790949],[-0.12485994  0.00398474],[0.47518431 0.74339451],[ 0.26183046 -0.00939596]
4465,4.464999999999826,[-1.76184738 -2.96790476],[-0.12438475  0.00472813],[0.47536514 0.74349075],[ 0.26192853 -0.00939472]
4466,4.465999999999826,[-1.76197129 -2.96789929],[-0.12390939  0.00547163],[0.47554582 0.74358664],[ 0.26202651 -0.00939355]
4467,4.466999999999826,[-1.76209472 -2.96789308],[-0.12343384  0.00621521],[0.47572634 0.74368219],[ 0.26212441 -0.00939243]
4468,4.467999999999827,[-1.76221768 -2.96788612],[-0.12295812  0.00695889],[0.47590672 0.7437774 ],[ 0.26222222 -0.00939138]
4469,4.468999999999827,[-1.76234016 -2.96787841],[-0.12248221  0.00770267],[0.47608693 0.74387228],[ 0.26231994 -0.00939039]
4470,4.4699999999998274,[-1.76246217 -2.96786997],[-0.12200612  0.00844654],[0.476267   0.74396681],[ 0.26241757 -0.00938947]
4471,4.470999999999828,[-1.7625837  -2.96786078],[-0.12152986  0.00919051],[0.47644691 0.74406101],[ 0.26251512 -0.00938861]
4472,4.471999999999828,[-1.76270475 -2.96785084],[-0.12105341  0.00993457],[0.47662667 0.74415487],[ 0.26261258 -0.00938781]
4473,4.4729999999998284,[-1.76282533 -2.96784016],[-0.12057678  0.01067873],[0.47680627 0.74424838],[ 0.26270995 -0.00938707]
4474,4.473999999999829,[-1.76294543 -2.96782874],[-0.12009998  0.01142297],[0.47698573 0.74434156],[ 0.26280723 -0.0093864 ]
4475,4.474999999999829,[-1.76306505 -2.96781657],[-0.11962299  0.01216732],[0.47716502 0.7444344 ],[ 0.26290443 -0.00938579]
4476,4.4759999999998294,[-1.7631842  -2.96780366],[-0.11914583  0.01291175],[0.47734417 0.7445269 ],[ 0.26300154 -0.00938524]
4477,4.47699999999983,[-1.76330287 -2.96779001],[-0.11866848  0.01365628],[0.47752316 0.74461907],[ 0.26309856 -0.00938476]
4478,4.47799999999983,[-1.76342106 -2.9677756 ],[-0.11819096  0.0144009 ],[0.477702   0.74471089],[ 0.26319549 -0.00938433]
4479,4.4789999999998305,[-1.76353877 -2.96776046],[-0.11771326  0.01514561],[0.47788068 0.74480238],[ 0.26329233 -0.00938398]
4480,4.479999999999831,[-1.76365601 -2.96774457],[-0.11723538  0.01589041],[0.47805921 0.74489353],[ 0.26338909 -0.00938368]
4481,4.480999999999831,[-1.76377276 -2.96772793],[-0.11675732  0.0166353 ],[0.47823759 0.74498434],[ 0.26348576 -0.00938345]
4482,4.4819999999998315,[-1.76388904 -2.96771055],[-0.11627908  0.01738029],[0.47841581 0.74507481],[ 0.26358234 -0.00938328]
4483,4.482999999999832,[-1.76400484 -2.96769243],[-0.11580066  0.01812536],[0.47859388 0.74516495],[ 0.26367883 -0.00938317]
4484,4.483999999999832,[-1.76412017 -2.96767356],[-0.11532207  0.01887053],[0.47877179 0.74525474],[ 0.26377523 -0.00938313]
4485,4.4849999999998325,[-1.76423501 -2.96765394],[-0.1148433   0.01961578],[0.47894955 0.74534421],[ 0.26387155 -0.00938315]
4486,4.485999999999833,[-1.76434937 -2.96763358],[-0.11436435  0.02036113],[0.47912716 0.74543333],[ 0.26396777 -0.00938323]
4487,4.486999999999833,[-1.76446326 -2.96761247],[-0.11388522  0.02110656],[0.47930461 0.74552212],[ 0.26406391 -0.00938338]
4488,4.4879999999998335,[-1.76457667 -2.96759062],[-0.11340592  0.02185208],[0.4794819  0.74561057],[ 0.26415996 -0.00938359]
4489,4.488999999999834,[-1.76468959 -2.96756802],[-0.11292643  0.02259769],[0.47965905 0.74569868],[ 0.26425593 -0.00938386]
4490,4.489999999999834,[-1.76480204 -2.96754468],[-0.11244677  0.02334339],[0.47983603 0.74578646],[ 0.2643518  -0.00938419]
4491,4.4909999999998345,[-1.76491401 -2.96752059],[-0.11196694  0.02408918],[0.48001287 0.7458739 ],[ 0.26444758 -0.00938459]
4492,4.491999999999835,[-1.76502549 -2.96749576],[-0.11148693  0.02483505],[0.48018955 0.745961  ],[ 0.26454328 -0.00938505]
4493,4.492999999999835,[-1.7651365  -2.96747018],[-0.11100674  0.02558101],[0.48036607 0.74604777],[ 0.26463889 -0.00938558]
4494,4.4939999999998355,[-1.76524703 -2.96744385],[-0.11052637  0.02632706],[0.48054244 0.7461342 ],[ 0.26473441 -0.00938616]
4495,4.494999999999836,[-1.76535707 -2.96741678],[-0.11004583  0.02707319],[0.48071865 0.74622029],[ 0.26482984 -0.00938681]
4496,4.495999999999836,[-1.76546664 -2.96738896],[-0.10956511  0.02781941],[0.48089471 0.74630605],[ 0.26492518 -0.00938753]
4497,4.4969999999998365,[-1.76557572 -2.96736039],[-0.10908421  0.02856572],[0.48107062 0.74639148],[ 0.26502044 -0.0093883 ]
4498,4.497999999999837,[-1.76568432 -2.96733108],[-0.10860314  0.02931211],[0.48124636 0.74647657],[ 0.2651156  -0.00938914]
4499,4.498999999999837,[-1.76579245 -2.96730102],[-0.1081219   0.03005859],[0.48142196 0.74656132],[ 0.26521068 -0.00939005]
4500,4.4999999999998375,[-1.76590009 -2.96727021],[-0.10764048  0.03080515],[0.4815974  0.74664574],[ 0.26530566 -0.00939101]
4501,4.500999999999838,[-1.76600725 -2.96723866],[-0.10715888  0.0315518 ],[0.48177268 0.74672982],[ 0.26540056 -0.00939204]
4502,4.501999999999838,[-1.76611392 -2.96720636],[-0.10667711  0.03229853],[0.48194781 0.74681357],[ 0.26549537 -0.00939313]
4503,4.5029999999998385,[-1.76622012 -2.96717332],[-0.10619516  0.03304534],[0.48212278 0.74689698],[ 0.26559009 -0.00939429]
4504,4.503999999999839,[-1.76632583 -2.96713953],[-0.10571303  0.03379224],[0.4822976  0.74698006],[ 0.26568472 -0.00939551]
4505,4.504999999999839,[-1.76643106 -2.96710499],[-0.10523074  0.03453922],[0.48247226 0.7470628 ],[ 0.26577927 -0.00939679]
4506,4.5059999999998395,[-1.76653581 -2.9670697 ],[-0.10474826  0.03528628],[0.48264676 0.74714521],[ 0.26587372 -0.00939814]
4507,4.50699999999984,[-1.76664007 -2.96703367],[-0.10426562  0.03603342],[0.48282111 0.74722729],[ 0.26596809 -0.00939954]
4508,4.50799999999984,[-1.76674386 -2.96699689],[-0.1037828   0.03678065],[0.48299531 0.74730903],[ 0.26606236 -0.00940102]
4509,4.5089999999998405,[-1.76684716 -2.96695936],[-0.1032998   0.03752796],[0.48316935 0.74739043],[ 0.26615655 -0.00940255]
4510,4.509999999999841,[-1.76694997 -2.96692108],[-0.10281663  0.03827535],[0.48334323 0.7474715 ],[ 0.26625064 -0.00940415]
4511,4.510999999999841,[-1.76705231 -2.96688206],[-0.10233329  0.03902282],[0.48351695 0.74755224],[ 0.26634465 -0.00940581]
4512,4.5119999999998415,[-1.76715416 -2.96684229],[-0.10184977  0.03977037],[0.48369052 0.74763265],[ 0.26643857 -0.00940753]
4513,4.512999999999842,[-1.76725552 -2.96680177],[-0.10136608  0.04051801],[0.48386394 0.74771272],[ 0.2665324  -0.00940932]
4514,4.513999999999842,[-1.76735641 -2.96676051],[-0.10088222  0.04126572],[0.4840372  0.74779245],[ 0.26662614 -0.00941117]
4515,4.5149999999998425,[-1.7674568  -2.96671849],[-0.10039818  0.04201351],[0.4842103  0.74787186],[ 0.26671979 -0.00941309]
4516,4.515999999999843,[-1.76755672 -2.96667573],[-0.09991397  0.04276138],[0.48438324 0.74795093],[ 0.26681335 -0.00941506]
4517,4.516999999999843,[-1.76765615 -2.96663222],[-0.09942959  0.04350934],[0.48455603 0.74802967],[ 0.26690682 -0.0094171 ]
4518,4.5179999999998435,[-1.76775509 -2.96658796],[-0.09894503  0.04425737],[0.48472867 0.74810807],[ 0.26700021 -0.00941921]
4519,4.518999999999844,[-1.76785355 -2.96654296],[-0.0984603   0.04500547],[0.48490114 0.74818614],[ 0.2670935  -0.00942138]
4520,4.519999999999844,[-1.76795153 -2.96649721],[-0.0979754   0.04575366],[0.48507346 0.74826388],[ 0.2671867  -0.00942361]
4521,4.5209999999998445,[-1.76804902 -2.9664507 ],[-0.09749033  0.04650192],[0.48524562 0.74834129],[ 0.26727982 -0.0094259 ]
4522,4.521999999999845,[-1.76814602 -2.96640345],[-0.09700508  0.04725026],[0.48541763 0.74841836],[ 0.26737284 -0.00942826]
4523,4.522999999999845,[-1.76824254 -2.96635545],[-0.09651966  0.04799868],[0.48558948 0.7484951 ],[ 0.26746577 -0.00943068]
4524,4.5239999999998455,[-1.76833858 -2.96630671],[-0.09603407  0.04874718],[0.48576117 0.74857151],[ 0.26755862 -0.00943316]
4525,4.524999999999846,[-1.76843413 -2.96625721],[-0.09554831  0.04949575],[0.48593271 0.74864759],[ 0.26765137 -0.00943571]
4526,4.525999999999846,[-1.76852919 -2.96620697],[-0.09506238  0.0502444 ],[0.48610409 0.74872333],[ 0.26774404 -0.00943832]
4527,4.5269999999998465,[-1.76862376 -2.96615597],[-0.09457628  0.05099312],[0.48627531 0.74879875],[ 0.26783661 -0.00944099]
4528,4.527999999999847,[-1.76871785 -2.96610423],[-0.09409     0.05174192],[0.48644637 0.74887383],[ 0.2679291  -0.00944373]
4529,4.528999999999847,[-1.76881146 -2.96605174],[-0.09360356  0.05249079],[0.48661728 0.74894858],[ 0.26802149 -0.00944653]
4530,4.5299999999998475,[-1.76890457 -2.9659985 ],[-0.09311694  0.05323974],[0.48678803 0.74902299],[ 0.2681138  -0.00944939]
4531,4.530999999999848,[-1.7689972  -2.96594451],[-0.09263015  0.05398876],[0.48695862 0.74909708],[ 0.26820601 -0.00945232]
4532,4.531999999999848,[-1.76908935 -2.96588978],[-0.09214319  0.05473786],[0.48712906 0.74917083],[ 0.26829814 -0.00945531]
4533,4.5329999999998485,[-1.769181   -2.96583429],[-0.09165606  0.05548703],[0.48729934 0.74924426],[ 0.26839017 -0.00945836]
4534,4.533999999999849,[-1.76927217 -2.96577805],[-0.09116876  0.05623628],[0.48746946 0.74931735],[ 0.26848212 -0.00946148]
4535,4.534999999999849,[-1.76936285 -2.96572107],[-0.09068129  0.05698559],[0.48763942 0.74939011],[ 0.26857397 -0.00946466]
4536,4.5359999999998495,[-1.76945305 -2.96566333],[-0.09019365  0.05773498],[0.48780922 0.74946254],[ 0.26866574 -0.00946791]
4537,4.53699999999985,[-1.76954275 -2.96560485],[-0.08970584  0.05848445],[0.48797887 0.74953464],[ 0.26875741 -0.00947121]
4538,4.53799999999985,[-1.76963197 -2.96554561],[-0.08921787  0.05923398],[0.48814836 0.74960641],[ 0.268849   -0.00947458]
4539,4.5389999999998505,[-1.7697207  -2.96548563],[-0.08872972  0.05998359],[0.48831769 0.74967785],[ 0.26894049 -0.00947802]
4540,4.539999999999851,[-1.76980894 -2.9654249 ],[-0.0882414   0.06073327],[0.48848687 0.74974895],[ 0.2690319  -0.00948152]
4541,4.540999999999851,[-1.7698967  -2.96536341],[-0.08775291  0.06148301],[0.48865588 0.74981973],[ 0.26912321 -0.00948508]
4542,4.5419999999998515,[-1.76998396 -2.96530118],[-0.08726426  0.06223283],[0.48882474 0.74989018],[ 0.26921443 -0.0094887 ]
4543,4.542999999999852,[-1.77007074 -2.9652382 ],[-0.08677543  0.06298272],[0.48899344 0.7499603 ],[ 0.26930556 -0.00949239]
4544,4.543999999999852,[-1.77015702 -2.96517447],[-0.08628644  0.06373268],[0.48916198 0.75003008],[ 0.26939661 -0.00949614]
4545,4.5449999999998525,[-1.77024282 -2.96510998],[-0.08579728  0.06448271],[0.48933037 0.75009954],[ 0.26948756 -0.00949995]
4546,4.545999999999853,[-1.77032813 -2.96504475],[-0.08530795  0.06523281],[0.48949859 0.75016867],[ 0.26957842 -0.00950383]
4547,4.546999999999853,[-1.77041295 -2.96497877],[-0.08481845  0.06598298],[0.48966666 0.75023746],[ 0.26966919 -0.00950777]
4548,4.5479999999998535,[-1.77049727 -2.96491203],[-0.08432878  0.06673322],[0.48983457 0.75030593],[ 0.26975987 -0.00951178]
4549,4.548999999999854,[-1.77058111 -2.96484455],[-0.08383895  0.06748353],[0.49000232 0.75037407],[ 0.26985046 -0.00951585]
4550,4.549999999999854,[-1.77066446 -2.96477632],[-0.08334894  0.0682339 ],[0.49016991 0.75044188],[ 0.26994095 -0.00951998]
4551,4.5509999999998545,[-1.77074732 -2.96470733],[-0.08285877  0.06898434],[0.49033735 0.75050935],[ 0.27003136 -0.00952417]
4552,4.551999999999855,[-1.77082969 -2.9646376 ],[-0.08236844  0.06973485],[0.49050462 0.7505765 ],[ 0.27012168 -0.00952843]
4553,4.552999999999855,[-1.77091157 -2.96456711],[-0.08187793  0.07048543],[0.49067174 0.75064332],[ 0.2702119  -0.00953275]
4554,4.5539999999998555,[-1.77099295 -2.96449588],[-0.08138726  0.07123607],[0.49083869 0.75070982],[ 0.27030204 -0.00953714]
4555,4.554999999999856,[-1.77107385 -2.96442389],[-0.08089642  0.07198678],[0.49100549 0.75077598],[ 0.27039208 -0.00954159]
4556,4.555999999999856,[-1.77115426 -2.96435115],[-0.08040542  0.07273756],[0.49117213 0.75084181],[ 0.27048204 -0.0095461 ]
4557,4.5569999999998565,[-1.77123417 -2.96427766],[-0.07991424  0.0734884 ],[0.49133861 0.75090732],[ 0.2705719  -0.00955068]
4558,4.557999999999857,[-1.77131359 -2.96420342],[-0.07942291  0.07423931],[0.49150494 0.75097249],[ 0.27066167 -0.00955532]
4559,4.558999999999857,[-1.77139252 -2.96412843],[-0.0789314   0.07499028],[0.4916711  0.75103734],[ 0.27075135 -0.00956002]
4560,4.5599999999998575,[-1.77147096 -2.96405269],[-0.07843973  0.07574132],[0.4918371  0.75110186],[ 0.27084094 -0.00956479]
4561,4.560999999999858,[-1.77154891 -2.9639762 ],[-0.07794789  0.07649242],[0.49200295 0.75116605],[ 0.27093044 -0.00956962]
4562,4.561999999999858,[-1.77162637 -2.96389896],[-0.07745589  0.07724358],[0.49216863 0.75122991],[ 0.27101984 -0.00957451]
4563,4.5629999999998585,[-1.77170333 -2.96382096],[-0.07696372  0.07799481],[0.49233416 0.75129344],[ 0.27110916 -0.00957947]
4564,4.563999999999859,[-1.7717798  -2.96374221],[-0.07647139  0.07874611],[0.49249953 0.75135665],[ 0.27119838 -0.00958449]
4565,4.564999999999859,[-1.77185578 -2.96366272],[-0.07597889  0.07949746],[0.49266473 0.75141953],[ 0.27128752 -0.00958957]
4566,4.5659999999998595,[-1.77193127 -2.96358247],[-0.07548622  0.08024888],[0.49282978 0.75148208],[ 0.27137656 -0.00959472]
4567,4.56699999999986,[-1.77200626 -2.96350147],[-0.07499339  0.08100037],[0.49299467 0.7515443 ],[ 0.27146551 -0.00959993]
4568,4.56799999999986,[-1.77208076 -2.96341972],[-0.0745004   0.08175191],[0.4931594  0.75160619],[ 0.27155437 -0.0096052 ]
4569,4.5689999999998605,[-1.77215477 -2.96333721],[-0.07400724  0.08250352],[0.49332397 0.75166776],[ 0.27164314 -0.00961054]
4570,4.569999999999861,[-1.77222828 -2.96325396],[-0.07351391  0.08325518],[0.49348838 0.75172899],[ 0.27173181 -0.00961594]
4571,4.570999999999861,[-1.7723013  -2.96316995],[-0.07302043  0.08400691],[0.49365263 0.7517899 ],[ 0.2718204  -0.00962141]
4572,4.5719999999998615,[-1.77237383 -2.96308519],[-0.07252677  0.0847587 ],[0.49381672 0.75185049],[ 0.27190889 -0.00962694]
4573,4.572999999999862,[-1.77244586 -2.96299968],[-0.07203296  0.08551055],[0.49398065 0.75191074],[ 0.27199729 -0.00963253]
4574,4.573999999999862,[-1.7725174  -2.96291342],[-0.07153898  0.08626246],[0.49414442 0.75197067],[ 0.2720856  -0.00963819]
4575,4.5749999999998625,[-1.77258845 -2.9628264 ],[-0.07104483  0.08701443],[0.49430803 0.75203027],[ 0.27217382 -0.00964391]
4576,4.575999999999863,[-1.772659   -2.96273864],[-0.07055052  0.08776647],[0.49447148 0.75208954],[ 0.27226195 -0.00964969]
4577,4.576999999999863,[-1.77272905 -2.96265012],[-0.07005605  0.08851855],[0.49463477 0.75214849],[ 0.27234998 -0.00965553]
4578,4.5779999999998635,[-1.77279862 -2.96256085],[-0.06956142  0.0892707 ],[0.4947979  0.75220711],[ 0.27243793 -0.00966144]
4579,4.578999999999864,[-1.77286768 -2.96247083],[-0.06906662  0.09002291],[0.49496087 0.7522654 ],[ 0.27252578 -0.00966742]
4580,4.579999999999864,[-1.77293625 -2.96238005],[-0.06857166  0.09077518],[0.49512368 0.75232337],[ 0.27261354 -0.00967346]
4581,4.5809999999998645,[-1.77300433 -2.96228852],[-0.06807654  0.0915275 ],[0.49528633 0.752381  ],[ 0.2727012  -0.00967956]
4582,4.581999999999865,[-1.77307191 -2.96219624],[-0.06758125  0.09227988],[0.49544882 0.75243831],[ 0.27278878 -0.00968572]
4583,4.582999999999865,[-1.773139   -2.96210321],[-0.0670858   0.09303232],[0.49561115 0.7524953 ],[ 0.27287626 -0.00969195]
4584,4.5839999999998655,[-1.77320559 -2.96200943],[-0.06659019  0.09378481],[0.49577332 0.75255196],[ 0.27296366 -0.00969824]
4585,4.584999999999866,[-1.77327168 -2.96191489],[-0.06609442  0.09453737],[0.49593532 0.75260829],[ 0.27305096 -0.0097046 ]
4586,4.585999999999866,[-1.77333728 -2.9618196 ],[-0.06559848  0.09528997],[0.49609717 0.75266429],[ 0.27313816 -0.00971101]
4587,4.5869999999998665,[-1.77340238 -2.96172356],[-0.06510238  0.09604264],[0.49625886 0.75271997],[ 0.27322528 -0.0097175 ]
4588,4.587999999999867,[-1.77346699 -2.96162676],[-0.06460612  0.09679536],[0.49642038 0.75277532],[ 0.2733123  -0.00972404]
4589,4.588999999999867,[-1.7735311  -2.96152921],[-0.0641097   0.09754813],[0.49658175 0.75283035],[ 0.27339924 -0.00973065]
4590,4.5899999999998675,[-1.77359471 -2.96143091],[-0.06361312  0.09830096],[0.49674295 0.75288505],[ 0.27348608 -0.00973733]
4591,4.590999999999868,[-1.77365783 -2.96133186],[-0.06311638  0.09905385],[0.496904   0.75293942],[ 0.27357282 -0.00974406]
4592,4.591999999999868,[-1.77372045 -2.96123205],[-0.06261948  0.09980679],[0.49706488 0.75299346],[ 0.27365948 -0.00975086]
4593,4.5929999999998685,[-1.77378257 -2.96113149],[-0.06212241  0.10055978],[0.4972256  0.75304718],[ 0.27374604 -0.00975773]
4594,4.593999999999869,[-1.7738442  -2.96103018],[-0.06162518  0.10131283],[0.49738616 0.75310058],[ 0.27383251 -0.00976465]
4595,4.594999999999869,[-1.77390532 -2.96092811],[-0.0611278   0.10206593],[0.49754656 0.75315365],[ 0.27391889 -0.00977165]
4596,4.5959999999998695,[-1.77396595 -2.96082529],[-0.06063025  0.10281908],[0.4977068  0.75320639],[ 0.27400518 -0.0097787 ]
4597,4.59699999999987,[-1.77402609 -2.96072172],[-0.06013255  0.10357229],[0.49786688 0.7532588 ],[ 0.27409137 -0.00978582]
4598,4.59799999999987,[-1.77408572 -2.9606174 ],[-0.05963468  0.10432555],[0.49802679 0.75331089],[ 0.27417747 -0.009793  ]
4599,4.5989999999998705,[-1.77414486 -2.96051232],[-0.05913665  0.10507886],[0.49818655 0.75336266],[ 0.27426348 -0.00980025]
4600,4.599999999999871,[-1.7742035  -2.96040648],[-0.05863847  0.10583222],[0.49834614 0.7534141 ],[ 0.27434939 -0.00980756]
4601,4.600999999999871,[-1.77426164 -2.9602999 ],[-0.05814012  0.10658564],[0.49850557 0.75346521],[ 0.27443522 -0.00981493]
4602,4.6019999999998715,[-1.77431928 -2.96019256],[-0.05764161  0.1073391 ],[0.49866485 0.75351599],[ 0.27452095 -0.00982237]
4603,4.602999999999872,[-1.77437642 -2.96008447],[-0.05714295  0.10809262],[0.49882395 0.75356646],[ 0.27460659 -0.00982987]
4604,4.603999999999872,[-1.77443306 -2.95997562],[-0.05664412  0.10884618],[0.4989829  0.75361659],[ 0.27469213 -0.00983743]
4605,4.6049999999998725,[-1.77448921 -2.95986602],[-0.05614514  0.1095998 ],[0.49914169 0.7536664 ],[ 0.27477758 -0.00984506]
4606,4.605999999999873,[-1.77454486 -2.95975567],[-0.055646    0.11035347],[0.49930031 0.75371588],[ 0.27486294 -0.00985275]
4607,4.606999999999873,[-1.7746     -2.95964456],[-0.0551467   0.11110718],[0.49945878 0.75376504],[ 0.27494821 -0.0098605 ]
4608,4.6079999999998735,[-1.77465465 -2.9595327 ],[-0.05464724  0.11186095],[0.49961708 0.75381388],[ 0.27503338 -0.00986832]
4609,4.608999999999874,[-1.7747088  -2.95942008],[-0.05414762  0.11261476],[0.49977522 0.75386238],[ 0.27511847 -0.00987621]
4610,4.609999999999874,[-1.77476244 -2.95930672],[-0.05364785  0.11336862],[0.49993319 0.75391056],[ 0.27520345 -0.00988415]
4611,4.6109999999998745,[-1.77481559 -2.95919259],[-0.05314792  0.11412253],[0.50009101 0.75395842],[ 0.27528835 -0.00989216]
4612,4.611999999999875,[-1.77486824 -2.95907772],[-0.05264782  0.11487649],[0.50024866 0.75400595],[ 0.27537315 -0.00990023]
4613,4.612999999999875,[-1.77492039 -2.95896209],[-0.05214758  0.1156305 ],[0.50040616 0.75405316],[ 0.27545786 -0.00990837]
4614,4.6139999999998755,[-1.77497204 -2.9588457 ],[-0.05164717  0.11638455],[0.50056349 0.75410004],[ 0.27554248 -0.00991657]
4615,4.614999999999876,[-1.77502318 -2.95872856],[-0.05114661  0.11713865],[0.50072065 0.75414659],[ 0.275627   -0.00992484]
4616,4.615999999999876,[-1.77507383 -2.95861067],[-0.05064589  0.1178928 ],[0.50087766 0.75419282],[ 0.27571143 -0.00993316]
4617,4.6169999999998765,[-1.77512397 -2.95849202],[-0.05014501  0.11864699],[0.5010345  0.75423873],[ 0.27579577 -0.00994156]
4618,4.617999999999877,[-1.77517362 -2.95837262],[-0.04964397  0.11940123],[0.50119118 0.75428431],[ 0.27588002 -0.00995001]
4619,4.618999999999877,[-1.77522276 -2.95825247],[-0.04914278  0.12015551],[0.5013477  0.75432956],[ 0.27596417 -0.00995853]
4620,4.6199999999998775,[-1.7752714  -2.95813156],[-0.04864143  0.12090984],[0.50150406 0.75437449],[ 0.27604822 -0.00996711]
4621,4.620999999999878,[-1.77531954 -2.95800989],[-0.04813993  0.12166422],[0.50166025 0.75441909],[ 0.27613219 -0.00997576]
4622,4.621999999999878,[-1.77536718 -2.95788747],[-0.04763827  0.12241864],[0.50181629 0.75446337],[ 0.27621606 -0.00998447]
4623,4.6229999999998785,[-1.77541432 -2.9577643 ],[-0.04713645  0.1231731 ],[0.50197215 0.75450732],[ 0.27629984 -0.00999324]
4624,4.623999999999879,[-1.77546095 -2.95764037],[-0.04663448  0.12392761],[0.50212786 0.75455095],[ 0.27638352 -0.01000208]
4625,4.624999999999879,[-1.77550708 -2.95751569],[-0.04613235  0.12468216],[0.50228341 0.75459425],[ 0.27646711 -0.01001098]
4626,4.6259999999998795,[-1.77555271 -2.95739025],[-0.04563007  0.12543675],[0.50243879 0.75463723],[ 0.27655061 -0.01001994]
4627,4.62699999999988,[-1.77559784 -2.95726406],[-0.04512763  0.12619139],[0.50259401 0.75467988],[ 0.27663402 -0.01002897]
4628,4.62799999999988,[-1.77564247 -2.95713712],[-0.04462504  0.12694607],[0.50274906 0.75472221],[ 0.27671733 -0.01003807]
4629,4.6289999999998805,[-1.77568659 -2.95700942],[-0.04412229  0.12770079],[0.50290396 0.75476421],[ 0.27680054 -0.01004722]
4630,4.629999999999881,[-1.77573021 -2.95688096],[-0.04361938  0.12845556],[0.50305869 0.75480589],[ 0.27688367 -0.01005644]
4631,4.630999999999881,[-1.77577332 -2.95675175],[-0.04311633  0.12921036],[0.50321326 0.75484724],[ 0.2769667  -0.01006572]
4632,4.6319999999998815,[-1.77581594 -2.95662179],[-0.04261311  0.12996521],[0.50336766 0.75488827],[ 0.27704963 -0.01007507]
4633,4.632999999999882,[-1.77585805 -2.95649106],[-0.04210974  0.1307201 ],[0.5035219  0.75492897],[ 0.27713248 -0.01008448]
4634,4.633999999999882,[-1.77589965 -2.95635959],[-0.04160622  0.13147503],[0.50367598 0.75496934],[ 0.27721522 -0.01009395]
4635,4.6349999999998825,[-1.77594075 -2.95622736],[-0.04110255  0.13223   ],[0.5038299  0.75500939],[ 0.27729788 -0.01010349]
4636,4.635999999999883,[-1.77598135 -2.95609437],[-0.04059872  0.13298501],[0.50398365 0.75504912],[ 0.27738044 -0.01011309]
4637,4.636999999999883,[-1.77602145 -2.95596063],[-0.04009473  0.13374006],[0.50413724 0.75508852],[ 0.27746291 -0.01012276]
4638,4.6379999999998835,[-1.77606104 -2.95582614],[-0.0395906   0.13449514],[0.50429067 0.7551276 ],[ 0.27754528 -0.01013249]
4639,4.638999999999884,[-1.77610013 -2.95569089],[-0.03908631  0.13525027],[0.50444393 0.75516635],[ 0.27762756 -0.01014228]
4640,4.639999999999884,[-1.77613871 -2.95555488],[-0.03858186  0.13600544],[0.50459703 0.75520477],[ 0.27770975 -0.01015214]
4641,4.6409999999998846,[-1.77617678 -2.95541812],[-0.03807726  0.13676064],[0.50474997 0.75524287],[ 0.27779184 -0.01016206]
4642,4.641999999999885,[-1.77621436 -2.95528061],[-0.03757251  0.13751589],[0.50490274 0.75528065],[ 0.27787384 -0.01017204]
4643,4.642999999999885,[-1.77625142 -2.95514234],[-0.03706761  0.13827117],[0.50505535 0.7553181 ],[ 0.27795574 -0.01018209]
4644,4.6439999999998856,[-1.77628799 -2.95500331],[-0.03656256  0.13902648],[0.5052078  0.75535522],[ 0.27803755 -0.0101922 ]
4645,4.644999999999886,[-1.77632404 -2.95486353],[-0.03605735  0.13978184],[0.50536008 0.75539202],[ 0.27811927 -0.01020237]
4646,4.645999999999886,[-1.7763596  -2.95472299],[-0.03555199  0.14053723],[0.5055122  0.75542849],[ 0.27820089 -0.01021261]
4647,4.6469999999998866,[-1.77639464 -2.9545817 ],[-0.03504648  0.14129266],[0.50566416 0.75546464],[ 0.27828242 -0.01022291]
4648,4.647999999999887,[-1.77642918 -2.95443965],[-0.03454081  0.14204812],[0.50581595 0.75550046],[ 0.27836385 -0.01023328]
4649,4.648999999999887,[-1.77646322 -2.95429685],[-0.034035    0.14280362],[0.50596758 0.75553596],[ 0.27844519 -0.01024371]
4650,4.649999999999888,[-1.77649675 -2.95415329],[-0.03352903  0.14355916],[0.50611904 0.75557113],[ 0.27852643 -0.0102542 ]
4651,4.650999999999888,[-1.77652977 -2.95400897],[-0.03302291  0.14431473],[0.50627035 0.75560598],[ 0.27860758 -0.01026476]
4652,4.651999999999888,[-1.77656229 -2.9538639 ],[-0.03251664  0.14507034],[0.50642148 0.7556405 ],[ 0.27868864 -0.01027538]
4653,4.652999999999889,[-1.7765943  -2.95371808],[-0.03201022  0.14582598],[0.50657246 0.7556747 ],[ 0.2787696  -0.01028607]
4654,4.653999999999889,[-1.7766258  -2.95357149],[-0.03150365  0.14658165],[0.50672327 0.75570857],[ 0.27885047 -0.01029681]
4655,4.654999999999889,[-1.7766568  -2.95342416],[-0.03099692  0.14733736],[0.50687391 0.75574211],[ 0.27893124 -0.01030762]
4656,4.65599999999989,[-1.77668729 -2.95327606],[-0.03049005  0.1480931 ],[0.50702439 0.75577533],[ 0.27901192 -0.0103185 ]
4657,4.65699999999989,[-1.77671727 -2.95312722],[-0.02998302  0.14884888],[0.50717471 0.75580823],[ 0.27909251 -0.01032944]
4658,4.65799999999989,[-1.77674675 -2.95297761],[-0.02947585  0.14960469],[0.50732487 0.75584079],[ 0.27917299 -0.01034044]
4659,4.658999999999891,[-1.77677572 -2.95282725],[-0.02896852  0.15036053],[0.50747486 0.75587304],[ 0.27925339 -0.01035151]
4660,4.659999999999891,[-1.77680418 -2.95267613],[-0.02846105  0.1511164 ],[0.50762468 0.75590495],[ 0.27933369 -0.01036264]
4661,4.660999999999891,[-1.77683213 -2.95252426],[-0.02795342  0.15187231],[0.50777434 0.75593654],[ 0.2794139  -0.01037383]
4662,4.661999999999892,[-1.77685958 -2.95237163],[-0.02744565  0.15262824],[0.50792384 0.75596781],[ 0.27949401 -0.01038509]
4663,4.662999999999892,[-1.77688651 -2.95221825],[-0.02693773  0.15338421],[0.50807318 0.75599874],[ 0.27957402 -0.01039641]
4664,4.663999999999892,[-1.77691294 -2.95206411],[-0.02642965  0.15414021],[0.50822234 0.75602936],[ 0.27965394 -0.0104078 ]
4665,4.664999999999893,[-1.77693886 -2.95190921],[-0.02592143  0.15489624],[0.50837135 0.75605964],[ 0.27973377 -0.01041924]
4666,4.665999999999893,[-1.77696428 -2.95175356],[-0.02541306  0.1556523 ],[0.50852019 0.7560896 ],[ 0.2798135  -0.01043076]
4667,4.666999999999893,[-1.77698918 -2.95159715],[-0.02490454  0.15640839],[0.50866886 0.75611924],[ 0.27989314 -0.01044233]
4668,4.667999999999894,[-1.77701358 -2.95143999],[-0.02439587  0.15716451],[0.50881738 0.75614855],[ 0.27997268 -0.01045397]
4669,4.668999999999894,[-1.77703746 -2.95128207],[-0.02388705  0.15792066],[0.50896572 0.75617753],[ 0.28005213 -0.01046568]
4670,4.669999999999894,[-1.77706084 -2.95112339],[-0.02337809  0.15867683],[0.50911391 0.75620618],[ 0.28013148 -0.01047744]
4671,4.670999999999895,[-1.77708371 -2.95096396],[-0.02286897  0.15943304],[0.50926192 0.75623451],[ 0.28021074 -0.01048927]
4672,4.671999999999895,[-1.77710607 -2.95080377],[-0.02235971  0.16018927],[0.50940978 0.75626252],[ 0.2802899  -0.01050117]
4673,4.672999999999895,[-1.77712792 -2.95064282],[-0.0218503   0.16094554],[0.50955746 0.75629019],[ 0.28036897 -0.01051313]
4674,4.673999999999896,[-1.77714926 -2.95048112],[-0.02134074  0.16170183],[0.50970499 0.75631754],[ 0.28044794 -0.01052515]
4675,4.674999999999896,[-1.77717009 -2.95031866],[-0.02083104  0.16245814],[0.50985235 0.75634456],[ 0.28052682 -0.01053723]
4676,4.675999999999896,[-1.77719041 -2.95015545],[-0.02032119  0.16321449],[0.50999954 0.75637126],[ 0.2806056  -0.01054938]
4677,4.676999999999897,[-1.77721023 -2.94999148],[-0.01981119  0.16397086],[0.51014657 0.75639763],[ 0.28068429 -0.0105616 ]
4678,4.677999999999897,[-1.77722953 -2.94982675],[-0.01930104  0.16472726],[0.51029344 0.75642367],[ 0.28076288 -0.01057387]
4679,4.678999999999897,[-1.77724832 -2.94966127],[-0.01879075  0.16548368],[0.51044014 0.75644939],[ 0.28084138 -0.01058621]
4680,4.679999999999898,[-1.7772666  -2.94949503],[-0.01828031  0.16624013],[0.51058667 0.75647477],[ 0.28091978 -0.01059862]
4681,4.680999999999898,[-1.77728437 -2.94932803],[-0.01776972  0.16699661],[0.51073304 0.75649983],[ 0.28099809 -0.01061108]
4682,4.681999999999898,[-1.77730163 -2.94916028],[-0.01725899  0.16775311],[0.51087925 0.75652457],[ 0.2810763  -0.01062361]
4683,4.682999999999899,[-1.77731838 -2.94899177],[-0.01674811  0.16850963],[0.51102529 0.75654897],[ 0.28115441 -0.01063621]
4684,4.683999999999899,[-1.77733461 -2.9488225 ],[-0.01623708  0.16926618],[0.51117116 0.75657305],[ 0.28123243 -0.01064887]
4685,4.684999999999899,[-1.77735034 -2.94865248],[-0.01572591  0.17002275],[0.51131687 0.7565968 ],[ 0.28131036 -0.01066159]
4686,4.6859999999999,[-1.77736555 -2.9484817 ],[-0.0152146   0.17077935],[0.51146242 0.75662023],[ 0.28138819 -0.01067438]
4687,4.6869999999999,[-1.77738026 -2.94831016],[-0.01470313  0.17153597],[0.5116078  0.75664332],[ 0.28146592 -0.01068723]
4688,4.6879999999999,[-1.77739445 -2.94813787],[-0.01419152  0.17229261],[0.51175301 0.75666609],[ 0.28154356 -0.01070014]
4689,4.688999999999901,[-1.77740813 -2.94796482],[-0.01367977  0.17304928],[0.51189806 0.75668853],[ 0.2816211  -0.01071312]
4690,4.689999999999901,[-1.77742129 -2.94779101],[-0.01316787  0.17380597],[0.51204294 0.75671065],[ 0.28169855 -0.01072616]
4691,4.690999999999901,[-1.77743395 -2.94761645],[-0.01265583  0.17456268],[0.51218766 0.75673243],[ 0.2817759  -0.01073926]
4692,4.691999999999902,[-1.77744609 -2.94744113],[-0.01214364  0.17531941],[0.51233221 0.75675389],[ 0.28185316 -0.01075243]
4693,4.692999999999902,[-1.77745773 -2.94726506],[-0.01163131  0.17607616],[0.5124766  0.75677501],[ 0.28193032 -0.01076566]
4694,4.693999999999902,[-1.77746884 -2.94708822],[-0.01111883  0.17683294],[0.51262083 0.75679581],[ 0.28200738 -0.01077895]
4695,4.694999999999903,[-1.77747945 -2.94691063],[-0.01060621  0.17758973],[0.51276488 0.75681628],[ 0.28208435 -0.01079231]
4696,4.695999999999903,[-1.77748954 -2.94673229],[-0.01009345  0.17834655],[0.51290877 0.75683643],[ 0.28216122 -0.01080573]
4697,4.696999999999903,[-1.77749912 -2.94655318],[-0.00958054  0.17910339],[0.5130525  0.75685624],[ 0.282238   -0.01081922]
4698,4.697999999999904,[-1.77750819 -2.94637332],[-0.00906749  0.17986024],[0.51319606 0.75687573],[ 0.28231468 -0.01083277]
4699,4.698999999999904,[-1.77751675 -2.94619271],[-0.00855429  0.18061712],[0.51333945 0.75689488],[ 0.28239127 -0.01084638]
4700,4.699999999999904,[-1.77752479 -2.94601133],[-0.00804095  0.18137401],[0.51348268 0.75691371],[ 0.28246776 -0.01086006]
4701,4.700999999999905,[-1.77753231 -2.9458292 ],[-0.00752747  0.18213093],[0.51362575 0.75693221],[ 0.28254415 -0.0108738 ]
4702,4.701999999999905,[-1.77753933 -2.94564631],[-0.00701384  0.18288786],[0.51376864 0.75695037],[ 0.28262045 -0.0108876 ]
4703,4.702999999999905,[-1.77754583 -2.94546267],[-0.00650007  0.18364481],[0.51391138 0.75696821],[ 0.28269665 -0.01090147]
4704,4.703999999999906,[-1.77755182 -2.94527827],[-0.00598616  0.18440178],[0.51405394 0.75698572],[ 0.28277275 -0.0109154 ]
4705,4.704999999999906,[-1.77755729 -2.94509311],[-0.00547211  0.18515876],[0.51419634 0.7570029 ],[ 0.28284876 -0.0109294 ]
4706,4.705999999999906,[-1.77756225 -2.94490719],[-0.00495791  0.18591577],[0.51433858 0.75701975],[ 0.28292468 -0.01094346]
4707,4.706999999999907,[-1.77756669 -2.94472052],[-0.00444357  0.18667279],[0.51448065 0.75703627],[ 0.28300049 -0.01095758]
4708,4.707999999999907,[-1.77757062 -2.94453309],[-0.00392909  0.18742982],[0.51462255 0.75705246],[ 0.28307622 -0.01097176]
4709,4.708999999999907,[-1.77757403 -2.9443449 ],[-0.00341447  0.18818688],[0.51476429 0.75706832],[ 0.28315184 -0.01098601]
4710,4.709999999999908,[-1.77757693 -2.94415596],[-0.00289971  0.18894394],[0.51490586 0.75708385],[ 0.28322737 -0.01100033]
4711,4.710999999999908,[-1.77757932 -2.94396626],[-0.0023848   0.18970103],[0.51504726 0.75709905],[ 0.2833028 -0.0110147]
4712,4.711999999999908,[-1.77758119 -2.9437758 ],[-0.00186975  0.19045813],[0.5151885  0.75711391],[ 0.28337814 -0.01102914]
4713,4.712999999999909,[-1.77758254 -2.94358458],[-0.00135457  0.19121524],[0.51532957 0.75712845],[ 0.28345338 -0.01104365]
4714,4.713999999999909,[-1.77758338 -2.94339261],[-0.00083924  0.19197237],[0.51547048 0.75714266],[ 0.28352852 -0.01105821]
4715,4.714999999999909,[-1.7775837  -2.94319988],[-0.00032377  0.19272951],[0.51561122 0.75715653],[ 0.28360357 -0.01107284]
4716,4.71599999999991,[-1.77758351 -2.9430064 ],[1.91845713e-04 1.93486669e-01],[0.5157518  0.75717007],[ 0.28367852 -0.01108754]
4717,4.71699999999991,[-1.7775828  -2.94281215],[0.0007076  0.19424384],[0.5158922  0.75718328],[ 0.28375337 -0.0111023 ]
4718,4.71799999999991,[-1.77758158 -2.94261715],[0.00122349 0.19500102],[0.51603245 0.75719617],[ 0.28382813 -0.01111712]
4719,4.718999999999911,[-1.77757984 -2.94242139],[0.00173952 0.19575822],[0.51617252 0.75720871],[ 0.28390279 -0.011132  ]
4720,4.719999999999911,[-1.77757759 -2.94222488],[0.00225569 0.19651543],[0.51631243 0.75722093],[ 0.28397736 -0.01114695]
4721,4.720999999999911,[-1.77757481 -2.9420276 ],[0.00277201 0.19727265],[0.51645218 0.75723281],[ 0.28405183 -0.01116196]
4722,4.721999999999912,[-1.77757153 -2.94182957],[0.00328846 0.19802988],[0.51659175 0.75724437],[ 0.2841262  -0.01117704]
4723,4.722999999999912,[-1.77756772 -2.94163079],[0.00380505 0.19878712],[0.51673116 0.75725559],[ 0.28420047 -0.01119218]
4724,4.723999999999912,[-1.7775634  -2.94143124],[0.00432178 0.19954438],[0.51687041 0.75726647],[ 0.28427465 -0.01120738]
4725,4.724999999999913,[-1.77755856 -2.94123094],[0.00483865 0.20030165],[0.51700949 0.75727703],[ 0.28434873 -0.01122265]
4726,4.725999999999913,[-1.7775532  -2.94102988],[0.00535566 0.20105892],[0.5171484  0.75728725],[ 0.28442272 -0.01123798]
4727,4.726999999999913,[-1.77754733 -2.94082807],[0.00587281 0.20181621],[0.51728714 0.75729714],[ 0.28449661 -0.01125337]
4728,4.727999999999914,[-1.77754094 -2.94062549],[0.0063901  0.20257351],[0.51742572 0.7573067 ],[ 0.2845704  -0.01126883]
4729,4.728999999999914,[-1.77753403 -2.94042216],[0.00690752 0.20333082],[0.51756413 0.75731592],[ 0.28464409 -0.01128435]
4730,4.729999999999914,[-1.77752661 -2.94021807],[0.00742509 0.20408813],[0.51770238 0.75732481],[ 0.28471769 -0.01129993]
4731,4.730999999999915,[-1.77751867 -2.94001323],[0.00794279 0.20484546],[0.51784046 0.75733336],[ 0.28479119 -0.01131558]
4732,4.731999999999915,[-1.77751021 -2.93980763],[0.00846063 0.20560279],[0.51797837 0.75734158],[ 0.2848646  -0.01133129]
4733,4.732999999999915,[-1.77750123 -2.93960127],[0.00897861 0.20636013],[0.51811611 0.75734947],[ 0.2849379  -0.01134706]
4734,4.733999999999916,[-1.77749173 -2.93939415],[0.00949672 0.20711748],[0.51825369 0.75735702],[ 0.28501111 -0.0113629 ]
4735,4.734999999999916,[-1.77748172 -2.93918627],[0.01001498 0.20787484],[0.5183911  0.75736424],[ 0.28508423 -0.0113788 ]
4736,4.735999999999916,[-1.77747118 -2.93897764],[0.01053337 0.2086322 ],[0.51852835 0.75737112],[ 0.28515724 -0.01139477]
4737,4.736999999999917,[-1.77746013 -2.93876825],[0.0110519  0.20938957],[0.51866543 0.75737767],[ 0.28523016 -0.01141079]
4738,4.737999999999917,[-1.77744856 -2.9385581 ],[0.01157056 0.21014695],[0.51880234 0.75738388],[ 0.28530298 -0.01142689]
4739,4.738999999999917,[-1.77743647 -2.9383472 ],[0.01208937 0.21090433],[0.51893909 0.75738976],[ 0.28537571 -0.01144304]
4740,4.739999999999918,[-1.77742386 -2.93813554],[0.0126083  0.21166172],[0.51907566 0.7573953 ],[ 0.28544834 -0.01145926]
4741,4.740999999999918,[-1.77741073 -2.93792312],[0.01312738 0.21241912],[0.51921207 0.7574005 ],[ 0.28552087 -0.01147554]
4742,4.741999999999918,[-1.77739709 -2.93770994],[0.01364659 0.21317652],[0.51934832 0.75740537],[ 0.2855933  -0.01149189]
4743,4.742999999999919,[-1.77738292 -2.93749601],[0.01416594 0.21393393],[0.5194844  0.75740991],[ 0.28566564 -0.0115083 ]
4744,4.743999999999919,[-1.77736824 -2.93728132],[0.01468543 0.21469133],[0.51962031 0.75741411],[ 0.28573788 -0.01152477]
4745,4.744999999999919,[-1.77735303 -2.93706587],[0.01520505 0.21544875],[0.51975605 0.75741797],[ 0.28581002 -0.01154131]
4746,4.74599999999992,[-1.77733731 -2.93684966],[0.0157248  0.21620617],[0.51989163 0.75742149],[ 0.28588206 -0.0115579 ]
4747,4.74699999999992,[-1.77732106 -2.9366327 ],[0.01624469 0.21696359],[0.52002704 0.75742468],[ 0.28595401 -0.01157457]
4748,4.74799999999992,[-1.7773043  -2.93641498],[0.01676472 0.21772101],[0.52016228 0.75742753],[ 0.28602586 -0.01159129]
4749,4.748999999999921,[-1.77728701 -2.9361965 ],[0.01728488 0.21847844],[0.52029735 0.75743004],[ 0.28609761 -0.01160808]
4750,4.749999999999921,[-1.77726921 -2.93597726],[0.01780518 0.21923587],[0.52043226 0.75743221],[ 0.28616926 -0.01162494]
4751,4.750999999999921,[-1.77725088 -2.93575727],[0.01832561 0.2199933 ],[0.520567   0.75743405],[ 0.28624082 -0.01164185]
4752,4.751999999999922,[-1.77723204 -2.93553652],[0.01884618 0.22075074],[0.52070158 0.75743555],[ 0.28631228 -0.01165883]
4753,4.752999999999922,[-1.77721267 -2.93531501],[0.01936688 0.22150817],[0.52083598 0.75743671],[ 0.28638364 -0.01167588]
4754,4.753999999999922,[-1.77719278 -2.93509275],[0.01988772 0.22226561],[0.52097022 0.75743753],[ 0.28645491 -0.01169298]
4755,4.754999999999923,[-1.77717237 -2.93486972],[0.02040869 0.22302305],[0.5211043  0.75743801],[ 0.28652608 -0.01171015]
4756,4.755999999999923,[-1.77715144 -2.93464594],[0.02092979 0.22378048],[0.5212382  0.75743816],[ 0.28659714 -0.01172738]
4757,4.756999999999923,[-1.77712999 -2.9344214 ],[0.02145103 0.22453792],[0.52137194 0.75743796],[ 0.28666812 -0.01174468]
4758,4.757999999999924,[-1.77710802 -2.93419611],[0.0219724  0.22529536],[0.52150551 0.75743743],[ 0.28673899 -0.01176204]
4759,4.758999999999924,[-1.77708552 -2.93397006],[0.02249391 0.2260528 ],[0.52163891 0.75743655],[ 0.28680977 -0.01177946]
4760,4.759999999999924,[-1.77706251 -2.93374325],[0.02301555 0.22681023],[0.52177215 0.75743534],[ 0.28688044 -0.01179695]
4761,4.760999999999925,[-1.77703897 -2.93351568],[0.02353732 0.22756767],[0.52190522 0.75743378],[ 0.28695103 -0.0118145 ]
4762,4.761999999999925,[-1.77701491 -2.93328735],[0.02405922 0.2283251 ],[0.52203812 0.75743188],[ 0.28702151 -0.01183211]
4763,4.762999999999925,[-1.77699033 -2.93305827],[0.02458126 0.22908254],[0.52217085 0.75742965],[ 0.28709189 -0.01184979]
4764,4.763999999999926,[-1.77696523 -2.93282843],[0.02510343 0.22983997],[0.52230342 0.75742707],[ 0.28716218 -0.01186753]
4765,4.764999999999926,[-1.7769396  -2.93259783],[0.02562574 0.23059739],[0.52243582 0.75742415],[ 0.28723237 -0.01188533]
4766,4.765999999999926,[-1.77691345 -2.93236648],[0.02614817 0.23135482],[0.52256805 0.75742089],[ 0.28730246 -0.0119032 ]
4767,4.766999999999927,[-1.77688678 -2.93213437],[0.02667074 0.23211224],[0.52270011 0.75741729],[ 0.28737245 -0.01192113]
4768,4.767999999999927,[-1.77685959 -2.9319015 ],[0.02719344 0.23286965],[0.52283201 0.75741334],[ 0.28744235 -0.01193912]
4769,4.768999999999927,[-1.77683187 -2.93166787],[0.02771627 0.23362707],[0.52296374 0.75740905],[ 0.28751215 -0.01195718]
4770,4.769999999999928,[-1.77680363 -2.93143348],[0.02823924 0.23438448],[0.5230953  0.75740442],[ 0.28758185 -0.0119753 ]
4771,4.770999999999928,[-1.77677487 -2.93119834],[0.02876233 0.23514188],[0.52322669 0.75739945],[ 0.28765145 -0.01199348]
4772,4.771999999999928,[-1.77674559 -2.93096244],[0.02928556 0.23589928],[0.52335792 0.75739413],[ 0.28772095 -0.01201173]
4773,4.772999999999929,[-1.77671578 -2.93072579],[0.02980892 0.23665668],[0.52348898 0.75738847],[ 0.28779036 -0.01203004]
4774,4.773999999999929,[-1.77668545 -2.93048837],[0.0303324  0.23741406],[0.52361987 0.75738247],[ 0.28785966 -0.01204841]
4775,4.774999999999929,[-1.77665459 -2.9302502 ],[0.03085602 0.23817145],[0.52375059 0.75737612],[ 0.28792887 -0.01206685]
4776,4.77599999999993,[-1.77662321 -2.93001127],[0.03137977 0.23892882],[0.52388115 0.75736943],[ 0.28799798 -0.01208535]
4777,4.77699999999993,[-1.77659131 -2.92977159],[0.03190366 0.23968619],[0.52401154 0.7573624 ],[ 0.28806699 -0.01210391]
4778,4.77799999999993,[-1.77655888 -2.92953114],[0.03242767 0.24044355],[0.52414176 0.75735501],[ 0.28813591 -0.01212254]
4779,4.778999999999931,[-1.77652593 -2.92928994],[0.03295181 0.24120091],[0.52427181 0.75734729],[ 0.28820472 -0.01214122]
4780,4.779999999999931,[-1.77649245 -2.92904798],[0.03347608 0.24195826],[0.52440169 0.75733922],[ 0.28827344 -0.01215998]
4781,4.780999999999931,[-1.77645845 -2.92880527],[0.03400048 0.2427156 ],[0.52453141 0.7573308 ],[ 0.28834206 -0.01217879]
4782,4.781999999999932,[-1.77642392 -2.9285618 ],[0.03452501 0.24347293],[0.52466096 0.75732203],[ 0.28841058 -0.01219767]
4783,4.782999999999932,[-1.77638887 -2.92831756],[0.03504967 0.24423025],[0.52479034 0.75731292],[ 0.288479   -0.01221661]
4784,4.783999999999932,[-1.7763533  -2.92807258],[0.03557447 0.24498756],[0.52491955 0.75730347],[ 0.28854733 -0.01223562]
4785,4.784999999999933,[-1.7763172  -2.92782683],[0.03609938 0.24574486],[0.5250486  0.75729366],[ 0.28861555 -0.01225468]
4786,4.785999999999933,[-1.77628058 -2.92758033],[0.03662443 0.24650216],[0.52517748 0.75728351],[ 0.28868368 -0.01227382]
4787,4.786999999999933,[-1.77624343 -2.92733307],[0.03714961 0.24725944],[0.52530619 0.75727301],[ 0.28875171 -0.01229301]
4788,4.787999999999934,[-1.77620575 -2.92708505],[0.03767492 0.24801672],[0.52543473 0.75726216],[ 0.28881964 -0.01231227]
4789,4.788999999999934,[-1.77616755 -2.92683628],[0.03820035 0.24877398],[0.5255631  0.75725097],[ 0.28888747 -0.01233159]
4790,4.789999999999934,[-1.77612883 -2.92658675],[0.03872591 0.24953123],[0.52569131 0.75723943],[ 0.2889552  -0.01235097]
4791,4.790999999999935,[-1.77608957 -2.92633646],[0.03925161 0.25028847],[0.52581934 0.75722753],[ 0.28902283 -0.01237042]
4792,4.791999999999935,[-1.7760498  -2.92608541],[0.03977743 0.2510457 ],[0.52594721 0.75721529],[ 0.28909037 -0.01238993]
4793,4.792999999999935,[-1.77600949 -2.92583361],[0.04030337 0.25180291],[0.52607492 0.7572027 ],[ 0.28915781 -0.0124095 ]
4794,4.793999999999936,[-1.77596866 -2.92558105],[0.04082945 0.25256011],[0.52620245 0.75718976],[ 0.28922514 -0.01242914]
4795,4.794999999999936,[-1.77592731 -2.92532773],[0.04135565 0.2533173 ],[0.52632982 0.75717647],[ 0.28929238 -0.01244884]
4796,4.795999999999936,[-1.77588543 -2.92507366],[0.04188198 0.25407448],[0.52645701 0.75716282],[ 0.28935952 -0.0124686 ]
4797,4.796999999999937,[-1.77584302 -2.92481883],[0.04240844 0.25483164],[0.52658404 0.75714883],[ 0.28942656 -0.01248842]
4798,4.797999999999937,[-1.77580008 -2.92456324],[0.04293502 0.25558879],[0.52671091 0.75713449],[ 0.28949351 -0.01250831]
4799,4.798999999999937,[-1.77575662 -2.92430689],[0.04346173 0.25634593],[0.5268376  0.75711979],[ 0.28956035 -0.01252826]
4800,4.799999999999938,[-1.77571263 -2.92404979],[0.04398857 0.25710305],[0.52696412 0.75710474],[ 0.28962709 -0.01254828]
4801,4.800999999999938,[-1.77566812 -2.92379193],[0.04451553 0.25786015],[0.52709048 0.75708934],[ 0.28969374 -0.01256835]
4802,4.801999999999938,[-1.77562307 -2.92353331],[0.04504262 0.25861724],[0.52721667 0.75707359],[ 0.28976029 -0.01258849]
4803,4.802999999999939,[-1.7755775  -2.92327394],[0.04556984 0.25937431],[0.52734269 0.75705749],[ 0.28982673 -0.0126087 ]
4804,4.803999999999939,[-1.77553141 -2.92301381],[0.04609718 0.26013137],[0.52746854 0.75704103],[ 0.28989308 -0.01262896]
4805,4.804999999999939,[-1.77548478 -2.92275292],[0.04662465 0.26088841],[0.52759423 0.75702422],[ 0.28995933 -0.01264929]
4806,4.80599999999994,[-1.77543763 -2.92249127],[0.04715225 0.26164544],[0.52771975 0.75700705],[ 0.29002548 -0.01266968]
4807,4.80699999999994,[-1.77538995 -2.92222887],[0.04767997 0.26240244],[0.52784509 0.75698953],[ 0.29009153 -0.01269014]
4808,4.80799999999994,[-1.77534174 -2.92196571],[0.04820781 0.26315943],[0.52797027 0.75697165],[ 0.29015749 -0.01271066]
4809,4.808999999999941,[-1.77529301 -2.9217018 ],[0.04873578 0.2639164 ],[0.52809528 0.75695342],[ 0.29022334 -0.01273124]
4810,4.809999999999941,[-1.77524374 -2.92143712],[0.04926388 0.26467336],[0.52822013 0.75693484],[ 0.29028909 -0.01275188]
4811,4.810999999999941,[-1.77519395 -2.92117169],[0.0497921  0.26543029],[0.5283448 0.7569159],[ 0.29035475 -0.01277259]
4812,4.811999999999942,[-1.77514363 -2.9209055 ],[0.05032044 0.26618721],[0.52846931 0.7568966 ],[ 0.2904203  -0.01279336]
4813,4.812999999999942,[-1.77509278 -2.92063856],[0.05084891 0.2669441 ],[0.52859365 0.75687695],[ 0.29048576 -0.01281419]
4814,4.813999999999942,[-1.7750414  -2.92037086],[0.0513775  0.26770098],[0.52871782 0.75685693],[ 0.29055112 -0.01283509]
4815,4.814999999999943,[-1.7749895 -2.9201024],[0.05190622 0.26845784],[0.52884182 0.75683657],[ 0.29061637 -0.01285605]
4816,4.815999999999943,[-1.77493706 -2.91983319],[0.05243506 0.26921468],[0.52896565 0.75681584],[ 0.29068153 -0.01287707]
4817,4.816999999999943,[-1.7748841  -2.91956322],[0.05296403 0.26997149],[0.52908932 0.75679476],[ 0.29074659 -0.01289815]
4818,4.817999999999944,[-1.77483061 -2.91929249],[0.05349312 0.27072829],[0.52921282 0.75677331],[ 0.29081155 -0.0129193 ]
4819,4.818999999999944,[-1.77477658 -2.919021  ],[0.05402233 0.27148506],[0.52933614 0.75675151],[ 0.29087641 -0.01294051]
4820,4.819999999999944,[-1.77472203 -2.91874876],[0.05455167 0.27224181],[0.5294593  0.75672935],[ 0.29094117 -0.01296178]
4821,4.820999999999945,[-1.77466695 -2.91847576],[0.05508113 0.27299854],[0.5295823  0.75670683],[ 0.29100583 -0.01298312]
4822,4.821999999999945,[-1.77461134 -2.91820201],[0.05561071 0.27375525],[0.52970512 0.75668395],[ 0.29107039 -0.01300451]
4823,4.822999999999945,[-1.7745552  -2.91792749],[0.05614041 0.27451193],[0.52982777 0.75666071],[ 0.29113486 -0.01302598]
4824,4.823999999999946,[-1.77449853 -2.91765223],[0.05667024 0.27526859],[0.52995026 0.75663711],[ 0.29119922 -0.0130475 ]
4825,4.824999999999946,[-1.77444133 -2.9173762 ],[0.05720019 0.27602523],[0.53007258 0.75661314],[ 0.29126348 -0.01306909]
4826,4.825999999999946,[-1.7743836  -2.91709942],[0.05773027 0.27678184],[0.53019473 0.75658882],[ 0.29132764 -0.01309073]
4827,4.826999999999947,[-1.77432534 -2.91682188],[0.05826046 0.27753843],[0.53031671 0.75656413],[ 0.29139171 -0.01311245]
4828,4.827999999999947,[-1.77426655 -2.91654359],[0.05879078 0.27829499],[0.53043852 0.75653908],[ 0.29145567 -0.01313422]
4829,4.828999999999947,[-1.77420723 -2.91626453],[0.05932122 0.27905153],[0.53056016 0.75651367],[ 0.29151954 -0.01315606]
4830,4.829999999999948,[-1.77414737 -2.91598473],[0.05985178 0.27980805],[0.53068164 0.7564879 ],[ 0.2915833  -0.01317796]
4831,4.830999999999948,[-1.77408699 -2.91570416],[0.06038246 0.28056454],[0.53080295 0.75646176],[ 0.29164697 -0.01319992]
4832,4.831999999999948,[-1.77402608 -2.91542284],[0.06091326 0.281321  ],[0.53092408 0.75643526],[ 0.29171053 -0.01322195]
4833,4.832999999999949,[-1.77396463 -2.91514076],[0.06144418 0.28207743],[0.53104505 0.75640839],[ 0.29177399 -0.01324404]
4834,4.833999999999949,[-1.77390266 -2.91485793],[0.06197523 0.28283384],[0.53116585 0.75638116],[ 0.29183736 -0.01326619]
4835,4.834999999999949,[-1.77384015 -2.91457434],[0.0625064  0.28359022],[0.53128649 0.75635356],[ 0.29190063 -0.0132884 ]
4836,4.83599999999995,[-1.77377712 -2.91428999],[0.06303768 0.28434658],[0.53140695 0.75632559],[ 0.29196379 -0.01331068]
4837,4.83699999999995,[-1.77371355 -2.91400489],[0.06356909 0.2851029 ],[0.53152725 0.75629726],[ 0.29202686 -0.01333302]
4838,4.83799999999995,[-1.77364945 -2.91371903],[0.06410062 0.2858592 ],[0.53164737 0.75626857],[ 0.29208982 -0.01335542]
4839,4.838999999999951,[-1.77358481 -2.91343241],[0.06463226 0.28661547],[0.53176733 0.7562395 ],[ 0.29215269 -0.01337788]
4840,4.839999999999951,[-1.77351965 -2.91314504],[0.06516403 0.28737171],[0.53188712 0.75621007],[ 0.29221545 -0.01340041]
4841,4.840999999999951,[-1.77345395 -2.91285692],[0.06569592 0.28812792],[0.53200674 0.75618027],[ 0.29227812 -0.013423  ]
4842,4.841999999999952,[-1.77338773 -2.91256803],[0.06622792 0.2888841 ],[0.53212619 0.7561501 ],[ 0.29234068 -0.01344565]
4843,4.842999999999952,[-1.77332097 -2.91227839],[0.06676005 0.28964025],[0.53224548 0.75611957],[ 0.29240315 -0.01346836]
4844,4.843999999999952,[-1.77325367 -2.91198799],[0.0672923  0.29039637],[0.53236459 0.75608866],[ 0.29246551 -0.01349114]
4845,4.844999999999953,[-1.77318585 -2.91169684],[0.06782466 0.29115246],[0.53248354 0.75605738],[ 0.29252778 -0.01351398]
4846,4.845999999999953,[-1.77311749 -2.91140493],[0.06835714 0.29190851],[0.53260232 0.75602574],[ 0.29258994 -0.01353688]
4847,4.846999999999953,[-1.7730486  -2.91111227],[0.06888975 0.29266454],[0.53272092 0.75599372],[ 0.29265201 -0.01355985]
4848,4.847999999999954,[-1.77297918 -2.91081885],[0.06942247 0.29342053],[0.53283936 0.75596133],[ 0.29271397 -0.01358287]
4849,4.848999999999954,[-1.77290922 -2.91052467],[0.06995531 0.29417649],[0.53295764 0.75592857],[ 0.29277584 -0.01360596]
4850,4.849999999999954,[-1.77283874 -2.91022974],[0.07048826 0.29493242],[0.53307574 0.75589544],[ 0.2928376  -0.01362911]
4851,4.850999999999955,[-1.77276771 -2.90993405],[0.07102134 0.29568832],[0.53319367 0.75586193],[ 0.29289927 -0.01365233]
4852,4.851999999999955,[-1.77269616 -2.90963761],[0.07155453 0.29644418],[0.53331144 0.75582806],[ 0.29296083 -0.0136756 ]
4853,4.852999999999955,[-1.77262407 -2.90934041],[0.07208785 0.29720001],[0.53342903 0.7557938 ],[ 0.29302229 -0.01369894]
4854,4.853999999999956,[-1.77255145 -2.90904245],[0.07262127 0.2979558 ],[0.53354646 0.75575918],[ 0.29308365 -0.01372234]
4855,4.854999999999956,[-1.7724783  -2.90874374],[0.07315482 0.29871156],[0.53366372 0.75572418],[ 0.29314492 -0.01374581]
4856,4.855999999999956,[-1.77240461 -2.90844427],[0.07368848 0.29946728],[0.53378081 0.7556888 ],[ 0.29320608 -0.01376933]
4857,4.856999999999957,[-1.77233038 -2.90814405],[0.07422227 0.30022297],[0.53389773 0.75565305],[ 0.29326714 -0.01379292]
4858,4.857999999999957,[-1.77225563 -2.90784307],[0.07475616 0.30097863],[0.53401449 0.75561693],[ 0.2933281  -0.01381657]
4859,4.858999999999957,[-1.77218034 -2.90754134],[0.07529018 0.30173424],[0.53413107 0.75558042],[ 0.29338896 -0.01384029]
4860,4.859999999999958,[-1.77210451 -2.90723885],[0.07582431 0.30248982],[0.53424749 0.75554354],[ 0.29344972 -0.01386406]
4861,4.860999999999958,[-1.77202816 -2.9069356 ],[0.07635856 0.30324537],[0.53436373 0.75550629],[ 0.29351038 -0.0138879 ]
4862,4.861999999999958,[-1.77195126 -2.9066316 ],[0.07689292 0.30400087],[0.53447981 0.75546865],[ 0.29357094 -0.0139118 ]
4863,4.862999999999959,[-1.77187384 -2.90632684],[0.0774274  0.30475634],[0.53459572 0.75543064],[ 0.2936314  -0.01393576]
4864,4.863999999999959,[-1.77179587 -2.90602133],[0.077962   0.30551177],[0.53471146 0.75539224],[ 0.29369175 -0.01395979]
4865,4.864999999999959,[-1.77171738 -2.90571507],[0.07849671 0.30626716],[0.53482703 0.75535347],[ 0.29375201 -0.01398387]
4866,4.86599999999996,[-1.77163835 -2.90540804],[0.07903153 0.30702252],[0.53494243 0.75531432],[ 0.29381217 -0.01400802]
4867,4.86699999999996,[-1.77155878 -2.90510026],[0.07956648 0.30777783],[0.53505767 0.75527479],[ 0.29387222 -0.01403224]
4868,4.86799999999996,[-1.77147868 -2.90479173],[0.08010153 0.30853311],[0.53517273 0.75523487],[ 0.29393218 -0.01405651]
4869,4.868999999999961,[-1.77139804 -2.90448244],[0.08063671 0.30928834],[0.53528763 0.75519458],[ 0.29399203 -0.01408084]
4870,4.869999999999961,[-1.77131687 -2.9041724 ],[0.08117199 0.31004354],[0.53540236 0.7551539 ],[ 0.29405178 -0.01410524]
4871,4.870999999999961,[-1.77123516 -2.9038616 ],[0.0817074  0.31079869],[0.53551692 0.75511284],[ 0.29411143 -0.0141297 ]
4872,4.871999999999962,[-1.77115292 -2.90355005],[0.08224291 0.3115538 ],[0.5356313 0.7550714],[ 0.29417099 -0.01415422]
4873,4.872999999999962,[-1.77107014 -2.90323774],[0.08277854 0.31230888],[0.53574553 0.75502957],[ 0.29423044 -0.01417881]
4874,4.873999999999962,[-1.77098683 -2.90292467],[0.08331429 0.3130639 ],[0.53585958 0.75498736],[ 0.29428979 -0.01420346]
4875,4.874999999999963,[-1.77090298 -2.90261086],[0.08385015 0.31381889],[0.53597346 0.75494476],[ 0.29434903 -0.01422816]
4876,4.875999999999963,[-1.77081859 -2.90229628],[0.08438612 0.31457384],[0.53608718 0.75490178],[ 0.29440818 -0.01425294]
4877,4.876999999999963,[-1.77073367 -2.90198095],[0.08492221 0.31532874],[0.53620072 0.75485841],[ 0.29446723 -0.01427777]
4878,4.877999999999964,[-1.77064821 -2.90166487],[0.08545841 0.3160836 ],[0.5363141  0.75481466],[ 0.29452617 -0.01430266]
4879,4.878999999999964,[-1.77056221 -2.90134803],[0.08599473 0.31683841],[0.53642731 0.75477052],[ 0.29458502 -0.01432762]
4880,4.879999999999964,[-1.77047568 -2.90103044],[0.08653115 0.31759318],[0.53654034 0.75472599],[ 0.29464376 -0.01435264]
4881,4.880999999999965,[-1.77038861 -2.90071209],[0.08706769 0.31834791],[0.53665321 0.75468108],[ 0.2947024  -0.01437772]
4882,4.881999999999965,[-1.77030101 -2.90039299],[0.08760435 0.31910259],[0.53676592 0.75463578],[ 0.29476095 -0.01440286]
4883,4.882999999999965,[-1.77021287 -2.90007313],[0.08814111 0.31985723],[0.53687845 0.75459008],[ 0.29481939 -0.01442807]
4884,4.883999999999966,[-1.77012419 -2.89975252],[0.08867799 0.32061182],[0.53699081 0.754544  ],[ 0.29487773 -0.01445333]
4885,4.884999999999966,[-1.77003498 -2.89943115],[0.08921498 0.32136636],[0.53710301 0.75449753],[ 0.29493596 -0.01447866]
4886,4.885999999999966,[-1.76994522 -2.89910903],[0.08975208 0.32212086],[0.53721503 0.75445067],[ 0.2949941  -0.01450405]
4887,4.886999999999967,[-1.76985494 -2.89878616],[0.0902893  0.32287531],[0.53732689 0.75440341],[ 0.29505214 -0.01452951]
4888,4.887999999999967,[-1.76976411 -2.89846253],[0.09082663 0.32362971],[0.53743858 0.75435577],[ 0.29511007 -0.01455502]
4889,4.888999999999967,[-1.76967274 -2.89813814],[0.09136407 0.32438407],[0.5375501  0.75430773],[ 0.2951679 -0.0145806]
4890,4.889999999999968,[-1.76958084 -2.897813  ],[0.09190162 0.32513837],[0.53766145 0.7542593 ],[ 0.29522563 -0.01460623]
4891,4.890999999999968,[-1.7694884  -2.89748711],[0.09243928 0.32589263],[0.53777263 0.75421047],[ 0.29528327 -0.01463193]
4892,4.891999999999968,[-1.76939543 -2.89716046],[0.09297705 0.32664684],[0.53788364 0.75416125],[ 0.29534079 -0.0146577 ]
4893,4.892999999999969,[-1.76930191 -2.89683306],[0.09351493 0.32740101],[0.53799449 0.75411164],[ 0.29539822 -0.01468352]
4894,4.893999999999969,[-1.76920786 -2.89650491],[0.09405293 0.32815512],[0.53810516 0.75406163],[ 0.29545555 -0.0147094 ]
4895,4.894999999999969,[-1.76911327 -2.896176  ],[0.09459103 0.32890918],[0.53821567 0.75401122],[ 0.29551277 -0.01473535]
4896,4.89599999999997,[-1.76901814 -2.89584634],[0.09512925 0.32966319],[0.538326   0.75396042],[ 0.2955699  -0.01476136]
4897,4.89699999999997,[-1.76892247 -2.89551592],[0.09566757 0.33041715],[0.53843617 0.75390922],[ 0.29562692 -0.01478743]
4898,4.89799999999997,[-1.76882626 -2.89518475],[0.09620601 0.33117106],[0.53854617 0.75385763],[ 0.29568384 -0.01481356]
4899,4.898999999999971,[-1.76872952 -2.89485282],[0.09674456 0.33192492],[0.538656   0.75380563],[ 0.29574066 -0.01483976]
4900,4.899999999999971,[-1.76863224 -2.89452014],[0.09728321 0.33267872],[0.53876566 0.75375324],[ 0.29579737 -0.01486601]
4901,4.900999999999971,[-1.76853441 -2.89418671],[0.09782198 0.33343248],[0.53887516 0.75370045],[ 0.29585399 -0.01489233]
4902,4.901999999999972,[-1.76843605 -2.89385253],[0.09836085 0.33418618],[0.53898448 0.75364725],[ 0.2959105  -0.01491871]
4903,4.902999999999972,[-1.76833715 -2.89351759],[0.09889984 0.33493982],[0.53909363 0.75359366],[ 0.29596692 -0.01494515]
4904,4.903999999999972,[-1.76823772 -2.89318189],[0.09943893 0.33569342],[0.53920262 0.75353966],[ 0.29602323 -0.01497165]
4905,4.904999999999973,[-1.76813774 -2.89284545],[0.09997813 0.33644696],[0.53931144 0.75348527],[ 0.29607944 -0.01499822]
4906,4.905999999999973,[-1.76803722 -2.89250824],[0.10051745 0.33720044],[0.53942009 0.75343047],[ 0.29613554 -0.01502484]
4907,4.906999999999973,[-1.76793616 -2.89217029],[0.10105687 0.33795387],[0.53952857 0.75337527],[ 0.29619155 -0.01505153]
4908,4.907999999999974,[-1.76783457 -2.89183158],[0.10159639 0.33870725],[0.53963688 0.75331966],[ 0.29624745 -0.01507828]
4909,4.908999999999974,[-1.76773243 -2.89149212],[0.10213603 0.33946057],[0.53974502 0.75326365],[ 0.29630326 -0.01510509]
4910,4.909999999999974,[-1.76762975 -2.89115191],[0.10267578 0.34021383],[0.53985299 0.75320723],[ 0.29635896 -0.01513196]
4911,4.910999999999975,[-1.76752654 -2.89081094],[0.10321563 0.34096704],[0.53996079 0.75315041],[ 0.29641455 -0.01515889]
4912,4.911999999999975,[-1.76742278 -2.89046922],[0.10375559 0.34172019],[0.54006843 0.75309319],[ 0.29647005 -0.01518588]
4913,4.912999999999975,[-1.76731849 -2.89012675],[0.10429566 0.34247328],[0.5401759  0.75303555],[ 0.29652545 -0.01521294]
4914,4.913999999999976,[-1.76721365 -2.88978352],[0.10483583 0.34322632],[0.54028319 0.75297751],[ 0.29658074 -0.01524006]
4915,4.914999999999976,[-1.76710828 -2.88943954],[0.10537612 0.3439793 ],[0.54039032 0.75291906],[ 0.29663593 -0.01526724]
4916,4.915999999999976,[-1.76700236 -2.88909481],[0.10591651 0.34473221],[0.54049728 0.7528602 ],[ 0.29669102 -0.01529448]
4917,4.916999999999977,[-1.7668959  -2.88874933],[0.106457   0.34548507],[0.54060407 0.75280094],[ 0.29674601 -0.01532178]
4918,4.917999999999977,[-1.7667889  -2.88840309],[0.10699761 0.34623788],[0.54071069 0.75274126],[ 0.29680089 -0.01534914]
4919,4.918999999999977,[-1.76668137 -2.8880561 ],[0.10753832 0.34699062],[0.54081715 0.75268117],[ 0.29685567 -0.01537656]
4920,4.919999999999978,[-1.76657329 -2.88770835],[0.10807914 0.3477433 ],[0.54092343 0.75262067],[ 0.29691036 -0.01540405]
4921,4.920999999999978,[-1.76646467 -2.88735986],[0.10862006 0.34849592],[0.54102955 0.75255976],[ 0.29696494 -0.0154316 ]
4922,4.921999999999978,[-1.76635551 -2.88701061],[0.10916109 0.34924848],[0.54113549 0.75249843],[ 0.29701941 -0.0154592 ]
4923,4.922999999999979,[-1.7662458  -2.88666061],[0.10970223 0.35000098],[0.54124127 0.7524367 ],[ 0.29707379 -0.01548687]
4924,4.923999999999979,[-1.76613556 -2.88630986],[0.11024347 0.35075341],[0.54134688 0.75237454],[ 0.29712806 -0.0155146 ]
4925,4.924999999999979,[-1.76602478 -2.88595835],[0.11078481 0.35150579],[0.54145232 0.75231198],[ 0.29718223 -0.01554239]
4926,4.92599999999998,[-1.76591345 -2.88560609],[0.11132627 0.3522581 ],[0.54155759 0.752249  ],[ 0.2972363  -0.01557025]
4927,4.92699999999998,[-1.76580158 -2.88525308],[0.11186782 0.35301035],[0.54166269 0.7521856 ],[ 0.29729026 -0.01559816]
4928,4.92799999999998,[-1.76568917 -2.88489932],[0.11240949 0.35376253],[0.54176763 0.75212178],[ 0.29734413 -0.01562614]
4929,4.928999999999981,[-1.76557622 -2.8845448 ],[0.11295125 0.35451466],[0.54187239 0.75205755],[ 0.29739789 -0.01565417]
4930,4.929999999999981,[-1.76546273 -2.88418954],[0.11349313 0.35526671],[0.54197699 0.7519929 ],[ 0.29745155 -0.01568227]
4931,4.930999999999981,[-1.76534869 -2.88383352],[0.1140351  0.35601871],[0.54208142 0.75192783],[ 0.29750511 -0.01571043]
4932,4.931999999999982,[-1.76523412 -2.88347675],[0.11457718 0.35677063],[0.54218568 0.75186235],[ 0.29755856 -0.01573865]
4933,4.932999999999982,[-1.765119   -2.88311923],[0.11511937 0.3575225 ],[0.54228977 0.75179644],[ 0.29761191 -0.01576693]
4934,4.933999999999982,[-1.76500333 -2.88276095],[0.11566166 0.35827429],[0.54239369 0.75173011],[ 0.29766516 -0.01579527]
4935,4.934999999999983,[-1.76488713 -2.88240192],[0.11620405 0.35902602],[0.54249744 0.75166336],[ 0.29771831 -0.01582367]
4936,4.935999999999983,[-1.76477038 -2.88204215],[0.11674655 0.35977769],[0.54260102 0.75159619],[ 0.29777136 -0.01585213]
4937,4.936999999999983,[-1.76465309 -2.88168162],[0.11728915 0.36052928],[0.54270444 0.75152859],[ 0.2978243  -0.01588066]
4938,4.937999999999984,[-1.76453526 -2.88132034],[0.11783186 0.36128081],[0.54280768 0.75146057],[ 0.29787714 -0.01590924]
4939,4.938999999999984,[-1.76441689 -2.8809583 ],[0.11837466 0.36203227],[0.54291076 0.75139213],[ 0.29792988 -0.01593789]
4940,4.939999999999984,[-1.76429797 -2.88059552],[0.11891757 0.36278366],[0.54301367 0.75132326],[ 0.29798251 -0.0159666 ]
4941,4.940999999999985,[-1.76417851 -2.88023199],[0.11946059 0.36353499],[0.54311641 0.75125397],[ 0.29803505 -0.01599536]
4942,4.941999999999985,[-1.76405851 -2.8798677 ],[0.12000371 0.36428624],[0.54321898 0.75118425],[ 0.29808748 -0.01602419]
4943,4.942999999999985,[-1.76393796 -2.87950266],[0.12054692 0.36503743],[0.54332138 0.7511141 ],[ 0.2981398  -0.01605308]
4944,4.943999999999986,[-1.76381687 -2.87913687],[0.12109025 0.36578854],[0.54342361 0.75104353],[ 0.29819203 -0.01608203]
4945,4.944999999999986,[-1.76369524 -2.87877033],[0.12163367 0.36653958],[0.54352568 0.75097253],[ 0.29824415 -0.01611104]
4946,4.945999999999986,[-1.76357306 -2.87840304],[0.12217719 0.36729056],[0.54362757 0.7509011 ],[ 0.29829617 -0.01614012]
4947,4.946999999999987,[-1.76345034 -2.878035  ],[0.12272082 0.36804146],[0.5437293  0.75082923],[ 0.29834809 -0.01616925]
4948,4.947999999999987,[-1.76332707 -2.87766621],[0.12326455 0.36879229],[0.54383086 0.75075694],[ 0.2983999  -0.01619844]
4949,4.948999999999987,[-1.76320326 -2.87729667],[0.12380838 0.36954304],[0.54393225 0.75068422],[ 0.29845162 -0.0162277 ]
4950,4.949999999999988,[-1.76307891 -2.87692637],[0.12435231 0.37029373],[0.54403347 0.75061106],[ 0.29850322 -0.01625701]
4951,4.950999999999988,[-1.76295402 -2.87655533],[0.12489635 0.37104434],[0.54413452 0.75053747],[ 0.29855473 -0.01628639]
4952,4.951999999999988,[-1.76282858 -2.87618353],[0.12544048 0.37179488],[0.54423541 0.75046345],[ 0.29860613 -0.01631582]
4953,4.952999999999989,[-1.76270259 -2.87581099],[0.12598472 0.37254534],[0.54433612 0.75038899],[ 0.29865743 -0.01634532]
4954,4.953999999999989,[-1.76257606 -2.87543769],[0.12652905 0.37329573],[0.54443667 0.7503141 ],[ 0.29870863 -0.01637487]
4955,4.954999999999989,[-1.76244899 -2.87506365],[0.12707349 0.37404604],[0.54453705 0.75023878],[ 0.29875973 -0.01640449]
4956,4.95599999999999,[-1.76232137 -2.87468885],[0.12761803 0.37479628],[0.54463726 0.75016301],[ 0.29881072 -0.01643417]
4957,4.95699999999999,[-1.76219321 -2.8743133 ],[0.12816267 0.37554644],[0.5447373  0.75008681],[ 0.29886161 -0.01646391]
4958,4.95799999999999,[-1.7620645  -2.87393701],[0.1287074  0.37629653],[0.54483717 0.75001017],[ 0.29891239 -0.01649371]
4959,4.958999999999991,[-1.76193525 -2.87355996],[0.12925224 0.37704654],[0.54493687 0.74993309],[ 0.29896308 -0.01652357]
4960,4.959999999999991,[-1.76180545 -2.87318216],[0.12979718 0.37779647],[0.54503641 0.74985558],[ 0.29901366 -0.01655349]
4961,4.960999999999991,[-1.76167511 -2.87280362],[0.13034221 0.37854633],[0.54513578 0.74977762],[ 0.29906414 -0.01658347]
4962,4.961999999999992,[-1.76154422 -2.87242432],[0.13088735 0.37929611],[0.54523497 0.74969922],[ 0.29911451 -0.01661351]
4963,4.962999999999992,[-1.76141279 -2.87204428],[0.13143258 0.38004581],[0.545334   0.74962038],[ 0.29916478 -0.01664361]
4964,4.963999999999992,[-1.76128081 -2.87166348],[0.13197792 0.38079543],[0.54543286 0.7495411 ],[ 0.29921495 -0.01667377]
4965,4.964999999999993,[-1.76114829 -2.87128194],[0.13252335 0.38154497],[0.54553155 0.74946137],[ 0.29926502 -0.01670399]
4966,4.965999999999993,[-1.76101522 -2.87089964],[0.13306888 0.38229443],[0.54563008 0.7493812 ],[ 0.29931498 -0.01673427]
4967,4.966999999999993,[-1.7608816 -2.8705166],[0.13361451 0.38304381],[0.54572843 0.74930058],[ 0.29936484 -0.01676462]
4968,4.967999999999994,[-1.76074744 -2.8701328 ],[0.13416024 0.38379311],[0.54582662 0.74921952],[ 0.29941459 -0.01679502]
4969,4.968999999999994,[-1.76061274 -2.86974826],[0.13470607 0.38454233],[0.54592464 0.74913802],[ 0.29946424 -0.01682548]
4970,4.969999999999994,[-1.76047749 -2.86936297],[0.13525199 0.38529147],[0.54602249 0.74905606],[ 0.29951379 -0.016856  ]
4971,4.970999999999995,[-1.76034169 -2.86897693],[0.13579801 0.38604052],[0.54612017 0.74897366],[ 0.29956324 -0.01688659]
4972,4.971999999999995,[-1.76020534 -2.86859014],[0.13634413 0.3867895 ],[0.54621768 0.74889081],[ 0.29961258 -0.01691723]
4973,4.972999999999995,[-1.76006845 -2.8682026 ],[0.13689035 0.38753839],[0.54631502 0.74880751],[ 0.29966182 -0.01694793]
4974,4.973999999999996,[-1.75993102 -2.86781432],[0.13743667 0.3882872 ],[0.5464122  0.74872376],[ 0.29971096 -0.0169787 ]
4975,4.974999999999996,[-1.75979303 -2.86742528],[0.13798308 0.38903592],[0.54650921 0.74863955],[ 0.29975999 -0.01700952]
4976,4.975999999999996,[-1.7596545  -2.86703549],[0.13852959 0.38978456],[0.54660604 0.7485549 ],[ 0.29980892 -0.0170404 ]
4977,4.976999999999997,[-1.75951543 -2.86664496],[0.13907619 0.39053312],[0.54670271 0.74846979],[ 0.29985775 -0.01707135]
4978,4.977999999999997,[-1.7593758  -2.86625368],[0.1396229  0.39128158],[0.54679922 0.74838423],[ 0.29990647 -0.01710235]
4979,4.978999999999997,[-1.75923563 -2.86586165],[0.1401697  0.39202997],[0.54689555 0.74829822],[ 0.29995509 -0.01713341]
4980,4.979999999999998,[-1.75909492 -2.86546887],[0.14071659 0.39277827],[0.54699171 0.74821175],[ 0.30000361 -0.01716453]
4981,4.980999999999998,[-1.75895365 -2.86507535],[0.14126358 0.39352648],[0.54708771 0.74812482],[ 0.30005202 -0.01719572]
4982,4.981999999999998,[-1.75881184 -2.86468107],[0.14181067 0.3942746 ],[0.54718354 0.74803744],[ 0.30010033 -0.01722696]
4983,4.982999999999999,[-1.75866949 -2.86428605],[0.14235786 0.39502264],[0.5472792 0.7479496],[ 0.30014854 -0.01725826]
4984,4.983999999999999,[-1.75852658 -2.86389028],[0.14290513 0.39577059],[0.54737469 0.7478613 ],[ 0.30019664 -0.01728963]
4985,4.984999999999999,[-1.75838313 -2.86349376],[0.14345251 0.39651845],[0.54747001 0.74777254],[ 0.30024464 -0.01732105]
4986,4.986,[-1.75823913 -2.86309649],[0.14399998 0.39726622],[0.54756517 0.74768332],[ 0.30029253 -0.01735253]
4987,4.987,[-1.75809458 -2.86269848],[0.14454754 0.39801391],[0.54766015 0.74759364],[ 0.30034033 -0.01738407]
4988,4.988,[-1.75794949 -2.86229972],[0.1450952 0.3987615],[0.54775497 0.7475035 ],[ 0.30038802 -0.01741567]
4989,4.989000000000001,[-1.75780384 -2.86190021],[0.14564296 0.39950901],[0.54784962 0.7474129 ],[ 0.3004356  -0.01744733]
4990,4.990000000000001,[-1.75765765 -2.86149995],[0.14619081 0.40025642],[0.5479441  0.74732183],[ 0.30048308 -0.01747905]
4991,4.991000000000001,[-1.75751091 -2.86109895],[0.14673875 0.40100374],[0.54803842 0.7472303 ],[ 0.30053046 -0.01751083]
4992,4.992000000000002,[-1.75736363 -2.8606972 ],[0.14728679 0.40175097],[0.54813256 0.74713831],[ 0.30057773 -0.01754267]
4993,4.993000000000002,[-1.75721579 -2.8602947 ],[0.14783492 0.40249811],[0.54822654 0.74704585],[ 0.3006249  -0.01757457]
4994,4.994000000000002,[-1.75706741 -2.85989145],[0.14838315 0.40324515],[0.54832034 0.74695292],[ 0.30067197 -0.01760653]
4995,4.995000000000003,[-1.75691848 -2.85948746],[0.14893147 0.40399211],[0.54841398 0.74685952],[ 0.30071893 -0.01763855]
4996,4.996000000000003,[-1.756769   -2.85908272],[0.14947988 0.40473897],[0.54850746 0.74676566],[ 0.30076579 -0.01767063]
4997,4.997000000000003,[-1.75661897 -2.85867724],[0.15002839 0.40548573],[0.54860076 0.74667133],[ 0.30081255 -0.01770277]
4998,4.998000000000004,[-1.75646839 -2.858271  ],[0.15057699 0.4062324 ],[0.5486939  0.74657652],[ 0.3008592  -0.01773496]
4999,4.999000000000004,[-1.75631727 -2.85786403],[0.15112569 0.40697898],[0.54878686 0.74648125],[ 0.30090574 -0.01776722]
