,time,qpos,qvel,qacc,ctrl
0,0.0,[0. 0.],[0. 0.],[  4.87502005 285.77790603],[0.21022371 0.32959247]
1,0.001,[4.87502005e-06 2.85777906e-04],[0.00487502 0.28577791],[  4.65548306 271.80338963],[0.21008596 0.31333996]
2,0.002,[1.44055232e-05 8.43359202e-04],[0.0095305 0.5575813],[  4.44431402 258.36128549],[0.20995796 0.29773003]
3,0.003,[2.83803403e-05 1.65930178e-03],[0.01397482 0.81594258],[  4.24119621 245.43194016],[0.2098393  0.28273877]
4,0.004,[4.65963536e-05 2.72067630e-03],[0.01821601 1.06137452],[  4.04582168 232.99640077],[0.2097296  0.26834314]
5,0.005,[6.88581886e-05 4.01504723e-03],[0.02226184 1.29437092],[  3.85789211 221.03639935],[0.2096285  0.25452094]
6,0.006,[9.49779158e-05 5.53045455e-03],[0.02611973 1.51540732],[  3.67711938 209.53433547],[0.20953564 0.24125079]
7,0.007,[0.00012477 0.0072554 ],[0.02979685 1.72494166],[  3.50322597 198.4732576 ],[0.20945068 0.22851212]
8,0.008,[0.00015807 0.00917881],[0.03330007 1.92341491],[  3.3359451  187.83684362],[0.20937329 0.21628509]
9,0.009000000000000001,[0.00019471 0.01129006],[0.03663602 2.11125176],[  3.17502077 177.60938068],[0.20930317 0.20455061]
10,0.010000000000000002,[0.00023452 0.01357892],[0.03981104 2.28886114],[  3.02020769 167.77574485],[0.20924001 0.19329028]
11,0.011000000000000003,[0.00027735 0.01603556],[0.04283125 2.45663688],[  2.87127106 158.3213806 ],[0.20918351 0.18248639]
12,0.012000000000000004,[0.00032306 0.01865052],[0.04570252 2.61495826],[  2.72798635 149.2322804 ],[0.20913341 0.17212188]
13,0.013000000000000005,[0.00037149 0.02141471],[0.0484305  2.76419054],[  2.59013898 140.49496453],[0.20908944 0.16218032]
14,0.014000000000000005,[0.00042251 0.0243194 ],[0.05102064 2.90468551],[  2.45752393 132.09646121],[0.20905133 0.15264586]
15,0.015000000000000006,[0.00047598 0.02735618],[0.05347817 3.03678197],[  2.32994542 124.02428721],[0.20901883 0.14350326]
16,0.016000000000000007,[0.00053179 0.03051698],[0.05580811 3.16080626],[  2.20721647 116.26642887],[0.20899172 0.13473783]
17,0.017000000000000008,[0.00058981 0.03379406],[0.05801533 3.27707269],[  2.0891585 108.8113237],[0.20896975 0.12633542]
18,0.01800000000000001,[0.00064991 0.03717994],[0.06010449 3.38588401],[  1.97560091 101.64784261],[0.20895272 0.11828238]
19,0.01900000000000001,[0.00071199 0.04066747],[0.06208009 3.48753185],[ 1.86638072 94.76527268],[0.20894039 0.11056558]
20,0.02000000000000001,[0.00077594 0.04424977],[0.06394647 3.58229713],[ 1.7613421  88.15330052],[0.20893258 0.10317236]
21,0.02100000000000001,[0.00084165 0.04792022],[0.06570781 3.67045043],[ 1.66033604 81.80199638],[0.20892907 0.09609052]
22,0.022000000000000013,[0.00090902 0.05167247],[0.06736815 3.75225242],[ 1.56321992 75.70179877],[0.20892969 0.0893083 ]
23,0.023000000000000013,[0.00097795 0.05550043],[0.06893137 3.82795422],[ 1.46985719 69.84349973],[0.20893424 0.08281439]
24,0.024000000000000014,[0.00104835 0.05939822],[0.07040122 3.89779772],[ 1.38011702 64.21823074],[0.20894254 0.07659788]
25,0.025000000000000015,[0.00112013 0.06336024],[0.07178134 3.96201595],[ 1.29387394 58.81744923],[0.20895443 0.07064823]
26,0.026000000000000016,[0.0011932  0.06738107],[0.07307521 4.0208334 ],[ 1.21100755 53.6329256 ],[0.20896974 0.06495533]
27,0.027000000000000017,[0.00126749 0.07145554],[0.07428622 4.07446633],[ 1.13140222 48.65673089],[0.2089883 0.0595094]
28,0.028000000000000018,[0.00134291 0.07557866],[0.07541762 4.12312306],[ 1.05494683 43.88122494],[0.20900997 0.05430103]
29,0.02900000000000002,[0.00141938 0.07974567],[0.07647257 4.16700428],[ 0.9815345  39.29904513],[0.2090346  0.04932115]
30,0.03000000000000002,[0.00149684 0.08395197],[0.07745411 4.20630333],[ 0.91106233 34.90309553],[0.20906203 0.04456103]
31,0.03100000000000002,[0.0015752  0.08819318],[0.07836517 4.24120642],[ 0.8434312  30.68653665],[0.20909213 0.04001224]
32,0.03200000000000002,[0.00165441 0.09246507],[0.0792086  4.27189296],[ 0.77854555 26.64277553],[0.20912477 0.03566667]
33,0.03300000000000002,[0.0017344  0.09676361],[0.07998714 4.29853574],[ 0.7163132  22.76545639],[0.20915981 0.03151649]
34,0.03400000000000002,[0.0018151  0.10108491],[0.08070346 4.32130119],[ 0.65664513 19.0484516 ],[0.20919712 0.02755417]
35,0.035000000000000024,[0.00189646 0.10542526],[0.0813601  4.34034964],[ 0.59945537 15.48585309],[0.2092366  0.02377245]
36,0.036000000000000025,[0.00197842 0.10978109],[0.08195956 4.3558355 ],[ 0.5446608  12.07196417],[0.20927811 0.02016432]
37,0.037000000000000026,[0.00206092 0.114149  ],[0.08250422 4.36790746],[0.49218101 8.80129163],[0.20932155 0.01672305]
38,0.03800000000000003,[0.00214392 0.11852571],[0.0829964  4.37670875],[0.44193819 5.66853827],[0.2093668  0.01344214]
39,0.03900000000000003,[0.00222736 0.12290809],[0.08343834 4.38237729],[0.39385701 2.66859568],[0.20941376 0.01031533]
40,0.04000000000000003,[0.00231119 0.12729313],[0.0838322  4.38504589],[ 0.34786449 -0.20346261],[0.20946232 0.00733659]
41,0.04100000000000003,[0.00239537 0.13167797],[0.08418006 4.38484242],[ 0.30388989 -2.95238775],[0.20951239 0.00450012]
42,0.04200000000000003,[0.00247985 0.13605986],[0.08448395 4.38189004],[ 0.26186465 -5.58276183],[0.20956386 0.0018003 ]
43,0.04300000000000003,[0.0025646  0.14043617],[0.08474581 4.37630727],[ 0.22172227 -8.09900402],[ 0.20961666 -0.00076824]
44,0.04400000000000003,[0.00264957 0.14480438],[0.08496754 4.36820827],[  0.18339824 -10.50537629],[ 0.20967068 -0.0032107 ]
45,0.04500000000000003,[0.00273472 0.14916208],[0.08515094 4.35770289],[  0.14682995 -12.80598903],[ 0.20972583 -0.00553208]
46,0.046000000000000034,[0.00282002 0.15350698],[0.08529776 4.3448969 ],[  0.11195667 -15.00480636],[ 0.20978205 -0.0077372 ]
47,0.047000000000000035,[0.00290543 0.15783687],[0.08540972 4.3298921 ],[  0.07871943 -17.10565133],[ 0.20983924 -0.0098307 ]
48,0.048000000000000036,[0.00299091 0.16214966],[0.08548844 4.31278645],[  0.04706096 -19.11221077],[ 0.20989732 -0.01181704]
49,0.04900000000000004,[0.00307645 0.16644333],[0.0855355  4.29367424],[ 1.69257052e-02 -2.10280401e+01],[ 0.20995623 -0.01370054]
50,0.05000000000000004,[0.003162   0.17071598],[0.08555243 4.2726462 ],[-1.1740319e-02 -2.2856568e+01],[ 0.21001588 -0.01548533]
51,0.05100000000000004,[0.00324754 0.17496577],[0.08554069 4.24978963],[ -0.03898951 -24.60110038],[ 0.21007621 -0.0171754 ]
52,0.05200000000000004,[0.00333304 0.17919096],[0.0855017  4.22518853],[ -0.06487275 -26.26482528],[ 0.21013715 -0.01877459]
53,0.05300000000000004,[0.00341848 0.18338988],[0.08543683 4.1989237 ],[ -0.08943945 -27.85081639],[ 0.21019864 -0.0202866 ]
54,0.05400000000000004,[0.00350383 0.18756095],[0.08534739 4.17107289],[ -0.11273758 -29.36203722],[ 0.21026061 -0.02171499]
55,0.05500000000000004,[0.00358906 0.19170266],[0.08523465 4.14171085],[ -0.13481369 -30.80134487],[ 0.210323   -0.02306318]
56,0.05600000000000004,[0.00367416 0.19581357],[0.08509983 4.1109095 ],[ -0.15571301 -32.17149364],[ 0.21038575 -0.02433447]
57,0.057000000000000044,[0.00375911 0.19989231],[0.08494412 4.07873801],[ -0.17547941 -33.47513862],[ 0.21044881 -0.02553204]
58,0.058000000000000045,[0.00384388 0.20393757],[0.08476864 4.04526287],[ -0.19415546 -34.71483903],[ 0.21051212 -0.02665894]
59,0.059000000000000045,[0.00392845 0.20794812],[0.08457449 4.01054803],[ -0.2117825  -35.89306156],[ 0.21057563 -0.0277181 ]
60,0.060000000000000046,[0.00401281 0.21192278],[0.0843627  3.97465497],[ -0.2284006  -37.01218351],[ 0.21063929 -0.02871236]
61,0.06100000000000005,[0.00409695 0.21586042],[0.0841343  3.93764279],[ -0.24404864 -38.07449588],[ 0.21070305 -0.02964443]
62,0.06200000000000005,[0.00418084 0.21975999],[0.08389025 3.89956829],[ -0.25876434 -39.08220631],[ 0.21076686 -0.03051694]
63,0.06300000000000004,[0.00426447 0.22362047],[0.08363149 3.86048609],[ -0.27258426 -40.03744198],[ 0.21083069 -0.0313324 ]
64,0.06400000000000004,[0.00434783 0.22744092],[0.08335891 3.82044864],[ -0.28554382 -40.94225235],[ 0.21089448 -0.03209323]
65,0.06500000000000004,[0.0044309  0.23122043],[0.08307336 3.77950639],[ -0.29767738 -41.79861186],[ 0.21095819 -0.03280177]
66,0.06600000000000004,[0.00451368 0.23495814],[0.08277569 3.73770778],[ -0.3090182  -42.60842248],[ 0.21102179 -0.03346024]
67,0.06700000000000005,[0.00459614 0.23865324],[0.08246667 3.69509936],[ -0.31959852 -43.37351626],[ 0.21108524 -0.03407082]
68,0.06800000000000005,[0.00467829 0.24230496],[0.08214707 3.65172584],[ -0.32944954 -44.09565773],[ 0.2111485  -0.03463557]
69,0.06900000000000005,[0.00476011 0.24591259],[0.08181762 3.60763018],[ -0.33860149 -44.77654625],[ 0.21121154 -0.03515648]
70,0.07000000000000005,[0.00484159 0.24947545],[0.08147902 3.56285364],[ -0.34708359 -45.41781826],[ 0.21127431 -0.03563547]
71,0.07100000000000005,[0.00492272 0.25299288],[0.08113193 3.51743582],[ -0.35492414 -46.02104949],[ 0.2113368  -0.03607439]
72,0.07200000000000005,[0.0050035 0.2564643],[0.08077701 3.47141477],[ -0.36215051 -46.58775707],[ 0.21139896 -0.03647499]
73,0.07300000000000005,[0.00508391 0.25988912],[0.08041486 3.42482701],[ -0.36878917 -47.1194016 ],[ 0.21146078 -0.03683899]
74,0.07400000000000005,[0.00516396 0.26326683],[0.08004607 3.37770761],[ -0.37486569 -47.61738911],[ 0.21152221 -0.03716802]
75,0.07500000000000005,[0.00524363 0.26659692],[0.0796712  3.33009022],[ -0.38040481 -48.08307299],[ 0.21158324 -0.03746365]
76,0.07600000000000005,[0.00532292 0.26987893],[0.0792908  3.28200715],[ -0.3854304  -48.51775584],[ 0.21164384 -0.0377274 ]
77,0.07700000000000005,[0.00540183 0.27311242],[0.07890537 3.23348939],[ -0.38996553 -48.9226913 ],[ 0.21170398 -0.03796071]
78,0.07800000000000006,[0.00548034 0.27629698],[0.0785154 3.1845667],[ -0.39403248 -49.29908574],[ 0.21176364 -0.03816498]
79,0.07900000000000006,[0.00555846 0.27943225],[0.07812137 3.13526761],[ -0.39765275 -49.64809997],[ 0.2118228  -0.03834156]
80,0.08000000000000006,[0.00563619 0.28251787],[0.07772372 3.08561951],[ -0.40084709 -49.97085086],[ 0.21188143 -0.03849173]
81,0.08100000000000006,[0.00571351 0.28555352],[0.07732287 3.03564866],[ -0.4036355 -50.2684129],[ 0.21193952 -0.03861673]
82,0.08200000000000006,[0.00579043 0.2885389 ],[0.07691924 2.98538025],[ -0.40603728 -50.54181975],[ 0.21199704 -0.03871775]
83,0.08300000000000006,[0.00586694 0.29147374],[0.0765132  2.93483843],[ -0.40807103 -50.79206566],[ 0.21205398 -0.03879593]
84,0.08400000000000006,[0.00594305 0.29435779],[0.07610513 2.88404637],[ -0.40975469 -51.02010695],[ 0.21211032 -0.03885237]
85,0.08500000000000006,[0.00601874 0.29719081],[0.07569537 2.83302626],[ -0.41110552 -51.22686333],[ 0.21216604 -0.03888812]
86,0.08600000000000006,[0.00609403 0.29997261],[0.07528427 2.7817994 ],[ -0.41214014 -51.41321926],[ 0.21222112 -0.0389042 ]
87,0.08700000000000006,[0.0061689 0.302703 ],[0.07487213 2.73038618],[ -0.41287458 -51.58002522],[ 0.21227556 -0.03890157]
88,0.08800000000000006,[0.00624336 0.3053818 ],[0.07445925 2.67880615],[ -0.41332424 -51.72809895],[ 0.21232933 -0.03888117]
89,0.08900000000000007,[0.0063174  0.30800888],[0.07404593 2.62707805],[ -0.41350394 -51.85822665],[ 0.21238242 -0.0388439 ]
90,0.09000000000000007,[0.00639104 0.3105841 ],[0.07363242 2.57521983],[ -0.41342794 -51.97116412],[ 0.21243483 -0.03879062]
91,0.09100000000000007,[0.00646425 0.31310735],[0.073219   2.52324866],[ -0.41310995 -52.06763792],[ 0.21248653 -0.03872214]
92,0.09200000000000007,[0.00653706 0.31557853],[0.07280589 2.47118102],[ -0.41256314 -52.14834639],[ 0.21253752 -0.03863928]
93,0.09300000000000007,[0.00660945 0.31799756],[0.07239332 2.41903268],[ -0.41180016 -52.21396075],[ 0.21258778 -0.03854278]
94,0.09400000000000007,[0.00668144 0.32036438],[0.07198152 2.36681872],[ -0.41083317 -52.26512606],[ 0.2126373  -0.03843337]
95,0.09500000000000007,[0.00675301 0.32267894],[0.07157069 2.31455359],[ -0.40967384 -52.3024622 ],[ 0.21268608 -0.03831177]
96,0.09600000000000007,[0.00682417 0.32494119],[0.07116102 2.26225113],[ -0.40833336 -52.32656484],[ 0.2127341  -0.03817864]
97,0.09700000000000007,[0.00689492 0.32715111],[0.07075268 2.20992456],[ -0.40682246 -52.3380063 ],[ 0.21278136 -0.03803463]
98,0.09800000000000007,[0.00696527 0.3293087 ],[0.07034586 2.15758656],[ -0.40515146 -52.33733646],[ 0.21282785 -0.03788035]
99,0.09900000000000007,[0.00703521 0.33141395],[0.06994071 2.10524922],[ -0.40333022 -52.32508357],[ 0.21287355 -0.03771641]
100,0.10000000000000007,[0.00710474 0.33346687],[0.06953738 2.05292414],[ -0.4013682  -52.30175507],[ 0.21291847 -0.03754337]
101,0.10100000000000008,[0.00717388 0.33546749],[0.06913601 2.00062238],[ -0.39927445 -52.26783841],[ 0.2129626  -0.03736178]
102,0.10200000000000008,[0.00724262 0.33741585],[0.06873674 1.94835454],[ -0.39705766 -52.22380175],[ 0.21300592 -0.03717217]
103,0.10300000000000008,[0.00731096 0.33931198],[0.06833968 1.89613074],[ -0.39472611 -52.17009472],[ 0.21304844 -0.03697504]
104,0.10400000000000008,[0.0073789  0.34115594],[0.06794495 1.84396065],[ -0.39228775 -52.10714913],[ 0.21309015 -0.03677087]
105,0.10500000000000008,[0.00744645 0.34294779],[0.06755266 1.7918535 ],[ -0.38975016 -52.03537961],[ 0.21313104 -0.03656013]
106,0.10600000000000008,[0.00751362 0.34468761],[0.06716291 1.73981812],[ -0.3871206  -51.95518432],[ 0.21317111 -0.03634326]
107,0.10700000000000008,[0.00758039 0.34637547],[0.06677579 1.68786293],[ -0.38440598 -51.86694552],[ 0.21321036 -0.03612069]
108,0.10800000000000008,[0.00764678 0.34801147],[0.06639139 1.63599599],[ -0.38161293 -51.77103021],[ 0.21324877 -0.03589283]
109,0.10900000000000008,[0.00771279 0.3495957 ],[0.06600977 1.58422496],[ -0.37874774 -51.66779072],[ 0.21328635 -0.03566006]
110,0.11000000000000008,[0.00777842 0.35112825],[0.06563103 1.53255717],[ -0.37581644 -51.55756524],[ 0.21332309 -0.03542277]
111,0.11100000000000008,[0.00784368 0.35260925],[0.06525521 1.4809996 ],[ -0.37282476 -51.4406784 ],[ 0.213359   -0.03518132]
112,0.11200000000000009,[0.00790856 0.35403881],[0.06488239 1.42955892],[ -0.36977816 -51.31744178],[ 0.21339406 -0.03493604]
113,0.11300000000000009,[0.00797307 0.35541705],[0.06451261 1.37824148],[ -0.36668184 -51.18815439],[ 0.21342827 -0.03468728]
114,0.11400000000000009,[0.00803722 0.35674411],[0.06414593 1.32705333],[ -0.36354074 -51.0531032 ],[ 0.21346164 -0.03443535]
115,0.11500000000000009,[0.008101   0.35802011],[0.06378238 1.27600022],[ -0.36035957 -50.91256354],[ 0.21349416 -0.03418055]
116,0.11600000000000009,[0.00816442 0.35924519],[0.06342203 1.22508766],[ -0.3571428  -50.76679964],[ 0.21352582 -0.03392317]
117,0.11700000000000009,[0.00822749 0.36041951],[0.06306488 1.17432086],[ -0.35389466 -50.61606498],[ 0.21355664 -0.0336635 ]
118,0.11800000000000009,[0.0082902  0.36154322],[0.06271099 1.1237048 ],[ -0.35061917 -50.46060274],[ 0.2135866 -0.0334018]
119,0.11900000000000009,[0.00835256 0.36261646],[0.06236037 1.07324419],[ -0.34732016 -50.30064622],[ 0.2136157  -0.03313833]
120,0.12000000000000009,[0.00841457 0.36363941],[0.06201305 1.02294355],[ -0.34400124 -50.13641919],[ 0.21364395 -0.03287334]
121,0.1210000000000001,[0.00847624 0.36461221],[0.06166905 0.97280713],[ -0.34066581 -49.96813629],[ 0.21367133 -0.03260705]
122,0.1220000000000001,[0.00853757 0.36553505],[0.06132838 0.92283899],[ -0.33731712 -49.79600337],[ 0.21369786 -0.0323397 ]
123,0.1230000000000001,[0.00859856 0.3664081 ],[0.06099106 0.87304299],[ -0.33395821 -49.62021783],[ 0.21372354 -0.03207149]
124,0.1240000000000001,[0.00865922 0.36723152],[0.06065711 0.82342277],[ -0.33059196 -49.44096897],[ 0.21374835 -0.03180265]
125,0.12500000000000008,[0.00871955 0.3680055 ],[0.06032651 0.7739818 ],[ -0.32722108 -49.25843831],[ 0.2137723  -0.03153336]
126,0.12600000000000008,[0.00877955 0.36873022],[0.05999929 0.72472336],[ -0.32384813 -49.07279987],[ 0.2137954  -0.03126382]
127,0.12700000000000009,[0.00883922 0.36940587],[0.05967545 0.67565056],[ -0.3204755  -48.88422048],[ 0.21381764 -0.0309942 ]
128,0.12800000000000009,[0.00889858 0.37003264],[0.05935497 0.62676634],[ -0.31710544 -48.69286008],[ 0.21383901 -0.03072468]
129,0.1290000000000001,[0.00895761 0.37061071],[0.05903786 0.57807348],[ -0.31374006 -48.49887195],[ 0.21385953 -0.03045543]
130,0.1300000000000001,[0.00901634 0.37114029],[0.05872412 0.52957461],[ -0.31038134 -48.30240303],[ 0.21387919 -0.0301866 ]
131,0.1310000000000001,[0.00907475 0.37162156],[0.05841374 0.48127221],[ -0.30703112 -48.10359412],[ 0.213898   -0.02991835]
132,0.1320000000000001,[0.00913286 0.37205473],[0.05810671 0.43316861],[ -0.30369111 -47.90258015],[ 0.21391594 -0.02965082]
133,0.1330000000000001,[0.00919066 0.37244   ],[0.05780302 0.38526603],[ -0.30036292 -47.6994904 ],[ 0.21393303 -0.02938415]
134,0.1340000000000001,[0.00924816 0.37277756],[0.05750266 0.33756654],[ -0.29704803 -47.49444875],[ 0.21394927 -0.02911849]
135,0.1350000000000001,[0.00930537 0.37306763],[0.05720561 0.29007209],[ -0.2937478  -47.28757387],[ 0.21396465 -0.02885394]
136,0.1360000000000001,[0.00936228 0.37331042],[0.05691186 0.24278452],[ -0.29046351 -47.07897941],[ 0.21397918 -0.02859064]
137,0.1370000000000001,[0.0094189  0.37350612],[0.0566214  0.19570554],[ -0.28719631 -46.86877427],[ 0.21399285 -0.0283287 ]
138,0.1380000000000001,[0.00947524 0.37365496],[0.0563342  0.14883677],[ -0.28394728 -46.65706271],[ 0.21400568 -0.02806823]
139,0.1390000000000001,[0.00953129 0.37375714],[0.05605025 0.1021797 ],[ -0.28071739 -46.44394458],[ 0.21401765 -0.02780934]
140,0.1400000000000001,[0.00958706 0.37381288],[0.05576954 0.05573576],[ -0.27750752 -46.22951549],[ 0.21402878 -0.02755213]
141,0.1410000000000001,[0.00964255 0.37382238],[0.05549203 0.00950624],[ -0.27431847 -46.01386698],[ 0.21403906 -0.0272967 ]
142,0.1420000000000001,[0.00969777 0.37378588],[ 0.05521771 -0.03650762],[ -0.27115096 -45.79708668],[ 0.21404849 -0.02704315]
143,0.1430000000000001,[0.00975271 0.37370357],[ 0.05494656 -0.08230471],[ -0.26800563 -45.57925846],[ 0.21405707 -0.02679155]
144,0.1440000000000001,[0.00980739 0.37357569],[ 0.05467855 -0.12788397],[ -0.26488305 -45.36046261],[ 0.21406482 -0.026542  ]
145,0.1450000000000001,[0.00986181 0.37340244],[ 0.05441367 -0.17324443],[ -0.26178369 -45.14077594],[ 0.21407172 -0.02629457]
146,0.1460000000000001,[0.00991596 0.37318406],[ 0.05415189 -0.21838521],[ -0.25870801 -44.92027197],[ 0.21407778 -0.02604935]
147,0.1470000000000001,[0.00996985 0.37292075],[ 0.05389318 -0.26330548],[ -0.25565634 -44.69902103],[ 0.214083  -0.0258064]
148,0.1480000000000001,[0.01002349 0.37261275],[ 0.05363752 -0.3080045 ],[ -0.25262899 -44.47709039],[ 0.21408738 -0.0255658 ]
149,0.1490000000000001,[0.01007687 0.37226027],[ 0.05338489 -0.35248159],[ -0.2496262 -44.2545444],[ 0.21409093 -0.02532762]
150,0.1500000000000001,[0.01013001 0.37186353],[ 0.05313527 -0.39673613],[ -0.24664814 -44.03144461],[ 0.21409364 -0.02509191]
151,0.1510000000000001,[0.0101829  0.37142276],[ 0.05288862 -0.44076758],[ -0.24369496 -43.80784987],[ 0.21409552 -0.02485874]
152,0.1520000000000001,[0.01023554 0.37093819],[ 0.05264493 -0.48457543],[ -0.24076671 -43.58381644],[ 0.21409656 -0.02462817]
153,0.1530000000000001,[0.01028795 0.37041003],[ 0.05240416 -0.52815925],[ -0.23786344 -43.35939811],[ 0.21409678 -0.02440026]
154,0.1540000000000001,[0.01034011 0.36983851],[ 0.0521663  -0.57151864],[ -0.23498512 -43.1346463 ],[ 0.21409617 -0.02417504]
155,0.1550000000000001,[0.01039204 0.36922386],[ 0.05193131 -0.61465329],[ -0.23213169 -42.90961015],[ 0.21409473 -0.02395259]
156,0.1560000000000001,[0.01044374 0.36856629],[ 0.05169918 -0.6575629 ],[ -0.22930304 -42.68433659],[ 0.21409246 -0.02373294]
157,0.1570000000000001,[0.01049521 0.36786605],[ 0.05146988 -0.70024724],[ -0.22649903 -42.4588705 ],[ 0.21408938 -0.02351614]
158,0.1580000000000001,[0.01054646 0.36712334],[ 0.05124338 -0.74270611],[ -0.22371947 -42.23325473],[ 0.21408546 -0.02330224]
159,0.1590000000000001,[0.01059748 0.3663384 ],[ 0.05101966 -0.78493936],[ -0.22096415 -42.00753019],[ 0.21408073 -0.02309127]
160,0.16000000000000011,[0.01064827 0.36551145],[ 0.05079869 -0.82694689],[ -0.21823282 -41.78173599],[ 0.21407518 -0.02288327]
161,0.16100000000000012,[0.01069885 0.36464272],[ 0.05058046 -0.86872863],[ -0.21552518 -41.55590942],[ 0.21406882 -0.02267829]
162,0.16200000000000012,[0.01074922 0.36373244],[ 0.05036493 -0.91028454],[ -0.21284093 -41.33008612],[ 0.21406163 -0.02247635]
163,0.16300000000000012,[0.01079937 0.36278083],[ 0.05015209 -0.95161462],[ -0.21017971 -41.10430008],[ 0.21405363 -0.0222775 ]
164,0.16400000000000012,[0.01084931 0.36178811],[ 0.04994191 -0.99271892],[ -0.20754116 -40.87858376],[ 0.21404482 -0.02208175]
165,0.16500000000000012,[0.01089905 0.36075451],[ 0.04973437 -1.03359751],[ -0.20492488 -40.65296812],[ 0.2140352  -0.02188915]
166,0.16600000000000012,[0.01094858 0.35968026],[ 0.04952945 -1.07425048],[ -0.20233044 -40.42748269],[ 0.21402477 -0.02169973]
167,0.16700000000000012,[0.0109979  0.35856558],[ 0.04932712 -1.11467796],[ -0.19975741 -40.20215563],[ 0.21401352 -0.0215135 ]
168,0.16800000000000012,[0.01104703 0.3574107 ],[ 0.04912736 -1.15488011],[ -0.19720532 -39.97701382],[ 0.21400148 -0.0213305 ]
169,0.16900000000000012,[0.01109596 0.35621584],[ 0.04893015 -1.19485713],[ -0.19467369 -39.75208287],[ 0.21398862 -0.02115074]
170,0.17000000000000012,[0.0111447  0.35498123],[ 0.04873548 -1.23460921],[ -0.19216201 -39.5273872 ],[ 0.21397496 -0.02097426]
171,0.17100000000000012,[0.01119324 0.3537071 ],[ 0.04854332 -1.2741366 ],[ -0.18966975 -39.30295006],[ 0.2139605  -0.02080108]
172,0.17200000000000013,[0.01124159 0.35239366],[ 0.04835365 -1.31343955],[ -0.18719639 -39.07879364],[ 0.21394524 -0.02063121]
173,0.17300000000000013,[0.01128976 0.35104114],[ 0.04816645 -1.35251834],[ -0.18474138 -38.85493907],[ 0.21392918 -0.02046467]
174,0.17400000000000013,[0.01133774 0.34964977],[ 0.04798171 -1.39137328],[ -0.18230414 -38.63140646],[ 0.21391231 -0.02030149]
175,0.17500000000000013,[0.01138554 0.34821976],[ 0.04779941 -1.43000469],[ -0.17988409 -38.40821498],[ 0.21389465 -0.02014168]
176,0.17600000000000013,[0.01143316 0.34675135],[ 0.04761952 -1.4684129 ],[ -0.17748066 -38.18538288],[ 0.2138762  -0.01998526]
177,0.17700000000000013,[0.0114806  0.34524475],[ 0.04744204 -1.50659828],[ -0.17509324 -37.96292754],[ 0.21385695 -0.01983224]
178,0.17800000000000013,[0.01152787 0.34370019],[ 0.04726695 -1.54456121],[ -0.17272121 -37.74086547],[ 0.2138369  -0.01968263]
179,0.17900000000000013,[0.01157496 0.34211789],[ 0.04709423 -1.58230208],[ -0.17036396 -37.51921243],[ 0.21381607 -0.01953646]
180,0.18000000000000013,[0.01162189 0.34049807],[ 0.04692386 -1.61982129],[ -0.16802086 -37.29798337],[ 0.21379444 -0.01939373]
181,0.18100000000000013,[0.01166864 0.33884095],[ 0.04675584 -1.65711927],[ -0.16569128 -37.07719255],[ 0.21377202 -0.01925445]
182,0.18200000000000013,[0.01171523 0.33714675],[ 0.04659015 -1.69419647],[ -0.16337457 -36.8568535 ],[ 0.21374881 -0.01911864]
183,0.18300000000000013,[0.01176166 0.3354157 ],[ 0.04642678 -1.73105332],[ -0.1610701 -36.6369791],[ 0.21372482 -0.0189863 ]
184,0.18400000000000014,[0.01180793 0.33364801],[ 0.04626571 -1.7676903 ],[ -0.1587772  -36.41758161],[ 0.21370004 -0.01885745]
185,0.18500000000000014,[0.01185403 0.3318439 ],[ 0.04610693 -1.80410788],[ -0.15649523 -36.19867266],[ 0.21367447 -0.01873209]
186,0.18600000000000014,[0.01189998 0.33000359],[ 0.04595044 -1.84030655],[ -0.15422353 -35.98026332],[ 0.21364812 -0.01861023]
187,0.18700000000000014,[0.01194578 0.3281273 ],[ 0.04579621 -1.87628682],[ -0.15196143 -35.7623641 ],[ 0.21362098 -0.01849188]
188,0.18800000000000014,[0.01199143 0.32621526],[ 0.04564425 -1.91204918],[ -0.14970827 -35.54498501],[ 0.21359306 -0.01837705]
189,0.18900000000000014,[0.01203692 0.32426766],[ 0.04549454 -1.94759417],[ -0.1474634  -35.32813552],[ 0.21356436 -0.01826573]
190,0.19000000000000014,[0.01208227 0.32228474],[ 0.04534708 -1.9829223 ],[ -0.14522614 -35.11182466],[ 0.21353488 -0.01815795]
191,0.19100000000000014,[0.01212747 0.32026671],[ 0.04520185 -2.01803413],[ -0.14299583 -34.896061  ],[ 0.21350461 -0.0180537 ]
192,0.19200000000000014,[0.01217253 0.31821377],[ 0.04505886 -2.05293019],[ -0.14077181 -34.68085267],[ 0.21347357 -0.01795298]
193,0.19300000000000014,[0.01221745 0.31612616],[ 0.04491808 -2.08761104],[ -0.13855341 -34.46620741],[ 0.21344175 -0.01785581]
194,0.19400000000000014,[0.01226223 0.31400409],[ 0.04477953 -2.12207725],[ -0.13633997 -34.25213256],[ 0.21340915 -0.01776218]
195,0.19500000000000015,[0.01230687 0.31184776],[ 0.04464319 -2.15632938],[ -0.13413084 -34.03863509],[ 0.21337577 -0.01767209]
196,0.19600000000000015,[0.01235138 0.30965739],[ 0.04450906 -2.19036801],[ -0.13192535 -33.82572163],[ 0.21334162 -0.01758556]
197,0.19700000000000015,[0.01239575 0.3074332 ],[ 0.04437714 -2.22419374],[ -0.12972285 -33.61339845],[ 0.21330669 -0.01750258]
198,0.19800000000000015,[0.01244    0.30517539],[ 0.04424741 -2.25780713],[ -0.1275227  -33.40167156],[ 0.21327099 -0.01742315]
199,0.19900000000000015,[0.01248412 0.30288418],[ 0.04411989 -2.29120881],[ -0.12532423 -33.19054661],[ 0.21323451 -0.01734727]
200,0.20000000000000015,[0.01252812 0.30055978],[ 0.04399457 -2.32439935],[ -0.12312682 -32.98002901],[ 0.21319725 -0.01727495]
201,0.20100000000000015,[0.01257199 0.2982024 ],[ 0.04387144 -2.35737938],[ -0.12092982 -32.77012389],[ 0.21315923 -0.01720619]
202,0.20200000000000015,[0.01261574 0.29581225],[ 0.04375051 -2.39014951],[ -0.1187326  -32.56083612],[ 0.21312043 -0.01714098]
203,0.20300000000000015,[0.01265937 0.29338954],[ 0.04363178 -2.42271034],[ -0.11653454 -32.35217035],[ 0.21308086 -0.01707932]
204,0.20400000000000015,[0.01270289 0.29093448],[ 0.04351524 -2.45506251],[ -0.114335   -32.14413098],[ 0.21304051 -0.01702122]
205,0.20500000000000015,[0.01274629 0.28844727],[ 0.04340091 -2.48720664],[ -0.11213338 -31.93672222],[ 0.2129994  -0.01696668]
206,0.20600000000000016,[0.01278957 0.28592813],[ 0.04328877 -2.51914337],[ -0.10992906 -31.72994806],[ 0.21295751 -0.01691568]
207,0.20700000000000016,[0.01283275 0.28337726],[ 0.04317884 -2.55087331],[ -0.10772145 -31.52381232],[ 0.21291486 -0.01686824]
208,0.20800000000000016,[0.01287582 0.28079486],[ 0.04307112 -2.58239713],[ -0.10550995 -31.31831863],[ 0.21287143 -0.01682434]
209,0.20900000000000016,[0.01291879 0.27818114],[ 0.04296561 -2.61371544],[ -0.10329396 -31.11347046],[ 0.21282723 -0.01678399]
210,0.21000000000000016,[0.01296165 0.27553631],[ 0.04286232 -2.64482891],[ -0.10107292 -30.90927113],[ 0.21278226 -0.01674718]
211,0.21100000000000016,[0.01300441 0.27286058],[ 0.04276125 -2.67573819],[ -0.09884624 -30.70572379],[ 0.21273653 -0.01671391]
212,0.21200000000000016,[0.01304708 0.27015413],[ 0.0426624  -2.70644391],[ -0.09661336 -30.50283148],[ 0.21269002 -0.01668418]
213,0.21300000000000016,[0.01308964 0.26741718],[ 0.04256579 -2.73694674],[ -0.09437372 -30.3005971 ],[ 0.21264275 -0.01665798]
214,0.21400000000000016,[0.01313211 0.26464994],[ 0.04247141 -2.76724734],[ -0.09212678 -30.09902342],[ 0.2125947  -0.01663532]
215,0.21500000000000016,[0.01317449 0.26185259],[ 0.04237929 -2.79734636],[ -0.089872   -29.89811313],[ 0.21254589 -0.01661617]
216,0.21600000000000016,[0.01321678 0.25902535],[ 0.04228941 -2.82724447],[ -0.08760885 -29.69786878],[ 0.21249631 -0.01660055]
217,0.21700000000000016,[0.01325898 0.2561684 ],[ 0.0422018  -2.85694234],[ -0.0853368  -29.49829285],[ 0.21244596 -0.01658845]
218,0.21800000000000017,[0.0133011  0.25328196],[ 0.04211647 -2.88644064],[ -0.08305535 -29.29938772],[ 0.21239485 -0.01657985]
219,0.21900000000000017,[0.01334313 0.25036622],[ 0.04203341 -2.91574002],[ -0.08076398 -29.10115569],[ 0.21234296 -0.01657477]
220,0.22000000000000017,[0.01338509 0.24742138],[ 0.04195265 -2.94484118],[ -0.07846222 -28.90359898],[ 0.21229031 -0.01657318]
221,0.22100000000000017,[0.01342696 0.24444764],[ 0.04187419 -2.97374478],[ -0.07614958 -28.70671976],[ 0.21223688 -0.01657509]
222,0.22200000000000017,[0.01346876 0.24144519],[ 0.04179804 -3.0024515 ],[ -0.07382557 -28.5105201 ],[ 0.21218269 -0.01658049]
223,0.22300000000000017,[0.01351048 0.23841422],[ 0.04172421 -3.03096202],[ -0.07148975 -28.31500206],[ 0.21212773 -0.01658937]
224,0.22400000000000017,[0.01355214 0.23535495],[ 0.04165272 -3.05927702],[ -0.06914166 -28.1201676 ],[ 0.21207201 -0.01660173]
225,0.22500000000000017,[0.01359372 0.23226755],[ 0.04158358 -3.08739719],[ -0.06678086 -27.92601867],[ 0.21201551 -0.01661757]
226,0.22600000000000017,[0.01363524 0.22915223],[ 0.0415168  -3.11532321],[ -0.06440692 -27.73255715],[ 0.21195825 -0.01663686]
227,0.22700000000000017,[0.01367669 0.22600917],[ 0.04145239 -3.14305576],[ -0.06201941 -27.5397849 ],[ 0.21190022 -0.01665961]
228,0.22800000000000017,[0.01371808 0.22283858],[ 0.04139037 -3.17059555],[ -0.05961792 -27.34770372],[ 0.21184142 -0.01668582]
229,0.22900000000000018,[0.01375941 0.21964063],[ 0.04133075 -3.19794325],[ -0.05720206 -27.15631542],[ 0.21178185 -0.01671546]
230,0.23000000000000018,[0.01380068 0.21641553],[ 0.04127355 -3.22509957],[ -0.05477145 -26.96562175],[ 0.21172151 -0.01674854]
231,0.23100000000000018,[0.0138419  0.21316347],[ 0.04121878 -3.25206519],[ -0.05232569 -26.77562445],[ 0.2116604  -0.01678504]
232,0.23200000000000018,[0.01388307 0.20988463],[ 0.04116646 -3.27884081],[ -0.04986443 -26.58632524],[ 0.21159852 -0.01682497]
233,0.23300000000000018,[0.01392419 0.2065792 ],[ 0.04111659 -3.30542714],[ -0.04738731 -26.39772582],[ 0.21153587 -0.0168683 ]
234,0.23400000000000018,[0.01396525 0.20324737],[ 0.0410692  -3.33182487],[ -0.04489399 -26.20982788],[ 0.21147246 -0.01691503]
235,0.23500000000000018,[0.01400628 0.19988934],[ 0.04102431 -3.35803469],[ -0.04238413 -26.0226331 ],[ 0.21140827 -0.01696516]
236,0.23600000000000018,[0.01404726 0.19650528],[ 0.04098193 -3.38405733],[ -0.03985742 -25.83614314],[ 0.21134331 -0.01701867]
237,0.23700000000000018,[0.0140882  0.19309539],[ 0.04094207 -3.40989347],[ -0.03731354 -25.65035967],[ 0.21127758 -0.01707556]
238,0.23800000000000018,[0.01412911 0.18965985],[ 0.04090475 -3.43554383],[ -0.0347522  -25.46528435],[ 0.21121108 -0.01713581]
239,0.23900000000000018,[0.01416998 0.18619884],[ 0.04087    -3.46100911],[ -0.0321731  -25.28091883],[ 0.21114381 -0.01719941]
240,0.24000000000000019,[0.01421082 0.18271255],[ 0.04083783 -3.48629003],[ -0.02957598 -25.09726477],[ 0.21107577 -0.01726636]
241,0.2410000000000002,[0.01425162 0.17920116],[ 0.04080825 -3.5113873 ],[ -0.02696057 -24.91432384],[ 0.21100696 -0.01733664]
242,0.2420000000000002,[0.0142924  0.17566486],[ 0.04078129 -3.53630162],[-2.43266150e-02 -2.47320977e+01],[ 0.21093737 -0.01741025]
243,0.2430000000000002,[0.01433316 0.17210382],[ 0.04075697 -3.56103372],[-2.16738759e-02 -2.45505880e+01],[ 0.21086701 -0.01748718]
244,0.2440000000000002,[0.0143739  0.16851824],[ 0.04073529 -3.58558431],[-1.90021229e-02 -2.43697964e+01],[ 0.21079588 -0.0175674 ]
245,0.2450000000000002,[0.01441461 0.16490829],[ 0.04071629 -3.6099541 ],[-1.63111378e-02 -2.41897247e+01],[ 0.21072397 -0.01765092]
246,0.2460000000000002,[0.01445531 0.16127414],[ 0.04069998 -3.63414383],[-1.36007139e-02 -2.40103744e+01],[ 0.21065129 -0.01773772]
247,0.2470000000000002,[0.014496   0.15761599],[ 0.04068638 -3.6581542 ],[-1.08706560e-02 -2.38317474e+01],[ 0.21057784 -0.01782779]
248,0.2480000000000002,[0.01453668 0.153934  ],[ 0.04067551 -3.68198595],[-8.12078004e-03 -2.36538452e+01],[ 0.21050361 -0.01792111]
249,0.2490000000000002,[0.01457734 0.15022836],[ 0.04066739 -3.70563979],[-5.35091370e-03 -2.34766696e+01],[ 0.2104286  -0.01801768]
250,0.25000000000000017,[0.014618   0.14649924],[ 0.04066204 -3.72911646],[-2.56089581e-03 -2.33002224e+01],[ 0.21035282 -0.01811749]
251,0.25100000000000017,[0.01465866 0.14274683],[ 0.04065948 -3.75241669],[ 2.49423446e-04 -2.31245053e+01],[ 0.21027626 -0.01822051]
252,0.25200000000000017,[0.01469932 0.13897129],[ 0.04065972 -3.77554119],[ 3.08018260e-03 -2.29495201e+01],[ 0.21019893 -0.01832675]
253,0.25300000000000017,[0.01473999 0.1351728 ],[ 0.0406628  -3.79849071],[ 5.93150897e-03 -2.27752684e+01],[ 0.21012082 -0.01843617]
254,0.25400000000000017,[0.01478066 0.13135153],[ 0.04066874 -3.82126598],[ 8.80351870e-03 -2.26017521e+01],[ 0.21004193 -0.01854878]
255,0.25500000000000017,[0.01482133 0.12750766],[ 0.04067754 -3.84386773],[ 1.16963168e-02 -2.24289730e+01],[ 0.20996227 -0.01866456]
256,0.25600000000000017,[0.01486202 0.12364137],[ 0.04068924 -3.86629671],[ 1.46099973e-02 -2.22569328e+01],[ 0.20988182 -0.0187835 ]
257,0.2570000000000002,[0.01490273 0.11975281],[ 0.04070385 -3.88855364],[ 1.75446431e-02 -2.20856334e+01],[ 0.2098006  -0.01890558]
258,0.2580000000000002,[0.01494345 0.11584217],[ 0.04072139 -3.91063927],[ 2.05003263e-02 -2.19150766e+01],[ 0.2097186  -0.01903078]
259,0.2590000000000002,[0.01498419 0.11190962],[ 0.04074189 -3.93255435],[  0.02347711 -21.74526418],[ 0.20963581 -0.0191591 ]
260,0.2600000000000002,[0.01502495 0.10795532],[ 0.04076537 -3.95429961],[  0.02647504 -21.57619806],[ 0.20955225 -0.01929051]
261,0.2610000000000002,[0.01506575 0.10397944],[ 0.04079184 -3.97587581],[  0.02949416 -21.40788005],[ 0.20946791 -0.01942501]
262,0.2620000000000002,[0.01510657 0.09998216],[ 0.04082134 -3.99728369],[  0.0325345  -21.24031203],[ 0.20938278 -0.01956258]
263,0.2630000000000002,[0.01514742 0.09596364],[ 0.04085387 -4.018524  ],[  0.03559607 -21.07349585],[ 0.20929688 -0.0197032 ]
264,0.2640000000000002,[0.01518831 0.09192404],[ 0.04088947 -4.0395975 ],[  0.03867889 -20.9074334 ],[ 0.20921019 -0.01984686]
265,0.2650000000000002,[0.01522924 0.08786353],[ 0.04092815 -4.06050493],[  0.04178295 -20.74212656],[ 0.20912271 -0.01999354]
266,0.2660000000000002,[0.01527021 0.08378229],[ 0.04096993 -4.08124706],[  0.04490825 -20.57757722],[ 0.20903446 -0.02014323]
267,0.2670000000000002,[0.01531122 0.07968046],[ 0.04101484 -4.10182464],[  0.04805475 -20.41378729],[ 0.20894542 -0.02029591]
268,0.2680000000000002,[0.01535229 0.07555822],[ 0.04106289 -4.12223842],[  0.05122242 -20.25075865],[ 0.20885559 -0.02045156]
269,0.2690000000000002,[0.0153934  0.07141573],[ 0.04111412 -4.14248918],[  0.05441123 -20.08849322],[ 0.20876498 -0.02061017]
270,0.2700000000000002,[0.01543457 0.06725316],[ 0.04116853 -4.16257767],[  0.05762113 -19.92699291],[ 0.20867359 -0.02077172]
271,0.2710000000000002,[0.0154758  0.06307065],[ 0.04122615 -4.18250467],[  0.06085204 -19.76625962],[ 0.20858141 -0.0209362 ]
272,0.2720000000000002,[0.01551708 0.05886838],[ 0.041287   -4.20227093],[  0.0641039  -19.60629526],[ 0.20848844 -0.02110357]
273,0.2730000000000002,[0.01555843 0.0546465 ],[ 0.0413511  -4.22187722],[  0.06737663 -19.44710173],[ 0.20839468 -0.02127384]
274,0.2740000000000002,[0.01559985 0.05040518],[ 0.04141848 -4.24132432],[  0.07067013 -19.28868095],[ 0.20830014 -0.02144698]
275,0.2750000000000002,[0.01564134 0.04614457],[ 0.04148915 -4.26061301],[  0.07398432 -19.13103482],[ 0.20820481 -0.02162297]
276,0.2760000000000002,[0.0156829  0.04186482],[ 0.04156313 -4.27974404],[  0.07731908 -18.97416524],[ 0.20810869 -0.02180179]
277,0.2770000000000002,[0.01572455 0.0375661 ],[ 0.04164045 -4.29871821],[  0.08067429 -18.81807409],[ 0.20801179 -0.02198342]
278,0.2780000000000002,[0.01576627 0.03324857],[ 0.04172113 -4.31753628],[  0.08404983 -18.66276326],[ 0.20791409 -0.02216786]
279,0.2790000000000002,[0.01580807 0.02891237],[ 0.04180518 -4.33619904],[  0.08744557 -18.50823462],[ 0.2078156  -0.02235507]
280,0.2800000000000002,[0.01584996 0.02455766],[ 0.04189262 -4.35470728],[  0.09086136 -18.35449005],[ 0.20771633 -0.02254503]
281,0.2810000000000002,[0.01589195 0.0201846 ],[ 0.04198348 -4.37306177],[  0.09429704 -18.20153139],[ 0.20761626 -0.02273774]
282,0.2820000000000002,[0.01593403 0.01579334],[ 0.04207778 -4.3912633 ],[  0.09775248 -18.04936049],[ 0.2075154  -0.02293316]
283,0.2830000000000002,[0.0159762  0.01138402],[ 0.04217553 -4.40931266],[  0.10122748 -17.89797917],[ 0.20741375 -0.02313128]
284,0.2840000000000002,[0.01601848 0.00695681],[ 0.04227676 -4.42721064],[  0.10472189 -17.74738925],[ 0.20731131 -0.02333208]
285,0.2850000000000002,[0.01606086 0.00251185],[ 0.04238148 -4.44495803],[  0.10823551 -17.5975925 ],[ 0.20720807 -0.02353553]
286,0.2860000000000002,[ 0.01610335 -0.0019507 ],[ 0.04248972 -4.46255562],[  0.11176816 -17.44859072],[ 0.20710405 -0.02374162]
287,0.2870000000000002,[ 0.01614595 -0.00643071],[ 0.04260149 -4.48000421],[  0.11531964 -17.30038566],[ 0.20699923 -0.02395033]
288,0.2880000000000002,[ 0.01618867 -0.01092801],[ 0.04271681 -4.4973046 ],[  0.11888975 -17.15297904],[ 0.20689361 -0.02416163]
289,0.2890000000000002,[ 0.0162315  -0.01544247],[ 0.0428357  -4.51445758],[  0.12247827 -17.00637257],[ 0.20678721 -0.0243755 ]
290,0.2900000000000002,[ 0.01627446 -0.01997393],[ 0.04295817 -4.53146395],[  0.12608498 -16.86056794],[ 0.20668    -0.02459192]
291,0.2910000000000002,[ 0.01631755 -0.02452226],[ 0.04308426 -4.54832452],[  0.12970967 -16.71556681],[ 0.20657201 -0.02481087]
292,0.2920000000000002,[ 0.01636076 -0.0290873 ],[ 0.04321397 -4.56504008],[  0.13335209 -16.57137081],[ 0.20646322 -0.02503232]
293,0.2930000000000002,[ 0.01640411 -0.03366891],[ 0.04334732 -4.58161145],[  0.13701201 -16.42798153],[ 0.20635363 -0.02525626]
294,0.2940000000000002,[ 0.01644759 -0.03826695],[ 0.04348433 -4.59803944],[  0.14068918 -16.28540055],[ 0.20624325 -0.02548266]
295,0.2950000000000002,[ 0.01649122 -0.04288127],[ 0.04362502 -4.61432484],[  0.14438336 -16.1436294 ],[ 0.20613207 -0.0257115 ]
296,0.2960000000000002,[ 0.01653499 -0.04751174],[ 0.04376941 -4.63046847],[  0.14809429 -16.00266959],[ 0.20602009 -0.02594275]
297,0.2970000000000002,[ 0.0165789  -0.05215821],[ 0.0439175  -4.64647113],[  0.1518217  -15.86252258],[ 0.20590732 -0.02617639]
298,0.2980000000000002,[ 0.01662297 -0.05682054],[ 0.04406932 -4.66233366],[  0.15556533 -15.7231898 ],[ 0.20579375 -0.0264124 ]
299,0.2990000000000002,[ 0.0166672 -0.0614986],[ 0.04422489 -4.67805685],[  0.1593249  -15.58467266],[ 0.20567939 -0.02665075]
300,0.3000000000000002,[ 0.01671158 -0.06619224],[ 0.04438421 -4.69364152],[  0.16310014 -15.44697249],[ 0.20556423 -0.02689143]
301,0.3010000000000002,[ 0.01675613 -0.07090133],[ 0.04454731 -4.70908849],[  0.16689076 -15.31009061],[ 0.20544827 -0.02713439]
302,0.3020000000000002,[ 0.01680084 -0.07562573],[ 0.0447142  -4.72439858],[  0.17069647 -15.1740283 ],[ 0.20533151 -0.02737963]
303,0.3030000000000002,[ 0.01684573 -0.0803653 ],[ 0.0448849  -4.73957261],[  0.17451699 -15.03878677],[ 0.20521396 -0.02762711]
304,0.3040000000000002,[ 0.01689079 -0.08511991],[ 0.04505942 -4.7546114 ],[  0.178352   -14.90436721],[ 0.2050956  -0.02787682]
305,0.3050000000000002,[ 0.01693602 -0.08988943],[ 0.04523777 -4.76951577],[  0.18220122 -14.77077075],[ 0.20497645 -0.02812872]
306,0.3060000000000002,[ 0.01698144 -0.09467372],[ 0.04541997 -4.78428654],[  0.18606434 -14.63799848],[ 0.2048565  -0.02838278]
307,0.3070000000000002,[ 0.01702705 -0.09947264],[ 0.04560603 -4.79892453],[  0.18994104 -14.50605143],[ 0.20473576 -0.028639  ]
308,0.3080000000000002,[ 0.01707285 -0.10428607],[ 0.04579598 -4.81343059],[  0.19383101 -14.37493059],[ 0.20461421 -0.02889733]
309,0.3090000000000002,[ 0.01711884 -0.10911388],[ 0.04598981 -4.82780552],[  0.19773394 -14.24463689],[ 0.20449187 -0.02915775]
310,0.3100000000000002,[ 0.01716502 -0.11395593],[ 0.04618754 -4.84205015],[  0.20164949 -14.11517121],[ 0.20436872 -0.02942024]
311,0.3110000000000002,[ 0.01721141 -0.11881209],[ 0.04638919 -4.85616532],[  0.20557736 -13.98653438],[ 0.20424478 -0.02968477]
312,0.3120000000000002,[ 0.01725801 -0.12368224],[ 0.04659477 -4.87015186],[  0.2095172  -13.85872718],[ 0.20412004 -0.02995131]
313,0.3130000000000002,[ 0.01730481 -0.12856626],[ 0.04680428 -4.88401059],[  0.2134687  -13.73175031],[ 0.2039945  -0.03021984]
314,0.3140000000000002,[ 0.01735183 -0.133464  ],[ 0.04701775 -4.89774234],[  0.2174315  -13.60560444],[ 0.20386816 -0.03049032]
315,0.3150000000000002,[ 0.01739907 -0.13837535],[ 0.04723518 -4.91134794],[  0.22140529 -13.48029017],[ 0.20374102 -0.03076274]
316,0.3160000000000002,[ 0.01744652 -0.14330017],[ 0.04745659 -4.92482823],[  0.22538972 -13.35580802],[ 0.20361309 -0.03103706]
317,0.3170000000000002,[ 0.0174942  -0.14823836],[ 0.04768198 -4.93818404],[  0.22938445 -13.23215849],[ 0.20348435 -0.03131326]
318,0.3180000000000002,[ 0.01754212 -0.15318977],[ 0.04791136 -4.9514162 ],[  0.23338913 -13.10934199],[ 0.20335482 -0.03159131]
319,0.31900000000000023,[ 0.01759026 -0.1581543 ],[ 0.04814475 -4.96452554],[  0.23740342 -12.98735888],[ 0.20322449 -0.03187117]
320,0.32000000000000023,[ 0.01763864 -0.16313181],[ 0.04838216 -4.9775129 ],[  0.24142698 -12.86620943],[ 0.20309336 -0.03215283]
321,0.32100000000000023,[ 0.01768727 -0.16812219],[ 0.04862358 -4.99037911],[  0.24545945 -12.74589389],[ 0.20296143 -0.03243626]
322,0.32200000000000023,[ 0.01773613 -0.17312532],[ 0.04886904 -5.003125  ],[  0.24950048 -12.62641242],[ 0.2028287  -0.03272142]
323,0.32300000000000023,[ 0.01778525 -0.17814107],[ 0.04911854 -5.01575141],[  0.25354972 -12.5077651 ],[ 0.20269517 -0.03300828]
324,0.32400000000000023,[ 0.01783463 -0.18316933],[ 0.04937209 -5.02825918],[  0.25760682 -12.38995197],[ 0.20256085 -0.03329683]
325,0.32500000000000023,[ 0.01788426 -0.18820998],[ 0.0496297  -5.04064913],[  0.26167142 -12.27297299],[ 0.20242573 -0.03358702]
326,0.32600000000000023,[ 0.01793415 -0.1932629 ],[ 0.04989137 -5.0529221 ],[  0.26574317 -12.15682806],[ 0.20228981 -0.03387883]
327,0.32700000000000023,[ 0.0179843  -0.19832798],[ 0.05015711 -5.06507893],[  0.26982171 -12.04151699],[ 0.20215309 -0.03417224]
328,0.32800000000000024,[ 0.01803473 -0.2034051 ],[ 0.05042694 -5.07712045],[  0.27390669 -11.92703955],[ 0.20201558 -0.0344672 ]
329,0.32900000000000024,[ 0.01808543 -0.20849415],[ 0.05070084 -5.08904749],[  0.27799773 -11.81339543],[ 0.20187727 -0.0347637 ]
330,0.33000000000000024,[ 0.01813641 -0.21359501],[ 0.05097884 -5.10086088],[  0.2820945  -11.70058423],[ 0.20173817 -0.0350617 ]
331,0.33100000000000024,[ 0.01818767 -0.21870757],[ 0.05126094 -5.11256147],[  0.28619662 -11.5886055 ],[ 0.20159826 -0.03536117]
332,0.33200000000000024,[ 0.01823922 -0.22383172],[ 0.05154713 -5.12415007],[  0.29030375 -11.47745872],[ 0.20145756 -0.03566208]
333,0.33300000000000024,[ 0.01829106 -0.22896735],[ 0.05183744 -5.13562753],[  0.29441551 -11.36714328],[ 0.20131607 -0.0359644 ]
334,0.33400000000000024,[ 0.01834319 -0.23411434],[ 0.05213185 -5.14699468],[  0.29853156 -11.25765853],[ 0.20117378 -0.03626811]
335,0.33500000000000024,[ 0.01839562 -0.23927259],[ 0.05243038 -5.15825233],[  0.30265153 -11.14900371],[ 0.2010307  -0.03657316]
336,0.33600000000000024,[ 0.01844835 -0.24444199],[ 0.05273303 -5.16940134],[  0.30677507 -11.04117802],[ 0.20088682 -0.03687954]
337,0.33700000000000024,[ 0.01850139 -0.24962244],[ 0.05303981 -5.18044252],[  0.31090182 -10.93418056],[ 0.20074215 -0.03718721]
338,0.33800000000000024,[ 0.01855474 -0.25481381],[ 0.05335071 -5.1913767 ],[  0.31503142 -10.82801037],[ 0.20059668 -0.03749613]
339,0.33900000000000025,[ 0.01860841 -0.26001602],[ 0.05366574 -5.20220471],[  0.31916351 -10.72266643],[ 0.20045042 -0.03780628]
340,0.34000000000000025,[ 0.01866239 -0.26522894],[ 0.05398491 -5.21292737],[  0.32329775 -10.61814762],[ 0.20030337 -0.03811763]
341,0.34100000000000025,[ 0.0187167  -0.27045249],[ 0.0543082  -5.22354552],[  0.32743377 -10.51445276],[ 0.20015553 -0.03843015]
342,0.34200000000000025,[ 0.01877134 -0.27568655],[ 0.05463564 -5.23405997],[  0.33157122 -10.41158061],[ 0.2000069 -0.0387438]
343,0.34300000000000025,[ 0.0188263  -0.28093102],[ 0.05496721 -5.24447155],[  0.33570975 -10.30952983],[ 0.19985747 -0.03905856]
344,0.34400000000000025,[ 0.01888161 -0.2861858 ],[ 0.05530292 -5.25478108],[  0.33984901 -10.20829903],[ 0.19970726 -0.03937438]
345,0.34500000000000025,[ 0.01893725 -0.29145079],[ 0.05564277 -5.26498938],[  0.34398864 -10.10788673],[ 0.19955625 -0.03969125]
346,0.34600000000000025,[ 0.01899324 -0.29672589],[ 0.05598676 -5.27509727],[  0.34812831 -10.00829138],[ 0.19940446 -0.04000913]
347,0.34700000000000025,[ 0.01904957 -0.302011  ],[ 0.05633488 -5.28510556],[ 0.35226766 -9.90951137],[ 0.19925187 -0.04032799]
348,0.34800000000000025,[ 0.01910626 -0.30730601],[ 0.05668715 -5.29501507],[ 0.35640634 -9.81154501],[ 0.1990985  -0.04064779]
349,0.34900000000000025,[ 0.0191633  -0.31261084],[ 0.05704356 -5.30482662],[ 0.36054402 -9.71439053],[ 0.19894434 -0.04096851]
350,0.35000000000000026,[ 0.01922071 -0.31792538],[ 0.0574041  -5.31454101],[ 0.36468035 -9.61804608],[ 0.1987894 -0.0412901]
351,0.35100000000000026,[ 0.01927847 -0.32324954],[ 0.05776878 -5.32415905],[ 0.368815   -9.52250978],[ 0.19863366 -0.04161255]
352,0.35200000000000026,[ 0.01933661 -0.32858322],[ 0.0581376  -5.33368156],[ 0.37294761 -9.42777962],[ 0.19847715 -0.04193582]
353,0.35300000000000026,[ 0.01939512 -0.33392633],[ 0.05851055 -5.34310934],[ 0.37707787 -9.33385357],[ 0.19831985 -0.04225988]
354,0.35400000000000026,[ 0.01945401 -0.33927877],[ 0.05888762 -5.3524432 ],[ 0.38120543 -9.24072949],[ 0.19816176 -0.04258469]
355,0.35500000000000026,[ 0.01951328 -0.34464045],[ 0.05926883 -5.36168393],[ 0.38532996 -9.1484052 ],[ 0.1980029  -0.04291022]
356,0.35600000000000026,[ 0.01957293 -0.35001129],[ 0.05965416 -5.37083233],[ 0.38945113 -9.05687844],[ 0.19784325 -0.04323645]
357,0.35700000000000026,[ 0.01963298 -0.35539118],[ 0.06004361 -5.37988921],[ 0.39356862 -8.96614686],[ 0.19768281 -0.04356333]
358,0.35800000000000026,[ 0.01969341 -0.36078003],[ 0.06043718 -5.38885536],[ 0.3976821  -8.87620806],[ 0.1975216  -0.04389084]
359,0.35900000000000026,[ 0.01975425 -0.36617776],[ 0.06083486 -5.39773157],[ 0.40179125 -8.78705958],[ 0.19735961 -0.04421895]
360,0.36000000000000026,[ 0.01981549 -0.37158428],[ 0.06123665 -5.40651863],[ 0.40589575 -8.69869888],[ 0.19719684 -0.04454761]
361,0.36100000000000027,[ 0.01987713 -0.3769995 ],[ 0.06164255 -5.41521732],[ 0.40999528 -8.61112334],[ 0.19703329 -0.04487681]
362,0.36200000000000027,[ 0.01993918 -0.38242333],[ 0.06205254 -5.42382845],[ 0.41408953 -8.52433031],[ 0.19686897 -0.04520651]
363,0.36300000000000027,[ 0.02000165 -0.38785568],[ 0.06246663 -5.43235278],[ 0.41817818 -8.43831703],[ 0.19670387 -0.04553667]
364,0.36400000000000027,[ 0.02006453 -0.39329647],[ 0.06288481 -5.44079109],[ 0.42226093 -8.35308071],[ 0.19653799 -0.04586726]
365,0.36500000000000027,[ 0.02012784 -0.39874562],[ 0.06330707 -5.44914418],[ 0.42633747 -8.26861846],[ 0.19637134 -0.04619825]
366,0.36600000000000027,[ 0.02019157 -0.40420303],[ 0.06373341 -5.45741279],[ 0.43040749 -8.18492738],[ 0.19620391 -0.04652962]
367,0.36700000000000027,[ 0.02025574 -0.40966863],[ 0.06416382 -5.46559772],[ 0.4344707  -8.10200444],[ 0.19603572 -0.04686132]
368,0.36800000000000027,[ 0.02032033 -0.41514233],[ 0.06459829 -5.47369973],[ 0.4385268 -8.0198466],[ 0.19586675 -0.04719332]
369,0.36900000000000027,[ 0.02038537 -0.42062405],[ 0.06503681 -5.48171957],[ 0.44257549 -7.93845074],[ 0.19569701 -0.0475256 ]
370,0.3700000000000003,[ 0.02045085 -0.4261137 ],[ 0.06547939 -5.48965802],[ 0.44661648 -7.85781367],[ 0.19552651 -0.04785812]
371,0.3710000000000003,[ 0.02051678 -0.43161122],[ 0.06592601 -5.49751584],[ 0.45064948 -7.77793215],[ 0.19535523 -0.04819084]
372,0.3720000000000003,[ 0.02058315 -0.43711651],[ 0.06637666 -5.50529377],[ 0.45467421 -7.69880288],[ 0.19518319 -0.04852374]
373,0.3730000000000003,[ 0.02064998 -0.44262951],[ 0.06683133 -5.51299257],[ 0.45869038 -7.6204225 ],[ 0.19501038 -0.04885678]
374,0.3740000000000003,[ 0.02071727 -0.44815012],[ 0.06729002 -5.52061299],[ 0.46269771 -7.54278759],[ 0.19483681 -0.04918993]
375,0.3750000000000003,[ 0.02078503 -0.45367827],[ 0.06775272 -5.52815578],[ 0.46669593 -7.46589469],[ 0.19466247 -0.04952317]
376,0.3760000000000003,[ 0.02085325 -0.4592139 ],[ 0.06821941 -5.53562168],[ 0.47068476 -7.38974026],[ 0.19448737 -0.04985645]
377,0.3770000000000003,[ 0.02092194 -0.46475691],[ 0.0686901  -5.54301142],[ 0.47466393 -7.31432072],[ 0.19431151 -0.05018974]
378,0.3780000000000003,[ 0.0209911  -0.47030723],[ 0.06916476 -5.55032574],[ 0.47863317 -7.23963243],[ 0.19413489 -0.05052302]
379,0.3790000000000003,[ 0.02106074 -0.4758648 ],[ 0.0696434  -5.55756537],[ 0.48259223 -7.16567169],[ 0.19395751 -0.05085625]
380,0.3800000000000003,[ 0.02113087 -0.48142953],[ 0.07012599 -5.56473104],[ 0.48654083 -7.09243478],[ 0.19377937 -0.0511894 ]
381,0.3810000000000003,[ 0.02120148 -0.48700135],[ 0.07061253 -5.57182348],[ 0.49047872 -7.01991789],[ 0.19360048 -0.05152244]
382,0.3820000000000003,[ 0.02127259 -0.4925802 ],[ 0.07110301 -5.57884339],[ 0.49440565 -6.94811718],[ 0.19342083 -0.05185533]
383,0.3830000000000003,[ 0.02134418 -0.49816599],[ 0.07159741 -5.58579151],[ 0.49832136 -6.87702875],[ 0.19324043 -0.05218804]
384,0.3840000000000003,[ 0.02141628 -0.50375866],[ 0.07209573 -5.59266854],[ 0.5022256  -6.80664868],[ 0.19305927 -0.05252055]
385,0.3850000000000003,[ 0.02148888 -0.50935813],[ 0.07259796 -5.59947519],[ 0.50611814 -6.73697297],[ 0.19287736 -0.05285282]
386,0.3860000000000003,[ 0.02156198 -0.51496434],[ 0.07310408 -5.60621216],[ 0.50999872 -6.66799758],[ 0.1926947  -0.05318482]
387,0.3870000000000003,[ 0.0216356  -0.52057722],[ 0.07361408 -5.61288016],[ 0.51386712 -6.59971844],[ 0.1925113  -0.05351652]
388,0.3880000000000003,[ 0.02170972 -0.5261967 ],[ 0.07412794 -5.61947988],[ 0.51772308 -6.53213143],[ 0.19232714 -0.05384788]
389,0.3890000000000003,[ 0.02178437 -0.53182272],[ 0.07464567 -5.62601201],[ 0.52156639 -6.46523239],[ 0.19214224 -0.05417888]
390,0.3900000000000003,[ 0.02185954 -0.53745519],[ 0.07516723 -5.63247724],[ 0.52539681 -6.3990171 ],[ 0.19195659 -0.05450949]
391,0.3910000000000003,[ 0.02193523 -0.54309407],[ 0.07569263 -5.63887626],[ 0.52921412 -6.33348131],[ 0.1917702  -0.05483966]
392,0.3920000000000003,[ 0.02201145 -0.54873928],[ 0.07622184 -5.64520974],[ 0.53301809 -6.26862075],[ 0.19158307 -0.05516938]
393,0.3930000000000003,[ 0.02208821 -0.55439076],[ 0.07675486 -5.65147836],[ 0.5368085  -6.20443108],[ 0.1913952  -0.05549861]
394,0.3940000000000003,[ 0.0221655  -0.56004844],[ 0.07729167 -5.65768279],[ 0.54058513 -6.14090795],[ 0.19120659 -0.05582732]
395,0.3950000000000003,[ 0.02224333 -0.56571226],[ 0.07783226 -5.6638237 ],[ 0.54434778 -6.07804695],[ 0.19101724 -0.05615549]
396,0.3960000000000003,[ 0.02232171 -0.57138217],[ 0.0783766  -5.66990175],[ 0.54809623 -6.01584364],[ 0.19082715 -0.05648307]
397,0.3970000000000003,[ 0.02240063 -0.57705808],[ 0.0789247  -5.67591759],[ 0.55183028 -5.95429355],[ 0.19063633 -0.05681003]
398,0.3980000000000003,[ 0.02248011 -0.58273996],[ 0.07947653 -5.68187188],[ 0.55554971 -5.89339219],[ 0.19044478 -0.05713636]
399,0.3990000000000003,[ 0.02256014 -0.58842772],[ 0.08003208 -5.68776528],[ 0.55925433 -5.83313501],[ 0.19025249 -0.05746202]
400,0.4000000000000003,[ 0.02264073 -0.59412132],[ 0.08059133 -5.69359841],[ 0.56294395 -5.77351745],[ 0.19005948 -0.05778697]
401,0.4010000000000003,[ 0.02272189 -0.59982069],[ 0.08115428 -5.69937193],[ 0.56661835 -5.7145349 ],[ 0.18986573 -0.05811119]
402,0.4020000000000003,[ 0.02280361 -0.60552578],[ 0.0817209  -5.70508646],[ 0.57027736 -5.65618275],[ 0.18967126 -0.05843465]
403,0.4030000000000003,[ 0.0228859  -0.61123652],[ 0.08229117 -5.71074265],[ 0.57392078 -5.59845633],[ 0.18947606 -0.05875732]
404,0.4040000000000003,[ 0.02296876 -0.61695286],[ 0.08286509 -5.7163411 ],[ 0.57754843 -5.54135096],[ 0.18928013 -0.05907917]
405,0.4050000000000003,[ 0.02305221 -0.62267474],[ 0.08344264 -5.72188245],[ 0.58116012 -5.48486193],[ 0.18908349 -0.05940016]
406,0.4060000000000003,[ 0.02313623 -0.62840211],[ 0.0840238  -5.72736732],[ 0.58475567 -5.42898451],[ 0.18888612 -0.05972028]
407,0.4070000000000003,[ 0.02322084 -0.63413491],[ 0.08460856 -5.7327963 ],[ 0.5883349  -5.37371393],[ 0.18868803 -0.06003948]
408,0.4080000000000003,[ 0.02330603 -0.63987308],[ 0.08519689 -5.73817001],[ 0.59189764 -5.31904542],[ 0.18848923 -0.06035775]
409,0.4090000000000003,[ 0.02339182 -0.64561657],[ 0.08578879 -5.74348906],[ 0.59544372 -5.26497416],[ 0.18828971 -0.06067505]
410,0.4100000000000003,[ 0.02347821 -0.65136532],[ 0.08638424 -5.74875403],[ 0.59897296 -5.21149533],[ 0.18808947 -0.06099135]
411,0.4110000000000003,[ 0.02356519 -0.65711929],[ 0.08698321 -5.75396553],[ 0.6024852  -5.15860409],[ 0.18788852 -0.06130662]
412,0.4120000000000003,[ 0.02365278 -0.66287841],[ 0.08758569 -5.75912413],[ 0.60598028 -5.10629557],[ 0.18768686 -0.06162085]
413,0.4130000000000003,[ 0.02374097 -0.66864264],[ 0.08819167 -5.76423043],[ 0.60945803 -5.05456487],[ 0.18748449 -0.06193398]
414,0.4140000000000003,[ 0.02382977 -0.67441193],[ 0.08880113 -5.76928499],[ 0.61291829 -5.00340711],[ 0.18728141 -0.06224601]
415,0.4150000000000003,[ 0.02391918 -0.68018621],[ 0.08941405 -5.7742884 ],[ 0.61636091 -4.95281735],[ 0.18707763 -0.0625569 ]
416,0.4160000000000003,[ 0.02400921 -0.68596546],[ 0.09003041 -5.77924122],[ 0.61978574 -4.90279067],[ 0.18687314 -0.06286662]
417,0.4170000000000003,[ 0.02409986 -0.6917496 ],[ 0.0906502  -5.78414401],[ 0.62319261 -4.85332211],[ 0.18666794 -0.06317514]
418,0.4180000000000003,[ 0.02419114 -0.6975386 ],[ 0.09127339 -5.78899733],[ 0.62658139 -4.8044067 ],[ 0.18646205 -0.06348245]
419,0.4190000000000003,[ 0.02428304 -0.7033324 ],[ 0.09189997 -5.79380174],[ 0.62995193 -4.75603948],[ 0.18625546 -0.0637885 ]
420,0.4200000000000003,[ 0.02437557 -0.70913096],[ 0.09252992 -5.79855778],[ 0.63330407 -4.70821545],[ 0.18604816 -0.06409327]
421,0.4210000000000003,[ 0.02446873 -0.71493422],[ 0.09316323 -5.80326599],[ 0.63663769 -4.66092961],[ 0.18584018 -0.06439674]
422,0.4220000000000003,[ 0.02456253 -0.72074215],[ 0.09379986 -5.80792692],[ 0.63995263 -4.61417695],[ 0.18563149 -0.06469887]
423,0.4230000000000003,[ 0.02465697 -0.72655469],[ 0.09443982 -5.8125411 ],[ 0.64324877 -4.56795244],[ 0.18542212 -0.06499965]
424,0.4240000000000003,[ 0.02475205 -0.7323718 ],[ 0.09508307 -5.81710905],[ 0.64652597 -4.52225106],[ 0.18521205 -0.06529904]
425,0.4250000000000003,[ 0.02484778 -0.73819343],[ 0.09572959 -5.8216313 ],[ 0.64978409 -4.47706777],[ 0.1850013  -0.06559701]
426,0.4260000000000003,[ 0.02494416 -0.74401954],[ 0.09637938 -5.82610837],[ 0.65302301 -4.43239752],[ 0.18478986 -0.06589355]
427,0.4270000000000003,[ 0.02504119 -0.74985008],[ 0.0970324  -5.83054077],[ 0.65624259 -4.38823526],[ 0.18457773 -0.06618862]
428,0.4280000000000003,[ 0.02513888 -0.75568501],[ 0.09768864 -5.834929  ],[ 0.65944272 -4.34457593],[ 0.18436492 -0.0664822 ]
429,0.4290000000000003,[ 0.02523723 -0.76152428],[ 0.09834808 -5.83927358],[ 0.66262325 -4.30141447],[ 0.18415143 -0.06677426]
430,0.4300000000000003,[ 0.02533624 -0.76736786],[ 0.09901071 -5.84357499],[ 0.66578408 -4.25874581],[ 0.18393725 -0.06706478]
431,0.4310000000000003,[ 0.02543592 -0.77321569],[ 0.09967649 -5.84783374],[ 0.66892508 -4.21656488],[ 0.1837224  -0.06735373]
432,0.43200000000000033,[ 0.02553626 -0.77906774],[ 0.10034542 -5.8520503 ],[ 0.67204613 -4.17486661],[ 0.18350688 -0.06764108]
433,0.43300000000000033,[ 0.02563728 -0.78492397],[ 0.10101746 -5.85622517],[ 0.67514712 -4.13364591],[ 0.18329068 -0.06792682]
434,0.43400000000000033,[ 0.02573897 -0.79078433],[ 0.10169261 -5.86035882],[ 0.67822793 -4.09289773],[ 0.1830738 -0.0682109]
435,0.43500000000000033,[ 0.02584134 -0.79664878],[ 0.10237084 -5.86445171],[ 0.68128845 -4.05261696],[ 0.18285626 -0.06849332]
436,0.43600000000000033,[ 0.0259444  -0.80251728],[ 0.10305213 -5.86850433],[ 0.68432857 -4.01279855],[ 0.18263804 -0.06877404]
437,0.43700000000000033,[ 0.02604813 -0.8083898 ],[ 0.10373645 -5.87251713],[ 0.68734817 -3.9734374 ],[ 0.18241917 -0.06905305]
438,0.43800000000000033,[ 0.02615256 -0.81426629],[ 0.1044238  -5.87649057],[ 0.69034715 -3.93452845],[ 0.18219962 -0.06933031]
439,0.43900000000000033,[ 0.02625767 -0.82014671],[ 0.10511415 -5.8804251 ],[ 0.69332541 -3.89606661],[ 0.18197941 -0.0696058 ]
440,0.44000000000000034,[ 0.02636348 -0.82603104],[ 0.10580748 -5.88432116],[ 0.69628283 -3.85804682],[ 0.18175855 -0.0698795 ]
441,0.44100000000000034,[ 0.02646998 -0.83191921],[ 0.10650376 -5.88817921],[ 0.69921931 -3.82046401],[ 0.18153702 -0.07015138]
442,0.44200000000000034,[ 0.02657719 -0.83781121],[ 0.10720298 -5.89199967],[ 0.70213476 -3.78331311],[ 0.18131483 -0.07042142]
443,0.44300000000000034,[ 0.02668509 -0.843707  ],[ 0.10790511 -5.89578299],[ 0.70502907 -3.74658906],[ 0.181092  -0.0706896]
444,0.44400000000000034,[ 0.0267937  -0.84960653],[ 0.10861014 -5.89952958],[ 0.70790215 -3.7102868 ],[ 0.1808685 -0.0709559]
445,0.44500000000000034,[ 0.02690302 -0.85550977],[ 0.10931804 -5.90323986],[ 0.71075389 -3.67440128],[ 0.18064436 -0.07122028]
446,0.44600000000000034,[ 0.02701305 -0.86141668],[ 0.1100288  -5.90691426],[ 0.7135842  -3.63892745],[ 0.18041957 -0.07148273]
447,0.44700000000000034,[ 0.02712379 -0.86732723],[ 0.11074238 -5.91055319],[ 0.71639298 -3.60386028],[ 0.18019413 -0.07174323]
448,0.44800000000000034,[ 0.02723525 -0.87324139],[ 0.11145877 -5.91415705],[ 0.71918015 -3.56919473],[ 0.17996804 -0.07200174]
449,0.44900000000000034,[ 0.02734743 -0.87915912],[ 0.11217795 -5.91772625],[ 0.7219456  -3.53492577],[ 0.17974131 -0.07225826]
450,0.45000000000000034,[ 0.02746033 -0.88508038],[ 0.1128999  -5.92126117],[ 0.72468925 -3.50104839],[ 0.17951394 -0.07251275]
451,0.45100000000000035,[ 0.02757395 -0.89100514],[ 0.11362459 -5.92476222],[ 0.72741102 -3.46755757],[ 0.17928594 -0.0727652 ]
452,0.45200000000000035,[ 0.0276883  -0.89693337],[ 0.114352   -5.92822978],[ 0.7301108  -3.43444832],[ 0.17905729 -0.07301559]
453,0.45300000000000035,[ 0.02780339 -0.90286503],[ 0.11508211 -5.93166423],[ 0.73278851 -3.40171564],[ 0.17882801 -0.07326388]
454,0.45400000000000035,[ 0.0279192 -0.9088001],[ 0.1158149  -5.93506594],[ 0.73544407 -3.36935454],[ 0.1785981  -0.07351007]
455,0.45500000000000035,[ 0.02803575 -0.91473854],[ 0.11655034 -5.9384353 ],[ 0.73807738 -3.33736006],[ 0.17836755 -0.07375412]
456,0.45600000000000035,[ 0.02815304 -0.92068031],[ 0.11728842 -5.94177266],[ 0.74068837 -3.30572722],[ 0.17813638 -0.07399603]
457,0.45700000000000035,[ 0.02827107 -0.92662539],[ 0.11802911 -5.94507838],[ 0.74327695 -3.27445108],[ 0.17790458 -0.07423576]
458,0.45800000000000035,[ 0.02838984 -0.93257374],[ 0.11877239 -5.94835283],[ 0.74584304 -3.24352669],[ 0.17767216 -0.0744733 ]
459,0.45900000000000035,[ 0.02850936 -0.93852534],[ 0.11951823 -5.95159636],[ 0.74838655 -3.21294913],[ 0.17743911 -0.07470862]
460,0.46000000000000035,[ 0.02862963 -0.94448015],[ 0.12026662 -5.95480931],[ 0.75090741 -3.18271346],[ 0.17720544 -0.07494171]
461,0.46100000000000035,[ 0.02875064 -0.95043814],[ 0.12101752 -5.95799202],[ 0.75340554 -3.15281479],[ 0.17697116 -0.07517255]
462,0.46200000000000035,[ 0.02887241 -0.95639928],[ 0.12177093 -5.96114484],[ 0.75588084 -3.12324821],[ 0.17673625 -0.07540111]
463,0.46300000000000036,[ 0.02899494 -0.96236355],[ 0.12252681 -5.96426809],[ 0.75833326 -3.09400886],[ 0.17650074 -0.07562738]
464,0.46400000000000036,[ 0.02911823 -0.96833091],[ 0.12328514 -5.9673621 ],[ 0.7607627  -3.06509184],[ 0.17626461 -0.07585134]
465,0.46500000000000036,[ 0.02924227 -0.97430134],[ 0.12404591 -5.97042719],[ 0.76316909 -3.03649231],[ 0.17602787 -0.07607296]
466,0.46600000000000036,[ 0.02936708 -0.9802748 ],[ 0.12480908 -5.97346368],[ 0.76555235 -3.00820543],[ 0.17579053 -0.07629223]
467,0.46700000000000036,[ 0.02949266 -0.98625128],[ 0.12557463 -5.97647189],[ 0.76791241 -2.98022636],[ 0.17555258 -0.07650914]
468,0.46800000000000036,[ 0.029619   -0.99223073],[ 0.12634254 -5.97945211],[ 0.7702492  -2.95255028],[ 0.17531402 -0.07672365]
469,0.46900000000000036,[ 0.02974611 -0.99821313],[ 0.12711279 -5.98240466],[ 0.77256263 -2.92517239],[ 0.17507487 -0.07693576]
470,0.47000000000000036,[ 0.029874   -1.00419846],[ 0.12788535 -5.98532983],[ 0.77485263 -2.89808791],[ 0.17483511 -0.07714544]
471,0.47100000000000036,[ 0.03000266 -1.01018669],[ 0.1286602  -5.98822792],[ 0.77711912 -2.87129207],[ 0.17459476 -0.07735267]
472,0.47200000000000036,[ 0.03013209 -1.01617779],[ 0.12943732 -5.99109921],[ 0.77936204 -2.84478009],[ 0.17435381 -0.07755745]
473,0.47300000000000036,[ 0.03026231 -1.02217173],[ 0.13021669 -5.99394399],[ 0.78158132 -2.81854724],[ 0.17411227 -0.07775974]
474,0.47400000000000037,[ 0.03039331 -1.0281685 ],[ 0.13099827 -5.99676254],[ 0.78377687 -2.79258879],[ 0.17387015 -0.07795954]
475,0.47500000000000037,[ 0.03052509 -1.03416805],[ 0.13178204 -5.99955513],[ 0.78594862 -2.76690002],[ 0.17362743 -0.07815683]
476,0.47600000000000037,[ 0.03065766 -1.04017037],[ 0.13256799 -6.00232203],[ 0.78809651 -2.74147624],[ 0.17338413 -0.07835158]
477,0.47700000000000037,[ 0.03079101 -1.04617544],[ 0.13335609 -6.00506351],[ 0.79022046 -2.71631276],[ 0.17314024 -0.07854379]
478,0.47800000000000037,[ 0.03092516 -1.05218322],[ 0.13414631 -6.00777982],[ 0.7923204  -2.69140492],[ 0.17289577 -0.07873343]
479,0.47900000000000037,[ 0.0310601  -1.05819369],[ 0.13493863 -6.01047122],[ 0.79439625 -2.66674806],[ 0.17265073 -0.07892049]
480,0.48000000000000037,[ 0.03119583 -1.06420683],[ 0.13573303 -6.01313797],[ 0.79644796 -2.64233755],[ 0.1724051  -0.07910495]
481,0.48100000000000037,[ 0.03133236 -1.07022261],[ 0.13652947 -6.01578031],[ 0.79847544 -2.61816877],[ 0.1721589 -0.0792868]
482,0.4820000000000004,[ 0.03146969 -1.076241  ],[ 0.13732795 -6.01839848],[ 0.80047863 -2.59423712],[ 0.17191213 -0.07946602]
483,0.4830000000000004,[ 0.03160782 -1.082262  ],[ 0.13812843 -6.02099272],[ 0.80245745 -2.57053801],[ 0.17166479 -0.07964259]
484,0.4840000000000004,[ 0.03174675 -1.08828556],[ 0.13893089 -6.02356325],[ 0.80441184 -2.54706687],[ 0.17141689 -0.0798165 ]
485,0.4850000000000004,[ 0.03188648 -1.09431167],[ 0.1397353  -6.02611032],[ 0.80634173 -2.52381915],[ 0.17116841 -0.07998774]
486,0.4860000000000004,[ 0.03202703 -1.1003403 ],[ 0.14054164 -6.02863414],[ 0.80824704 -2.5007903 ],[ 0.17091938 -0.08015629]
487,0.4870000000000004,[ 0.03216838 -1.10637144],[ 0.14134989 -6.03113493],[ 0.8101277  -2.47797582],[ 0.17066978 -0.08032213]
488,0.4880000000000004,[ 0.03231054 -1.11240505],[ 0.14216001 -6.03361291],[ 0.81198365 -2.4553712 ],[ 0.17041962 -0.08048525]
489,0.4890000000000004,[ 0.03245351 -1.11844112],[ 0.142972   -6.03606828],[ 0.81381482 -2.43297195],[ 0.17016891 -0.08064563]
490,0.4900000000000004,[ 0.03259729 -1.12447962],[ 0.14378581 -6.03850125],[ 0.81562113 -2.4107736 ],[ 0.16991765 -0.08080327]
491,0.4910000000000004,[ 0.0327419  -1.13052053],[ 0.14460143 -6.04091202],[ 0.81740253 -2.3887717 ],[ 0.16966583 -0.08095814]
492,0.4920000000000004,[ 0.03288731 -1.13656383],[ 0.14541884 -6.04330079],[ 0.81915892 -2.36696182],[ 0.16941346 -0.08111024]
493,0.4930000000000004,[ 0.03303355 -1.1426095 ],[ 0.14623799 -6.04566776],[ 0.82089026 -2.34533953],[ 0.16916055 -0.08125954]
494,0.4940000000000004,[ 0.03318061 -1.14865752],[ 0.14705889 -6.0480131 ],[ 0.82259646 -2.32390044],[ 0.16890709 -0.08140604]
495,0.4950000000000004,[ 0.03332849 -1.15470785],[ 0.14788148 -6.050337  ],[ 0.82427746 -2.30264017],[ 0.16865309 -0.08154973]
496,0.4960000000000004,[ 0.0334772  -1.16076049],[ 0.14870576 -6.05263964],[ 0.82593318 -2.28155434],[ 0.16839855 -0.08169058]
497,0.4970000000000004,[ 0.03362673 -1.16681541],[ 0.14953169 -6.05492119],[ 0.82756357 -2.2606386 ],[ 0.16814347 -0.08182859]
498,0.4980000000000004,[ 0.03377709 -1.1728726 ],[ 0.15035926 -6.05718183],[ 0.82916854 -2.23988864],[ 0.16788786 -0.08196374]
499,0.4990000000000004,[ 0.03392828 -1.17893202],[ 0.15118842 -6.05942172],[ 0.83074803 -2.21930012],[ 0.16763172 -0.08209603]
500,0.5000000000000003,[ 0.0340803  -1.18499366],[ 0.15201917 -6.06164102],[ 0.83230196 -2.19886876],[ 0.16737504 -0.08222543]
501,0.5010000000000003,[ 0.03423315 -1.1910575 ],[ 0.15285147 -6.06383989],[ 0.83383028 -2.17859027],[ 0.16711784 -0.08235195]
502,0.5020000000000003,[ 0.03438683 -1.19712352],[ 0.1536853  -6.06601848],[ 0.83533289 -2.1584604 ],[ 0.16686011 -0.08247556]
503,0.5030000000000003,[ 0.03454135 -1.20319169],[ 0.15452064 -6.06817694],[ 0.83680975 -2.13847489],[ 0.16660186 -0.08259625]
504,0.5040000000000003,[ 0.03469671 -1.20926201],[ 0.15535745 -6.07031541],[ 0.83826076 -2.11862953],[ 0.16634309 -0.08271401]
505,0.5050000000000003,[ 0.03485291 -1.21533444],[ 0.15619571 -6.07243404],[ 0.83968588 -2.09892009],[ 0.1660838  -0.08282884]
506,0.5060000000000003,[ 0.03500994 -1.22140898],[ 0.15703539 -6.07453296],[ 0.84108501 -2.07934239],[ 0.16582399 -0.08294072]
507,0.5070000000000003,[ 0.03516782 -1.22748559],[ 0.15787648 -6.0766123 ],[ 0.84245809 -2.05989226],[ 0.16556367 -0.08304963]
508,0.5080000000000003,[ 0.03532654 -1.23356426],[ 0.15871894 -6.0786722 ],[ 0.84380505 -2.04056553],[ 0.16530284 -0.08315558]
509,0.5090000000000003,[ 0.0354861  -1.23964497],[ 0.15956274 -6.08071276],[ 0.84512582 -2.02135806],[ 0.16504151 -0.08325855]
510,0.5100000000000003,[ 0.03564651 -1.24572771],[ 0.16040787 -6.08273412],[ 0.84642032 -2.00226574],[ 0.16477966 -0.08335852]
511,0.5110000000000003,[ 0.03580776 -1.25181244],[ 0.16125429 -6.08473639],[ 0.84768848 -1.98328445],[ 0.16451732 -0.08345549]
512,0.5120000000000003,[ 0.03596987 -1.25789916],[ 0.16210198 -6.08671967],[ 0.84893024 -1.9644101 ],[ 0.16425447 -0.08354945]
513,0.5130000000000003,[ 0.03613282 -1.26398785],[ 0.16295091 -6.08868408],[ 0.85014551 -1.94563864],[ 0.16399112 -0.08364039]
514,0.5140000000000003,[ 0.03629662 -1.27007848],[ 0.16380105 -6.09062972],[ 0.85133423 -1.92696599],[ 0.16372728 -0.0837283 ]
515,0.5150000000000003,[ 0.03646127 -1.27617103],[ 0.16465239 -6.09255669],[ 0.85249631 -1.90838814],[ 0.16346295 -0.08381317]
516,0.5160000000000003,[ 0.03662677 -1.2822655 ],[ 0.16550488 -6.09446507],[ 0.85363169 -1.88990105],[ 0.16319812 -0.083895  ]
517,0.5170000000000003,[ 0.03679313 -1.28836185],[ 0.16635851 -6.09635497],[ 0.8547403  -1.87150072],[ 0.16293281 -0.08397376]
518,0.5180000000000003,[ 0.03696035 -1.29446008],[ 0.16721326 -6.09822647],[ 0.85582206 -1.85318318],[ 0.16266701 -0.08404946]
519,0.5190000000000003,[ 0.03712842 -1.30056016],[ 0.16806908 -6.10007966],[ 0.85687689 -1.83494445],[ 0.16240072 -0.08412209]
520,0.5200000000000004,[ 0.03729734 -1.30666207],[ 0.16892595 -6.1019146 ],[ 0.85790472 -1.81678058],[ 0.16213396 -0.08419163]
521,0.5210000000000004,[ 0.03746713 -1.31276581],[ 0.16978386 -6.10373138],[ 0.85890548 -1.79868765],[ 0.16186672 -0.08425809]
522,0.5220000000000004,[ 0.03763777 -1.31887134],[ 0.17064276 -6.10553007],[ 0.85987908 -1.78066173],[ 0.161599   -0.08432145]
523,0.5230000000000004,[ 0.03780927 -1.32497865],[ 0.17150264 -6.10731073],[ 0.86082547 -1.76269894],[ 0.16133081 -0.0843817 ]
524,0.5240000000000004,[ 0.03798163 -1.33108772],[ 0.17236347 -6.10907343],[ 0.86174455 -1.74479537],[ 0.16106215 -0.08443884]
525,0.5250000000000004,[ 0.03815486 -1.33719854],[ 0.17322521 -6.11081823],[ 0.86263626 -1.72694719],[ 0.16079302 -0.08449286]
526,0.5260000000000004,[ 0.03832895 -1.34331108],[ 0.17408785 -6.11254517],[ 0.86350052 -1.70915053],[ 0.16052343 -0.08454375]
527,0.5270000000000004,[ 0.0385039  -1.34942534],[ 0.17495135 -6.11425432],[ 0.86433725 -1.69140156],[ 0.16025337 -0.08459151]
528,0.5280000000000004,[ 0.03867971 -1.35554128],[ 0.17581569 -6.11594573],[ 0.86514637 -1.67369648],[ 0.15998286 -0.08463614]
529,0.5290000000000004,[ 0.03885639 -1.3616589 ],[ 0.17668083 -6.11761942],[ 0.86592782 -1.65603149],[ 0.15971189 -0.08467761]
530,0.5300000000000004,[ 0.03903394 -1.36777818],[ 0.17754676 -6.11927545],[ 0.8666815  -1.63840281],[ 0.15944046 -0.08471594]
531,0.5310000000000004,[ 0.03921236 -1.37389909],[ 0.17841344 -6.12091386],[ 0.86740736 -1.62080669],[ 0.15916858 -0.0847511 ]
532,0.5320000000000004,[ 0.03939164 -1.38002163],[ 0.17928085 -6.12253466],[ 0.8681053  -1.60323937],[ 0.15889625 -0.0847831 ]
533,0.5330000000000004,[ 0.03957178 -1.38614576],[ 0.18014896 -6.1241379 ],[ 0.86877525 -1.58569713],[ 0.15862347 -0.08481194]
534,0.5340000000000004,[ 0.0397528  -1.39227149],[ 0.18101773 -6.1257236 ],[ 0.86941713 -1.56817626],[ 0.15835025 -0.08483759]
535,0.5350000000000004,[ 0.03993469 -1.39839878],[ 0.18188715 -6.12729178],[ 0.87003087 -1.55067307],[ 0.15807659 -0.08486007]
536,0.5360000000000004,[ 0.04011745 -1.40452762],[ 0.18275718 -6.12884245],[ 0.87061639 -1.53318388],[ 0.15780249 -0.08487937]
537,0.5370000000000004,[ 0.04030107 -1.410658  ],[ 0.1836278  -6.13037563],[ 0.87117361 -1.51570504],[ 0.15752795 -0.08489548]
538,0.5380000000000004,[ 0.04048557 -1.41678989],[ 0.18449897 -6.13189134],[ 0.87170244 -1.49823291],[ 0.15725298 -0.08490839]
539,0.5390000000000004,[ 0.04067094 -1.42292328],[ 0.18537067 -6.13338957],[ 0.87220282 -1.48076385],[ 0.15697758 -0.0849181 ]
540,0.5400000000000004,[ 0.04085719 -1.42905815],[ 0.18624287 -6.13487034],[ 0.87267466 -1.46329427],[ 0.15670175 -0.08492462]
541,0.5410000000000004,[ 0.0410443  -1.43519448],[ 0.18711555 -6.13633363],[ 0.87311789 -1.44582057],[ 0.1564255  -0.08492793]
542,0.5420000000000004,[ 0.04123229 -1.44133226],[ 0.18798867 -6.13777945],[ 0.87353242 -1.42833919],[ 0.15614882 -0.08492802]
543,0.5430000000000004,[ 0.04142115 -1.44747147],[ 0.1888622  -6.13920779],[ 0.87391819 -1.41084656],[ 0.15587173 -0.08492491]
544,0.5440000000000004,[ 0.04161089 -1.45361209],[ 0.18973612 -6.14061864],[ 0.8742751  -1.39333916],[ 0.15559422 -0.08491858]
545,0.5450000000000004,[ 0.0418015 -1.4597541],[ 0.19061039 -6.14201197],[ 0.87460308 -1.37581345],[ 0.15531629 -0.08490903]
546,0.5460000000000004,[ 0.04199299 -1.46589749],[ 0.191485   -6.14338779],[ 0.87490205 -1.35826594],[ 0.15503795 -0.08489626]
547,0.5470000000000004,[ 0.04218535 -1.47204223],[ 0.1923599  -6.14474605],[ 0.87517193 -1.34069315],[ 0.1547592  -0.08488027]
548,0.5480000000000004,[ 0.04237858 -1.47818832],[ 0.19323507 -6.14608675],[ 0.87541265 -1.3230916 ],[ 0.15448005 -0.08486105]
549,0.5490000000000004,[ 0.04257269 -1.48433573],[ 0.19411048 -6.14740984],[ 0.87562411 -1.30545784],[ 0.15420049 -0.0848386 ]
550,0.5500000000000004,[ 0.04276768 -1.49048445],[ 0.19498611 -6.1487153 ],[ 0.87580626 -1.28778844],[ 0.15392053 -0.08481292]
551,0.5510000000000004,[ 0.04296354 -1.49663445],[ 0.19586191 -6.15000309],[ 0.875959   -1.27007999],[ 0.15364018 -0.084784  ]
552,0.5520000000000004,[ 0.04316028 -1.50278572],[ 0.19673787 -6.15127317],[ 0.87608226 -1.25232909],[ 0.15335943 -0.08475185]
553,0.5530000000000004,[ 0.04335789 -1.50893825],[ 0.19761395 -6.15252549],[ 0.87617595 -1.23453235],[ 0.15307828 -0.08471647]
554,0.5540000000000004,[ 0.04355638 -1.51509201],[ 0.19849013 -6.15376003],[ 0.87624001 -1.21668642],[ 0.15279675 -0.08467785]
555,0.5550000000000004,[ 0.04375575 -1.52124698],[ 0.19936637 -6.15497671],[ 0.87627434 -1.19878796],[ 0.15251483 -0.08463599]
556,0.5560000000000004,[ 0.04395599 -1.52740316],[ 0.20024264 -6.1561755 ],[ 0.87627888 -1.18083362],[ 0.15223253 -0.08459089]
557,0.5570000000000004,[ 0.04415711 -1.53356052],[ 0.20111892 -6.15735633],[ 0.87625355 -1.16282012],[ 0.15194985 -0.08454255]
558,0.5580000000000004,[ 0.0443591  -1.53971904],[ 0.20199518 -6.15851915],[ 0.87619826 -1.14474415],[ 0.15166679 -0.08449098]
559,0.5590000000000004,[ 0.04456198 -1.5458787 ],[ 0.20287137 -6.1596639 ],[ 0.87611294 -1.12660245],[ 0.15138335 -0.08443616]
560,0.5600000000000004,[ 0.04476572 -1.55203949],[ 0.20374749 -6.1607905 ],[ 0.87599751 -1.10839176],[ 0.15109955 -0.0843781 ]
561,0.5610000000000004,[ 0.04497035 -1.55820139],[ 0.20462349 -6.16189889],[ 0.8758519  -1.09010884],[ 0.15081537 -0.0843168 ]
562,0.5620000000000004,[ 0.04517585 -1.56436438],[ 0.20549934 -6.162989  ],[ 0.87567603 -1.07175049],[ 0.15053083 -0.08425227]
563,0.5630000000000004,[ 0.04538222 -1.57052844],[ 0.20637501 -6.16406075],[ 0.87546982 -1.05331349],[ 0.15024592 -0.08418449]
564,0.5640000000000004,[ 0.04558947 -1.57669355],[ 0.20725048 -6.16511407],[ 0.87523319 -1.03479468],[ 0.14996065 -0.08411347]
565,0.5650000000000004,[ 0.0457976 -1.5828597],[ 0.20812572 -6.16614886],[ 0.87496607 -1.01619089],[ 0.14967503 -0.08403922]
566,0.5660000000000004,[ 0.0460066  -1.58902687],[ 0.20900068 -6.16716505],[ 0.87466839 -0.99749898],[ 0.14938905 -0.08396173]
567,0.5670000000000004,[ 0.04621647 -1.59519503],[ 0.20987535 -6.16816255],[ 0.87434007 -0.97871582],[ 0.14910271 -0.08388101]
568,0.5680000000000004,[ 0.04642722 -1.60136417],[ 0.21074969 -6.16914127],[ 0.87398103 -0.95983832],[ 0.14881603 -0.08379706]
569,0.5690000000000004,[ 0.04663885 -1.60753427],[ 0.21162367 -6.1701011 ],[ 0.8735912  -0.94086339],[ 0.14852901 -0.08370987]
570,0.5700000000000004,[ 0.04685134 -1.61370531],[ 0.21249726 -6.17104197],[ 0.87317052 -0.92178797],[ 0.14824164 -0.08361945]
571,0.5710000000000004,[ 0.04706471 -1.61987728],[ 0.21337043 -6.17196376],[ 0.8727189 -0.902609 ],[ 0.14795393 -0.08352581]
572,0.5720000000000004,[ 0.04727896 -1.62605014],[ 0.21424315 -6.17286637],[ 0.87223627 -0.88332347],[ 0.14766588 -0.08342894]
573,0.5730000000000004,[ 0.04749407 -1.63222389],[ 0.21511539 -6.17374969],[ 0.87172256 -0.86392837],[ 0.1473775  -0.08332885]
574,0.5740000000000004,[ 0.04771006 -1.63839851],[ 0.21598711 -6.17461362],[ 0.87117771 -0.84442072],[ 0.14708879 -0.08322554]
575,0.5750000000000004,[ 0.04792692 -1.64457397],[ 0.21685829 -6.17545804],[ 0.87060163 -0.82479755],[ 0.14679974 -0.08311902]
576,0.5760000000000004,[ 0.04814465 -1.65075025],[ 0.21772889 -6.17628284],[ 0.86999427 -0.80505591],[ 0.14651038 -0.08300928]
577,0.5770000000000004,[ 0.04836325 -1.65692734],[ 0.21859888 -6.17708789],[ 0.86935555 -0.78519289],[ 0.14622069 -0.08289633]
578,0.5780000000000004,[ 0.04858271 -1.66310521],[ 0.21946824 -6.17787308],[ 0.86868541 -0.76520557],[ 0.14593068 -0.08278018]
579,0.5790000000000004,[ 0.04880305 -1.66928385],[ 0.22033693 -6.17863829],[ 0.86798377 -0.74509109],[ 0.14564036 -0.08266082]
580,0.5800000000000004,[ 0.04902426 -1.67546323],[ 0.22120491 -6.17938338],[ 0.86725058 -0.72484657],[ 0.14534972 -0.08253826]
581,0.5810000000000004,[ 0.04924633 -1.68164334],[ 0.22207216 -6.18010823],[ 0.86648576 -0.70446918],[ 0.14505877 -0.08241251]
582,0.5820000000000004,[ 0.04946927 -1.68782415],[ 0.22293865 -6.1808127 ],[ 0.86568926 -0.6839561 ],[ 0.14476752 -0.08228357]
583,0.5830000000000004,[ 0.04969307 -1.69400565],[ 0.22380434 -6.18149665],[ 0.86486101 -0.66330454],[ 0.14447596 -0.08215145]
584,0.5840000000000004,[ 0.04991774 -1.70018781],[ 0.2246692  -6.18215996],[ 0.86400094 -0.64251171],[ 0.1441841  -0.08201614]
585,0.5850000000000004,[ 0.05014327 -1.70637061],[ 0.2255332  -6.18280247],[ 0.863109   -0.62157488],[ 0.14389194 -0.08187766]
586,0.5860000000000004,[ 0.05036967 -1.71255403],[ 0.22639631 -6.18342404],[ 0.86218513 -0.6004913 ],[ 0.14359949 -0.081736  ]
587,0.5870000000000004,[ 0.05059693 -1.71873806],[ 0.22725849 -6.18402453],[ 0.86122927 -0.57925828],[ 0.14330675 -0.08159118]
588,0.5880000000000004,[ 0.05082505 -1.72492266],[ 0.22811972 -6.18460379],[ 0.86024135 -0.55787313],[ 0.14301371 -0.0814432 ]
589,0.5890000000000004,[ 0.05105403 -1.73110782],[ 0.22897996 -6.18516167],[ 0.85922134 -0.53633318],[ 0.14272039 -0.08129207]
590,0.5900000000000004,[ 0.05128387 -1.73729352],[ 0.22983918 -6.185698  ],[ 0.85816916 -0.51463581],[ 0.14242679 -0.08113778]
591,0.5910000000000004,[ 0.05151456 -1.74347974],[ 0.23069735 -6.18621264],[ 0.85708476 -0.49277839],[ 0.14213291 -0.08098036]
592,0.5920000000000004,[ 0.05174612 -1.74966644],[ 0.23155444 -6.18670541],[ 0.8559681  -0.47075834],[ 0.14183875 -0.0808198 ]
593,0.5930000000000004,[ 0.05197853 -1.75585362],[ 0.23241041 -6.18717617],[ 0.85481912 -0.44857309],[ 0.14154432 -0.08065611]
594,0.5940000000000004,[ 0.05221179 -1.76204124],[ 0.23326522 -6.18762475],[ 0.85363777 -0.4262201 ],[ 0.14124962 -0.08048929]
595,0.5950000000000004,[ 0.05244591 -1.76822929],[ 0.23411886 -6.18805097],[ 0.85242401 -0.40369685],[ 0.14095466 -0.08031936]
596,0.5960000000000004,[ 0.05268088 -1.77441775],[ 0.23497129 -6.18845466],[ 0.85117779 -0.38100085],[ 0.14065942 -0.08014632]
597,0.5970000000000004,[ 0.05291671 -1.78060658],[ 0.23582246 -6.18883566],[ 0.84989905 -0.35812963],[ 0.14036393 -0.07997018]
598,0.5980000000000004,[ 0.05315338 -1.78679578],[ 0.23667236 -6.18919379],[ 0.84858777 -0.33508075],[ 0.14006818 -0.07979094]
599,0.5990000000000004,[ 0.0533909  -1.79298531],[ 0.23752095 -6.18952887],[ 0.8472439  -0.31185179],[ 0.13977218 -0.07960861]
600,0.6000000000000004,[ 0.05362927 -1.79917515],[ 0.23836819 -6.18984073],[ 0.84586739 -0.28844036],[ 0.13947592 -0.07942321]
601,0.6010000000000004,[ 0.05386848 -1.80536528],[ 0.23921406 -6.19012917],[ 0.84445821 -0.26484411],[ 0.13917942 -0.07923473]
602,0.6020000000000004,[ 0.05410854 -1.81155567],[ 0.24005852 -6.19039401],[ 0.84301633 -0.24106068],[ 0.13888267 -0.07904319]
603,0.6030000000000004,[ 0.05434944 -1.8177463 ],[ 0.24090154 -6.19063507],[ 0.84154171 -0.21708777],[ 0.13858568 -0.07884859]
604,0.6040000000000004,[ 0.05459119 -1.82393716],[ 0.24174308 -6.19085216],[ 0.84003431 -0.1929231 ],[ 0.13828845 -0.07865095]
605,0.6050000000000004,[ 0.05483377 -1.8301282 ],[ 0.24258311 -6.19104508],[ 0.83849411 -0.1685644 ],[ 0.13799098 -0.07845027]
606,0.6060000000000004,[ 0.05507719 -1.83631942],[ 0.24342161 -6.19121365],[ 0.83692107 -0.14400945],[ 0.13769329 -0.07824656]
607,0.6070000000000004,[ 0.05532145 -1.84251077],[ 0.24425853 -6.19135765],[ 0.83531518 -0.11925604],[ 0.13739536 -0.07803983]
608,0.6080000000000004,[ 0.05556654 -1.84870225],[ 0.24509384 -6.19147691],[ 0.8336764 -0.094302 ],[ 0.13709721 -0.07783008]
609,0.6090000000000004,[ 0.05581247 -1.85489382],[ 0.24592752 -6.19157121],[ 0.83200472 -0.06914519],[ 0.13679883 -0.07761734]
610,0.6100000000000004,[ 0.05605923 -1.86108546],[ 0.24675952 -6.19164036],[ 0.83030011 -0.04378349],[ 0.13650024 -0.0774016 ]
611,0.6110000000000004,[ 0.05630682 -1.86727715],[ 0.24758982 -6.19168414],[ 0.82856255 -0.01821481],[ 0.13620143 -0.07718288]
612,0.6120000000000004,[ 0.05655524 -1.87346885],[ 0.24841839 -6.19170236],[0.82679203 0.00756291],[ 0.13590241 -0.07696119]
613,0.6130000000000004,[ 0.05680448 -1.87966054],[ 0.24924518 -6.19169479],[0.82498854 0.03355169],[ 0.13560317 -0.07673653]
614,0.6140000000000004,[ 0.05705455 -1.8858522 ],[ 0.25007017 -6.19166124],[0.82315207 0.05975354],[ 0.13530373 -0.07650892]
615,0.6150000000000004,[ 0.05730545 -1.89204381],[ 0.25089332 -6.19160149],[0.8212826  0.08617043],[ 0.13500409 -0.07627837]
616,0.6160000000000004,[ 0.05755716 -1.89823532],[ 0.2517146  -6.19151532],[0.81938013 0.11280429],[ 0.13470425 -0.07604488]
617,0.6170000000000004,[ 0.05780969 -1.90442672],[ 0.25253398 -6.19140251],[0.81744465 0.13965703],[ 0.13440421 -0.07580848]
618,0.6180000000000004,[ 0.05806305 -1.91061799],[ 0.25335143 -6.19126286],[0.81547618 0.16673053],[ 0.13410398 -0.07556916]
619,0.6190000000000004,[ 0.05831721 -1.91680908],[ 0.2541669  -6.19109613],[0.8134747  0.19402664],[ 0.13380356 -0.07532694]
620,0.6200000000000004,[ 0.05857219 -1.92299998],[ 0.25498038 -6.1909021 ],[0.81144022 0.22154716],[ 0.13350295 -0.07508184]
621,0.6210000000000004,[ 0.05882799 -1.92919067],[ 0.25579182 -6.19068055],[0.80937275 0.24929388],[ 0.13320215 -0.07483386]
622,0.6220000000000004,[ 0.05908459 -1.9353811 ],[ 0.25660119 -6.19043126],[0.80727229 0.27726855],[ 0.13290118 -0.07458301]
623,0.6230000000000004,[ 0.059342   -1.94157125],[ 0.25740846 -6.19015399],[0.80513887 0.30547289],[ 0.13260003 -0.07432931]
624,0.6240000000000004,[ 0.05960021 -1.9477611 ],[ 0.2582136  -6.18984852],[0.80297249 0.33390858],[ 0.1322987  -0.07407277]
625,0.6250000000000004,[ 0.05985923 -1.95395061],[ 0.25901657 -6.18951461],[0.80077318 0.36257728],[ 0.13199721 -0.07381339]
626,0.6260000000000004,[ 0.06011904 -1.96013977],[ 0.25981735 -6.18915203],[0.79854095 0.39148059],[ 0.13169554 -0.0735512 ]
627,0.6270000000000004,[ 0.06037966 -1.96632853],[ 0.26061589 -6.18876055],[0.79627583 0.42062012],[ 0.13139372 -0.0732862 ]
628,0.6280000000000004,[ 0.06064107 -1.97251687],[ 0.26141216 -6.18833993],[0.79397784 0.4499974 ],[ 0.13109173 -0.07301842]
629,0.6290000000000004,[ 0.06090328 -1.97870476],[ 0.26220614 -6.18788993],[0.79164703 0.47961395],[ 0.13078959 -0.07274785]
630,0.6300000000000004,[ 0.06116627 -1.98489217],[ 0.26299779 -6.18741032],[0.78928341 0.50947126],[ 0.13048729 -0.07247451]
631,0.6310000000000004,[ 0.06143006 -1.99107907],[ 0.26378707 -6.18690085],[0.78688703 0.53957077],[ 0.13018484 -0.07219841]
632,0.6320000000000005,[ 0.06169464 -1.99726543],[ 0.26457396 -6.18636128],[0.78445792 0.5699139 ],[ 0.12988224 -0.07191958]
633,0.6330000000000005,[ 0.06195999 -2.00345122],[ 0.26535842 -6.18579136],[0.78199613 0.60050202],[ 0.1295795  -0.07163802]
634,0.6340000000000005,[ 0.06222613 -2.00963641],[ 0.26614041 -6.18519086],[0.77950171 0.63133648],[ 0.12927661 -0.07135374]
635,0.6350000000000005,[ 0.06249305 -2.01582097],[ 0.26691992 -6.18455952],[0.77697471 0.66241857],[ 0.12897359 -0.07106676]
636,0.6360000000000005,[ 0.06276075 -2.02200487],[ 0.26769689 -6.18389711],[0.77441517 0.69374958],[ 0.12867044 -0.07077709]
637,0.6370000000000005,[ 0.06302922 -2.02818807],[ 0.2684713  -6.18320336],[0.77182316 0.72533073],[ 0.12836715 -0.07048474]
638,0.6380000000000005,[ 0.06329847 -2.03437055],[ 0.26924313 -6.18247803],[0.76919873 0.75716322],[ 0.12806374 -0.07018974]
639,0.6390000000000005,[ 0.06356848 -2.04055227],[ 0.27001233 -6.18172086],[0.76654195 0.78924821],[ 0.1277602  -0.06989209]
640,0.6400000000000005,[ 0.06383926 -2.0467332 ],[ 0.27077887 -6.18093161],[0.76385289 0.82158682],[ 0.12745654 -0.06959181]
641,0.6410000000000005,[ 0.0641108  -2.05291331],[ 0.27154272 -6.18011003],[0.76113161 0.85418014],[ 0.12715277 -0.06928891]
642,0.6420000000000005,[ 0.0643831  -2.05909257],[ 0.27230385 -6.17925585],[0.75837819 0.88702923],[ 0.12684887 -0.0689834 ]
643,0.6430000000000005,[ 0.06465617 -2.06527094],[ 0.27306223 -6.17836882],[0.75559271 0.92013508],[ 0.12654487 -0.06867531]
644,0.6440000000000005,[ 0.06492998 -2.07144838],[ 0.27381782 -6.17744868],[0.75277525 0.95349868],[ 0.12624076 -0.06836464]
645,0.6450000000000005,[ 0.06520455 -2.07762488],[ 0.2745706  -6.17649518],[0.7499259  0.98712095],[ 0.12593655 -0.06805141]
646,0.6460000000000005,[ 0.06547987 -2.08380039],[ 0.27532053 -6.17550806],[0.74704475 1.02100281],[ 0.12563223 -0.06773564]
647,0.6470000000000005,[ 0.06575594 -2.08997487],[ 0.27606757 -6.17448706],[0.74413188 1.05514509],[ 0.12532782 -0.06741734]
648,0.6480000000000005,[ 0.06603275 -2.09614831],[ 0.2768117  -6.17343192],[0.7411874  1.08954863],[ 0.12502331 -0.06709652]
649,0.6490000000000005,[ 0.06631031 -2.10232065],[ 0.27755289 -6.17234237],[0.7382114  1.12421421],[ 0.12471871 -0.06677321]
650,0.6500000000000005,[ 0.0665886  -2.10849187],[ 0.2782911  -6.17121815],[0.735204   1.15914256],[ 0.12441402 -0.06644741]
651,0.6510000000000005,[ 0.06686762 -2.11466193],[ 0.2790263  -6.17005901],[0.7321653 1.1943344],[ 0.12410925 -0.06611914]
652,0.6520000000000005,[ 0.06714738 -2.12083079],[ 0.27975847 -6.16886468],[0.72909541 1.22979038],[ 0.12380439 -0.06578842]
653,0.6530000000000005,[ 0.06742787 -2.12699843],[ 0.28048757 -6.16763489],[0.72599445 1.26551114],[ 0.12349946 -0.06545527]
654,0.6540000000000005,[ 0.06770908 -2.1331648 ],[ 0.28121356 -6.16636937],[0.72286254 1.30149725],[ 0.12319445 -0.06511969]
655,0.6550000000000005,[ 0.06799102 -2.13932986],[ 0.28193642 -6.16506788],[0.71969981 1.33774926],[ 0.12288937 -0.06478171]
656,0.6560000000000005,[ 0.06827368 -2.14549359],[ 0.28265612 -6.16373013],[0.71650639 1.37426768],[ 0.12258423 -0.06444134]
657,0.6570000000000005,[ 0.06855705 -2.15165595],[ 0.28337263 -6.16235586],[0.7132824  1.41105298],[ 0.12227902 -0.0640986 ]
658,0.6580000000000005,[ 0.06884113 -2.15781689],[ 0.28408591 -6.16094481],[0.71002799 1.44810557],[ 0.12197374 -0.0637535 ]
659,0.6590000000000005,[ 0.06912593 -2.16397639],[ 0.28479594 -6.1594967 ],[0.7067433  1.48542586],[ 0.12166841 -0.06340607]
660,0.6600000000000005,[ 0.06941143 -2.1701344 ],[ 0.28550268 -6.15801128],[0.70342848 1.52301418],[ 0.12136302 -0.06305631]
661,0.6610000000000005,[ 0.06969764 -2.17629089],[ 0.28620611 -6.15648826],[0.70008367 1.56087085],[ 0.12105759 -0.06270424]
662,0.6620000000000005,[ 0.06998455 -2.18244582],[ 0.28690619 -6.15492739],[0.69670903 1.59899612],[ 0.1207521  -0.06234988]
663,0.6630000000000005,[ 0.07027215 -2.18859915],[ 0.2876029  -6.15332839],[0.69330472 1.63739023],[ 0.12044657 -0.06199325]
664,0.6640000000000005,[ 0.07056044 -2.19475084],[ 0.28829621 -6.151691  ],[0.6898709  1.67605337],[ 0.12014099 -0.06163437]
665,0.6650000000000005,[ 0.07084943 -2.20090085],[ 0.28898608 -6.15001495],[0.68640774 1.71498567],[ 0.11983538 -0.06127325]
666,0.6660000000000005,[ 0.0711391  -2.20704915],[ 0.28967249 -6.14829997],[0.68291541 1.75418725],[ 0.11952973 -0.0609099 ]
667,0.6670000000000005,[ 0.07142946 -2.2131957 ],[ 0.2903554  -6.14654578],[0.67939409 1.79365816],[ 0.11922405 -0.06054435]
668,0.6680000000000005,[ 0.07172049 -2.21934045],[ 0.2910348  -6.14475212],[0.67584395 1.83339845],[ 0.11891834 -0.06017661]
669,0.6690000000000005,[ 0.0720122  -2.22548337],[ 0.29171064 -6.14291872],[0.67226519 1.87340809],[ 0.11861261 -0.05980671]
670,0.6700000000000005,[ 0.07230459 -2.23162441],[ 0.29238291 -6.14104531],[0.668658   1.91368703],[ 0.11830685 -0.05943465]
671,0.6710000000000005,[ 0.07259764 -2.23776355],[ 0.29305156 -6.13913163],[0.66502256 1.95423518],[ 0.11800107 -0.05906045]
672,0.6720000000000005,[ 0.07289136 -2.24390072],[ 0.29371659 -6.13717739],[0.66135907 1.9950524 ],[ 0.11769528 -0.05868414]
673,0.6730000000000005,[ 0.07318573 -2.25003591],[ 0.29437795 -6.13518234],[0.65766774 2.03613852],[ 0.11738947 -0.05830573]
674,0.6740000000000005,[ 0.07348077 -2.25616905],[ 0.29503561 -6.1331462 ],[0.65394878 2.07749333],[ 0.11708366 -0.05792523]
675,0.6750000000000005,[ 0.07377646 -2.26230012],[ 0.29568956 -6.13106871],[0.65020239 2.11911658],[ 0.11677784 -0.05754267]
676,0.6760000000000005,[ 0.0740728  -2.26842907],[ 0.29633976 -6.12894959],[0.6464288  2.16100797],[ 0.11647201 -0.05715807]
677,0.6770000000000005,[ 0.07436978 -2.27455586],[ 0.29698619 -6.12678858],[0.64262821 2.20316717],[ 0.11616619 -0.05677143]
678,0.6780000000000005,[ 0.07466741 -2.28068044],[ 0.29762882 -6.12458542],[0.63880087 2.24559381],[ 0.11586036 -0.05638279]
679,0.6790000000000005,[ 0.07496568 -2.28680278],[ 0.29826762 -6.12233982],[0.63494699 2.28828749],[ 0.11555455 -0.05599215]
680,0.6800000000000005,[ 0.07526458 -2.29292284],[ 0.29890257 -6.12005153],[0.63106682 2.33124775],[ 0.11524874 -0.05559954]
681,0.6810000000000005,[ 0.07556412 -2.29904056],[ 0.29953364 -6.11772029],[0.62716058 2.37447411],[ 0.11494295 -0.05520498]
682,0.6820000000000005,[ 0.07586428 -2.3051559 ],[ 0.3001608  -6.11534581],[0.62322852 2.41796605],[ 0.11463717 -0.05480847]
683,0.6830000000000005,[ 0.07616506 -2.31126883],[ 0.30078402 -6.11292785],[0.61927089 2.46172301],[ 0.11433141 -0.05441005]
684,0.6840000000000005,[ 0.07646647 -2.3173793 ],[ 0.3014033  -6.11046612],[0.61528794 2.50574437],[ 0.11402568 -0.05400973]
685,0.6850000000000005,[ 0.07676848 -2.32348726],[ 0.30201858 -6.10796038],[0.61127993 2.55002952],[ 0.11371996 -0.05360752]
686,0.6860000000000005,[ 0.07707111 -2.32959267],[ 0.30262986 -6.10541035],[0.60724712 2.59457776],[ 0.11341428 -0.05320345]
687,0.6870000000000005,[ 0.07737435 -2.33569548],[ 0.30323711 -6.10281577],[0.60318976 2.63938839],[ 0.11310863 -0.05279753]
688,0.6880000000000005,[ 0.07767819 -2.34179566],[ 0.3038403  -6.10017638],[0.59910814 2.68446066],[ 0.11280301 -0.05238979]
689,0.6890000000000005,[ 0.07798263 -2.34789315],[ 0.30443941 -6.09749192],[0.59500252 2.72979379],[ 0.11249743 -0.05198024]
690,0.6900000000000005,[ 0.07828766 -2.35398791],[ 0.30503441 -6.09476213],[0.59087317 2.77538694],[ 0.11219189 -0.05156889]
691,0.6910000000000005,[ 0.07859329 -2.3600799 ],[ 0.30562528 -6.09198674],[0.58672039 2.82123927],[ 0.1118864  -0.05115578]
692,0.6920000000000005,[ 0.0788995  -2.36616906],[ 0.306212  -6.0891655],[0.58254446 2.86734988],[ 0.11158095 -0.05074092]
693,0.6930000000000005,[ 0.0792063  -2.37225536],[ 0.30679455 -6.08629815],[0.57834567 2.91371785],[ 0.11127555 -0.05032432]
694,0.6940000000000005,[ 0.07951367 -2.37833875],[ 0.30737289 -6.08338443],[0.57412431 2.96034221],[ 0.1109702 -0.049906 ]
695,0.6950000000000005,[ 0.07982162 -2.38441917],[ 0.30794702 -6.08042409],[0.56988069 3.00722196],[ 0.11066491 -0.04948599]
696,0.6960000000000005,[ 0.08013013 -2.39049659],[ 0.3085169  -6.07741687],[0.56561509 3.05435607],[ 0.11035968 -0.04906431]
697,0.6970000000000005,[ 0.08043922 -2.39657095],[ 0.30908251 -6.07436251],[0.56132784 3.10174349],[ 0.11005451 -0.04864096]
698,0.6980000000000005,[ 0.08074886 -2.40264221],[ 0.30964384 -6.07126077],[0.55701925 3.1493831 ],[ 0.10974941 -0.04821597]
699,0.6990000000000005,[ 0.08105906 -2.40871032],[ 0.31020086 -6.06811139],[0.55268962 3.19727378],[ 0.10944437 -0.04778937]
700,0.7000000000000005,[ 0.08136981 -2.41477524],[ 0.31075355 -6.06491411],[0.54833928 3.24541437],[ 0.1091394  -0.04736116]
701,0.7010000000000005,[ 0.08168112 -2.42083691],[ 0.31130189 -6.0616687 ],[0.54396855 3.29380367],[ 0.10883451 -0.04693137]
702,0.7020000000000005,[ 0.08199296 -2.42689528],[ 0.31184586 -6.0583749 ],[0.53957775 3.34244046],[ 0.10852969 -0.04650002]
703,0.7030000000000005,[ 0.08230535 -2.43295031],[ 0.31238544 -6.05503246],[0.53516723 3.39132347],[ 0.10822496 -0.04606712]
704,0.7040000000000005,[ 0.08261827 -2.43900195],[ 0.3129206  -6.05164113],[0.53073731 3.44045143],[ 0.1079203 -0.0456327]
705,0.7050000000000005,[ 0.08293172 -2.44505015],[ 0.31345134 -6.04820068],[0.52628832 3.48982301],[ 0.10761573 -0.04519677]
706,0.7060000000000005,[ 0.0832457  -2.45109487],[ 0.31397763 -6.04471086],[0.52182063 3.53943687],[ 0.10731125 -0.04475935]
707,0.7070000000000005,[ 0.0835602  -2.45713604],[ 0.31449945 -6.04117142],[0.51733456 3.58929163],[ 0.10700686 -0.04432047]
708,0.7080000000000005,[ 0.08387521 -2.46317362],[ 0.31501679 -6.03758213],[0.51283048 3.63938589],[ 0.10670256 -0.04388013]
709,0.7090000000000005,[ 0.08419074 -2.46920756],[ 0.31552962 -6.03394274],[0.50830872 3.68971822],[ 0.10639836 -0.04343837]
710,0.7100000000000005,[ 0.08450678 -2.47523781],[ 0.31603792 -6.03025302],[0.50376966 3.74028715],[ 0.10609426 -0.04299519]
711,0.7110000000000005,[ 0.08482332 -2.48126433],[ 0.31654169 -6.02651274],[0.49921364 3.7910912 ],[ 0.10579026 -0.04255063]
712,0.7120000000000005,[ 0.08514036 -2.48728705],[ 0.31704091 -6.02272165],[0.49464104 3.84212885],[ 0.10548636 -0.04210469]
713,0.7130000000000005,[ 0.0854579  -2.49330593],[ 0.31753555 -6.01887952],[0.49005223 3.89339858],[ 0.10518258 -0.04165739]
714,0.7140000000000005,[ 0.08577592 -2.49932091],[ 0.3180256  -6.01498612],[0.48544756 3.94489882],[ 0.1048789  -0.04120876]
715,0.7150000000000005,[ 0.08609444 -2.50533196],[ 0.31851105 -6.01104122],[0.48082742 3.99662797],[ 0.10457534 -0.04075882]
716,0.7160000000000005,[ 0.08641343 -2.511339  ],[ 0.31899188 -6.00704459],[0.47619217 4.04858443],[ 0.10427189 -0.04030758]
717,0.7170000000000005,[ 0.0867329 -2.517342 ],[ 0.31946807 -6.00299601],[0.47154222 4.10076656],[ 0.10396856 -0.03985506]
718,0.7180000000000005,[ 0.08705284 -2.52334089],[ 0.31993961 -5.99889524],[0.46687792 4.15317271],[ 0.10366535 -0.03940128]
719,0.7190000000000005,[ 0.08737324 -2.52933563],[ 0.32040649 -5.99474207],[0.46219968 4.20580119],[ 0.10336226 -0.03894627]
720,0.7200000000000005,[ 0.08769411 -2.53532617],[ 0.32086869 -5.99053627],[0.45750787 4.25865031],[ 0.10305931 -0.03849003]
721,0.7210000000000005,[ 0.08801544 -2.54131245],[ 0.3213262  -5.98627762],[0.4528029  4.31171834],[ 0.10275648 -0.03803259]
722,0.7220000000000005,[ 0.08833722 -2.54729441],[ 0.321779  -5.9819659],[0.44808516 4.36500354],[ 0.10245378 -0.03757397]
723,0.7230000000000005,[ 0.08865944 -2.55327201],[ 0.32222708 -5.9776009 ],[0.44335504 4.41850414],[ 0.10215122 -0.03711419]
724,0.7240000000000005,[ 0.08898211 -2.5592452 ],[ 0.32267044 -5.97318239],[0.43861294 4.47221838],[ 0.10184879 -0.03665326]
725,0.7250000000000005,[ 0.08930522 -2.56521391],[ 0.32310905 -5.96871017],[0.43385926 4.52614443],[ 0.1015465  -0.03619121]
726,0.7260000000000005,[ 0.08962877 -2.57117809],[ 0.32354291 -5.96418403],[0.42909442 4.5802805 ],[ 0.10124436 -0.03572805]
727,0.7270000000000005,[ 0.08995274 -2.57713769],[ 0.32397201 -5.95960375],[0.42431882 4.63462474],[ 0.10094236 -0.03526381]
728,0.7280000000000005,[ 0.09027713 -2.58309266],[ 0.32439632 -5.95496912],[0.41953287 4.68917531],[ 0.1006405  -0.03479849]
729,0.7290000000000005,[ 0.09060195 -2.58904294],[ 0.32481586 -5.95027995],[0.41473697 4.74393033],[ 0.1003388  -0.03433213]
730,0.7300000000000005,[ 0.09092718 -2.59498848],[ 0.32523059 -5.94553602],[0.40993155 4.79888792],[ 0.10003724 -0.03386474]
731,0.7310000000000005,[ 0.09125282 -2.60092922],[ 0.32564053 -5.94073713],[0.40511702 4.8540462 ],[ 0.09973584 -0.03339633]
732,0.7320000000000005,[ 0.09157887 -2.6068651 ],[ 0.32604564 -5.93588308],[0.4002938  4.90940324],[ 0.0994346  -0.03292693]
733,0.7330000000000005,[ 0.09190531 -2.61279607],[ 0.32644594 -5.93097368],[0.39546231 4.96495712],[ 0.09913352 -0.03245656]
734,0.7340000000000005,[ 0.09223215 -2.61872208],[ 0.3268414  -5.92600872],[0.39062297 5.02070591],[ 0.09883259 -0.03198524]
735,0.7350000000000005,[ 0.09255939 -2.62464307],[ 0.32723202 -5.92098802],[0.38577621 5.07664765],[ 0.09853183 -0.03151297]
736,0.7360000000000005,[ 0.092887   -2.63055898],[ 0.3276178  -5.91591137],[0.38092244 5.13278039],[ 0.09823124 -0.03103979]
737,0.7370000000000005,[ 0.093215   -2.63646976],[ 0.32799872 -5.91077859],[0.3760621  5.18910216],[ 0.09793082 -0.03056571]
738,0.7380000000000005,[ 0.09354338 -2.64237535],[ 0.32837478 -5.90558949],[0.37119562 5.24561096],[ 0.09763056 -0.03009075]
739,0.7390000000000005,[ 0.09387212 -2.64827569],[ 0.32874598 -5.90034388],[0.36632343 5.30230482],[ 0.09733048 -0.02961493]
740,0.7400000000000005,[ 0.09420124 -2.65417074],[ 0.3291123  -5.89504157],[0.36144595 5.35918174],[ 0.09703058 -0.02913826]
741,0.7410000000000005,[ 0.09453071 -2.66006042],[ 0.32947375 -5.88968239],[0.35656362 5.41623969],[ 0.09673085 -0.02866077]
742,0.7420000000000005,[ 0.09486054 -2.66594468],[ 0.32983031 -5.88426615],[0.35167687 5.47347668],[ 0.0964313  -0.02818247]
743,0.7430000000000005,[ 0.09519072 -2.67182348],[ 0.33018199 -5.87879267],[0.34678614 5.53089066],[ 0.09613193 -0.02770339]
744,0.7440000000000005,[ 0.09552125 -2.67769674],[ 0.33052877 -5.87326178],[0.34189187 5.58847963],[ 0.09583275 -0.02722354]
745,0.7450000000000006,[ 0.09585212 -2.68356441],[ 0.33087067 -5.8676733 ],[0.33699448 5.64624153],[ 0.09553375 -0.02674293]
746,0.7460000000000006,[ 0.09618333 -2.68942644],[ 0.33120766 -5.86202706],[0.33209443 5.70417433],[ 0.09523494 -0.0262616 ]
747,0.7470000000000006,[ 0.09651487 -2.69528276],[ 0.33153976 -5.85632289],[0.32719213 5.76227598],[ 0.09493632 -0.02577954]
748,0.7480000000000006,[ 0.09684673 -2.70113332],[ 0.33186695 -5.85056061],[0.32228805 5.82054443],[ 0.09463789 -0.0252968 ]
749,0.7490000000000006,[ 0.09717892 -2.70697806],[ 0.33218924 -5.84474007],[0.3173826  5.87897763],[ 0.09433966 -0.02481338]
750,0.7500000000000006,[ 0.09751143 -2.71281692],[ 0.33250662 -5.83886109],[0.31247624 5.93757352],[ 0.09404162 -0.02432929]
751,0.7510000000000006,[ 0.09784425 -2.71864985],[ 0.33281909 -5.83292352],[0.3075694  5.99633004],[ 0.09374378 -0.02384457]
752,0.7520000000000006,[ 0.09817738 -2.72447677],[ 0.33312666 -5.82692719],[0.30266252 6.05524513],[ 0.09344615 -0.02335922]
753,0.7530000000000006,[ 0.09851081 -2.73029765],[ 0.33342933 -5.82087194],[0.29775604 6.11431672],[ 0.09314871 -0.02287327]
754,0.7540000000000006,[ 0.09884453 -2.7361124 ],[ 0.33372708 -5.81475762],[0.29285041 6.17354276],[ 0.09285148 -0.02238674]
755,0.7550000000000006,[ 0.09917855 -2.74192099],[ 0.33401993 -5.80858408],[0.28794605 6.23292118],[ 0.09255446 -0.02189963]
756,0.7560000000000006,[ 0.09951286 -2.74772334],[ 0.33430788 -5.80235116],[0.28304342 6.29244991],[ 0.09225764 -0.02141197]
757,0.7570000000000006,[ 0.09984745 -2.7535194 ],[ 0.33459092 -5.79605871],[0.27814296 6.35212689],[ 0.09196103 -0.02092378]
758,0.7580000000000006,[ 0.10018232 -2.7593091 ],[ 0.33486906 -5.78970658],[0.27324509 6.41195005],[ 0.09166464 -0.02043508]
759,0.7590000000000006,[ 0.10051746 -2.7650924 ],[ 0.33514231 -5.78329463],[0.26835026 6.47191734],[ 0.09136846 -0.01994588]
760,0.7600000000000006,[ 0.10085287 -2.77086922],[ 0.33541066 -5.77682272],[0.26345891 6.5320267 ],[ 0.09107249 -0.0194562 ]
761,0.7610000000000006,[ 0.10118855 -2.77663951],[ 0.33567412 -5.77029069],[0.25857148 6.59227607],[ 0.09077674 -0.01896606]
762,0.7620000000000006,[ 0.10152448 -2.78240321],[ 0.33593269 -5.76369841],[0.2536884  6.65266339],[ 0.09048121 -0.01847547]
763,0.7630000000000006,[ 0.10186067 -2.78816026],[ 0.33618638 -5.75704575],[0.24881012 6.71318661],[ 0.09018591 -0.01798446]
764,0.7640000000000006,[ 0.1021971  -2.79391059],[ 0.33643519 -5.75033256],[0.24393705 6.77384368],[ 0.08989082 -0.01749304]
765,0.7650000000000006,[ 0.10253378 -2.79965415],[ 0.33667913 -5.74355872],[0.23906965 6.83463257],[ 0.08959596 -0.01700123]
766,0.7660000000000006,[ 0.1028707  -2.80539087],[ 0.3369182  -5.73672409],[0.23420834 6.89555123],[ 0.08930132 -0.01650905]
767,0.7670000000000006,[ 0.10320785 -2.8111207 ],[ 0.3371524  -5.72982853],[0.22935355 6.95659763],[ 0.08900691 -0.01601651]
768,0.7680000000000006,[ 0.10354523 -2.81684357],[ 0.33738176 -5.72287194],[0.22450572 7.01776974],[ 0.08871274 -0.01552363]
769,0.7690000000000006,[ 0.10388284 -2.82255943],[ 0.33760626 -5.71585417],[0.21966527 7.07906553],[ 0.08841879 -0.01503044]
770,0.7700000000000006,[ 0.10422067 -2.8282682 ],[ 0.33782593 -5.7087751 ],[0.21483263 7.14048299],[ 0.08812507 -0.01453694]
771,0.7710000000000006,[ 0.10455871 -2.83396984],[ 0.33804076 -5.70163462],[0.21000824 7.2020201 ],[ 0.08783159 -0.01404315]
772,0.7720000000000006,[ 0.10489696 -2.83966427],[ 0.33825077 -5.6944326 ],[0.20519251 7.26367486],[ 0.08753835 -0.01354909]
773,0.7730000000000006,[ 0.10523541 -2.84535144],[ 0.33845596 -5.68716892],[0.20038586 7.32544527],[ 0.08724534 -0.01305478]
774,0.7740000000000006,[ 0.10557407 -2.85103128],[ 0.33865635 -5.67984348],[0.19558873 7.38732934],[ 0.08695257 -0.01256024]
775,0.7750000000000006,[ 0.10591292 -2.85670374],[ 0.33885194 -5.67245615],[0.19080152 7.44932508],[ 0.08666004 -0.01206548]
776,0.7760000000000006,[ 0.10625196 -2.86236874],[ 0.33904274 -5.66500682],[0.18602466 7.51143052],[ 0.08636775 -0.01157052]
777,0.7770000000000006,[ 0.10659119 -2.86802624],[ 0.33922876 -5.65749539],[0.18125856 7.57364368],[ 0.0860757  -0.01107538]
778,0.7780000000000006,[ 0.1069306  -2.87367616],[ 0.33941002 -5.64992175],[0.17650364 7.6359626 ],[ 0.0857839  -0.01058007]
779,0.7790000000000006,[ 0.10727019 -2.87931845],[ 0.33958653 -5.64228579],[0.1717603  7.69838534],[ 0.08549235 -0.01008461]
780,0.7800000000000006,[ 0.10760995 -2.88495303],[ 0.33975829 -5.6345874 ],[0.16702896 7.76090993],[ 0.08520104 -0.00958901]
781,0.7810000000000006,[ 0.10794987 -2.89057986],[ 0.33992531 -5.62682649],[0.16231001 7.82353446],[ 0.08490998 -0.00909331]
782,0.7820000000000006,[ 0.10828996 -2.89619886],[ 0.34008762 -5.61900296],[0.15760387 7.88625698],[ 0.08461917 -0.0085975 ]
783,0.7830000000000006,[ 0.10863021 -2.90180998],[ 0.34024523 -5.6111167 ],[0.15291094 7.94907558],[ 0.08432861 -0.00810161]
784,0.7840000000000006,[ 0.1089706  -2.90741315],[ 0.34039814 -5.60316763],[0.14823162 8.01198835],[ 0.0840383  -0.00760566]
785,0.7850000000000006,[ 0.10931115 -2.9130083 ],[ 0.34054637 -5.59515564],[0.14356629 8.07499338],[ 0.08374825 -0.00710965]
786,0.7860000000000006,[ 0.10965184 -2.91859538],[ 0.34068994 -5.58708064],[0.13891536 8.13808879],[ 0.08345845 -0.00661362]
787,0.7870000000000006,[ 0.10999267 -2.92417433],[ 0.34082885 -5.57894255],[0.13427922 8.20127268],[ 0.08316891 -0.00611757]
788,0.7880000000000006,[ 0.11033363 -2.92974507],[ 0.34096313 -5.57074128],[0.12965825 8.26454319],[ 0.08287962 -0.00562152]
789,0.7890000000000006,[ 0.11067473 -2.93530755],[ 0.34109279 -5.56247674],[0.12505284 8.32789844],[ 0.0825906  -0.00512549]
790,0.7900000000000006,[ 0.11101594 -2.94086169],[ 0.34121784 -5.55414884],[0.12046336 8.39133659],[ 0.08230183 -0.00462949]
791,0.7910000000000006,[ 0.11135728 -2.94640745],[ 0.34133831 -5.5457575 ],[0.11589021 8.45485578],[ 0.08201333 -0.00413354]
792,0.7920000000000006,[ 0.11169874 -2.95194475],[ 0.3414542  -5.53730265],[0.11133375 8.51845418],[ 0.08172508 -0.00363766]
793,0.7930000000000006,[ 0.1120403  -2.95747354],[ 0.34156553 -5.52878419],[0.10679435 8.58212996],[ 0.0814371  -0.00314186]
794,0.7940000000000006,[ 0.11238197 -2.96299374],[ 0.34167232 -5.52020206],[0.10227238 8.6458813 ],[ 0.08114939 -0.00264616]
795,0.7950000000000006,[ 0.11272375 -2.9685053 ],[ 0.3417746  -5.51155618],[0.09776822 8.7097064 ],[ 0.08086194 -0.00215057]
796,0.7960000000000006,[ 0.11306562 -2.97400814],[ 0.34187237 -5.50284648],[0.09328221 8.77360344],[ 0.08057475 -0.00165512]
797,0.7970000000000006,[ 0.11340759 -2.97950222],[ 0.34196565 -5.49407287],[0.08881473 8.83757065],[ 0.08028783 -0.00115982]
798,0.7980000000000006,[ 0.11374964 -2.98498745],[ 0.34205446 -5.4852353 ],[0.08436612 8.90160624],[ 0.08000119 -0.00066467]
799,0.7990000000000006,[ 0.11409178 -2.99046378],[ 0.34213883 -5.4763337 ],[0.07993673 8.96570843],[ 0.07971481 -0.00016971]
800,0.8000000000000006,[ 0.114434   -2.99593115],[ 0.34221876 -5.46736799],[0.07552691 9.02987547],[0.0794287  0.00032505]
801,0.8010000000000006,[ 0.11477629 -3.00138949],[ 0.34229429 -5.45833811],[0.07113701 9.09410559],[0.07914286 0.00081961]
802,0.8020000000000006,[ 0.11511866 -3.00683873],[ 0.34236543 -5.44924401],[0.06676736 9.15839706],[0.07885729 0.00131394]
803,0.8030000000000006,[ 0.11546109 -3.01227882],[ 0.3424322  -5.44008561],[0.0624183  9.22274813],[0.078572   0.00180802]
804,0.8040000000000006,[ 0.11580358 -3.01770968],[ 0.34249461 -5.43086286],[0.05809017 9.28715709],[0.07828698 0.00230185]
805,0.8050000000000006,[ 0.11614614 -3.02313126],[ 0.3425527 -5.4215757],[0.05378328 9.35162219],[0.07800223 0.0027954 ]
806,0.8060000000000006,[ 0.11648874 -3.02854348],[ 0.34260649 -5.41222408],[0.04949797 9.41614174],[0.07771776 0.00328866]
807,0.8070000000000006,[ 0.1168314  -3.03394629],[ 0.34265599 -5.40280794],[0.04523454 9.48071404],[0.07743357 0.00378161]
808,0.8080000000000006,[ 0.1171741  -3.03933962],[ 0.34270122 -5.39332723],[0.04099333 9.54533738],[0.07714965 0.00427424]
809,0.8090000000000006,[ 0.11751684 -3.0447234 ],[ 0.34274221 -5.38378189],[0.03677464 9.61001007],[0.07686602 0.00476654]
810,0.8100000000000006,[ 0.11785962 -3.05009757],[ 0.34277899 -5.37417188],[0.03257877 9.67473044],[0.07658266 0.00525848]
811,0.8110000000000006,[ 0.11820243 -3.05546207],[ 0.34281157 -5.36449715],[0.02840603 9.73949681],[0.07629958 0.00575005]
812,0.8120000000000006,[ 0.11854527 -3.06081683],[ 0.34283997 -5.35475765],[0.02425672 9.80430752],[0.07601678 0.00624124]
813,0.8130000000000006,[ 0.11888814 -3.06616178],[ 0.34286423 -5.34495334],[0.02013113 9.86916091],[0.07573426 0.00673203]
814,0.8140000000000006,[ 0.11923102 -3.07149686],[ 0.34288436 -5.33508418],[0.01602955 9.93405532],[0.07545202 0.00722241]
815,0.8150000000000006,[ 0.11957392 -3.07682201],[ 0.34290039 -5.32515013],[0.01195226 9.99898911],[0.07517007 0.00771235]
816,0.8160000000000006,[ 0.11991684 -3.08213717],[ 0.34291234 -5.31515114],[7.89954682e-03 1.00639606e+01],[0.0748884  0.00820185]
817,0.8170000000000006,[ 0.12025976 -3.08744225],[ 0.34292024 -5.30508718],[3.87168636e-03 1.01289683e+01],[0.07460701 0.00869089]
818,0.8180000000000006,[ 0.12060268 -3.09273721],[ 0.34292411 -5.29495821],[-1.31051809e-04  1.01940104e+01],[0.0743259  0.00917946]
819,0.8190000000000006,[ 0.1209456  -3.09802198],[ 0.34292398 -5.2847642 ],[-4.10840111e-03  1.02590853e+01],[0.07404509 0.00966753]
820,0.8200000000000006,[ 0.12128852 -3.10329648],[ 0.34291987 -5.27450511],[-8.06009966e-03  1.03241915e+01],[0.07376455 0.0101551 ]
821,0.8210000000000006,[ 0.12163144 -3.10856066],[ 0.34291181 -5.26418092],[-0.01198589 10.38932737],[0.0734843  0.01064214]
822,0.8220000000000006,[ 0.12197433 -3.11381445],[ 0.34289983 -5.25379159],[-0.01588552 10.4544912 ],[0.07320434 0.01112866]
823,0.8230000000000006,[ 0.12231722 -3.11905779],[ 0.34288394 -5.2433371 ],[-0.01975874 10.51968145],[0.07292467 0.01161462]
824,0.8240000000000006,[ 0.12266008 -3.12429061],[ 0.34286418 -5.23281742],[-0.02360531 10.58489651],[0.07264529 0.01210001]
825,0.8250000000000006,[ 0.12300292 -3.12951284],[ 0.34284058 -5.22223253],[-0.027425   10.65013479],[0.07236619 0.01258482]
826,0.8260000000000006,[ 0.12334574 -3.13472442],[ 0.34281315 -5.21158239],[-0.03121756 10.71539469],[0.07208738 0.01306904]
827,0.8270000000000006,[ 0.12368852 -3.13992529],[ 0.34278194 -5.200867  ],[-0.03498277 10.78067463],[0.07180886 0.01355265]
828,0.8280000000000006,[ 0.12403127 -3.14511538],[ 0.34274695 -5.19008632],[-0.0387204  10.84597302],[0.07153063 0.01403564]
829,0.8290000000000006,[ 0.12437397 -3.15029462],[ 0.34270823 -5.17924035],[-0.04243025 10.91128827],[0.07125269 0.01451798]
830,0.8300000000000006,[ 0.12471664 -3.15546295],[ 0.3426658  -5.16832906],[-0.04611208 10.97661881],[0.07097505 0.01499967]
831,0.8310000000000006,[ 0.12505926 -3.1606203 ],[ 0.34261969 -5.15735244],[-0.04976571 11.04196305],[0.07069769 0.01548069]
832,0.8320000000000006,[ 0.12540183 -3.16576661],[ 0.34256993 -5.14631048],[-0.05339091 11.10731942],[0.07042062 0.01596103]
833,0.8330000000000006,[ 0.12574435 -3.17090181],[ 0.34251653 -5.13520316],[-0.0569875  11.17268634],[0.07014385 0.01644067]
834,0.8340000000000006,[ 0.12608681 -3.17602584],[ 0.34245955 -5.12403047],[-0.06055528 11.23806224],[0.06986737 0.01691959]
835,0.8350000000000006,[ 0.1264292  -3.18113863],[ 0.34239899 -5.11279241],[-0.06409406 11.30344554],[0.06959118 0.01739779]
836,0.8360000000000006,[ 0.12677154 -3.18624012],[ 0.3423349  -5.10148896],[-0.06760366 11.36883467],[0.06931529 0.01787525]
837,0.8370000000000006,[ 0.12711381 -3.19133024],[ 0.34226729 -5.09012013],[-0.07108391 11.43422806],[0.06903968 0.01835196]
838,0.8380000000000006,[ 0.127456   -3.19640893],[ 0.34219621 -5.0786859 ],[-0.07453461 11.49962413],[0.06876438 0.01882789]
839,0.8390000000000006,[ 0.12779812 -3.20147612],[ 0.34212168 -5.06718628],[-0.07795562 11.56502131],[0.06848936 0.01930304]
840,0.8400000000000006,[ 0.12814017 -3.20653174],[ 0.34204372 -5.05562126],[-0.08134677 11.63041802],[0.06821464 0.01977739]
841,0.8410000000000006,[ 0.12848213 -3.21157573],[ 0.34196237 -5.04399084],[-0.08470789 11.69581268],[0.06794022 0.02025093]
842,0.8420000000000006,[ 0.12882401 -3.21660802],[ 0.34187767 -5.03229503],[-0.08803884 11.76120373],[0.06766609 0.02072364]
843,0.8430000000000006,[ 0.1291658  -3.22162856],[ 0.34178963 -5.02053382],[-0.09133946 11.82658958],[0.06739226 0.02119552]
844,0.8440000000000006,[ 0.1295075  -3.22663726],[ 0.34169829 -5.00870723],[-0.09460963 11.89196864],[0.06711872 0.02166653]
845,0.8450000000000006,[ 0.1298491  -3.23163408],[ 0.34160368 -4.99681526],[-0.09784919 11.95733934],[0.06684548 0.02213668]
846,0.8460000000000006,[ 0.13019061 -3.23661894],[ 0.34150583 -4.98485792],[-0.10105802 12.0227001 ],[0.06657253 0.02260595]
847,0.8470000000000006,[ 0.13053201 -3.24159177],[ 0.34140477 -4.97283522],[-0.10423599 12.08804931],[0.06629989 0.02307432]
848,0.8480000000000006,[ 0.13087331 -3.24655252],[ 0.34130053 -4.96074718],[-0.10738298 12.1533854 ],[0.06602753 0.02354178]
849,0.8490000000000006,[ 0.1312145  -3.25150111],[ 0.34119315 -4.94859379],[-0.11049887 12.21870676],[0.06575548 0.02400832]
850,0.8500000000000006,[ 0.13155559 -3.25643749],[ 0.34108265 -4.93637508],[-0.11358355 12.28401179],[0.06548372 0.02447392]
851,0.8510000000000006,[ 0.13189656 -3.26136158],[ 0.34096907 -4.92409107],[-0.11663692 12.3492989 ],[0.06521226 0.02493857]
852,0.8520000000000006,[ 0.13223741 -3.26627332],[ 0.34085243 -4.91174177],[-0.11965887 12.41456648],[0.0649411  0.02540226]
853,0.8530000000000006,[ 0.13257814 -3.27117265],[ 0.34073277 -4.89932721],[-0.12264931 12.47981291],[0.06467023 0.02586497]
854,0.8540000000000006,[ 0.13291875 -3.2760595 ],[ 0.34061012 -4.88684739],[-0.12560815 12.54503658],[0.06439967 0.02632668]
855,0.8550000000000006,[ 0.13325924 -3.2809338 ],[ 0.34048452 -4.87430236],[-0.1285353  12.61023586],[0.0641294  0.02678739]
856,0.8560000000000006,[ 0.13359959 -3.28579549],[ 0.34035598 -4.86169212],[-0.13143069 12.67540914],[0.06385943 0.02724709]
857,0.8570000000000007,[ 0.13393982 -3.29064451],[ 0.34022455 -4.84901671],[-0.13429423 12.74055478],[0.06358976 0.02770575]
858,0.8580000000000007,[ 0.13427991 -3.29548078],[ 0.34009026 -4.83627616],[-0.13712586 12.80567113],[0.06332038 0.02816337]
859,0.8590000000000007,[ 0.13461986 -3.30030425],[ 0.33995313 -4.82347049],[-0.13992551 12.87075657],[0.06305131 0.02861993]
860,0.8600000000000007,[ 0.13495967 -3.30511485],[ 0.3398132  -4.81059973],[-0.14269312 12.93580943],[0.06278254 0.02907542]
861,0.8610000000000007,[ 0.13529934 -3.30991252],[ 0.33967051 -4.79766392],[-0.14542865 13.00082806],[0.06251406 0.02952982]
862,0.8620000000000007,[ 0.13563887 -3.31469718],[ 0.33952508 -4.78466309],[-0.14813203 13.0658108 ],[0.06224588 0.02998313]
863,0.8630000000000007,[ 0.13597825 -3.31946878],[ 0.33937695 -4.77159728],[-0.15080323 13.13075598],[0.06197801 0.03043532]
864,0.8640000000000007,[ 0.13631747 -3.32422724],[ 0.33922615 -4.75846652],[-0.1534422  13.19566192],[0.06171043 0.0308864 ]
865,0.8650000000000007,[ 0.13665654 -3.32897251],[ 0.3390727  -4.74527086],[-0.15604891 13.26052694],[0.06144315 0.03133634]
866,0.8660000000000007,[ 0.13699546 -3.33370453],[ 0.33891666 -4.73201034],[-0.15862334 13.32534935],[0.06117617 0.03178513]
867,0.8670000000000007,[ 0.13733422 -3.33842321],[ 0.33875803 -4.71868499],[-0.16116546 13.39012745],[0.0609095  0.03223276]
868,0.8680000000000007,[ 0.13767282 -3.3431285 ],[ 0.33859687 -4.70529486],[-0.16367524 13.45485952],[0.06064312 0.03267921]
869,0.8690000000000007,[ 0.13801125 -3.34782034],[ 0.33843319 -4.69184   ],[-0.16615268 13.51954387],[0.06037704 0.03312448]
870,0.8700000000000007,[ 0.13834952 -3.35249867],[ 0.33826704 -4.67832046],[-0.16859777 13.58417876],[0.06011126 0.03356855]
871,0.8710000000000007,[ 0.13868761 -3.3571634 ],[ 0.33809844 -4.66473628],[-0.1710105  13.64876247],[0.05984579 0.03401141]
872,0.8720000000000007,[ 0.13902554 -3.36181449],[ 0.33792743 -4.65108751],[-0.17339088 13.71329325],[0.05958061 0.03445305]
873,0.8730000000000007,[ 0.1393633  -3.36645186],[ 0.33775404 -4.63737422],[-0.1757389  13.77776936],[0.05931573 0.03489345]
874,0.8740000000000007,[ 0.13970087 -3.37107546],[ 0.3375783  -4.62359645],[-0.17805459 13.84218905],[0.05905116 0.0353326 ]
875,0.8750000000000007,[ 0.14003827 -3.37568521],[ 0.33740025 -4.60975426],[-0.18033795 13.90655054],[0.05878688 0.03577049]
876,0.8760000000000007,[ 0.14037549 -3.38028106],[ 0.33721991 -4.59584771],[-0.18258901 13.97085208],[0.05852291 0.03620711]
877,0.8770000000000007,[ 0.14071253 -3.38486294],[ 0.33703732 -4.58187686],[-0.18480779 14.03509187],[0.05825923 0.03664244]
878,0.8780000000000007,[ 0.14104938 -3.38943078],[ 0.33685251 -4.56784177],[-0.18699432 14.09926813],[0.05799586 0.03707648]
879,0.8790000000000007,[ 0.14138605 -3.39398452],[ 0.33666552 -4.5537425 ],[-0.18914864 14.16337905],[0.05773279 0.03750921]
880,0.8800000000000007,[ 0.14172253 -3.3985241 ],[ 0.33647637 -4.53957912],[-0.19127079 14.22742283],[0.05747001 0.03794062]
881,0.8810000000000007,[ 0.14205881 -3.40304945],[ 0.3362851 -4.5253517],[-0.19336081 14.29139765],[0.05720754 0.0383707 ]
882,0.8820000000000007,[ 0.1423949  -3.40756051],[ 0.33609174 -4.5110603 ],[-0.19541875 14.35530169],[0.05694537 0.03879943]
883,0.8830000000000007,[ 0.1427308  -3.41205722],[ 0.33589632 -4.496705  ],[-0.19744466 14.41913311],[0.05668351 0.03922681]
884,0.8840000000000007,[ 0.1430665 -3.4165395],[ 0.33569887 -4.48228587],[-0.19943862 14.48289006],[0.05642194 0.03965282]
885,0.8850000000000007,[ 0.143402   -3.42100731],[ 0.33549943 -4.46780298],[-0.20140067 14.5465707 ],[0.05616067 0.04007746]
886,0.8860000000000007,[ 0.1437373  -3.42546056],[ 0.33529803 -4.45325641],[-0.20333088 14.61017315],[0.05589971 0.0405007 ]
887,0.8870000000000007,[ 0.14407239 -3.42989921],[ 0.3350947  -4.43864623],[-0.20522933 14.67369555],[0.05563904 0.04092255]
888,0.8880000000000007,[ 0.14440728 -3.43432318],[ 0.33488947 -4.42397254],[-0.2070961  14.73713602],[0.05537868 0.04134298]
889,0.8890000000000007,[ 0.14474196 -3.43873242],[ 0.33468238 -4.4092354 ],[-0.20893127 14.80049267],[0.05511862 0.04176199]
890,0.8900000000000007,[ 0.14507644 -3.44312685],[ 0.33447345 -4.39443491],[-0.21073491 14.86376359],[0.05485886 0.04217956]
891,0.8910000000000007,[ 0.1454107  -3.44750642],[ 0.33426271 -4.37957114],[-0.21250714 14.92694689],[0.0545994  0.04259569]
892,0.8920000000000007,[ 0.14574475 -3.45187107],[ 0.3340502 -4.3646442],[-0.21424803 14.99004064],[0.05434025 0.04301037]
893,0.8930000000000007,[ 0.14607858 -3.45622072],[ 0.33383596 -4.34965416],[-0.21595769 15.05304292],[0.05408139 0.04342358]
894,0.8940000000000007,[ 0.1464122  -3.46055532],[ 0.33362    -4.33460111],[-0.21763622 15.11595179],[0.05382284 0.04383531]
895,0.8950000000000007,[ 0.14674561 -3.46487481],[ 0.33340236 -4.31948516],[-0.21928373 15.17876531],[0.05356459 0.04424555]
896,0.8960000000000007,[ 0.14707879 -3.46917912],[ 0.33318308 -4.3043064 ],[-0.22090033 15.24148154],[0.05330664 0.0446543 ]
897,0.8970000000000007,[ 0.14741175 -3.47346818],[ 0.33296218 -4.28906492],[-0.22248614 15.3040985 ],[0.05304899 0.04506153]
898,0.8980000000000007,[ 0.14774449 -3.47774194],[ 0.33273969 -4.27376082],[-0.22404128 15.36661424],[0.05279164 0.04546725]
899,0.8990000000000007,[ 0.14807701 -3.48200034],[ 0.33251565 -4.2583942 ],[-0.22556588 15.42902677],[0.0525346  0.04587143]
900,0.9000000000000007,[ 0.1484093 -3.4862433],[ 0.33229009 -4.24296518],[-0.22706006 15.49133412],[0.05227786 0.04627408]
901,0.9010000000000007,[ 0.14874136 -3.49047077],[ 0.33206303 -4.22747384],[-0.22852395 15.55353428],[0.05202142 0.04667518]
902,0.9020000000000007,[ 0.14907319 -3.49468269],[ 0.3318345  -4.21192031],[-0.2299577  15.61562526],[0.05176528 0.04707472]
903,0.9030000000000007,[ 0.1494048 -3.498879 ],[ 0.33160454 -4.19630468],[-0.23136145 15.67760505],[0.05150945 0.04747268]
904,0.9040000000000007,[ 0.14973617 -3.50305963],[ 0.33137318 -4.18062708],[-0.23273534 15.73947164],[0.05125391 0.04786907]
905,0.9050000000000007,[ 0.15006731 -3.50722451],[ 0.33114045 -4.16488761],[-0.23407951 15.801223  ],[0.05099868 0.04826387]
906,0.9060000000000007,[ 0.15039822 -3.5113736 ],[ 0.33090637 -4.14908638],[-0.23539413 15.8628571 ],[0.05074376 0.04865707]
907,0.9070000000000007,[ 0.15072889 -3.51550682],[ 0.33067097 -4.13322353],[-0.23667935 15.92437191],[0.05048913 0.04904867]
908,0.9080000000000007,[ 0.15105932 -3.51962412],[ 0.33043429 -4.11729915],[-0.23793533 15.98576539],[0.05023481 0.04943864]
909,0.9090000000000007,[ 0.15138952 -3.52372544],[ 0.33019636 -4.10131339],[-0.23916224 16.04703548],[0.04998079 0.04982699]
910,0.9100000000000007,[ 0.15171948 -3.5278107 ],[ 0.3299572  -4.08526635],[-0.24036024 16.10818012],[0.04972707 0.0502137 ]
911,0.9110000000000007,[ 0.1520492  -3.53187986],[ 0.32971684 -4.06915817],[-0.24152951 16.16919727],[0.04947366 0.05059877]
912,0.9120000000000007,[ 0.15237867 -3.53593285],[ 0.32947531 -4.05298897],[-0.24267021 16.23008484],[0.04922055 0.05098218]
913,0.9130000000000007,[ 0.1527079  -3.53996961],[ 0.32923264 -4.03675889],[-0.24378254 16.29084077],[0.04896775 0.05136393]
914,0.9140000000000007,[ 0.15303689 -3.54399008],[ 0.32898885 -4.02046805],[-0.24486667 16.35146298],[0.04871524 0.051744  ]
915,0.9150000000000007,[ 0.15336564 -3.54799419],[ 0.32874399 -4.00411659],[-0.24592279 16.41194938],[0.04846304 0.0521224 ]
916,0.9160000000000007,[ 0.15369413 -3.5519819 ],[ 0.32849806 -3.98770464],[-0.24695109 16.47229788],[0.04821115 0.0524991 ]
917,0.9170000000000007,[ 0.15402239 -3.55595313],[ 0.32825111 -3.97123234],[-0.24795176 16.5325064 ],[0.04795956 0.05287411]
918,0.9180000000000007,[ 0.15435039 -3.55990783],[ 0.32800316 -3.95469983],[-0.24892501 16.59257284],[0.04770827 0.05324741]
919,0.9190000000000007,[ 0.15467814 -3.56384594],[ 0.32775424 -3.93810726],[-0.24987102 16.6524951 ],[0.04745729 0.053619  ]
920,0.9200000000000007,[ 0.15500565 -3.56776739],[ 0.32750437 -3.92145476],[-0.25079    16.71227107],[0.04720661 0.05398886]
921,0.9210000000000007,[ 0.1553329  -3.57167213],[ 0.32725358 -3.90474249],[-0.25168216 16.77189864],[0.04695623 0.05435699]
922,0.9220000000000007,[ 0.1556599  -3.57556011],[ 0.32700189 -3.8879706 ],[-0.2525477  16.83137572],[0.04670616 0.05472338]
923,0.9230000000000007,[ 0.15598665 -3.57943124],[ 0.32674935 -3.87113922],[-0.25338685 16.89070017],[0.0464564  0.05508803]
924,0.9240000000000007,[ 0.15631315 -3.58328549],[ 0.32649596 -3.85424852],[-0.25419981 16.9498699 ],[0.04620694 0.05545092]
925,0.9250000000000007,[ 0.15663939 -3.58712279],[ 0.32624176 -3.83729865],[-0.25498681 17.00888277],[0.04595778 0.05581205]
926,0.9260000000000007,[ 0.15696538 -3.59094308],[ 0.32598677 -3.82028977],[-0.25574806 17.06773668],[0.04570894 0.05617141]
927,0.9270000000000007,[ 0.15729111 -3.5947463 ],[ 0.32573102 -3.80322203],[-0.2564838  17.12642951],[0.04546039 0.05652899]
928,0.9280000000000007,[ 0.15761658 -3.5985324 ],[ 0.32547454 -3.7860956 ],[-0.25719424 17.18495912],[0.04521216 0.05688478]
929,0.9290000000000007,[ 0.1579418  -3.60230131],[ 0.32521735 -3.76891064],[-0.25787963 17.24332341],[0.04496422 0.05723878]
930,0.9300000000000007,[ 0.15826676 -3.60605298],[ 0.32495947 -3.75166732],[-0.25854018 17.30152026],[0.0447166  0.05759099]
931,0.9310000000000007,[ 0.15859146 -3.60978734],[ 0.32470093 -3.7343658 ],[-0.25917614 17.35954753],[0.04446928 0.05794139]
932,0.9320000000000007,[ 0.1589159  -3.61350435],[ 0.32444175 -3.71700625],[-0.25978775 17.41740312],[0.04422227 0.05828997]
933,0.9330000000000007,[ 0.15924008 -3.61720394],[ 0.32418196 -3.69958885],[-0.26037525 17.47508489],[0.04397557 0.05863673]
934,0.9340000000000007,[ 0.159564   -3.62088605],[ 0.32392159 -3.68211376],[-0.26093888 17.53259074],[0.04372917 0.05898167]
935,0.9350000000000007,[ 0.15988767 -3.62455063],[ 0.32366065 -3.66458117],[-0.26147888 17.58991855],[0.04348309 0.05932477]
936,0.9360000000000007,[ 0.16021106 -3.62819762],[ 0.32339917 -3.64699125],[-0.26199552 17.64706621],[0.04323731 0.05966604]
937,0.9370000000000007,[ 0.1605342  -3.63182697],[ 0.32313717 -3.62934419],[-0.26248903 17.7040316 ],[0.04299183 0.06000546]
938,0.9380000000000007,[ 0.16085708 -3.63543861],[ 0.32287468 -3.61164015],[-0.26295967 17.76081261],[0.04274667 0.06034302]
939,0.9390000000000007,[ 0.16117969 -3.63903249],[ 0.32261172 -3.59387934],[-0.2634077  17.81740715],[0.04250182 0.06067873]
940,0.9400000000000007,[ 0.16150204 -3.64260855],[ 0.32234832 -3.57606194],[-0.26383337 17.8738131 ],[0.04225727 0.06101257]
941,0.9410000000000007,[ 0.16182412 -3.64616674],[ 0.32208448 -3.55818812],[-0.26423695 17.93002838],[0.04201304 0.06134454]
942,0.9420000000000007,[ 0.16214594 -3.649707  ],[ 0.32182025 -3.54025809],[-0.2646187  17.98605089],[0.04176912 0.06167464]
943,0.9430000000000007,[ 0.1624675  -3.65322927],[ 0.32155563 -3.52227204],[-0.26497888 18.04187854],[0.0415255  0.06200285]
944,0.9440000000000007,[ 0.16278879 -3.6567335 ],[ 0.32129065 -3.50423016],[-0.26531776 18.09750926],[0.0412822  0.06232918]
945,0.9450000000000007,[ 0.16310981 -3.66021963],[ 0.32102533 -3.48613265],[-0.2656356  18.15294096],[0.04103921 0.06265361]
946,0.9460000000000007,[ 0.16343057 -3.66368761],[ 0.3207597  -3.46797971],[-0.26593269 18.20817158],[0.04079653 0.06297614]
947,0.9470000000000007,[ 0.16375107 -3.66713738],[ 0.32049376 -3.44977154],[-0.26620928 18.26319906],[0.04055416 0.06329678]
948,0.9480000000000007,[ 0.16407129 -3.67056889],[ 0.32022755 -3.43150834],[-0.26646567 18.31802134],[0.0403121 0.0636155]
949,0.9490000000000007,[ 0.16439125 -3.67398208],[ 0.31996109 -3.41319032],[-0.26670211 18.37263638],[0.04007036 0.06393231]
950,0.9500000000000007,[ 0.16471095 -3.6773769 ],[ 0.31969439 -3.39481769],[-0.26691889 18.42704213],[0.03982893 0.0642472 ]
951,0.9510000000000007,[ 0.16503038 -3.68075329],[ 0.31942747 -3.37639064],[-0.26711629 18.48123656],[0.03958781 0.06456017]
952,0.9520000000000007,[ 0.16534954 -3.6841112 ],[ 0.31916035 -3.35790941],[-0.26729459 18.53521766],[0.03934701 0.0648712 ]
953,0.9530000000000007,[ 0.16566843 -3.68745057],[ 0.31889306 -3.33937419],[-0.26745407 18.58898341],[0.03910653 0.06518031]
954,0.9540000000000007,[ 0.16598706 -3.69077136],[ 0.3186256  -3.32078521],[-0.26759502 18.64253181],[0.03886635 0.06548748]
955,0.9550000000000007,[ 0.16630541 -3.6940735 ],[ 0.31835801 -3.30214267],[-0.26771771 18.69586086],[0.0386265  0.06579271]
956,0.9560000000000007,[ 0.1666235  -3.69735695],[ 0.31809029 -3.28344681],[-0.26782245 18.74896859],[0.03838696 0.066096  ]
957,0.9570000000000007,[ 0.16694133 -3.70062165],[ 0.31782247 -3.26469784],[-0.26790952 18.80185303],[0.03814773 0.06639733]
958,0.9580000000000007,[ 0.16725888 -3.70386754],[ 0.31755456 -3.24589599],[-0.2679792  18.85451221],[0.03790883 0.06669671]
959,0.9590000000000007,[ 0.16757617 -3.70709458],[ 0.31728658 -3.22704148],[-0.26803178 18.9069442 ],[0.03767024 0.06699414]
960,0.9600000000000007,[ 0.16789319 -3.71030272],[ 0.31701855 -3.20813454],[-0.26806757 18.95914705],[0.03743197 0.0672896 ]
961,0.9610000000000007,[ 0.16820994 -3.71349189],[ 0.31675048 -3.18917539],[-0.26808685 19.01111886],[0.03719402 0.0675831 ]
962,0.9620000000000007,[ 0.16852642 -3.71666206],[ 0.31648239 -3.17016427],[-0.26808992 19.0628577 ],[0.03695639 0.06787463]
963,0.9630000000000007,[ 0.16884263 -3.71981316],[ 0.3162143  -3.15110141],[-0.26807707 19.1143617 ],[0.03671908 0.06816419]
964,0.9640000000000007,[ 0.16915858 -3.72294515],[ 0.31594623 -3.13198705],[-0.26804859 19.16562896],[0.03648209 0.06845177]
965,0.9650000000000007,[ 0.16947426 -3.72605797],[ 0.31567818 -3.11282142],[-0.26800479 19.21665763],[0.03624542 0.06873738]
966,0.9660000000000007,[ 0.16978967 -3.72915157],[ 0.31541017 -3.09360476],[-0.26794597 19.26744586],[0.03600907 0.06902101]
967,0.9670000000000007,[ 0.17010481 -3.73222591],[ 0.31514223 -3.07433732],[-0.26787241 19.31799182],[0.03577304 0.06930265]
968,0.9680000000000007,[ 0.17041968 -3.73528093],[ 0.31487435 -3.05501933],[-0.26778443 19.36829368],[0.03553734 0.06958231]
969,0.9690000000000007,[ 0.17073429 -3.73831658],[ 0.31460657 -3.03565103],[-0.26768232 19.41834966],[0.03530196 0.06985998]
970,0.9700000000000008,[ 0.17104863 -3.74133281],[ 0.31433889 -3.01623268],[-0.26756638 19.46815796],[0.03506691 0.07013565]
971,0.9710000000000008,[ 0.1713627  -3.74432958],[ 0.31407132 -2.99676452],[-0.26743691 19.51771682],[0.03483218 0.07040933]
972,0.9720000000000008,[ 0.17167651 -3.74730682],[ 0.31380388 -2.97724681],[-0.26729422 19.56702449],[0.03459778 0.07068102]
973,0.9730000000000008,[ 0.17199004 -3.7502645 ],[ 0.31353659 -2.95767978],[-0.2671386  19.61607924],[0.03436371 0.0709507 ]
974,0.9740000000000008,[ 0.17230331 -3.75320257],[ 0.31326945 -2.9380637 ],[-0.26697037 19.66487937],[0.03412996 0.07121839]
975,0.9750000000000008,[ 0.17261631 -3.75612097],[ 0.31300248 -2.91839882],[-0.26678982 19.71342318],[0.03389654 0.07148407]
976,0.9760000000000008,[ 0.17292905 -3.75901965],[ 0.31273569 -2.8986854 ],[-0.26659725 19.761709  ],[0.03366345 0.07174775]
977,0.9770000000000008,[ 0.17324152 -3.76189857],[ 0.31246909 -2.87892369],[-0.26639298 19.80973517],[0.03343069 0.07200942]
978,0.9780000000000008,[ 0.17355372 -3.76475769],[ 0.3122027  -2.85911396],[-0.2661773  19.85750007],[0.03319826 0.07226908]
979,0.9790000000000008,[ 0.17386566 -3.76759695],[ 0.31193652 -2.83925646],[-0.26595052 19.90500208],[0.03296616 0.07252673]
980,0.9800000000000008,[ 0.17417733 -3.7704163 ],[ 0.31167057 -2.81935145],[-0.26571294 19.95223961],[0.03273439 0.07278237]
981,0.9810000000000008,[ 0.17448873 -3.7732157 ],[ 0.31140486 -2.79939922],[-0.26546487 19.9992111 ],[0.03250295 0.073036  ]
982,0.9820000000000008,[ 0.17479987 -3.7759951 ],[ 0.31113939 -2.7794    ],[-0.26520661 20.04591499],[0.03227185 0.07328761]
983,0.9830000000000008,[ 0.17511075 -3.77875445],[ 0.31087419 -2.75935409],[-0.26493846 20.09234977],[0.03204109 0.07353721]
984,0.9840000000000008,[ 0.17542136 -3.78149371],[ 0.31060925 -2.73926174],[-0.26466074 20.13851394],[0.03181066 0.07378479]
985,0.9850000000000008,[ 0.1757317  -3.78421283],[ 0.31034459 -2.71912323],[-0.26437374 20.184406  ],[0.03158056 0.07403035]
986,0.9860000000000008,[ 0.17604178 -3.78691177],[ 0.31008022 -2.69893882],[-0.26407776 20.23002452],[0.03135081 0.07427389]
987,0.9870000000000008,[ 0.1763516  -3.78959048],[ 0.30981614 -2.67870879],[-0.26377312 20.27536805],[0.03112139 0.07451542]
988,0.9880000000000008,[ 0.17666115 -3.79224892],[ 0.30955236 -2.65843343],[-0.26346011 20.3204352 ],[0.03089231 0.07475492]
989,0.9890000000000008,[ 0.17697044 -3.79488703],[ 0.3092889  -2.63811299],[-0.26313904 20.36522457],[0.03066357 0.07499241]
990,0.9900000000000008,[ 0.17727946 -3.79750478],[ 0.30902577 -2.61774777],[-0.2628102  20.40973481],[0.03043517 0.07522787]
991,0.9910000000000008,[ 0.17758823 -3.80010211],[ 0.30876295 -2.59733803],[-0.26247391 20.45396459],[0.03020711 0.07546131]
992,0.9920000000000008,[ 0.17789673 -3.802679  ],[ 0.30850048 -2.57688407],[-0.26213046 20.4979126 ],[0.02997939 0.07569273]
993,0.9930000000000008,[ 0.17820497 -3.80523539],[ 0.30823835 -2.55638616],[-0.26178016 20.54157756],[0.02975202 0.07592213]
994,0.9940000000000008,[ 0.17851294 -3.80777123],[ 0.30797657 -2.53584458],[-0.26142329 20.58495822],[0.029525   0.07614951]
995,0.9950000000000008,[ 0.17882066 -3.81028649],[ 0.30771515 -2.51525962],[-0.26106018 20.62805334],[0.02929832 0.07637486]
996,0.9960000000000008,[ 0.17912811 -3.81278112],[ 0.30745409 -2.49463157],[-0.2606911  20.67086172],[0.02907198 0.07659819]
997,0.9970000000000008,[ 0.17943531 -3.81525508],[ 0.3071934 -2.4739607],[-0.26031637 20.7133822 ],[0.028846  0.0768195]
998,0.9980000000000008,[ 0.17974224 -3.81770833],[ 0.30693308 -2.45324732],[-0.25993628 20.75561362],[0.02862036 0.07703879]
999,0.9990000000000008,[ 0.18004891 -3.82014082],[ 0.30667314 -2.43249171],[-0.25955112 20.79755486],[0.02839508 0.07725606]
1000,1.0000000000000007,[ 0.18035532 -3.82255251],[ 0.30641359 -2.41169415],[-0.25916119 20.83920483],[0.02817014 0.0774713 ]
1001,1.0010000000000006,[ 0.18066148 -3.82494337],[ 0.30615443 -2.39085495],[-0.25876679 20.88056247],[0.02794556 0.07768453]
1002,1.0020000000000004,[ 0.18096737 -3.82731334],[ 0.30589566 -2.36997439],[-0.25836822 20.92162674],[0.02772133 0.07789573]
1003,1.0030000000000003,[ 0.18127301 -3.8296624 ],[ 0.3056373  -2.34905276],[-0.25796575 20.96239664],[0.02749745 0.07810492]
1004,1.0040000000000002,[ 0.18157839 -3.83199049],[ 0.30537933 -2.32809036],[-0.25755969 21.00287119],[0.02727393 0.07831209]
1005,1.0050000000000001,[ 0.18188351 -3.83429757],[ 0.30512177 -2.30708749],[-0.25715033 21.04304944],[0.02705077 0.07851724]
1006,1.006,[ 0.18218838 -3.83658362],[ 0.30486462 -2.28604444],[-0.25673796 21.08293048],[0.02682796 0.07872038]
1007,1.007,[ 0.18249299 -3.83884858],[ 0.30460788 -2.26496151],[-0.25632286 21.12251341],[0.02660552 0.07892149]
1008,1.0079999999999998,[ 0.18279734 -3.84109242],[ 0.30435156 -2.243839  ],[-0.25590533 21.16179738],[0.02638343 0.0791206 ]
1009,1.0089999999999997,[ 0.18310143 -3.8433151 ],[ 0.30409565 -2.2226772 ],[-0.25548564 21.20078155],[0.0261617  0.07931769]
1010,1.0099999999999996,[ 0.18340527 -3.84551657],[ 0.30384017 -2.20147642],[-0.25506409 21.23946513],[0.02594034 0.07951277]
1011,1.0109999999999995,[ 0.18370886 -3.84769681],[ 0.3035851  -2.18023695],[-0.25464096 21.27784736],[0.02571934 0.07970584]
1012,1.0119999999999993,[ 0.18401219 -3.84985577],[ 0.30333046 -2.15895911],[-0.25421653 21.31592749],[0.02549871 0.0798969 ]
1013,1.0129999999999992,[ 0.18431527 -3.85199341],[ 0.30307625 -2.13764318],[-0.25379108 21.35370482],[0.02527844 0.08008595]
1014,1.0139999999999991,[ 0.18461809 -3.8541097 ],[ 0.30282246 -2.11628947],[-0.25336488 21.39117867],[0.02505854 0.08027299]
1015,1.014999999999999,[ 0.18492066 -3.8562046 ],[ 0.30256909 -2.0948983 ],[-0.25293823 21.4283484 ],[0.02483901 0.08045803]
1016,1.015999999999999,[ 0.18522297 -3.85827807],[ 0.30231615 -2.07346995],[-0.2525114 21.4652134],[0.02461985 0.08064107]
1017,1.0169999999999988,[ 0.18552504 -3.86033007],[ 0.30206364 -2.05200473],[-0.25208465 21.50177308],[0.02440106 0.0808221 ]
1018,1.0179999999999987,[ 0.18582685 -3.86236058],[ 0.30181156 -2.03050296],[-0.25165826 21.53802691],[0.02418264 0.08100114]
1019,1.0189999999999986,[ 0.18612841 -3.86436954],[ 0.3015599  -2.00896493],[-0.25123252 21.57397435],[0.02396459 0.08117818]
1020,1.0199999999999985,[ 0.18642972 -3.86635693],[ 0.30130867 -1.98739096],[-0.25080767 21.60961492],[0.02374693 0.08135322]
1021,1.0209999999999984,[ 0.18673077 -3.86832272],[ 0.30105786 -1.96578134],[-0.250384   21.64494818],[0.02352964 0.08152627]
1022,1.0219999999999982,[ 0.18703158 -3.87026685],[ 0.30080747 -1.9441364 ],[-0.24996177 21.67997369],[0.02331272 0.08169732]
1023,1.0229999999999981,[ 0.18733214 -3.87218931],[ 0.30055751 -1.92245642],[-0.24954124 21.71469107],[0.02309619 0.08186639]
1024,1.023999999999998,[ 0.18763245 -3.87409005],[ 0.30030797 -1.90074173],[-0.24912269 21.74909997],[0.02288003 0.08203347]
1025,1.024999999999998,[ 0.18793251 -3.87596904],[ 0.30005885 -1.87899263],[-0.24870636 21.78320005],[0.02266426 0.08219856]
1026,1.0259999999999978,[ 0.18823232 -3.87782625],[ 0.29981014 -1.85720943],[-0.24829252 21.81699103],[0.02244888 0.08236167]
1027,1.0269999999999977,[ 0.18853188 -3.87966164],[ 0.29956185 -1.83539244],[-0.24788142 21.85047265],[0.02223387 0.0825228 ]
1028,1.0279999999999976,[ 0.18883119 -3.88147519],[ 0.29931397 -1.81354197],[-0.24747333 21.88364467],[0.02201926 0.08268195]
1029,1.0289999999999975,[ 0.18913026 -3.88326684],[ 0.29906649 -1.79165832],[-0.24706849 21.91650691],[0.02180503 0.08283912]
1030,1.0299999999999974,[ 0.18942908 -3.88503659],[ 0.29881943 -1.76974182],[-0.24666716 21.9490592 ],[0.02159119 0.08299432]
1031,1.0309999999999973,[ 0.18972765 -3.88678438],[ 0.29857276 -1.74779276],[-0.24626959 21.98130141],[0.02137774 0.08314755]
1032,1.0319999999999971,[ 0.19002598 -3.88851019],[ 0.29832649 -1.72581146],[-0.24587602 22.01323345],[0.02116469 0.08329881]
1033,1.032999999999997,[ 0.19032406 -3.89021399],[ 0.29808061 -1.70379822],[-0.2454867  22.04485525],[0.02095203 0.0834481 ]
1034,1.033999999999997,[ 0.19062189 -3.89189574],[ 0.29783513 -1.68175337],[-0.24510187 22.07616678],[0.02073976 0.08359543]
1035,1.0349999999999968,[ 0.19091948 -3.89355542],[ 0.29759002 -1.6596772 ],[-0.24472178 22.10716804],[0.02052789 0.0837408 ]
1036,1.0359999999999967,[ 0.19121683 -3.89519299],[ 0.2973453  -1.63757003],[-0.24434666 22.13785906],[0.02031642 0.08388421]
1037,1.0369999999999966,[ 0.19151393 -3.89680842],[ 0.29710096 -1.61543217],[-0.24397675 22.16823992],[0.02010535 0.08402567]
1038,1.0379999999999965,[ 0.19181079 -3.89840169],[ 0.29685698 -1.59326393],[-0.24361229 22.19831071],[0.01989468 0.08416517]
1039,1.0389999999999964,[ 0.1921074  -3.89997275],[ 0.29661337 -1.57106562],[-0.2432535  22.22807155],[0.01968441 0.08430272]
1040,1.0399999999999963,[ 0.19240377 -3.90152159],[ 0.29637011 -1.54883755],[-0.24290063 22.25752262],[0.01947455 0.08443833]
1041,1.0409999999999962,[ 0.1926999  -3.90304817],[ 0.29612721 -1.52658003],[-0.24255389 22.28666411],[0.01926509 0.08457199]
1042,1.041999999999996,[ 0.19299578 -3.90455246],[ 0.29588466 -1.50429336],[-0.24221351 22.31549624],[0.01905604 0.0847037 ]
1043,1.042999999999996,[ 0.19329142 -3.90603444],[ 0.29564245 -1.48197787],[-0.24187972 22.34401929],[0.0188474  0.08483348]
1044,1.0439999999999958,[ 0.19358682 -3.90749407],[ 0.29540057 -1.45963385],[-0.24155274 22.37223353],[0.01863918 0.08496133]
1045,1.0449999999999957,[ 0.19388198 -3.90893134],[ 0.29515901 -1.43726162],[-0.24123278 22.4001393 ],[0.01843136 0.08508724]
1046,1.0459999999999956,[ 0.1941769 -3.9103462],[ 0.29491778 -1.41486148],[-0.24092006 22.42773695],[0.01822396 0.08521122]
1047,1.0469999999999955,[ 0.19447158 -3.91173863],[ 0.29467686 -1.39243374],[-0.2406148  22.45502687],[0.01801697 0.08533328]
1048,1.0479999999999954,[ 0.19476601 -3.91310861],[ 0.29443625 -1.36997871],[-0.24031721 22.48200948],[0.01781041 0.08545341]
1049,1.0489999999999953,[ 0.19506021 -3.91445611],[ 0.29419593 -1.3474967 ],[-0.2400275  22.50868522],[0.01760426 0.08557162]
1050,1.0499999999999952,[ 0.19535417 -3.91578109],[ 0.2939559  -1.32498802],[-0.23974587 22.53505459],[0.01739853 0.08568791]
1051,1.050999999999995,[ 0.19564788 -3.91708355],[ 0.29371616 -1.30245296],[-0.23947253 22.56111809],[0.01719322 0.08580229]
1052,1.051999999999995,[ 0.19594136 -3.91836344],[ 0.29347668 -1.27989185],[-0.23920767 22.58687627],[0.01698834 0.08591475]
1053,1.0529999999999948,[ 0.1962346  -3.91962074],[ 0.29323747 -1.25730497],[-0.23895151 22.6123297 ],[0.01678389 0.08602531]
1054,1.0539999999999947,[ 0.1965276  -3.92085544],[ 0.29299852 -1.23469264],[-0.23870423 22.637479  ],[0.01657986 0.08613396]
1055,1.0549999999999946,[ 0.19682036 -3.92206749],[ 0.29275982 -1.21205516],[-0.23846604 22.66232479],[0.01637626 0.08624071]
1056,1.0559999999999945,[ 0.19711288 -3.92325688],[ 0.29252135 -1.18939284],[-0.23823711 22.68686775],[0.0161731  0.08634556]
1057,1.0569999999999944,[ 0.19740516 -3.92442359],[ 0.29228312 -1.16670597],[-0.23801765 22.71110856],[0.01597036 0.08644851]
1058,1.0579999999999943,[ 0.1976972  -3.92556759],[ 0.2920451  -1.14399486],[-0.23780783 22.73504797],[0.01576806 0.08654957]
1059,1.0589999999999942,[ 0.19798901 -3.92668885],[ 0.29180729 -1.12125981],[-0.23760784 22.75868672],[0.0155662  0.08664874]
1060,1.059999999999994,[ 0.19828058 -3.92778735],[ 0.29156968 -1.09850112],[-0.23741787 22.7820256 ],[0.01536477 0.08674602]
1061,1.060999999999994,[ 0.19857191 -3.92886307],[ 0.29133226 -1.0757191 ],[-0.23723808 22.80506542],[0.01516379 0.08684142]
1062,1.0619999999999938,[ 0.19886301 -3.92991598],[ 0.29109503 -1.05291403],[  0.51461278 -47.63158677],[0. 0.]
1063,1.0629999999999937,[ 0.19915462 -3.93101652],[ 0.29160964 -1.10054562],[  0.51332596 -47.67257893],[0. 0.]
1064,1.0639999999999936,[ 0.19944674 -3.93216474],[ 0.29212297 -1.1482182 ],[  0.51197601 -47.71526532],[0. 0.]
1065,1.0649999999999935,[ 0.19973938 -3.93336068],[ 0.29263494 -1.19593346],[  0.51056207 -47.75963788],[0. 0.]
1066,1.0659999999999934,[ 0.20003252 -3.93460437],[ 0.2931455 -1.2436931],[  0.50908326 -47.80568827],[0. 0.]
1067,1.0669999999999933,[ 0.20032618 -3.93589587],[ 0.29365459 -1.29149879],[  0.50753867 -47.85340778],[0. 0.]
1068,1.0679999999999932,[ 0.20062034 -3.93723522],[ 0.29416213 -1.3393522 ],[  0.50592734 -47.90278739],[0. 0.]
1069,1.068999999999993,[ 0.20091501 -3.93862248],[ 0.29466805 -1.38725499],[  0.5042483  -47.95381775],[0. 0.]
1070,1.069999999999993,[ 0.20121018 -3.94005768],[ 0.2951723 -1.4352088],[  0.5025005  -48.00648919],[0. 0.]
1071,1.0709999999999928,[ 0.20150585 -3.9415409 ],[ 0.2956748  -1.48321529],[  0.50068291 -48.06079169],[0. 0.]
1072,1.0719999999999927,[ 0.20180203 -3.94307218],[ 0.29617548 -1.53127608],[  0.49879442 -48.11671494],[0. 0.]
1073,1.0729999999999926,[ 0.2020987  -3.94465157],[ 0.29667428 -1.5793928 ],[  0.49683391 -48.17424826],[0. 0.]
1074,1.0739999999999925,[ 0.20239587 -3.94627914],[ 0.29717111 -1.62756705],[  0.49480022 -48.23338069],[0. 0.]
1075,1.0749999999999924,[ 0.20269354 -3.94795494],[ 0.29766591 -1.67580043],[  0.49269216 -48.29410091],[0. 0.]
1076,1.0759999999999923,[ 0.2029917  -3.94967903],[ 0.29815861 -1.72409453],[  0.49050849 -48.35639731],[0. 0.]
1077,1.0769999999999922,[ 0.20329035 -3.95145148],[ 0.29864911 -1.77245093],[  0.48824794 -48.42025793],[0. 0.]
1078,1.077999999999992,[ 0.20358949 -3.95327235],[ 0.29913736 -1.82087118],[  0.48590923 -48.48567052],[0. 0.]
1079,1.078999999999992,[ 0.20388911 -3.95514171],[ 0.29962327 -1.86935685],[  0.48349102 -48.55262248],[0. 0.]
1080,1.0799999999999919,[ 0.20418922 -3.95705962],[ 0.30010676 -1.91790948],[  0.48099195 -48.62110092],[0. 0.]
1081,1.0809999999999917,[ 0.2044898  -3.95902615],[ 0.30058775 -1.96653058],[  0.4784106  -48.69109263],[0. 0.]
1082,1.0819999999999916,[ 0.20479087 -3.96104137],[ 0.30106616 -2.01522167],[  0.47574556 -48.76258407],[0. 0.]
1083,1.0829999999999915,[ 0.20509241 -3.96310536],[ 0.30154191 -2.06398425],[  0.47299535 -48.8355614 ],[0. 0.]
1084,1.0839999999999914,[ 0.20539443 -3.96521818],[ 0.30201491 -2.11281982],[  0.47015847 -48.91001048],[0. 0.]
1085,1.0849999999999913,[ 0.20569691 -3.96737991],[ 0.30248506 -2.16172983],[  0.46723339 -48.98591685],[0. 0.]
1086,1.0859999999999912,[ 0.20599986 -3.96959062],[ 0.3029523  -2.21071574],[  0.46421854 -49.06326575],[0. 0.]
1087,1.086999999999991,[ 0.20630328 -3.9718504 ],[ 0.30341652 -2.25977901],[  0.46111233 -49.14204212],[0. 0.]
1088,1.087999999999991,[ 0.20660716 -3.97415932],[ 0.30387763 -2.30892105],[  0.45791312 -49.22223059],[0. 0.]
1089,1.0889999999999909,[ 0.20691149 -3.97651746],[ 0.30433554 -2.35814328],[  0.45461925 -49.3038155 ],[0. 0.]
1090,1.0899999999999908,[ 0.20721628 -3.97892491],[ 0.30479016 -2.4074471 ],[  0.45122902 -49.3867809 ],[0. 0.]
1091,1.0909999999999906,[ 0.20752153 -3.98138175],[ 0.30524139 -2.45683388],[  0.4477407  -49.47111055],[0. 0.]
1092,1.0919999999999905,[ 0.20782721 -3.98388805],[ 0.30568913 -2.50630499],[  0.44415255 -49.55678789],[0. 0.]
1093,1.0929999999999904,[ 0.20813335 -3.98644391],[ 0.30613328 -2.55586178],[  0.44046276 -49.64379613],[0. 0.]
1094,1.0939999999999903,[ 0.20843992 -3.98904942],[ 0.30657375 -2.60550557],[  0.43666952 -49.73211815],[0. 0.]
1095,1.0949999999999902,[ 0.20874693 -3.99170466],[ 0.30701042 -2.65523769],[  0.43277097 -49.82173658],[0. 0.]
1096,1.09599999999999,[ 0.20905437 -3.99440971],[ 0.30744319 -2.70505943],[  0.42876525 -49.91263376],[0. 0.]
1097,1.09699999999999,[ 0.20936225 -3.99716469],[ 0.30787195 -2.75497206],[  0.42465043 -50.00479178],[0. 0.]
1098,1.0979999999999899,[ 0.20967054 -3.99996966],[ 0.3082966  -2.80497685],[  0.42042458 -50.09819245],[0. 0.]
1099,1.0989999999999898,[ 0.20997926 -4.00282474],[ 0.30871703 -2.85507505],[  0.41608574 -50.19281731],[0. 0.]
1100,1.0999999999999897,[ 0.21028839 -4.00573001],[ 0.30913311 -2.90526786],[  0.41163189 -50.28864767],[0. 0.]
1101,1.1009999999999895,[ 0.21059794 -4.00868556],[ 0.30954474 -2.95555651],[  0.40706103 -50.38566457],[0. 0.]
1102,1.1019999999999894,[ 0.21090789 -4.01169151],[ 0.3099518  -3.00594218],[  0.4023711 -50.4838488],[0. 0.]
1103,1.1029999999999893,[ 0.21121824 -4.01474793],[ 0.31035418 -3.05642602],[  0.39756002 -50.58318091],[0. 0.]
1104,1.1039999999999892,[ 0.211529   -4.01785494],[ 0.31075174 -3.10700921],[  0.39262569 -50.68364124],[0. 0.]
1105,1.104999999999989,[ 0.21184014 -4.02101263],[ 0.31114436 -3.15769285],[  0.38756598 -50.78520987],[0. 0.]
1106,1.105999999999989,[ 0.21215167 -4.02422111],[ 0.31153193 -3.20847806],[  0.38237874 -50.88786667],[0. 0.]
1107,1.1069999999999889,[ 0.21246359 -4.02748048],[ 0.31191431 -3.25936592],[  0.37706179 -50.99159127],[0. 0.]
1108,1.1079999999999888,[ 0.21277588 -4.03079083],[ 0.31229137 -3.31035751],[  0.37161292 -51.09636312],[0. 0.]
1109,1.1089999999999887,[ 0.21308854 -4.03415229],[ 0.31266298 -3.36145388],[  0.36602991 -51.20216145],[0. 0.]
1110,1.1099999999999886,[ 0.21340157 -4.03756494],[ 0.31302901 -3.41265604],[  0.36031051 -51.30896528],[0. 0.]
1111,1.1109999999999884,[ 0.21371496 -4.04102891],[ 0.31338932 -3.463965  ],[  0.35445246 -51.41675346],[0. 0.]
1112,1.1119999999999883,[ 0.2140287  -4.04454429],[ 0.31374377 -3.51538176],[  0.34845346 -51.52550463],[0. 0.]
1113,1.1129999999999882,[ 0.2143428 -4.0481112],[ 0.31409223 -3.56690726],[  0.34231121 -51.63519727],[0. 0.]
1114,1.113999999999988,[ 0.21465723 -4.05172974],[ 0.31443454 -3.61854246],[  0.33602338 -51.74580969],[0. 0.]
1115,1.114999999999988,[ 0.214972   -4.05540003],[ 0.31477056 -3.67028827],[  0.32958762 -51.85732002],[0. 0.]
1116,1.115999999999988,[ 0.2152871  -4.05912218],[ 0.31510015 -3.72214559],[  0.32300156 -51.96970627],[0. 0.]
1117,1.1169999999999878,[ 0.21560252 -4.06289629],[ 0.31542315 -3.7741153 ],[  0.31626284 -52.08294626],[0. 0.]
1118,1.1179999999999877,[ 0.21591826 -4.06672249],[ 0.31573941 -3.82619824],[  0.30936904 -52.1970177 ],[0. 0.]
1119,1.1189999999999876,[ 0.21623431 -4.07060088],[ 0.31604878 -3.87839526],[  0.30231778 -52.31189816],[0. 0.]
1120,1.1199999999999875,[ 0.21655066 -4.07453159],[ 0.3163511  -3.93070716],[  0.29510661 -52.4275651 ],[0. 0.]
1121,1.1209999999999873,[ 0.21686731 -4.07851473],[ 0.31664621 -3.98313472],[  0.28773311 -52.54399586],[0. 0.]
1122,1.1219999999999872,[ 0.21718424 -4.0825504 ],[ 0.31693394 -4.03567872],[  0.28019483 -52.66116766],[0. 0.]
1123,1.1229999999999871,[ 0.21750146 -4.08663874],[ 0.31721414 -4.08833989],[  0.27248932 -52.77905766],[0. 0.]
1124,1.123999999999987,[ 0.21781894 -4.09077986],[ 0.31748662 -4.14111894],[  0.26461411 -52.8976429 ],[0. 0.]
1125,1.124999999999987,[ 0.2181367  -4.09497388],[ 0.31775124 -4.19401659],[  0.25656673 -53.01690038],[0. 0.]
1126,1.1259999999999868,[ 0.2184547  -4.09922091],[ 0.31800781 -4.24703349],[  0.2483447  -53.13680699],[0. 0.]
1127,1.1269999999999867,[ 0.21877296 -4.10352108],[ 0.31825615 -4.30017029],[  0.23994554 -53.25733961],[0. 0.]
1128,1.1279999999999866,[ 0.21909146 -4.10787451],[ 0.3184961  -4.35342763],[  0.23136677 -53.37847505],[0. 0.]
1129,1.1289999999999865,[ 0.21941018 -4.11228132],[ 0.31872746 -4.40680611],[  0.2226059  -53.50019006],[0. 0.]
1130,1.1299999999999863,[ 0.21972913 -4.11674162],[ 0.31895007 -4.4603063 ],[  0.21366044 -53.62246142],[0. 0.]
1131,1.1309999999999862,[ 0.2200483  -4.12125555],[ 0.31916373 -4.51392876],[  0.20452791 -53.74526583],[0. 0.]
1132,1.1319999999999861,[ 0.22036766 -4.12582323],[ 0.31936826 -4.56767403],[  0.19520581 -53.86858003],[0. 0.]
1133,1.132999999999986,[ 0.22068723 -4.13044477],[ 0.31956346 -4.62154261],[  0.18569167 -53.99238075],[0. 0.]
1134,1.133999999999986,[ 0.22100698 -4.1351203 ],[ 0.31974915 -4.67553499],[  0.17598301 -54.11664471],[0. 0.]
1135,1.1349999999999858,[ 0.2213269  -4.13984996],[ 0.31992514 -4.72965163],[  0.16607737 -54.24134869],[0. 0.]
1136,1.1359999999999857,[ 0.22164699 -4.14463385],[ 0.32009121 -4.78389298],[  0.15597229 -54.36646947],[0. 0.]
1137,1.1369999999999856,[ 0.22196724 -4.14947211],[ 0.32024719 -4.83825945],[  0.14566532 -54.4919839 ],[0. 0.]
1138,1.1379999999999855,[ 0.22228763 -4.15436486],[ 0.32039285 -4.89275143],[  0.13515402 -54.61786886],[0. 0.]
1139,1.1389999999999854,[ 0.22260816 -4.15931223],[ 0.32052801 -4.9473693 ],[  0.12443598 -54.74410131],[0. 0.]
1140,1.1399999999999852,[ 0.22292881 -4.16431434],[ 0.32065244 -5.0021134 ],[  0.11350879 -54.87065827],[0. 0.]
1141,1.1409999999999851,[ 0.22324958 -4.16937133],[ 0.32076595 -5.05698406],[  0.10237006 -54.99751685],[0. 0.]
1142,1.141999999999985,[ 0.22357045 -4.17448331],[ 0.32086832 -5.11198158],[  0.09101743 -55.12465425],[0. 0.]
1143,1.142999999999985,[ 0.22389141 -4.17965041],[ 0.32095934 -5.16710623],[  0.07944855 -55.25204776],[0. 0.]
1144,1.1439999999999848,[ 0.22421245 -4.18487277],[ 0.32103879 -5.22235828],[  0.06766111 -55.37967479],[0. 0.]
1145,1.1449999999999847,[ 0.22453355 -4.19015051],[ 0.32110645 -5.27773796],[  0.05565281 -55.50751287],[0. 0.]
1146,1.1459999999999846,[ 0.22485472 -4.19548376],[ 0.3211621  -5.33324547],[ 4.34213870e-02 -5.56355396e+01],[0. 0.]
1147,1.1469999999999845,[ 0.22517592 -4.20087264],[ 0.32120552 -5.38888101],[ 3.09646072e-02 -5.57637329e+01],[0. 0.]
1148,1.1479999999999844,[ 0.22549716 -4.20631728],[ 0.32123649 -5.44464474],[ 1.82802700e-02 -5.58920706e+01],[0. 0.]
1149,1.1489999999999843,[ 0.22581841 -4.21181782],[ 0.32125477 -5.50053681],[ 5.36620992e-03 -5.60205307e+01],[0. 0.]
1150,1.1499999999999841,[ 0.22613967 -4.21737438],[ 0.32126013 -5.55655734],[-7.77970073e-03 -5.61490916e+01],[0. 0.]
1151,1.150999999999984,[ 0.22646092 -4.22298708],[ 0.32125235 -5.61270643],[-2.11595496e-02 -5.62777316e+01],[0. 0.]
1152,1.151999999999984,[ 0.22678216 -4.22865607],[ 0.32123119 -5.66898417],[-3.47753820e-02 -5.64064293e+01],[0. 0.]
1153,1.1529999999999838,[ 0.22710335 -4.23438146],[ 0.32119642 -5.72539059],[-4.86291978e-02 -5.65351634e+01],[0. 0.]
1154,1.1539999999999837,[ 0.2274245  -4.24016338],[ 0.32114779 -5.78192576],[ -0.06272295 -56.66391278],[0. 0.]
1155,1.1549999999999836,[ 0.22774558 -4.24600197],[ 0.32108507 -5.83858967],[ -0.07705854 -56.79265662],[0. 0.]
1156,1.1559999999999835,[ 0.22806659 -4.25189735],[ 0.32100801 -5.89538233],[ -0.09163782 -56.92137418],[0. 0.]
1157,1.1569999999999834,[ 0.22838751 -4.25784966],[ 0.32091637 -5.9523037 ],[ -0.10646258 -57.05004492],[0. 0.]
1158,1.1579999999999833,[ 0.22870832 -4.26385901],[ 0.32080991 -6.00935375],[ -0.12153456 -57.1786485 ],[0. 0.]
1159,1.1589999999999832,[ 0.22902901 -4.26992554],[ 0.32068837 -6.0665324 ],[ -0.13685543 -57.30716479],[0. 0.]
1160,1.159999999999983,[ 0.22934956 -4.27604938],[ 0.32055152 -6.12383956],[ -0.1524268  -57.43557383],[0. 0.]
1161,1.160999999999983,[ 0.22966996 -4.28223066],[ 0.32039909 -6.18127513],[ -0.16825023 -57.56385586],[0. 0.]
1162,1.1619999999999828,[ 0.22999019 -4.2884695 ],[ 0.32023084 -6.23883899],[ -2.91988381 364.53017359],[-0.00556311  0.53826099]
1163,1.1629999999999827,[ 0.2303075  -4.29434381],[ 0.31731096 -5.87430882],[ -2.74583547 351.72661965],[-0.00558259  0.52257807]
1164,1.1639999999999826,[ 0.23062206 -4.29986639],[ 0.31456512 -5.5225822 ],[ -2.58419152 339.42526883],[-0.00560994  0.50746794]
1165,1.1649999999999825,[ 0.23093405 -4.30504955],[ 0.31198093 -5.18315693],[ -2.43408185 327.60342917],[-0.00564457  0.49290797]
1166,1.1659999999999824,[ 0.23124359 -4.3099051 ],[ 0.30954685 -4.8555535 ],[ -2.29469575 316.23969061],[-0.0056859   0.47887652]
1167,1.1669999999999823,[ 0.23155084 -4.31444441],[ 0.30725215 -4.53931381],[ -2.16527811 305.31383449],[-0.00573342  0.46535295]
1168,1.1679999999999822,[ 0.23185593 -4.31867841],[ 0.30508687 -4.23399997],[ -2.04512579 294.80675031],[-0.00578664  0.45231755]
1169,1.168999999999982,[ 0.23215897 -4.32261761],[ 0.30304175 -3.93919322],[ -1.9335843  284.70035906],[-0.0058451   0.43975146]
1170,1.169999999999982,[ 0.23246008 -4.3262721 ],[ 0.30110816 -3.65449286],[ -1.83004449 274.97754282],[-0.00590839  0.42763667]
1171,1.1709999999999818,[ 0.23275936 -4.32965161],[ 0.29927812 -3.37951532],[ -1.73393962 265.62207984],[-0.00597611  0.41595594]
1172,1.1719999999999817,[ 0.2330569  -4.33276551],[ 0.29754418 -3.11389324],[ -1.64474243 256.61858486],[-0.00604791  0.40469274]
1173,1.1729999999999816,[ 0.2333528  -4.33562278],[ 0.29589944 -2.85727466],[ -1.56196257 247.95245421],[-0.00612343  0.39383129]
1174,1.1739999999999815,[ 0.23364714 -4.3382321 ],[ 0.29433748 -2.6093222 ],[ -1.48514401 239.6098151 ],[-0.00620238  0.38335643]
1175,1.1749999999999814,[ 0.23393999 -4.34060182],[ 0.29285233 -2.36971239],[ -1.41386277 231.57747903],[-0.00628446  0.37325365]
1176,1.1759999999999813,[ 0.23423143 -4.34273995],[ 0.29143847 -2.13813491],[ -1.34772467 223.84289876],[-0.00636939  0.36350903]
1177,1.1769999999999812,[ 0.23452152 -4.34465424],[ 0.29009074 -1.91429201],[ -1.28636333 216.39412859],[-0.00645693  0.35410922]
1178,1.177999999999981,[ 0.23481033 -4.34635214],[ 0.28880438 -1.69789788],[ -1.22943823 209.21978769],[-0.00654684  0.3450414 ]
1179,1.178999999999981,[ 0.2350979  -4.34784082],[ 0.28757494 -1.48867809],[ -1.17663291 202.30902625],[-0.0066389   0.33629329]
1180,1.1799999999999808,[ 0.2353843  -4.34912719],[ 0.28639831 -1.28636907],[ -1.12765332 195.65149411],[-0.00673292  0.32785307]
1181,1.1809999999999807,[ 0.23566957 -4.35021791],[ 0.28527066 -1.09071757],[ -1.08222628 189.23731176],[-0.00682871  0.31970941]
1182,1.1819999999999806,[ 0.23595376 -4.35111939],[ 0.28418843 -0.90148026],[ -1.04009797 183.05704339],[-0.00692608  0.31185142]
1183,1.1829999999999805,[ 0.23623691 -4.35183781],[ 0.28314833 -0.71842322],[ -1.00103264 177.10167204],[-0.00702488  0.30426861]
1184,1.1839999999999804,[ 0.23651905 -4.35237913],[ 0.2821473  -0.54132155],[ -0.9648113  171.36257634],[-0.00712497  0.29695093]
1185,1.1849999999999803,[ 0.23680024 -4.35274909],[ 0.28118249 -0.36995897],[ -0.93123056 165.83150902],[-0.00722619  0.28988871]
1186,1.1859999999999802,[ 0.23708049 -4.35295322],[ 0.28025126 -0.20412746],[ -0.90010157 160.50057687],[-0.00732842  0.28307263]
1187,1.18699999999998,[ 0.23735984 -4.35299685],[ 0.27935116 -0.04362688],[ -0.87124892 155.36222209],[-0.00743154  0.27649375]
1188,1.18799999999998,[ 0.23763832 -4.35288511],[0.27847991 0.11173534],[ -0.84450978 150.40920482],[-0.00753544  0.27014346]
1189,1.1889999999999799,[ 0.23791595 -4.35262297],[0.2776354  0.26214454],[ -0.81973295 145.63458699],[-0.00764001  0.26401347]
1190,1.1899999999999797,[ 0.23819277 -4.35221519],[0.27681566 0.40777913],[ -0.79677806 141.03171702],[-0.00774516  0.2580958 ]
1191,1.1909999999999796,[ 0.23846879 -4.35166638],[0.27601889 0.54881085],[ -0.77551483 136.59421573],[-0.0078508   0.25238278]
1192,1.1919999999999795,[ 0.23874403 -4.35098097],[0.27524337 0.68540506],[ -0.75582229 132.3159629 ],[-0.00795683  0.24686702]
1193,1.1929999999999794,[ 0.23901852 -4.35016325],[0.27448755 0.81772103],[ -0.7375882  128.19108493],[-0.00806319  0.2415414 ]
1194,1.1939999999999793,[ 0.23929227 -4.34921734],[0.27374996 0.94591211],[ -0.72070838 124.21394299],[-0.00816981  0.23639907]
1195,1.1949999999999792,[ 0.2395653  -4.34814721],[0.27302925 1.07012605],[ -0.70508614 120.37912211],[-0.00827661  0.23143342]
1196,1.195999999999979,[ 0.23983762 -4.34695671],[0.27232417 1.19050518],[ -0.69063176 116.68142078],[-0.00838353  0.2266381 ]
1197,1.196999999999979,[ 0.24010926 -4.34564952],[0.27163353 1.3071866 ],[ -0.67726201 113.11584122],[-0.00849052  0.22200698]
1198,1.1979999999999789,[ 0.24038021 -4.34422922],[0.27095627 1.42030244],[ -0.66489963 109.67758014],[-0.00859752  0.21753416]
1199,1.1989999999999787,[ 0.24065051 -4.34269924],[0.27029137 1.52998002],[ -0.65347298 106.36202013],[-0.00870448  0.21321395]
1200,1.1999999999999786,[ 0.24092014 -4.34106289],[0.2696379  1.63634204],[ -0.64291557 103.16472142],[-0.00881136  0.20904086]
1201,1.2009999999999785,[ 0.24118914 -4.33932339],[0.26899498 1.73950676],[ -0.63316574 100.08141416],[-0.0089181   0.20500962]
1202,1.2019999999999784,[ 0.2414575 -4.3374838],[0.26836182 1.83958817],[-0.62416629 97.10799109],[-0.00902468  0.20111513]
1203,1.2029999999999783,[ 0.24172524 -4.3355471 ],[0.26773765 1.93669617],[-0.61586415 94.24050056],[-0.00913105  0.19735248]
1204,1.2039999999999782,[ 0.24199236 -4.33351617],[0.26712179 2.03093667],[-0.60821013 91.47514   ],[-0.00923718  0.19371694]
1205,1.204999999999978,[ 0.24225887 -4.33139376],[0.26651358 2.12241181],[-0.60115858 88.80824966],[-0.00934303  0.19020394]
1206,1.205999999999978,[ 0.24252479 -4.32918254],[0.26591242 2.21122006],[-0.59466718 86.23630665],[-0.00944858  0.18680908]
1207,1.2069999999999779,[ 0.2427901  -4.32688508],[0.26531775 2.29745636],[-0.58869668 83.75591936],[-0.00955379  0.18352812]
1208,1.2079999999999778,[ 0.24305483 -4.32450387],[0.26472906 2.38121228],[-0.58321067 81.36382207],[-0.00965864  0.18035698]
1209,1.2089999999999776,[ 0.24331898 -4.32204129],[0.26414584 2.4625761 ],[-0.57817542 79.05686983],[-0.00976311  0.17729169]
1210,1.2099999999999775,[ 0.24358255 -4.31949966],[0.26356767 2.54163297],[-0.57355961 76.83203367],[-0.00986717  0.17432847]
1211,1.2109999999999774,[ 0.24384554 -4.31688119],[0.26299411 2.61846501],[-0.56933423 74.68639591],[-0.00997079  0.17146362]
1212,1.2119999999999773,[ 0.24410796 -4.31418804],[0.26242478 2.6931514 ],[-0.56547237 72.61714578],[-0.01007397  0.16869363]
1213,1.2129999999999772,[ 0.24436982 -4.31142227],[0.2618593  2.76576855],[-0.56194908 70.62157519],[-0.01017668  0.16601506]
1214,1.213999999999977,[ 0.24463112 -4.30858588],[0.26129735 2.83639012],[-0.55874121 68.69707474],[-0.01027891  0.16342462]
1215,1.214999999999977,[ 0.24489186 -4.3056808 ],[0.26073861 2.9050872 ],[-0.5558273  66.84112984],[-0.01038063  0.16091914]
1216,1.2159999999999769,[ 0.24515204 -4.30270887],[0.26018279 2.97192833],[-0.55318747 65.05131709],[-0.01048183  0.15849554]
1217,1.2169999999999768,[ 0.24541167 -4.29967189],[0.2596296  3.03697965],[-0.55080325 63.32530073],[-0.0105825   0.15615088]
1218,1.2179999999999767,[ 0.24567075 -4.29657158],[0.25907879 3.10030495],[-0.54865752 61.6608293 ],[-0.01068262  0.15388229]
1219,1.2189999999999765,[ 0.24592928 -4.29340962],[0.25853014 3.16196578],[-0.54673442 60.05573243],[-0.01078218  0.15168701]
1220,1.2199999999999764,[ 0.24618726 -4.2901876 ],[0.2579834  3.22202151],[-0.54501921 58.50791774],[-0.01088117  0.1495624 ]
1221,1.2209999999999763,[ 0.2464447  -4.28690707],[0.25743838 3.28052943],[-0.54349823 57.01536794],[-0.01097958  0.14750588]
1222,1.2219999999999762,[ 0.2467016  -4.28356952],[0.25689489 3.33754479],[-0.5421588  55.57613797],[-0.0110774   0.14551499]
1223,1.222999999999976,[ 0.24695795 -4.2801764 ],[0.25635273 3.39312093],[-0.54098915 54.18835228],[-0.01117461  0.14358733]
1224,1.223999999999976,[ 0.24721376 -4.27672909],[0.25581174 3.44730928],[-0.53997835 52.85020229],[-0.01127121  0.14172059]
1225,1.2249999999999759,[ 0.24746903 -4.27322893],[0.25527176 3.50015949],[-0.53911626 51.55994385],[-0.01136719  0.13991256]
1226,1.2259999999999758,[ 0.24772377 -4.26967721],[0.25473264 3.55171943],[-0.53839346 50.31589485],[-0.01146254  0.13816108]
1227,1.2269999999999757,[ 0.24797796 -4.26607518],[0.25419425 3.60203532],[-0.53780119 49.11643297],[-0.01155725  0.13646409]
1228,1.2279999999999756,[ 0.24823162 -4.26242402],[0.25365645 3.65115176],[-0.53733131 47.95999343],[-0.01165132  0.13481958]
1229,1.2289999999999754,[ 0.24848474 -4.25872491],[0.25311912 3.69911175],[-0.53697627 46.84506691],[-0.01174473  0.13322562]
1230,1.2299999999999753,[ 0.24873732 -4.25497896],[0.25258214 3.74595682],[-0.53672903 45.77019748],[-0.01183749  0.13168035]
1231,1.2309999999999752,[ 0.24898936 -4.25118723],[0.25204541 3.79172702],[-0.53658302 44.73398069],[-0.01192958  0.13018198]
1232,1.2319999999999751,[ 0.24924087 -4.24735077],[0.25150883 3.836461  ],[-0.53653216 43.73506167],[-0.012021    0.12872876]
1233,1.232999999999975,[ 0.24949184 -4.24347057],[0.2509723  3.88019606],[-0.53657077 42.77213332],[-0.01211174  0.12731902]
1234,1.233999999999975,[ 0.24974228 -4.2395476 ],[0.25043573 3.92296819],[-0.53669354 41.8439346 ],[-0.0122018   0.12595114]
1235,1.2349999999999748,[ 0.24999218 -4.23558279],[0.24989903 3.96481213],[-0.53689553 40.94924884],[-0.01229117  0.12462357]
1236,1.2359999999999747,[ 0.25024154 -4.23157703],[0.24936214 4.00576137],[-0.53717214 40.08690213],[-0.01237984  0.12333479]
1237,1.2369999999999746,[ 0.25049037 -4.22753118],[0.24882496 4.04584828],[-0.53751903 39.25576182],[-0.01246782  0.12208335]
1238,1.2379999999999745,[ 0.25073865 -4.22344608],[0.24828745 4.08510404],[-0.53793218 38.45473498],[-0.0125551   0.12086784]
1239,1.2389999999999743,[ 0.2509864  -4.21932252],[0.24774951 4.12355877],[-0.53840782 37.682767  ],[-0.01264167  0.11968691]
1240,1.2399999999999742,[ 0.25123361 -4.21516128],[0.24721111 4.16124154],[-0.53894239 36.93884021],[-0.01272753  0.11853925]
1241,1.2409999999999741,[ 0.25148029 -4.2109631 ],[0.24667216 4.19818038],[-0.53953259 36.22197257],[-0.01281268  0.1174236 ]
1242,1.241999999999974,[ 0.25172642 -4.20672869],[0.24613263 4.23440235],[-0.54017527 35.53121635],[-0.0128971   0.11633873]
1243,1.242999999999974,[ 0.25197201 -4.20245876],[0.24559246 4.26993357],[-0.54086752 34.86565698],[-0.01298081  0.11528346]
1244,1.2439999999999738,[ 0.25221706 -4.19815396],[0.24505159 4.30479923],[-0.54160656 34.22441177],[-0.01306379  0.11425667]
1245,1.2449999999999737,[ 0.25246157 -4.19381494],[0.24450998 4.33902364],[-0.54238978 33.60662886],[-0.01314604  0.11325725]
1246,1.2459999999999736,[ 0.25270554 -4.18944231],[0.24396759 4.37263027],[-0.54321472 33.01148608],[-0.01322755  0.11228414]
1247,1.2469999999999735,[ 0.25294897 -4.18503667],[0.24342438 4.40564175],[-0.54407903 32.43818989],[-0.01330833  0.11133631]
1248,1.2479999999999734,[ 0.25319185 -4.18059859],[0.2428803  4.43807994],[-0.54498052 31.88597438],[-0.01338838  0.11041279]
1249,1.2489999999999732,[ 0.25343418 -4.17612862],[0.24233532 4.46996592],[-0.54591707 31.35410028],[-0.01346768  0.10951261]
1250,1.2499999999999731,[ 0.25367597 -4.1716273 ],[0.2417894  4.50132002],[-0.54688669 30.84185404],[-0.01354623  0.10863485]
1251,1.250999999999973,[ 0.25391721 -4.16709514],[0.24124251 4.53216187],[-0.54788747 30.34854686],[-0.01362404  0.10777863]
1252,1.251999999999973,[ 0.25415791 -4.16253263],[0.24069463 4.56251042],[-0.54891759 29.87351388],[-0.0137011   0.10694308]
1253,1.2529999999999728,[ 0.25439805 -4.15794024],[0.24014571 4.59238393],[-0.54997531 29.41611329],[-0.01377741  0.10612737]
1254,1.2539999999999727,[ 0.25463765 -4.15331844],[0.23959573 4.62180005],[-0.55105897 28.97572555],[-0.01385296  0.10533071]
1255,1.2549999999999726,[ 0.25487669 -4.14866767],[0.23904467 4.65077577],[-0.55216696 28.55175257],[-0.01392775  0.10455232]
1256,1.2559999999999725,[ 0.25511519 -4.14398834],[0.23849251 4.67932752],[-0.55329773 28.14361696],[-0.01400179  0.10379145]
1257,1.2569999999999724,[ 0.25535313 -4.13928087],[0.23793921 4.70747114],[-0.5544498  27.75076133],[-0.01407506  0.10304739]
1258,1.2579999999999723,[ 0.25559051 -4.13454565],[0.23738476 4.7352219 ],[-0.55562174 27.37264754],[-0.01414757  0.10231943]
1259,1.2589999999999721,[ 0.25582734 -4.12978305],[0.23682914 4.76259455],[-0.55681214 27.00875608],[-0.01421932  0.10160691]
1260,1.259999999999972,[ 0.25606361 -4.12499345],[0.23627233 4.78960331],[-0.55801965 26.65858534],[-0.01429029  0.10090917]
1261,1.260999999999972,[ 0.25629933 -4.12017719],[0.23571431 4.81626189],[-0.55924297 26.32165104],[-0.0143605   0.10022559]
1262,1.2619999999999718,[ 0.25653448 -4.1153346 ],[0.23515506 4.84258354],[-0.56048082 25.99748562],[-0.01442993  0.09955556]
1263,1.2629999999999717,[ 0.25676908 -4.11046602],[0.23459458 4.86858103],[-0.56173194 25.6856376 ],[-0.01449859  0.0988985 ]
1264,1.2639999999999716,[ 0.25700311 -4.10557176],[0.23403285 4.89426667],[-0.56299512 25.38567107],[-0.01456648  0.09825384]
1265,1.2649999999999715,[ 0.25723658 -4.1006521 ],[0.23346986 4.91965234],[-0.56426916 25.09716512],[-0.01463358  0.09762105]
1266,1.2659999999999714,[ 0.25746948 -4.09570736],[0.23290559 4.9447495 ],[-0.56555289 24.81971332],[-0.01469991  0.09699958]
1267,1.2669999999999713,[ 0.25770182 -4.09073779],[0.23234003 4.96956922],[-0.56684515 24.5529232 ],[-0.01476546  0.09638894]
1268,1.2679999999999712,[ 0.2579336  -4.08574366],[0.23177319 4.99412214],[-0.56814482 24.29641578],[-0.01483023  0.09578863]
1269,1.268999999999971,[ 0.2581648  -4.08072525],[0.23120504 5.01841855],[-0.56945078 24.04982509],[-0.01489421  0.09519819]
1270,1.269999999999971,[ 0.25839544 -4.07568278],[0.23063559 5.04246838],[-0.57076193 23.81279768],[-0.01495741  0.09461714]
1271,1.2709999999999708,[ 0.2586255 -4.0706165],[0.23006483 5.06628118],[-0.57207718 23.58499226],[-0.01501983  0.09404506]
1272,1.2719999999999707,[ 0.258855   -4.06552663],[0.22949275 5.08986617],[-0.57339545 23.3660792 ],[-0.01508145  0.09348151]
1273,1.2729999999999706,[ 0.25908391 -4.0604134 ],[0.22891936 5.11323225],[-0.57471568 23.15574014],[-0.01514229  0.09292608]
1274,1.2739999999999705,[ 0.25931226 -4.05527701],[0.22834464 5.13638799],[-0.57603681 22.95366763],[-0.01520234  0.09237837]
1275,1.2749999999999704,[ 0.25954003 -4.05011767],[0.22776861 5.15934166],[-0.57735779 22.7595647 ],[-0.0152616   0.09183801]
1276,1.2759999999999703,[ 0.25976722 -4.04493557],[0.22719125 5.18210122],[-0.57867758 22.57314453],[-0.01532007  0.09130462]
1277,1.2769999999999702,[ 0.25999383 -4.03973089],[0.22661257 5.20467437],[-0.57999514 22.39413008],[-0.01537774  0.09077784]
1278,1.27799999999997,[ 0.26021986 -4.03450382],[0.22603257 5.2270685 ],[-0.58130945 22.22225374],[-0.01543462  0.09025732]
1279,1.27899999999997,[ 0.26044532 -4.02925453],[0.22545127 5.24929075],[-0.58261947 22.05725701],[-0.01549071  0.08974274]
1280,1.2799999999999698,[ 0.26067018 -4.02398318],[0.22486865 5.27134801],[-0.58392419 21.89889019],[-0.015546    0.08923377]
1281,1.2809999999999697,[ 0.26089447 -4.01868994],[0.22428472 5.2932469 ],[-0.58522258 21.74691206],[-0.01560049  0.0887301 ]
1282,1.2819999999999696,[ 0.26111817 -4.01337494],[0.2236995  5.31499381],[-0.58651362 21.60108958],[-0.01565419  0.08823142]
1283,1.2829999999999695,[ 0.26134128 -4.00803835],[0.22311299 5.3365949 ],[-0.58779631 21.46119763],[-0.01570709  0.08773746]
1284,1.2839999999999694,[ 0.26156381 -4.00268029],[0.22252519 5.3580561 ],[-0.58906962 21.32701868],[-0.01575919  0.08724793]
1285,1.2849999999999693,[ 0.26178574 -3.99730091],[0.22193612 5.37938311],[-0.59033255 21.19834259],[-0.0158105   0.08676256]
1286,1.2859999999999692,[ 0.26200709 -3.99190033],[0.22134579 5.40058146],[-0.59158408 21.07496631],[-0.015861    0.08628109]
1287,1.286999999999969,[ 0.26222784 -3.98647867],[0.2207542  5.42165642],[-0.59282321 20.95669364],[-0.0159107   0.08580326]
1288,1.287999999999969,[ 0.262448   -3.98103606],[0.22016138 5.44261312],[-0.5940489 20.843335 ],[-0.01595961  0.08532885]
1289,1.2889999999999688,[ 0.26266757 -3.9755726 ],[0.21956733 5.46345645],[-0.59526017 20.73470719],[-0.01600771  0.0848576 ]
1290,1.2899999999999687,[ 0.26288654 -3.97008841],[0.21897207 5.48419116],[-0.59645598 20.63063315],[-0.01605502  0.0843893 ]
1291,1.2909999999999686,[ 0.26310492 -3.96458359],[0.21837561 5.50482179],[-0.59763533 20.53094181],[-0.01610152  0.08392373]
1292,1.2919999999999685,[ 0.2633227  -3.95905824],[0.21777798 5.52535273],[-0.59879721 20.43546779],[-0.01614722  0.08346067]
1293,1.2929999999999684,[ 0.26353988 -3.95351245],[0.21717918 5.5457882 ],[-0.59994059 20.34405128],[-0.01619212  0.08299993]
1294,1.2939999999999683,[ 0.26375646 -3.94794632],[0.21657924 5.56613225],[-0.60106446 20.25653779],[-0.01623622  0.0825413 ]
1295,1.2949999999999682,[ 0.26397243 -3.94235993],[0.21597818 5.58638879],[-0.6021678  20.17277799],[-0.01627952  0.08208461]
1296,1.295999999999968,[ 0.26418781 -3.93675337],[0.21537601 5.60656157],[-0.60324959 20.09262755],[-0.01632201  0.08162966]
1297,1.296999999999968,[ 0.26440258 -3.93112671],[0.21477276 5.6266542 ],[-0.6043088  20.01594691],[-0.01636371  0.08117629]
1298,1.2979999999999678,[ 0.26461675 -3.92548004],[0.21416845 5.64667014],[-0.60534442 19.94260116],[-0.0164046   0.08072431]
1299,1.2989999999999677,[ 0.26483031 -3.91981343],[0.21356311 5.66661274],[-0.60635542 19.87245987],[-0.01644469  0.08027358]
1300,1.2999999999999676,[ 0.26504327 -3.91412694],[0.21295675 5.6864852 ],[-0.60734076 19.80539692],[-0.01648398  0.07982392]
1301,1.3009999999999675,[ 0.26525562 -3.90842065],[0.21234941 5.7062906 ],[-0.60829942 19.74129036],[-0.01652248  0.0793752 ]
1302,1.3019999999999674,[ 0.26546736 -3.90269462],[0.21174111 5.72603189],[-0.60923037 19.68002224],[-0.01656017  0.07892726]
1303,1.3029999999999673,[ 0.26567849 -3.89694891],[0.21113188 5.74571191],[-0.61013257 19.62147853],[-0.01659706  0.07847996]
1304,1.3039999999999672,[ 0.26588902 -3.89118358],[0.21052175 5.76533339],[-0.611005   19.56554891],[-0.01663315  0.07803317]
1305,1.304999999999967,[ 0.26609893 -3.88539868],[0.20991074 5.78489894],[-0.6118466  19.51212669],[-0.01666845  0.07758675]
1306,1.305999999999967,[ 0.26630822 -3.87959427],[0.2092989  5.80441107],[-0.61265634 19.46110867],[-0.01670294  0.07714058]
1307,1.3069999999999669,[ 0.26651691 -3.87377039],[0.20868624 5.82387218],[-0.61343319 19.41239501],[-0.01673664  0.07669454]
1308,1.3079999999999667,[ 0.26672498 -3.86792711],[0.20807281 5.84328457],[-0.6141761  19.36588913],[-0.01676954  0.07624852]
1309,1.3089999999999666,[ 0.26693244 -3.86206446],[0.20745863 5.86265046],[-0.61488402 19.32149758],[-0.01680165  0.07580239]
1310,1.3099999999999665,[ 0.26713929 -3.85618249],[0.20684375 5.88197196],[-0.6155559  19.27912995],[-0.01683296  0.07535605]
1311,1.3109999999999664,[ 0.26734551 -3.85028124],[0.20622819 5.90125109],[-0.61619071 19.23869872],[-0.01686348  0.0749094 ]
1312,1.3119999999999663,[ 0.26755113 -3.84436075],[0.205612   5.92048979],[-0.61678739 19.20011922],[-0.0168932   0.07446234]
1313,1.3129999999999662,[ 0.26775612 -3.83842106],[0.20499521 5.93968991],[-0.61734489 19.1633095 ],[-0.01692214  0.07401476]
1314,1.313999999999966,[ 0.2679605 -3.8324622],[0.20437787 5.95885322],[-0.61786216 19.12819022],[-0.01695028  0.07356659]
1315,1.314999999999966,[ 0.26816426 -3.82648422],[0.20376001 5.97798141],[-0.61833814 19.09468461],[-0.01697763  0.07311772]
1316,1.3159999999999659,[ 0.2683674  -3.82048715],[0.20314167 5.99707609],[-0.61877178 19.06271832],[-0.01700419  0.07266808]
1317,1.3169999999999658,[ 0.26856992 -3.81447101],[0.2025229  6.01613881],[-0.61916203 19.03221937],[-0.01702996  0.07221758]
1318,1.3179999999999656,[ 0.26877183 -3.80843584],[0.20190373 6.03517103],[-0.61950783 19.00311807],[-0.01705495  0.07176614]
1319,1.3189999999999655,[ 0.26897311 -3.80238166],[0.20128423 6.05417415],[-0.61980813 18.97534692],[-0.01707916  0.07131369]
1320,1.3199999999999654,[ 0.26917378 -3.79630851],[0.20066442 6.07314949],[-0.62006185 18.94884058],[-0.01710258  0.07086016]
1321,1.3209999999999653,[ 0.26937382 -3.79021641],[0.20004436 6.09209833],[-0.62026796 18.92353572],[-0.01712521  0.07040547]
1322,1.3219999999999652,[ 0.26957324 -3.78410539],[0.19942409 6.11102187],[-0.62042538 18.89937103],[-0.01714707  0.06994956]
1323,1.322999999999965,[ 0.26977205 -3.77797547],[0.19880366 6.12992124],[-0.62053306 18.8762871 ],[-0.01716815  0.06949237]
1324,1.323999999999965,[ 0.26997023 -3.77182667],[0.19818313 6.14879753],[-0.62058995 18.85422637],[-0.01718845  0.06903383]
1325,1.3249999999999649,[ 0.27016779 -3.76565902],[0.19756254 6.16765175],[-0.62059497 18.83313307],[-0.01720797  0.06857389]
1326,1.3259999999999648,[ 0.27036474 -3.75947254],[0.19694194 6.18648489],[-0.62054708 18.81295316],[-0.01722673  0.06811249]
1327,1.3269999999999647,[ 0.27056106 -3.75326724],[0.1963214  6.20529784],[-0.62044522 18.79363426],[-0.0172447   0.06764958]
1328,1.3279999999999645,[ 0.27075676 -3.74704315],[0.19570095 6.22409147],[-0.62028833 18.7751256 ],[-0.01726191  0.0671851 ]
1329,1.3289999999999644,[ 0.27095184 -3.74080028],[0.19508066 6.2428666 ],[-0.62007535 18.75737797],[-0.01727836  0.06671902]
1330,1.3299999999999643,[ 0.2711463  -3.73453866],[0.19446059 6.26162398],[-0.61980523 18.74034367],[-0.01729403  0.06625127]
1331,1.3309999999999642,[ 0.27134014 -3.72825829],[0.19384078 6.28036432],[-0.61947692 18.72397644],[-0.01730894  0.06578183]
1332,1.331999999999964,[ 0.27153336 -3.7219592 ],[0.19322131 6.2990883 ],[-0.61908936 18.70823144],[-0.01732309  0.06531065]
1333,1.332999999999964,[ 0.27172596 -3.71564141],[0.19260222 6.31779653],[-0.6186415  18.69306517],[-0.01733648  0.06483768]
1334,1.3339999999999639,[ 0.27191795 -3.70930492],[0.19198358 6.3364896 ],[-0.61813229 18.67843545],[-0.01734911  0.06436289]
1335,1.3349999999999638,[ 0.27210931 -3.70294975],[0.19136544 6.35516803],[-0.6175607  18.66430138],[-0.01736099  0.06388625]
1336,1.3359999999999637,[ 0.27230006 -3.69657592],[0.19074788 6.37383233],[-0.61692567 18.65062327],[-0.01737211  0.06340773]
1337,1.3369999999999636,[ 0.27249019 -3.69018343],[0.19013096 6.39248296],[-0.61622616 18.63736262],[-0.01738249  0.06292728]
1338,1.3379999999999634,[ 0.27267971 -3.68377231],[0.18951473 6.41112032],[-0.61546113 18.62448209],[-0.01739211  0.06244488]
1339,1.3389999999999633,[ 0.27286861 -3.67734257],[0.18889927 6.4297448 ],[-0.61462956 18.61194543],[-0.01740099  0.06196051]
1340,1.3399999999999632,[ 0.27305689 -3.67089421],[0.18828464 6.44835675],[-0.6137304  18.59971749],[-0.01740913  0.06147413]
1341,1.340999999999963,[ 0.27324456 -3.66442726],[0.18767091 6.46695646],[-0.61276263 18.58776415],[-0.01741653  0.06098572]
1342,1.341999999999963,[ 0.27343162 -3.65794171],[0.18705815 6.48554423],[-0.61172523 18.57605228],[-0.01742319  0.06049527]
1343,1.342999999999963,[ 0.27361807 -3.65143759],[0.18644642 6.50412028],[-0.61061718 18.56454976],[-0.01742912  0.06000274]
1344,1.3439999999999628,[ 0.2738039  -3.64491491],[0.1858358  6.52268483],[-0.60943746 18.55322538],[-0.01743431  0.05950812]
1345,1.3449999999999627,[ 0.27398913 -3.63837367],[0.18522637 6.54123805],[-0.60818506 18.54204886],[-0.01743878  0.05901139]
1346,1.3459999999999626,[ 0.27417375 -3.63181389],[0.18461818 6.5597801 ],[-0.60685897 18.53099082],[-0.01744252  0.05851253]
1347,1.3469999999999624,[ 0.27435776 -3.62523558],[0.18401132 6.57831109],[-0.60545821 18.52002273],[-0.01744554  0.05801153]
1348,1.3479999999999623,[ 0.27454116 -3.61863875],[0.18340586 6.59683112],[-0.60398177 18.50911688],[-0.01744784  0.05750838]
1349,1.3489999999999622,[ 0.27472397 -3.61202341],[0.18280188 6.61534023],[-0.60242866 18.49824638],[-0.01744942  0.05700306]
1350,1.3499999999999621,[ 0.27490616 -3.60538957],[0.18219945 6.63383848],[-0.60079791 18.48738513],[-0.01745029  0.05649555]
1351,1.350999999999962,[ 0.27508776 -3.59873724],[0.18159866 6.65232587],[-0.59908855 18.47650779],[-0.01745045  0.05598586]
1352,1.351999999999962,[ 0.27526876 -3.59206644],[0.18099957 6.67080237],[-0.5972996  18.46558976],[-0.01744991  0.05547397]
1353,1.3529999999999618,[ 0.27544917 -3.58537717],[0.18040227 6.68926796],[-0.5954301  18.45460714],[-0.01744866  0.05495988]
1354,1.3539999999999617,[ 0.27562897 -3.57866945],[0.17980684 6.70772257],[-0.59347911 18.44353675],[-0.01744671  0.05444357]
1355,1.3549999999999616,[ 0.27580819 -3.57194328],[0.17921336 6.72616611],[-0.59144569 18.43235609],[-0.01744406  0.05392504]
1356,1.3559999999999615,[ 0.27598681 -3.56519868],[0.17862191 6.74459846],[-0.58932889 18.42104329],[-0.01744073  0.0534043 ]
1357,1.3569999999999613,[ 0.27616484 -3.55843566],[0.17803258 6.76301951],[-0.58712779 18.40957715],[-0.0174367   0.05288133]
1358,1.3579999999999612,[ 0.27634229 -3.55165424],[0.17744546 6.78142908],[-0.58484148 18.39793709],[-0.01743199  0.05235614]
1359,1.3589999999999611,[ 0.27651915 -3.54485441],[0.17686062 6.79982702],[-0.58246904 18.38610313],[-0.0174266   0.05182872]
1360,1.359999999999961,[ 0.27669542 -3.5380362 ],[0.17627815 6.81821312],[-0.5800096  18.37405588],[-0.01742053  0.05129908]
1361,1.360999999999961,[ 0.27687112 -3.53119961],[0.17569814 6.83658718],[-0.57746225 18.36177653],[-0.01741378  0.05076721]
1362,1.3619999999999608,[ 0.27704624 -3.52434466],[0.17512067 6.85494896],[-0.57482612 18.34924684],[-0.01740637  0.05023312]
1363,1.3629999999999607,[ 0.27722079 -3.51747136],[0.17454585 6.8732982 ],[-0.57210036 18.3364491 ],[-0.01739829  0.04969682]
1364,1.3639999999999606,[ 0.27739476 -3.51057973],[0.17397375 6.89163465],[-0.5692841  18.32336615],[-0.01738955  0.0491583 ]
1365,1.3649999999999605,[ 0.27756817 -3.50366977],[0.17340446 6.90995802],[-0.56637652 18.30998135],[-0.01738015  0.04861757]
1366,1.3659999999999604,[ 0.27774101 -3.4967415 ],[0.17283809 6.928268  ],[-0.56337677 18.29627856],[-0.0173701   0.04807464]
1367,1.3669999999999602,[ 0.27791328 -3.48979494],[0.17227471 6.94656428],[-0.56028406 18.28224215],[-0.01735939  0.04752951]
1368,1.3679999999999601,[ 0.27808499 -3.48283009],[0.17171443 6.96484652],[-0.55709758 18.26785697],[-0.01734805  0.0469822 ]
1369,1.36899999999996,[ 0.27825615 -3.47584698],[0.17115733 6.98311438],[-0.55381654 18.25310834],[-0.01733606  0.04643271]
1370,1.36999999999996,[ 0.27842676 -3.46884561],[0.17060351 7.00136749],[-0.55044017 18.23798205],[-0.01732343  0.04588105]
1371,1.3709999999999598,[ 0.27859681 -3.461826  ],[0.17005307 7.01960547],[-0.54696771 18.22246436],[-0.01731018  0.04532723]
1372,1.3719999999999597,[ 0.27876631 -3.45478817],[0.1695061  7.03782793],[-0.54339843 18.20654195],[-0.01729629  0.04477127]
1373,1.3729999999999596,[ 0.27893528 -3.44773214],[0.16896271 7.05603447],[-0.53973159 18.19020195],[-0.01728178  0.04421316]
1374,1.3739999999999595,[ 0.2791037  -3.44065792],[0.16842297 7.07422468],[-0.53596648 18.17343192],[-0.01726666  0.04365294]
1375,1.3749999999999594,[ 0.27927159 -3.43356552],[0.16788701 7.09239811],[-0.53210241 18.15621985],[-0.01725092  0.0430906 ]
1376,1.3759999999999593,[ 0.27943894 -3.42645496],[0.16735491 7.11055433],[-0.52813871 18.13855411],[-0.01723457  0.04252616]
1377,1.3769999999999591,[ 0.27960577 -3.41932627],[0.16682677 7.12869288],[-0.52407471 18.12042351],[-0.01721761  0.04195965]
1378,1.377999999999959,[ 0.27977207 -3.41217946],[0.16630269 7.1468133 ],[-0.51990977 18.10181723],[-0.01720006  0.04139107]
1379,1.378999999999959,[ 0.27993785 -3.40501454],[0.16578278 7.16491512],[-0.51564327 18.08272486],[-0.01718191  0.04082043]
1380,1.3799999999999588,[ 0.28010312 -3.39783154],[0.16526714 7.18299785],[-0.5112746  18.06313635],[-0.01716317  0.04024776]
1381,1.3809999999999587,[ 0.28026788 -3.39063048],[0.16475586 7.20106098],[-0.50680318 18.04304204],[-0.01714384  0.03967308]
1382,1.3819999999999586,[ 0.28043213 -3.38341138],[0.16424906 7.21910403],[-0.50222844 18.02243265],[-0.01712393  0.03909639]
1383,1.3829999999999585,[ 0.28059587 -3.37617425],[0.16374683 7.23712646],[-0.49754982 18.00129924],[-0.01710345  0.03851773]
1384,1.3839999999999584,[ 0.28075912 -3.36891912],[0.16324928 7.25512776],[-0.49276682 17.97963324],[-0.0170824   0.03793709]
1385,1.3849999999999583,[ 0.28092188 -3.36164602],[0.16275652 7.27310739],[-0.48787891 17.95742644],[-0.01706078  0.03735452]
1386,1.3859999999999582,[ 0.28108415 -3.35435495],[0.16226864 7.29106482],[-0.48288563 17.93467097],[-0.0170386   0.03677002]
1387,1.386999999999958,[ 0.28124593 -3.34704595],[0.16178575 7.30899949],[-0.4777865  17.91135928],[-0.01701586  0.03618362]
1388,1.387999999999958,[ 0.28140724 -3.33971904],[0.16130797 7.32691085],[-0.47258108 17.88748419],[-0.01699257  0.03559534]
1389,1.3889999999999578,[ 0.28156808 -3.33237424],[0.16083538 7.34479833],[-0.46726896 17.86303884],[-0.01696874  0.03500519]
1390,1.3899999999999577,[ 0.28172844 -3.32501158],[0.16036812 7.36266137],[-0.46184974 17.83801668],[-0.01694437  0.0344132 ]
1391,1.3909999999999576,[ 0.28188835 -3.31763108],[0.15990627 7.38049939],[-0.45632305 17.81241149],[-0.01691946  0.0338194 ]
1392,1.3919999999999575,[ 0.2820478  -3.31023277],[0.15944994 7.3983118 ],[-0.45068854 17.78621737],[-0.01689402  0.0332238 ]
1393,1.3929999999999574,[ 0.2822068  -3.30281667],[0.15899925 7.41609802],[-0.44494589 17.75942874],[-0.01686806  0.03262643]
1394,1.3939999999999573,[ 0.28236535 -3.29538282],[0.15855431 7.43385744],[-0.4390948 17.7320403],[-0.01684158  0.03202731]
1395,1.3949999999999572,[ 0.28252347 -3.28793123],[0.15811521 7.45158948],[-0.433135   17.70404708],[-0.01681459  0.03142646]
1396,1.395999999999957,[ 0.28268115 -3.28046193],[0.15768208 7.46929353],[-0.42706624 17.67544439],[-0.01678709  0.03082392]
1397,1.396999999999957,[ 0.28283841 -3.27297496],[0.15725501 7.48696898],[-0.42088829 17.64622785],[-0.01675908  0.0302197 ]
1398,1.3979999999999568,[ 0.28299524 -3.26547035],[0.15683412 7.5046152 ],[-0.41460096 17.61639334],[-0.01673058  0.02961382]
1399,1.3989999999999567,[ 0.28315166 -3.25794812],[0.15641952 7.5222316 ],[-0.40820407 17.58593705],[-0.01670158  0.02900632]
1400,1.3999999999999566,[ 0.28330767 -3.2504083 ],[0.15601132 7.53981753],[-0.40169749 17.55485545],[-0.0166721   0.02839722]
1401,1.4009999999999565,[ 0.28346328 -3.24285093],[0.15560962 7.55737239],[-0.39508109 17.52314528],[-0.01664214  0.02778654]
1402,1.4019999999999564,[ 0.2836185  -3.23527603],[0.15521454 7.57489554],[-0.3883548  17.49080355],[-0.0166117   0.02717432]
1403,1.4029999999999563,[ 0.28377332 -3.22768364],[0.15482619 7.59238634],[-0.38151854 17.45782753],[-0.0165808   0.02656057]
1404,1.4039999999999562,[ 0.28392777 -3.2200738 ],[0.15444467 7.60984417],[-0.37457228 17.42421477],[-0.01654942  0.02594532]
1405,1.404999999999956,[ 0.28408184 -3.21244653],[0.15407009 7.62726838],[-0.36751603 17.38996307],[-0.01651759  0.02532861]
1406,1.405999999999956,[ 0.28423554 -3.20480187],[0.15370258 7.64465834],[-0.36034979 17.35507049],[-0.01648531  0.02471045]
1407,1.4069999999999558,[ 0.28438888 -3.19713986],[0.15334223 7.66201341],[-0.35307364 17.31953533],[-0.01645258  0.02409088]
1408,1.4079999999999557,[ 0.28454187 -3.18946053],[0.15298915 7.67933295],[-0.34568764 17.28335615],[-0.0164194   0.02346993]
1409,1.4089999999999556,[ 0.28469451 -3.18176391],[0.15264347 7.69661631],[-0.33819191 17.24653173],[-0.01638579  0.02284761]
1410,1.4099999999999555,[ 0.28484682 -3.17405005],[0.15230528 7.71386284],[-0.33058659 17.2090611 ],[-0.01635175  0.02222396]
1411,1.4109999999999554,[ 0.28499879 -3.16631898],[0.15197469 7.7310719 ],[-0.32287186 17.17094354],[-0.01631728  0.021599  ]
1412,1.4119999999999553,[ 0.28515045 -3.15857073],[0.15165182 7.74824284],[-0.31504791 17.13217852],[-0.01628239  0.02097278]
1413,1.4129999999999552,[ 0.28530178 -3.15080536],[0.15133677 7.76537502],[-0.30711499 17.09276576],[-0.01624709  0.0203453 ]
1414,1.413999999999955,[ 0.28545281 -3.14302289],[0.15102965 7.78246779],[-0.29907335 17.05270519],[-0.01621138  0.01971661]
1415,1.414999999999955,[ 0.28560354 -3.13522337],[0.15073058 7.79952049],[-0.29092328 17.01199696],[-0.01617527  0.01908672]
1416,1.4159999999999549,[ 0.28575398 -3.12740684],[0.15043966 7.81653249],[-0.28266512 16.97064141],[-0.01613876  0.01845568]
1417,1.4169999999999547,[ 0.28590414 -3.11957333],[0.15015699 7.83350313],[-0.27429921 16.9286391 ],[-0.01610186  0.0178235 ]
1418,1.4179999999999546,[ 0.28605402 -3.1117229 ],[0.14988269 7.85043177],[-0.26582596 16.88599079],[-0.01606457  0.01719022]
1419,1.4189999999999545,[ 0.28620364 -3.10385559],[0.14961687 7.86731776],[-0.25724577 16.84269742],[-0.01602691  0.01655587]
1420,1.4199999999999544,[ 0.286353   -3.09597142],[0.14935962 7.88416046],[-0.2485591  16.79876012],[-0.01598887  0.01592047]
1421,1.4209999999999543,[ 0.28650211 -3.08807047],[0.14911106 7.90095922],[-0.23976644 16.75418022],[-0.01595045  0.01528406]
1422,1.4219999999999542,[ 0.28665098 -3.08015275],[0.1488713 7.9177134],[-0.2308683  16.70895921],[-0.01591168  0.01464666]
1423,1.422999999999954,[ 0.28679962 -3.07221833],[0.14864043 7.93442236],[-0.22186522 16.66309876],[-0.01587255  0.01400831]
1424,1.423999999999954,[ 0.28694804 -3.06426724],[0.14841856 7.95108546],[-0.21275779 16.6166007 ],[-0.01583306  0.01336903]
1425,1.4249999999999539,[ 0.28709625 -3.05629954],[0.1482058  7.96770206],[-0.20354662 16.56946702],[-0.01579323  0.01272885]
1426,1.4259999999999537,[ 0.28724425 -3.04831527],[0.14800226 7.98427152],[-0.19423235 16.52169988],[-0.01575306  0.0120878 ]
1427,1.4269999999999536,[ 0.28739206 -3.04031448],[0.14780803 8.00079322],[-0.18481566 16.47330157],[-0.01571255  0.01144592]
1428,1.4279999999999535,[ 0.28753968 -3.03229721],[0.14762321 8.01726653],[-0.17529727 16.42427453],[-0.01567171  0.01080322]
1429,1.4289999999999534,[ 0.28768713 -3.02426352],[0.14744791 8.0336908 ],[-0.1656779  16.37462135],[-0.01563055  0.01015975]
1430,1.4299999999999533,[ 0.28783441 -3.01621345],[0.14728223 8.05006542],[-0.15595834 16.32434473],[-0.01558907  0.00951552]
1431,1.4309999999999532,[ 0.28798154 -3.00814707],[0.14712628 8.06638977],[-0.1461394  16.27344751],[-0.01554727  0.00887058]
1432,1.431999999999953,[ 0.28812852 -3.0000644 ],[0.14698014 8.08266321],[-0.1362219  16.22193264],[-0.01550517  0.00822495]
1433,1.432999999999953,[ 0.28827536 -2.99196552],[0.14684391 8.09888515],[-0.12620673 16.16980319],[-0.01546276  0.00757865]
1434,1.4339999999999529,[ 0.28842208 -2.98385046],[0.14671771 8.11505495],[-0.11609479 16.11706234],[-0.01542005  0.00693172]
1435,1.4349999999999528,[ 0.28856868 -2.97571929],[0.14660161 8.13117201],[-0.10588701 16.06371336],[-0.01537705  0.00628419]
1436,1.4359999999999526,[ 0.28871518 -2.96757205],[0.14649573 8.14723572],[-0.09558435 16.0097596 ],[-0.01533377  0.00563609]
1437,1.4369999999999525,[ 0.28886158 -2.95940881],[0.14640014 8.16324548],[-0.08518783 15.95520454],[-0.0152902   0.00498745]
1438,1.4379999999999524,[ 0.28900789 -2.95122961],[0.14631495 8.17920069],[-0.07469847 15.90005169],[-0.01524635  0.00433829]
1439,1.4389999999999523,[ 0.28915413 -2.94303451],[0.14624026 8.19510074],[-0.06411734 15.84430467],[-0.01520224  0.00368864]
1440,1.4399999999999522,[ 0.28930031 -2.93482356],[0.14617614 8.21094505],[-0.05344553 15.78796716],[-0.01515785  0.00303854]
1441,1.440999999999952,[ 0.28944643 -2.92659683],[0.14612269 8.22673301],[-0.04268417 15.73104287],[-0.01511321  0.00238802]
1442,1.441999999999952,[ 0.28959251 -2.91835436],[0.14608001 8.24246406],[-0.03183442 15.67353562],[-0.01506831  0.00173709]
1443,1.4429999999999519,[ 0.28973856 -2.91009623],[0.14604817 8.25813759],[-0.02089747 15.61544921],[-0.01502315  0.0010858 ]
1444,1.4439999999999518,[ 0.28988458 -2.90182247],[0.14602728 8.27375304],[-9.87453685e-03  1.55567875e+01],[-0.01497775  0.00043417]
1445,1.4449999999999517,[ 0.2900306  -2.89353316],[0.1460174  8.28930983],[1.23312070e-03 1.54975545e+01],[-0.01493211 -0.00021778]
1446,1.4459999999999515,[ 0.29017662 -2.88522836],[0.14601864 8.30480738],[1.24242218e-02 1.54377540e+01],[-0.01488623 -0.00087   ]
1447,1.4469999999999514,[ 0.29032265 -2.87690811],[0.14603106 8.32024514],[ 0.02369745 15.37739007],[-0.01484012 -0.00152248]
1448,1.4479999999999513,[ 0.29046871 -2.86857249],[0.14605476 8.33562253],[ 0.03505147 15.31646659],[-0.01479378 -0.00217518]
1449,1.4489999999999512,[ 0.2906148  -2.86022155],[0.14608981 8.35093899],[ 0.0464849  15.25498756],[-0.01474722 -0.00282808]
1450,1.449999999999951,[ 0.29076093 -2.85185536],[0.14613629 8.36619398],[ 0.05799633 15.19295693],[-0.01470044 -0.00348115]
1451,1.450999999999951,[ 0.29090713 -2.84347397],[0.14619429 8.38138694],[ 0.06958434 15.13037868],[-0.01465345 -0.00413435]
1452,1.4519999999999509,[ 0.29105339 -2.83507745],[0.14626387 8.39651732],[ 0.08124745 15.06725672],[-0.01460625 -0.00478767]
1453,1.4529999999999508,[ 0.29119974 -2.82666587],[0.14634512 8.41158457],[ 0.09298418 15.00359499],[-0.01455884 -0.00544107]
1454,1.4539999999999507,[ 0.29134617 -2.81823928],[0.14643811 8.42658817],[ 0.10479301 14.93939736],[-0.01451123 -0.00609452]
1455,1.4549999999999506,[ 0.29149272 -2.80979775],[0.1465429  8.44152757],[ 0.11667238 14.87466769],[-0.01446343 -0.006748  ]
1456,1.4559999999999504,[ 0.29163938 -2.80134135],[0.14665957 8.45640223],[ 0.12862071 14.80940979],[-0.01441543 -0.00740148]
1457,1.4569999999999503,[ 0.29178616 -2.79287014],[0.14678819 8.47121164],[ 0.14063641 14.7436274 ],[-0.01436725 -0.00805493]
1458,1.4579999999999502,[ 0.29193309 -2.78438418],[0.14692883 8.48595527],[ 0.15271782 14.67732423],[-0.01431888 -0.00870832]
1459,1.4589999999999501,[ 0.29208018 -2.77588355],[0.14708155 8.50063259],[ 0.1648633  14.61050391],[-0.01427033 -0.00936163]
1460,1.45999999999995,[ 0.29222742 -2.76736831],[0.14724641 8.5152431 ],[ 0.17707115 14.54317001],[-0.01422161 -0.01001482]
1461,1.46099999999995,[ 0.29237485 -2.75883852],[0.14742348 8.52978627],[ 0.18933966 14.47532601],[-0.01417271 -0.01066788]
1462,1.4619999999999498,[ 0.29252246 -2.75029426],[0.14761282 8.54426159],[ 0.20166708 14.40697531],[-0.01412365 -0.01132077]
1463,1.4629999999999497,[ 0.29267027 -2.74173559],[0.14781449 8.55866857],[ 0.21405164 14.33812123],[-0.01407442 -0.01197346]
1464,1.4639999999999496,[ 0.2928183  -2.73316258],[0.14802854 8.57300669],[ 0.22649155 14.26876698],[-0.01402503 -0.01262593]
1465,1.4649999999999495,[ 0.29296656 -2.72457531],[0.14825503 8.58727546],[ 0.23898499 14.19891569],[-0.01397549 -0.01327815]
1466,1.4659999999999493,[ 0.29311505 -2.71597383],[0.14849402 8.60147437],[ 0.25153011 14.12857034],[-0.01392578 -0.0139301 ]
1467,1.4669999999999492,[ 0.2932638  -2.70735823],[0.14874555 8.61560294],[ 0.26412504 14.05773384],[-0.01387593 -0.01458174]
1468,1.4679999999999491,[ 0.29341281 -2.69872857],[0.14900967 8.62966068],[ 0.27676788 13.98640894],[-0.01382593 -0.01523305]
1469,1.468999999999949,[ 0.29356209 -2.69008492],[0.14928644 8.64364709],[ 0.28945672 13.9145983 ],[-0.01377579 -0.015884  ]
1470,1.469999999999949,[ 0.29371167 -2.68142736],[0.1495759  8.65756168],[ 0.30218962 13.84230442],[-0.01372551 -0.01653457]
1471,1.4709999999999488,[ 0.29386155 -2.67275596],[0.14987808 8.67140399],[ 0.31496459 13.76952967],[-0.01367509 -0.01718472]
1472,1.4719999999999487,[ 0.29401174 -2.66407078],[0.15019305 8.68517352],[ 0.32777966 13.69627627],[-0.01362453 -0.01783443]
1473,1.4729999999999486,[ 0.29416226 -2.65537191],[0.15052083 8.6988698 ],[ 0.34063282 13.62254632],[-0.01357384 -0.01848368]
1474,1.4739999999999485,[ 0.29431312 -2.64665942],[0.15086146 8.71249234],[ 0.35352201 13.54834172],[-0.01352302 -0.01913243]
1475,1.4749999999999484,[ 0.29446434 -2.63793338],[0.15121498 8.72604068],[ 0.3664452  13.47366424],[-0.01347208 -0.01978067]
1476,1.4759999999999482,[ 0.29461592 -2.62919387],[0.15158143 8.73951435],[ 0.37940029 13.39851549],[-0.01342101 -0.02042835]
1477,1.4769999999999481,[ 0.29476788 -2.62044095],[0.15196083 8.75291286],[ 0.3923852  13.32289688],[-0.01336981 -0.02107546]
1478,1.477999999999948,[ 0.29492023 -2.61167472],[0.15235321 8.76623576],[ 0.40539778 13.24680968],[-0.0133185  -0.02172197]
1479,1.478999999999948,[ 0.29507299 -2.60289524],[0.15275861 8.77948257],[ 0.41843592 13.17025497],[-0.01326707 -0.02236784]
1480,1.4799999999999478,[ 0.29522617 -2.59410258],[0.15317705 8.79265282],[ 0.43149743 13.09323363],[-0.01321553 -0.02301307]
1481,1.4809999999999477,[ 0.29537978 -2.58529684],[0.15360855 8.80574606],[ 0.44458015 13.01574638],[-0.01316387 -0.0236576 ]
1482,1.4819999999999476,[ 0.29553383 -2.57647808],[0.15405313 8.8187618 ],[ 0.45768186 12.93779373],[-0.01311211 -0.02430143]
1483,1.4829999999999475,[ 0.29568834 -2.56764638],[0.15451081 8.8316996 ],[ 0.47080034 12.859376  ],[-0.01306023 -0.02494452]
1484,1.4839999999999474,[ 0.29584332 -2.55880182],[0.15498161 8.84455897],[ 0.48393337 12.78049332],[-0.01300824 -0.02558684]
1485,1.4849999999999473,[ 0.29599879 -2.54994448],[0.15546554 8.85733947],[ 0.49707867 12.7011456 ],[-0.01295615 -0.02622837]
1486,1.4859999999999471,[ 0.29615475 -2.54107444],[0.15596262 8.87004061],[ 0.51023397 12.62133256],[-0.01290395 -0.02686908]
1487,1.486999999999947,[ 0.29631122 -2.53219177],[0.15647285 8.88266195],[ 0.52339699 12.54105371],[-0.01285166 -0.02750893]
1488,1.487999999999947,[ 0.29646822 -2.52329657],[0.15699625 8.895203  ],[ 0.5365654  12.46030834],[-0.01279925 -0.02814792]
1489,1.4889999999999468,[ 0.29662575 -2.51438891],[0.15753282 8.90766331],[ 0.54973688 12.37909554],[-0.01274675 -0.02878599]
1490,1.4899999999999467,[ 0.29678383 -2.50546887],[0.15808255 8.9200424 ],[ 0.56290909 12.29741417],[-0.01269415 -0.02942313]
1491,1.4909999999999466,[ 0.29694248 -2.49653653],[0.15864546 8.93233982],[ 0.57607966 12.21526286],[-0.01264145 -0.03005932]
1492,1.4919999999999465,[ 0.2971017  -2.48759197],[0.15922154 8.94455508],[ 0.58924622 12.13264006],[-0.01258865 -0.03069451]
1493,1.4929999999999464,[ 0.29726151 -2.47863528],[0.15981079 8.95668772],[ 0.60240638 12.04954395],[-0.01253576 -0.03132868]
1494,1.4939999999999463,[ 0.29742192 -2.46966655],[0.16041319 8.96873726],[ 0.61555773 11.96597253],[-0.01248277 -0.03196181]
1495,1.4949999999999461,[ 0.29758295 -2.46068584],[0.16102875 8.98070324],[ 0.62869785 11.88192352],[-0.01242968 -0.03259385]
1496,1.495999999999946,[ 0.29774461 -2.45169326],[0.16165745 8.99258516],[ 0.6418243  11.79739447],[-0.0123765 -0.0332248]
1497,1.496999999999946,[ 0.29790691 -2.44268888],[0.16229927 9.00438255],[ 0.65493464 11.71238265],[-0.01232322 -0.0338546 ]
1498,1.4979999999999458,[ 0.29806986 -2.43367278],[0.16295421 9.01609494],[ 0.6680264  11.62688514],[-0.01226984 -0.03448325]
1499,1.4989999999999457,[ 0.29823349 -2.42464506],[0.16362224 9.02772182],[ 0.68109711 11.54089877],[-0.01221637 -0.03511069]
1500,1.4999999999999456,[ 0.29839779 -2.4156058 ],[0.16430333 9.03926272],[ 0.69414427 11.45442014],[-0.01216281 -0.03573691]
1501,1.5009999999999455,[ 0.29856279 -2.40655508],[0.16499748 9.05071714],[ 0.7071654  11.36744563],[-0.01210915 -0.03636188]
1502,1.5019999999999454,[ 0.29872849 -2.39749299],[0.16570464 9.06208459],[ 0.72015796 11.27997136],[-0.01205539 -0.03698555]
1503,1.5029999999999453,[ 0.29889492 -2.38841963],[0.1664248  9.07336456],[ 0.73311945 11.19199326],[-0.01200153 -0.03760791]
1504,1.5039999999999452,[ 0.29906207 -2.37933507],[0.16715792 9.08455655],[ 0.74604732 11.10350701],[-0.01194758 -0.03822892]
1505,1.504999999999945,[ 0.29922998 -2.37023941],[0.16790397 9.09566006],[ 0.75893903 11.01450804],[-0.01189353 -0.03884855]
1506,1.505999999999945,[ 0.29939864 -2.36113274],[0.16866291 9.10667457],[ 0.77179201 10.92499159],[-0.01183938 -0.03946676]
1507,1.5069999999999448,[ 0.29956808 -2.35201514],[0.1694347  9.11759956],[ 0.78460371 10.83495264],[-0.01178514 -0.04008353]
1508,1.5079999999999447,[ 0.2997383 -2.3428867],[0.1702193  9.12843451],[ 0.79737155 10.74438597],[-0.01173079 -0.04069882]
1509,1.5089999999999446,[ 0.29990931 -2.33374753],[0.17101667 9.1391789 ],[ 0.81009294 10.6532861 ],[-0.01167633 -0.04131259]
1510,1.5099999999999445,[ 0.30008114 -2.32459769],[0.17182677 9.14983218],[ 0.82276529 10.56164737],[-0.01162178 -0.04192482]
1511,1.5109999999999444,[ 0.30025379 -2.3154373 ],[0.17264953 9.16039383],[ 0.83538599 10.46946387],[-0.01156712 -0.04253547]
1512,1.5119999999999443,[ 0.30042727 -2.30626644],[0.17348492 9.17086329],[ 0.84795243 10.37672947],[-0.01151235 -0.04314451]
1513,1.5129999999999442,[ 0.30060161 -2.2970852 ],[0.17433287 9.18124002],[ 0.86046199 10.28343784],[-0.01145747 -0.04375189]
1514,1.513999999999944,[ 0.3007768  -2.28789367],[0.17519333 9.19152346],[ 0.87291205 10.18958243],[-0.01140248 -0.0443576 ]
1515,1.514999999999944,[ 0.30095287 -2.27869196],[0.17606624 9.20171304],[ 0.88529998 10.09515647],[-0.01134738 -0.04496158]
1516,1.5159999999999438,[ 0.30112982 -2.26948015],[0.17695154 9.2118082 ],[ 0.89762314 10.000153  ],[-0.01129217 -0.0455638 ]
1517,1.5169999999999437,[ 0.30130767 -2.26025834],[0.17784917 9.22180835],[0.90987887 9.90456483],[-0.01123683 -0.04616424]
1518,1.5179999999999436,[ 0.30148643 -2.25102663],[0.17875905 9.23171292],[0.92206453 9.80838461],[-0.01118138 -0.04676284]
1519,1.5189999999999435,[ 0.30166611 -2.24178511],[0.17968111 9.2415213 ],[0.93417747 9.71160475],[-0.0111258  -0.04735957]
1520,1.5199999999999434,[ 0.30184672 -2.23253388],[0.18061529 9.25123291],[0.94621503 9.6142175 ],[-0.0110701 -0.0479544]
1521,1.5209999999999433,[ 0.30202828 -2.22327303],[0.1815615  9.26084713],[0.95817453 9.5162149 ],[-0.01101427 -0.04854729]
1522,1.5219999999999432,[ 0.3022108  -2.21400267],[0.18251968 9.27036334],[0.97005332 9.41758882],[-0.01095831 -0.04913819]
1523,1.522999999999943,[ 0.30239429 -2.20472288],[0.18348973 9.27978093],[0.98184872 9.31833095],[-0.01090222 -0.04972706]
1524,1.523999999999943,[ 0.30257876 -2.19543378],[0.18447158 9.28909926],[0.99355806 9.21843281],[-0.01084598 -0.05031387]
1525,1.5249999999999428,[ 0.30276423 -2.18613547],[0.18546514 9.29831769],[1.00517866 9.11788574],[-0.01078961 -0.05089858]
1526,1.5259999999999427,[ 0.3029507  -2.17682803],[0.18647032 9.30743558],[1.01670784 9.01668094],[-0.01073309 -0.05148114]
1527,1.5269999999999426,[ 0.30313819 -2.16751158],[0.18748702 9.31645226],[1.02814293 8.91480942],[-0.01067642 -0.05206151]
1528,1.5279999999999425,[ 0.3033267  -2.15818621],[0.18851517 9.32536707],[1.03948125 8.81226207],[-0.0106196  -0.05263966]
1529,1.5289999999999424,[ 0.30351626 -2.14885203],[0.18955465 9.33417933],[1.05072012 8.70902962],[-0.01056262 -0.05321552]
1530,1.5299999999999423,[ 0.30370686 -2.13950914],[0.19060537 9.34288836],[1.06185685 8.60510269],[-0.01050549 -0.05378907]
1531,1.5309999999999422,[ 0.30389853 -2.13015765],[0.19166723 9.35149346],[1.07288877 8.50047172],[-0.01044819 -0.05436026]
1532,1.531999999999942,[ 0.30409127 -2.12079766],[0.19274011 9.35999393],[1.0838132  8.39512709],[-0.01039072 -0.05492904]
1533,1.532999999999942,[ 0.30428509 -2.11142927],[0.19382393 9.36838906],[1.09462748 8.289059  ],[-0.01033307 -0.05549537]
1534,1.5339999999999419,[ 0.30448001 -2.10205259],[0.19491855 9.37667812],[1.10532892 8.1822576 ],[-0.01027525 -0.0560592 ]
1535,1.5349999999999417,[ 0.30467604 -2.09266773],[0.19602388 9.38486038],[1.11591486 8.07471289],[-0.01021724 -0.05662048]
1536,1.5359999999999416,[ 0.30487318 -2.08327479],[0.1971398  9.39293509],[1.12638263 7.96641483],[-0.01015904 -0.05717916]
1537,1.5369999999999415,[ 0.30507144 -2.07387389],[0.19826618 9.40090151],[1.13672957 7.85735324],[-0.01010065 -0.05773521]
1538,1.5379999999999414,[ 0.30527085 -2.06446513],[0.19940291 9.40875886],[1.14695304 7.74751792],[-0.01004207 -0.05828856]
1539,1.5389999999999413,[ 0.30547139 -2.05504863],[0.20054986 9.41650638],[1.15705037 7.63689857],[-0.00998327 -0.05883917]
1540,1.5399999999999412,[ 0.3056731  -2.04562448],[0.20170691 9.42414328],[1.16701894 7.52548485],[-0.00992427 -0.059387  ]
1541,1.540999999999941,[ 0.30587598 -2.03619282],[0.20287393 9.43166876],[1.1768561  7.41326635],[-0.00986505 -0.05993197]
1542,1.541999999999941,[ 0.30608003 -2.02675373],[0.20405079 9.43908203],[1.18655922 7.30023266],[-0.00980561 -0.06047406]
1543,1.5429999999999409,[ 0.30628526 -2.01730735],[0.20523735 9.44638226],[1.1961257  7.18637331],[-0.00974595 -0.0610132 ]
1544,1.5439999999999408,[ 0.3064917  -2.00785378],[0.20643347 9.45356863],[1.20555291 7.07167783],[-0.00968605 -0.06154934]
1545,1.5449999999999406,[ 0.30669934 -1.99839314],[0.20763903 9.46064031],[1.21483827 6.95613574],[-0.00962591 -0.06208242]
1546,1.5459999999999405,[ 0.30690819 -1.98892555],[0.20885387 9.46759645],[1.22397918 6.83973657],[-0.00956552 -0.0626124 ]
1547,1.5469999999999404,[ 0.30711827 -1.97945111],[0.21007784 9.47443618],[1.23297307 6.72246986],[-0.00950488 -0.06313921]
1548,1.5479999999999403,[ 0.30732958 -1.96996995],[0.21131082 9.48115865],[1.24181737 6.60432516],[-0.00944398 -0.0636628 ]
1549,1.5489999999999402,[ 0.30754213 -1.96048219],[0.21255264 9.48776298],[1.25050955 6.4852921 ],[-0.00938281 -0.06418312]
1550,1.54999999999994,[ 0.30775593 -1.95098794],[0.21380314 9.49424827],[1.25904706 6.36536032],[-0.00932137 -0.06470011]
1551,1.55099999999994,[ 0.307971   -1.94148733],[0.21506219 9.50061363],[1.26742738 6.24451955],[-0.00925965 -0.0652137 ]
1552,1.5519999999999399,[ 0.30818733 -1.93198047],[0.21632962 9.50685815],[1.27564801 6.12275957],[-0.00919764 -0.06572385]
1553,1.5529999999999398,[ 0.30840493 -1.92246749],[0.21760527 9.51298091],[1.28370647 6.00007027],[-0.00913534 -0.06623048]
1554,1.5539999999999397,[ 0.30862382 -1.91294851],[0.21888897 9.51898098],[1.29160028 5.87644163],[-0.00907273 -0.06673355]
1555,1.5549999999999395,[ 0.308844   -1.90342365],[0.22018057 9.52485742],[1.29932699 5.75186374],[-0.00900982 -0.06723298]
1556,1.5559999999999394,[ 0.30906548 -1.89389304],[0.2214799  9.53060929],[1.30688419 5.62632682],[-0.00894658 -0.06772873]
1557,1.5569999999999393,[ 0.30928827 -1.8843568 ],[0.22278678 9.53623561],[1.31426946 5.49982123],[-0.00888302 -0.06822071]
1558,1.5579999999999392,[ 0.30951237 -1.87481507],[0.22410105 9.54173543],[1.3214804  5.37233749],[-0.00881912 -0.06870889]
1559,1.558999999999939,[ 0.30973779 -1.86526796],[0.22542253 9.54710777],[1.32851467 5.24386627],[-0.00875488 -0.06919318]
1560,1.559999999999939,[ 0.30996454 -1.85571561],[0.22675105 9.55235164],[1.33536992 5.11439844],[-0.00869029 -0.06967352]
1561,1.5609999999999389,[ 0.31019263 -1.84615814],[0.22808642 9.55746604],[1.34204384 4.98392505],[-0.00862535 -0.07014986]
1562,1.5619999999999388,[ 0.31042206 -1.83659569],[0.22942846 9.56244996],[1.34853414 4.85243738],[-0.00856003 -0.07062212]
1563,1.5629999999999387,[ 0.31065283 -1.82702839],[0.230777  9.5673024],[1.35483855 4.71992693],[-0.00849433 -0.07109023]
1564,1.5639999999999386,[ 0.31088497 -1.81745637],[0.23213184 9.57202233],[1.36095486 4.58638543],[-0.00842825 -0.07155414]
1565,1.5649999999999384,[ 0.31111846 -1.80787976],[0.23349279 9.57660871],[1.36688085 4.45180487],[-0.00836178 -0.07201377]
1566,1.5659999999999383,[ 0.31135332 -1.7982987 ],[0.23485967 9.58106052],[1.37261436 4.31617752],[-0.0082949  -0.07246906]
1567,1.5669999999999382,[ 0.31158955 -1.78871332],[0.23623229 9.58537669],[1.37815325 4.17949593],[-0.00822761 -0.07291993]
1568,1.567999999999938,[ 0.31182716 -1.77912377],[0.23761044 9.58955619],[1.38349541 4.04175295],[-0.0081599  -0.07336632]
1569,1.568999999999938,[ 0.31206616 -1.76953017],[0.23899393 9.59359794],[1.38863877 3.90294177],[-0.00809175 -0.07380816]
1570,1.569999999999938,[ 0.31230654 -1.75993267],[0.24038257 9.59750088],[1.39358129 3.76305589],[-0.00802316 -0.07424537]
1571,1.5709999999999378,[ 0.31254831 -1.7503314 ],[0.24177615 9.60126394],[1.39832099 3.62208917],[-0.00795412 -0.07467789]
1572,1.5719999999999377,[ 0.31279149 -1.74072652],[0.24317448 9.60488603],[1.4028559  3.48003584],[-0.00788462 -0.07510564]
1573,1.5729999999999376,[ 0.31303607 -1.73111815],[0.24457733 9.60836606],[1.4071841  3.33689051],[-0.00781465 -0.07552856]
1574,1.5739999999999374,[ 0.31328205 -1.72150645],[0.24598452 9.61170296],[1.41130372 3.1926482 ],[-0.0077442  -0.07594656]
1575,1.5749999999999373,[ 0.31352945 -1.71189155],[0.24739582 9.6148956 ],[1.41521291 3.04730435],[-0.00767325 -0.07635958]
1576,1.5759999999999372,[ 0.31377826 -1.70227361],[0.24881103 9.61794291],[1.41890989 2.90085481],[-0.00760181 -0.07676754]
1577,1.5769999999999371,[ 0.31402849 -1.69265277],[0.25022994 9.62084376],[1.4223929  2.75329591],[-0.00752985 -0.07717037]
1578,1.577999999999937,[ 0.31428014 -1.68302917],[0.25165234 9.62359706],[1.42566026 2.60462443],[-0.00745737 -0.077568  ]
1579,1.578999999999937,[ 0.31453322 -1.67340297],[0.253078   9.62620168],[1.4287103  2.45483766],[-0.00738435 -0.07796034]
1580,1.5799999999999368,[ 0.31478772 -1.66377431],[0.25450671 9.62865652],[1.43154143 2.30393336],[-0.00731079 -0.07834733]
1581,1.5809999999999367,[ 0.31504366 -1.65414335],[0.25593825 9.63096045],[1.43415209 2.15190982],[-0.00723668 -0.07872888]
1582,1.5819999999999366,[ 0.31530104 -1.64451024],[0.2573724  9.63311236],[1.43654078 1.99876589],[-0.007162   -0.07910493]
1583,1.5829999999999365,[ 0.31555984 -1.63487513],[0.25880894 9.63511113],[1.43870605 1.84450095],[-0.00708675 -0.07947539]
1584,1.5839999999999363,[ 0.31582009 -1.62523817],[0.26024765 9.63695563],[1.44064653 1.68911495],[-0.0070109  -0.07984019]
1585,1.5849999999999362,[ 0.31608178 -1.61559953],[0.26168829 9.63864475],[1.44236086 1.53260844],[-0.00693446 -0.08019926]
1586,1.5859999999999361,[ 0.31634491 -1.60595935],[0.26313065 9.64017735],[1.44384778 1.37498257],[-0.0068574  -0.08055251]
1587,1.586999999999936,[ 0.31660949 -1.5963178 ],[0.2645745  9.64155234],[1.44510606 1.2162391 ],[-0.00677973 -0.08089987]
1588,1.587999999999936,[ 0.3168755  -1.58667503],[0.26601961 9.64276858],[1.44613456 1.05638044],[-0.00670142 -0.08124127]
1589,1.5889999999999358,[ 0.31714297 -1.5770312 ],[0.26746574 9.64382496],[1.44693217 0.89540965],[-0.00662246 -0.08157661]
1590,1.5899999999999357,[ 0.31741188 -1.56738648],[0.26891267 9.64472037],[1.44749788 0.73333047],[-0.00654285 -0.08190584]
1591,1.5909999999999356,[ 0.31768224 -1.55774103],[0.27036017 9.6454537 ],[1.4478307 0.5701473],[-0.00646257 -0.08222886]
1592,1.5919999999999355,[ 0.31795405 -1.54809501],[0.271808   9.64602384],[1.44792975 0.40586528],[-0.00638162 -0.08254561]
1593,1.5929999999999354,[ 0.31822731 -1.53844858],[0.27325593 9.64642971],[1.4477942  0.24049022],[-0.00629996 -0.082856  ]
1594,1.5939999999999352,[ 0.31850201 -1.52880191],[0.27470373 9.6466702 ],[1.44742328 0.07402871],[-0.00621761 -0.08315995]
1595,1.5949999999999351,[ 0.31877816 -1.51915516],[0.27615115 9.64674423],[ 1.44681631 -0.09351194],[-0.00613454 -0.0834574 ]
1596,1.595999999999935,[ 0.31905576 -1.50950851],[0.27759797 9.64665072],[ 1.44597267 -0.26212366],[-0.00605074 -0.08374826]
1597,1.596999999999935,[ 0.3193348  -1.49986212],[0.27904394 9.64638859],[ 1.44489182 -0.43179759],[-0.00596621 -0.08403245]
1598,1.5979999999999348,[ 0.31961529 -1.49021617],[0.28048883 9.64595679],[ 1.44357328 -0.60252408],[-0.00588092 -0.08430991]
1599,1.5989999999999347,[ 0.31989723 -1.48057081],[0.2819324  9.64535427],[ 1.44201667 -0.77429269],[-0.00579487 -0.08458054]
1600,1.5999999999999346,[ 0.3201806  -1.47092623],[0.28337442 9.64457998],[ 1.44022167 -0.94709215],[-0.00570804 -0.08484428]
1601,1.6009999999999345,[ 0.32046541 -1.4612826 ],[0.28481464 9.64363289],[ 1.43818805 -1.12091037],[-0.00562042 -0.08510106]
1602,1.6019999999999344,[ 0.32075167 -1.45164009],[0.28625283 9.64251198],[ 1.43591566 -1.29573441],[-0.005532   -0.08535078]
1603,1.6029999999999343,[ 0.32103936 -1.44199887],[0.28768875 9.64121624],[ 1.43340441 -1.4715505 ],[-0.00544278 -0.08559339]
1604,1.6039999999999341,[ 0.32132848 -1.43235913],[0.28912215 9.63974469],[ 1.43065432 -1.64834397],[-0.00535272 -0.0858288 ]
1605,1.604999999999934,[ 0.32161903 -1.42272103],[0.2905528  9.63809635],[ 1.42766549 -1.82609931],[-0.00526183 -0.08605694]
1606,1.605999999999934,[ 0.32191101 -1.41308476],[0.29198047 9.63627025],[ 1.42443809 -2.00480011],[-0.00517009 -0.08627774]
1607,1.6069999999999338,[ 0.32220442 -1.40345049],[0.29340491 9.63426545],[ 1.42097239 -2.18442908],[-0.00507748 -0.08649113]
1608,1.6079999999999337,[ 0.32249924 -1.39381841],[0.29482588 9.63208102],[ 1.41726874 -2.36496801],[-0.00498401 -0.08669702]
1609,1.6089999999999336,[ 0.32279549 -1.3841887 ],[0.29624315 9.62971605],[ 1.41332758 -2.54639781],[-0.00488964 -0.08689536]
1610,1.6099999999999335,[ 0.32309314 -1.37456153],[0.29765648 9.62716965],[ 1.40914944 -2.72869846],[-0.00479438 -0.08708606]
1611,1.6109999999999334,[ 0.32339221 -1.36493709],[0.29906563 9.62444095],[ 1.40473494 -2.91184901],[-0.0046982  -0.08726907]
1612,1.6119999999999333,[ 0.32369268 -1.35531556],[0.30047036 9.6215291 ],[ 1.40008478 -3.09582761],[-0.0046011  -0.08744431]
1613,1.6129999999999332,[ 0.32399455 -1.34569712],[0.30187045 9.61843328],[ 1.39519979 -3.28061147],[-0.00450307 -0.08761171]
1614,1.613999999999933,[ 0.32429781 -1.33608197],[0.30326565 9.61515267],[ 1.39008083 -3.46617686],[-0.00440408 -0.0877712 ]
1615,1.614999999999933,[ 0.32460247 -1.32647028],[0.30465573 9.61168649],[ 1.38472892 -3.65249913],[-0.00430414 -0.08792273]
1616,1.6159999999999328,[ 0.32490851 -1.31686225],[0.30604046 9.60803399],[ 1.37914512 -3.83955269],[-0.00420322 -0.08806622]
1617,1.6169999999999327,[ 0.32521593 -1.30725806],[0.3074196  9.60419444],[ 1.37333061 -4.027311  ],[-0.00410132 -0.08820161]
1618,1.6179999999999326,[ 0.32552472 -1.29765789],[0.30879293 9.60016713],[ 1.36728667 -4.21574661],[-0.00399842 -0.08832883]
1619,1.6189999999999325,[ 0.32583488 -1.28806194],[0.31016022 9.59595138],[ 1.36101466 -4.40483112],[-0.00389451 -0.08844784]
1620,1.6199999999999324,[ 0.3261464  -1.27847039],[0.31152123 9.59154655],[ 1.35451604 -4.59453519],[-0.00378958 -0.08855855]
1621,1.6209999999999323,[ 0.32645928 -1.26888344],[0.31287575 9.58695201],[ 1.34779237 -4.78482858],[-0.00368362 -0.08866093]
1622,1.6219999999999322,[ 0.3267735  -1.25930127],[0.31422354 9.58216718],[ 1.34084531 -4.97568011],[-0.00357661 -0.0887549 ]
1623,1.622999999999932,[ 0.32708907 -1.24972408],[0.31556439 9.5771915 ],[ 1.3336766  -5.16705769],[-0.00346854 -0.08884041]
1624,1.623999999999932,[ 0.32740597 -1.24015206],[0.31689806 9.57202445],[ 1.32628809 -5.35892832],[-0.0033594  -0.08891742]
1625,1.6249999999999318,[ 0.32772419 -1.23058539],[0.31822435 9.56666552],[ 1.31868172 -5.5512581 ],[-0.00324919 -0.08898585]
1626,1.6259999999999317,[ 0.32804373 -1.22102428],[0.31954303 9.56111426],[ 1.31085954 -5.74401224],[-0.00313788 -0.08904567]
1627,1.6269999999999316,[ 0.32836459 -1.21146891],[0.32085389 9.55537025],[ 1.30282368 -5.93715506],[-0.00302546 -0.08909683]
1628,1.6279999999999315,[ 0.32868674 -1.20191947],[0.32215672 9.54943309],[ 1.29457636 -6.13065005],[-0.00291193 -0.08913927]
1629,1.6289999999999314,[ 0.32901019 -1.19237617],[0.32345129 9.54330244],[ 1.28611991 -6.3244598 ],[-0.00279727 -0.08917294]
1630,1.6299999999999313,[ 0.32933493 -1.18283919],[0.32473741 9.53697798],[ 1.27745676 -6.5185461 ],[-0.00268147 -0.08919781]
1631,1.6309999999999312,[ 0.32966095 -1.17330873],[0.32601487 9.53045944],[ 1.26858941 -6.71286989],[-0.00256453 -0.08921383]
1632,1.631999999999931,[ 0.32998823 -1.16378499],[0.32728346 9.52374657],[ 1.25952047 -6.90739131],[-0.00244642 -0.08922096]
1633,1.632999999999931,[ 0.33031677 -1.15426815],[0.32854298 9.51683918],[ 1.25025265 -7.10206974],[-0.00232714 -0.08921916]
1634,1.6339999999999308,[ 0.33064657 -1.14475841],[0.32979323 9.50973711],[ 1.24078874 -7.29686374],[-0.00220667 -0.08920839]
1635,1.6349999999999307,[ 0.3309776  -1.13525597],[0.33103402 9.50244024],[ 1.23113161 -7.49173119],[-0.00208502 -0.08918862]
1636,1.6359999999999306,[ 0.33130987 -1.12576102],[0.33226515 9.49494851],[ 1.22128424 -7.68662918],[-0.00196215 -0.08915982]
1637,1.6369999999999305,[ 0.33164335 -1.11627376],[0.33348644 9.48726188],[ 1.21124969 -7.88151416],[-0.00183808 -0.08912195]
1638,1.6379999999999304,[ 0.33197805 -1.10679438],[0.33469769 9.47938037],[ 1.20103111 -8.07634187],[-0.00171278 -0.08907499]
1639,1.6389999999999303,[ 0.33231395 -1.09732307],[0.33589872 9.47130403],[ 1.19063173 -8.2710674 ],[-0.00158624 -0.0890189 ]
1640,1.6399999999999302,[ 0.33265104 -1.08786004],[0.33708935 9.46303296],[ 1.18005488 -8.46564523],[-0.00145845 -0.08895367]
1641,1.64099999999993,[ 0.33298931 -1.07840547],[0.3382694  9.45456731],[ 1.16930394 -8.66002926],[-0.00132942 -0.08887928]
1642,1.64199999999993,[ 0.33332875 -1.06895957],[0.33943871 9.44590728],[ 1.15838241 -8.8541728 ],[-0.00119911 -0.08879569]
1643,1.6429999999999298,[ 0.33366934 -1.05952251],[0.34059709 9.43705311],[ 1.14729385 -9.04802865],[-0.00106753 -0.0887029 ]
1644,1.6439999999999297,[ 0.33401109 -1.05009451],[0.34174438 9.42800508],[ 1.13604189 -9.2415491 ],[-0.00093467 -0.0886009 ]
1645,1.6449999999999296,[ 0.33435397 -1.04067575],[0.34288043 9.41876353],[ 1.12463025 -9.43468598],[-0.00080051 -0.08848966]
1646,1.6459999999999295,[ 0.33469797 -1.03126642],[0.34400506 9.40932885],[ 1.11306273 -9.62739068],[-0.00066505 -0.08836918]
1647,1.6469999999999294,[ 0.33504309 -1.02186672],[0.34511812 9.39970146],[ 1.10134317 -9.81961422],[-0.00052828 -0.08823945]
1648,1.6479999999999293,[ 0.33538931 -1.01247683],[0.34621946 9.38988184],[  1.0894755  -10.01130722],[-0.00039019 -0.08810047]
1649,1.6489999999999292,[ 0.33573662 -1.00309696],[0.34730894 9.37987054],[  1.07746374 -10.20242001],[-0.00025077 -0.08795223]
1650,1.649999999999929,[ 0.33608501 -0.99372729],[0.3483864  9.36966812],[  1.06531193 -10.39290262],[-0.00011001 -0.08779473]
1651,1.650999999999929,[ 0.33643446 -0.98436802],[0.34945171 9.35927521],[  1.05302419 -10.58270486],[ 3.20954112e-05 -8.76279863e-02]
1652,1.6519999999999289,[ 0.33678496 -0.97501933],[0.35050474 9.34869251],[  1.04060471 -10.7717763 ],[ 0.00017555 -0.08745199]
1653,1.6529999999999287,[ 0.33713651 -0.96568141],[0.35154534 9.33792073],[  1.02805774 -10.96006639],[ 0.00032037 -0.08726676]
1654,1.6539999999999286,[ 0.33748908 -0.95635445],[0.3525734  9.32696066],[  1.01538755 -11.14752442],[ 0.00046656 -0.08707229]
1655,1.6549999999999285,[ 0.33784267 -0.94703863],[0.35358879 9.31581314],[  1.00259849 -11.33409963],[ 0.00061413 -0.08686861]
1656,1.6559999999999284,[ 0.33819726 -0.93773415],[0.35459139 9.30447904],[  0.98969495 -11.51974121],[ 0.00076307 -0.08665573]
1657,1.6569999999999283,[ 0.33855284 -0.92844119],[0.35558108 9.2929593 ],[  0.97668138 -11.70439837],[ 0.00091341 -0.08643367]
1658,1.6579999999999282,[ 0.3389094  -0.91915994],[0.35655776 9.2812549 ],[  0.96356225 -11.88802036],[ 0.00106515 -0.08620245]
1659,1.658999999999928,[ 0.33926692 -0.90989057],[0.35752132 9.26936688],[  0.95034207 -12.07055655],[ 0.00121829 -0.0859621 ]
1660,1.659999999999928,[ 0.33962539 -0.90063328],[0.35847167 9.25729632],[  0.93702541 -12.25195642],[ 0.00137284 -0.08571264]
1661,1.6609999999999279,[ 0.3399848  -0.89138823],[0.35940869 9.24504437],[  0.92361684 -12.43216967],[ 0.00152881 -0.0854541 ]
1662,1.6619999999999278,[ 0.34034513 -0.88215562],[0.36033231 9.2326122 ],[  0.91012099 -12.61114622],[ 0.0016862  -0.08518651]
1663,1.6629999999999276,[ 0.34070638 -0.87293562],[0.36124243 9.22000105],[  0.8965425  -12.78883627],[ 0.00184501 -0.08490992]
1664,1.6639999999999275,[ 0.34106852 -0.86372841],[0.36213897 9.20721222],[  0.88288603 -12.96519034],[ 0.00200526 -0.08462435]
1665,1.6649999999999274,[ 0.34143154 -0.85453416],[0.36302186 9.19424703],[  0.86915627 -13.14015934],[ 0.00216695 -0.08432985]
1666,1.6659999999999273,[ 0.34179543 -0.84535305],[0.36389101 9.18110687],[  0.85535791 -13.31369457],[ 0.00233008 -0.08402646]
1667,1.6669999999999272,[ 0.34216018 -0.83618526],[0.36474637 9.16779317],[  0.84149567 -13.48574782],[ 0.00249466 -0.08371423]
1668,1.667999999999927,[ 0.34252576 -0.82703095],[0.36558787 9.15430742],[  0.82757428 -13.65627137],[ 0.0026607 -0.0833932]
1669,1.668999999999927,[ 0.34289218 -0.8178903 ],[0.36641544 9.14065115],[  0.81359847 -13.82521807],[ 0.00282819 -0.08306344]
1670,1.6699999999999269,[ 0.34325941 -0.80876347],[0.36722904 9.12682593],[  0.79957295 -13.99254134],[ 0.00299714 -0.08272498]
1671,1.6709999999999268,[ 0.34362744 -0.79965064],[0.36802861 9.11283339],[  0.78550247 -14.15819527],[ 0.00316755 -0.0823779 ]
1672,1.6719999999999267,[ 0.34399625 -0.79055197],[0.36881412 9.0986752 ],[  0.77139175 -14.32213462],[ 0.00333944 -0.08202224]
1673,1.6729999999999265,[ 0.34436584 -0.78146761],[0.36958551 9.08435306],[  0.75724551 -14.4843149 ],[ 0.00351279 -0.08165807]
1674,1.6739999999999264,[ 0.34473618 -0.77239774],[0.37034275 9.06986875],[  0.74306844 -14.64469236],[ 0.00368762 -0.08128545]
1675,1.6749999999999263,[ 0.34510726 -0.76334252],[0.37108582 9.05522406],[  0.72886525 -14.80322408],[ 0.00386393 -0.08090446]
1676,1.6759999999999262,[ 0.34547908 -0.7543021 ],[0.37181469 9.04042083],[  0.7146406  -14.95986802],[ 0.00404172 -0.08051516]
1677,1.676999999999926,[ 0.34585161 -0.74527664],[0.37252933 9.02546096],[  0.70039914 -15.11458298],[ 0.00422099 -0.08011762]
1678,1.677999999999926,[ 0.34622484 -0.73626629],[0.37322973 9.01034638],[  0.6861455  -15.26732874],[ 0.00440175 -0.07971192]
1679,1.6789999999999259,[ 0.34659875 -0.72727121],[0.37391587 8.99507905],[  0.67188427 -15.41806603],[ 0.00458399 -0.07929813]
1680,1.6799999999999258,[ 0.34697334 -0.71829155],[0.37458776 8.97966099],[  0.65762001 -15.56675659],[ 0.00476772 -0.07887633]
1681,1.6809999999999257,[ 0.34734859 -0.70932746],[0.37524538 8.96409423],[  0.64335727 -15.71336321],[ 0.00495294 -0.07844661]
1682,1.6819999999999256,[ 0.34772448 -0.70037908],[0.37588873 8.94838087],[  0.62910052 -15.85784975],[ 0.00513965 -0.07800905]
1683,1.6829999999999254,[ 0.34810099 -0.69144655],[0.37651783 8.93252302],[  0.61485422 -16.00018119],[ 0.00532786 -0.07756373]
1684,1.6839999999999253,[ 0.34847813 -0.68253003],[0.37713269 8.91652284],[  0.60062276 -16.14032364],[ 0.00551756 -0.07711074]
1685,1.6849999999999252,[ 0.34885586 -0.67362965],[0.37773331 8.90038251],[  0.58641052 -16.2782444 ],[ 0.00570875 -0.07665017]
1686,1.6859999999999251,[ 0.34923418 -0.66474554],[0.37831972 8.88410427],[  0.57222179 -16.41391196],[ 0.00590143 -0.07618212]
1687,1.686999999999925,[ 0.34961307 -0.65587785],[0.37889194 8.86769036],[  0.55806083 -16.54729604],[ 0.00609561 -0.07570668]
1688,1.687999999999925,[ 0.34999252 -0.64702671],[0.37945    8.85114306],[  0.54393183 -16.67836762],[ 0.00629128 -0.07522394]
1689,1.6889999999999248,[ 0.35037252 -0.63819225],[0.37999394 8.83446469],[  0.52983894 -16.80709896],[ 0.00648845 -0.07473401]
1690,1.6899999999999247,[ 0.35075304 -0.62937459],[0.38052378 8.81765759],[  0.51578622 -16.93346361],[ 0.00668711 -0.07423697]
1691,1.6909999999999246,[ 0.35113408 -0.62057386],[0.38103956 8.80072413],[  0.50177771 -17.05743646],[ 0.00688726 -0.07373295]
1692,1.6919999999999245,[ 0.35151562 -0.6117902 ],[0.38154134 8.78366669],[  0.48781733 -17.17899372],[ 0.00708891 -0.07322203]
1693,1.6929999999999243,[ 0.35189765 -0.60302371],[0.38202916 8.7664877 ],[  0.47390897 -17.29811298],[ 0.00729204 -0.07270432]
1694,1.6939999999999242,[ 0.35228015 -0.59427452],[0.38250307 8.74918959],[  0.46005643 -17.41477318],[ 0.00749666 -0.07217993]
1695,1.6949999999999241,[ 0.35266312 -0.58554275],[0.38296312 8.73177481],[  0.44626345 -17.52895468],[ 0.00770277 -0.07164897]
1696,1.695999999999924,[ 0.35304652 -0.5768285 ],[0.38340939 8.71424586],[  0.43253369 -17.64063921],[ 0.00791037 -0.07111155]
1697,1.696999999999924,[ 0.35343037 -0.56813189],[0.38384192 8.69660522],[  0.41887073 -17.74980993],[ 0.00811945 -0.07056777]
1698,1.6979999999999238,[ 0.35381463 -0.55945304],[0.38426079 8.67885541],[  0.40527807 -17.8564514 ],[ 0.00833001 -0.07001775]
1699,1.6989999999999237,[ 0.35419929 -0.55079204],[0.38466607 8.66099896],[  0.39175913 -17.96054961],[ 0.00854205 -0.06946161]
1700,1.6999999999999236,[ 0.35458435 -0.542149  ],[0.38505783 8.64303841],[ 1.13239327 39.24998988],[0. 0.]
1701,1.7009999999999235,[ 0.35497054 -0.53346671],[0.38619022 8.6822884 ],[ 1.12529201 38.76697404],[0. 0.]
1702,1.7019999999999234,[ 0.35535786 -0.52474566],[0.38731551 8.72105537],[ 1.11769907 38.27585849],[0. 0.]
1703,1.7029999999999232,[ 0.35574629 -0.51598633],[0.38843321 8.75933123],[ 1.10961071 37.77660714],[0. 0.]
1704,1.7039999999999231,[ 0.35613583 -0.50718922],[0.38954282 8.79710784],[ 1.10102352 37.26918867],[0. 0.]
1705,1.704999999999923,[ 0.35652648 -0.49835484],[0.39064385 8.83437703],[ 1.09193445 36.75357673],[0. 0.]
1706,1.705999999999923,[ 0.35691821 -0.48948371],[0.39173578 8.8711306 ],[ 1.08234081 36.22975016],[0. 0.]
1707,1.7069999999999228,[ 0.35731103 -0.48057635],[0.39281812 8.90736035],[ 1.0722403  35.69769314],[0. 0.]
1708,1.7079999999999227,[ 0.35770492 -0.47163329],[0.39389036 8.94305805],[ 1.06163102 35.15739543],[0. 0.]
1709,1.7089999999999226,[ 0.35809987 -0.46265508],[0.39495199 8.97821544],[ 1.05051148 34.60885252],[0. 0.]
1710,1.7099999999999225,[ 0.35849588 -0.45364225],[0.3960025  9.01282429],[ 1.03888059 34.05206585],[0. 0.]
1711,1.7109999999999224,[ 0.35889292 -0.44459538],[0.39704138 9.04687636],[ 1.02673772 33.487043  ],[0. 0.]
1712,1.7119999999999223,[ 0.35929099 -0.43551501],[0.39806812 9.0803634 ],[ 1.01408264 32.9137978 ],[0. 0.]
1713,1.7129999999999221,[ 0.35969007 -0.42640174],[0.3990822 9.1132772],[ 1.00091563 32.3323506 ],[0. 0.]
1714,1.713999999999922,[ 0.36009015 -0.41725613],[0.40008312 9.14560955],[ 0.98723738 31.74272834],[0. 0.]
1715,1.714999999999922,[ 0.36049122 -0.40807877],[0.40107036 9.17735228],[ 0.9730491  31.14496478],[0. 0.]
1716,1.7159999999999218,[ 0.36089326 -0.39887028],[0.40204341 9.20849724],[ 0.95835244 30.53910059],[0. 0.]
1717,1.7169999999999217,[ 0.36129627 -0.38963124],[0.40300176 9.23903635],[ 0.94314958 29.92518355],[0. 0.]
1718,1.7179999999999216,[ 0.36170021 -0.38036228],[0.40394491 9.26896153],[ 0.92744318 29.30326862],[0. 0.]
1719,1.7189999999999215,[ 0.36210508 -0.37106401],[0.40487235 9.2982648 ],[ 0.91123642 28.67341812],[0. 0.]
1720,1.7199999999999214,[ 0.36251087 -0.36173708],[0.40578359 9.32693822],[ 0.89453297 28.03570178],[0. 0.]
1721,1.7209999999999213,[ 0.36291754 -0.3523821 ],[0.40667812 9.35497392],[ 0.87733705 27.3901969 ],[0. 0.]
1722,1.7219999999999211,[ 0.3633251  -0.34299974],[0.40755546 9.38236411],[ 0.85965339 26.73698838],[0. 0.]
1723,1.722999999999921,[ 0.36373352 -0.33359064],[0.40841511 9.4091011 ],[ 0.84148725 26.07616883],[0. 0.]
1724,1.723999999999921,[ 0.36414277 -0.32415546],[0.4092566  9.43517727],[ 0.82284443 25.40783863],[0. 0.]
1725,1.7249999999999208,[ 0.36455285 -0.31469487],[0.41007944 9.46058511],[ 0.80373125 24.73210596],[0. 0.]
1726,1.7259999999999207,[ 0.36496373 -0.30520956],[0.41088317 9.48531722],[ 0.78415459 24.04908683],[0. 0.]
1727,1.7269999999999206,[ 0.3653754  -0.29570019],[0.41166733 9.5093663 ],[ 0.76412186 23.35890512],[0. 0.]
1728,1.7279999999999205,[ 0.36578783 -0.28616747],[0.41243145 9.53272521],[ 0.74364098 22.66169256],[0. 0.]
1729,1.7289999999999204,[ 0.36620101 -0.27661208],[0.41317509 9.5553869 ],[ 0.72272044 21.95758872],[0. 0.]
1730,1.7299999999999203,[ 0.36661491 -0.26703473],[0.41389781 9.57734449],[ 0.70136926 21.24674099],[0. 0.]
1731,1.7309999999999202,[ 0.36702951 -0.25743614],[0.41459918 9.59859123],[ 0.67959695 20.52930452],[0. 0.]
1732,1.73199999999992,[ 0.36744478 -0.24781702],[0.41527878 9.61912053],[ 0.65741359 19.80544216],[0. 0.]
1733,1.73299999999992,[ 0.36786072 -0.2381781 ],[0.41593619 9.63892598],[ 0.63482976 19.07532438],[0. 0.]
1734,1.7339999999999198,[ 0.36827729 -0.2285201 ],[0.41657102 9.6580013 ],[ 0.61185654 18.33912917],[0. 0.]
1735,1.7349999999999197,[ 0.36869447 -0.21884375],[0.41718288 9.67634043],[ 0.58850551 17.59704192],[0. 0.]
1736,1.7359999999999196,[ 0.36911225 -0.20914982],[0.41777138 9.69393747],[ 0.56478877 16.84925529],[0. 0.]
1737,1.7369999999999195,[ 0.36953058 -0.19943903],[0.41833617 9.71078673],[ 0.54071888 16.09596906],[0. 0.]
1738,1.7379999999999194,[ 0.36994946 -0.18971215],[0.41887689 9.7268827 ],[ 0.51630887 15.33738994],[0. 0.]
1739,1.7389999999999193,[ 0.37036885 -0.17996993],[0.4193932  9.74222009],[ 0.49157222 14.57373143],[0. 0.]
1740,1.7399999999999192,[ 0.37078874 -0.17021313],[0.41988477 9.75679382],[ 0.46652288 13.80521354],[0. 0.]
1741,1.740999999999919,[ 0.37120909 -0.16044254],[0.4203513  9.77059903],[ 0.4411752  13.03206265],[0. 0.]
1742,1.741999999999919,[ 0.37162988 -0.1506589 ],[0.42079247 9.78363109],[ 0.41554395 12.25451122],[0. 0.]
1743,1.7429999999999188,[ 0.37205109 -0.14086302],[0.42120801 9.79588561],[ 0.3896443  11.47279757],[0. 0.]
1744,1.7439999999999187,[ 0.37247269 -0.13105566],[0.42159766 9.8073584 ],[ 0.36349178 10.68716556],[0. 0.]
1745,1.7449999999999186,[ 0.37289465 -0.12123761],[0.42196115 9.81804557],[0.3371023  9.89786437],[0. 0.]
1746,1.7459999999999185,[ 0.37331695 -0.11140967],[0.42229825 9.82794343],[0.31049209 9.10514814],[0. 0.]
1747,1.7469999999999184,[ 0.37373955 -0.10157262],[0.42260875 9.83704858],[0.28367769 8.3092757 ],[0. 0.]
1748,1.7479999999999183,[ 0.37416245 -0.09172726],[0.42289242 9.84535786],[0.25667595 7.51051022],[0. 0.]
1749,1.7489999999999182,[ 0.3745856 -0.0818744],[0.4231491  9.85286837],[0.22950398 6.7091189 ],[0. 0.]
1750,1.749999999999918,[ 0.37500897 -0.07201482],[0.4233786  9.85957749],[0.20217913 5.90537258],[0. 0.]
1751,1.750999999999918,[ 0.37543256 -0.06214934],[0.42358078 9.86548286],[0.17471899 5.09954539],[0. 0.]
1752,1.7519999999999178,[ 0.37585631 -0.05227875],[0.4237555 9.8705824],[0.14714133 4.29191441],[0. 0.]
1753,1.7529999999999177,[ 0.37628021 -0.04240388],[0.42390264 9.87487432],[0.11946411 3.48275927],[0. 0.]
1754,1.7539999999999176,[ 0.37670424 -0.03252552],[0.42402211 9.87835708],[0.09170542 2.67236174],[0. 0.]
1755,1.7549999999999175,[ 0.37712835 -0.02264449],[0.42411381 9.88102944],[0.06388348 1.8610054 ],[0. 0.]
1756,1.7559999999999174,[ 0.37755253 -0.0127616 ],[0.4241777  9.88289044],[0.0360166  1.04897516],[0. 0.]
1757,1.7569999999999173,[ 0.37797674 -0.00287766],[0.42421371 9.88393942],[0.00812316 0.23655695],[0. 0.]
1758,1.7579999999999172,[0.37840096 0.00700651],[0.42422184 9.88417598],[-0.01977841 -0.57596277],[0. 0.]
1759,1.758999999999917,[0.37882516 0.01689011],[0.42420206 9.88360001],[-0.0476697  -1.38829735],[0. 0.]
1760,1.759999999999917,[0.37924932 0.02677232],[0.42415439 9.88221172],[-0.07553227 -2.2001604 ],[0. 0.]
1761,1.7609999999999169,[0.3796734  0.03665234],[0.42407885 9.88001156],[-0.10334776 -3.01126617],[0. 0.]
1762,1.7619999999999167,[0.38009737 0.04652934],[0.42397551 9.87700029],[-0.13109786 -3.82132998],[0. 0.]
1763,1.7629999999999166,[0.38052122 0.05640252],[0.42384441 9.87317896],[-0.15876435 -4.6300686 ],[0. 0.]
1764,1.7639999999999165,[0.3809449  0.06627106],[0.42368564 9.86854889],[-0.18632915 -5.43720062],[0. 0.]
1765,1.7649999999999164,[0.3813684  0.07613418],[0.42349932 9.86311169],[-0.21377431 -6.24244693],[0. 0.]
1766,1.7659999999999163,[0.38179169 0.08599105],[0.42328554 9.85686924],[-0.24108206 -7.04553101],[0. 0.]
1767,1.7669999999999162,[0.38221473 0.09584087],[0.42304446 9.84982371],[-0.26823484 -7.84617934],[0. 0.]
1768,1.767999999999916,[0.38263751 0.10568285],[0.42277622 9.84197753],[-0.29521529 -8.64412181],[0. 0.]
1769,1.768999999999916,[0.38305999 0.11551618],[0.42248101 9.83333341],[-0.32200632 -9.43909202],[0. 0.]
1770,1.7699999999999159,[0.38348215 0.12534007],[0.422159   9.82389432],[ -0.34859111 -10.23082765],[0. 0.]
1771,1.7709999999999158,[0.38390396 0.13515374],[0.42181041 9.81366349],[ -0.37495312 -11.01907081],[0. 0.]
1772,1.7719999999999156,[0.38432539 0.14495638],[0.42143546 9.80264442],[ -0.40107614 -11.80356834],[0. 0.]
1773,1.7729999999999155,[0.38474643 0.15474722],[0.42103438 9.79084085],[ -0.42694428 -12.58407215],[0. 0.]
1774,1.7739999999999154,[0.38516704 0.16452548],[0.42060744 9.77825678],[ -0.45254204 -13.3603395 ],[0. 0.]
1775,1.7749999999999153,[0.38558719 0.17429038],[0.4201549  9.76489644],[ -0.47785427 -14.13213328],[0. 0.]
1776,1.7759999999999152,[0.38600687 0.18404114],[0.41967704 9.75076431],[ -0.50286621 -14.89922227],[0. 0.]
1777,1.776999999999915,[0.38642604 0.19377701],[0.41917418 9.73586509],[ -0.52756353 -15.66138143],[0. 0.]
1778,1.777999999999915,[0.38684469 0.20349721],[0.41864661 9.7202037 ],[ -0.55193234 -16.4183921 ],[0. 0.]
1779,1.7789999999999149,[0.38726278 0.21320099],[0.41809468 9.70378531],[ -0.57595915 -17.17004221],[0. 0.]
1780,1.7799999999999148,[0.3876803  0.22288761],[0.41751872 9.68661527],[ -0.59963098 -17.91612652],[0. 0.]
1781,1.7809999999999147,[0.38809722 0.23255631],[0.41691909 9.66869914],[ -0.62293527 -18.65644678],[0. 0.]
1782,1.7819999999999145,[0.38851352 0.24220635],[0.41629615 9.6500427 ],[ -0.64586   -19.3908119],[0. 0.]
1783,1.7829999999999144,[0.38892917 0.251837  ],[0.41565029 9.63065188],[ -0.66839358 -20.1190381 ],[0. 0.]
1784,1.7839999999999143,[0.38934415 0.26144754],[0.4149819  9.61053285],[ -0.69052498 -20.84094903],[0. 0.]
1785,1.7849999999999142,[0.38975844 0.27103723],[0.41429138 9.5896919 ],[ -0.71224365 -21.55637592],[0. 0.]
1786,1.785999999999914,[0.39017202 0.28060536],[0.41357913 9.56813552],[ -0.73353955 -22.26515763],[0. 0.]
1787,1.786999999999914,[0.39058487 0.29015123],[0.41284559 9.54587036],[ -0.75440319 -22.96714076],[0. 0.]
1788,1.7879999999999139,[0.39099696 0.29967414],[0.41209119 9.52290322],[ -0.77482561 -23.6621797 ],[0. 0.]
1789,1.7889999999999138,[0.39140827 0.30917338],[0.41131636 9.49924104],[ -0.79479835 -24.35013668],[0. 0.]
1790,1.7899999999999137,[0.3918188  0.31864827],[0.41052157 9.47489091],[ -0.81431352 -25.03088179],[0. 0.]
1791,1.7909999999999136,[0.3922285  0.32809813],[0.40970725 9.44986003],[ -0.83336375 -25.70429299],[0. 0.]
1792,1.7919999999999134,[0.39263738 0.33752229],[0.40887389 9.42415573],[ -0.85194222 -26.37025614],[0. 0.]
1793,1.7929999999999133,[0.3930454  0.34692007],[0.40802195 9.39778548],[ -0.87004264 -27.02866492],[0. 0.]
1794,1.7939999999999132,[0.39345255 0.35629083],[0.4071519  9.37075681],[ -0.88765925 -27.67942083],[0. 0.]
1795,1.794999999999913,[0.39385881 0.36563391],[0.40626424 9.34307739],[ -0.90478683 -28.32243316],[0. 0.]
1796,1.795999999999913,[0.39426417 0.37494866],[0.40535946 9.31475496],[ -0.9214207  -28.95761888],[0. 0.]
1797,1.796999999999913,[0.39466861 0.38423446],[0.40443804 9.28579734],[ -0.93755669 -29.5849026 ],[0. 0.]
1798,1.7979999999999128,[0.39507211 0.39349067],[0.40350048 9.25621244],[ -0.95319117 -30.20421647],[0. 0.]
1799,1.7989999999999127,[0.39547466 0.40271668],[0.40254729 9.22600822],[ -0.96832099 -30.81550006],[0. 0.]
1800,1.7999999999999126,[0.39587624 0.41191187],[0.40157897 9.19519272],[  -2.89312136 -168.80931868],[ 0.03516254 -0.16346364]
1801,1.8009999999999124,[0.39627492 0.42093825],[0.39868585 9.0263834 ],[  -2.78621242 -162.69184292],[ 0.03562243 -0.15575654]
1802,1.8019999999999123,[0.39667082 0.42980195],[0.39589963 8.86369156],[  -2.6833493  -156.80510879],[ 0.03607807 -0.14832631]
1803,1.8029999999999122,[0.39706404 0.43850883],[0.39321628 8.70688645],[  -2.58440506 -151.14055449],[ 0.03652964 -0.14116258]
1804,1.8039999999999121,[0.39745467 0.44706458],[0.39063188 8.55574589],[  -2.489253   -145.68990348],[ 0.03697733 -0.13425539]
1805,1.804999999999912,[0.39784282 0.45547463],[0.38814263 8.41005599],[  -2.39776728 -140.44515988],[ 0.03742132 -0.12759514]
1806,1.805999999999912,[0.39822856 0.46374425],[0.38574486 8.26961083],[  -2.30982341 -135.39860332],[ 0.03786178 -0.12117259]
1807,1.8069999999999118,[0.398612   0.47187846],[0.38343504 8.13421223],[  -2.22529867 -130.54278315],[ 0.03829888 -0.11497884]
1808,1.8079999999999117,[0.3989932  0.47988213],[0.38120974 8.00366944],[  -2.14407244 -125.87051229],[ 0.03873279 -0.10900534]
1809,1.8089999999999116,[0.39937227 0.48775993],[0.37906566 7.87779893],[  -2.06602649 -121.37486074],[ 0.03916365 -0.10324384]
1810,1.8099999999999115,[0.39974927 0.49551635],[0.37699964 7.75642407],[  -1.99104517 -117.04914878],[ 0.03959162 -0.09768642]
1811,1.8109999999999113,[0.40012428 0.50315572],[0.37500859 7.63937492],[  -1.91901564 -112.88694005],[ 0.04001685 -0.09232546]
1812,1.8119999999999112,[0.40049737 0.51068221],[0.37308958 7.52648798],[  -1.84982797 -108.88203453],[ 0.04043947 -0.08715362]
1813,1.8129999999999111,[0.40086861 0.51809982],[0.37123975 7.41760595],[  -1.78337523 -105.02846136],[ 0.04085962 -0.08216383]
1814,1.813999999999911,[0.40123806 0.5254124 ],[0.36945637 7.31257749],[  -1.7195536  -101.32047178],[ 0.04127743 -0.07734932]
1815,1.814999999999911,[0.4016058  0.53262365],[0.36773682 7.21125701],[ -1.65826235 -97.75253196],[ 0.04169302 -0.07270354]
1816,1.8159999999999108,[0.40197188 0.53973716],[0.36607856 7.11350448],[ -1.59940391 -94.31931595],[ 0.04210652 -0.06822022]
1817,1.8169999999999107,[0.40233636 0.54675634],[0.36447915 7.01918517],[ -1.54288387 -91.01569874],[ 0.04251803 -0.06389331]
1818,1.8179999999999106,[0.4026993  0.55368451],[0.36293627 6.92816947],[ -1.48861093 -87.83674934],[ 0.04292767 -0.05971699]
1819,1.8189999999999105,[0.40306074 0.56052484],[0.36144766 6.84033272],[ -1.43649689 -84.77772405],[ 0.04333555 -0.05568568]
1820,1.8199999999999104,[0.40342075 0.5672804 ],[0.36001116 6.75555499],[ -1.38645661 -81.83405984],[ 0.04374177 -0.051794  ]
1821,1.8209999999999102,[0.40377938 0.57395412],[0.35862471 6.67372093],[ -1.33840798 -79.00136787],[ 0.04414642 -0.04803677]
1822,1.8219999999999101,[0.40413667 0.58054884],[0.3572863  6.59471957],[ -1.29227181 -76.27542722],[ 0.04454961 -0.04440901]
1823,1.82299999999991,[0.40449266 0.58706728],[0.35599403 6.51844414],[ -1.24797183 -73.65217868],[ 0.04495142 -0.04090594]
1824,1.82399999999991,[0.40484741 0.59351208],[0.35474605 6.44479196],[ -1.20543455 -71.12771887],[ 0.04535193 -0.03752296]
1825,1.8249999999999098,[0.40520095 0.59988574],[0.35354062 6.37366424],[ -1.16458927 -68.69829433],[ 0.04575123 -0.03425563]
1826,1.8259999999999097,[0.40555332 0.60619071],[0.35237603 6.30496595],[ -1.12536793 -66.36029601],[ 0.04614941 -0.0310997 ]
1827,1.8269999999999096,[0.40590457 0.61242931],[0.35125066 6.23860565],[ -1.08770508 -64.11025373],[ 0.04654653 -0.02805106]
1828,1.8279999999999095,[0.40625474 0.61860381],[0.35016296 6.1744954 ],[ -1.05153779 -61.94483098],[ 0.04694268 -0.02510578]
1829,1.8289999999999094,[0.40660385 0.62471636],[0.34911142 6.11255057],[ -1.01680555 -59.86081978],[ 0.04733792 -0.02226005]
1830,1.8299999999999093,[0.40695194 0.63076905],[0.34809461 6.05268975],[ -0.98345024 -57.85513578],[ 0.04773232 -0.01951024]
1831,1.8309999999999091,[0.40729905 0.63676388],[0.34711116 5.99483461],[ -0.95141598 -55.92481351],[ 0.04812594 -0.01685284]
1832,1.831999999999909,[0.40764521 0.64270279],[0.34615975 5.9389098 ],[ -0.92064914 -54.06700178],[ 0.04851885 -0.01428446]
1833,1.832999999999909,[0.40799045 0.64858764],[0.3452391 5.8848428],[ -0.89109816 -52.27895929],[ 0.04891111 -0.01180186]
1834,1.8339999999999088,[0.4083348 0.6544202],[0.344348   5.83256384],[ -0.86271358 -50.55805036],[ 0.04930278 -0.00940191]
1835,1.8349999999999087,[0.40867828 0.6602022 ],[0.34348529 5.78200579],[ -0.83544787 -48.90174082],[ 0.0496939 -0.0070816]
1836,1.8359999999999086,[0.40902093 0.66593531],[0.34264984 5.73310405],[ -0.80925545 -47.30759406],[ 0.05008453 -0.00483805]
1837,1.8369999999999085,[0.40936278 0.67162111],[0.34184058 5.68579645],[ -0.78409252 -45.77326726],[ 0.05047473 -0.00266846]
1838,1.8379999999999084,[0.40970383 0.67726113],[0.34105649 5.64002318],[ -0.75991709 -44.29650769],[ 0.05086454 -0.00057016]
1839,1.8389999999999083,[0.41004413 0.68285686],[0.34029657 5.59572668],[ -0.73668882 -42.87514925],[0.051254   0.00145943]
1840,1.8399999999999082,[0.41038369 0.68840971],[0.33955989 5.55285153],[ -0.71436903 -41.50710902],[0.05164317 0.0034228 ]
1841,1.840999999999908,[0.41072253 0.69392105],[0.33884552 5.51134442],[ -0.69292059 -40.19038406],[0.05203209 0.00532232]
1842,1.841999999999908,[0.41106069 0.69939221],[0.3381526  5.47115403],[ -0.67230787 -38.92304827],[0.05242078 0.00716029]
1843,1.8429999999999078,[0.41139817 0.70482444],[0.33748029 5.43223099],[ -0.65249671 -37.70324938],[0.05280931 0.00893894]
1844,1.8439999999999077,[0.41173499 0.71021896],[0.33682779 5.39452774],[ -0.6334543  -36.52920607],[0.05319769 0.01066037]
1845,1.8449999999999076,[0.41207119 0.71557696],[0.33619434 5.35799853],[ -0.61514919 -35.3992052 ],[0.05358597 0.01232665]
1846,1.8459999999999075,[0.41240677 0.72089956],[0.33557919 5.32259933],[ -0.5975512  -34.31159914],[0.05397419 0.01393975]
1847,1.8469999999999074,[0.41274175 0.72618785],[0.33498164 5.28828773],[ -0.58063136 -33.26480322],[0.05436237 0.01550155]
1848,1.8479999999999073,[0.41307615 0.73144287],[0.33440101 5.25502292],[ -0.56436191 -32.25729325],[0.05475055 0.0170139 ]
1849,1.8489999999999072,[0.41340999 0.73666564],[0.33383664 5.22276563],[ -0.54871619 -31.28760319],[0.05513876 0.01847853]
1850,1.849999999999907,[0.41374328 0.74185712],[0.33328793 5.19147803],[ -0.53366864 -30.35432285],[0.05552702 0.01989716]
1851,1.850999999999907,[0.41407603 0.74701824],[0.33275426 5.1611237 ],[ -0.51919473 -29.45609576],[0.05591537 0.02127141]
1852,1.8519999999999068,[0.41440826 0.75214991],[0.33223506 5.13166761],[ -0.50527093 -28.59161702],[0.05630382 0.02260284]
1853,1.8529999999999067,[0.41473999 0.75725298],[0.33172979 5.10307599],[ -0.49187466 -27.75963134],[0.05669242 0.02389296]
1854,1.8539999999999066,[0.41507123 0.7623283 ],[0.33123792 5.07531636],[ -0.47898427 -26.95893109],[0.05708118 0.02514323]
1855,1.8549999999999065,[0.41540199 0.76737666],[0.33075893 5.04835743],[ -0.46657898 -26.18835445],[0.05747012 0.02635506]
1856,1.8559999999999064,[0.41573228 0.77239883],[0.33029236 5.02216907],[ -0.45463885 -25.44678363],[0.05785926 0.02752977]
1857,1.8569999999999063,[0.41606212 0.77739555],[0.32983772 4.99672229],[ -0.44314476 -24.73314317],[0.05824864 0.02866868]
1858,1.8579999999999062,[0.41639152 0.78236754],[0.32939457 4.97198915],[ -0.43207835 -24.04639831],[0.05863827 0.02977304]
1859,1.858999999999906,[0.41672048 0.78731548],[0.32896249 4.94794275],[ -0.42142201 -23.38555339],[0.05902816 0.03084404]
1860,1.859999999999906,[0.41704902 0.79224004],[0.32854107 4.9245572 ],[ -0.41115885 -22.74965034],[0.05941834 0.03188284]
1861,1.8609999999999058,[0.41737715 0.79714185],[0.32812991 4.90180755],[ -0.40127266 -22.13776726],[0.05980883 0.03289056]
1862,1.8619999999999057,[0.41770488 0.80202151],[0.32772864 4.87966978],[ -0.39174787 -21.549017  ],[0.06019964 0.03386827]
1863,1.8629999999999056,[0.41803221 0.80687964],[0.32733689 4.85812076],[ -0.38256956 -20.9825458 ],[0.06059079 0.03481702]
1864,1.8639999999999055,[0.41835917 0.81171677],[0.32695432 4.83713822],[ -0.37372341 -20.43753206],[0.06098229 0.03573778]
1865,1.8649999999999054,[0.41868575 0.81653347],[0.3265806  4.81670068],[ -0.36519566 -19.91318505],[0.06137416 0.03663153]
1866,1.8659999999999053,[0.41901197 0.82133026],[0.3262154 4.7967875],[ -0.35697312 -19.40874376],[0.06176642 0.03749919]
1867,1.8669999999999052,[0.41933782 0.82610764],[0.32585843 4.77737875],[ -0.34904312 -18.92347574],[0.06215908 0.03834165]
1868,1.867999999999905,[0.41966333 0.8308661 ],[0.32550939 4.75845528],[ -0.34139352 -18.456676  ],[0.06255215 0.03915976]
1869,1.868999999999905,[0.4199885  0.83560609],[0.32516799 4.7399986 ],[ -0.33401265 -18.00766598],[0.06294564 0.03995435]
1870,1.8699999999999048,[0.42031333 0.84032809],[0.32483398 4.72199094],[ -0.32688931 -17.57579253],[0.06333957 0.04072622]
1871,1.8709999999999047,[0.42063784 0.8450325 ],[0.32450709 4.70441514],[ -0.32001276 -17.16042693],[0.06373395 0.04147613]
1872,1.8719999999999046,[0.42096203 0.84971976],[0.32418708 4.68725472],[ -0.31337268 -16.76096395],[0.06412878 0.04220482]
1873,1.8729999999999045,[0.4212859  0.85439025],[0.32387371 4.67049375],[ -0.30695917 -16.37682099],[0.06452409 0.042913  ]
1874,1.8739999999999044,[0.42160947 0.85904437],[0.32356675 4.65411693],[ -0.30076274 -16.00743719],[0.06491988 0.04360136]
1875,1.8749999999999043,[0.42193274 0.86368248],[0.32326598 4.6381095 ],[ -0.29477424 -15.65227259],[0.06531615 0.04427056]
1876,1.8759999999999042,[0.42225571 0.86830493],[0.32297121 4.62245722],[ -0.28898494 -15.31080739],[0.06571292 0.04492123]
1877,1.876999999999904,[0.42257839 0.87291208],[0.32268222 4.60714642],[ -0.28338641 -14.98254109],[0.0661102  0.04555399]
1878,1.877999999999904,[0.42290079 0.87750424],[0.32239884 4.59216387],[ -0.27797059 -14.66699188],[0.066508   0.04616942]
1879,1.8789999999999039,[0.42322291 0.88208174],[0.32212087 4.57749688],[ -0.27272973 -14.36369581],[0.06690631 0.04676809]
1880,1.8799999999999037,[0.42354476 0.88664487],[0.32184814 4.56313319],[ -0.2676564  -14.07220622],[0.06730516 0.04735056]
1881,1.8809999999999036,[0.42386634 0.89119393],[0.32158048 4.54906098],[ -0.26274343 -13.79209298],[0.06770455 0.04791735]
1882,1.8819999999999035,[0.42418765 0.8957292 ],[0.32131774 4.53526889],[ -0.257984   -13.52294197],[0.06810448 0.04846897]
1883,1.8829999999999034,[0.42450871 0.90025095],[0.32105975 4.52174595],[ -0.25337149 -13.2643544 ],[0.06850496 0.04900591]
1884,1.8839999999999033,[0.42482952 0.90475943],[0.32080638 4.50848159],[ -0.24889961 -13.01594626],[0.068906   0.04952864]
1885,1.8849999999999032,[0.42515008 0.9092549 ],[0.32055748 4.49546564],[ -0.24456227 -12.77734777],[0.06930761 0.05003762]
1886,1.885999999999903,[0.42547039 0.91373758],[0.32031292 4.4826883 ],[ -0.24035365 -12.54820282],[0.06970978 0.05053329]
1887,1.886999999999903,[0.42579046 0.91820772],[0.32007257 4.47014009],[ -0.23626816 -12.32816848],[0.07011253 0.05101606]
1888,1.8879999999999029,[0.4261103  0.92266554],[0.3198363  4.45781193],[ -0.23230042 -12.1169145 ],[0.07051586 0.05148636]
1889,1.8889999999999028,[0.4264299  0.92711123],[0.319604   4.44569501],[ -0.22844528 -11.9141228 ],[0.07091977 0.05194456]
1890,1.8899999999999026,[0.42674928 0.93154501],[0.31937555 4.43378089],[ -0.22469778 -11.71948707],[0.07132427 0.05239106]
1891,1.8909999999999025,[0.42706843 0.93596707],[0.31915086 4.4220614 ],[ -0.22105316 -11.53271229],[0.07172936 0.05282621]
1892,1.8919999999999024,[0.42738736 0.9403776 ],[0.3189298  4.41052869],[ -0.21750687 -11.35351432],[0.07213505 0.05325037]
1893,1.8929999999999023,[0.42770607 0.94477678],[0.3187123  4.39917517],[ -0.21405451 -11.18161946],[0.07254134 0.05366388]
1894,1.8939999999999022,[0.42802457 0.94916477],[0.31849824 4.38799356],[ -0.21069188 -11.01676413],[0.07294824 0.05406706]
1895,1.894999999999902,[0.42834286 0.95354175],[0.31828755 4.37697679],[ -0.20741493 -10.85869443],[0.07335575 0.05446022]
1896,1.895999999999902,[0.42866094 0.95790787],[0.31808013 4.3661181 ],[ -0.20421979 -10.7071658 ],[0.07376386 0.05484369]
1897,1.8969999999999019,[0.42897881 0.96226328],[0.31787591 4.35541093],[ -0.20110272 -10.56194265],[0.0741726  0.05521774]
1898,1.8979999999999018,[0.42929649 0.96660813],[0.31767481 4.34484899],[ -0.19806015 -10.42279809],[0.07458195 0.05558266]
1899,1.8989999999999017,[0.42961397 0.97094255],[0.31747675 4.33442619],[ -0.19508865 -10.28951351],[0.07499192 0.05593872]
1900,1.8999999999999015,[0.42993125 0.97526669],[0.31728166 4.32413668],[ -0.1921849  -10.16187835],[0.07540251 0.05628618]
1901,1.9009999999999014,[0.43024834 0.97958066],[0.31708948 4.3139748 ],[ -0.18934576 -10.03968978],[0.07581373 0.05662531]
1902,1.9019999999999013,[0.43056524 0.9838846 ],[0.31690013 4.30393511],[-0.18656816 -9.92275237],[0.07622557 0.05695634]
1903,1.9029999999999012,[0.43088195 0.98817861],[0.31671356 4.29401236],[-0.18384921 -9.81087789],[0.07663805 0.05727951]
1904,1.903999999999901,[0.43119848 0.99246281],[0.31652971 4.28420148],[-0.18118608 -9.70388497],[0.07705115 0.05759504]
1905,1.904999999999901,[0.43151483 0.99673731],[0.31634853 4.27449759],[-0.1785761 -9.6015989],[0.07746489 0.05790316]
1906,1.9059999999999009,[0.431831   1.00100221],[0.31616995 4.26489599],[-0.17601667 -9.50385134],[0.07787927 0.05820408]
1907,1.9069999999999008,[0.43214699 1.0052576 ],[0.31599394 4.25539214],[-0.17350533 -9.41048011],[0.07829428 0.05849801]
1908,1.9079999999999007,[0.43246281 1.00950358],[0.31582043 4.24598166],[-0.17103968 -9.32132898],[0.07870992 0.05878513]
1909,1.9089999999999006,[0.43277846 1.01374024],[0.31564939 4.23666033],[-0.16861744 -9.23624739],[0.07912621 0.05906564]
1910,1.9099999999999004,[0.43309394 1.01796766],[0.31548077 4.22742409],[-0.16623643 -9.1550903 ],[0.07954314 0.05933972]
1911,1.9109999999999003,[0.43340926 1.02218593],[0.31531454 4.218269  ],[-0.16389452 -9.07771794],[0.07996071 0.05960755]
1912,1.9119999999999002,[0.43372441 1.02639512],[0.31515064 4.20919128],[-0.16158971 -9.00399565],[0.08037892 0.0598693 ]
1913,1.9129999999999001,[0.4340394  1.03059531],[0.31498905 4.20018728],[-0.15932005 -8.93379368],[0.08079778 0.06012514]
1914,1.9139999999999,[0.43435423 1.03478657],[0.31482973 4.19125349],[-0.15708368 -8.86698701],[0.08121728 0.06037522]
1915,1.9149999999999,[0.4346689  1.03896895],[0.31467265 4.1823865 ],[-0.15487882 -8.80345515],[0.08163742 0.0606197 ]
1916,1.9159999999998998,[0.43498342 1.04314254],[0.31451777 4.17358305],[-0.15270375 -8.74308202],[0.08205821 0.06085873]
1917,1.9169999999998997,[0.43529778 1.04730738],[0.31436507 4.16483996],[-0.15055683 -8.68575575],[0.08247965 0.06109244]
1918,1.9179999999998996,[0.435612   1.05146353],[0.31421451 4.15615421],[-0.14843647 -8.63136853],[0.08290173 0.06132098]
1919,1.9189999999998995,[0.43592606 1.05561105],[0.31406607 4.14752284],[-0.14634117 -8.57981648],[0.08332446 0.06154448]
1920,1.9199999999998993,[0.43623998 1.05975   ],[0.31391973 4.13894302],[-0.14426947 -8.53099949],[0.08374784 0.06176306]
1921,1.9209999999998992,[0.43655376 1.06388041],[0.31377546 4.13041202],[-0.14221998 -8.48482108],[0.08417186 0.06197686]
1922,1.9219999999998991,[0.43686739 1.06800233],[0.31363324 4.1219272 ],[-0.14019136 -8.44118827],[0.08459653 0.06218599]
1923,1.922999999999899,[0.43718089 1.07211582],[0.31349305 4.11348602],[-0.13818234 -8.40001146],[0.08502185 0.06239057]
1924,1.923999999999899,[0.43749424 1.07622091],[0.31335487 4.105086  ],[-0.13619167 -8.3612043 ],[0.08544782 0.06259072]
1925,1.9249999999998988,[0.43780746 1.08031763],[0.31321868 4.0967248 ],[-0.1342182  -8.32468355],[0.08587443 0.06278652]
1926,1.9259999999998987,[0.43812054 1.08440603],[0.31308446 4.08840012],[-0.13226077 -8.29036899],[0.08630169 0.0629781 ]
1927,1.9269999999998986,[0.4384335  1.08848614],[0.3129522  4.08010975],[-0.13031832 -8.25818333],[0.0867296  0.06316556]
1928,1.9279999999998985,[0.43874632 1.09255799],[0.31282188 4.07185156],[-0.1283898  -8.22805204],[0.08715815 0.06334898]
1929,1.9289999999998984,[0.43905901 1.09662162],[0.31269349 4.06362351],[-0.12647422 -8.1999033 ],[0.08758735 0.06352847]
1930,1.9299999999998982,[0.43937158 1.10067704],[0.31256702 4.05542361],[-0.12457062 -8.17366789],[0.0880172  0.06370412]
1931,1.9309999999998981,[0.43968402 1.10472429],[0.31244245 4.04724994],[-0.12267809 -8.14927909],[0.08844769 0.06387601]
1932,1.931999999999898,[0.43999634 1.10876339],[0.31231977 4.03910066],[-0.12079576 -8.12667258],[0.08887883 0.06404423]
1933,1.932999999999898,[0.44030854 1.11279436],[0.31219897 4.03097399],[-0.11892279 -8.10578637],[0.08931062 0.06420886]
1934,1.9339999999998978,[0.44062062 1.11681723],[0.31208005 4.0228682 ],[-0.11705837 -8.08656069],[0.08974305 0.06436998]
1935,1.9349999999998977,[0.44093258 1.12083201],[0.31196299 4.01478164],[-0.11520174 -8.06893795],[0.09017612 0.06452767]
1936,1.9359999999998976,[0.44124443 1.12483873],[0.31184779 4.0067127 ],[-0.11335216 -8.05286262],[0.09060984 0.064682  ]
1937,1.9369999999998975,[0.44155616 1.12883739],[0.31173444 3.99865984],[-0.11150892 -8.03828116],[0.09104419 0.06483304]
1938,1.9379999999998974,[0.44186779 1.13282801],[0.31162293 3.99062156],[-0.10967136 -8.02514198],[0.09147919 0.06498086]
1939,1.9389999999998973,[0.4421793 1.1368106],[0.31151326 3.98259642],[-0.10783882 -8.01339532],[0.09191484 0.06512554]
1940,1.9399999999998971,[0.44249071 1.14078519],[0.31140542 3.97458302],[-0.10601069 -8.00299324],[0.09235112 0.06526713]
1941,1.940999999999897,[0.44280201 1.14475177],[0.31129941 3.96658003],[-0.10418638 -7.99388949],[0.09278804 0.06540569]
1942,1.941999999999897,[0.4431132  1.14871035],[0.31119522 3.95858614],[-0.10236532 -7.9860395 ],[0.0932256 0.0655413]
1943,1.9429999999998968,[0.44342429 1.15266095],[0.31109286 3.9506001 ],[-0.10054698 -7.9794003 ],[0.0936638 0.065674 ]
1944,1.9439999999998967,[0.44373529 1.15660357],[0.31099231 3.9426207 ],[-0.09873084 -7.97393045],[0.09410264 0.06580386]
1945,1.9449999999998966,[0.44404618 1.16053822],[0.31089358 3.93464677],[-0.09691641 -7.96959001],[0.09454211 0.06593093]
1946,1.9459999999998965,[0.44435698 1.1644649 ],[0.31079666 3.92667718],[-0.09510322 -7.96634045],[0.09498222 0.06605527]
1947,1.9469999999998964,[0.44466768 1.16838361],[0.31070156 3.91871084],[-0.09329082 -7.96414465],[0.09542297 0.06617691]
1948,1.9479999999998963,[0.44497829 1.17229436],[0.31060827 3.91074669],[-0.09147878 -7.96296678],[0.09586434 0.06629593]
1949,1.9489999999998961,[0.4452888  1.17619714],[0.31051679 3.90278373],[-0.08966669 -7.96277232],[0.09630635 0.06641236]
1950,1.949999999999896,[0.44559923 1.18009196],[0.31042712 3.89482096],[-0.08785417 -7.96352798],[0.09674899 0.06652625]
1951,1.950999999999896,[0.44590957 1.18397882],[0.31033927 3.88685743],[-0.08604084 -7.96520165],[0.09719226 0.06663764]
1952,1.9519999999998958,[0.44621982 1.18785771],[0.31025323 3.87889223],[-0.08422635 -7.96776236],[0.09763617 0.06674659]
1953,1.9529999999998957,[0.44652999 1.19172864],[0.310169   3.87092446],[-0.08241036 -7.97118027],[0.0980807  0.06685314]
1954,1.9539999999998956,[0.44684008 1.19559159],[0.31008659 3.86295328],[-0.08059255 -7.97542657],[0.09852585 0.06695732]
1955,1.9549999999998955,[0.44715008 1.19944657],[0.310006   3.85497786],[-0.07877262 -7.9804735 ],[0.09897164 0.06705917]
1956,1.9559999999998954,[0.44746001 1.20329356],[0.30992722 3.84699738],[-0.07695028 -7.98629428],[0.09941804 0.06715875]
1957,1.9569999999998953,[0.44776986 1.20713257],[0.30985027 3.83901109],[-0.07512525 -7.99286308],[0.09986508 0.06725607]
1958,1.9579999999998952,[0.44807964 1.21096359],[0.30977515 3.83101823],[-0.07329726 -8.00015499],[0.10031273 0.06735119]
1959,1.958999999999895,[0.44838934 1.21478661],[0.30970185 3.82301807],[-0.07146608 -8.00814598],[0.10076101 0.06744414]
1960,1.959999999999895,[0.44869897 1.21860162],[0.30963039 3.81500992],[-0.06963147 -8.01681287],[0.1012099  0.06753495]
1961,1.9609999999998948,[0.44900853 1.22240861],[0.30956075 3.80699311],[-0.0677932  -8.02613331],[0.10165942 0.06762365]
1962,1.9619999999998947,[0.44931802 1.22620758],[0.30949296 3.79896698],[-0.06595106 -8.03608574],[0.10210955 0.06771028]
1963,1.9629999999998946,[0.44962745 1.22999851],[0.30942701 3.79093089],[-0.06410486 -8.04664935],[0.1025603  0.06779488]
1964,1.9639999999998945,[0.44993681 1.2337814 ],[0.3093629  3.78288424],[-0.0622544  -8.05780408],[0.10301167 0.06787746]
1965,1.9649999999998944,[0.45024611 1.23755622],[0.30930065 3.77482644],[-0.06039951 -8.06953057],[0.10346364 0.06795807]
1966,1.9659999999998943,[0.45055535 1.24132298],[0.30924025 3.76675691],[-0.05854001 -8.08181014],[0.10391624 0.06803673]
1967,1.9669999999998942,[0.45086453 1.24508165],[0.30918171 3.7586751 ],[-0.05667576 -8.09462477],[0.10436944 0.06811347]
1968,1.967999999999894,[0.45117366 1.24883224],[0.30912504 3.75058047],[-0.0548066  -8.10795708],[0.10482325 0.06818831]
1969,1.968999999999894,[0.45148273 1.25257471],[0.30907023 3.74247252],[-0.05293239 -8.12179029],[0.10527768 0.0682613 ]
1970,1.9699999999998938,[0.45179175 1.25630906],[0.3090173  3.73435073],[-0.051053   -8.13610821],[0.10573271 0.06833244]
1971,1.9709999999998937,[0.45210071 1.26003527],[0.30896624 3.72621462],[-0.04916832 -8.15089523],[0.10618834 0.06840177]
1972,1.9719999999998936,[0.45240963 1.26375334],[0.30891707 3.71806372],[-0.04727822 -8.16613627],[0.10664458 0.06846932]
1973,1.9729999999998935,[0.4527185  1.26746323],[0.3088698  3.70989759],[-0.0453826  -8.18181679],[0.10710143 0.0685351 ]
1974,1.9739999999998934,[0.45302733 1.27116495],[0.30882441 3.70171577],[-0.04348135 -8.19792274],[0.10755888 0.06859914]
1975,1.9749999999998933,[0.45333611 1.27485847],[0.30878093 3.69351785],[-0.0415744  -8.21444057],[0.10801692 0.06866147]
1976,1.9759999999998932,[0.45364485 1.27854377],[0.30873936 3.68530341],[-0.03966165 -8.23135721],[0.10847557 0.0687221 ]
1977,1.976999999999893,[0.45395355 1.28222084],[0.3086997  3.67707205],[-0.03774303 -8.24866003],[0.10893482 0.06878107]
1978,1.977999999999893,[0.45426221 1.28588967],[0.30866195 3.66882339],[-0.03581846 -8.26633684],[0.10939466 0.06883838]
1979,1.9789999999998928,[0.45457083 1.28955022],[0.30862614 3.66055705],[-0.03388788 -8.28437588],[0.10985509 0.06889406]
1980,1.9799999999998927,[0.45487943 1.2932025 ],[0.30859225 3.65227268],[-0.03195123 -8.30276578],[0.11031612 0.06894814]
1981,1.9809999999998926,[0.45518799 1.29684647],[0.3085603  3.64396991],[-0.03000845 -8.32149559],[0.11077775 0.06900063]
1982,1.9819999999998925,[0.45549652 1.30048211],[0.30853029 3.63564842],[-0.0280595 -8.3405547],[0.11123996 0.06905155]
1983,1.9829999999998924,[0.45580502 1.30410942],[0.30850223 3.62730786],[-0.02610433 -8.3599329 ],[0.11170277 0.06910093]
1984,1.9839999999998923,[0.45611349 1.30772837],[0.30847612 3.61894793],[-0.02414291 -8.3796203 ],[0.11216616 0.06914877]
1985,1.9849999999998922,[0.45642195 1.31133894],[0.30845198 3.61056831],[-0.0221752  -8.39960737],[0.11263014 0.0691951 ]
1986,1.985999999999892,[0.45673038 1.31494111],[0.30842981 3.6021687 ],[-0.02020117 -8.41988489],[0.1130947  0.06923994]
1987,1.986999999999892,[0.45703879 1.31853486],[0.3084096  3.59374882],[-0.01822081 -8.44044396],[0.11355985 0.06928331]
1988,1.9879999999998919,[0.45734718 1.32212016],[0.30839138 3.58530837],[-0.01623408 -8.46127599],[0.11402558 0.06932521]
1989,1.9889999999998917,[0.45765555 1.32569701],[0.30837515 3.5768471 ],[-0.01424098 -8.48237267],[0.11449189 0.06936568]
1990,1.9899999999998916,[0.45796391 1.32926538],[0.30836091 3.56836472],[-0.0122415  -8.50372597],[0.11495878 0.06940472]
1991,1.9909999999998915,[0.45827226 1.33282524],[0.30834867 3.559861  ],[-0.01023562 -8.52532814],[0.11542625 0.06944235]
1992,1.9919999999998914,[0.4585806  1.33637657],[0.30833843 3.55133567],[-8.22334707e-03 -8.54717168e+00],[0.11589429 0.06947859]
1993,1.9929999999998913,[0.45888893 1.33991936],[0.30833021 3.5427885 ],[-6.20467661e-03 -8.56924934e+00],[0.11636291 0.06951345]
1994,1.9939999999998912,[0.45919725 1.34345358],[0.308324   3.53421925],[-4.17961324e-03 -8.59155413e+00],[0.11683211 0.06954696]
1995,1.994999999999891,[0.45950557 1.34697921],[0.30831982 3.52562769],[-2.14816382e-03 -8.61407927e+00],[0.11730187 0.06957912]
1996,1.995999999999891,[0.45981389 1.35049622],[0.30831768 3.51701361],[-1.10338406e-04 -8.63681822e+00],[0.11777221 0.06960994]
1997,1.9969999999998909,[0.46012221 1.3540046 ],[0.30831757 3.5083768 ],[ 1.93384982e-03 -8.65976465e+00],[0.11824312 0.06963945]
1998,1.9979999999998908,[0.46043053 1.35750432],[0.3083195  3.49971703],[ 3.98438472e-03 -8.68291243e+00],[0.11871459 0.06966766]
1999,1.9989999999998906,[0.46073885 1.36099535],[0.30832348 3.49103412],[ 6.04124729e-03 -8.70625565e+00],[0.11918663 0.06969458]
2000,1.9999999999998905,[0.46104718 1.36447768],[0.30832952 3.48232786],[ 8.10441577e-03 -8.72978857e+00],[0.11965924 0.06972023]
2001,2.0009999999998906,[0.46135552 1.36795128],[0.30833763 3.47359807],[ 0.01017387 -8.75350567],[0.12013241 0.06974461]
2002,2.0019999999998905,[0.46166387 1.37141612],[0.3083478  3.46484457],[ 0.01224957 -8.77740157],[0.12060614 0.06976775]
2003,2.0029999999998904,[0.46197223 1.37487219],[0.30836005 3.45606717],[ 0.0143315  -8.80147109],[0.12108043 0.06978966]
2004,2.0039999999998903,[0.4622806  1.37831945],[0.30837438 3.4472657 ],[ 0.01641962 -8.8257092 ],[0.12155528 0.06981035]
2005,2.00499999999989,[0.46258899 1.38175789],[0.3083908  3.43843999],[ 0.01851391 -8.85011104],[0.12203068 0.06982983]
2006,2.00599999999989,[0.4628974  1.38518748],[0.30840932 3.42958988],[ 0.02061431 -8.87467191],[0.12250665 0.06984811]
2007,2.00699999999989,[0.46320583 1.3886082 ],[0.30842993 3.4207152 ],[ 0.0227208  -8.89938724],[0.12298316 0.06986521]
2008,2.00799999999989,[0.46351428 1.39202001],[0.30845265 3.41181582],[ 0.02483333 -8.92425263],[0.12346023 0.06988115]
2009,2.0089999999998898,[0.46382276 1.39542291],[0.30847749 3.40289156],[ 0.02695187 -8.94926378],[0.12393786 0.06989592]
2010,2.0099999999998897,[0.46413127 1.39881685],[0.30850444 3.3939423 ],[ 0.02907637 -8.97441656],[0.12441603 0.06990955]
2011,2.0109999999998895,[0.4644398  1.40220182],[0.30853351 3.38496788],[ 0.03120677 -8.99970696],[0.12489475 0.06992205]
2012,2.0119999999998894,[0.46474836 1.40557778],[0.30856472 3.37596818],[ 0.03334304 -9.02513107],[0.12537401 0.06993343]
2013,2.0129999999998893,[0.46505696 1.40894473],[0.30859806 3.36694305],[ 0.03548513 -9.05068511],[0.12585383 0.06994369]
2014,2.013999999999889,[0.4653656  1.41230262],[0.30863355 3.35789236],[ 0.03763298 -9.07636544],[0.12633418 0.06995286]
2015,2.014999999999889,[0.46567427 1.41565144],[0.30867118 3.348816  ],[ 0.03978654 -9.10216851],[0.12681508 0.06996094]
2016,2.015999999999889,[0.46598298 1.41899115],[0.30871097 3.33971383],[ 0.04194576 -9.12809085],[0.12729652 0.06996794]
2017,2.016999999999889,[0.46629173 1.42232174],[0.30875291 3.33058574],[ 0.04411058 -9.15412914],[0.1277785  0.06997388]
2018,2.0179999999998888,[0.46660053 1.42564317],[0.30879703 3.32143161],[ 0.04628094 -9.18028012],[0.12826102 0.06997877]
2019,2.0189999999998887,[0.46690937 1.42895542],[0.30884331 3.31225133],[ 0.04845679 -9.20654066],[0.12874407 0.06998261]
2020,2.0199999999998886,[0.46721826 1.43225846],[0.30889176 3.30304479],[ 0.05063807 -9.23290768],[0.12922766 0.06998542]
2021,2.0209999999998884,[0.46752721 1.43555227],[0.3089424  3.29381188],[ 0.05282472 -9.25937822],[0.12971178 0.06998721]
2022,2.0219999999998883,[0.4678362  1.43883683],[0.30899523 3.2845525 ],[ 0.05501667 -9.28594939],[0.13019644 0.06998799]
2023,2.022999999999888,[0.46814525 1.44211209],[0.30905024 3.27526655],[ 0.05721387 -9.31261838],[0.13068162 0.06998777]
2024,2.023999999999888,[0.46845436 1.44537805],[0.30910746 3.26595393],[ 0.05941624 -9.33938248],[0.13116734 0.06998656]
2025,2.024999999999888,[0.46876353 1.44863466],[0.30916687 3.25661455],[ 0.06162373 -9.36623901],[0.13165358 0.06998437]
2026,2.025999999999888,[0.46907275 1.45188191],[0.3092285  3.24724831],[ 0.06383626 -9.39318541],[0.13214034 0.06998121]
2027,2.026999999999888,[0.46938205 1.45511977],[0.30929233 3.23785513],[ 0.06605378 -9.42021916],[0.13262764 0.06997709]
2028,2.0279999999998877,[0.4696914 1.4583482],[0.30935839 3.22843491],[ 0.06827621 -9.44733783],[0.13311545 0.06997202]
2029,2.0289999999998876,[0.47000083 1.46156719],[0.30942666 3.21898757],[ 0.07050348 -9.47453902],[0.13360379 0.06996601]
2030,2.0299999999998875,[0.47031033 1.4647767 ],[0.30949717 3.20951303],[ 0.07273553 -9.50182043],[0.13409264 0.06995908]
2031,2.0309999999998873,[0.4706199  1.46797671],[0.3095699  3.20001121],[ 0.07497228 -9.52917979],[0.13458202 0.06995122]
2032,2.0319999999998872,[0.47092954 1.47116719],[0.30964487 3.19048203],[ 0.07721367 -9.55661491],[0.13507191 0.06994246]
2033,2.032999999999887,[0.47123927 1.47434812],[0.30972209 3.18092541],[ 0.07945962 -9.58412363],[0.13556232 0.06993279]
2034,2.033999999999887,[0.47154907 1.47751946],[0.30980155 3.17134129],[ 0.08171006 -9.61170388],[0.13605324 0.06992224]
2035,2.034999999999887,[0.47185895 1.48068119],[0.30988326 3.16172959],[ 0.08396491 -9.6393536 ],[0.13654467 0.0699108 ]
2036,2.035999999999887,[0.47216892 1.48383328],[0.30996722 3.15209023],[ 0.0862241  -9.66707081],[0.13703662 0.06989849]
2037,2.0369999999998867,[0.47247897 1.4869757 ],[0.31005345 3.14242316],[ 0.08848757 -9.69485357],[0.13752907 0.06988532]
2038,2.0379999999998866,[0.47278911 1.49010843],[0.31014193 3.13272831],[ 0.09075522 -9.72269996],[0.13802203 0.0698713 ]
2039,2.0389999999998865,[0.47309935 1.49323144],[0.31023269 3.12300561],[ 0.09302699 -9.75060814],[0.1385155  0.06985644]
2040,2.0399999999998863,[0.47340967 1.49634469],[0.31032572 3.113255  ],[ 0.09530281 -9.77857629],[0.13900948 0.06984074]
2041,2.0409999999998862,[0.47372009 1.49944817],[0.31042102 3.10347642],[ 0.09758258 -9.80660265],[0.13950396 0.06982422]
2042,2.041999999999886,[0.47403061 1.50254184],[0.3105186  3.09366982],[ 0.09986625 -9.83468546],[0.13999894 0.06980689]
2043,2.042999999999886,[0.47434123 1.50562567],[0.31061847 3.08383514],[ 0.10215372 -9.86282305],[0.14049442 0.06978874]
2044,2.043999999999886,[0.47465195 1.50869965],[0.31072062 3.07397231],[ 0.10444492 -9.89101374],[0.1409904  0.06976981]
2045,2.044999999999886,[0.47496278 1.51176373],[0.31082507 3.0640813 ],[ 0.10673978 -9.91925591],[0.14148687 0.06975008]
2046,2.0459999999998857,[0.47527371 1.51481789],[0.31093181 3.05416204],[ 0.10903821 -9.94754796],[0.14198385 0.06972957]
2047,2.0469999999998856,[0.47558475 1.5178621 ],[0.31104084 3.0442145 ],[ 0.11134013 -9.97588834],[0.14248132 0.0697083 ]
2048,2.0479999999998855,[0.4758959  1.52089634],[0.31115218 3.03423861],[  0.11364547 -10.00427551],[0.14297928 0.06968626]
2049,2.0489999999998854,[0.47620717 1.52392058],[0.31126583 3.02423433],[  0.11595415 -10.03270796],[0.14347773 0.06966348]
2050,2.0499999999998852,[0.47651855 1.52693478],[0.31138178 3.01420162],[  0.11826608 -10.06118422],[0.14397668 0.06963995]
2051,2.050999999999885,[0.47683005 1.52993892],[0.31150005 3.00414044],[  0.12058118 -10.08970285],[0.14447611 0.06961568]
2052,2.051999999999885,[0.47714167 1.53293297],[0.31162063 2.99405074],[  0.12289937 -10.11826242],[0.14497603 0.06959069]
2053,2.052999999999885,[0.47745341 1.5359169 ],[0.31174353 2.98393247],[  0.12522058 -10.14686154],[0.14547644 0.06956499]
2054,2.053999999999885,[0.47776528 1.53889069],[0.31186875 2.97378561],[  0.12754471 -10.17549882],[0.14597733 0.06953857]
2055,2.0549999999998847,[0.47807728 1.5418543 ],[0.3119963  2.96361011],[  0.1298717  -10.20417293],[0.1464787  0.06951146]
2056,2.0559999999998846,[0.4783894 1.5448077],[0.31212617 2.95340594],[  0.13220145 -10.23288253],[0.14698056 0.06948366]
2057,2.0569999999998845,[0.47870166 1.54775088],[0.31225837 2.94317306],[  0.13453389 -10.26162632],[0.1474829  0.06945517]
2058,2.0579999999998844,[0.47901405 1.55068379],[0.3123929  2.93291143],[  0.13686892 -10.290403  ],[0.14798571 0.06942602]
2059,2.0589999999998843,[0.47932658 1.55360641],[0.31252977 2.92262103],[  0.13920648 -10.31921131],[0.148489   0.06939619]
2060,2.059999999999884,[0.47963925 1.55651871],[0.31266898 2.91230182],[  0.14154647 -10.34805001],[0.14899277 0.06936571]
2061,2.060999999999884,[0.47995206 1.55942067],[0.31281052 2.90195377],[  0.14388882 -10.37691785],[0.14949701 0.06933459]
2062,2.061999999999884,[0.48026502 1.56231224],[0.31295441 2.89157685],[  0.14623344 -10.40581363],[0.15000173 0.06930282]
2063,2.062999999999884,[0.48057812 1.56519341],[0.31310065 2.88117104],[  0.14858025 -10.43473614],[0.15050691 0.06927043]
2064,2.0639999999998837,[0.48089137 1.56806415],[0.31324923 2.8707363 ],[  0.15092916 -10.46368421],[0.15101257 0.06923741]
2065,2.0649999999998836,[0.48120477 1.57092442],[0.31340016 2.86027262],[  0.15328009 -10.49265666],[0.15151869 0.06920378]
2066,2.0659999999998835,[0.48151832 1.5737742 ],[0.31355344 2.84977996],[  0.15563297 -10.52165235],[0.15202528 0.06916954]
2067,2.0669999999998834,[0.48183203 1.57661346],[0.31370907 2.83925831],[  0.15798769 -10.55067012],[0.15253234 0.06913471]
2068,2.0679999999998833,[0.4821459  1.57944217],[0.31386706 2.82870764],[  0.16034419 -10.57970886],[0.15303986 0.06909929]
2069,2.068999999999883,[0.48245993 1.5822603 ],[0.3140274  2.81812793],[  0.16270237 -10.60876746],[0.15354784 0.06906328]
2070,2.069999999999883,[0.48277412 1.58506782],[0.3141901  2.80751916],[  0.16506216 -10.6378448 ],[0.15405629 0.06902671]
2071,2.070999999999883,[0.48308847 1.5878647 ],[0.31435517 2.79688132],[  0.16742347 -10.66693981],[0.15456519 0.06898957]
2072,2.071999999999883,[0.48340299 1.59065091],[0.31452259 2.78621438],[  0.16978621 -10.69605139],[0.15507456 0.06895188]
2073,2.0729999999998827,[0.48371769 1.59342643],[0.31469238 2.77551832],[  0.17215031 -10.72517849],[0.15558438 0.06891364]
2074,2.0739999999998826,[0.48403255 1.59619122],[0.31486453 2.76479315],[  0.17451567 -10.75432004],[0.15609465 0.06887486]
2075,2.0749999999998825,[0.48434759 1.59894526],[0.31503904 2.75403883],[  0.17688222 -10.78347499],[0.15660538 0.06883555]
2076,2.0759999999998824,[0.4846628  1.60168852],[0.31521592 2.74325535],[  0.17924987 -10.81264231],[0.15711657 0.06879571]
2077,2.0769999999998823,[0.4849782  1.60442096],[0.31539517 2.73244271],[  0.18161854 -10.84182095],[0.1576282  0.06875537]
2078,2.077999999999882,[0.48529378 1.60714256],[0.31557679 2.72160089],[  0.18398814 -10.87100991],[0.15814028 0.06871451]
2079,2.078999999999882,[0.48560954 1.60985329],[0.31576078 2.71072988],[  0.18635859 -10.90020816],[0.15865282 0.06867316]
2080,2.079999999999882,[0.48592548 1.61255312],[0.31594714 2.69982967],[  0.18872981 -10.9294147 ],[0.1591658  0.06863132]
2081,2.080999999999882,[0.48624162 1.61524202],[0.31613587 2.68890026],[  0.19110171 -10.95862852],[0.15967922 0.06858899]
2082,2.0819999999998817,[0.48655795 1.61791996],[0.31632697 2.67794163],[  0.1934742  -10.98784864],[0.16019309 0.06854619]
2083,2.0829999999998816,[0.48687447 1.62058692],[0.31652044 2.66695378],[  0.19584722 -11.01707406],[0.1607074  0.06850293]
2084,2.0839999999998815,[0.48719118 1.62324285],[0.31671629 2.6559367 ],[  0.19822066 -11.04630381],[0.16122215 0.0684592 ]
2085,2.0849999999998814,[0.4875081  1.62588774],[0.31691451 2.6448904 ],[  0.20059446 -11.0755369 ],[0.16173735 0.06841503]
2086,2.0859999999998813,[0.48782521 1.62852156],[0.31711511 2.63381486],[  0.20296852 -11.10477239],[0.16225298 0.06837041]
2087,2.086999999999881,[0.48814253 1.63114427],[0.31731808 2.62271009],[  0.20534276 -11.13400929],[0.16276905 0.06832536]
2088,2.087999999999881,[0.48846006 1.63375584],[0.31752342 2.61157608],[  0.2077171  -11.16324665],[0.16328555 0.06827989]
2089,2.088999999999881,[0.48877779 1.63635626],[0.31773114 2.60041283],[  0.21009145 -11.19248352],[0.16380249 0.06823399]
2090,2.089999999999881,[0.48909573 1.63894548],[0.31794123 2.58922035],[  0.21246574 -11.22171895],[0.16431986 0.06818768]
2091,2.0909999999998807,[0.48941388 1.64152348],[0.31815369 2.57799863],[  0.21483988 -11.25095199],[0.16483766 0.06814098]
2092,2.0919999999998806,[0.48973225 1.64409022],[0.31836853 2.56674768],[  0.21721379 -11.2801817 ],[0.1653559  0.06809387]
2093,2.0929999999998805,[0.49005084 1.64664569],[0.31858575 2.5554675 ],[  0.21958738 -11.30940716],[0.16587456 0.06804638]
2094,2.0939999999998804,[0.49036964 1.64918985],[0.31880533 2.54415809],[  0.22196058 -11.33862742],[0.16639365 0.06799851]
2095,2.0949999999998803,[0.49068867 1.65172267],[0.31902729 2.53281946],[  0.22433329 -11.36784155],[0.16691316 0.06795027]
2096,2.09599999999988,[0.49100792 1.65424412],[0.31925163 2.52145162],[  0.22670544 -11.39704864],[0.1674331  0.06790166]
2097,2.09699999999988,[0.4913274  1.65675417],[0.31947833 2.51005457],[  0.22907695 -11.42624775],[0.16795346 0.0678527 ]
2098,2.09799999999988,[0.49164711 1.6592528 ],[0.31970741 2.49862833],[  0.23144774 -11.45543797],[0.16847425 0.06780339]
2099,2.09899999999988,[0.49196704 1.66173998],[0.31993886 2.48717289],[  0.23381771 -11.48461839],[0.16899545 0.06775374]
2100,2.0999999999998797,[0.49228722 1.66421566],[0.32017268 2.47568827],[  0.2361868  -11.51378808],[0.16951708 0.06770376]
2101,2.1009999999998796,[0.49260763 1.66667984],[0.32040886 2.46417448],[  0.23855492 -11.54294614],[0.17003912 0.06765345]
2102,2.1019999999998795,[0.49292827 1.66913247],[0.32064742 2.45263154],[  0.24092199 -11.57209166],[0.17056158 0.06760282]
2103,2.1029999999998794,[0.49324916 1.67157353],[0.32088834 2.44105944],[  0.24328792 -11.60122372],[0.17108445 0.06755188]
2104,2.1039999999998793,[0.49357029 1.67400299],[0.32113163 2.42945822],[  0.24565265 -11.63034144],[0.17160774 0.06750064]
2105,2.104999999999879,[0.49389167 1.67642082],[0.32137728 2.41782788],[  0.24801608 -11.65944389],[0.17213143 0.06744911]
2106,2.105999999999879,[0.4942133  1.67882698],[0.3216253  2.40616843],[  0.25037813 -11.68853019],[0.17265554 0.06739729]
2107,2.106999999999879,[0.49453517 1.68122146],[0.32187567 2.3944799 ],[  0.25273873 -11.71759943],[0.17318006 0.06734518]
2108,2.107999999999879,[0.4948573  1.68360423],[0.32212841 2.38276231],[  0.2550978  -11.74665072],[0.17370499 0.06729281]
2109,2.1089999999998787,[0.49517968 1.68597524],[0.32238351 2.37101565],[  0.25745525 -11.77568315],[0.17423032 0.06724017]
2110,2.1099999999998786,[0.49550232 1.68833448],[0.32264097 2.35923997],[  0.25981101 -11.80469584],[0.17475606 0.06718727]
2111,2.1109999999998785,[0.49582523 1.69068192],[0.32290078 2.34743528],[  0.26216499 -11.83368789],[0.1752822  0.06713413]
2112,2.1119999999998784,[0.49614839 1.69301752],[0.32316294 2.33560159],[  0.26451713 -11.86265841],[0.17580875 0.06708074]
2113,2.1129999999998783,[0.49647182 1.69534126],[0.32342746 2.32373893],[  0.26686733 -11.8916065 ],[0.1763357  0.06702711]
2114,2.113999999999878,[0.49679551 1.69765311],[0.32369433 2.31184732],[  0.26921552 -11.92053128],[0.17686304 0.06697326]
2115,2.114999999999878,[0.49711947 1.69995303],[0.32396354 2.29992679],[  0.27156162 -11.94943186],[0.17739079 0.06691919]
2116,2.115999999999878,[0.49744371 1.70224101],[0.3242351  2.28797736],[  0.27390556 -11.97830735],[0.17791893 0.0668649 ]
2117,2.116999999999878,[0.49776822 1.70451701],[0.32450901 2.27599905],[  0.27624725 -12.00715686],[0.17844747 0.06681041]
2118,2.1179999999998778,[0.498093 1.706781],[0.32478526 2.2639919 ],[  0.27858662 -12.03597951],[0.1789764  0.06675572]
2119,2.1189999999998776,[0.49841807 1.70903296],[0.32506384 2.25195592],[  0.28092358 -12.0647744 ],[0.17950573 0.06670083]
2120,2.1199999999998775,[0.49874341 1.71127285],[0.32534477 2.23989114],[  0.28325807 -12.09354066],[0.18003545 0.06664577]
2121,2.1209999999998774,[0.49906904 1.71350064],[0.32562802 2.2277976 ],[  0.06405693 -63.24627798],[0. 0.]
2122,2.1219999999998773,[0.49939473 1.7156652 ],[0.32569208 2.16455132],[  0.07049135 -63.23341596],[0. 0.]
2123,2.122999999999877,[0.49972049 1.71776651],[0.32576257 2.10131791],[  0.07673475 -63.22081493],[0. 0.]
2124,2.123999999999877,[0.50004633 1.71980461],[0.32583931 2.03809709],[  0.0827875  -63.20848498],[0. 0.]
2125,2.124999999999877,[0.50037226 1.7217795 ],[0.32592209 1.97488861],[  0.08864999 -63.19643593],[0. 0.]
2126,2.125999999999877,[0.50069827 1.72369119],[0.32601074 1.91169217],[  0.09432262 -63.18467732],[0. 0.]
2127,2.1269999999998768,[0.50102437 1.7255397 ],[0.32610507 1.84850749],[  0.09980576 -63.17321841],[0. 0.]
2128,2.1279999999998767,[0.50135058 1.72732503],[0.32620487 1.78533428],[  0.10509981 -63.16206818],[0. 0.]
2129,2.1289999999998765,[0.50167689 1.72904721],[0.32630997 1.72217221],[  0.11020515 -63.15123534],[0. 0.]
2130,2.1299999999998764,[0.50200331 1.73070623],[0.32642018 1.65902097],[  0.11512214 -63.1407283 ],[0. 0.]
2131,2.1309999999998763,[0.50232984 1.73230211],[0.3265353  1.59588024],[  0.11985117 -63.13055519],[0. 0.]
2132,2.131999999999876,[0.5026565  1.73383486],[0.32665515 1.53274969],[  0.12439259 -63.12072384],[0. 0.]
2133,2.132999999999876,[0.50298328 1.73530449],[0.32677954 1.46962896],[  0.12874675 -63.1112418 ],[0. 0.]
2134,2.133999999999876,[0.50331018 1.736711  ],[0.32690829 1.40651772],[  0.13291402 -63.10211633],[0. 0.]
2135,2.134999999999876,[0.50363723 1.73805442],[0.3270412  1.34341561],[  0.13689471 -63.09335438],[0. 0.]
2136,2.1359999999998758,[0.5039644  1.73933474],[0.3271781  1.28032225],[  0.14068918 -63.08496262],[0. 0.]
2137,2.1369999999998757,[0.50429172 1.74055198],[0.32731879 1.21723729],[  0.14429773 -63.07694739],[0. 0.]
2138,2.1379999999998756,[0.50461919 1.74170614],[0.32746309 1.15416034],[  0.14772066 -63.06931477],[0. 0.]
2139,2.1389999999998754,[0.5049468  1.74279723],[0.32761081 1.09109103],[  0.15095829 -63.0620705 ],[0. 0.]
2140,2.1399999999998753,[0.50527456 1.74382526],[0.32776177 1.02802896],[  0.15401088 -63.05522002],[0. 0.]
2141,2.1409999999998752,[0.50560247 1.74479023],[0.32791578 0.96497374],[  0.15687871 -63.04876849],[0. 0.]
2142,2.141999999999875,[0.50593055 1.74569216],[0.32807266 0.90192497],[  0.15956204 -63.04272072],[0. 0.]
2143,2.142999999999875,[0.50625878 1.74653104],[0.32823222 0.83888225],[  0.1620611  -63.03708124],[0. 0.]
2144,2.143999999999875,[0.50658717 1.74730689],[0.32839428 0.77584517],[  0.16437613 -63.03185425],[0. 0.]
2145,2.144999999999875,[0.50691573 1.7480197 ],[0.32855865 0.71281331],[  0.16650734 -63.02704364],[0. 0.]
2146,2.1459999999998747,[0.50724446 1.74866948],[0.32872516 0.64978627],[  0.16845492 -63.02265298],[0. 0.]
2147,2.1469999999998746,[0.50757335 1.74925625],[0.32889362 0.58676362],[  0.17021906 -63.01868554],[0. 0.]
2148,2.1479999999998745,[0.50790241 1.74977999],[0.32906384 0.52374493],[  0.17179991 -63.01514424],[0. 0.]
2149,2.1489999999998743,[0.50823165 1.75024072],[0.32923564 0.46072979],[  0.17319764 -63.01203171],[0. 0.]
2150,2.1499999999998742,[0.50856106 1.75063844],[0.32940883 0.39771775],[  0.17441236 -63.00935024],[0. 0.]
2151,2.150999999999874,[0.50889064 1.75097315],[0.32958325 0.3347084 ],[  0.17544421 -63.0071018 ],[0. 0.]
2152,2.151999999999874,[0.5092204  1.75124485],[0.32975869 0.2717013 ],[  0.17629326 -63.00528806],[0. 0.]
2153,2.152999999999874,[0.50955034 1.75145355],[0.32993498 0.20869601],[  0.1769596  -63.00391033],[0. 0.]
2154,2.153999999999874,[0.50988045 1.75159924],[0.33011194 0.1456921 ],[  0.1774433  -63.00296963],[0. 0.]
2155,2.1549999999998737,[0.51021074 1.75168193],[0.33028939 0.08268913],[  0.17774439 -63.00246663],[0. 0.]
2156,2.1559999999998736,[0.5105412  1.75170161],[0.33046713 0.01968667],[  0.17786291 -63.00240169],[0. 0.]
2157,2.1569999999998735,[0.51087185 1.7516583 ],[ 0.33064499 -0.04331573],[  0.17779887 -63.00277485],[0. 0.]
2158,2.1579999999998734,[0.51120267 1.75155198],[ 0.33082279 -0.10631851],[  0.17755224 -63.0035858 ],[0. 0.]
2159,2.1589999999998732,[0.51153367 1.75138266],[ 0.33100034 -0.1693221 ],[  0.17712301 -63.00483393],[0. 0.]
2160,2.159999999999873,[0.51186485 1.75115033],[ 0.33117747 -0.23232693],[  0.17651113 -63.0065183 ],[0. 0.]
2161,2.160999999999873,[0.5121962 1.750855 ],[ 0.33135398 -0.29533345],[  0.17571654 -63.00863763],[0. 0.]
2162,2.161999999999873,[0.51252773 1.75049666],[ 0.3315297  -0.35834209],[  0.17473916 -63.01119035],[0. 0.]
2163,2.162999999999873,[0.51285944 1.7500753 ],[ 0.33170443 -0.42135328],[  0.17357888 -63.01417453],[0. 0.]
2164,2.1639999999998727,[0.51319132 1.74959093],[ 0.33187801 -0.48436745],[  0.1722356  -63.01758793],[0. 0.]
2165,2.1649999999998726,[0.51352337 1.74904355],[ 0.33205025 -0.54738504],[  0.17070918 -63.021428  ],[0. 0.]
2166,2.1659999999998725,[0.51385559 1.74843314],[ 0.33222096 -0.61040647],[  0.16899948 -63.02569186],[0. 0.]
2167,2.1669999999998724,[0.51418798 1.74775971],[ 0.33238996 -0.67343216],[  0.16710632 -63.03037631],[0. 0.]
2168,2.1679999999998723,[0.51452053 1.74702325],[ 0.33255706 -0.73646253],[  0.16502953 -63.03547782],[0. 0.]
2169,2.168999999999872,[0.51485326 1.74622375],[ 0.33272209 -0.79949801],[  0.16276891 -63.04099257],[0. 0.]
2170,2.169999999999872,[0.51518614 1.74536121],[ 0.33288486 -0.862539  ],[  0.16032425 -63.0469164 ],[0. 0.]
2171,2.170999999999872,[0.51551919 1.74443563],[ 0.33304519 -0.92558592],[  0.15769531 -63.05324484],[0. 0.]
2172,2.171999999999872,[0.51585239 1.74344699],[ 0.33320288 -0.98863917],[  0.15488185 -63.05997311],[0. 0.]
2173,2.1729999999998717,[0.51618575 1.74239529],[ 0.33335776 -1.05169914],[  0.15188363 -63.06709613],[0. 0.]
2174,2.1739999999998716,[0.51651926 1.74128052],[ 0.33350965 -1.11476623],[  0.14870036 -63.07460848],[0. 0.]
2175,2.1749999999998715,[0.51685292 1.74010268],[ 0.33365835 -1.17784084],[  0.14533177 -63.08250447],[0. 0.]
2176,2.1759999999998714,[0.51718672 1.73886176],[ 0.33380368 -1.24092335],[  0.14177755 -63.09077806],[0. 0.]
2177,2.1769999999998713,[0.51752066 1.73755774],[ 0.33394546 -1.30401413],[  0.13803741 -63.09942295],[0. 0.]
2178,2.177999999999871,[0.51785475 1.73619063],[ 0.33408349 -1.36711355],[  0.13411102 -63.10843251],[0. 0.]
2179,2.178999999999871,[0.51818897 1.73476041],[ 0.33421761 -1.43022198],[  0.12999806 -63.11779982],[0. 0.]
2180,2.179999999999871,[0.51852331 1.73326707],[ 0.3343476  -1.49333978],[  0.12569819 -63.12751766],[0. 0.]
2181,2.180999999999871,[0.51885779 1.7317106 ],[ 0.3344733 -1.5564673],[  0.12121105 -63.13757851],[0. 0.]
2182,2.1819999999998707,[0.51919238 1.730091  ],[ 0.33459451 -1.61960488],[  0.11653629 -63.14797456],[0. 0.]
2183,2.1829999999998706,[0.51952709 1.72840824],[ 0.33471105 -1.68275285],[  0.11167356 -63.15869771],[0. 0.]
2184,2.1839999999998705,[0.51986191 1.72666233],[ 0.33482272 -1.74591155],[  0.10662248 -63.16973957],[0. 0.]
2185,2.1849999999998704,[0.52019684 1.72485325],[ 0.33492934 -1.80908129],[  0.10138268 -63.18109146],[0. 0.]
2186,2.1859999999998703,[0.52053187 1.72298099],[ 0.33503073 -1.87226238],[  0.09595377 -63.19274441],[0. 0.]
2187,2.18699999999987,[0.520867   1.72104553],[ 0.33512668 -1.93545513],[  0.09033538 -63.20468918],[0. 0.]
2188,2.18799999999987,[0.52120222 1.71904687],[ 0.33521702 -1.99865981],[  0.08452712 -63.21691625],[0. 0.]
2189,2.18899999999987,[0.52153752 1.716985  ],[ 0.33530154 -2.06187673],[  0.0785286 -63.2294158],[0. 0.]
2190,2.18999999999987,[0.5218729  1.71485989],[ 0.33538007 -2.12510615],[  0.07233943 -63.24217775],[0. 0.]
2191,2.1909999999998697,[0.52220835 1.71267154],[ 0.33545241 -2.18834832],[  0.06595924 -63.25519176],[0. 0.]
2192,2.1919999999998696,[0.52254387 1.71041994],[ 0.33551837 -2.25160352],[ 5.93876313e-02 -6.32684472e+01],[0. 0.]
2193,2.1929999999998695,[0.52287945 1.70810507],[ 0.33557776 -2.31487196],[ 5.26242244e-02 -6.32819331e+01],[0. 0.]
2194,2.1939999999998694,[0.52321508 1.70572691],[ 0.33563038 -2.3781539 ],[ 4.56686426e-02 -6.32956384e+01],[0. 0.]
2195,2.1949999999998693,[0.52355076 1.70328546],[ 0.33567605 -2.44144953],[ 3.85205140e-02 -6.33095516e+01],[0. 0.]
2196,2.195999999999869,[0.52388647 1.7007807 ],[ 0.33571457 -2.50475909],[ 3.11794735e-02 -6.33236610e+01],[0. 0.]
2197,2.196999999999869,[0.52422222 1.69821262],[ 0.33574575 -2.56808275],[ 2.36451640e-02 -6.33379547e+01],[0. 0.]
2198,2.197999999999869,[0.52455798 1.6955812 ],[ 0.3357694 -2.6314207],[ 1.59172381e-02 -6.33524203e+01],[0. 0.]
2199,2.198999999999869,[0.52489377 1.69288643],[ 0.33578531 -2.69477312],[ 7.99535906e-03 -6.33670455e+01],[0. 0.]
2200,2.1999999999998687,[0.52522956 1.69012829],[ 0.33579331 -2.75814017],[-1.20797269e-04 -6.33818175e+01],[0. 0.]
2201,2.2009999999998686,[0.52556536 1.68730676],[ 0.33579319 -2.82152199],[-8.43154130e-03 -6.33967231e+01],[0. 0.]
2202,2.2019999999998685,[0.52590114 1.68442185],[ 0.33578476 -2.88491871],[-1.69371681e-02 -6.34117493e+01],[0. 0.]
2203,2.2029999999998684,[0.52623691 1.68147352],[ 0.33576782 -2.94833046],[-2.56379558e-02 -6.34268824e+01],[0. 0.]
2204,2.2039999999998683,[0.52657265 1.67846176],[ 0.33574218 -3.01175734],[-3.45341640e-02 -6.34421086e+01],[0. 0.]
2205,2.204999999999868,[0.52690836 1.67538656],[ 0.33570765 -3.07519945],[-4.36260323e-02 -6.34574138e+01],[0. 0.]
2206,2.205999999999868,[0.52724402 1.6722479 ],[ 0.33566402 -3.13865686],[-5.29137785e-02 -6.34727838e+01],[0. 0.]
2207,2.206999999999868,[0.52757963 1.66904577],[ 0.33561111 -3.20212965],[-6.23975967e-02 -6.34882039e+01],[0. 0.]
2208,2.207999999999868,[0.52791518 1.66578015],[ 0.33554871 -3.26561785],[ -0.07207766 -63.50365935],[0. 0.]
2209,2.2089999999998677,[0.52825066 1.66245103],[ 0.33547663 -3.32912151],[ -0.0819541  -63.51913494],[0. 0.]
2210,2.2099999999998676,[0.52858605 1.65905839],[ 0.33539468 -3.39264064],[ -0.09202704 -63.53461531],[0. 0.]
2211,2.2109999999998675,[0.52892136 1.65560222],[ 0.33530265 -3.45617526],[ -0.10229656 -63.55008481],[0. 0.]
2212,2.2119999999998674,[0.52925656 1.65208249],[ 0.33520035 -3.51972534],[ -0.1127627  -63.56552748],[0. 0.]
2213,2.2129999999998673,[0.52959164 1.6484992 ],[ 0.33508759 -3.58329087],[ -0.12342549 -63.58092711],[0. 0.]
2214,2.213999999999867,[0.52992661 1.64485233],[ 0.33496417 -3.6468718 ],[ -0.13428491 -63.59626721],[0. 0.]
2215,2.214999999999867,[0.53026144 1.64114186],[ 0.33482988 -3.71046807],[ -0.14534088 -63.61153098],[0. 0.]
2216,2.215999999999867,[0.53059612 1.63736778],[ 0.33468454 -3.7740796 ],[ -0.15659333 -63.62670136],[0. 0.]
2217,2.216999999999867,[0.53093065 1.63353007],[ 0.33452795 -3.8377063 ],[ -0.16804209 -63.64176095],[0. 0.]
2218,2.2179999999998667,[0.53126501 1.62962873],[ 0.33435991 -3.90134806],[ -0.17968699 -63.65669209],[0. 0.]
2219,2.2189999999998666,[0.53159919 1.62566372],[ 0.33418022 -3.96500475],[ -0.19152778 -63.67147678],[0. 0.]
2220,2.2199999999998665,[0.53193318 1.62163505],[ 0.33398869 -4.02867623],[ -0.2035642 -63.6860967],[0. 0.]
2221,2.2209999999998664,[0.53226697 1.61754268],[ 0.33378513 -4.09236233],[2.09811148e-02 2.14181056e+02],[0.23700727 0.3605967 ]
2222,2.2219999999998663,[0.53260077 1.6136645 ],[ 0.33380611 -3.87818127],[6.72923180e-02 2.06036535e+02],[0.23759712 0.35006104]
2223,2.222999999999866,[0.53293464 1.60999236],[ 0.3338734  -3.67214473],[1.09436478e-01 1.98176088e+02],[0.23818505 0.3398878 ]
2224,2.223999999999866,[0.53326863 1.60651839],[ 0.33398284 -3.47396865],[1.47753486e-01 1.90589283e+02],[0.23877126 0.33006436]
2225,2.224999999999866,[0.53360276 1.60323501],[ 0.33413059 -3.28337936],[1.82557647e-01 1.83266134e+02],[0.23935594 0.32057854]
2226,2.225999999999866,[0.53393707 1.6001349 ],[ 0.33431315 -3.10011323],[  0.21413951 176.19708123],[0.23993925 0.31141864]
2227,2.2269999999998658,[0.5342716  1.59721098],[ 0.33452729 -2.92391615],[  0.24276759 169.3729616 ],[0.24052136 0.30257338]
2228,2.2279999999998656,[0.53460637 1.59445644],[ 0.33477005 -2.75454319],[  0.26868992 162.78498954],[0.24110241 0.29403187]
2229,2.2289999999998655,[0.53494141 1.59186468],[ 0.33503874 -2.5917582 ],[  0.29213556 156.4247355 ],[0.24168253 0.28578363]
2230,2.2299999999998654,[0.53527674 1.58942935],[ 0.33533088 -2.43533346],[  0.31331596 150.28410715],[0.24226184 0.27781856]
2231,2.2309999999998653,[0.53561238 1.5871443 ],[ 0.3356442  -2.28504935],[  0.33242624 144.35533178],[0.24284044 0.2701269 ]
2232,2.231999999999865,[0.53594836 1.5850036 ],[ 0.33597662 -2.14069402],[  0.34964638 138.63094008],[0.24341845 0.26269926]
2233,2.232999999999865,[0.53628469 1.58300154],[ 0.33632627 -2.00206308],[  0.36514232 133.10375111],[0.24399594 0.25552656]
2234,2.233999999999865,[0.53662138 1.58113258],[ 0.33669141 -1.86895933],[  0.37906699 127.76685823],[0.24457301 0.24860007]
2235,2.234999999999865,[0.53695845 1.57939139],[ 0.33707048 -1.74119247],[  0.39156126 122.61361607],[0.24514973 0.24191133]
2236,2.2359999999998648,[0.53729591 1.57777281],[ 0.33746204 -1.61857886],[  0.40275485 117.6376284 ],[0.24572617 0.2354522 ]
2237,2.2369999999998647,[0.53763377 1.57627187],[ 0.33786479 -1.50094123],[  0.41276712 112.83273673],[0.24630238 0.22921481]
2238,2.2379999999998645,[0.53797205 1.57488376],[ 0.33827756 -1.38810849],[  0.42170788 108.19300967],[0.24687844 0.22319159]
2239,2.2389999999998644,[0.53831075 1.57360384],[ 0.33869927 -1.27991548],[  0.42967806 103.71273299],[0.24745438 0.21737521]
2240,2.2399999999998643,[0.53864988 1.57242764],[ 0.33912895 -1.17620275],[ 0.43677038 99.38640022],[0.24803026 0.21175859]
2241,2.240999999999864,[0.53898945 1.57135082],[ 0.33956572 -1.07681635],[ 0.44307    95.20870387],[0.24860612 0.2063349 ]
2242,2.241999999999864,[0.53932945 1.57036922],[ 0.34000879 -0.98160765],[ 0.44865504 91.1745271 ],[0.24918199 0.20109757]
2243,2.242999999999864,[0.53966991 1.56947878],[ 0.34045744 -0.89043312],[ 0.45359716 87.27893594],[0.24975791 0.19604022]
2244,2.243999999999864,[0.54001082 1.56867563],[ 0.34091104 -0.80315418],[ 0.45796198 83.51717185],[0.2503339  0.19115672]
2245,2.2449999999998638,[0.54035219 1.56795599],[ 0.341369   -0.71963701],[ 0.46180963 79.88464473],[0.25091    0.18644112]
2246,2.2459999999998637,[0.54069402 1.56731624],[ 0.34183081 -0.63975237],[ 0.46519508 76.37692632],[0.25148623 0.1818877 ]
2247,2.2469999999998636,[0.54103632 1.56675286],[ 0.34229601 -0.56337544],[ 0.4681686  72.98974385],[0.25206261 0.17749093]
2248,2.2479999999998634,[0.54137908 1.56626248],[ 0.34276418 -0.4903857 ],[ 0.47077609 69.71897413],[0.25263917 0.17324546]
2249,2.2489999999998633,[0.54172232 1.56584181],[ 0.34323495 -0.42066672],[ 0.47305943 66.56063779],[0.2532159  0.16914613]
2250,2.249999999999863,[0.54206603 1.56548771],[ 0.34370801 -0.35410608],[ 0.47505679 63.51089391],[0.25379284 0.16518796]
2251,2.250999999999863,[0.54241021 1.56519711],[ 0.34418307 -0.29059519],[ 0.47680291 60.56603486],[0.25436999 0.16136614]
2252,2.251999999999863,[0.54275487 1.56496708],[ 0.34465987 -0.23002916],[ 0.47832939 57.72248133],[0.25494736 0.15767601]
2253,2.252999999999863,[0.54310001 1.56479477],[ 0.3451382  -0.17230667],[ 0.47966491 54.97677767],[0.25552497 0.15411308]
2254,2.253999999999863,[0.54344562 1.56467744],[ 0.34561786 -0.1173299 ],[ 0.4808355  52.32558735],[0.25610282 0.15067303]
2255,2.2549999999998627,[0.54379172 1.56461244],[ 0.3460987  -0.06500431],[ 0.48186471 49.76568868],[0.25668092 0.14735165]
2256,2.2559999999998626,[0.5441383 1.5645972],[ 0.34658056 -0.01523862],[ 0.48277384 47.29397068],[0.25725927 0.14414491]
2257,2.2569999999998624,[0.54448537 1.56462926],[0.34706334 0.03205535],[ 0.48358211 44.9074291 ],[0.25783788 0.14104889]
2258,2.2579999999998623,[0.54483291 1.56470622],[0.34754692 0.07696278],[ 0.48430683 42.60316266],[0.25841675 0.13805982]
2259,2.2589999999998622,[0.54518095 1.56482579],[0.34803123 0.11956594],[ 0.48496355 40.37836938],[0.25899588 0.13517405]
2260,2.259999999999862,[0.54552946 1.56498573],[0.34851619 0.15994431],[ 0.48556622 38.23034312],[0.25957528 0.13238806]
2261,2.260999999999862,[0.54587846 1.5651839 ],[0.34900176 0.19817465],[ 0.48612732 36.15647018],[0.26015495 0.12969845]
2262,2.261999999999862,[0.54622795 1.56541824],[0.34948788 0.23433113],[ 0.48665797 34.1542261 ],[0.26073488 0.12710193]
2263,2.262999999999862,[0.54657793 1.56568672],[0.34997454 0.26848535],[ 0.48716807 32.22117254],[0.26131509 0.12459532]
2264,2.2639999999998617,[0.54692839 1.56598743],[0.35046171 0.30070652],[ 0.48766638 30.3549543 ],[0.26189556 0.12217557]
2265,2.2649999999998616,[0.54727934 1.56631849],[0.35094938 0.33106148],[ 0.48816062 28.55329642],[0.26247629 0.1198397 ]
2266,2.2659999999998615,[0.54763077 1.5666781 ],[0.35143754 0.35961477],[ 0.48865758 26.81400145],[0.2630573  0.11758486]
2267,2.2669999999998613,[0.5479827  1.56706453],[0.3519262  0.38642878],[ 0.48916319 25.13494674],[0.26363856 0.11540828]
2268,2.2679999999998612,[0.54833512 1.5674761 ],[0.35241536 0.41156372],[ 0.48968259 23.51408189],[0.26422009 0.11330729]
2269,2.268999999999861,[0.54868802 1.56791117],[0.35290504 0.4350778 ],[ 0.49022022 21.94942627],[0.26480187 0.11127932]
2270,2.269999999999861,[0.54904142 1.5683682 ],[0.35339526 0.45702723],[ 0.49077987 20.43906661],[0.26538392 0.10932187]
2271,2.270999999999861,[0.5493953  1.56884567],[0.35388604 0.4774663 ],[ 0.49136474 18.98115473],[0.26596621 0.10743254]
2272,2.271999999999861,[0.54974968 1.56934212],[0.35437741 0.49644745],[ 0.49197749 17.57390528],[0.26654876 0.10560899]
2273,2.2729999999998607,[0.55010455 1.56985614],[0.35486938 0.51402136],[ 0.49262032 16.21559363],[0.26713155 0.103849  ]
2274,2.2739999999998606,[0.55045991 1.57038637],[0.355362   0.53023695],[ 0.49329498 14.90455377],[0.2677146  0.10215039]
2275,2.2749999999998605,[0.55081577 1.57093151],[0.3558553 0.5451415],[ 0.49400283 13.63917632],[0.26829788 0.10051105]
2276,2.2759999999998604,[0.55117212 1.5714903 ],[0.3563493  0.55878068],[ 0.4947449  12.41790662],[0.2688814  0.09892898]
2277,2.2769999999998602,[0.55152896 1.57206149],[0.35684405 0.57119859],[ 0.49552187 11.23924285],[0.26946516 0.09740222]
2278,2.27799999999986,[0.5518863  1.57264393],[0.35733957 0.58243783],[ 0.49633416 10.10173425],[0.27004915 0.09592887]
2279,2.27899999999986,[0.55224414 1.57323647],[0.3578359  0.59253956],[0.49718194 9.00397936],[0.27063337 0.09450712]
2280,2.27999999999986,[0.55260247 1.57383802],[0.35833308 0.60154354],[0.49806514 7.94462437],[0.27121781 0.0931352 ]
2281,2.28099999999986,[0.5529613 1.5744475],[0.35883115 0.60948817],[0.49898351 6.92236149],[0.27180248 0.09181141]
2282,2.2819999999998597,[0.55332063 1.57506391],[0.35933013 0.61641053],[0.49993661 5.9359274 ],[0.27238736 0.09053412]
2283,2.2829999999998596,[0.55368046 1.57568626],[0.35983007 0.62234646],[0.50092386 4.98410172],[0.27297246 0.08930172]
2284,2.2839999999998595,[0.55404079 1.57631359],[0.36033099 0.62733056],[0.50194454 4.06570556],[0.27355777 0.08811269]
2285,2.2849999999998594,[0.55440162 1.57694499],[0.36083294 0.63139626],[0.5029978  3.17960015],[0.2741433  0.08696554]
2286,2.2859999999998593,[0.55476296 1.57757956],[0.36133594 0.63457587],[0.50408272 2.32468542],[0.27472902 0.08585886]
2287,2.286999999999859,[0.5551248  1.57821646],[0.36184002 0.63690055],[0.50519825 1.49989873],[0.27531495 0.08479124]
2288,2.287999999999859,[0.55548714 1.57885486],[0.36234522 0.63840045],[0.50634332 0.70421357],[0.27590108 0.08376137]
2289,2.288999999999859,[0.55585    1.57949397],[0.36285156 0.63910466],[ 0.50751676 -0.06336163],[0.27648741 0.08276795]
2290,2.289999999999859,[0.55621336 1.58013301],[0.36335908 0.6390413 ],[ 0.50871736 -0.80378472],[0.27707393 0.08180974]
2291,2.2909999999998587,[0.55657722 1.58077125],[0.36386779 0.63823752],[ 0.50994388 -1.51798093],[0.27766063 0.08088552]
2292,2.2919999999998586,[0.5569416  1.58140797],[0.36437774 0.63671954],[ 0.51119504 -2.20684403],[0.27824753 0.07999415]
2293,2.2929999999998585,[0.55730649 1.58204248],[0.36488893 0.63451269],[ 0.51246954 -2.87123735],[0.27883461 0.0791345 ]
2294,2.2939999999998584,[0.55767189 1.58267412],[0.3654014  0.63164145],[ 0.51376607 -3.51199484],[0.27942187 0.07830549]
2295,2.2949999999998583,[0.55803781 1.58330225],[0.36591517 0.62812946],[ 0.5150833  -4.12992205],[0.28000931 0.07750606]
2296,2.295999999999858,[0.55840424 1.58392625],[0.36643025 0.62399954],[ 0.51641991 -4.72579711],[0.28059693 0.07673522]
2297,2.296999999999858,[0.55877118 1.58454552],[0.36694667 0.61927374],[ 0.51777457 -5.30037163],[0.28118472 0.07599197]
2298,2.297999999999858,[0.55913865 1.5851595 ],[0.36746445 0.61397337],[ 0.51914596 -5.85437164],[0.28177268 0.07527539]
2299,2.298999999999858,[0.55950663 1.58576762],[0.36798359 0.608119  ],[ 0.52053278 -6.38849844],[0.28236081 0.07458455]
2300,2.2999999999998577,[0.55987514 1.58636935],[0.36850413 0.6017305 ],[ 0.52193372 -6.9034294 ],[0.28294911 0.07391859]
2301,2.3009999999998576,[0.56024416 1.58696417],[0.36902606 0.59482707],[ 0.52334752 -7.39981884],[0.28353757 0.07327664]
2302,2.3019999999998575,[0.56061371 1.5875516 ],[0.36954941 0.58742725],[ 0.52477291 -7.87829876],[0.28412619 0.07265789]
2303,2.3029999999998574,[0.56098379 1.58813115],[0.37007418 0.57954895],[ 0.52620867 -8.33947964],[0.28471497 0.07206155]
2304,2.3039999999998573,[0.56135439 1.58870236],[0.37060039 0.57120947],[ 0.52765357 -8.78395112],[0.2853039  0.07148684]
2305,2.304999999999857,[0.56172551 1.58926479],[0.37112804 0.56242552],[ 0.52910645 -9.21228275],[0.285893   0.07093304]
2306,2.305999999999857,[0.56209717 1.589818  ],[0.37165715 0.55321324],[ 0.53056613 -9.62502464],[0.28648224 0.07039943]
2307,2.306999999999857,[0.56246936 1.59036159],[0.37218771 0.54358821],[  0.5320315  -10.02270814],[0.28707163 0.06988531]
2308,2.307999999999857,[0.56284208 1.59089515],[0.37271975 0.53356551],[  0.53350145 -10.40584648],[0.28766118 0.06939002]
2309,2.3089999999998567,[0.56321533 1.59141831],[0.37325325 0.52315966],[  0.53497491 -10.77493537],[0.28825087 0.06891292]
2310,2.3099999999998566,[0.56358912 1.5919307 ],[0.37378822 0.51238472],[  0.53645085 -11.1304536 ],[0.2888407  0.06845339]
2311,2.3109999999998565,[0.56396344 1.59243195],[0.37432467 0.50125427],[  0.53792827 -11.47286361],[0.28943068 0.06801083]
2312,2.3119999999998564,[0.56433831 1.59292173],[0.3748626  0.48978141],[  0.53940618 -11.80261207],[0.2900208  0.06758465]
2313,2.3129999999998563,[0.56471371 1.59339971],[0.37540201 0.47797879],[  0.54088364 -12.12013036],[0.29061106 0.06717429]
2314,2.313999999999856,[0.56508965 1.59386557],[0.37594289 0.46585866],[  0.54235976 -12.42583517],[0.29120146 0.06677923]
2315,2.314999999999856,[0.56546614 1.594319  ],[0.37648525 0.45343283],[  0.54383363 -12.72012892],[0.29179199 0.06639893]
2316,2.315999999999856,[0.56584317 1.59475972],[0.37702908 0.4407127 ],[  0.54530442 -13.00340029],[0.29238266 0.06603288]
2317,2.316999999999856,[0.56622074 1.59518742],[0.37757439 0.4277093 ],[  0.54677132 -13.27602468],[0.29297346 0.06568062]
2318,2.3179999999998557,[0.56659886 1.59560186],[0.37812116 0.41443327],[  0.54823353 -13.53836464],[0.29356439 0.06534165]
2319,2.3189999999998556,[0.56697753 1.59600275],[0.37866939 0.40089491],[  0.5496903  -13.79077034],[0.29415546 0.06501553]
2320,2.3199999999998555,[0.56735675 1.59638986],[0.37921908 0.38710414],[  0.5511409  -14.03357997],[0.29474665 0.06470182]
2321,2.3209999999998554,[0.56773652 1.59676293],[0.37977022 0.37307056],[  0.55258464 -14.26712013],[0.29533797 0.0644001 ]
2322,2.3219999999998553,[0.56811684 1.59712173],[0.38032281 0.35880344],[  0.55402085 -14.49170628],[0.29592941 0.06410995]
2323,2.322999999999855,[0.56849772 1.59746604],[0.38087683 0.34431173],[  0.55544889 -14.70764305],[0.29652098 0.06383099]
2324,2.323999999999855,[0.56887915 1.59779565],[0.38143228 0.32960409],[  0.55686816 -14.91522466],[0.29711268 0.06356282]
2325,2.324999999999855,[0.56926114 1.59811034],[0.38198915 0.31468887],[  0.55827806 -15.11473524],[0.29770449 0.06330509]
2326,2.325999999999855,[0.56964369 1.59840991],[0.38254743 0.29957413],[  0.55967804 -15.3064492 ],[0.29829643 0.06305743]
2327,2.3269999999998547,[0.5700268  1.59869418],[0.3831071  0.28426768],[  0.56106757 -15.49063154],[0.29888849 0.0628195 ]
2328,2.3279999999998546,[0.57041046 1.59896295],[0.38366817 0.26877705],[  0.56244613 -15.66753819],[0.29948066 0.06259097]
2329,2.3289999999998545,[0.5707947  1.59921606],[0.38423062 0.25310951],[  0.56381326 -15.83741627],[0.30007295 0.06237152]
2330,2.3299999999998544,[0.57117949 1.59945334],[0.38479443 0.2372721 ],[  0.56516848 -16.00050447],[0.30066536 0.06216084]
2331,2.3309999999998543,[0.57156485 1.59967461],[0.3853596  0.22127159],[  0.56651136 -16.15703327],[0.30125789 0.06195863]
2332,2.331999999999854,[0.57195078 1.59987972],[0.38592611 0.20511456],[  0.56784149 -16.30722523],[0.30185052 0.06176459]
2333,2.332999999999854,[0.57233727 1.60006853],[0.38649395 0.18880733],[  0.56915847 -16.45129529],[0.30244328 0.06157846]
2334,2.333999999999854,[0.57272433 1.60024089],[0.38706311 0.17235604],[  0.57046194 -16.58945101],[0.30303614 0.06139996]
2335,2.334999999999854,[0.57311197 1.60039665],[0.38763357 0.15576659],[  0.57175154 -16.72189281],[0.30362911 0.06122883]
2336,2.3359999999998537,[0.57350017 1.6005357 ],[0.38820532 0.13904469],[  0.57302694 -16.84881421],[0.3042222  0.06106482]
2337,2.3369999999998536,[0.57388895 1.60065789],[0.38877835 0.12219588],[  0.57428782 -16.97040212],[0.30481539 0.06090769]
2338,2.3379999999998535,[0.5742783  1.60076312],[0.38935264 0.10522548],[  0.5755339  -17.08683697],[0.30540869 0.0607572 ]
2339,2.3389999999998534,[0.57466823 1.60085126],[0.38992817 0.08813864],[  0.57676488 -17.19829303],[0.3060021  0.06061313]
2340,2.3399999999998533,[0.57505874 1.6009222 ],[0.39050494 0.07094035],[  0.57798052 -17.30493854],[0.30659562 0.06047525]
2341,2.340999999999853,[0.57544982 1.60097583],[0.39108292 0.05363541],[  0.57918057 -17.40693596],[0.30718924 0.06034336]
2342,2.341999999999853,[0.57584148 1.60101206],[0.3916621  0.03622847],[  0.58036479 -17.50444217],[0.30778296 0.06021725]
2343,2.342999999999853,[0.57623372 1.60103078],[0.39224246 0.01872403],[  0.58153298 -17.59760862],[0.30837679 0.06009673]
2344,2.343999999999853,[0.57662655 1.60103191],[0.392824   0.00112642],[  0.58268494 -17.68658155],[0.30897072 0.0599816 ]
2345,2.3449999999998528,[0.57701995 1.60101535],[ 0.39340668 -0.01656016],[  0.58382047 -17.77150217],[0.30956475 0.05987168]
2346,2.3459999999998526,[0.57741394 1.60098102],[ 0.3939905  -0.03433166],[  0.58493941 -17.85250678],[0.31015888 0.05976679]
2347,2.3469999999998525,[0.57780852 1.60092884],[ 0.39457544 -0.05218417],[  0.5860416  -17.92972703],[0.31075311 0.05966676]
2348,2.3479999999998524,[0.57820368 1.60085872],[ 0.39516148 -0.0701139 ],[  0.5871269  -18.00328998],[0.31134744 0.05957143]
2349,2.3489999999998523,[0.57859943 1.6007706 ],[ 0.39574861 -0.08811719],[  0.58819515 -18.07331831],[0.31194187 0.05948063]
2350,2.349999999999852,[0.57899577 1.60066441],[ 0.3963368 -0.1061905],[  0.58924625 -18.13993048],[0.3125364  0.05939422]
2351,2.350999999999852,[0.57939269 1.60054008],[ 0.39692605 -0.12433043],[  0.59028008 -18.20324082],[0.31313102 0.05931203]
2352,2.351999999999852,[0.57979021 1.60039755],[ 0.39751633 -0.14253368],[  0.59129654 -18.26335974],[0.31372574 0.05923393]
2353,2.352999999999852,[0.58018832 1.60023675],[ 0.39810763 -0.16079704],[  0.59229553 -18.32039381],[0.31432055 0.05915978]
2354,2.3539999999998518,[0.58058702 1.60005764],[ 0.39869992 -0.17911743],[  0.59327698 -18.3744459 ],[0.31491546 0.05908944]
2355,2.3549999999998517,[0.58098631 1.59986014],[ 0.3992932  -0.19749188],[  0.5942408  -18.42561532],[0.31551046 0.05902278]
2356,2.3559999999998515,[0.5813862  1.59964423],[ 0.39988744 -0.21591749],[  0.59518694 -18.47399795],[0.31610556 0.05895967]
2357,2.3569999999998514,[0.58178668 1.59940983],[ 0.40048263 -0.23439149],[  0.59611533 -18.51968633],[0.31670074 0.05890001]
2358,2.3579999999998513,[0.58218776 1.59915692],[ 0.40107874 -0.25291117],[  0.59702594 -18.56276979],[0.31729602 0.05884366]
2359,2.358999999999851,[0.58258943 1.59888545],[ 0.40167577 -0.27147394],[  0.59791871 -18.60333456],[0.31789138 0.05879051]
2360,2.359999999999851,[0.58299171 1.59859537],[ 0.40227369 -0.29007728],[  0.59879362 -18.64146386],[0.31848684 0.05874045]
2361,2.360999999999851,[0.58339458 1.59828665],[ 0.40287248 -0.30871874],[  0.59965064 -18.67723804],[0.31908238 0.05869339]
2362,2.361999999999851,[0.58379805 1.59795926],[ 0.40347213 -0.32739598],[  0.60048974 -18.71073463],[0.31967801 0.05864921]
2363,2.3629999999998508,[0.58420212 1.59761315],[ 0.40407262 -0.34610672],[  0.60131093 -18.74202847],[0.32027373 0.05860782]
2364,2.3639999999998507,[0.5846068 1.5972483],[ 0.40467393 -0.36484874],[  0.60211418 -18.77119178],[0.32086953 0.05856912]
2365,2.3649999999998506,[0.58501207 1.59686468],[ 0.40527605 -0.38361994],[  0.60289951 -18.79829429],[0.32146542 0.05853301]
2366,2.3659999999998504,[0.58541795 1.59646226],[ 0.40587895 -0.40241823],[  0.60366691 -18.82340327],[0.32206139 0.05849942]
2367,2.3669999999998503,[0.58582444 1.59604102],[ 0.40648261 -0.42124163],[  0.60441639 -18.84658365],[0.32265745 0.05846825]
2368,2.3679999999998502,[0.58623152 1.59560093],[ 0.40708703 -0.44008822],[  0.60514797 -18.86789807],[0.32325359 0.05843942]
2369,2.36899999999985,[0.58663922 1.59514198],[ 0.40769218 -0.45895612],[  0.60586167 -18.88740702],[0.32384981 0.05841284]
2370,2.36999999999985,[0.58704751 1.59466413],[ 0.40829804 -0.47784352],[  0.60655752 -18.90516884],[0.32444611 0.05838845]
2371,2.37099999999985,[0.58745642 1.59416739],[ 0.4089046  -0.49674869],[  0.60723553 -18.92123984],[0.3250425  0.05836616]
2372,2.37199999999985,[0.58786593 1.59365172],[ 0.40951183 -0.51566993],[  0.60789576 -18.93567434],[0.32563896 0.05834591]
2373,2.3729999999998497,[0.58827605 1.59311711],[ 0.41011973 -0.53460561],[  0.60853823 -18.94852477],[0.32623551 0.05832762]
2374,2.3739999999998496,[0.58868678 1.59256356],[ 0.41072827 -0.55355413],[  0.60916299 -18.95984171],[0.32683213 0.05831122]
2375,2.3749999999998495,[0.58909812 1.59199104],[ 0.41133743 -0.57251397],[  0.60977008 -18.96967397],[0.32742882 0.05829664]
2376,2.3759999999998493,[0.58951006 1.59139956],[ 0.4119472  -0.59148365],[  0.61035955 -18.97806864],[0.3280256  0.05828384]
2377,2.3769999999998492,[0.58992262 1.5907891 ],[ 0.41255756 -0.61046171],[  0.61093145 -18.98507114],[0.32862245 0.05827273]
2378,2.377999999999849,[0.59033579 1.59015965],[ 0.41316849 -0.62944679],[  0.61148584 -18.99072529],[0.32921938 0.05826326]
2379,2.378999999999849,[0.59074957 1.58951121],[ 0.41377998 -0.64843751],[  0.61202278 -18.99507339],[0.32981638 0.05825538]
2380,2.379999999999849,[0.59116396 1.58884378],[ 0.414392   -0.66743258],[  0.61254233 -18.99815622],[0.33041345 0.05824903]
2381,2.380999999999849,[0.59157897 1.58815735],[ 0.41500454 -0.68643074],[  0.61304455 -19.00001311],[0.3310106  0.05824415]
2382,2.3819999999998487,[0.59199458 1.58745192],[ 0.41561759 -0.70543075],[  0.61352951 -19.00068203],[0.33160781 0.0582407 ]
2383,2.3829999999998486,[0.59241081 1.58672749],[ 0.41623112 -0.72443144],[  0.61399729 -19.00019958],[0.3322051  0.05823861]
2384,2.3839999999998485,[0.59282766 1.58598405],[ 0.41684511 -0.74343164],[  0.61444794 -18.99860108],[0.33280246 0.05823785]
2385,2.3849999999998484,[0.59324512 1.58522162],[ 0.41745956 -0.76243024],[  0.61488156 -18.99592057],[0.33339989 0.05823836]
2386,2.3859999999998482,[0.59366319 1.5844402 ],[ 0.41807444 -0.78142616],[  0.61529821 -18.9921909 ],[0.33399739 0.0582401 ]
2387,2.386999999999848,[0.59408188 1.58363978],[ 0.41868974 -0.80041835],[  0.61569798 -18.98744375],[0.33459495 0.05824302]
2388,2.387999999999848,[0.59450119 1.58282037],[ 0.41930544 -0.81940579],[  0.61608094 -18.98170966],[0.33519258 0.05824708]
2389,2.388999999999848,[0.59492111 1.58198199],[ 0.41992152 -0.8383875 ],[  0.61644719 -18.9750181 ],[0.33579028 0.05825225]
2390,2.389999999999848,[0.59534165 1.58112462],[ 0.42053797 -0.85736252],[  0.6167968  -18.96739746],[0.33638805 0.05825846]
2391,2.3909999999998477,[0.5957628  1.58024829],[ 0.42115476 -0.87632992],[  0.61712986 -18.95887515],[0.33698587 0.0582657 ]
2392,2.3919999999998476,[0.59618457 1.57935301],[ 0.42177189 -0.89528879],[  0.61744647 -18.94947756],[0.33758377 0.05827392]
2393,2.3929999999998475,[0.59660696 1.57843877],[ 0.42238934 -0.91423827],[  0.61774672 -18.93923016],[0.33818172 0.05828308]
2394,2.3939999999998474,[0.59702997 1.57750559],[ 0.42300709 -0.9331775 ],[  0.61803069 -18.9281575 ],[0.33877974 0.05829315]
2395,2.3949999999998473,[0.5974536  1.57655348],[ 0.42362512 -0.95210566],[  0.61829849 -18.91628325],[0.33937781 0.05830409]
2396,2.395999999999847,[0.59787784 1.57558246],[ 0.42424342 -0.97102194],[  0.6185502  -18.90363022],[0.33997595 0.05831587]
2397,2.396999999999847,[0.5983027  1.57459254],[ 0.42486197 -0.98992557],[  0.61878594 -18.8902204 ],[0.34057415 0.05832846]
2398,2.397999999999847,[0.59872818 1.57358372],[ 0.42548075 -1.00881579],[  0.61900578 -18.87607499],[0.3411724  0.05834182]
2399,2.398999999999847,[0.59915428 1.57255603],[ 0.42609976 -1.02769187],[  0.61920985 -18.86121443],[0.34177072 0.05835593]
2400,2.3999999999998467,[0.599581   1.57150948],[ 0.42671897 -1.04655308],[  0.61939824 -18.84565839],[0.34236909 0.05837075]
2401,2.4009999999998466,[0.60000834 1.57044408],[ 0.42733837 -1.06539874],[  0.61957105 -18.82942588],[0.34296752 0.05838625]
2402,2.4019999999998465,[0.6004363  1.56935985],[ 0.42795794 -1.08422816],[  0.61972839 -18.81253516],[0.343566   0.05840241]
2403,2.4029999999998464,[0.60086487 1.56825681],[ 0.42857767 -1.1030407 ],[  0.61987036 -18.79500387],[0.34416453 0.0584192 ]
2404,2.4039999999998463,[0.60129407 1.56713497],[ 0.42919754 -1.1218357 ],[  0.61999708 -18.776849  ],[0.34476312 0.05843659]
2405,2.404999999999846,[0.60172389 1.56599436],[ 0.42981753 -1.14061255],[  0.62010866 -18.75808689],[0.34536176 0.05845455]
2406,2.405999999999846,[0.60215433 1.56483499],[ 0.43043764 -1.15937064],[  0.62020519 -18.73873332],[0.34596046 0.05847307]
2407,2.406999999999846,[0.60258539 1.56365688],[ 0.43105785 -1.17810937],[  0.6202868  -18.71880348],[0.3465592  0.05849212]
2408,2.407999999999846,[0.60301706 1.56246005],[ 0.43167813 -1.19682818],[  0.6203536  -18.69831199],[0.34715799 0.05851166]
2409,2.4089999999998457,[0.60344936 1.56124453],[ 0.43229849 -1.21552649],[  0.6204057  -18.67727295],[0.34775684 0.05853169]
2410,2.4099999999998456,[0.60388228 1.56001032],[ 0.43291889 -1.23420376],[  0.62044322 -18.65569993],[0.34835573 0.05855217]
2411,2.4109999999998455,[0.60431582 1.55875746],[ 0.43353934 -1.25285946],[  0.62046627 -18.63360601],[0.34895466 0.05857308]
2412,2.4119999999998454,[0.60474998 1.55748597],[ 0.4341598  -1.27149307],[  0.62047498 -18.61100378],[0.34955365 0.05859441]
2413,2.4129999999998453,[0.60518476 1.55619587],[ 0.43478028 -1.29010407],[  0.62046945 -18.58790537],[0.35015268 0.05861613]
2414,2.413999999999845,[0.60562016 1.55488717],[ 0.43540075 -1.30869198],[  0.62044982 -18.56432245],[0.35075175 0.05863822]
2415,2.414999999999845,[0.60605618 1.55355992],[ 0.4360212 -1.3272563],[  0.6204162  -18.54026626],[0.35135087 0.05866066]
2416,2.415999999999845,[0.60649282 1.55221412],[ 0.43664161 -1.34579657],[  0.62036871 -18.51574763],[0.35195002 0.05868343]
2417,2.416999999999845,[0.60693009 1.55084981],[ 0.43726198 -1.36431231],[  0.62030748 -18.49077698],[0.35254922 0.05870652]
2418,2.4179999999998447,[0.60736797 1.549467  ],[ 0.43788229 -1.38280309],[  0.62023263 -18.46536434],[0.35314846 0.05872989]
2419,2.4189999999998446,[0.60780647 1.54806574],[ 0.43850252 -1.40126845],[  0.62014428 -18.43951936],[0.35374774 0.05875355]
2420,2.4199999999998445,[0.60824559 1.54664603],[ 0.43912267 -1.41970797],[  0.62004258 -18.41325135],[0.35434706 0.05877746]
2421,2.4209999999998444,[0.60868534 1.54520791],[ 0.43974271 -1.43812122],[  0.61992763 -18.38656924],[0.35494642 0.05880162]
2422,2.4219999999998443,[0.6091257 1.5437514],[ 0.44036264 -1.45650779],[  0.61979958 -18.35948164],[0.35554581 0.05882599]
2423,2.422999999999844,[0.60956668 1.54227653],[ 0.44098244 -1.47486728],[  0.61965855 -18.33199684],[0.35614524 0.05885058]
2424,2.423999999999844,[0.61000828 1.54078333],[ 0.44160209 -1.49319927],[  0.61950467 -18.30412279],[0.3567447  0.05887535]
2425,2.424999999999844,[0.6104505  1.53927183],[ 0.4422216 -1.5115034],[  0.61933807 -18.27586718],[0.3573442 0.0589003]
2426,2.425999999999844,[0.61089335 1.53774205],[ 0.44284094 -1.52977926],[  0.61915889 -18.24723738],[0.35794373 0.05892541]
2427,2.4269999999998437,[0.61133681 1.53619402],[ 0.4434601 -1.5480265],[  0.61896727 -18.21824047],[0.35854329 0.05895066]
2428,2.4279999999998436,[0.61178088 1.53462778],[ 0.44407906 -1.56624474],[  0.61876333 -18.18888329],[0.35914288 0.05897604]
2429,2.4289999999998435,[0.61222558 1.53304335],[ 0.44469783 -1.58443362],[  0.61854722 -18.1591724 ],[0.3597425  0.05900153]
2430,2.4299999999998434,[0.6126709  1.53144075],[ 0.44531637 -1.6025928 ],[  0.61831907 -18.1291141 ],[0.36034215 0.05902713]
2431,2.4309999999998433,[0.61311683 1.52982003],[ 0.44593469 -1.62072191],[  0.61807903 -18.09871447],[0.36094183 0.05905281]
2432,2.431999999999843,[0.61356339 1.52818121],[ 0.44655277 -1.63882062],[  0.61782722 -18.06797935],[0.36154153 0.05907855]
2433,2.432999999999843,[0.61401056 1.52652432],[ 0.4471706 -1.6568886],[  0.6175638  -18.03691433],[0.36214126 0.05910436]
2434,2.433999999999843,[0.61445835 1.5248494 ],[ 0.44778816 -1.67492552],[  0.6172889  -18.00552482],[0.36274101 0.05913021]
2435,2.434999999999843,[0.61490675 1.52315646],[ 0.44840545 -1.69293104],[  0.61700267 -17.973816  ],[0.36334079 0.05915609]
2436,2.4359999999998427,[0.61535577 1.52144556],[ 0.44902245 -1.71090486],[  0.61670526 -17.94179285],[0.36394059 0.05918199]
2437,2.4369999999998426,[0.61580541 1.51971671],[ 0.44963916 -1.72884665],[  0.6163968  -17.90946016],[0.36454041 0.0592079 ]
2438,2.4379999999998425,[0.61625567 1.51796996],[ 0.45025556 -1.74675611],[  0.61607745 -17.87682253],[0.36514025 0.05923379]
2439,2.4389999999998424,[0.61670654 1.51620532],[ 0.45087163 -1.76463293],[  0.61574735 -17.84388437],[0.3657401  0.05925966]
2440,2.4399999999998423,[0.61715803 1.51442285],[ 0.45148738 -1.78247682],[  0.61540666 -17.81064995],[0.36633998 0.0592855 ]
2441,2.440999999999842,[0.61761013 1.51262256],[ 0.45210279 -1.80028747],[  0.61505552 -17.77712333],[0.36693987 0.0593113 ]
2442,2.441999999999842,[0.61806285 1.5108045 ],[ 0.45271784 -1.81806459],[  0.61469408 -17.74330844],[0.36753978 0.05933704]
2443,2.442999999999842,[0.61851618 1.50896869],[ 0.45333254 -1.8358079 ],[  0.6143225  -17.70920904],[0.36813971 0.05936271]
2444,2.443999999999842,[0.61897013 1.50711517],[ 0.45394686 -1.85351711],[  0.61394093 -17.67482875],[0.36873964 0.05938829]
2445,2.4449999999998417,[0.61942469 1.50524398],[ 0.4545608  -1.87119194],[  0.61354953 -17.64017105],[0.36933959 0.05941379]
2446,2.4459999999998416,[0.61987986 1.50335515],[ 0.45517435 -1.88883211],[  0.61314845 -17.60523925],[0.36993955 0.05943918]
2447,2.4469999999998415,[0.62033565 1.50144871],[ 0.4557875  -1.90643735],[  0.61273786 -17.57003658],[0.37053953 0.05946445]
2448,2.4479999999998414,[0.62079205 1.4995247 ],[ 0.45640024 -1.92400739],[  0.6123179  -17.53456609],[0.3711395 0.0594896]
2449,2.4489999999998413,[0.62124906 1.49758316],[ 0.45701255 -1.94154195],[  0.61188873 -17.49883075],[0.37173949 0.05951461]
2450,2.449999999999841,[0.62170669 1.49562412],[ 0.45762444 -1.95904078],[  0.61145053 -17.46283338],[0.37233949 0.05953947]
2451,2.450999999999841,[0.62216492 1.49364762],[ 0.45823589 -1.97650362],[  0.61100345 -17.42657671],[0.37293949 0.05956417]
2452,2.451999999999841,[0.62262377 1.49165369],[ 0.4588469  -1.99393019],[  0.61054766 -17.39006334],[0.37353949 0.0595887 ]
2453,2.452999999999841,[0.62308323 1.48964236],[ 0.45945744 -2.01132026],[  0.61008331 -17.35329578],[0.37413949 0.05961305]
2454,2.4539999999998408,[0.62354329 1.48761369],[ 0.46006753 -2.02867355],[  0.60961058 -17.31627644],[0.3747395 0.0596372]
2455,2.4549999999998406,[0.62400397 1.4855677 ],[ 0.46067714 -2.04598983],[  0.60912963 -17.27900762],[0.37533951 0.05966116]
2456,2.4559999999998405,[0.62446526 1.48350443],[ 0.46128627 -2.06326884],[  0.60864064 -17.24149153],[0.37593952 0.0596849 ]
2457,2.4569999999998404,[0.62492715 1.48142392],[ 0.46189491 -2.08051033],[  0.60814376 -17.20373032],[0.37653953 0.05970841]
2458,2.4579999999998403,[0.62538966 1.47932621],[ 0.46250305 -2.09771406],[  0.60763917 -17.165726  ],[0.37713953 0.05973169]
2459,2.45899999999984,[0.62585277 1.47721133],[ 0.46311069 -2.11487978],[  0.60712705 -17.12748054],[0.37773953 0.05975473]
2460,2.45999999999984,[0.62631648 1.47507932],[ 0.46371782 -2.13200726],[  0.60660757 -17.08899583],[0.37833952 0.05977751]
2461,2.46099999999984,[0.62678081 1.47293022],[ 0.46432443 -2.14909626],[  0.60608089 -17.05027365],[0.37893951 0.05980002]
2462,2.46199999999984,[0.62724574 1.47076408],[ 0.46493051 -2.16614653],[  0.6055472  -17.01131574],[0.37953949 0.05982226]
2463,2.4629999999998398,[0.62771128 1.46858092],[ 0.46553605 -2.18315785],[  0.60500668 -16.97212377],[0.38013946 0.05984422]
2464,2.4639999999998397,[0.62817742 1.46638079],[ 0.46614106 -2.20012997],[  0.60445949 -16.93269932],[0.38073941 0.05986588]
2465,2.4649999999998395,[0.62864416 1.46416373],[ 0.46674552 -2.21706267],[  0.60390583 -16.89304393],[0.38133936 0.05988723]
2466,2.4659999999998394,[0.62911151 1.46192977],[ 0.46734943 -2.23395572],[  0.60334587 -16.85315906],[0.38193929 0.05990827]
2467,2.4669999999998393,[0.62957946 1.45967896],[ 0.46795277 -2.25080888],[  0.60277979 -16.81304613],[0.38253921 0.05992898]
2468,2.467999999999839,[0.63004802 1.45741134],[ 0.46855555 -2.26762192],[  0.60220777 -16.77270649],[0.38313912 0.05994936]
2469,2.468999999999839,[0.63051718 1.45512695],[ 0.46915776 -2.28439463],[  0.60163001 -16.73214143],[0.383739   0.05996939]
2470,2.469999999999839,[0.63098694 1.45282582],[ 0.46975939 -2.30112677],[  0.60104668 -16.69135222],[0.38433887 0.05998907]
2471,2.470999999999839,[0.6314573 1.450508 ],[ 0.47036044 -2.31781812],[  0.60045798 -16.65034004],[0.38493872 0.06000838]
2472,2.4719999999998388,[0.63192826 1.44817353],[ 0.47096089 -2.33446846],[  0.59986409 -16.60910606],[0.38553854 0.06002732]
2473,2.4729999999998387,[0.63239982 1.44582246],[ 0.47156076 -2.35107757],[  0.59926519 -16.56765138],[0.38613835 0.06004587]
2474,2.4739999999998386,[0.63287198 1.44345481],[ 0.47216002 -2.36764522],[  0.59866149 -16.52597708],[0.38673812 0.06006403]
2475,2.4749999999998384,[0.63334474 1.44107064],[ 0.47275869 -2.3841712 ],[  0.59805317 -16.48408417],[0.38733788 0.06008179]
2476,2.4759999999998383,[0.63381809 1.43866998],[ 0.47335674 -2.40065528],[  0.59744042 -16.44197365],[0.38793761 0.06009913]
2477,2.476999999999838,[0.63429205 1.43625289],[ 0.47395418 -2.41709725],[  0.59682344 -16.39964647],[0.38853731 0.06011604]
2478,2.477999999999838,[0.6347666  1.43381939],[ 0.474551  -2.4334969],[  0.59620242 -16.35710354],[0.38913697 0.06013253]
2479,2.478999999999838,[0.63524175 1.43136954],[ 0.4751472 -2.449854 ],[  0.59557757 -16.31434576],[0.38973661 0.06014857]
2480,2.479999999999838,[0.63571749 1.42890337],[ 0.47574278 -2.46616835],[  0.59494907 -16.27137396],[0.39033622 0.06016416]
2481,2.480999999999838,[0.63619383 1.42642093],[ 0.47633773 -2.48243972],[  0.59431713 -16.22818898],[0.39093579 0.06017928]
2482,2.4819999999998377,[0.63667076 1.42392226],[ 0.47693205 -2.49866791],[  0.59368194 -16.18479161],[0.39153533 0.06019394]
2483,2.4829999999998376,[0.63714829 1.42140741],[ 0.47752573 -2.5148527 ],[  0.59304371 -16.14118262],[0.39213483 0.06020811]
2484,2.4839999999998374,[0.6376264  1.41887641],[ 0.47811877 -2.53099389],[  0.59240264 -16.09736275],[0.39273429 0.06022179]
2485,2.4849999999998373,[0.63810512 1.41632932],[ 0.47871118 -2.54709125],[  0.59175892 -16.05333272],[0.39333371 0.06023497]
2486,2.4859999999998372,[0.63858442 1.41376618],[ 0.47930294 -2.56314458],[  0.59111278 -16.00909323],[0.39393309 0.06024764]
2487,2.486999999999837,[0.63906431 1.41118702],[ 0.47989405 -2.57915368],[  0.59046441 -15.96464496],[0.39453243 0.06025979]
2488,2.487999999999837,[0.6395448  1.40859191],[ 0.48048451 -2.59511832],[  0.58981401 -15.91998856],[0.39513173 0.06027141]
2489,2.488999999999837,[0.64002587 1.40598087],[ 0.48107433 -2.61103831],[  0.5891618  -15.87512467],[0.39573097 0.06028249]
2490,2.489999999999837,[0.64050753 1.40335395],[ 0.48166349 -2.62691343],[  0.58850799 -15.83005392],[0.39633018 0.06029302]
2491,2.4909999999998367,[0.64098979 1.40071121],[ 0.482252   -2.64274349],[  0.58785278 -15.78477691],[0.39692933 0.06030299]
2492,2.4919999999998366,[0.64147263 1.39805268],[ 0.48283985 -2.65852826],[  0.58719638 -15.73929422],[0.39752843 0.06031239]
2493,2.4929999999998365,[0.64195605 1.39537841],[ 0.48342705 -2.67426756],[  0.58653901 -15.69360645],[0.39812748 0.06032122]
2494,2.4939999999998363,[0.64244007 1.39268845],[ 0.48401358 -2.68996117],[  0.58588088 -15.64771415],[0.39872648 0.06032945]
2495,2.4949999999998362,[0.64292467 1.38998284],[ 0.48459947 -2.70560888],[  0.5852222  -15.60161788],[0.39932542 0.06033709]
2496,2.495999999999836,[0.64340985 1.38726163],[ 0.48518469 -2.7212105 ],[  0.58456319 -15.55531818],[0.3999243  0.06034412]
2497,2.496999999999836,[0.64389562 1.38452487],[ 0.48576925 -2.73676582],[  0.58390407 -15.50881558],[0.40052313 0.06035054]
2498,2.497999999999836,[0.64438197 1.38177259],[ 0.48635316 -2.75227463],[  0.58324504 -15.46211062],[0.40112189 0.06035633]
2499,2.498999999999836,[0.64486891 1.37900486],[ 0.4869364  -2.76773674],[  0.58258634 -15.4152038 ],[0.4017206  0.06036148]
2500,2.4999999999998357,[0.64535643 1.3762217 ],[ 0.48751899 -2.78315195],[  0.58192817 -15.36809564],[0.40231924 0.06036598]
