,time,qpos,qvel,qacc,ctrl
0,0.001,[6.02910878e-06 7.75010949e-05],[0.00602911 0.07750109],[ 6.02910878 77.50109492],[0.033 0.165]
1,0.002,[1.79577298e-05 2.30861077e-04],[0.01192862 0.15335998],[ 5.8995122 75.8588876],[0.03269793 0.16159774]
2,0.003,[3.56585308e-05 4.58466411e-04],[0.0177008  0.22760533],[ 5.77218011 74.24535136],[0.03240173 0.15826985]
3,0.004,[5.90064063e-05 7.58731760e-04],[0.02334788 0.30026535],[ 5.64707435 72.66001482],[0.03211129 0.15501509]
4,0.005,[8.78784384e-05 1.13009952e-03],[0.02887203 0.37136776],[ 5.52415666 71.10240959],[0.03182652 0.15183218]
5,0.006,[0.00012215 0.00157104],[0.03427542 0.44093983],[ 5.40338871 69.57207103],[0.03154732 0.1487199 ]
6,0.007,[0.00016171 0.00208005],[0.03956015 0.50900837],[ 5.28473229 68.06853892],[0.0312736  0.14567704]
7,0.008,[0.00020644 0.00265565],[0.0447283  0.57559973],[ 5.16814935 66.59135801],[0.03100525 0.1427024 ]
8,0.009000000000000001,[0.00025622 0.00329639],[0.0497819 0.6407398],[ 5.05360211 65.14007854],[0.0307422  0.13979482]
9,0.010000000000000002,[0.00031095 0.00400084],[0.05472296 0.70445406],[ 4.94105315 63.71425667],[0.03048435 0.13695315]
10,0.011000000000000003,[0.0003705  0.00476761],[0.05955342 0.76676752],[ 4.83046545 62.31345482],[0.0302316  0.13417626]
11,0.012000000000000004,[0.00043478 0.00559531],[0.06427523 0.82770476],[ 4.72180246 60.937242  ],[0.02998388 0.13146303]
12,0.013000000000000005,[0.00050367 0.0064826 ],[0.06889025 0.88728995],[ 4.61502816 59.58519406],[0.02974109 0.12881237]
13,0.014000000000000005,[0.00057707 0.00742815],[0.07340036 0.94554685],[ 4.51010708 58.25689389],[0.02950317 0.12622322]
14,0.015000000000000006,[0.00065487 0.00843065],[0.07780737 1.00249878],[ 4.40700437 56.9519316 ],[0.02927001 0.1236945 ]
15,0.016000000000000007,[0.00073699 0.00948882],[0.08211305 1.05816868],[ 4.3056858  55.66990462],[0.02904154 0.1212252 ]
16,0.017000000000000008,[0.00082331 0.0106014 ],[0.08631917 1.1125791 ],[ 4.2061178  54.41041781],[0.02881769 0.11881428]
17,0.01800000000000001,[0.00091373 0.01176715],[0.09042744 1.16575218],[ 4.10826748 53.1730835 ],[0.02859837 0.11646075]
18,0.01900000000000001,[0.00100817 0.01298486],[0.09443954 1.21770971],[ 4.01210265 51.95752152],[0.02838351 0.11416362]
19,0.02000000000000001,[0.00110653 0.01425333],[0.09835713 1.26847306],[ 3.9175918 50.7633592],[0.02817303 0.11192192]
20,0.02100000000000001,[0.00120871 0.0155714 ],[0.10218183 1.3180633 ],[ 3.82470416 49.59023137],[0.02796686 0.10973471]
21,0.022000000000000013,[0.00131463 0.0169379 ],[0.10591524 1.36650108],[ 3.73340967 48.43778027],[0.02776493 0.10760105]
22,0.023000000000000013,[0.00142419 0.0183517 ],[0.10955892 1.41380673],[ 3.64367896 47.30565553],[0.02756717 0.10552002]
23,0.024000000000000014,[0.0015373 0.0198117],[0.11311441 1.46000025],[ 3.55548343 46.19351408],[0.02737351 0.10349072]
24,0.025000000000000015,[0.00165388 0.0213168 ],[0.1165832  1.50510127],[ 3.46879514 45.10102004],[0.02718388 0.10151226]
25,0.026000000000000016,[0.00177385 0.02286593],[0.11996679 1.54912911],[ 3.3835869  44.02784466],[0.02699822 0.09958376]
26,0.027000000000000017,[0.00189712 0.02445804],[0.12326662 1.59210278],[ 3.29983218 42.97366615],[0.02681645 0.09770436]
27,0.028000000000000018,[0.0020236  0.02609208],[0.12648413 1.63404095],[ 3.21750518 41.93816958],[0.02663852 0.09587323]
28,0.02900000000000002,[0.00215322 0.02776704],[0.12962071 1.67496199],[ 3.13658075 40.92104676],[0.02646436 0.09408952]
29,0.03000000000000002,[0.0022859  0.02948192],[0.13267774 1.71488399],[ 3.05703441 39.92199609],[0.02629391 0.09235243]
30,0.03100000000000002,[0.00242156 0.03123575],[0.13565658 1.75382471],[ 2.97884236 38.94072241],[0.02612711 0.09066115]
31,0.03200000000000002,[0.00256011 0.03302755],[0.13855857 1.79180165],[ 2.9019814  37.97693685],[0.0259639  0.08901488]
32,0.03300000000000002,[0.0027015  0.03485638],[0.14138499 1.828832  ],[ 2.82642898 37.03035669],[0.02580421 0.08741286]
33,0.03400000000000002,[0.00284564 0.03672131],[0.14413716 1.86493271],[ 2.75216316 36.10070518],[0.025648  0.0858543]
34,0.035000000000000024,[0.00299245 0.03862143],[0.14681632 1.90012042],[ 2.67916257 35.18771143],[0.0254952  0.08433847]
35,0.036000000000000025,[0.00314188 0.04055585],[0.14942373 1.93441153],[ 2.60740644 34.2911102 ],[0.02534576 0.08286461]
36,0.037000000000000026,[0.00329384 0.04252367],[0.1519606  1.96782217],[ 2.53687454 33.41064177],[0.02519963 0.081432  ]
37,0.03800000000000003,[0.00344827 0.04452404],[0.15442815 2.00036823],[ 2.4675472  32.54605177],[0.02505675 0.08003991]
38,0.03900000000000003,[0.00360509 0.0465561 ],[0.15682755 2.03206532],[ 2.39940525 31.69709103],[0.02491706 0.07868765]
39,0.04000000000000003,[0.00376425 0.04861903],[0.15915998 2.06292883],[ 2.33243005 30.86351542],[0.02478051 0.0773745 ]
40,0.04100000000000003,[0.00392568 0.050712  ],[0.16142659 2.09297392],[ 2.26660342 30.04508571],[0.02464706 0.0760998 ]
41,0.04200000000000003,[0.00408931 0.05283422],[0.16362849 2.12221548],[ 2.20190768 29.24156738],[0.02451665 0.07486285]
42,0.04300000000000003,[0.00425508 0.05498489],[0.16576682 2.15066822],[ 2.13832559 28.45273051],[0.02438923 0.073663  ]
43,0.04400000000000003,[0.00442292 0.05716324],[0.16784266 2.17834657],[ 2.07584034 27.67834961],[0.02426476 0.07249959]
44,0.04500000000000003,[0.00459278 0.0593685 ],[0.1698571  2.20526477],[ 2.01443556 26.91820349],[0.02414317 0.07137197]
45,0.046000000000000034,[0.00476459 0.06159994],[0.17181119 2.23143684],[ 1.95409525 26.17207508],[0.02402444 0.07027951]
46,0.047000000000000035,[0.00493829 0.06385681],[0.173706   2.25687659],[ 1.89480383 25.43975134],[0.0239085  0.06922158]
47,0.048000000000000036,[0.00511383 0.06613841],[0.17554254 2.28159762],[ 1.83654607 24.72102312],[0.02379531 0.06819756]
48,0.04900000000000004,[0.00529116 0.06844402],[0.17732185 2.3056133 ],[ 1.7793071  24.01568498],[0.02368483 0.06720685]
49,0.05000000000000004,[0.0054702  0.07077296],[0.17904492 2.32893684],[ 1.72307238 23.32353511],[0.02357701 0.06624884]
50,0.05100000000000004,[0.00565091 0.07312454],[0.18071275 2.35158121],[ 1.66782772 22.64437521],[0.02347181 0.06532294]
51,0.05200000000000004,[0.00583324 0.0754981 ],[0.18232631 2.37355922],[ 1.6135592  21.97801032],[0.02336918 0.06442858]
52,0.05300000000000004,[0.00601713 0.07789298],[0.18388656 2.39488347],[ 1.56025324 21.32424875],[0.02326907 0.06356518]
53,0.05400000000000004,[0.00620252 0.08030855],[0.18539446 2.41556637],[ 1.50789649 20.68290196],[0.02317146 0.06273218]
54,0.05500000000000004,[0.00638937 0.08274417],[0.18685093 2.43562016],[ 1.45647592 20.05378444],[0.02307629 0.06192901]
55,0.05600000000000004,[0.00657763 0.08519923],[0.18825691 2.45505687],[ 1.40597873 19.43671361],[0.02298352 0.06115512]
56,0.057000000000000044,[0.00676724 0.08767312],[0.1896133  2.47388838],[ 1.35639235 18.83150973],[0.02289311 0.06040999]
57,0.058000000000000045,[0.00695816 0.09016524],[0.19092101 2.49212638],[ 1.30770446 18.23799577],[0.02280502 0.05969307]
58,0.059000000000000045,[0.00715034 0.09267503],[0.19218091 2.50978238],[ 1.25990296 17.65599739],[0.02271921 0.05900383]
59,0.060000000000000046,[0.00734374 0.09520189],[0.19339389 2.52686772],[ 1.21297596 17.08534276],[0.02263565 0.05834177]
60,0.06100000000000005,[0.0075383  0.09774529],[0.1945608  2.54339358],[ 1.16691175 16.52586255],[0.02255428 0.05770637]
61,0.06200000000000005,[0.00773398 0.10030466],[0.1956825  2.55937097],[ 1.12169883 15.97738982],[0.02247508 0.05709712]
62,0.06300000000000004,[0.00793074 0.10287947],[0.19675982 2.57481073],[ 1.07732587 15.43975992],[0.022398   0.05651353]
63,0.06400000000000004,[0.00812854 0.10546919],[0.19779361 2.58972354],[ 1.03378172 14.91281049],[0.02232302 0.05595512]
64,0.06500000000000004,[0.00832732 0.10807331],[0.19878466 2.60411992],[ 0.99105536 14.39638129],[0.02225008 0.05542139]
65,0.06600000000000004,[0.00852705 0.11069132],[0.1997338  2.61801024],[ 0.94913597 13.89031422],[0.02217915 0.05491188]
66,0.06700000000000005,[0.0087277  0.11332273],[0.20064181 2.63140469],[ 0.90801283 13.39445323],[0.02211021 0.05442612]
67,0.06800000000000005,[0.00892921 0.11596704],[0.20150949 2.64431333],[ 0.8676754  12.90864422],[0.02204321 0.05396365]
68,0.06900000000000005,[0.00913154 0.11862379],[0.2023376  2.65674607],[ 0.82811323 12.43273507],[0.02197811 0.053524  ]
69,0.07000000000000005,[0.00933467 0.1212925 ],[0.20312691 2.66871264],[ 0.78931604 11.96657549],[0.02191489 0.05310674]
70,0.07100000000000005,[0.00953855 0.12397272],[0.20387819 2.68022266],[ 0.75127363 11.51001705],[0.0218535  0.05271142]
71,0.07200000000000005,[0.00974314 0.12666401],[0.20459216 2.69128557],[ 0.71397593 11.0629131 ],[0.02179392 0.05233761]
72,0.07300000000000005,[0.00994841 0.12936592],[0.20526958 2.70191069],[ 0.67741298 10.62511872],[0.02173611 0.05198488]
73,0.07400000000000005,[0.01015432 0.13207803],[0.20591115 2.71210718],[ 0.64157491 10.19649068],[0.02168003 0.0516528 ]
74,0.07500000000000005,[0.01036084 0.13479991],[0.2065176  2.72188407],[0.60645198 9.77688742],[0.02162566 0.05134097]
75,0.07600000000000005,[0.01056793 0.13753116],[0.20708964 2.73125024],[0.5720345 9.366169 ],[0.02157296 0.05104897]
76,0.07700000000000005,[0.01077556 0.14027137],[0.20762795 2.74021444],[0.53831291 8.96419708],[0.02152191 0.0507764 ]
77,0.07800000000000006,[0.01098369 0.14302016],[0.20813323 2.74878527],[0.50527771 8.57083485],[0.02147246 0.05052285]
78,0.07900000000000006,[0.0111923  0.14577713],[0.20860615 2.75697122],[0.4729195  8.18594707],[0.02142459 0.05028795]
79,0.08000000000000006,[0.01140134 0.14854191],[0.20904738 2.76478062],[0.44122895 7.80939997],[0.02137827 0.0500713 ]
80,0.08100000000000006,[0.0116108  0.15131413],[0.20945757 2.77222168],[0.41019681 7.44106127],[0.02133346 0.04987252]
81,0.08200000000000006,[0.01182064 0.15409344],[0.20983739 2.77930248],[0.37981392 7.08080014],[0.02129014 0.04969125]
82,0.08300000000000006,[0.01203082 0.15687947],[0.21018746 2.78603097],[0.35007116 6.72848719],[0.02124828 0.0495271 ]
83,0.08400000000000006,[0.01224133 0.15967188],[0.21050842 2.79241496],[0.32095952 6.38399444],[0.02120785 0.04937972]
84,0.08500000000000006,[0.01245213 0.16247034],[0.21080089 2.79846216],[0.29247003 6.0471953 ],[0.02116882 0.04924876]
85,0.08600000000000006,[0.0126632  0.16527452],[0.21106548 2.80418012],[0.26459381 5.71796458],[0.02113117 0.04913385]
86,0.08700000000000006,[0.0128745 0.1680841],[0.21130281 2.8095763 ],[0.23732202 5.39617842],[0.02109485 0.04903466]
87,0.08800000000000006,[0.01308602 0.17089876],[0.21151345 2.81465801],[0.21064592 5.08171435],[0.02105986 0.04895084]
88,0.08900000000000007,[0.01329771 0.17371819],[0.21169801 2.81943247],[0.1845568 4.7744512],[0.02102615 0.04888206]
89,0.09000000000000007,[0.01350957 0.1765421 ],[0.21185705 2.82390674],[0.15904604 4.47426916],[0.02099371 0.04882799]
90,0.09100000000000007,[0.01372156 0.17937018],[0.21199116 2.82808779],[0.13410506 4.1810497 ],[0.0209625  0.04878831]
91,0.09200000000000007,[0.01393366 0.18220217],[0.21210088 2.83198246],[0.10972536 3.89467563],[0.0209325  0.04876269]
92,0.09300000000000007,[0.01414585 0.18503776],[0.21218678 2.83559749],[0.08589851 3.61503104],[0.02090369 0.04875082]
93,0.09400000000000007,[0.0143581 0.1878767],[0.2122494  2.83893949],[0.0626161 3.3420013],[0.02087604 0.04875239]
94,0.09500000000000007,[0.01457039 0.19071872],[0.21228927 2.84201497],[0.03986984 3.07547309],[0.02084952 0.04876711]
95,0.09600000000000007,[0.0147827  0.19356355],[0.21230692 2.8448303 ],[0.01765146 2.81533434],[0.02082411 0.04879466]
96,0.09700000000000007,[0.014995   0.19641094],[0.21230287 2.84739177],[-0.00404724  2.56147426],[0.02079979 0.04883476]
97,0.09800000000000007,[0.01520728 0.19926065],[0.21227764 2.84970556],[-0.0252344   2.31378334],[0.02077653 0.04888711]
98,0.09900000000000007,[0.01541951 0.20211242],[0.21223172 2.85177771],[-0.04591807  2.07215329],[0.02075431 0.04895144]
99,0.10000000000000007,[0.01563167 0.20496604],[0.21216561 2.85361419],[-0.06610628  1.83647711],[0.0207331  0.04902746]
100,0.10100000000000008,[0.01584375 0.20782126],[0.21207981 2.85522084],[-0.08580696  1.60664904],[0.02071289 0.0491149 ]
101,0.10200000000000008,[0.01605573 0.21067786],[0.21197478 2.8566034 ],[-0.10502801  1.38256457],[0.02069365 0.04921349]
102,0.10300000000000008,[0.01626758 0.21353563],[0.211851   2.85776752],[-0.12377724  1.16412043],[0.02067536 0.04932296]
103,0.10400000000000008,[0.01647929 0.21639435],[0.21170894 2.85871874],[-0.14206241  0.95121458],[0.02065799 0.04944306]
104,0.10500000000000008,[0.01669084 0.21925381],[0.21154905 2.85946248],[-0.15989121  0.74374624],[0.02064153 0.04957352]
105,0.10600000000000008,[0.01690221 0.22211382],[0.21137178 2.8600041 ],[-0.17727126  0.54161584],[0.02062596 0.0497141 ]
106,0.10700000000000008,[0.01711339 0.22497416],[0.21117757 2.86034882],[-0.19421012  0.34472506],[0.02061124 0.04986455]
107,0.10800000000000008,[0.01732435 0.22783467],[0.21096685 2.8605018 ],[-0.21071528  0.15297679],[0.02059737 0.05002463]
108,0.10900000000000008,[0.01753509 0.23069513],[0.21074006 2.86046808],[-0.22679418 -0.03372485],[0.02058433 0.05019409]
109,0.11000000000000008,[0.01774559 0.23355539],[0.2104976 2.8602526],[-0.24245416 -0.2154745 ],[0.02057209 0.0503727 ]
110,0.11100000000000008,[0.01795583 0.23641525],[0.2102399  2.85986024],[-0.25770252 -0.39236561],[0.02056063 0.05056024]
111,0.11200000000000009,[0.0181658  0.23927454],[0.20996735 2.85929575],[-0.27254647 -0.56449041],[0.02054994 0.05075648]
112,0.11300000000000009,[0.01837548 0.24213311],[0.20968036 2.85856381],[-0.28699317 -0.73193989],[0.02053999 0.05096119]
113,0.11400000000000009,[0.01858486 0.24499078],[0.20937931 2.857669  ],[-0.3010497  -0.89480388],[0.02053077 0.05117417]
114,0.11500000000000009,[0.01879392 0.24784739],[0.20906459 2.85661583],[-0.31472306 -1.05317095],[0.02052226 0.05139519]
115,0.11600000000000009,[0.01900266 0.2507028 ],[0.20873657 2.8554087 ],[-0.32802019 -1.20712852],[0.02051444 0.05162404]
116,0.11700000000000009,[0.01921105 0.25355685],[0.20839562 2.85405194],[-0.34094796 -1.35676278],[0.0205073  0.05186053]
117,0.11800000000000009,[0.0194191 0.2564094],[0.20804211 2.85254978],[-0.35351316 -1.50215874],[0.02050082 0.05210444]
118,0.11900000000000009,[0.01962677 0.25926031],[0.20767638 2.85090638],[-0.36572251 -1.64340022],[0.02049497 0.05235559]
119,0.12000000000000009,[0.01983407 0.26210943],[0.2072988  2.84912581],[-0.37758264 -1.78056986],[0.02048975 0.05261377]
120,0.1210000000000001,[0.02004098 0.26495665],[0.2069097  2.84721206],[-0.38910015 -1.9137491 ],[0.02048514 0.0528788 ]
121,0.1220000000000001,[0.02024749 0.26780182],[0.20650942 2.84516904],[-0.40028151 -2.04301824],[0.02048112 0.05315049]
122,0.1230000000000001,[0.02045359 0.27064482],[0.20609829 2.84300059],[-0.41113316 -2.16845638],[0.02047768 0.05342866]
123,0.1240000000000001,[0.02065927 0.27348553],[0.20567663 2.84071045],[-0.42166143 -2.29014147],[0.02047479 0.05371313]
124,0.12500000000000008,[0.02086451 0.27632383],[0.20524475 2.8383023 ],[-0.4318726  -2.40815031],[0.02047245 0.05400372]
125,0.12600000000000008,[0.02106931 0.27915961],[0.20480298 2.83577974],[-0.44177286 -2.52255854],[0.02047065 0.05430026]
126,0.12700000000000009,[0.02127367 0.28199275],[0.20435161 2.8331463 ],[-0.45136834 -2.63344064],[0.02046935 0.05460258]
127,0.12800000000000009,[0.02147756 0.28482316],[0.20389095 2.83040543],[-0.46066506 -2.74086998],[0.02046856 0.05491051]
128,0.1290000000000001,[0.02168098 0.28765072],[0.20342128 2.82756051],[-0.46966899 -2.84491878],[0.02046826 0.0552239 ]
129,0.1300000000000001,[0.02188392 0.29047534],[0.20294289 2.82461485],[-0.47838603 -2.94565814],[0.02046843 0.05554258]
130,0.1310000000000001,[0.02208638 0.29329691],[0.20245607 2.82157169],[-0.48682197 -3.04315803],[0.02046907 0.0558664 ]
131,0.1320000000000001,[0.02228834 0.29611534],[0.20196109 2.8184342 ],[-0.49498256 -3.13748733],[0.02047015 0.05619521]
132,0.1330000000000001,[0.0224898  0.29893055],[0.20145821 2.81520549],[-0.50287345 -3.2287138 ],[0.02047166 0.05652885]
133,0.1340000000000001,[0.02269074 0.30174244],[0.20094771 2.81188859],[-0.51050021 -3.31690413],[0.0204736  0.05686718]
134,0.1350000000000001,[0.02289117 0.30455092],[0.20042985 2.80848646],[-0.51786835 -3.40212388],[0.02047595 0.05721005]
135,0.1360000000000001,[0.02309108 0.30735592],[0.19990486 2.80500202],[-0.52498329 -3.48443758],[0.02047869 0.05755734]
136,0.1370000000000001,[0.02329045 0.31015736],[0.19937301 2.80143812],[-0.53185037 -3.56390866],[0.02048182 0.05790889]
137,0.1380000000000001,[0.02348929 0.31295516],[0.19883454 2.79779752],[-0.53847486 -3.64059951],[0.02048532 0.05826457]
138,0.1390000000000001,[0.02368758 0.31574924],[0.19828967 2.79408294],[-0.54486196 -3.71457144],[0.02048918 0.05862426]
139,0.1400000000000001,[0.02388531 0.31853954],[0.19773866 2.79029706],[-0.55101677 -3.78588475],[0.0204934  0.05898781]
140,0.1410000000000001,[0.0240825  0.32132598],[0.19718171 2.78644246],[-0.55694435 -3.85459869],[0.02049795 0.05935512]
141,0.1420000000000001,[0.02427911 0.3241085 ],[0.19661906 2.78252169],[-0.56264964 -3.92077148],[0.02050284 0.05972605]
142,0.1430000000000001,[0.02447517 0.32688704],[0.19605093 2.77853723],[-0.56813753 -3.98446036],[0.02050804 0.06010048]
143,0.1440000000000001,[0.02467064 0.32966153],[0.19547751 2.77449151],[-0.57341284 -4.04572152],[0.02051355 0.06047829]
144,0.1450000000000001,[0.02486554 0.33243192],[0.19489903 2.7703869 ],[-0.5784803 -4.1046102],[0.02051936 0.06085938]
145,0.1460000000000001,[0.02505986 0.33519814],[0.19431569 2.76622572],[-0.58334457 -4.16118064],[0.02052546 0.06124361]
146,0.1470000000000001,[0.02525359 0.33796016],[0.19372768 2.76201023],[-0.58801023 -4.21548609],[0.02053183 0.0616309 ]
147,0.1480000000000001,[0.02544672 0.3407179 ],[0.1931352  2.75774265],[-0.59248179 -4.26757888],[0.02053848 0.06202112]
148,0.1490000000000001,[0.02563926 0.34347132],[0.19253843 2.75342514],[-0.59676369 -4.31751034],[0.02054538 0.06241417]
149,0.1500000000000001,[0.0258312  0.34622038],[0.19193757 2.74905981],[-0.60086029 -4.36533091],[0.02055254 0.06280994]
150,0.1510000000000001,[0.02602253 0.34896503],[0.1913328  2.74464872],[-0.60477589 -4.41109006],[0.02055993 0.06320835]
151,0.1520000000000001,[0.02621325 0.35170523],[0.19072428 2.74019388],[-0.60851469 -4.45483636],[0.02056756 0.06360928]
152,0.1530000000000001,[0.02640337 0.35444092],[0.1901122  2.73569727],[-0.61208086 -4.49661748],[0.02057542 0.06401264]
153,0.1540000000000001,[0.02659286 0.35717208],[0.18949672 2.73116079],[-0.61547846 -4.53648018],[0.02058349 0.06441833]
154,0.1550000000000001,[0.02678174 0.35989867],[0.18887801 2.72658632],[-0.61871149 -4.57447034],[0.02059177 0.06482627]
155,0.1560000000000001,[0.02697    0.36262065],[0.18825623 2.72197568],[-0.6217839  -4.61063297],[0.02060025 0.06523637]
156,0.1570000000000001,[0.02715763 0.36533798],[0.18763153 2.71733067],[-0.62469954 -4.64501222],[0.02060892 0.06564853]
157,0.1580000000000001,[0.02734463 0.36805063],[0.18700407 2.71265302],[-0.62746222 -4.67765138],[0.02061778 0.06606266]
158,0.1590000000000001,[0.02753101 0.37075857],[0.18637399 2.70794443],[-0.63007565 -4.7085929 ],[0.02062682 0.0664787 ]
159,0.16000000000000011,[0.02771675 0.37346178],[0.18574145 2.70320655],[-0.63254351 -4.73787843],[0.02063603 0.06689654]
160,0.16100000000000012,[0.02790185 0.37616022],[0.18510658 2.698441  ],[-0.63486939 -4.76554876],[0.0206454  0.06731612]
161,0.16200000000000012,[0.02808632 0.37885387],[0.18446952 2.69364936],[-0.63705681 -4.7916439 ],[0.02065493 0.06773735]
162,0.16300000000000012,[0.02827015 0.3815427 ],[0.18383041 2.68883315],[-0.63910924 -4.81620308],[0.0206646  0.06816016]
163,0.16400000000000012,[0.02845334 0.3842267 ],[0.18318938 2.68399389],[-0.64103007 -4.83926472],[0.02067443 0.06858447]
164,0.16500000000000012,[0.02863589 0.38690583],[0.18254656 2.67913302],[-0.64282264 -4.86086648],[0.02068439 0.06901021]
165,0.16600000000000012,[0.02881779 0.38958008],[0.18190207 2.67425198],[-0.64449022 -4.88104527],[0.02069448 0.06943731]
166,0.16700000000000012,[0.02899905 0.39224943],[0.18125603 2.66935214],[-0.64603602 -4.89983724],[0.02070469 0.0698657 ]
167,0.16800000000000012,[0.02917966 0.39491387],[0.18060857 2.66443486],[-0.64746319 -4.91727782],[0.02071502 0.07029531]
168,0.16900000000000012,[0.02935962 0.39757337],[0.17995979 2.65950146],[-0.6487748  -4.93340169],[0.02072547 0.07072607]
169,0.17000000000000012,[0.02953893 0.40022792],[0.17930982 2.65455322],[-0.6499739  -4.94824284],[0.02073602 0.07115793]
170,0.17100000000000012,[0.02971759 0.40287752],[0.17865876 2.64959138],[-0.65106344 -4.96183455],[0.02074668 0.07159081]
171,0.17200000000000013,[0.02989559 0.40552213],[0.17800671 2.64461717],[-0.65204633 -4.9742094 ],[0.02075743 0.07202466]
172,0.17300000000000013,[0.03007295 0.40816176],[0.17735379 2.63963177],[-0.65292542 -4.9853993 ],[0.02076828 0.07245941]
173,0.17400000000000013,[0.03024965 0.4107964 ],[0.17670008 2.63463634],[-0.65370351 -4.99543549],[0.02077921 0.07289501]
174,0.17500000000000013,[0.03042569 0.41342603],[0.1760457  2.62963199],[-0.65438333 -5.00434855],[0.02079022 0.0733314 ]
175,0.17600000000000013,[0.03060108 0.41605065],[0.17539073 2.62461982],[-0.65496757 -5.01216842],[0.02080131 0.07376853]
176,0.17700000000000013,[0.03077582 0.41867025],[0.17473527 2.6196009 ],[-0.65545884 -5.01892439],[0.02081247 0.07420633]
177,0.17800000000000013,[0.0309499  0.42128483],[0.17407941 2.61457625],[-0.65585974 -5.02464513],[0.0208237  0.07464476]
178,0.17900000000000013,[0.03112332 0.42389438],[0.17342324 2.60954689],[-0.65617276 -5.0293587 ],[0.02083499 0.07508377]
179,0.18000000000000013,[0.03129609 0.42649889],[0.17276684 2.6045138 ],[-0.65640039 -5.03309256],[0.02084634 0.0755233 ]
180,0.18100000000000013,[0.0314682  0.42909837],[0.17211029 2.59947793],[-0.65654504 -5.03587357],[0.02085774 0.07596331]
181,0.18200000000000013,[0.03163965 0.43169281],[0.17145368 2.5944402 ],[-0.65660908 -5.037728  ],[0.02086919 0.07640375]
182,0.18300000000000013,[0.03181045 0.43428221],[0.17079709 2.58940152],[-0.65659482 -5.03868156],[0.02088069 0.07684457]
183,0.18400000000000014,[0.03198059 0.43686657],[0.17014059 2.58436276],[-0.65650452 -5.03875938],[0.02089223 0.07728573]
184,0.18500000000000014,[0.03215007 0.4394459 ],[0.16948425 2.57932477],[-0.65634041 -5.03798606],[0.02090381 0.07772718]
185,0.18600000000000014,[0.0323189  0.44202019],[0.16882814 2.57428839],[-0.65610466 -5.03638565],[0.02091542 0.07816888]
186,0.18700000000000014,[0.03248707 0.44458944],[0.16817234 2.5692544 ],[-0.65579939 -5.03398166],[0.02092707 0.07861078]
187,0.18800000000000014,[0.03265459 0.44715366],[0.16751691 2.56422361],[-0.65542668 -5.03079708],[0.02093874 0.07905286]
188,0.18900000000000014,[0.03282145 0.44971286],[0.16686193 2.55919675],[-0.65498857 -5.02685439],[0.02095043 0.07949506]
189,0.19000000000000014,[0.03298766 0.45226704],[0.16620744 2.55417458],[-0.65448704 -5.02217556],[0.02096215 0.07993734]
190,0.19100000000000014,[0.03315321 0.45481619],[0.16555351 2.5491578 ],[-0.65392403 -5.01678207],[0.02097388 0.08037968]
191,0.19200000000000014,[0.03331811 0.45736034],[0.16490021 2.5441471 ],[-0.65330146 -5.01069493],[0.02098563 0.08082204]
192,0.19300000000000014,[0.03348236 0.45989948],[0.16424759 2.53914317],[-0.65262117 -5.00393465],[0.02099739 0.08126437]
193,0.19400000000000014,[0.03364596 0.46243363],[0.16359571 2.53414664],[-0.651885   -4.99652128],[0.02100916 0.08170664]
194,0.19500000000000015,[0.0338089  0.46496279],[0.16294461 2.52915817],[-0.65109471 -4.98847443],[0.02102093 0.08214883]
195,0.19600000000000015,[0.0339712  0.46748697],[0.16229436 2.52417836],[-0.65025204 -4.97981323],[0.02103271 0.08259089]
196,0.19700000000000015,[0.03413284 0.47000617],[0.161645  2.5192078],[-0.64935869 -4.97055641],[0.02104448 0.08303279]
197,0.19800000000000015,[0.03429384 0.47252042],[0.16099659 2.51424708],[-0.64841633 -4.96072222],[0.02105626 0.08347451]
198,0.19900000000000015,[0.03445419 0.47502972],[0.16034916 2.50929675],[-0.64742657 -4.95032854],[0.02106803 0.08391602]
199,0.20000000000000015,[0.03461389 0.47753408],[0.15970277 2.50435736],[-0.646391  -4.9393928],[0.02107979 0.08435727]
200,0.20100000000000015,[0.03477295 0.48003351],[0.15905746 2.49942942],[-0.64531116 -4.92793203],[0.02109154 0.08479826]
201,0.20200000000000015,[0.03493136 0.48252802],[0.15841327 2.49451346],[-0.64418858 -4.91596287],[0.02110328 0.08523894]
202,0.20300000000000015,[0.03508913 0.48501763],[0.15777024 2.48960996],[-0.64302472 -4.90350156],[0.021115   0.08567929]
203,0.20400000000000015,[0.03524626 0.48750235],[0.15712842 2.4847194 ],[-0.64182104 -4.89056397],[0.02112671 0.08611928]
204,0.20500000000000015,[0.03540275 0.48998219],[0.15648784 2.47984223],[-0.64057893 -4.87716559],[0.02113839 0.0865589 ]
205,0.20600000000000016,[0.0355586  0.49245717],[0.15584854 2.47497891],[-0.63929978 -4.86332153],[0.02115006 0.08699811]
206,0.20700000000000016,[0.03571381 0.4949273 ],[0.15521056 2.47012986],[-0.63798492 -4.84904658],[0.02116171 0.08743689]
207,0.20800000000000016,[0.03586838 0.49739259],[0.15457392 2.46529551],[-0.63663568 -4.83435512],[0.02117333 0.08787521]
208,0.20900000000000016,[0.03602232 0.49985307],[0.15393867 2.46047625],[-0.63525333 -4.81926124],[0.02118492 0.08831306]
209,0.21000000000000016,[0.03617562 0.50230874],[0.15330483 2.45567247],[-0.63383912 -4.80377866],[0.02119648 0.08875041]
210,0.21100000000000016,[0.0363283  0.50475963],[0.15267244 2.45088455],[-0.63239427 -4.78792078],[0.02120802 0.08918725]
211,0.21200000000000016,[0.03648034 0.50720574],[0.15204152 2.44611285],[-0.63091997 -4.77170068],[0.02121952 0.08962354]
212,0.21300000000000016,[0.03663175 0.5096471 ],[0.1514121  2.44135772],[-0.62941738 -4.75513112],[0.02123099 0.09005927]
213,0.21400000000000016,[0.03678253 0.51208372],[0.15078421 2.43661949],[-0.62788764 -4.73822454],[0.02124242 0.09049442]
214,0.21500000000000016,[0.03693269 0.51451562],[0.15015788 2.4318985 ],[-0.62633184 -4.72099309],[0.02125382 0.09092898]
215,0.21600000000000016,[0.03708222 0.51694281],[0.14953313 2.42719505],[-0.62475108 -4.70344863],[0.02126518 0.09136292]
216,0.21700000000000016,[0.03723113 0.51936532],[0.14890998 2.42250945],[-0.6231464  -4.68560271],[0.0212765  0.09179622]
217,0.21800000000000017,[0.03737942 0.52178316],[0.14828846 2.41784198],[-0.62151882 -4.6674666 ],[0.02128778 0.09222887]
218,0.21900000000000017,[0.03752709 0.52419636],[0.14766859 2.41319293],[-0.61986936 -4.6490513 ],[0.02129902 0.09266085]
219,0.22000000000000017,[0.03767414 0.52660492],[0.14705039 2.40856256],[-0.61819897 -4.63036754],[0.02131021 0.09309215]
220,0.22100000000000017,[0.03782058 0.52900887],[0.14643389 2.40395113],[-0.61650861 -4.61142577],[0.02132136 0.09352274]
221,0.22200000000000017,[0.03796639 0.53140823],[0.14581909 2.3993589 ],[-0.61479922 -4.59223619],[0.02133247 0.09395262]
222,0.22300000000000017,[0.0381116  0.53380301],[0.14520602 2.39478609],[-0.61307169 -4.57280874],[0.02134352 0.09438177]
223,0.22400000000000017,[0.0382562  0.53619325],[0.14459469 2.39023294],[-0.6113269  -4.55315312],[0.02135453 0.09481018]
224,0.22500000000000017,[0.03840018 0.53857895],[0.14398512 2.38569966],[-0.60956572 -4.53327877],[0.02136549 0.09523782]
225,0.22600000000000017,[0.03854356 0.54096013],[0.14337733 2.38118646],[-0.60778897 -4.5131949 ],[0.0213764 0.0956647]
226,0.22700000000000017,[0.03868633 0.54333683],[0.14277134 2.37669355],[-0.60599748 -4.4929105 ],[0.02138726 0.09609079]
227,0.22800000000000017,[0.0388285  0.54570905],[0.14216714 2.37222112],[-0.60419203 -4.4724343 ],[0.02139807 0.09651608]
228,0.22900000000000018,[0.03897006 0.54807682],[0.14156477 2.36776934],[-0.6023734  -4.45177485],[0.02140883 0.09694056]
229,0.23000000000000018,[0.03911103 0.55044016],[0.14096423 2.3633384 ],[-0.60054234 -4.43094044],[0.02141953 0.09736423]
230,0.23100000000000018,[0.03925139 0.55279908],[0.14036553 2.35892846],[-0.59869959 -4.40993917],[0.02143017 0.09778706]
231,0.23200000000000018,[0.03939116 0.55515362],[0.13976868 2.35453969],[-0.59684586 -4.38877893],[0.02144077 0.09820904]
232,0.23300000000000018,[0.03953033 0.5575038 ],[0.1391737  2.35017222],[-0.59498184 -4.36746741],[0.0214513  0.09863018]
233,0.23400000000000018,[0.03966891 0.55984962],[0.13858059 2.34582621],[-0.59310821 -4.34601208],[0.02146178 0.09905045]
234,0.23500000000000018,[0.0398069  0.56219112],[0.13798937 2.34150179],[-0.59122564 -4.32442023],[0.02147221 0.09946985]
235,0.23600000000000018,[0.0399443  0.56452832],[0.13740003 2.33719909],[-0.58933475 -4.30269897],[0.02148257 0.09988836]
236,0.23700000000000018,[0.04008112 0.56686124],[0.1368126  2.33291823],[-0.58743618 -4.2808552 ],[0.02149288 0.10030599]
237,0.23800000000000018,[0.04021734 0.5691899 ],[0.13622707 2.32865934],[-0.58553052 -4.25889566],[0.02150313 0.10072271]
238,0.23900000000000018,[0.04035299 0.57151432],[0.13564345 2.32442251],[-0.58361838 -4.23682691],[0.02151332 0.10113852]
239,0.24000000000000019,[0.04048805 0.57383453],[0.13506175 2.32020785],[-0.58170033 -4.21465532],[0.02152344 0.10155342]
240,0.2410000000000002,[0.04062253 0.57615055],[0.13448197 2.31601547],[-0.57977692 -4.19238711],[0.02153351 0.1019674 ]
241,0.2420000000000002,[0.04075643 0.57846239],[0.13390412 2.31184544],[-0.5778487  -4.17002831],[0.02154352 0.10238044]
242,0.2430000000000002,[0.04088976 0.58077009],[0.13332821 2.30769785],[-0.57591619 -4.14758482],[0.02155347 0.10279254]
243,0.2440000000000002,[0.04102252 0.58307366],[0.13275423 2.30357279],[-0.57397991 -4.12506235],[0.02156335 0.1032037 ]
244,0.2450000000000002,[0.0411547  0.58537313],[0.13218219 2.29947032],[-0.57204036 -4.10246649],[0.02157317 0.1036139 ]
245,0.2460000000000002,[0.04128631 0.58766852],[0.13161209 2.29539052],[-0.57009803 -4.07980264],[0.02158293 0.10402315]
246,0.2470000000000002,[0.04141736 0.58995986],[0.13104393 2.29133345],[-0.56815337 -4.05707608],[0.02159263 0.10443143]
247,0.2480000000000002,[0.04154783 0.59224716],[0.13047773 2.28729915],[-0.56620686 -4.03429195],[0.02160226 0.10483874]
248,0.2490000000000002,[0.04167775 0.59453044],[0.12991347 2.2832877 ],[-0.56425894 -4.01145522],[0.02161183 0.10524508]
249,0.25000000000000017,[0.0418071  0.59680974],[0.12935116 2.27929913],[-0.56231004 -3.98857076],[0.02162134 0.10565043]
250,0.25100000000000017,[0.04193589 0.59908508],[0.1287908  2.27533348],[-0.56036058 -3.96564326],[0.02163078 0.1060548 ]
251,0.25200000000000017,[0.04206412 0.60135647],[0.12823239 2.27139081],[-0.55841096 -3.94267733],[0.02164016 0.10645817]
252,0.25300000000000017,[0.0421918  0.60362394],[0.12767592 2.26747113],[-0.55646159 -3.91967742],[0.02164947 0.10686055]
253,0.25400000000000017,[0.04231892 0.60588751],[0.12712141 2.26357448],[-0.55451284 -3.89664786],[0.02165872 0.10726193]
254,0.25500000000000017,[0.04244549 0.60814721],[0.12656885 2.25970089],[-0.55256509 -3.87359286],[0.0216679 0.1076623]
255,0.25600000000000017,[0.04257151 0.61040306],[0.12601823 2.25585037],[-0.5506187  -3.85051651],[0.02167702 0.10806167]
256,0.2570000000000002,[0.04269697 0.61265509],[0.12546955 2.25202295],[-0.54867402 -3.82742279],[0.02168608 0.10846002]
257,0.2580000000000002,[0.0428219  0.61490331],[0.12492282 2.24821863],[-0.5467314  -3.80431557],[0.02169507 0.10885736]
258,0.2590000000000002,[0.04294628 0.61714774],[0.12437803 2.24443744],[-0.54479115 -3.78119858],[0.02170399 0.10925368]
259,0.2600000000000002,[0.04307011 0.61938842],[0.12383518 2.24067936],[-0.5428536  -3.75807548],[0.02171285 0.10964898]
260,0.2610000000000002,[0.0431934  0.62162537],[0.12329426 2.23694441],[-0.54091906 -3.7349498 ],[0.02172165 0.11004325]
261,0.2620000000000002,[0.04331616 0.6238586 ],[0.12275527 2.23323259],[-0.53898783 -3.71182498],[0.02173038 0.11043649]
262,0.2630000000000002,[0.04343838 0.62608814],[0.12221821 2.22954388],[-0.5370602  -3.68870435],[0.02173904 0.1108287 ]
263,0.2640000000000002,[0.04356006 0.62831402],[0.12168307 2.22587829],[-0.53513646 -3.66559114],[0.02174764 0.11121988]
264,0.2650000000000002,[0.04368121 0.63053626],[0.12114986 2.2222358 ],[-0.53321686 -3.64248849],[0.02175617 0.11161003]
265,0.2660000000000002,[0.04380183 0.63275487],[0.12061856 2.2186164 ],[-0.53130169 -3.61939945],[0.02176464 0.11199913]
266,0.2670000000000002,[0.04392192 0.63496989],[0.12008916 2.21502007],[-0.52939119 -3.59632698],[0.02177304 0.1123872 ]
267,0.2680000000000002,[0.04404148 0.63718134],[0.11956168 2.2114468 ],[-0.52748562 -3.57327394],[0.02178138 0.11277422]
268,0.2690000000000002,[0.04416052 0.63938924],[0.11903609 2.20789656],[-0.5255852  -3.55024311],[0.02178965 0.1131602 ]
269,0.2700000000000002,[0.04427903 0.64159361],[0.1185124  2.20436932],[-0.52369018 -3.52723717],[0.02179786 0.11354514]
270,0.2710000000000002,[0.04439702 0.64379447],[0.1179906  2.20086506],[-0.52180077 -3.50425876],[0.021806   0.11392903]
271,0.2720000000000002,[0.04451449 0.64599186],[0.11747069 2.19738375],[-0.51991719 -3.48131038],[0.02181408 0.11431187]
272,0.2730000000000002,[0.04463144 0.64818578],[0.11695265 2.19392536],[-0.51803966 -3.45839449],[0.02182209 0.11469366]
273,0.2740000000000002,[0.04474788 0.65037627],[0.11643648 2.19048984],[-0.51616836 -3.43551348],[0.02183003 0.11507441]
274,0.2750000000000002,[0.0448638  0.65256335],[0.11592217 2.18707717],[-0.51430351 -3.41266963],[0.02183792 0.1154541 ]
275,0.2760000000000002,[0.04497921 0.65474704],[0.11540973 2.18368731],[-0.51244527 -3.38986518],[0.02184574 0.11583274]
276,0.2770000000000002,[0.04509411 0.65692736],[0.11489913 2.18032021],[-0.51059384 -3.36710227],[0.02185349 0.11621033]
277,0.2780000000000002,[0.0452085  0.65910433],[0.11439039 2.17697582],[-0.5087494 -3.344383 ],[0.02186118 0.11658686]
278,0.2790000000000002,[0.04532238 0.66127799],[0.11388347 2.17365411],[-0.5069121  -3.32170938],[0.02186881 0.11696234]
279,0.2800000000000002,[0.04543576 0.66344834],[0.11337839 2.17035503],[-0.50508211 -3.29908335],[0.02187637 0.11733677]
280,0.2810000000000002,[0.04554864 0.66561542],[0.11287513 2.16707852],[-0.50325959 -3.27650682],[0.02188387 0.11771015]
281,0.2820000000000002,[0.04566101 0.66777924],[0.11237369 2.16382454],[-0.50144468 -3.2539816 ],[0.0218913  0.11808247]
282,0.2830000000000002,[0.04577289 0.66993984],[0.11187405 2.16059303],[-0.49963754 -3.23150945],[0.02189867 0.11845373]
283,0.2840000000000002,[0.04588426 0.67209722],[0.11137621 2.15738394],[-0.4978383  -3.20909207],[0.02190598 0.11882394]
284,0.2850000000000002,[0.04599514 0.67425142],[0.11088016 2.15419721],[-0.49604709 -3.18673111],[0.02191323 0.1191931 ]
285,0.2860000000000002,[0.04610553 0.67640245],[0.1103859  2.15103278],[-0.49426405 -3.16442815],[0.02192041 0.11956121]
286,0.2870000000000002,[0.04621542 0.67855034],[0.10989341 2.1478906 ],[-0.49248929 -3.14218473],[0.02192753 0.11992826]
287,0.2880000000000002,[0.04632482 0.68069511],[0.10940269 2.14477059],[-0.49072294 -3.12000232],[0.02193459 0.12029425]
288,0.2890000000000002,[0.04643374 0.68283678],[0.10891372 2.14167271],[-0.48896511 -3.09788235],[0.02194159 0.1206592 ]
289,0.2900000000000002,[0.04654216 0.68497538],[0.10842651 2.13859689],[-0.48721591 -3.07582618],[0.02194853 0.12102309]
290,0.2910000000000002,[0.04665011 0.68711092],[0.10794103 2.13554305],[-0.48547543 -3.05383514],[0.0219554  0.12138593]
291,0.2920000000000002,[0.04675756 0.68924344],[0.10745729 2.13251114],[-0.48374379 -3.0319105 ],[0.02196222 0.12174772]
292,0.2930000000000002,[0.04686454 0.69137294],[0.10697527 2.12950109],[-0.48202108 -3.01005349],[0.02196897 0.12210846]
293,0.2940000000000002,[0.04697103 0.69349945],[0.10649496 2.12651282],[-0.48030738 -2.98826528],[0.02197566 0.12246815]
294,0.2950000000000002,[0.04707705 0.695623  ],[0.10601636 2.12354627],[-0.47860279 -2.96654702],[0.02198229 0.12282679]
295,0.2960000000000002,[0.04718259 0.6977436 ],[0.10553945 2.12060137],[-0.47690738 -2.94489978],[0.02198887 0.12318438]
296,0.2970000000000002,[0.04728765 0.69986127],[0.10506423 2.11767805],[-0.47522124 -2.92332462],[0.02199538 0.12354093]
297,0.2980000000000002,[0.04739224 0.70197605],[0.10459068 2.11477623],[-0.47354444 -2.90182253],[0.02200183 0.12389643]
298,0.2990000000000002,[0.04749636 0.70408795],[0.10411881 2.11189583],[-0.47187706 -2.88039449],[0.02200823 0.12425089]
299,0.3000000000000002,[0.04760001 0.70619698],[0.10364859 2.10903679],[-0.47021915 -2.85904141],[0.02201456 0.12460431]
300,0.3010000000000002,[0.04770319 0.70830318],[0.10318002 2.10619903],[-0.46857079 -2.83776418],[0.02202084 0.12495668]
301,0.3020000000000002,[0.0478059  0.71040657],[0.10271308 2.10338246],[-0.46693202 -2.81656365],[0.02202706 0.12530801]
302,0.3030000000000002,[0.04790815 0.71250715],[0.10224778 2.10058702],[-0.46530293 -2.79544063],[0.02203322 0.12565831]
303,0.3040000000000002,[0.04800994 0.71460496],[0.1017841  2.09781263],[-0.46368354 -2.77439588],[0.02203932 0.12600756]
304,0.3050000000000002,[0.04811126 0.71670002],[0.10132202 2.0950592 ],[-0.46207393 -2.75343016],[0.02204537 0.12635578]
305,0.3060000000000002,[0.04821212 0.71879235],[0.10086155 2.09232665],[-0.46047412 -2.73254415],[0.02205136 0.12670296]
306,0.3070000000000002,[0.04831252 0.72088197],[0.10040267 2.08961491],[-0.45888418 -2.71173855],[0.02205729 0.12704911]
307,0.3080000000000002,[0.04841247 0.72296889],[0.09994536 2.0869239 ],[-0.45730413 -2.69101398],[0.02206317 0.12739423]
308,0.3090000000000002,[0.04851196 0.72505314],[0.09948963 2.08425353],[-0.45573402 -2.67037105],[0.02206899 0.12773832]
309,0.3100000000000002,[0.04861099 0.72713475],[0.09903545 2.08160372],[-0.45417389 -2.64981034],[0.02207476 0.12808138]
310,0.3110000000000002,[0.04870958 0.72921372],[0.09858283 2.07897439],[-0.45262377 -2.6293324 ],[0.02208047 0.12842341]
311,0.3120000000000002,[0.04880771 0.73129009],[0.09813175 2.07636545],[-0.45108368 -2.60893774],[0.02208613 0.12876442]
312,0.3130000000000002,[0.04890539 0.73336386],[0.09768219 2.07377682],[-0.44955367 -2.58862686],[0.02209173 0.1291044 ]
313,0.3140000000000002,[0.04900262 0.73543507],[0.09723416 2.07120842],[-0.44803375 -2.56840021],[0.02209728 0.12944337]
314,0.3150000000000002,[0.04909941 0.73750373],[0.09678763 2.06866016],[-0.44652394 -2.54825824],[0.02210277 0.12978131]
315,0.3160000000000002,[0.04919575 0.73956986],[0.09634261 2.06613196],[-0.44502427 -2.52820134],[0.02210821 0.13011823]
316,0.3170000000000002,[0.04929165 0.74163349],[0.09589908 2.06362373],[-0.44353476 -2.50822992],[0.0221136  0.13045414]
317,0.3180000000000002,[0.04938711 0.74369462],[0.09545702 2.06113539],[-0.44205542 -2.48834432],[0.02211894 0.13078904]
318,0.31900000000000023,[0.04948213 0.74575329],[0.09501643 2.05866684],[-0.44058627 -2.46854488],[0.02212422 0.13112292]
319,0.32000000000000023,[0.0495767  0.74780951],[0.09457731 2.05621801],[-0.43912731 -2.44883191],[0.02212945 0.13145579]
320,0.32100000000000023,[0.04967084 0.7498633 ],[0.09413963 2.05378881],[-0.43767857 -2.4292057 ],[0.02213463 0.13178765]
321,0.32200000000000023,[0.04976455 0.75191468],[0.09370339 2.05137914],[-0.43624005 -2.40966651],[0.02213976 0.13211851]
322,0.32300000000000023,[0.04985782 0.75396366],[0.09326858 2.04898892],[-0.43481175 -2.3902146 ],[0.02214484 0.13244836]
323,0.32400000000000023,[0.04995065 0.75601028],[0.09283518 2.04661807],[-0.43339368 -2.37085018],[0.02214987 0.13277721]
324,0.32500000000000023,[0.05004305 0.75805455],[0.0924032 2.0442665],[-0.43198585 -2.35157346],[0.02215485 0.13310507]
325,0.32600000000000023,[0.05013503 0.76009648],[0.09197261 2.04193412],[-0.43058824 -2.33238463],[0.02215978 0.13343192]
326,0.32700000000000023,[0.05022657 0.7621361 ],[0.09154341 2.03962083],[-0.42920087 -2.31328384],[0.02216466 0.13375777]
327,0.32800000000000024,[0.05031769 0.76417343],[0.09111558 2.03732656],[-0.42782373 -2.29427124],[0.02216949 0.13408264]
328,0.32900000000000024,[0.05040837 0.76620848],[0.09068913 2.03505121],[-0.42645682 -2.27534697],[0.02217427 0.13440651]
329,0.33000000000000024,[0.05049864 0.76824128],[0.09026403 2.0327947 ],[-0.42510013 -2.25651112],[0.022179   0.13472939]
330,0.33100000000000024,[0.05058848 0.77027183],[0.08984027 2.03055694],[-0.42375365 -2.23776379],[0.02218369 0.13505128]
331,0.33200000000000024,[0.0506779  0.77230017],[0.08941786 2.02833783],[-0.42241738 -2.21910506],[0.02218833 0.13537219]
332,0.33300000000000024,[0.05076689 0.77432631],[0.08899676 2.0261373 ],[-0.4210913  -2.20053498],[0.02219292 0.13569212]
333,0.33400000000000024,[0.05085547 0.77635026],[0.08857699 2.02395525],[-0.41977541 -2.1820536 ],[0.02219747 0.13601106]
334,0.33500000000000024,[0.05094363 0.77837206],[0.08815852 2.02179158],[-0.41846969 -2.16366095],[0.02220196 0.13632903]
335,0.33600000000000024,[0.05103137 0.7803917 ],[0.08774135 2.01964623],[-0.41717413 -2.14535704],[0.02220642 0.13664602]
336,0.33700000000000024,[0.0511187  0.78240922],[0.08732546 2.01751909],[-0.41588872 -2.12714187],[0.02221083 0.13696203]
337,0.33800000000000024,[0.05120561 0.78442463],[0.08691084 2.01541007],[-0.41461343 -2.10901541],[0.02221519 0.13727708]
338,0.33900000000000025,[0.0512921  0.78643795],[0.0864975  2.01331909],[-0.41334826 -2.09097765],[0.02221951 0.13759115]
339,0.34000000000000025,[0.05137819 0.7884492 ],[0.0860854  2.01124606],[-0.41209317 -2.07302854],[0.02222378 0.13790426]
340,0.34100000000000025,[0.05146386 0.79045839],[0.08567455 2.0091909 ],[-0.41084816 -2.05516801],[0.02222801 0.1382164 ]
341,0.34200000000000025,[0.05154913 0.79246554],[0.08526494 2.0071535 ],[-0.4096132  -2.03739602],[0.0222322  0.13852758]
342,0.34300000000000025,[0.05163399 0.79447067],[0.08485655 2.00513379],[-0.40838827 -2.01971246],[0.02223634 0.1388378 ]
343,0.34400000000000025,[0.05171843 0.79647381],[0.08444938 2.00313167],[-0.40717335 -2.00211726],[0.02224044 0.13914706]
344,0.34500000000000025,[0.05180248 0.79847495],[0.08404341 2.00114706],[-0.40596841 -1.98461031],[0.0222445  0.13945536]
345,0.34600000000000025,[0.05188612 0.80047413],[0.08363864 1.99917987],[-0.40477343 -1.96719148],[0.02224852 0.13976271]
346,0.34700000000000025,[0.05196935 0.80247136],[0.08323505 1.99723001],[-0.40358839 -1.94986066],[0.02225249 0.14006911]
347,0.34800000000000025,[0.05205218 0.80446666],[0.08283264 1.99529739],[-0.40241325 -1.93261772],[0.02225643 0.14037456]
348,0.34900000000000025,[0.05213462 0.80646004],[0.08243139 1.99338193],[-0.401248   -1.91546249],[0.02226032 0.14067907]
349,0.35000000000000026,[0.05221665 0.80845153],[0.08203129 1.99148353],[-0.4000926  -1.89839483],[0.02226417 0.14098263]
350,0.35100000000000026,[0.05229828 0.81044113],[0.08163235 1.98960212],[-0.39894702 -1.88141457],[0.02226798 0.14128524]
351,0.35200000000000026,[0.05237951 0.81242887],[0.08123454 1.9877376 ],[-0.39781125 -1.86452154],[0.02227176 0.14158692]
352,0.35300000000000026,[0.05246035 0.81441476],[0.08083785 1.98588988],[-0.39668523 -1.84771554],[0.02227549 0.14188766]
353,0.35400000000000026,[0.05254079 0.81639881],[0.08044228 1.98405888],[-0.39556895 -1.8309964 ],[0.02227918 0.14218747]
354,0.35500000000000026,[0.05262084 0.81838106],[0.08004782 1.98224452],[-0.39446238 -1.8143639 ],[0.02228284 0.14248634]
355,0.35600000000000026,[0.0527005  0.82036151],[0.07965445 1.9804467 ],[-0.39336548 -1.79781783],[0.02228646 0.14278428]
356,0.35700000000000026,[0.05277976 0.82234017],[0.07926218 1.97866535],[-0.39227821 -1.78135799],[0.02229004 0.14308129]
357,0.35800000000000026,[0.05285863 0.82431707],[0.07887098 1.97690036],[-0.39120055 -1.76498414],[0.02229358 0.14337738]
358,0.35900000000000026,[0.05293711 0.82629222],[0.07848084 1.97515166],[-0.39013247 -1.74869606],[0.02229709 0.14367254]
359,0.36000000000000026,[0.0530152  0.82826564],[0.07809177 1.97341917],[-0.38907392 -1.73249349],[0.02230055 0.14396679]
360,0.36100000000000027,[0.05309291 0.83023735],[0.07770374 1.9717028 ],[-0.38802488 -1.7163762 ],[0.02230399 0.14426011]
361,0.36200000000000027,[0.05317022 0.83220735],[0.07731676 1.97000245],[-0.3869853  -1.70034394],[0.02230738 0.14455252]
362,0.36300000000000027,[0.05324715 0.83417567],[0.0769308  1.96831805],[-0.38595515 -1.68439644],[0.02231075 0.14484401]
363,0.36400000000000027,[0.0533237  0.83614232],[0.07654587 1.96664952],[-0.3849344  -1.66853343],[0.02231407 0.14513459]
364,0.36500000000000027,[0.05339986 0.83810731],[0.07616195 1.96499677],[-0.38392301 -1.65275465],[0.02231736 0.14542426]
365,0.36600000000000027,[0.05347564 0.84007067],[0.07577903 1.96335971],[-0.38292095 -1.63705982],[0.02232062 0.14571302]
366,0.36700000000000027,[0.05355104 0.84203241],[0.0753971  1.96173826],[-0.38192816 -1.62144865],[0.02232384 0.14600088]
367,0.36800000000000027,[0.05362605 0.84399254],[0.07501615 1.96013234],[-0.38094463 -1.60592086],[0.02232703 0.14628783]
368,0.36900000000000027,[0.05370069 0.84595108],[0.07463618 1.95854186],[-0.3799703  -1.59047615],[0.02233019 0.14657388]
369,0.3700000000000003,[0.05377495 0.84790805],[0.07425718 1.95696675],[-0.37900514 -1.57511423],[0.02233331 0.14685904]
370,0.3710000000000003,[0.05384883 0.84986346],[0.07387913 1.95540691],[-0.37804911 -1.55983478],[0.0223364 0.1471433]
371,0.3720000000000003,[0.05392233 0.85181732],[0.07350203 1.95386227],[-0.37710218 -1.5446375 ],[0.02233946 0.14742666]
372,0.3730000000000003,[0.05399545 0.85376965],[0.07312586 1.95233275],[-0.37616429 -1.52952208],[0.02234249 0.14770913]
373,0.3740000000000003,[0.0540682  0.85572047],[0.07275063 1.95081826],[-0.37523542 -1.5144882 ],[0.02234548 0.14799072]
374,0.3750000000000003,[0.05414058 0.85766979],[0.07237631 1.94931873],[-0.37431552 -1.49953554],[0.02234845 0.14827141]
375,0.3760000000000003,[0.05421258 0.85961762],[0.07200291 1.94783407],[-0.37340456 -1.48466378],[0.02235138 0.14855122]
376,0.3770000000000003,[0.05428421 0.86156399],[0.0716304  1.94636419],[-0.37250248 -1.46987257],[0.02235428 0.14883015]
377,0.3780000000000003,[0.05435547 0.8635089 ],[0.07125879 1.94490903],[-0.37160926 -1.4551616 ],[0.02235715 0.14910819]
378,0.3790000000000003,[0.05442636 0.86545237],[0.07088807 1.9434685 ],[-0.37072484 -1.44053052],[0.02236    0.14938536]
379,0.3800000000000003,[0.05449688 0.86739441],[0.07051822 1.94204252],[-0.3698492  -1.42597899],[0.02236281 0.14966165]
380,0.3810000000000003,[0.05456703 0.86933504],[0.07014924 1.94063101],[-0.36898228 -1.41150668],[0.0223656  0.14993707]
381,0.3820000000000003,[0.05463681 0.87127427],[0.06978111 1.9392339 ],[-0.36812405 -1.39711323],[0.02236835 0.15021161]
382,0.3830000000000003,[0.05470622 0.87321212],[0.06941384 1.9378511 ],[-0.36727446 -1.38279829],[0.02237108 0.15048529]
383,0.3840000000000003,[0.05477527 0.87514861],[0.06904741 1.93648254],[-0.36643347 -1.36856152],[0.02237378 0.1507581 ]
384,0.3850000000000003,[0.05484395 0.87708373],[0.06868181 1.93512814],[-0.36560105 -1.35440255],[0.02237645 0.15103004]
385,0.3860000000000003,[0.05491227 0.87901752],[0.06831703 1.93378782],[-0.36477714 -1.34032104],[0.0223791  0.15130111]
386,0.3870000000000003,[0.05498022 0.88094998],[0.06795307 1.9324615 ],[-0.36396171 -1.32631661],[0.02238172 0.15157133]
387,0.3880000000000003,[0.05504781 0.88288113],[0.06758991 1.93114911],[-0.36315471 -1.31238892],[0.02238431 0.15184069]
388,0.3890000000000003,[0.05511504 0.88481098],[0.06722756 1.92985057],[-0.36235611 -1.29853758],[0.02238688 0.15210919]
389,0.3900000000000003,[0.05518191 0.88673955],[0.06686599 1.92856581],[-0.36156585 -1.28476224],[0.02238942 0.15237683]
390,0.3910000000000003,[0.05524841 0.88866684],[0.06650521 1.92729475],[-0.3607839  -1.27106253],[0.02239193 0.15264362]
391,0.3920000000000003,[0.05531456 0.89059288],[0.0661452  1.92603731],[-0.36001021 -1.25743808],[0.02239442 0.15290956]
392,0.3930000000000003,[0.05538034 0.89251767],[0.06578595 1.92479342],[-0.35924475 -1.24388851],[0.02239689 0.15317465]
393,0.3940000000000003,[0.05544577 0.89444124],[0.06542746 1.92356301],[-0.35848746 -1.23041345],[0.02239933 0.1534389 ]
394,0.3950000000000003,[0.05551084 0.89636358],[0.06506973 1.922346  ],[-0.35773831 -1.21701252],[0.02240174 0.1537023 ]
395,0.3960000000000003,[0.05557555 0.89828473],[0.06471273 1.92114231],[-0.35699726 -1.20368535],[0.02240414 0.15396485]
396,0.3970000000000003,[0.05563991 0.90020468],[0.06435646 1.91995188],[-0.35626425 -1.19043156],[0.02240651 0.15422657]
397,0.3980000000000003,[0.05570391 0.90212345],[0.06400092 1.91877463],[-0.35553925 -1.17725076],[0.02240885 0.15448744]
398,0.3990000000000003,[0.05576756 0.90404106],[0.0636461  1.91761049],[-0.35482221 -1.16414258],[0.02241118 0.15474748]
399,0.4000000000000003,[0.05583085 0.90595752],[0.06329199 1.91645938],[-0.3541131  -1.15110663],[0.02241348 0.15500669]
400,0.4010000000000003,[0.05589379 0.90787284],[0.06293858 1.91532124],[-0.35341187 -1.13814254],[0.02241576 0.15526506]
401,0.4020000000000003,[0.05595637 0.90978704],[0.06258586 1.91419599],[-0.35271847 -1.1252499 ],[0.02241801 0.1555226 ]
402,0.4030000000000003,[0.05601861 0.91170012],[0.06223383 1.91308356],[-0.35203287 -1.11242835],[0.02242025 0.15577931]
403,0.4040000000000003,[0.05608049 0.91361211],[0.06188247 1.91198388],[-0.35135502 -1.09967749],[0.02242246 0.15603519]
404,0.4050000000000003,[0.05614202 0.915523  ],[0.06153179 1.91089689],[-0.35068488 -1.08699693],[0.02242466 0.15629025]
405,0.4060000000000003,[0.0562032  0.91743283],[0.06118176 1.9098225 ],[-0.3500224  -1.07438629],[0.02242683 0.15654449]
406,0.4070000000000003,[0.05626403 0.91934159],[0.0608324  1.90876065],[-0.34936755 -1.06184518],[0.02242898 0.1567979 ]
407,0.4080000000000003,[0.05632452 0.9212493 ],[0.06048368 1.90771128],[-0.34872028 -1.04937321],[0.02243112 0.15705049]
408,0.4090000000000003,[0.05638465 0.92315597],[0.0601356  1.90667431],[-0.34808054 -1.03696999],[0.02243323 0.15730227]
409,0.4100000000000003,[0.05644444 0.92506162],[0.05978815 1.90564968],[-0.3474483  -1.02463513],[0.02243533 0.15755323]
410,0.4110000000000003,[0.05650388 0.92696626],[0.05944132 1.90463731],[-0.34682352 -1.01236824],[0.0224374  0.15780337]
411,0.4120000000000003,[0.05656298 0.9288699 ],[0.05909512 1.90363714],[-0.34620615 -1.00016892],[0.02243946 0.15805271]
412,0.4130000000000003,[0.05662173 0.93077255],[0.05874952 1.9026491 ],[-0.34559615 -0.9880368 ],[0.0224415  0.15830123]
413,0.4140000000000003,[0.05668013 0.93267422],[0.05840453 1.90167313],[-0.34499348 -0.97597147],[0.02244352 0.15854895]
414,0.4150000000000003,[0.05673819 0.93457493],[0.05806013 1.90070916],[-0.34439809 -0.96397254],[0.02244553 0.15879585]
415,0.4160000000000003,[0.05679591 0.93647469],[0.05771632 1.89975712],[-0.34380995 -0.95203963],[0.02244751 0.15904196]
416,0.4170000000000003,[0.05685328 0.9383735 ],[0.05737309 1.89881695],[-0.343229   -0.94017234],[0.02244948 0.15928725]
417,0.4180000000000003,[0.05691031 0.94027139],[0.05703044 1.89788858],[-0.34265522 -0.92837028],[0.02245144 0.15953175]
418,0.4190000000000003,[0.056967   0.94216836],[0.05668835 1.89697194],[-0.34208856 -0.91663306],[0.02245337 0.15977545]
419,0.4200000000000003,[0.05702335 0.94406443],[0.05634682 1.89606698],[-0.34152898 -0.90496029],[0.02245529 0.16001835]
420,0.4210000000000003,[0.05707935 0.9459596 ],[0.05600584 1.89517363],[-0.34097643 -0.89335158],[0.0224572  0.16026045]
421,0.4220000000000003,[0.05713502 0.9478539 ],[0.05566541 1.89429182],[-0.34043088 -0.88180654],[0.02245909 0.16050176]
422,0.4230000000000003,[0.05719034 0.94974732],[0.05532552 1.8934215 ],[-0.33989229 -0.87032477],[0.02246096 0.16074227]
423,0.4240000000000003,[0.05724533 0.95163988],[0.05498616 1.89256259],[-0.33936061 -0.85890588],[0.02246282 0.160982  ]
424,0.4250000000000003,[0.05729998 0.95353159],[0.05464732 1.89171504],[-0.3388358 -0.8475495],[0.02246467 0.16122093]
425,0.4260000000000003,[0.05735429 0.95542247],[0.054309   1.89087879],[-0.33831782 -0.83625522],[0.0224665  0.16145908]
426,0.4270000000000003,[0.05740826 0.95731253],[0.0539712  1.89005377],[-0.33780663 -0.82502265],[0.02246831 0.16169644]
427,0.4280000000000003,[0.05746189 0.95920177],[0.0536339  1.88923991],[-0.3373022  -0.81385142],[0.02247012 0.16193301]
428,0.4290000000000003,[0.05751519 0.9610902 ],[0.05329709 1.88843717],[-0.33680448 -0.80274113],[0.0224719 0.1621688]
429,0.4300000000000003,[0.05756815 0.96297785],[0.05296078 1.88764548],[-0.33631343 -0.79169139],[0.02247368 0.16240381]
430,0.4310000000000003,[0.05762077 0.96486471],[0.05262495 1.88686478],[-0.33582901 -0.78070182],[0.02247545 0.16263804]
431,0.43200000000000033,[0.05767306 0.96675081],[0.0522896  1.88609501],[-0.33535119 -0.76977203],[0.0224772  0.16287149]
432,0.43300000000000033,[0.05772502 0.96863615],[0.05195472 1.88533611],[-0.33487992 -0.75890163],[0.02247894 0.16310417]
433,0.43400000000000033,[0.05777664 0.97052073],[0.0516203  1.88458802],[-0.33441516 -0.74809025],[0.02248066 0.16333607]
434,0.43500000000000033,[0.05782793 0.97240458],[0.05128635 1.88385068],[-0.33395687 -0.73733749],[0.02248238 0.16356719]
435,0.43600000000000033,[0.05787888 0.97428771],[0.05095284 1.88312404],[-0.33350502 -0.72664298],[0.02248408 0.16379754]
436,0.43700000000000033,[0.0579295  0.97617012],[0.05061978 1.88240803],[-0.33305957 -0.71600632],[0.02248578 0.16402713]
437,0.43800000000000033,[0.05797979 0.97805182],[0.05028716 1.8817026 ],[-0.33262047 -0.70542714],[0.02248746 0.16425594]
438,0.43900000000000033,[0.05802974 0.97993283],[0.04995497 1.8810077 ],[-0.33218769 -0.69490506],[0.02248913 0.16448398]
439,0.44000000000000034,[0.05807936 0.98181315],[0.04962321 1.88032326],[-0.33176119 -0.6844397 ],[0.02249079 0.16471126]
440,0.44100000000000034,[0.05812866 0.9836928 ],[0.04929187 1.87964923],[-0.33134094 -0.67403067],[0.02249244 0.16493777]
441,0.44200000000000034,[0.05817762 0.98557178],[0.04896094 1.87898555],[-0.33092689 -0.66367761],[0.02249408 0.16516352]
442,0.44300000000000034,[0.05822625 0.98745012],[0.04863042 1.87833217],[-0.33051901 -0.65338012],[0.02249572 0.16538851]
443,0.44400000000000034,[0.05827455 0.98932781],[0.04830031 1.87768903],[-0.33011725 -0.64313784],[0.02249734 0.16561274]
444,0.44500000000000034,[0.05832252 0.99120486],[0.04797059 1.87705608],[-0.32972159 -0.63295039],[0.02249895 0.16583621]
445,0.44600000000000034,[0.05837016 0.9930813 ],[0.04764125 1.87643326],[-0.32933198 -0.6228174 ],[0.02250056 0.16605892]
446,0.44700000000000034,[0.05841747 0.99495712],[0.04731231 1.87582053],[-0.32894839 -0.61273848],[0.02250216 0.16628087]
447,0.44800000000000034,[0.05846446 0.99683233],[0.04698373 1.87521781],[-0.32857078 -0.60271328],[0.02250375 0.16650207]
448,0.44900000000000034,[0.05851111 0.99870696],[0.04665554 1.87462507],[-0.32819911 -0.59274141],[0.02250533 0.16672251]
449,0.45000000000000034,[0.05855744 1.000581  ],[0.0463277  1.87404225],[-0.32783335 -0.58282251],[0.0225069 0.1669422]
450,0.45100000000000035,[0.05860344 1.00245447],[0.04600023 1.87346929],[-0.32747346 -0.57295621],[0.02250847 0.16716114]
451,0.45200000000000035,[0.05864911 1.00432738],[0.04567311 1.87290615],[-0.32711941 -0.56314214],[0.02251003 0.16737933]
452,0.45300000000000035,[0.05869446 1.00619973],[0.04534634 1.87235277],[-0.32677115 -0.55337993],[0.02251158 0.16759678]
453,0.45400000000000035,[0.05873948 1.00807154],[0.04501991 1.8718091 ],[-0.32642866 -0.54366922],[0.02251313 0.16781347]
454,0.45500000000000035,[0.05878417 1.00994281],[0.04469382 1.87127509],[-0.32609189 -0.53400964],[0.02251467 0.16802942]
455,0.45600000000000035,[0.05882854 1.01181356],[0.04436806 1.87075069],[-0.32576082 -0.52440083],[0.02251621 0.16824462]
456,0.45700000000000035,[0.05887258 1.0136838 ],[0.04404262 1.87023585],[-0.32543541 -0.51484242],[0.02251774 0.16845908]
457,0.45800000000000035,[0.0589163  1.01555353],[0.04371751 1.86973051],[-0.32511561 -0.50533406],[0.02251926 0.1686728 ]
458,0.45900000000000035,[0.05895969 1.01742277],[0.0433927  1.86923464],[-0.32480141 -0.49587538],[0.02252078 0.16888578]
459,0.46000000000000035,[0.05900276 1.01929151],[0.04306821 1.86874817],[-0.32449275 -0.48646603],[0.02252229 0.16909802]
460,0.46100000000000035,[0.05904551 1.02115978],[0.04274402 1.86827107],[-0.32418962 -0.47710565],[0.0225238  0.16930951]
461,0.46200000000000035,[0.05908793 1.02302759],[0.04242013 1.86780327],[-0.32389197 -0.46779388],[0.02252531 0.16952027]
462,0.46300000000000036,[0.05913002 1.02489493],[0.04209653 1.86734474],[-0.32359977 -0.45853036],[0.02252681 0.1697303 ]
463,0.46400000000000036,[0.05917179 1.02676183],[0.04177322 1.86689543],[-0.32331298 -0.44931475],[0.0225283  0.16993959]
464,0.46500000000000036,[0.05921325 1.02862828],[0.04145019 1.86645528],[-0.32303158 -0.44014669],[0.02252979 0.17014814]
465,0.46600000000000036,[0.05925437 1.03049431],[0.04112743 1.86602425],[-0.32275553 -0.43102583],[0.02253128 0.17035597]
466,0.46700000000000036,[0.05929518 1.03235991],[0.04080494 1.8656023 ],[-0.3224848  -0.42195182],[0.02253277 0.17056306]
467,0.46800000000000036,[0.05933566 1.0342251 ],[0.04048273 1.86518938],[-0.32221935 -0.41292431],[0.02253425 0.17076942]
468,0.46900000000000036,[0.05937582 1.03608988],[0.04016077 1.86478544],[-0.32195915 -0.40394295],[0.02253573 0.17097505]
469,0.47000000000000036,[0.05941566 1.03795427],[0.03983906 1.86439043],[-0.32170417 -0.39500741],[0.02253721 0.17117995]
470,0.47100000000000036,[0.05945518 1.03981828],[0.03951761 1.86400431],[-0.32145437 -0.38611732],[0.02253869 0.17138412]
471,0.47200000000000036,[0.05949437 1.04168191],[0.0391964  1.86362704],[-0.32120973 -0.37727236],[0.02254016 0.17158757]
472,0.47300000000000036,[0.05953325 1.04354516],[0.03887543 1.86325857],[-0.32097021 -0.36847217],[0.02254163 0.17179029]
473,0.47400000000000037,[0.0595718  1.04540806],[0.03855469 1.86289885],[-0.32073579 -0.35971642],[0.0225431  0.17199229]
474,0.47500000000000037,[0.05961004 1.04727061],[0.03823419 1.86254785],[-0.32050642 -0.35100476],[0.02254457 0.17219357]
475,0.47600000000000037,[0.05964795 1.04913282],[0.0379139  1.86220551],[-0.32028207 -0.34233687],[0.02254604 0.17239412]
476,0.47700000000000037,[0.05968555 1.05099469],[0.03759384 1.8618718 ],[-0.32006273 -0.3337124 ],[0.02254751 0.17259395]
477,0.47800000000000037,[0.05972282 1.05285624],[0.03727399 1.86154667],[-0.31984835 -0.32513102],[0.02254898 0.17279306]
478,0.47900000000000037,[0.05975977 1.05471747],[0.03695435 1.86123007],[-0.3196389  -0.31659239],[0.02255044 0.17299145]
479,0.48000000000000037,[0.05979641 1.05657839],[0.03663492 1.86092198],[-0.31943436 -0.30809618],[0.02255191 0.17318913]
480,0.48100000000000037,[0.05983273 1.05843901],[0.03631568 1.86062233],[-0.31923469 -0.29964206],[0.02255338 0.17338608]
481,0.4820000000000004,[0.05986872 1.06029934],[0.03599664 1.8603311 ],[-0.31903987 -0.29122971],[0.02255485 0.17358232]
482,0.4830000000000004,[0.0599044  1.06215939],[0.03567779 1.86004825],[-0.31884986 -0.28285879],[0.02255631 0.17377784]
483,0.4840000000000004,[0.05993976 1.06401916],[0.03535913 1.85977372],[-0.31866463 -0.27452897],[0.02255778 0.17397265]
484,0.4850000000000004,[0.0599748  1.06587867],[0.03504065 1.85950748],[-0.31848416 -0.26623993],[0.02255925 0.17416675]
485,0.4860000000000004,[0.06000952 1.06773792],[0.03472234 1.85924949],[-0.31830842 -0.25799135],[0.02256072 0.17436013]
486,0.4870000000000004,[0.06004393 1.06959692],[0.0344042 1.8589997],[-0.31813737 -0.2497829 ],[0.0225622 0.1745528]
487,0.4880000000000004,[0.06007801 1.07145568],[0.03408623 1.85875809],[-0.31797099 -0.24161426],[0.02256367 0.17474476]
488,0.4890000000000004,[0.06011178 1.0733142 ],[0.03376842 1.8585246 ],[-0.31780925 -0.23348512],[0.02256515 0.17493601]
489,0.4900000000000004,[0.06014523 1.0751725 ],[0.03345077 1.85829921],[-0.31765212 -0.22539514],[0.02256663 0.17512654]
490,0.4910000000000004,[0.06017836 1.07703058],[0.03313327 1.85808186],[-0.31749957 -0.21734403],[0.02256811 0.17531637]
491,0.4920000000000004,[0.06021118 1.07888846],[0.03281592 1.85787253],[-0.31735157 -0.20933145],[0.02256959 0.1755055 ]
492,0.4930000000000004,[0.06024368 1.08074613],[0.03249871 1.85767118],[-0.31720811 -0.2013571 ],[0.02257108 0.17569391]
493,0.4940000000000004,[0.06027586 1.0826036 ],[0.03218164 1.85747776],[-0.31706914 -0.19342066],[0.02257257 0.17588162]
494,0.4950000000000004,[0.06030773 1.0844609 ],[0.03186471 1.85729223],[-0.31693464 -0.18552182],[0.02257406 0.17606862]
495,0.4960000000000004,[0.06033927 1.08631801],[0.0315479  1.85711457],[-0.31680459 -0.17766028],[0.02257556 0.17625492]
496,0.4970000000000004,[0.0603705  1.08817496],[0.03123122 1.85694474],[-0.31667895 -0.16983571],[0.02257706 0.17644052]
497,0.4980000000000004,[0.06040142 1.09003174],[0.03091466 1.85678269],[-0.3165577  -0.16204782],[0.02257856 0.17662541]
498,0.4990000000000004,[0.06043202 1.09188837],[0.03059822 1.85662839],[-0.31644082 -0.1542963 ],[0.02258007 0.17680959]
499,0.5000000000000003,[0.0604623  1.09374485],[0.03028189 1.85648181],[-0.31632828 -0.14658084],[0.02258158 0.17699308]
500,0.5010000000000003,[0.06049227 1.09560119],[0.02996567 1.85634291],[-0.31622004 -0.13890115],[0.0225831  0.17717587]
501,0.5020000000000003,[0.06052191 1.0974574 ],[0.02964956 1.85621165],[-0.31611609 -0.13125691],[0.02258462 0.17735795]
502,0.5030000000000003,[0.06055125 1.09931349],[0.02933354 1.85608801],[-0.3160164  -0.12364783],[0.02258615 0.17753934]
503,0.5040000000000003,[0.06058027 1.10116946],[0.02901762 1.85597193],[-0.31592094 -0.11607361],[0.02258768 0.17772002]
504,0.5050000000000003,[0.06060897 1.10302533],[0.02870179 1.8558634 ],[-0.3158297  -0.10853395],[0.02258922 0.17790001]
505,0.5060000000000003,[0.06063735 1.10488109],[0.02838605 1.85576237],[-0.31574263 -0.10102856],[0.02259076 0.1780793 ]
506,0.5070000000000003,[0.06066542 1.10673676],[0.02807039 1.85566881],[-0.31565972 -0.09355713],[0.02259231 0.1782579 ]
507,0.5080000000000003,[0.06069318 1.10859234],[0.02775481 1.85558269],[-0.31558094 -0.08611939],[0.02259387 0.17843579]
508,0.5090000000000003,[0.06072062 1.11044784],[0.0274393  1.85550398],[-0.31550628 -0.07871502],[0.02259543 0.17861299]
509,0.5100000000000003,[0.06074774 1.11230328],[0.02712387 1.85543264],[-0.31543569 -0.07134376],[0.022597  0.1787895]
510,0.5110000000000003,[0.06077455 1.11415865],[0.0268085  1.85536863],[-0.31536917 -0.06400529],[0.02259857 0.17896531]
511,0.5120000000000003,[0.06080104 1.11601396],[0.02649319 1.85531193],[-0.31530668 -0.05669934],[0.02260016 0.17914043]
512,0.5130000000000003,[0.06082722 1.11786922],[0.02617794 1.8552625 ],[-0.3152482  -0.04942563],[0.02260174 0.17931485]
513,0.5140000000000003,[0.06085308 1.11972444],[0.02586275 1.85522032],[-0.31519371 -0.04218385],[0.02260334 0.17948858]
514,0.5150000000000003,[0.06087863 1.12157963],[0.02554761 1.85518535],[-0.31514318 -0.03497374],[0.02260494 0.17966162]
515,0.5160000000000003,[0.06090386 1.12343478],[0.02523251 1.85515755],[-0.31509659 -0.027795  ],[0.02260656 0.17983397]
516,0.5170000000000003,[0.06092878 1.12528992],[0.02491745 1.8551369 ],[-0.31505392 -0.02064737],[0.02260817 0.18000562]
517,0.5180000000000003,[0.06095338 1.12714504],[0.02460244 1.85512337],[-0.31501515 -0.01353054],[0.0226098  0.18017659]
518,0.5190000000000003,[0.06097767 1.12900016],[0.02428746 1.85511693],[-0.31498025 -0.00644426],[0.02261144 0.18034686]
519,0.5200000000000004,[0.06100164 1.13085528],[0.02397251 1.85511754],[-0.31494919  0.00061177],[0.02261308 0.18051645]
520,0.5210000000000004,[0.0610253 1.1327104],[0.02365759 1.85512518],[-0.31492197  0.00763781],[0.02261473 0.18068534]
521,0.5220000000000004,[0.06104864 1.13456554],[0.02334269 1.85513981],[-0.31489854  0.01463414],[0.02261639 0.18085355]
522,0.5230000000000004,[0.06107167 1.13642071],[0.02302781 1.85516141],[-0.3148789   0.02160103],[0.02261806 0.18102107]
523,0.5240000000000004,[0.06109439 1.13827589],[0.02271295 1.85518995],[-0.31486303  0.02853876],[0.02261974 0.1811879 ]
524,0.5250000000000004,[0.06111678 1.14013112],[0.0223981 1.8552254],[-0.31485089  0.03544759],[0.02262143 0.18135404]
525,0.5260000000000004,[0.06113887 1.14198639],[0.02208325 1.85526773],[-0.31484247  0.0423278 ],[0.02262313 0.1815195 ]
526,0.5270000000000004,[0.06116064 1.14384171],[0.02176842 1.85531691],[-0.31483774  0.04917965],[0.02262484 0.18168427]
527,0.5280000000000004,[0.06118209 1.14569708],[0.02145358 1.85537291],[-0.31483669  0.05600341],[0.02262656 0.18184835]
528,0.5290000000000004,[0.06120323 1.14755251],[0.02113874 1.85543571],[-0.3148393   0.06279935],[0.02262829 0.18201175]
529,0.5300000000000004,[0.06122405 1.14940802],[0.0208239  1.85550528],[-0.31484554  0.06956773],[0.02263003 0.18217446]
530,0.5310000000000004,[0.06124456 1.1512636 ],[0.02050904 1.85558159],[-0.31485539  0.07630881],[0.02263178 0.18233649]
531,0.5320000000000004,[0.06126475 1.15311927],[0.02019417 1.85566461],[-0.31486883  0.08302285],[0.02263354 0.18249783]
532,0.5330000000000004,[0.06128463 1.15497502],[0.01987929 1.85575432],[-0.31488585  0.08971012],[0.02263531 0.18265849]
533,0.5340000000000004,[0.0613042  1.15683087],[0.01956438 1.85585069],[-0.31490642  0.09637087],[0.02263709 0.18281847]
534,0.5350000000000004,[0.06132345 1.15868682],[0.01924945 1.8559537 ],[-0.31493052  0.10300536],[0.02263889 0.18297776]
535,0.5360000000000004,[0.06134238 1.16054289],[0.01893449 1.85606331],[-0.31495814  0.10961385],[0.02264069 0.18313637]
536,0.5370000000000004,[0.061361   1.16239907],[0.0186195  1.85617951],[-0.31498925  0.1161966 ],[0.02264251 0.18329429]
537,0.5380000000000004,[0.06137931 1.16425537],[0.01830448 1.85630226],[-0.31502383  0.12275385],[0.02264434 0.18345154]
538,0.5390000000000004,[0.0613973 1.1661118],[0.01798942 1.85643155],[-0.31506187  0.12928586],[0.02264618 0.1836081 ]
539,0.5400000000000004,[0.06141497 1.16796837],[0.01767431 1.85656734],[-0.31510334  0.13579288],[0.02264803 0.18376398]
540,0.5410000000000004,[0.06143233 1.16982508],[0.01735916 1.85670962],[-0.31514823  0.14227516],[0.0226499  0.18391918]
541,0.5420000000000004,[0.06144937 1.17168194],[0.01704397 1.85685835],[-0.31519653  0.14873295],[0.02265178 0.18407369]
542,0.5430000000000004,[0.0614661  1.17353895],[0.01672872 1.85701351],[-0.3152482   0.15516651],[0.02265367 0.18422753]
543,0.5440000000000004,[0.06148252 1.17539612],[0.01641342 1.85717509],[-0.31530323  0.16157606],[0.02265557 0.18438068]
544,0.5450000000000004,[0.06149861 1.17725347],[0.01609805 1.85734305],[-0.31536161  0.16796187],[0.02265749 0.18453316]
545,0.5460000000000004,[0.0615144  1.17911098],[0.01578263 1.85751738],[-0.31542331  0.17432417],[0.02265942 0.18468495]
546,0.5470000000000004,[0.06152986 1.18096868],[0.01546714 1.85769804],[-0.31548832  0.18066321],[0.02266137 0.18483607]
547,0.5480000000000004,[0.06154501 1.18282657],[0.01515159 1.85788502],[-0.31555662  0.18697923],[0.02266332 0.1849865 ]
548,0.5490000000000004,[0.06155985 1.18468465],[0.01483596 1.85807829],[-0.3156282   0.19327247],[0.0226653  0.18513625]
549,0.5500000000000004,[0.06157437 1.18654292],[0.01452025 1.85827783],[-0.31570303  0.19954317],[0.02266728 0.18528533]
550,0.5510000000000004,[0.06158858 1.18840141],[0.01420447 1.85848363],[-0.3157811   0.20579157],[0.02266928 0.18543372]
551,0.5520000000000004,[0.06160246 1.1902601 ],[0.01388861 1.85869564],[-0.31586239  0.21201791],[0.0226713  0.18558144]
552,0.5530000000000004,[0.06161604 1.19211902],[0.01357266 1.85891387],[-0.31594689  0.21822241],[0.02267333 0.18572848]
553,0.5540000000000004,[0.06162929 1.19397816],[0.01325663 1.85913827],[-0.31603458  0.22440532],[0.02267537 0.18587484]
554,0.5550000000000004,[0.06164223 1.19583752],[0.0129405  1.85936884],[-0.31612544  0.23056688],[0.02267743 0.18602052]
555,0.5560000000000004,[0.06165486 1.19769713],[0.01262428 1.85960555],[-0.31621945  0.2367073 ],[0.02267951 0.18616552]
556,0.5570000000000004,[0.06166717 1.19955698],[0.01230797 1.85984837],[-0.3163166   0.24282683],[0.0226816  0.18630985]
557,0.5580000000000004,[0.06167916 1.20141708],[0.01199155 1.8600973 ],[-0.31641688  0.24892569],[0.0226837  0.18645349]
558,0.5590000000000004,[0.06169083 1.20327743],[0.01167503 1.8603523 ],[-0.31652027  0.25500412],[0.02268582 0.18659646]
559,0.5600000000000004,[0.06170219 1.20513804],[0.0113584  1.86061337],[-0.31662674  0.26106234],[0.02268796 0.18673875]
560,0.5610000000000004,[0.06171323 1.20699892],[0.01104167 1.86088047],[-0.3167363   0.26710058],[0.02269011 0.18688036]
561,0.5620000000000004,[0.06172396 1.20886008],[0.01072482 1.86115358],[-0.31684892  0.27311906],[0.02269228 0.1870213 ]
562,0.5630000000000004,[0.06173437 1.21072151],[0.01040785 1.8614327 ],[-0.31696458  0.27911801],[0.02269446 0.18716155]
563,0.5640000000000004,[0.06174446 1.21258323],[0.01009077 1.8617178 ],[-0.31708327  0.28509766],[0.02269667 0.18730113]
564,0.5650000000000004,[0.06175423 1.21444523],[0.00977357 1.86200886],[-0.31720498  0.29105822],[0.02269888 0.18744004]
565,0.5660000000000004,[0.06176369 1.21630754],[0.00945624 1.86230586],[-0.3173297   0.29699991],[0.02270112 0.18757826]
566,0.5670000000000004,[0.06177282 1.21817015],[0.00913878 1.86260878],[-0.3174574   0.30292297],[0.02270337 0.18771581]
567,0.5680000000000004,[0.06178165 1.22003307],[0.00882119 1.86291761],[-0.31758807  0.3088276 ],[0.02270564 0.18785268]
568,0.5690000000000004,[0.06179015 1.2218963 ],[0.00850347 1.86323232],[-0.3177217   0.31471403],[0.02270793 0.18798887]
569,0.5700000000000004,[0.06179833 1.22375985],[0.00818561 1.86355291],[-0.31785828  0.32058247],[0.02271023 0.18812438]
570,0.5710000000000004,[0.0618062  1.22562373],[0.00786761 1.86387934],[-0.31799779  0.32643314],[0.02271255 0.18825922]
571,0.5720000000000004,[0.06181375 1.22748794],[0.00754947 1.86421161],[-0.31814021  0.33226625],[0.02271489 0.18839338]
572,0.5730000000000004,[0.06182098 1.22935249],[0.00723119 1.86454969],[-0.31828554  0.33808203],[0.02271725 0.18852686]
573,0.5740000000000004,[0.0618279  1.23121739],[0.00691275 1.86489357],[-0.31843376  0.34388067],[0.02271963 0.18865967]
574,0.5750000000000004,[0.06183449 1.23308263],[0.00659417 1.86524323],[-0.31858485  0.3496624 ],[0.02272202 0.1887918 ]
575,0.5760000000000004,[0.06184077 1.23494823],[0.00627543 1.86559866],[-0.31873881  0.35542743],[0.02272444 0.18892325]
576,0.5770000000000004,[0.06184672 1.23681419],[0.00595653 1.86595983],[-0.31889561  0.36117596],[0.02272687 0.18905402]
577,0.5780000000000004,[0.06185236 1.23868051],[0.00563748 1.86632674],[-0.31905526  0.3669082 ],[0.02272932 0.18918412]
578,0.5790000000000004,[0.06185768 1.24054721],[0.00531826 1.86669937],[-0.31921773  0.37262437],[0.02273179 0.18931354]
579,0.5800000000000004,[0.06186268 1.24241429],[0.00499888 1.86707769],[-0.31938301  0.37832466],[0.02273428 0.18944228]
580,0.5810000000000004,[0.06186736 1.24428175],[0.00467933 1.8674617 ],[-0.31955109  0.3840093 ],[0.02273679 0.18957034]
581,0.5820000000000004,[0.06187172 1.2461496 ],[0.00435961 1.86785138],[-0.31972196  0.38967847],[0.02273931 0.18969773]
582,0.5830000000000004,[0.06187576 1.24801785],[0.00403971 1.86824671],[-0.31989561  0.39533239],[0.02274186 0.18982444]
583,0.5840000000000004,[0.06187947 1.2498865 ],[0.00371964 1.86864768],[-0.32007201  0.40097126],[0.02274443 0.18995047]
584,0.5850000000000004,[0.06188287 1.25175555],[0.00339939 1.86905428],[-0.32025117  0.40659528],[0.02274702 0.19007582]
585,0.5860000000000004,[0.06188595 1.25362502],[0.00307895 1.86946648],[-0.32043307  0.41220466],[0.02274962 0.19020049]
586,0.5870000000000004,[0.06188873 1.25549494],[0.00278164 1.86992381],[-0.29731533  0.45732691],[0.02275225 0.19032449]
587,0.5880000000000004,[0.06189125 1.25736537],[0.00251069 1.87043073],[-0.27095008  0.50692254],[0.02275373 0.19044583]
588,0.5890000000000004,[0.06189351 1.25923636],[0.00226375 1.87098218],[-0.24693552  0.55144556],[0.0227539  0.19056427]
589,0.5900000000000004,[0.06189555 1.26110793],[0.00203869 1.87157356],[-0.22506177  0.59138133],[0.02275288 0.19068008]
590,0.5910000000000004,[0.06189738 1.26298013],[1.83355299e-03 1.87220073e+00],[-0.20513773  0.62716965],[0.02275076 0.19079348]
591,0.5920000000000004,[0.06189903 1.26485299],[1.64656363e-03 1.87285994e+00],[-0.18698936  0.659209  ],[0.02274764 0.19090467]
592,0.5930000000000004,[0.0619005  1.26672654],[1.47610545e-03 1.87354780e+00],[-0.17045818  0.68786043],[0.02274361 0.19101383]
593,0.5940000000000004,[0.06190182 1.2686008 ],[1.32070559e-03 1.87426125e+00],[-0.15539986  0.71345107],[0.02273876 0.19112113]
594,0.5950000000000004,[0.061903  1.2704758],[1.17902261e-03 1.87499753e+00],[-0.14168298  0.73627728],[0.02273314 0.19122672]
595,0.5960000000000004,[0.06190405 1.27235155],[1.04983475e-03 1.87575413e+00],[-0.12918786  0.75660758],[0.02272684 0.19133073]
596,0.5970000000000004,[0.06190499 1.27422808],[9.32029244e-04 1.87652882e+00],[-0.1178055   0.77468519],[0.0227199 0.1914333]
597,0.5980000000000004,[0.06190581 1.2761054 ],[8.24592598e-04 1.87731955e+00],[-0.10743665  0.79073047],[0.02271238 0.19153452]
598,0.5990000000000004,[0.06190654 1.27798352],[7.26601701e-04 1.87812449e+00],[-0.0979909   0.80494302],[0.02270434 0.1916345 ]
599,0.6000000000000004,[0.06190717 1.27986247],[6.37215767e-04 1.87894200e+00],[-0.08938593  0.81750363],[0.02269581 0.19173333]
600,0.6010000000000004,[0.06190773 1.28174224],[5.55668985e-04 1.87977057e+00],[-0.08154678  0.82857606],[0.02268684 0.19183109]
601,0.6020000000000004,[0.06190821 1.28362285],[4.81263821e-04 1.88060888e+00],[-0.07440516  0.8383086 ],[0.02267746 0.19192786]
602,0.6030000000000004,[0.06190862 1.2855043 ],[4.13364927e-04 1.88145572e+00],[-0.06789889  0.84683558],[0.02266772 0.19202369]
603,0.6040000000000004,[0.06190898 1.28738661],[3.51393586e-04 1.88230999e+00],[-0.06197134  0.85427862],[0.02265764 0.19211864]
604,0.6050000000000004,[0.06190927 1.28926978],[2.94822664e-04 1.88317074e+00],[-0.05657092  0.86074784],[0.02264724 0.19221278]
605,0.6060000000000004,[0.06190951 1.29115382],[2.43172000e-04 1.88403709e+00],[-0.05165066  0.86634297],[0.02263656 0.19230615]
606,0.6070000000000004,[0.06190971 1.29303873],[1.96004221e-04 1.88490824e+00],[-0.04716778  0.87115427],[0.02262562 0.19239879]
607,0.6080000000000004,[0.06190986 1.29492451],[1.52920919e-04 1.88578350e+00],[-0.0430833   0.87526346],[0.02261444 0.19249073]
608,0.6090000000000004,[0.06190998 1.29681117],[1.13559181e-04 1.88666225e+00],[-0.03936174  0.87874451],[0.02260304 0.19258203]
609,0.6100000000000004,[0.06191005 1.29869872],[7.75884141e-05 1.88754391e+00],[-0.03597077  0.88166436],[0.02259143 0.19267269]
610,0.6110000000000004,[0.0619101  1.30058715],[4.47074727e-05 1.88842800e+00],[-0.03288094  0.88408359],[0.02257964 0.19276276]
611,0.6120000000000004,[0.06191011 1.30247646],[1.46420256e-05 1.88931405e+00],[-0.03006545  0.88605701],[0.02256768 0.19285226]
612,0.6130000000000004,[0.0619101  1.30436666],[-1.28578325e-05  1.89020169e+00],[-0.02749986  0.88763421],[0.02255556 0.1929412 ]
613,0.6140000000000004,[0.06191006 1.30625775],[-3.80197595e-05  1.89109055e+00],[-0.02516193  0.88886004],[0.02254329 0.19302961]
614,0.6150000000000004,[0.06191    1.30814973],[-6.10511491e-05  1.89198032e+00],[-0.02303139  0.88977507],[0.02253089 0.19311751]
615,0.6160000000000004,[0.06190992 1.3100426 ],[-8.21409373e-05  1.89287074e+00],[-0.02108979  0.89041596],[0.02251836 0.1932049 ]
616,0.6170000000000004,[0.06190982 1.31193636],[-1.01461248e-04  1.89376155e+00],[-0.01932031  0.89081589],[0.02250572 0.19329181]
617,0.6180000000000004,[0.0619097  1.31383102],[-1.19168889e-04  1.89465256e+00],[-0.01770764  0.89100481],[0.02249297 0.19337825]
618,0.6190000000000004,[0.06190956 1.31572656],[-1.35406722e-04  1.89554357e+00],[-0.01623783  0.8910098 ],[0.02248012 0.19346422]
619,0.6200000000000004,[0.06190941 1.31762299],[-1.50304901e-04  1.89643442e+00],[-0.01489818  0.89085533],[0.02246718 0.19354974]
620,0.6210000000000004,[0.06190925 1.31952032],[-1.63982004e-04  1.89732499e+00],[-0.0136771   0.89056348],[0.02245415 0.1936348 ]
621,0.6220000000000004,[0.06190907 1.32141853],[-1.76546068e-04  1.89821514e+00],[-0.01256406  0.89015421],[0.02244104 0.19371943]
622,0.6230000000000004,[0.06190888 1.32331764],[-1.88095524e-04  1.89910479e+00],[-0.01154946  0.88964551],[0.02242786 0.19380362]
623,0.6240000000000004,[0.06190869 1.32521763],[-1.98720058e-04  1.89999384e+00],[-0.01062453  0.88905363],[0.0224146  0.19388738]
624,0.6250000000000004,[0.06190848 1.32711852],[-2.08501382e-04  1.90088223e+00],[-0.00978132  0.88839319],[0.02240129 0.19397072]
625,0.6260000000000004,[0.06190826 1.32902029],[-2.17513951e-04  1.90176991e+00],[-0.00901257  0.88767741],[0.02238791 0.19405362]
626,0.6270000000000004,[0.06190803 1.33092294],[-2.26378015e-04  1.90265611e+00],[-0.00886406  0.88619882],[0.02237447 0.19413611]
627,0.6280000000000004,[0.0619078  1.33282648],[-2.35852018e-04  1.90353992e+00],[-0.009474    0.88380832],[0.022361   0.19421822]
628,0.6290000000000004,[0.06190755 1.3347309 ],[-2.45932210e-04  1.90442144e+00],[-0.01008019  0.88151889],[0.02234755 0.19429999]
629,0.6300000000000004,[0.06190729 1.3366362 ],[-2.56614931e-04  1.90530077e+00],[-0.01068272  0.87932928],[0.02233411 0.19438141]
630,0.6310000000000004,[0.06190703 1.33854238],[-2.67896609e-04  1.90617800e+00],[-0.01128168  0.87723828],[0.02232067 0.19446249]
631,0.6320000000000005,[0.06190675 1.34044944],[-2.79773754e-04  1.90705325e+00],[-0.01187715  0.8752447 ],[0.02230725 0.19454321]
632,0.6330000000000005,[0.06190645 1.34235736],[-2.92242966e-04  1.90792660e+00],[-0.01246921  0.87334735],[0.02229384 0.19462358]
633,0.6340000000000005,[0.06190615 1.34426616],[-3.05300925e-04  1.90879814e+00],[-0.01305796  0.87154507],[0.02228044 0.19470358]
634,0.6350000000000005,[0.06190583 1.34617583],[-3.18944395e-04  1.90966798e+00],[-0.01364347  0.86983669],[0.02226705 0.19478322]
635,0.6360000000000005,[0.0619055  1.34808636],[-3.33170222e-04  1.91053620e+00],[-0.01422583  0.8682211 ],[0.02225367 0.19486248]
636,0.6370000000000005,[0.06190515 1.34999777],[-3.4797533e-04  1.9114029e+00],[-0.01480511  0.86669715],[0.0222403  0.19494137]
637,0.6380000000000005,[0.06190479 1.35191004],[-3.63356726e-04  1.91226816e+00],[-0.0153814   0.86526376],[0.02222694 0.19501988]
638,0.6390000000000005,[0.06190441 1.35382317],[-3.79311492e-04  1.91313208e+00],[-0.01595477  0.86391982],[0.02221359 0.19509799]
639,0.6400000000000005,[0.06190401 1.35573716],[-3.95836789e-04  1.91399474e+00],[-0.0165253   0.86266427],[0.02220025 0.19517572]
640,0.6410000000000005,[0.0619036  1.35765202],[-4.12929853e-04  1.91485624e+00],[-0.01709306  0.86149604],[0.02218692 0.19525305]
641,0.6420000000000005,[0.06190317 1.35956773],[-4.30587997e-04  1.91571665e+00],[-0.01765814  0.86041408],[0.0221736  0.19532999]
642,0.6430000000000005,[0.06190272 1.36148431],[-4.48808607e-04  1.91657607e+00],[-0.01822061  0.85941736],[0.02216029 0.19540651]
643,0.6440000000000005,[0.06190225 1.36340175],[-4.67589142e-04  1.91743458e+00],[-0.01878054  0.85850487],[0.02214699 0.19548263]
644,0.6450000000000005,[0.06190176 1.36532004],[-4.86927134e-04  1.91829225e+00],[-0.01933799  0.8576756 ],[0.0221337  0.19555834]
645,0.6460000000000005,[0.06190126 1.36723919],[-5.06820186e-04  1.91914918e+00],[-0.01989305  0.85692856],[0.02212042 0.19563362]
646,0.6470000000000005,[0.06190073 1.36915919],[-5.27265970e-04  1.92000544e+00],[-0.02044578  0.85626276],[0.02210715 0.19570849]
647,0.6480000000000005,[0.06190018 1.37108005],[-5.48262231e-04  1.92086112e+00],[-0.02099626  0.85567726],[0.02209388 0.19578293]
648,0.6490000000000005,[0.06189961 1.37300177],[-5.69806779e-04  1.92171629e+00],[-0.02154455  0.85517109],[0.02208063 0.19585694]
649,0.6500000000000005,[0.06189902 1.37492434],[-5.91897492e-04  1.92257104e+00],[-0.02209071  0.85474332],[0.02206738 0.19593051]
650,0.6510000000000005,[0.06189841 1.37684777],[-6.14532317e-04  1.92342543e+00],[-0.02263482  0.85439302],[0.02205415 0.19600364]
651,0.6520000000000005,[0.06189777 1.37877205],[-6.37709265e-04  1.92427955e+00],[-0.02317695  0.85411929],[0.02204092 0.19607633]
652,0.6530000000000005,[0.06189711 1.38069718],[-6.61426411e-04  1.92513347e+00],[-0.02371715  0.85392121],[0.02202771 0.19614858]
653,0.6540000000000005,[0.06189642 1.38262317],[-6.85681897e-04  1.92598727e+00],[-0.02425549  0.85379792],[0.0220145  0.19622037]
654,0.6550000000000005,[0.06189571 1.38455001],[-7.10473925e-04  1.92684102e+00],[-0.02479203  0.85374853],[0.0220013  0.19629171]
655,0.6560000000000005,[0.06189497 1.3864777 ],[-7.35800762e-04  1.92769479e+00],[-0.02532684  0.85377218],[0.02198811 0.19636259]
656,0.6570000000000005,[0.06189421 1.38840625],[-7.61660736e-04  1.92854866e+00],[-0.02585997  0.85386801],[0.02197493 0.196433  ]
657,0.6580000000000005,[0.06189342 1.39033565],[-7.88052233e-04  1.92940269e+00],[-0.0263915  0.8540352],[0.02196176 0.19650295]
658,0.6590000000000005,[0.06189261 1.39226591],[-8.14973704e-04  1.93025696e+00],[-0.02692147  0.85427292],[0.0219486  0.19657243]
659,0.6600000000000005,[0.06189177 1.39419702],[-8.42423655e-04  1.93111154e+00],[-0.02744995  0.85458034],[0.02193545 0.19664143]
660,0.6610000000000005,[0.0618909  1.39612899],[-8.70400651e-04  1.93196650e+00],[-0.027977    0.85495666],[0.0219223  0.19670995]
661,0.6620000000000005,[0.06189    1.39806181],[-8.98903317e-04  1.93282190e+00],[-0.02850267  0.8554011 ],[0.02190917 0.196778  ]
662,0.6630000000000005,[0.06188907 1.39999549],[-9.27930332e-04  1.93367782e+00],[-0.02902702  0.85591288],[0.02189604 0.19684555]
663,0.6640000000000005,[0.06188811 1.40193002],[-9.57480433e-04  1.93453431e+00],[-0.0295501   0.85649121],[0.02188293 0.19691262]
664,0.6650000000000005,[0.06188713 1.40386541],[-9.87552412e-04  1.93539144e+00],[-0.03007198  0.85713534],[0.02186982 0.19697919]
665,0.6660000000000005,[0.06188611 1.40580166],[-1.01814511e-03  1.93624929e+00],[-0.0305927   0.85784453],[0.02185672 0.19704527]
666,0.6670000000000005,[0.06188506 1.40773877],[-1.04925744e-03  1.93710790e+00],[-0.03111233  0.85861803],[0.02184363 0.19711084]
667,0.6680000000000005,[0.06188398 1.40967674],[-1.08088834e-03  1.93796736e+00],[-0.0316309   0.85945512],[0.02183055 0.19717592]
668,0.6690000000000005,[0.06188286 1.41161557],[-1.11303683e-03  1.93882771e+00],[-0.03214849  0.86035508],[0.02181748 0.19724048]
669,0.6700000000000005,[0.06188172 1.41355526],[-1.14570196e-03  1.93968903e+00],[-0.03266513  0.86131721],[0.02180441 0.19730453]
670,0.6710000000000005,[0.06188054 1.41549581],[-1.17888284e-03  1.94055137e+00],[-0.03318088  0.8623408 ],[0.02179136 0.19736807]
671,0.6720000000000005,[0.06187933 1.41743722],[-1.21257863e-03  1.94141480e+00],[-0.03369579  0.86342517],[0.02177831 0.19743109]
672,0.6730000000000005,[0.06187808 1.4193795 ],[-1.24678853e-03  1.94227937e+00],[-0.03420991  0.86456964],[0.02176528 0.19749359]
673,0.6740000000000005,[0.0618768  1.42132265],[-1.28151182e-03  1.94314514e+00],[-0.03472328  0.86577355],[0.02175225 0.19755556]
674,0.6750000000000005,[0.06187548 1.42326666],[-1.31674779e-03  1.94401218e+00],[-0.03523597  0.86703623],[0.02173923 0.19761701]
675,0.6760000000000005,[0.06187413 1.42521154],[-1.35249579e-03  1.94488053e+00],[-0.03574801  0.86835705],[0.02172623 0.19767793]
676,0.6770000000000005,[0.06187274 1.42715729],[-1.38875524e-03  1.94575027e+00],[-0.03625945  0.86973535],[0.02171323 0.1977383 ]
677,0.6780000000000005,[0.06187131 1.42910391],[-1.42552558e-03  1.94662144e+00],[-0.03677034  0.87117052],[0.02170024 0.19779815]
678,0.6790000000000005,[0.06186985 1.4310514 ],[-1.4628063e-03  1.9474941e+00],[-0.03728072  0.87266193],[0.02168726 0.19785745]
679,0.6800000000000005,[0.06186835 1.43299977],[-1.50059695e-03  1.94836831e+00],[-0.03779065  0.87420896],[0.02167428 0.1979162 ]
680,0.6810000000000005,[0.06186681 1.43494902],[-1.53889711e-03  1.94924412e+00],[-0.03830016  0.87581103],[0.02166132 0.19797441]
681,0.6820000000000005,[0.06186523 1.43689914],[-1.57770641e-03  1.95012159e+00],[-0.0388093   0.87746752],[0.02164837 0.19803207]
682,0.6830000000000005,[0.06186362 1.43885014],[-1.61702452e-03  1.95100077e+00],[-0.03931811  0.87917787],[0.02163543 0.19808917]
683,0.6840000000000005,[0.06186196 1.44080202],[-1.65685116e-03  1.95188171e+00],[-0.03982664  0.88094149],[0.02162249 0.19814571]
684,0.6850000000000005,[0.06186026 1.44275479],[-1.69718609e-03  1.95276447e+00],[-0.04033493  0.88275781],[0.02160957 0.1982017 ]
685,0.6860000000000005,[0.06185853 1.44470843],[-1.73802911e-03  1.95364909e+00],[-0.04084302  0.88462628],[0.02159665 0.19825712]
686,0.6870000000000005,[0.06185675 1.44666297],[-1.77938006e-03  1.95453564e+00],[-0.04135095  0.88654634],[0.02158375 0.19831198]
687,0.6880000000000005,[0.06185493 1.44861839],[-1.82123882e-03  1.95542416e+00],[-0.04185876  0.88851746],[0.02157085 0.19836626]
688,0.6890000000000005,[0.06185306 1.45057471],[-1.86360532e-03  1.95631470e+00],[-0.0423665   0.89053909],[0.02155796 0.19841998]
689,0.6900000000000005,[0.06185115 1.45253192],[-1.90647953e-03  1.95720731e+00],[-0.04287421  0.89261072],[0.02154509 0.19847311]
690,0.6910000000000005,[0.06184921 1.45449002],[-1.94986144e-03  1.95810204e+00],[-0.04338191  0.89473182],[0.02153222 0.19852567]
691,0.6920000000000005,[0.06184721 1.45644902],[-0.00199375  1.95899894],[-0.04388966  0.89690188],[0.02151936 0.19857765]
692,0.6930000000000005,[0.06184517 1.45840892],[-0.00203815  1.95989806],[-0.04439749  0.89912039],[0.02150652 0.19862904]
693,0.6940000000000005,[0.06184309 1.46036972],[-0.00208305  1.96079945],[-0.04490544  0.90138687],[0.02149368 0.19867985]
694,0.6950000000000005,[0.06184096 1.46233142],[-0.00212847  1.96170315],[-0.04541354  0.90370083],[0.02148085 0.19873007]
695,0.6960000000000005,[0.06183879 1.46429403],[-0.00217439  1.96260921],[-0.04592184  0.90606178],[0.02146803 0.19877969]
696,0.6970000000000005,[0.06183657 1.46625755],[-0.00222082  1.96351768],[-0.04643037  0.90846925],[0.02145523 0.19882872]
697,0.6980000000000005,[0.0618343  1.46822197],[-0.00226776  1.9644286 ],[-0.04693916  0.91092278],[0.02144243 0.19887714]
698,0.6990000000000005,[0.06183198 1.47018732],[-0.00231521  1.96534202],[-0.04744826  0.9134219 ],[0.02142964 0.19892497]
699,0.7000000000000005,[0.06182962 1.47215357],[-0.00236316  1.96625799],[-0.04795769  0.91596617],[0.02141687 0.19897219]
700,0.7010000000000005,[0.06182721 1.47412075],[-0.00241163  1.96717655],[-0.04846749  0.91855514],[0.0214041  0.19901881]
701,0.7020000000000005,[0.06182475 1.47608885],[-0.00246061  1.96809773],[-0.0489777   0.92118837],[0.02139135 0.19906481]
702,0.7030000000000005,[0.06182224 1.47805787],[-0.0025101  1.9690216],[-0.04948835  0.92386544],[0.0213786  0.19911021]
703,0.7040000000000005,[0.06181968 1.48002782],[-0.0025601   1.96994818],[-0.04999947  0.92658591],[0.02136587 0.19915499]
704,0.7050000000000005,[0.06181707 1.4819987 ],[-0.00261061  1.97087753],[-0.0505111   0.92934938],[0.02135315 0.19919915]
705,0.7060000000000005,[0.06181441 1.4839705 ],[-0.00266163  1.97180969],[-0.05102327  0.93215542],[0.02134044 0.19924268]
706,0.7070000000000005,[0.06181169 1.48594325],[-0.00271317  1.97274469],[-0.05153601  0.93500364],[0.02132774 0.1992856 ]
707,0.7080000000000005,[0.06180893 1.48791693],[-0.00276522  1.97368259],[-0.05204935  0.93789364],[0.02131505 0.19932789]
708,0.7090000000000005,[0.06180611 1.48989156],[-0.00281778  1.97462341],[-0.05256333  0.94082503],[0.02130237 0.19936955]
709,0.7100000000000005,[0.06180324 1.49186712],[-0.00287086  1.97556721],[-0.05307797  0.94379742],[0.0212897  0.19941058]
710,0.7110000000000005,[0.06180031 1.49384364],[-0.00292445  1.97651402],[-0.05359331  0.94681043],[0.02127704 0.19945098]
711,0.7120000000000005,[0.06179734 1.4958211 ],[-0.00297856  1.97746388],[-0.05410938  0.94986369],[0.0212644  0.19949074]
712,0.7130000000000005,[0.0617943  1.49779952],[-0.00303319  1.97841684],[-0.0546262   0.95295683],[0.02125177 0.19952986]
713,0.7140000000000005,[0.06179121 1.49977889],[-0.00308833  1.97937293],[-0.05514381  0.9560895 ],[0.02123915 0.19956834]
714,0.7150000000000005,[0.06178807 1.50175922],[-0.00314399  1.98033219],[-0.05566223  0.95926134],[0.02122654 0.19960617]
715,0.7160000000000005,[0.06178487 1.50374052],[-0.00320018  1.98129466],[-0.0561815   0.96247199],[0.02121394 0.19964336]
716,0.7170000000000005,[0.06178161 1.50572278],[-0.00325688  1.98226038],[-0.05670165  0.96572112],[0.02120135 0.1996799 ]
717,0.7180000000000005,[0.0617783  1.50770601],[-0.0033141   1.98322939],[-0.05722269  0.96900839],[0.02118878 0.19971579]
718,0.7190000000000005,[0.06177493 1.50969021],[-0.00337184  1.98420173],[-0.05774467  0.97233347],[0.02117622 0.19975102]
719,0.7200000000000005,[0.0617715  1.51167539],[-0.00343011  1.98517742],[-0.0582676   0.97569603],[0.02116367 0.1997856 ]
720,0.7210000000000005,[0.06176801 1.51366154],[-0.0034889   1.98615652],[-0.05879152  0.97909575],[0.02115113 0.19981952]
721,0.7220000000000005,[0.06176446 1.51564868],[-0.00354822  1.98713905],[-0.05931645  0.98253231],[0.02113861 0.19985278]
722,0.7230000000000005,[0.06176085 1.51763681],[-0.00360806  1.98812506],[-0.05984242  0.98600541],[0.02112609 0.19988537]
723,0.7240000000000005,[0.06175718 1.51962592],[-0.00366843  1.98911457],[-0.06036945  0.98951474],[0.02111359 0.1999173 ]
724,0.7250000000000005,[0.06175345 1.52161603],[-0.00372933  1.99010763],[-0.06089757  0.99306   ],[0.02110111 0.19994855]
725,0.7260000000000005,[0.06174966 1.52360713],[-0.00379076  1.99110427],[-0.06142681  0.9966409 ],[0.02108863 0.19997914]
726,0.7270000000000005,[0.06174581 1.52559924],[-0.00385271  1.99210453],[-0.06195719  1.00025715],[0.02107617 0.20000905]
727,0.7280000000000005,[0.0617419  1.52759235],[-0.0039152   1.99310844],[-0.06248874  1.00390847],[0.02106373 0.20003829]
728,0.7290000000000005,[0.06173792 1.52958646],[-0.00397822  1.99411603],[-0.06302148  1.00759457],[0.02105129 0.20006685]
729,0.7300000000000005,[0.06173388 1.53158159],[-0.00404178  1.99512735],[-0.06355544  1.01131518],[0.02103887 0.20009473]
730,0.7310000000000005,[0.06172977 1.53357773],[-0.00410587  1.99614242],[-0.06409064  1.01507004],[0.02102646 0.20012192]
731,0.7320000000000005,[0.0617256  1.53557489],[-0.0041705   1.99716128],[-0.06462711  1.01885888],[0.02101407 0.20014843]
732,0.7330000000000005,[0.06172136 1.53757308],[-0.00423566  1.99818396],[-0.06516486  1.02268144],[0.02100169 0.20017425]
733,0.7340000000000005,[0.06171706 1.53957229],[-0.00430137  1.99921049],[-0.06570393  1.02653747],[0.02098933 0.20019939]
734,0.7350000000000005,[0.06171269 1.54157253],[-0.00436761  2.00024092],[-0.06624433  1.03042671],[0.02097697 0.20022383]
735,0.7360000000000005,[0.06170826 1.5435738 ],[-0.0044344   2.00127527],[-0.06678609  1.03434892],[0.02096464 0.20024757]
736,0.7370000000000005,[0.06170376 1.54557612],[-0.00450173  2.00231357],[-0.06732924  1.03830387],[0.02095231 0.20027062]
737,0.7380000000000005,[0.06169919 1.54757947],[-0.0045696   2.00335587],[-0.06787378  1.04229131],[0.02094001 0.20029297]
738,0.7390000000000005,[0.06169455 1.54958388],[-0.00463802  2.00440218],[-0.06841976  1.04631101],[0.02092771 0.20031462]
739,0.7400000000000005,[0.06168984 1.55158933],[-0.00470699  2.00545254],[-0.06896718  1.05036275],[0.02091543 0.20033556]
740,0.7410000000000005,[0.06168507 1.55359584],[-0.0047765   2.00650699],[-0.06951608  1.0544463 ],[0.02090317 0.2003558 ]
741,0.7420000000000005,[0.06168022 1.5556034 ],[-0.00484657  2.00756555],[-0.07006647  1.05856144],[0.02089092 0.20037533]
742,0.7430000000000005,[0.0616753  1.55761203],[-0.00491719  2.00862825],[-0.07061837  1.06270797],[0.02087868 0.20039415]
743,0.7440000000000005,[0.06167032 1.55962172],[-0.00498836  2.00969514],[-0.07117181  1.06688566],[0.02086646 0.20041225]
744,0.7450000000000006,[0.06166525 1.56163249],[-0.00506009  2.01076623],[-0.0717268   1.07109432],[0.02085426 0.20042965]
745,0.7460000000000006,[0.06166012 1.56364433],[-0.00513237  2.01184157],[-0.07228337  1.07533375],[0.02084207 0.20044632]
746,0.7470000000000006,[0.06165492 1.56565725],[-0.00520521  2.01292117],[-0.07284154  1.07960374],[0.0208299  0.20046228]
747,0.7480000000000006,[0.06164964 1.56767126],[-0.00527861  2.01400508],[-0.07340133  1.08390409],[0.02081774 0.20047751]
748,0.7490000000000006,[0.06164429 1.56968635],[-0.00535257  2.01509331],[-0.07396275  1.08823464],[0.0208056  0.20049202]
749,0.7500000000000006,[0.06163886 1.57170254],[-0.0054271   2.01618591],[-0.07452584  1.09259517],[0.02079348 0.20050581]
750,0.7510000000000006,[0.06163336 1.57371982],[-0.00550219  2.01728289],[-0.0750906   1.09698552],[0.02078137 0.20051886]
751,0.7520000000000006,[0.06162778 1.5757382 ],[-0.00557785  2.0183843 ],[-0.07565706  1.10140551],[0.02076928 0.20053119]
752,0.7530000000000006,[0.06162212 1.57775769],[-0.00565407  2.01949015],[-0.07622523  1.10585496],[0.0207572  0.20054278]
753,0.7540000000000006,[0.06161639 1.5797783 ],[-0.00573087  2.02060049],[-0.07679515  1.1103337 ],[0.02074515 0.20055364]
754,0.7550000000000006,[0.06161059 1.58180001],[-0.00580824  2.02171533],[-0.07736681  1.11484157],[0.0207331  0.20056376]
755,0.7560000000000006,[0.0616047  1.58382285],[-0.00588618  2.02283471],[-0.07794026  1.11937839],[0.02072108 0.20057315]
756,0.7570000000000006,[0.06159873 1.5858468 ],[-0.00596469  2.02395865],[-0.07851549  1.12394402],[0.02070907 0.20058179]
757,0.7580000000000006,[0.06159269 1.58787189],[-0.00604378  2.02508719],[-0.07909254  1.1285383 ],[0.02069708 0.20058969]
758,0.7590000000000006,[0.06158657 1.58989811],[-0.00612345  2.02622035],[-0.07967142  1.13316107],[0.02068511 0.20059685]
759,0.7600000000000006,[0.06158036 1.59192547],[-0.00620371  2.02735816],[-0.08025214  1.13781218],[0.02067316 0.20060325]
760,0.7610000000000006,[0.06157408 1.59395397],[-0.00628454  2.02850065],[-0.08083473  1.1424915 ],[0.02066122 0.20060891]
761,0.7620000000000006,[0.06156771 1.59598362],[-0.00636596  2.02964785],[-0.08141921  1.14719887],[0.0206493  0.20061382]
762,0.7630000000000006,[0.06156127 1.59801442],[-0.00644797  2.03079979],[-0.08200558  1.15193417],[0.0206374  0.20061797]
763,0.7640000000000006,[0.06155473 1.60004637],[-0.00653056  2.03195648],[-0.08259388  1.15669724],[0.02062552 0.20062137]
764,0.7650000000000006,[0.06154812 1.60207949],[-0.00661374  2.03311797],[-0.08318411  1.16148797],[0.02061365 0.20062401]
765,0.7660000000000006,[0.06154142 1.60411378],[-0.00669752  2.03428428],[-0.0837763   1.16630623],[0.02060181 0.20062588]
766,0.7670000000000006,[0.06153464 1.60614923],[-0.00678189  2.03545543],[-0.08437046  1.17115189],[0.02058998 0.200627  ]
767,0.7680000000000006,[0.06152777 1.60818586],[-0.00686686  2.03663145],[-0.0849666   1.17602482],[0.02057818 0.20062735]
768,0.7690000000000006,[0.06152082 1.61022368],[-0.00695242  2.03781238],[-0.08556475  1.18092491],[0.02056639 0.20062694]
769,0.7700000000000006,[0.06151378 1.61226267],[-0.00703859  2.03899823],[-0.08616493  1.18585204],[0.02055462 0.20062576]
770,0.7710000000000006,[0.06150666 1.61430286],[-0.00712535  2.04018904],[-0.08676714  1.1908061 ],[0.02054287 0.2006238 ]
771,0.7720000000000006,[0.06149945 1.61634425],[-0.00721273  2.04138482],[-0.0873714   1.19578699],[0.02053114 0.20062108]
772,0.7730000000000006,[0.06149215 1.61838683],[-0.0073007   2.04258562],[-0.08797774  1.20079459],[0.02051943 0.20061758]
773,0.7740000000000006,[0.06148476 1.62043063],[-0.00738929  2.04379145],[-0.08858616  1.20582879],[0.02050774 0.2006133 ]
774,0.7750000000000006,[0.06147728 1.62247563],[-0.00747849  2.04500234],[-0.08919669  1.21088951],[0.02049607 0.20060825]
775,0.7760000000000006,[0.06146971 1.62452185],[-0.0075683   2.04621831],[-0.08980934  1.21597664],[0.02048442 0.20060241]
776,0.7770000000000006,[0.06146205 1.62656929],[-0.00765872  2.0474394 ],[-0.09042412  1.22109009],[0.0204728  0.20059579]
777,0.7780000000000006,[0.0614543  1.62861795],[-0.00774976  2.04866563],[-0.09104105  1.22622976],[0.02046119 0.20058839]
778,0.7790000000000006,[0.06144646 1.63066785],[-0.00784142  2.04989703],[-0.09166015  1.23139557],[0.0204496 0.2005802]
779,0.7800000000000006,[0.06143853 1.63271898],[-0.0079337   2.05113362],[-0.09228143  1.23658743],[0.02043804 0.20057122]
780,0.7810000000000006,[0.0614305  1.63477136],[-0.00802661  2.05237542],[-0.09290491  1.24180526],[0.02042649 0.20056145]
781,0.7820000000000006,[0.06142238 1.63682498],[-0.00812014  2.05362247],[-0.0935306   1.24704898],[0.02041497 0.20055089]
782,0.7830000000000006,[0.06141416 1.63887985],[-0.0082143   2.05487479],[-0.09415852  1.2523185 ],[0.02040347 0.20053953]
783,0.7840000000000006,[0.06140586 1.64093599],[-0.00830909  2.0561324 ],[-0.09478868  1.25761376],[0.02039199 0.20052737]
784,0.7850000000000006,[0.06139745 1.64299338],[-0.00840451  2.05739534],[-0.0954211   1.26293468],[0.02038053 0.20051442]
785,0.7860000000000006,[0.06138895 1.64505205],[-0.00850056  2.05866362],[-0.09605579  1.26828119],[0.0203691  0.20050066]
786,0.7870000000000006,[0.06138035 1.64711198],[-0.00859726  2.05993727],[-0.09669277  1.27365322],[0.02035768 0.2004861 ]
787,0.7880000000000006,[0.06137166 1.6491732 ],[-0.00869459  2.06121632],[-0.09733205  1.27905071],[0.02034629 0.20047073]
788,0.7890000000000006,[0.06136287 1.6512357 ],[-0.00879256  2.0625008 ],[-0.09797364  1.2844736 ],[0.02033493 0.20045456]
789,0.7900000000000006,[0.06135397 1.65329949],[-0.00889118  2.06379072],[-0.09861757  1.28992183],[0.02032358 0.20043758]
790,0.7910000000000006,[0.06134498 1.65536458],[-0.00899044  2.06508611],[-0.09926385  1.29539534],[0.02031226 0.20041978]
791,0.7920000000000006,[0.06133589 1.65743096],[-0.00909035  2.06638701],[-0.09991248  1.30089407],[0.02030096 0.20040118]
792,0.7930000000000006,[0.0613267  1.65949866],[-0.00919092  2.06769343],[-0.10056349  1.30641798],[0.02028969 0.20038175]
793,0.7940000000000006,[0.06131741 1.66156766],[-0.00929214  2.06900539],[-0.10121688  1.311967  ],[0.02027844 0.20036151]
794,0.7950000000000006,[0.06130802 1.66363799],[-0.00939401  2.07032293],[-0.10187268  1.31754111],[0.02026721 0.20034045]
795,0.7960000000000006,[0.06129852 1.66570963],[-0.00949654  2.07164607],[-0.10253089  1.32314025],[0.02025601 0.20031857]
796,0.7970000000000006,[0.06128892 1.66778261],[-0.00959973  2.07297484],[-0.10319153  1.32876437],[0.02024483 0.20029587]
797,0.7980000000000006,[0.06127922 1.66985692],[-0.00970358  2.07430925],[-0.10385462  1.33441344],[0.02023368 0.20027234]
798,0.7990000000000006,[0.06126941 1.67193256],[-0.00980811  2.07564934],[-0.10452016  1.34008742],[0.02022255 0.20024798]
799,0.8000000000000006,[0.0612595  1.67400956],[-0.00991329  2.07699513],[-0.10518818  1.34578628],[0.02021144 0.20022279]
800,0.8010000000000006,[0.06124948 1.67608791],[-0.01001915  2.07834664],[-0.10585868  1.35150997],[0.02020036 0.20019677]
801,0.8020000000000006,[0.06123935 1.67816761],[-0.01012568  2.07970389],[-0.10653167  1.35725848],[0.02018931 0.20016991]
802,0.8030000000000006,[0.06122912 1.68024868],[-0.01023289  2.08106693],[-0.10720718  1.36303176],[0.02017828 0.20014222]
803,0.8040000000000006,[0.06121878 1.68233111],[-0.01034078  2.08243576],[-0.10788522  1.3688298 ],[0.02016728 0.20011369]
804,0.8050000000000006,[0.06120833 1.68441492],[-0.01044934  2.08381041],[-0.10856579  1.37465256],[0.0201563  0.20008432]
805,0.8060000000000006,[0.06119777 1.68650011],[-0.01055859  2.08519091],[-0.10924891  1.38050003],[0.02014535 0.20005411]
806,0.8070000000000006,[0.0611871  1.68858669],[-0.01066853  2.08657728],[-0.1099346   1.38637219],[0.02013443 0.20002306]
807,0.8080000000000006,[0.06117632 1.69067466],[-0.01077915  2.08796955],[-0.11062287  1.39226901],[0.02012353 0.19999116]
808,0.8090000000000006,[0.06116543 1.69276403],[-0.01089046  2.08936774],[-0.11131373  1.39819048],[0.02011266 0.19995841]
809,0.8100000000000006,[0.06115443 1.6948548 ],[-0.01100247  2.09077188],[-0.11200719  1.40413658],[0.02010182 0.19992481]
810,0.8110000000000006,[0.06114331 1.69694698],[-0.01111517  2.09218198],[-0.11270326  1.41010731],[0.020091   0.19989036]
811,0.8120000000000006,[0.06113208 1.69904058],[-0.01122857  2.09359809],[-0.11340197  1.41610265],[0.02008021 0.19985505]
812,0.8130000000000006,[0.06112074 1.7011356 ],[-0.01134268  2.09502021],[-0.11410332  1.42212259],[0.02006945 0.19981889]
813,0.8140000000000006,[0.06110928 1.70323205],[-0.01145748  2.09644838],[-0.11480733  1.42816713],[0.02005872 0.19978187]
814,0.8150000000000006,[0.06109771 1.70532993],[-0.011573    2.09788261],[-0.115514    1.43423627],[0.02004801 0.19974399]
815,0.8160000000000006,[0.06108602 1.70742926],[-0.01168922  2.09932294],[-0.11622335  1.44032999],[0.02003733 0.19970524]
816,0.8170000000000006,[0.06107422 1.70953002],[-0.01180616  2.10076939],[-0.1169354  1.4464483],[0.02002668 0.19966563]
817,0.8180000000000006,[0.06106229 1.71163225],[-0.01192381  2.10222198],[-0.11765015  1.45259121],[0.02001606 0.19962516]
818,0.8190000000000006,[0.06105025 1.71373593],[-0.01204218  2.10368074],[-0.11836762  1.45875871],[0.02000547 0.19958381]
819,0.8200000000000006,[0.06103809 1.71584107],[-0.01216126  2.10514569],[-0.11908782  1.4649508 ],[0.01999491 0.1995416 ]
820,0.8210000000000006,[0.06102581 1.71794769],[-0.01228107  2.10661686],[-0.11981076  1.47116751],[0.01998438 0.19949851]
821,0.8220000000000006,[0.06101341 1.72005578],[-0.01240161  2.10809427],[-0.12053646  1.47740882],[0.01997387 0.19945455]
822,0.8230000000000006,[0.06100088 1.72216536],[-0.01252288  2.10957794],[-0.12126493  1.48367476],[0.0199634  0.19940971]
823,0.8240000000000006,[0.06098824 1.72427643],[-0.01264487  2.11106791],[-0.12199617  1.48996534],[0.01995296 0.19936399]
824,0.8250000000000006,[0.06097547 1.72638899],[-0.0127676   2.11256419],[-0.12273021  1.49628057],[0.01994254 0.19931739]
825,0.8260000000000006,[0.06096258 1.72850306],[-0.01289107  2.11406681],[-0.12346705  1.50262046],[0.01993216 0.19926991]
826,0.8270000000000006,[0.06094956 1.73061864],[-0.01301528  2.11557579],[-0.12420671  1.50898504],[0.01992181 0.19922154]
827,0.8280000000000006,[0.06093642 1.73273573],[-0.01314022  2.11709117],[-0.1249492   1.51537432],[0.01991149 0.19917229]
828,0.8290000000000006,[0.06092316 1.73485434],[-0.01326592  2.11861296],[-0.12569452  1.52178832],[0.0199012  0.19912214]
829,0.8300000000000006,[0.06090977 1.73697448],[-0.01339236  2.12014118],[-0.1264427   1.52822706],[0.01989094 0.19907111]
830,0.8310000000000006,[0.06089625 1.73909616],[-0.01351956  2.12167587],[-0.12719375  1.53469058],[0.01988071 0.19901918]
831,0.8320000000000006,[0.0608826  1.74121938],[-0.0136475   2.12321705],[-0.12794767  1.54117888],[0.01987052 0.19896635]
832,0.8330000000000006,[0.06086882 1.74334414],[-0.01377621  2.12476475],[-0.12870448  1.54769201],[0.01986035 0.19891263]
833,0.8340000000000006,[0.06085492 1.74547046],[-0.01390567  2.12631898],[-0.12946419  1.55422999],[0.01985022 0.198858  ]
834,0.8350000000000006,[0.06084088 1.74759834],[-0.0140359   2.12787977],[-0.13022681  1.56079285],[0.01984012 0.19880248]
835,0.8360000000000006,[0.06082671 1.74972779],[-0.01416689  2.12944715],[-0.13099235  1.56738063],[0.01983006 0.19874605]
836,0.8370000000000006,[0.06081242 1.75185881],[-0.01429865  2.13102114],[-0.13176083  1.57399334],[0.01982002 0.19868871]
837,0.8380000000000006,[0.06079798 1.75399141],[-0.01443118  2.13260177],[-0.13253226  1.58063104],[0.01981002 0.19863047]
838,0.8390000000000006,[0.06078342 1.7561256 ],[-0.01456449  2.13418907],[-0.13330664  1.58729376],[0.01980006 0.19857131]
839,0.8400000000000006,[0.06076872 1.75826138],[-0.01469857  2.13578305],[-0.134084    1.59398153],[0.01979012 0.19851124]
840,0.8410000000000006,[0.06075389 1.76039876],[-0.01483344  2.13738374],[-0.13486434  1.6006944 ],[0.01978023 0.19845026]
841,0.8420000000000006,[0.06073892 1.76253776],[-0.01496909  2.13899118],[-0.13564767  1.6074324 ],[0.01977036 0.19838836]
842,0.8430000000000006,[0.06072381 1.76467836],[-0.01510552  2.14060537],[-0.13643401  1.61419559],[0.01976053 0.19832555]
843,0.8440000000000006,[0.06070857 1.76682059],[-0.01524274  2.14222635],[-0.13722336  1.62098399],[0.01975074 0.19826181]
844,0.8450000000000006,[0.06069319 1.76896444],[-0.01538076  2.14385415],[-0.13801574  1.62779766],[0.01974097 0.19819714]
845,0.8460000000000006,[0.06067767 1.77110993],[-0.01551957  2.14548879],[-0.13881116  1.63463664],[0.01973125 0.19813155]
846,0.8470000000000006,[0.06066201 1.77325706],[-0.01565918  2.14713029],[-0.13960963  1.64150099],[0.01972156 0.19806504]
847,0.8480000000000006,[0.06064621 1.77540584],[-0.01579959  2.14877868],[-0.14041117  1.64839075],[0.0197119  0.19799759]
848,0.8490000000000006,[0.06063027 1.77755627],[-0.01594081  2.15043399],[-0.14121578  1.65530597],[0.01970228 0.19792922]
849,0.8500000000000006,[0.06061419 1.77970837],[-0.01608283  2.15209623],[-0.14202347  1.6622467 ],[0.0196927 0.1978599]
850,0.8510000000000006,[0.06059796 1.78186213],[-0.01622567  2.15376545],[-0.14283426  1.669213  ],[0.01968316 0.19778966]
851,0.8520000000000006,[0.06058159 1.78401758],[-0.01636931  2.15544165],[-0.14364815  1.67620493],[0.01967365 0.19771847]
852,0.8530000000000006,[0.06056508 1.7861747 ],[-0.01651378  2.15712487],[-0.14446517  1.68322253],[0.01966417 0.19764634]
853,0.8540000000000006,[0.06054842 1.78833352],[-0.01665906  2.15881514],[-0.14528531  1.69026587],[0.01965474 0.19757327]
854,0.8550000000000006,[0.06053161 1.79049403],[-0.01680517  2.16051247],[-0.1461086  1.697335 ],[0.01964534 0.19749926]
855,0.8560000000000006,[0.06051466 1.79265625],[-0.01695211  2.1622169 ],[-0.14693504  1.70442999],[0.01963598 0.1974243 ]
856,0.8570000000000007,[0.06049756 1.79482017],[-0.01709987  2.16392846],[-0.14776464  1.71155089],[0.01962665 0.19734838]
857,0.8580000000000007,[0.06048031 1.79698582],[-0.01724847  2.16564715],[-0.14859742  1.71869777],[0.01961737 0.19727152]
858,0.8590000000000007,[0.06046292 1.79915319],[-0.0173979   2.16737302],[-0.14943338  1.72587069],[0.01960812 0.1971937 ]
859,0.8600000000000007,[0.06044537 1.8013223 ],[-0.01754818  2.16910609],[-0.15027254  1.73306972],[0.01959891 0.19711493]
860,0.8610000000000007,[0.06042767 1.80349315],[-0.01769929  2.17084639],[-0.1511149   1.74029493],[0.01958974 0.1970352 ]
861,0.8620000000000007,[0.06040982 1.80566574],[-0.01785125  2.17259393],[-0.15196048  1.74754637],[0.01958061 0.19695451]
862,0.8630000000000007,[0.06039181 1.80784009],[-0.01800406  2.17434876],[-0.1528093   1.75482412],[0.01957152 0.19687285]
863,0.8640000000000007,[0.06037366 1.8100162 ],[-0.01815772  2.17611089],[-0.15366135  1.76212825],[0.01956247 0.19679023]
864,0.8650000000000007,[0.06035534 1.81219408],[-0.01831224  2.17788035],[-0.15451665  1.76945882],[0.01955346 0.19670664]
865,0.8660000000000007,[0.06033688 1.81437374],[-0.01846761  2.17965716],[-0.15537522  1.77681592],[0.01954449 0.19662209]
866,0.8670000000000007,[0.06031825 1.81655518],[-0.01862385  2.18144136],[-0.15623706  1.78419961],[0.01953556 0.19653656]
867,0.8680000000000007,[0.06029947 1.81873841],[-0.01878095  2.18323297],[-0.15710218  1.79160996],[0.01952667 0.19645006]
868,0.8690000000000007,[0.06028053 1.82092344],[-0.01893892  2.18503202],[-0.15797059  1.79904706],[0.01951782 0.19636258]
869,0.8700000000000007,[0.06026143 1.82311028],[-0.01909777  2.18683853],[-0.15884231  1.80651098],[0.01950901 0.19627412]
870,0.8710000000000007,[0.06024218 1.82529894],[-0.01925748  2.18865253],[-0.15971735  1.81400179],[0.01950024 0.19618468]
871,0.8720000000000007,[0.06022276 1.82748941],[-0.01941808  2.19047405],[-0.16059571  1.82151957],[0.01949152 0.19609426]
872,0.8730000000000007,[0.06020318 1.82968171],[-0.01957956  2.19230312],[-0.16147741  1.82906441],[0.01948283 0.19600285]
873,0.8740000000000007,[0.06018344 1.83187585],[-0.01974192  2.19413975],[-0.16236245  1.83663639],[0.01947419 0.19591046]
874,0.8750000000000007,[0.06016353 1.83407184],[-0.01990517  2.19598399],[-0.16325086  1.84423557],[0.0194656  0.19581707]
875,0.8760000000000007,[0.06014346 1.83626967],[-0.02006931  2.19783585],[-0.16414263  1.85186206],[0.01945704 0.19572269]
876,0.8770000000000007,[0.06012323 1.83846937],[-0.02023435  2.19969537],[-0.16503778  1.85951592],[0.01944853 0.19562732]
877,0.8780000000000007,[0.06010283 1.84067093],[-0.02040029  2.20156256],[-0.16593632  1.86719725],[0.01944006 0.19553095]
878,0.8790000000000007,[0.06008226 1.84287437],[-0.02056712  2.20343747],[-0.16683826  1.87490613],[0.01943163 0.19543358]
879,0.8800000000000007,[0.06006153 1.84507969],[-0.02073487  2.20532011],[-0.16774361  1.88264265],[0.01942325 0.19533521]
880,0.8810000000000007,[0.06004062 1.8472869 ],[-0.02090352  2.20721052],[-0.16865238  1.89040689],[0.01941491 0.19523584]
881,0.8820000000000007,[0.06001955 1.84949601],[-0.02107309  2.20910872],[-0.16956458  1.89819894],[0.01940662 0.19513546]
882,0.8830000000000007,[0.05999831 1.85170702],[-0.02124357  2.21101474],[-0.17048022  1.90601889],[0.01939837 0.19503407]
883,0.8840000000000007,[0.05997689 1.85391995],[-0.02141496  2.2129286 ],[-0.17139931  1.91386684],[0.01939017 0.19493167]
884,0.8850000000000007,[0.0599553 1.8561348],[-0.02158729  2.21485035],[-0.17232186  1.92174286],[0.01938201 0.19482825]
885,0.8860000000000007,[0.05993354 1.85835158],[-0.02176053  2.21677999],[-0.17324789  1.92964706],[0.0193739  0.19472382]
886,0.8870000000000007,[0.05991161 1.8605703 ],[-0.02193471  2.21871757],[-0.17417739  1.93757952],[0.01936583 0.19461837]
887,0.8880000000000007,[0.0598895  1.86279096],[-0.02210982  2.22066311],[-0.17511039  1.94554034],[0.01935781 0.1945119 ]
888,0.8890000000000007,[0.05986721 1.86501358],[-0.02228587  2.22261664],[-0.17604689  1.95352961],[0.01934983 0.19440441]
889,0.8900000000000007,[0.05984475 1.86723816],[-0.02246286  2.22457819],[-0.1769869   1.96154743],[0.0193419  0.19429589]
890,0.8910000000000007,[0.05982211 1.8694647 ],[-0.02264079  2.22654778],[-0.17793043  1.9695939 ],[0.01933402 0.19418634]
891,0.8920000000000007,[0.05979929 1.87169323],[-0.02281966  2.22852545],[-0.17887749  1.9776691 ],[0.01932619 0.19407577]
892,0.8930000000000007,[0.05977629 1.87392374],[-0.02299949  2.23051123],[-0.17982809  1.98577315],[0.0193184  0.19396416]
893,0.8940000000000007,[0.05975311 1.87615625],[-0.02318027  2.23250513],[-0.18078224  1.99390613],[0.01931066 0.19385151]
894,0.8950000000000007,[0.05972975 1.87839075],[-0.02336201  2.2345072 ],[-0.18173995  2.00206814],[0.01930297 0.19373783]
895,0.8960000000000007,[0.0597062  1.88062727],[-0.02354472  2.23651746],[-0.18270124  2.01025928],[0.01929533 0.19362311]
896,0.8970000000000007,[0.05968248 1.88286581],[-0.02372838  2.23853594],[-0.1836661   2.01847967],[0.01928774 0.19350734]
897,0.8980000000000007,[0.05965856 1.88510637],[-0.02391302  2.24056267],[-0.18463455  2.02672938],[0.01928019 0.19339053]
898,0.8990000000000007,[0.05963446 1.88734897],[-0.02409862  2.24259768],[-0.1856066   2.03500854],[0.01927269 0.19327268]
899,0.9000000000000007,[0.05961018 1.88959361],[-0.0242852   2.24464099],[-0.18658226  2.04331723],[0.01926525 0.19315377]
900,0.9010000000000007,[0.05958571 1.8918403 ],[-0.02447277  2.24669265],[-0.18756153  2.05165557],[0.01925785 0.19303381]
901,0.9020000000000007,[0.05956104 1.89408905],[-0.02466131  2.24875267],[-0.18854443  2.06002365],[0.0192505  0.19291279]
902,0.9030000000000007,[0.05953619 1.89633987],[-0.02485084  2.2508211 ],[-0.18953097  2.06842158],[0.01924321 0.19279072]
903,0.9040000000000007,[0.05951115 1.89859277],[-0.02504136  2.25289794],[-0.19052115  2.07684947],[0.01923596 0.19266758]
904,0.9050000000000007,[0.05948592 1.90084776],[-0.02523288  2.25498325],[-0.19151499  2.08530743],[0.01922877 0.19254339]
905,0.9060000000000007,[0.05946049 1.90310483],[-0.02542539  2.25707705],[-0.19251249  2.09379555],[0.01922162 0.19241813]
906,0.9070000000000007,[0.05943487 1.90536401],[-0.0256189   2.25917936],[-0.19351366  2.10231394],[0.01921453 0.1922918 ]
907,0.9080000000000007,[0.05940906 1.9076253 ],[-0.02581342  2.26129022],[-0.19451852  2.11086272],[0.01920749 0.1921644 ]
908,0.9090000000000007,[0.05938305 1.90988871],[-0.02600895  2.26340967],[-0.19552706  2.11944198],[0.0192005  0.19203593]
909,0.9100000000000007,[0.05935685 1.91215425],[-0.02620549  2.26553772],[-0.1965393   2.12805185],[0.01919357 0.19190638]
910,0.9110000000000007,[0.05933044 1.91442192],[-0.02640304  2.26767441],[-0.19755525  2.13669242],[0.01918668 0.19177576]
911,0.9120000000000007,[0.05930384 1.91669174],[-0.02660162  2.26981977],[-0.19857492  2.14536381],[0.01917985 0.19164405]
912,0.9130000000000007,[0.05927704 1.91896372],[-0.02680122  2.27197384],[-0.19959831  2.15406613],[0.01917308 0.19151126]
913,0.9140000000000007,[0.05925004 1.92123785],[-0.02700184  2.27413664],[-0.20062543  2.16279949],[0.01916636 0.19137739]
914,0.9150000000000007,[0.05922284 1.92351416],[-0.0272035  2.2763082],[-0.20165629  2.17156399],[0.01915969 0.19124243]
915,0.9160000000000007,[0.05919543 1.92579265],[-0.02740619  2.27848856],[-0.20269091  2.18035976],[0.01915307 0.19110637]
916,0.9170000000000007,[0.05916782 1.92807333],[-0.02760992  2.28067775],[-0.20372928  2.1891869 ],[0.01914651 0.19096923]
917,0.9180000000000007,[0.05914   1.9303562],[-0.02781469  2.2828758 ],[-0.20477142  2.19804552],[0.01914    0.19083098]
918,0.9190000000000007,[0.05911198 1.93264129],[-0.02802051  2.28508273],[-0.20581733  2.20693574],[0.01913355 0.19069164]
919,0.9200000000000007,[0.05908376 1.93492859],[-0.02822738  2.28729859],[-0.20686703  2.21585768],[0.01912716 0.1905512 ]
920,0.9210000000000007,[0.05905532 1.93721811],[-0.0284353  2.2895234],[-0.20792051  2.22481143],[0.01912082 0.19040965]
921,0.9220000000000007,[0.05902668 1.93950987],[-0.02864427  2.2917572 ],[-0.2089778   2.23379713],[0.01911454 0.19026699]
922,0.9230000000000007,[0.05899782 1.94180387],[-0.02885431  2.29400001],[-0.21003889  2.24281488],[0.01910831 0.19012323]
923,0.9240000000000007,[0.05896876 1.94410012],[-0.02906542  2.29625188],[-0.21110379  2.25186479],[0.01910214 0.18997836]
924,0.9250000000000007,[0.05893948 1.94639863],[-0.02927759  2.29851282],[-0.21217251  2.26094699],[0.01909602 0.18983236]
925,0.9260000000000007,[0.05890999 1.94869941],[-0.02949083  2.30078289],[-0.21324506  2.27006159],[0.01908997 0.18968526]
926,0.9270000000000007,[0.05888028 1.95100248],[-0.02970516  2.3030621 ],[-0.21432144  2.2792087 ],[0.01908397 0.18953703]
927,0.9280000000000007,[0.05885036 1.95330783],[-0.02992056  2.30535048],[-0.21540167  2.28838843],[0.01907803 0.18938768]
928,0.9290000000000007,[0.05882023 1.95561547],[-0.03013704  2.30764808],[-0.21648575  2.29760091],[0.01907215 0.1892372 ]
929,0.9300000000000007,[0.05878987 1.95792543],[-0.03035462  2.30995493],[-0.21757368  2.30684626],[0.01906632 0.18908559]
930,0.9310000000000007,[0.0587593 1.9602377],[-0.03057328  2.31227106],[-0.21866547  2.31612458],[0.01906056 0.18893286]
931,0.9320000000000007,[0.05872851 1.9625523 ],[-0.03079304  2.31459649],[-0.21976114  2.32543599],[0.01905485 0.18877899]
932,0.9330000000000007,[0.05869749 1.96486923],[-0.0310139   2.31693127],[-0.22086068  2.33478062],[0.0190492  0.18862398]
933,0.9340000000000007,[0.05866626 1.9671885 ],[-0.03123587  2.31927543],[-0.2219641   2.34415858],[0.01904362 0.18846783]
934,0.9350000000000007,[0.0586348  1.96951013],[-0.03145894  2.321629  ],[-0.22307141  2.35356998],[0.01903809 0.18831055]
935,0.9360000000000007,[0.05860311 1.97183412],[-0.03168312  2.32399202],[-0.22418262  2.36301494],[0.01903262 0.18815211]
936,0.9370000000000007,[0.05857121 1.97416049],[-0.03190842  2.32636451],[-0.22529773  2.37249358],[0.01902722 0.18799253]
937,0.9380000000000007,[0.05853907 1.97648924],[-0.03213484  2.32874651],[-0.22641674  2.38200602],[0.01902187 0.1878318 ]
938,0.9390000000000007,[0.05850671 1.97882037],[-0.03236238  2.33113807],[-0.22753967  2.39155237],[0.01901659 0.18766991]
939,0.9400000000000007,[0.05847412 1.98115391],[-0.03259104  2.3335392 ],[-0.22866651  2.40113276],[0.01901137 0.18750687]
940,0.9410000000000007,[0.0584413  1.98348986],[-0.03282084  2.33594995],[-0.22979728  2.4107473 ],[0.01900621 0.18734267]
941,0.9420000000000007,[0.05840824 1.98582823],[-0.03305177  2.33837034],[-0.23093198  2.4203961 ],[0.01900111 0.18717731]
942,0.9430000000000007,[0.05837496 1.98816903],[-0.03328384  2.34080042],[-0.23207061  2.43007929],[0.01899608 0.18701078]
943,0.9440000000000007,[0.05834144 1.99051227],[-0.03351706  2.34324022],[-0.23321318  2.43979699],[0.0189911  0.18684309]
944,0.9450000000000007,[0.05830769 1.99285796],[-0.03375142  2.34568977],[-0.23435969  2.4495493 ],[0.0189862  0.18667422]
945,0.9460000000000007,[0.05827371 1.99520611],[-0.03398693  2.34814911],[-0.23551015  2.45933635],[0.01898135 0.18650418]
946,0.9470000000000007,[0.05823948 1.99755673],[-0.03422359  2.35061826],[-0.23666457  2.46915826],[0.01897657 0.18633297]
947,0.9480000000000007,[0.05820502 1.99990983],[-0.03446141  2.35309728],[-0.23782294  2.47901513],[0.01897185 0.18616058]
948,0.9490000000000007,[0.05817032 2.00226541],[-0.0347004   2.35558619],[-0.23898527  2.4889071 ],[0.0189672 0.185987 ]
949,0.9500000000000007,[0.05813538 2.0046235 ],[-0.03494055  2.35808502],[-0.24015156  2.49883427],[0.01896261 0.18581224]
950,0.9510000000000007,[0.0581002  2.00698409],[-0.03518187  2.36059382],[-0.24132183  2.50879677],[0.01895809 0.18563629]
951,0.9520000000000007,[0.05806477 2.00934721],[-0.03542437  2.36311261],[-0.24249606  2.51879471],[0.01895364 0.18545915]
952,0.9530000000000007,[0.05802911 2.01171285],[-0.03566804  2.36564144],[-0.24367428  2.5288282 ],[0.01894925 0.18528082]
953,0.9540000000000007,[0.05799319 2.01408103],[-0.0359129   2.36818034],[-0.24485647  2.53889736],[0.01894492 0.18510129]
954,0.9550000000000007,[0.05795703 2.01645176],[-0.03615894  2.37072934],[-0.24604264  2.54900231],[0.01894066 0.18492056]
955,0.9560000000000007,[0.05792063 2.01882505],[-0.03640617  2.37328848],[-0.24723279  2.55914316],[0.01893647 0.18473863]
956,0.9570000000000007,[0.05788397 2.0212009 ],[-0.0366546  2.3758578],[-0.24842694  2.56932003],[0.01893235 0.18455549]
957,0.9580000000000007,[0.05784707 2.02357934],[-0.03690423  2.37843734],[-0.24962507  2.57953304],[0.01892829 0.18437115]
958,0.9590000000000007,[0.05780991 2.02596037],[-0.03715505  2.38102712],[-0.25082719  2.58978228],[0.0189243  0.18418559]
959,0.9600000000000007,[0.05777251 2.028344  ],[-0.03740709  2.38362719],[-0.25203331  2.60006789],[0.01892038 0.18399882]
960,0.9610000000000007,[0.05773485 2.03073023],[-0.03766033  2.38623758],[-0.25324342  2.61038998],[0.01891653 0.18381083]
961,0.9620000000000007,[0.05769693 2.03311909],[-0.03791479  2.38885832],[-0.25445752  2.62074865],[0.01891275 0.18362162]
962,0.9630000000000007,[0.05765876 2.03551058],[-0.03817046  2.39148947],[-0.25567562  2.63114402],[0.01890904 0.18343119]
963,0.9640000000000007,[0.05762033 2.03790471],[-0.03842736  2.39413104],[-0.25689772  2.6415762 ],[0.01890539 0.18323953]
964,0.9650000000000007,[0.05758165 2.04030149],[-0.03868548  2.39678309],[-0.25812382  2.65204531],[0.01890182 0.18304664]
965,0.9660000000000007,[0.0575427  2.04270094],[-0.03894484  2.39944564],[-0.25935392  2.66255145],[0.01889832 0.18285251]
966,0.9670000000000007,[0.0575035  2.04510306],[-0.03920543  2.40211874],[-0.26058801  2.67309473],[0.01889488 0.18265716]
967,0.9680000000000007,[0.05746403 2.04750786],[-0.03946725  2.40480241],[-0.26182611  2.68367527],[0.01889152 0.18246056]
968,0.9690000000000007,[0.0574243  2.04991536],[-0.03973032  2.4074967 ],[-0.2630682   2.69429317],[0.01888823 0.18226272]
969,0.9700000000000008,[0.05738431 2.05232556],[-0.03999463  2.41020165],[-0.26431429  2.70494854],[0.01888501 0.18206364]
970,0.9710000000000008,[0.05734404 2.05473848],[-0.0402602   2.41291729],[-0.26556437  2.71564149],[0.01888186 0.18186331]
971,0.9720000000000008,[0.05730352 2.05715412],[-0.04052702  2.41564367],[-0.26681846  2.72637213],[0.01887879 0.18166172]
972,0.9730000000000008,[0.05726272 2.0595725 ],[-0.04079509  2.41838081],[-0.26807653  2.73714056],[0.01887578 0.18145889]
973,0.9740000000000008,[0.05722166 2.06199363],[-0.04106443  2.42112875],[-0.2693386   2.74794689],[0.01887285 0.18125479]
974,0.9750000000000008,[0.05718032 2.06441752],[-0.04133504  2.42388755],[-0.27060465  2.75879121],[0.01887    0.18104944]
975,0.9760000000000008,[0.05713872 2.06684418],[-0.04160691  2.42665722],[-0.27187469  2.76967364],[0.01886721 0.18084282]
976,0.9770000000000008,[0.05709684 2.06927361],[-0.04188006  2.42943781],[-0.27314872  2.78059428],[0.01886451 0.18063493]
977,0.9780000000000008,[0.05705468 2.07170584],[-0.04215449  2.43222937],[-0.27442673  2.79155323],[0.01886187 0.18042578]
978,0.9790000000000008,[0.05701225 2.07414087],[-0.0424302   2.43503192],[-0.27570871  2.80255059],[0.01885931 0.18021535]
979,0.9800000000000008,[0.05696954 2.07657872],[-0.04270719  2.4378455 ],[-0.27699467  2.81358646],[0.01885682 0.18000364]
980,0.9810000000000008,[0.05692656 2.07901939],[-0.04298548  2.44067016],[-0.2782846   2.82466093],[0.01885441 0.17979066]
981,0.9820000000000008,[0.05688329 2.0814629 ],[-0.04326505  2.44350594],[-0.27957849  2.83577411],[0.01885208 0.17957639]
982,0.9830000000000008,[0.05683975 2.08390925],[-0.04354593  2.44635286],[-0.28087634  2.8469261 ],[0.01884982 0.17936084]
983,0.9840000000000008,[0.05679592 2.08635846],[-0.04382811  2.44921098],[-0.28217815  2.85811698],[0.01884764 0.17914399]
984,0.9850000000000008,[0.05675181 2.08881054],[-0.04411159  2.45208033],[-0.2834839   2.86934685],[0.01884553 0.17892586]
985,0.9860000000000008,[0.05670741 2.0912655 ],[-0.04439639  2.45496094],[-0.2847936  2.8806158],[0.01884351 0.17870643]
986,0.9870000000000008,[0.05666273 2.09372335],[-0.04468249  2.45785287],[-0.28610724  2.89192394],[0.01884155 0.1784857 ]
987,0.9880000000000008,[0.05661776 2.09618411],[-0.04496992  2.46075614],[-0.2874248   2.90327133],[0.01883968 0.17826367]
988,0.9890000000000008,[0.0565725  2.09864778],[-0.04525866  2.4636708 ],[-0.28874629  2.91465808],[0.01883789 0.17804033]
989,0.9900000000000008,[0.05652695 2.10111438],[-0.04554874  2.46659688],[-0.29007169  2.92608428],[0.01883617 0.17781569]
990,0.9910000000000008,[0.05648111 2.10358391],[-0.04584014  2.46953443],[-0.291401  2.93755 ],[0.01883453 0.17758973]
991,0.9920000000000008,[0.05643498 2.1060564 ],[-0.04613287  2.47248349],[-0.2927342   2.94905533],[0.01883297 0.17736246]
992,0.9930000000000008,[0.05638855 2.10853184],[-0.04642694  2.47544409],[-0.2940713   2.96060036],[0.01883149 0.17713387]
993,0.9940000000000008,[0.05634183 2.11101026],[-0.04672235  2.47841627],[-0.29541227  2.97218517],[0.01883009 0.17690396]
994,0.9950000000000008,[0.05629481 2.11349166],[-0.04701911  2.48140008],[-0.29675711  2.98380984],[0.01882877 0.17667272]
995,0.9960000000000008,[0.05624749 2.11597605],[-0.04731722  2.48439556],[-0.29810582  2.99547444],[0.01882753 0.17644015]
996,0.9970000000000008,[0.05619988 2.11846345],[-0.04761668  2.48740274],[-0.29945837  3.00717905],[0.01882637 0.17620626]
997,0.9980000000000008,[0.05615196 2.12095388],[-0.04791749  2.49042166],[-0.30081476  3.01892375],[0.01882529 0.17597103]
998,0.9990000000000008,[0.05610374 2.12344733],[-0.04821967  2.49345237],[-0.30217498  3.0307086 ],[0.01882429 0.17573446]
999,1.0000000000000007,[0.05605522 2.12594382],[-0.0485232  2.4964949],[-0.30353901  3.04253369],[0.01882338 0.17549654]
1000,1.0010000000000006,[0.05600639 2.12844337],[-0.04882811  2.4995493 ],[-0.30490684  3.05439908],[0.01882255 0.17525729]
1001,1.0020000000000004,[0.05595725 2.13094599],[-0.04913439  2.50261561],[-0.30627846  3.06630484],[0.0188218  0.17501668]
1002,1.0030000000000003,[0.05590781 2.13345168],[-0.04944204  2.50569386],[-0.30765385  3.07825102],[0.01882113 0.17477473]
1003,1.0040000000000002,[0.05585806 2.13596047],[-0.04975108  2.5087841 ],[-0.309033    3.09023771],[0.01882054 0.17453142]
1004,1.0050000000000001,[0.055808   2.13847235],[-0.05006149  2.51188636],[-0.3104159   3.10226495],[0.01882004 0.17428675]
1005,1.006,[0.05575763 2.14098735],[-0.0503733   2.51500069],[-0.31180252  3.11433281],[0.01881962 0.17404072]
1006,1.007,[0.05570694 2.14350548],[-0.05068649  2.51812713],[-0.31319286  3.12644134],[0.01881929 0.17379332]
1007,1.0079999999999998,[0.05565594 2.14602675],[-0.05100108  2.52126572],[-0.3145869  3.1385906],[0.01881904 0.17354455]
1008,1.0089999999999997,[0.05560462 2.14855116],[-0.05131706  2.52441651],[-0.31598461  3.15078064],[0.01881888 0.17329442]
1009,1.0099999999999996,[0.05555299 2.15107874],[-0.05163445  2.52757952],[-0.31738599  3.16301151],[0.0188188  0.17304291]
1010,1.0109999999999995,[0.05550103 2.1536095 ],[-0.05195324  2.5307548 ],[-0.31879101  3.17528326],[0.01881881 0.17279002]
1011,1.0119999999999993,[0.05544876 2.15614344],[-0.05227344  2.5339424 ],[-0.32019966  3.18759593],[0.0188189  0.17253574]
1012,1.0129999999999992,[0.05539617 2.15868058],[-0.05259505  2.53714235],[-0.32161191  3.19994957],[0.01881908 0.17228009]
1013,1.0139999999999991,[0.05534325 2.16122094],[-0.05291808  2.54035469],[-0.32302775  3.21234422],[0.01881934 0.17202304]
1014,1.014999999999999,[0.05529    2.16376452],[-0.05324252  2.54357947],[-0.32444714  3.22477991],[0.01881969 0.1717646 ]
1015,1.015999999999999,[0.05523644 2.16631133],[-0.05356839  2.54681673],[-0.32587009  3.23725668],[0.01882013 0.17150476]
1016,1.0169999999999988,[0.05518254 2.1688614 ],[-0.05389569  2.5500665 ],[-0.32729655  3.24977455],[0.01882066 0.17124353]
1017,1.0179999999999987,[0.05512832 2.17141473],[-0.05422442  2.55332883],[-0.32872651  3.26233357],[0.01882127 0.17098089]
1018,1.0189999999999986,[0.05507376 2.17397133],[-0.05455458  2.55660377],[-0.33015994  3.27493376],[0.01882198 0.17071685]
1019,1.0199999999999985,[0.05501888 2.17653122],[-0.05488617  2.55989134],[-0.33159683  3.28757514],[0.01882277 0.1704514 ]
1020,1.0209999999999984,[0.05496366 2.17909441],[-0.05521921  2.5631916 ],[-0.33303714  3.30025772],[0.01882365 0.17018453]
1021,1.0219999999999982,[0.0549081  2.18166092],[-0.05555369  2.56650458],[-0.33448084  3.31298154],[0.01882461 0.16991625]
1022,1.0229999999999981,[0.05485221 2.18423075],[-0.05588962  2.56983033],[-0.33592792  3.32574659],[0.01882567 0.16964655]
1023,1.023999999999998,[0.05479599 2.18680392],[-0.056227    2.57316888],[-0.33737835  3.3385529 ],[0.01882682 0.16937542]
1024,1.024999999999998,[0.05473942 2.18938044],[-0.05656583  2.57652028],[-0.33883209  3.35140048],[0.01882806 0.16910287]
1025,1.0259999999999978,[0.05468251 2.19196032],[-0.05690612  2.57988457],[-0.34028912  3.36428931],[0.01882939 0.16882889]
1026,1.0269999999999977,[0.05462527 2.19454358],[-0.05724787  2.58326179],[-0.34174941  3.37721942],[0.01883081 0.16855347]
1027,1.0279999999999976,[0.05456768 2.19713024],[-0.05759108  2.58665198],[-0.34321293  3.39019079],[0.01883232 0.16827661]
1028,1.0289999999999975,[0.05450974 2.19972029],[-0.05793576  2.59005519],[-0.34467965  3.40320342],[0.01883392 0.16799832]
1029,1.0299999999999974,[0.05445146 2.20231376],[-0.05828191  2.59347144],[-0.34614953  3.41625729],[0.01883561 0.16771858]
1030,1.0309999999999973,[0.05439283 2.20491066],[-0.05862953  2.5969008 ],[-0.34762255  3.42935241],[0.0188374  0.16743739]
1031,1.0319999999999971,[0.05433385 2.20751101],[-0.05897863  2.60034328],[-0.34909866  3.44248874],[0.01883927 0.16715475]
1032,1.032999999999997,[0.05427452 2.21011481],[-0.05932921  2.60379895],[-0.35057784  3.45566628],[0.01884125 0.16687066]
1033,1.033999999999997,[0.05421484 2.21272207],[-0.05968127  2.60726784],[-0.35206004  3.46888498],[0.01884331 0.16658511]
1034,1.0349999999999968,[0.0541548  2.21533282],[-0.06003481  2.61074998],[-0.35354524  3.48214484],[0.01884547 0.16629809]
1035,1.0359999999999967,[0.05409441 2.21794707],[-0.06038985  2.61424543],[-0.35503339  3.4954458 ],[0.01884772 0.16600961]
1036,1.0369999999999966,[0.05403367 2.22056482],[-0.06074637  2.61775421],[-0.35652447  3.50878784],[0.01885006 0.16571966]
1037,1.0379999999999965,[0.05397256 2.2231861 ],[-0.06110439  2.62127638],[-0.35801841  3.52217092],[0.0188525  0.16542824]
1038,1.0389999999999964,[0.0539111  2.22581091],[-0.06146391  2.62481198],[-0.3595152   3.53559499],[0.01885503 0.16513534]
1039,1.0399999999999963,[0.05384927 2.22843927],[-0.06182492  2.62836104],[-0.36101478  3.54906   ],[0.01885766 0.16484097]
1040,1.0409999999999962,[0.05378709 2.2310712 ],[-0.06218744  2.63192361],[-0.36251712  3.56256589],[0.01886038 0.16454511]
1041,1.041999999999996,[0.05372454 2.2337067 ],[-0.06255146  2.63549972],[-0.36402216  3.57611261],[0.0188632  0.16424776]
1042,1.042999999999996,[0.05366162 2.23634579],[-0.06291699  2.63908942],[-0.36552988  3.5897001 ],[0.01886611 0.16394892]
1043,1.0439999999999958,[0.05359833 2.23898848],[-0.06328403  2.64269275],[-0.36704021  3.60332828],[0.01886912 0.16364859]
1044,1.0449999999999957,[0.05353468 2.24163479],[-0.06365258  2.64630974],[-0.36855312  3.61699709],[0.01887223 0.16334677]
1045,1.0459999999999956,[0.05347066 2.24428473],[-0.06402265  2.64994045],[-0.37006856  3.63070644],[0.01887543 0.16304344]
1046,1.0469999999999955,[0.05340627 2.24693831],[-0.06439424  2.65358491],[-0.37158648  3.64445625],[0.01887873 0.16273861]
1047,1.0479999999999954,[0.0533415  2.24959556],[-0.06476735  2.65724315],[-0.37310683  3.65824644],[0.01888213 0.16243227]
1048,1.0489999999999953,[0.05327636 2.25225647],[-0.06514197  2.66091523],[-0.37462955  3.67207692],[0.01888563 0.16212442]
1049,1.0499999999999952,[0.05321084 2.25492107],[-0.06551813  2.66460118],[-0.37615461  3.68594758],[0.01888922 0.16181505]
1050,1.050999999999995,[0.05314494 2.25758937],[-0.06589581  2.66830104],[-0.37768194  3.69985831],[0.01889291 0.16150417]
1051,1.051999999999995,[0.05307867 2.26026139],[-0.06627502  2.67201484],[-0.37921149  3.71380903],[0.0188967  0.16119176]
1052,1.0529999999999948,[0.05301201 2.26293713],[-0.06665577  2.67574264],[-0.3807432   3.72779959],[0.01890058 0.16087783]
1053,1.0539999999999947,[0.05294497 2.26561662],[-0.06703804  2.67948447],[-0.38227702  3.7418299 ],[0.01890457 0.16056237]
1054,1.0549999999999946,[0.05287755 2.26829986],[-0.06742186  2.68324037],[-0.38381289  3.75589982],[0.01890866 0.16024537]
1055,1.0559999999999945,[0.05280974 2.27098687],[-0.06780721  2.68701038],[-0.38535076  3.77000922],[0.01891284 0.15992685]
1056,1.0569999999999944,[0.05274155 2.27367766],[-0.0681941   2.69079454],[-0.38689055  3.78415796],[0.01891713 0.15960678]
1057,1.0579999999999943,[0.05267297 2.27637225],[-0.06858253  2.69459289],[-0.38843222  3.7983459 ],[0.01892151 0.15928517]
1058,1.0589999999999942,[0.05260399 2.27907066],[-0.06897251  2.69840546],[-0.38997569  3.81257289],[0.01892599 0.15896201]
1059,1.059999999999994,[0.05253463 2.28177289],[-0.06936403  2.7022323 ],[-0.3915209   3.82683877],[0.01893058 0.1586373 ]
1060,1.060999999999994,[0.05246487 2.28447897],[-0.06975709  2.70607344],[-0.39306779  3.84114338],[0.01893527 0.15831104]
1061,1.0619999999999938,[0.05239472 2.28718889],[-0.07015171  2.70992893],[-0.39461629  3.85548656],[0.01894005 0.15798322]
1062,1.0629999999999937,[0.05232417 2.28990269],[-0.07054788  2.7137988 ],[-0.39616633  3.86986812],[0.01894494 0.15765385]
1063,1.0639999999999936,[0.05225323 2.29262038],[-0.07094559  2.71768308],[-0.39771784  3.88428789],[0.01894993 0.1573229 ]
1064,1.0649999999999935,[0.05218188 2.29534196],[-0.07134486  2.72158183],[-0.39927075  3.89874568],[0.01895502 0.1569904 ]
1065,1.0659999999999934,[0.05211014 2.29806745],[-0.07174569  2.72549507],[-0.40082498  3.91324128],[0.01896022 0.15665632]
1066,1.0669999999999933,[0.05203799 2.30079688],[-0.07214807  2.72942285],[-0.40238048  3.92777451],[0.01896551 0.15632066]
1067,1.0679999999999932,[0.05196544 2.30353024],[-0.07255201  2.73336519],[-0.40393714  3.94234514],[0.01897091 0.15598343]
1068,1.068999999999993,[0.05189248 2.30626756],[-0.0729575   2.73732214],[-0.40549491  3.95695297],[0.01897641 0.15564462]
1069,1.069999999999993,[0.05181912 2.30900886],[-0.07336456  2.74129374],[-0.4070537   3.97159776],[0.01898201 0.15530422]
1070,1.0709999999999928,[0.05174534 2.31175414],[-0.07377317  2.74528002],[-0.40861344  3.98627929],[0.01898772 0.15496223]
1071,1.0719999999999927,[0.05167116 2.31450342],[-0.07418334  2.74928102],[-0.41017403  4.00099732],[0.01899353 0.15461866]
1072,1.0729999999999926,[0.05159656 2.31725672],[-0.07459508  2.75329677],[-0.4117354  4.0157516],[0.01899944 0.15427348]
1073,1.0739999999999925,[0.05152156 2.32001404],[-0.07500838  2.75732731],[-0.41329746  4.03054187],[0.01900546 0.15392671]
1074,1.0749999999999924,[0.05144613 2.32277542],[-0.07542324  2.76137268],[-0.41486012  4.04536788],[0.01901158 0.15357834]
1075,1.0759999999999923,[0.05137029 2.32554085],[-0.07583966  2.76543291],[-0.4164233   4.06022935],[0.01901781 0.15322837]
1076,1.0769999999999922,[0.05129404 2.32831036],[-0.07625765  2.76950804],[-0.4179869  4.075126 ],[0.01902413 0.15287678]
1077,1.077999999999992,[0.05121736 2.33108395],[-0.0766772   2.77359809],[-0.41955085  4.09005755],[0.01903057 0.15252358]
1078,1.078999999999992,[0.05114026 2.33386166],[-0.07709831  2.77770312],[-0.42111503  4.1050237 ],[0.01903711 0.15216877]
1079,1.0799999999999919,[0.05106274 2.33664348],[-0.07752099  2.78182314],[-0.42267935  4.12002415],[0.01904375 0.15181234]
1080,1.0809999999999917,[0.05098479 2.33942944],[-0.07794524  2.7859582 ],[-0.42424373  4.13505859],[0.0190505  0.15145429]
1081,1.0819999999999916,[0.05090642 2.34221955],[-0.07837104  2.79010833],[-0.42580805  4.15012669],[0.01905735 0.15109461]
1082,1.0829999999999915,[0.05082762 2.34501382],[-0.07879842  2.79427355],[-0.42737223  4.16522812],[0.01906431 0.1507333 ]
1083,1.0839999999999914,[0.0507484  2.34781227],[-0.07922735  2.79845392],[-0.42893615  4.18036255],[0.01907138 0.15037037]
1084,1.0849999999999913,[0.05066874 2.35061492],[-0.07965785  2.80264945],[-0.43049971  4.19552963],[0.01907855 0.15000579]
1085,1.0859999999999912,[0.05058865 2.35342178],[-0.08008991  2.80686018],[-0.43206281  4.21072899],[0.01908582 0.14963958]
1086,1.086999999999991,[0.05050813 2.35623287],[-0.08052354  2.81108614],[-0.43362534  4.22596027],[0.01909321 0.14927173]
1087,1.087999999999991,[0.05042717 2.3590482 ],[-0.08095873  2.81532736],[-0.43518718  4.2412231 ],[0.0191007  0.14890223]
1088,1.0889999999999909,[0.05034577 2.36186778],[-0.08139548  2.81958388],[-0.43674824  4.25651709],[0.01910829 0.14853109]
1089,1.0899999999999908,[0.05026394 2.36469164],[-0.08183378  2.82385572],[-0.43830838  4.27184185],[0.01911599 0.14815829]
1090,1.0909999999999906,[0.05018166 2.36751978],[-0.08227365  2.82814291],[-0.43986749  4.28719695],[0.0191238  0.14778384]
1091,1.0919999999999905,[0.05009895 2.37035223],[-0.08271508  2.8324455 ],[-0.44142547  4.302582  ],[0.01913172 0.14740773]
1092,1.0929999999999904,[0.05001579 2.37318899],[-0.08315806  2.83676349],[-0.44298218  4.31799657],[0.01913974 0.14702997]
1093,1.0939999999999903,[0.04993219 2.37603009],[-0.0836026   2.84109693],[-0.44453751  4.33344021],[0.01914787 0.14665053]
1094,1.0949999999999902,[0.04984814 2.37887553],[-0.08404869  2.84544585],[-0.44609132  4.34891248],[0.0191561  0.14626943]
1095,1.09599999999999,[0.04976364 2.38172534],[-0.08449633  2.84981026],[-0.4476435   4.36441293],[0.01916444 0.14588667]
1096,1.09699999999999,[0.0496787  2.38457953],[-0.08494553  2.8541902 ],[-0.44919391  4.37994108],[0.01917289 0.14550222]
1097,1.0979999999999899,[0.0495933  2.38743812],[-0.08539627  2.8585857 ],[-0.45074243  4.39549645],[0.01918145 0.1451161 ]
1098,1.0989999999999898,[0.04950745 2.39030112],[-0.08584856  2.86299677],[-0.45228892  4.41107856],[0.01919011 0.14472831]
1099,1.0999999999999897,[0.04942115 2.39316854],[-0.08630239  2.86742346],[-0.45383324  4.4266869 ],[0.01919889 0.14433883]
1100,1.1009999999999895,[0.04933439 2.3960404 ],[-0.08675777  2.87186578],[-0.45537526  4.44232097],[0.01920776 0.14394766]
1101,1.1019999999999894,[0.04924718 2.39891673],[-0.08721468  2.87632376],[-0.45691484  4.45798023],[0.01921675 0.14355481]
1102,1.1029999999999893,[0.0491595  2.40179753],[-0.08767313  2.88079743],[-0.45845183  4.47366415],[0.01922584 0.14316027]
1103,1.1039999999999892,[0.04907137 2.40468281],[-0.08813312  2.8852868 ],[-0.45998609  4.48937218],[0.01923505 0.14276403]
1104,1.104999999999989,[0.04898278 2.4075726 ],[-0.08859464  2.8897919 ],[-0.46151747  4.50510376],[0.01924436 0.1423661 ]
1105,1.105999999999989,[0.04889372 2.41046692],[-0.08905768  2.89431276],[-0.46304583  4.52085833],[0.01925377 0.14196646]
1106,1.1069999999999889,[0.0488042  2.41336577],[-0.08952225  2.8988494 ],[-0.464571    4.53663529],[0.0192633  0.14156513]
1107,1.1079999999999888,[0.04871421 2.41626917],[-0.08998834  2.90340183],[-0.46609285  4.55243406],[0.01927293 0.14116209]
1108,1.1089999999999887,[0.04862375 2.41917714],[-0.09045596  2.90797008],[-0.4676112   4.56825402],[0.01928267 0.14075734]
1109,1.1099999999999886,[0.04853283 2.42208969],[-0.09092508  2.91255418],[-0.4691259   4.58409455],[0.01929252 0.14035088]
1110,1.1109999999999884,[0.04844143 2.42500685],[-0.09139572  2.91715413],[-0.4706368   4.59995502],[0.01930247 0.1399427 ]
1111,1.1119999999999883,[0.04834956 2.42792862],[-0.09186786  2.92176997],[-0.47214371  4.61583479],[0.01931254 0.13953281]
1112,1.1129999999999882,[0.04825722 2.43085502],[-0.09234151  2.9264017 ],[-0.47364648  4.63173318],[0.01932271 0.13912121]
1113,1.113999999999988,[0.04816441 2.43378607],[-0.09281665  2.93104935],[-0.47514494  4.64764954],[0.01933298 0.13870788]
1114,1.114999999999988,[0.04807111 2.43672178],[-0.09329329  2.93571293],[-0.47663891  4.66358317],[0.01934337 0.13829282]
1115,1.115999999999988,[0.04797734 2.43966217],[-0.09377142  2.94039247],[-0.47812823  4.67953338],[0.01935386 0.13787604]
1116,1.1169999999999878,[0.04788309 2.44260726],[-0.09425103  2.94508797],[-0.4796127   4.69549945],[0.01936446 0.13745753]
1117,1.1179999999999877,[0.04778836 2.44555706],[-0.09473213  2.94979945],[-0.48109215  4.71148066],[0.01937517 0.13703729]
1118,1.1189999999999876,[0.04769314 2.44851159],[-0.09521469  2.95452692],[-0.48256641  4.72747626],[0.01938599 0.13661532]
1119,1.1199999999999875,[0.04759744 2.45147086],[-0.09569873  2.95927041],[-0.48403527  4.74348551],[0.01939691 0.13619161]
1120,1.1209999999999873,[0.04750126 2.45443489],[-0.09618423  2.96402992],[-0.48549855  4.75950763],[0.01940794 0.13576616]
1121,1.1219999999999872,[0.04740459 2.45740369],[-0.09667118  2.96880546],[-0.48695607  4.77554184],[0.01941907 0.13533897]
1122,1.1229999999999871,[0.04730743 2.46037729],[-0.09715959  2.97359705],[-0.48840762  4.79158734],[0.01943031 0.13491003]
1123,1.123999999999987,[0.04720978 2.46335569],[-0.09764944  2.97840469],[-0.48985302  4.80764332],[0.01944166 0.13447935]
1124,1.124999999999987,[0.04711164 2.46633892],[-0.09814073  2.9832284 ],[-0.49129205  4.82370897],[0.01945312 0.13404692]
1125,1.1259999999999868,[0.04701301 2.46932699],[-0.09863346  2.98806818],[-0.49272451  4.83978343],[0.01946468 0.13361275]
1126,1.1269999999999867,[0.04691388 2.47231992],[-0.09912761  2.99292405],[-0.49415021  4.85586585],[0.01947635 0.13317682]
1127,1.1279999999999866,[0.04681426 2.47531771],[-0.09962318  2.997796  ],[-0.49556892  4.87195536],[0.01948812 0.13273913]
1128,1.1289999999999865,[0.04671414 2.4783204 ],[-0.10012016  3.00268406],[-0.49698044  4.88805107],[0.0195     0.13229969]
1129,1.1299999999999863,[0.04661352 2.48132798],[-0.10061854  3.00758821],[-0.49838456  4.90415209],[0.01951199 0.13185849]
1130,1.1309999999999862,[0.0465124  2.48434049],[-0.10111832  3.01250846],[-0.49978105  4.92025749],[0.01952408 0.13141553]
1131,1.1319999999999861,[0.04641078 2.48735794],[-0.10161949  3.01744483],[-0.50116969  4.93636635],[0.01953627 0.13097081]
1132,1.132999999999986,[0.04630866 2.49038033],[-0.10212204  3.02239731],[-0.50255026  4.95247772],[0.01954857 0.13052432]
1133,1.133999999999986,[0.04620603 2.4934077 ],[-0.10262597  3.0273659 ],[-0.50392253  4.96859063],[0.01956098 0.13007607]
1134,1.1349999999999858,[0.0461029  2.49644005],[-0.10313125  3.0323506 ],[-0.50528627  4.98470411],[0.01957349 0.12962605]
1135,1.1359999999999857,[0.04599926 2.4994774 ],[-0.10363789  3.03735142],[-0.50664125  5.00081716],[0.0195861  0.12917426]
1136,1.1369999999999856,[0.04589512 2.50251977],[-0.10414588  3.04236835],[-0.50798722  5.01692876],[0.01959882 0.1287207 ]
1137,1.1379999999999855,[0.04579046 2.50556717],[-0.10465521  3.04740139],[-0.50932396  5.03303791],[0.01961164 0.12826536]
1138,1.1389999999999854,[0.04568529 2.50861962],[-0.10516586  3.05245053],[-0.51065121  5.04914354],[0.01962456 0.12780825]
1139,1.1399999999999852,[0.04557962 2.51167714],[-0.10567783  3.05751578],[-0.51196872  5.0652446 ],[0.01963759 0.12734937]
1140,1.1409999999999851,[0.04547343 2.51473974],[-0.1061911   3.06259712],[-0.51327626  5.08134001],[0.01965072 0.12688871]
1141,1.141999999999985,[0.04536672 2.51780743],[-0.10670568  3.06769454],[-0.51457356  5.09742869],[0.01966395 0.12642627]
1142,1.142999999999985,[0.0452595  2.52088024],[-0.10722154  3.07280805],[-0.51586037  5.11350951],[0.01967728 0.12596204]
1143,1.1439999999999848,[0.04515176 2.52395818],[-0.10773867  3.07793763],[-0.51713643  5.12958137],[0.01969072 0.12549604]
1144,1.1449999999999847,[0.0450435  2.52704126],[-0.10825707  3.08308328],[-0.51840147  5.1456431 ],[0.01970425 0.12502826]
1145,1.1459999999999846,[0.04493473 2.5301295 ],[-0.10877673  3.08824497],[-0.51965523  5.16169356],[0.01971789 0.12455869]
1146,1.1469999999999845,[0.04482543 2.53322293],[-0.10929763  3.0934227 ],[-0.52089744  5.17773156],[0.01973162 0.12408733]
1147,1.1479999999999844,[0.04471561 2.53632154],[-0.10981975  3.09861646],[-0.52212783  5.19375592],[0.01974546 0.12361419]
1148,1.1489999999999843,[0.04460527 2.53942537],[-0.1103431   3.10382622],[-0.52334611  5.20976541],[0.01975939 0.12313926]
1149,1.1499999999999841,[0.0444944  2.54253442],[-0.11086765  3.10905198],[-0.52455201  5.22575883],[0.01977343 0.12266255]
1150,1.150999999999984,[0.044383   2.54564871],[-0.1113934   3.11429372],[-0.52574524  5.2417349 ],[0.01978756 0.12218404]
1151,1.151999999999984,[0.04427108 2.54876827],[-0.11192032  3.11955141],[-0.52692553  5.25769239],[0.01980179 0.12170375]
1152,1.1529999999999838,[0.04415864 2.55189309],[-0.11244842  3.12482504],[-0.52809256  5.27363   ],[0.01981612 0.12122166]
1153,1.1539999999999837,[0.04404566 2.55502321],[-0.11297766  3.13011459],[-0.52924606  5.28954644],[0.01983054 0.12073779]
1154,1.1549999999999836,[0.04393215 2.55815863],[-0.11350805  3.13542003],[-0.53038573  5.30544039],[0.01984506 0.12025212]
1155,1.1559999999999835,[0.04381811 2.56129937],[-0.11403956  3.14074134],[-0.53151125  5.32131052],[0.01985968 0.11976466]
1156,1.1569999999999834,[0.04370354 2.56444545],[-0.11457218  3.14607849],[-0.53262234  5.33715549],[0.01987439 0.11927541]
1157,1.1579999999999833,[0.04358843 2.56759688],[-0.1151059   3.15143147],[-0.53371868  5.35297392],[0.01988919 0.11878436]
1158,1.1589999999999832,[0.04347279 2.57075368],[-0.1156407   3.15680023],[-0.53479995  5.36876443],[0.01990409 0.11829152]
1159,1.159999999999983,[0.04335662 2.57391586],[-0.11617657  3.16218476],[-0.53586585  5.38452562],[0.01991908 0.11779689]
1160,1.160999999999983,[0.0432399  2.57708345],[-0.11671348  3.16758501],[-0.53691606  5.40025606],[0.01993417 0.11730046]
1161,1.1619999999999828,[0.04312265 2.58025645],[-0.11725143  3.17300097],[-0.53795024  5.41595433],[0.01994935 0.11680224]
1162,1.1629999999999827,[0.04300486 2.58343488],[-0.1177904   3.17843259],[-0.53896809  5.43161897],[0.01996461 0.11630222]
1163,1.1639999999999826,[0.04288653 2.58661876],[-0.11833037  3.18387984],[-0.53996926  5.4472485 ],[0.01997997 0.11580041]
1164,1.1649999999999825,[0.04276766 2.5898081 ],[-0.11887132  3.18934268],[-0.54095343  5.46284144],[0.01999542 0.1152968 ]
1165,1.1659999999999824,[0.04264824 2.59300292],[-0.11941324  3.19482107],[-0.54192026  5.47839627],[0.02001096 0.11479141]
1166,1.1669999999999823,[0.04252829 2.59620324],[-0.11995611  3.20031498],[-0.5428694   5.49391148],[0.02002658 0.11428421]
1167,1.1679999999999822,[0.04240779 2.59940906],[-0.12049991  3.20582437],[-0.54380052  5.50938552],[0.0200423  0.11377523]
1168,1.168999999999982,[0.04228674 2.60262041],[-0.12104463  3.21134919],[-0.54471327  5.52481683],[0.0200581  0.11326445]
1169,1.169999999999982,[0.04216515 2.6058373 ],[-0.12159023  3.21688939],[-0.5456073   5.54020384],[0.02007398 0.11275188]
1170,1.1709999999999818,[0.04204302 2.60905975],[-0.12213672  3.22244494],[-0.54648225  5.55554495],[0.02008996 0.11223752]
1171,1.1719999999999817,[0.04192033 2.61228776],[-0.12268405  3.22801577],[-0.54733777  5.57083856],[0.02010601 0.11172136]
1172,1.1729999999999816,[0.0417971  2.61552136],[-0.12323223  3.23360186],[-0.54817349  5.58608303],[0.02012215 0.11120342]
1173,1.1739999999999815,[0.04167332 2.61876057],[-0.12378122  3.23920313],[-0.54898905  5.60127671],[0.02013837 0.11068369]
1174,1.1749999999999814,[0.04154899 2.62200539],[-0.124331    3.24481955],[-0.54978409  5.61641796],[0.02015467 0.11016217]
1175,1.1759999999999813,[0.04142411 2.62525584],[-0.12488156  3.25045106],[-0.55055823  5.63150509],[0.02017106 0.10963886]
1176,1.1769999999999812,[0.04129867 2.62851194],[-0.12543287  3.25609759],[-0.55131109  5.64653641],[0.02018752 0.10911376]
1177,1.177999999999981,[0.04117269 2.6317737 ],[-0.12598491  3.2617591 ],[-0.55204231  5.6615102 ],[0.02020406 0.10858688]
1178,1.178999999999981,[0.04104615 2.63504113],[-0.12653766  3.26743553],[-0.55275149  5.67642474],[0.02022068 0.10805822]
1179,1.1799999999999808,[0.04091906 2.63831426],[-0.1270911   3.27312681],[-0.55343825  5.69127828],[0.02023738 0.10752777]
1180,1.1809999999999807,[0.04079142 2.64159309],[-0.1276452   3.27883288],[-0.5541022   5.70606907],[0.02025415 0.10699555]
1181,1.1819999999999806,[0.04066322 2.64487764],[-0.12819995  3.28455367],[-0.55474296  5.72079533],[0.020271   0.10646154]
1182,1.1829999999999805,[0.04053446 2.64816793],[-0.12875531  3.29028913],[-0.55536012  5.73545527],[0.02028792 0.10592576]
1183,1.1839999999999804,[0.04040515 2.65146397],[-0.12931126  3.29603917],[-0.55595329  5.75004708],[0.02030491 0.1053882 ]
1184,1.1849999999999803,[0.04027528 2.65476578],[-0.12986778  3.30180374],[-0.55652207  5.76456895],[0.02032197 0.10484886]
1185,1.1859999999999802,[0.04014486 2.65807336],[-0.13042485  3.30758276],[-0.55706605  5.77901903],[0.02033911 0.10430776]
1186,1.18699999999998,[0.04001387 2.66138674],[-0.13098243  3.31337616],[-0.55758482  5.79339547],[0.02035631 0.10376488]
1187,1.18799999999998,[0.03988233 2.66470592],[-0.13154051  3.31918385],[-0.55807798  5.80769641],[0.02037358 0.10322024]
1188,1.1889999999999799,[0.03975023 2.66803092],[-0.13209906  3.32500577],[-0.5585451   5.82191997],[0.02039092 0.10267383]
1189,1.1899999999999797,[0.03961758 2.67136177],[-0.13265804  3.33084184],[-0.55898578  5.83606426],[0.02040832 0.10212566]
1190,1.1909999999999796,[0.03948436 2.67469846],[-0.13321744  3.33669196],[-0.55939958  5.85012736],[0.02042579 0.10157572]
1191,1.1919999999999795,[0.03935058 2.67804101],[-0.13377723  3.34255607],[-0.5597861   5.86410736],[0.02044332 0.10102403]
1192,1.1929999999999794,[0.03921624 2.68138945],[-0.13433737  3.34843407],[-0.56014489  5.87800232],[0.02046091 0.10047059]
1193,1.1939999999999793,[0.03908135 2.68474377],[-0.13489785  3.35432588],[-0.56047554  5.8918103 ],[0.02047856 0.09991539]
1194,1.1949999999999792,[0.03894589 2.68810401],[-0.13545863  3.36023141],[-0.5607776   5.90552933],[0.02049627 0.09935844]
1195,1.195999999999979,[0.03880987 2.69147016],[-0.13601968  3.36615057],[-0.56105065  5.91915744],[0.02051404 0.09879975]
1196,1.196999999999979,[0.03867329 2.69484224],[-0.13658097  3.37208326],[-0.56129425  5.93269266],[0.02053186 0.09823931]
1197,1.1979999999999789,[0.03853614 2.69822027],[-0.13714248  3.3780294 ],[-0.56150796  5.94613297],[0.02054974 0.09767713]
1198,1.1989999999999787,[0.03839844 2.70160426],[-0.13770417  3.38398887],[-0.56169133  5.95947639],[0.02056767 0.09711322]
1199,1.1999999999999786,[0.03826017 2.70499422],[-0.13826601  3.38996159],[-0.56184392  5.97272089],[0.02058565 0.09654757]
1200,1.2009999999999785,[0.03812135 2.70839017],[-0.13882798  3.39594746],[-0.56196528  5.98586445],[0.02060368 0.09598019]
1201,1.2019999999999784,[0.03798196 2.71179211],[-0.13939003  3.40194636],[-0.56205496  5.99890502],[0.02062177 0.09541108]
1202,1.2029999999999783,[0.037842   2.71520007],[-0.13995215  3.4079582 ],[-0.56211251  6.01184057],[0.02063989 0.09484026]
1203,1.2039999999999782,[0.03770149 2.71861405],[-0.14051428  3.41398287],[-0.56213748  6.02466903],[0.02065807 0.09426771]
1204,1.204999999999978,[0.03756041 2.72203408],[-0.14107641  3.42002026],[-0.5621294   6.03738835],[0.02067628 0.09369345]
1205,1.205999999999978,[0.03741878 2.72546015],[-0.1416385   3.42607026],[-0.56208782  6.04999644],[0.02069454 0.09311748]
1206,1.2069999999999779,[0.03727657 2.72889228],[-0.14220051  3.43213275],[-0.56201227  6.06249125],[0.02071284 0.0925398 ]
1207,1.2079999999999778,[0.03713381 2.73233049],[-0.14276242  3.43820762],[-0.5619023   6.07487066],[0.02073118 0.09196042]
1208,1.2089999999999776,[0.03699049 2.73577478],[-0.14332417  3.44429475],[-0.56175744  6.0871326 ],[0.02074956 0.09137935]
1209,1.2099999999999775,[0.0368466  2.73922517],[-0.14388575  3.45039403],[-0.56157721  6.09927497],[0.02076797 0.09079658]
1210,1.2109999999999774,[0.03670216 2.74268168],[-0.14444711  3.45650532],[-0.56136116  6.11129566],[0.02078641 0.09021212]
1211,1.2119999999999773,[0.03655715 2.74614431],[-0.14500822  3.46262852],[-0.56110881  6.12319256],[0.02080489 0.08962598]
1212,1.2129999999999772,[0.03641158 2.74961307],[-0.14556904  3.46876348],[-0.56081969  6.13496356],[0.0208234  0.08903816]
1213,1.213999999999977,[0.03626545 2.75308798],[-0.14612953  3.47491009],[-0.56049333  6.14660654],[0.02084193 0.08844867]
1214,1.214999999999977,[0.03611876 2.75656905],[-0.14668966  3.48106821],[-0.56012925  6.15811938],[0.02086049 0.08785751]
1215,1.2159999999999769,[0.03597151 2.76005629],[-0.14724939  3.48723771],[-0.55972698  6.16949996],[0.02087908 0.08726468]
1216,1.2169999999999768,[0.0358237  2.76354971],[-0.14780868  3.49341845],[-0.55928603  6.18074616],[0.02089769 0.0866702 ]
1217,1.2179999999999767,[0.03567533 2.76704932],[-0.14836748  3.49961031],[-0.55880594  6.19185584],[0.02091631 0.08607407]
1218,1.2189999999999765,[0.03552641 2.77055513],[-0.14892577  3.50581313],[-0.55828622  6.20282689],[0.02093496 0.08547629]
1219,1.2199999999999764,[0.03537692 2.77406716],[-0.14948349  3.51202679],[-0.5577264   6.21365718],[0.02095362 0.08487687]
1220,1.2209999999999763,[0.03522688 2.77758541],[-0.15004062  3.51825114],[-0.55712599  6.22434458],[0.0209723  0.08427582]
1221,1.2219999999999762,[0.03507629 2.78110989],[-0.1505971   3.52448602],[-0.55648451  6.23488696],[0.02099099 0.08367314]
1222,1.222999999999976,[0.03492513 2.78464062],[-0.15115291  3.53073131],[-0.55580148  6.24528221],[0.02100969 0.08306884]
1223,1.223999999999976,[0.03477343 2.78817761],[-0.15170798  3.53698683],[-0.55507643  6.25552821],[0.0210284  0.08246292]
1224,1.2249999999999759,[0.03462116 2.79172086],[-0.15226229  3.54325246],[-0.55430886  6.26562285],[0.02104711 0.08185539]
1225,1.2259999999999758,[0.03446835 2.79527039],[-0.15281579  3.54952802],[-0.5534983  6.275564 ],[0.02106583 0.08124625]
1226,1.2269999999999757,[0.03431498 2.79882621],[-0.15336843  3.55581337],[-0.55264426  6.28534957],[0.02108454 0.08063552]
1227,1.2279999999999756,[0.03416106 2.80238831],[-0.15392018  3.56210835],[-0.55174627  6.29497747],[0.02110326 0.0800232 ]
1228,1.2289999999999754,[0.03400659 2.80595673],[-0.15447098  3.56841279],[-0.55080383  6.30444558],[0.02112198 0.0794093 ]
1229,1.2299999999999753,[0.03385157 2.80953145],[-0.1550208   3.57472654],[-0.54981648  6.31375184],[0.02114069 0.07879382]
1230,1.2309999999999752,[0.033696  2.8131125],[-0.15556958  3.58104944],[-0.54878373  6.32289416],[0.02115939 0.07817678]
1231,1.2319999999999751,[0.03353988 2.81669988],[-0.15611729  3.58738131],[-0.54770511  6.33187048],[0.02117808 0.07755817]
1232,1.232999999999975,[0.03338322 2.82029361],[-0.15666387  3.59372199],[-0.54658012  6.34067874],[0.02119676 0.076938  ]
1233,1.233999999999975,[0.03322601 2.82389368],[-0.15720928  3.60007131],[-0.54540831  6.34931689],[0.02121542 0.07631629]
1234,1.2349999999999748,[0.03306825 2.82750011],[-0.15775347  3.60642909],[-0.54418918  6.3577829 ],[0.02123407 0.07569304]
1235,1.2359999999999747,[0.03290996 2.8311129 ],[-0.15829639  3.61279516],[-0.54292227  6.36607475],[0.0212527  0.07506826]
1236,1.2369999999999746,[0.03275112 2.83473207],[-0.158838    3.61916935],[-0.5416071   6.37419042],[0.0212713  0.07444196]
1237,1.2379999999999745,[0.03259174 2.83835762],[-0.15937824  3.62555148],[-0.5402432   6.38212793],[0.02128988 0.07381414]
1238,1.2389999999999743,[0.03243182 2.84198956],[-0.15991707  3.63194137],[-0.5388301   6.38988529],[0.02130844 0.07318481]
1239,1.2399999999999742,[0.03227137 2.8456279 ],[-0.16045444  3.63833883],[-0.53736733  6.39746055],[0.02132696 0.07255399]
1240,1.2409999999999741,[0.03211038 2.84927265],[-0.16099029  3.64474368],[-0.53585443  6.40485175],[0.02134545 0.07192167]
1241,1.241999999999974,[0.03194885 2.8529238 ],[-0.16152458  3.65115574],[-0.53429093  6.41205697],[0.02136391 0.07128787]
1242,1.242999999999974,[0.0317868  2.85658138],[-0.16205726  3.65757481],[-0.53267638  6.4190743 ],[0.02138232 0.07065259]
1243,1.2439999999999738,[0.03162421 2.86024538],[-0.16258827  3.66400071],[-0.53101031  6.42590184],[0.0214007  0.07001585]
1244,1.2449999999999737,[0.03146109 2.86391581],[-0.16311756  3.67043325],[-0.52929227  6.43253774],[0.02141904 0.06937765]
1245,1.2459999999999736,[0.03129745 2.86759268],[-0.16364508  3.67687223],[-0.5275218   6.43898015],[0.02143732 0.06873801]
1246,1.2469999999999735,[0.03113328 2.871276  ],[-0.16417078  3.68331746],[-0.52569846  6.44522723],[0.02145556 0.06809693]
1247,1.2479999999999734,[0.03096858 2.87496577],[-0.1646946   3.68976873],[-0.5238218  6.4512772],[0.02147375 0.06745441]
1248,1.2489999999999732,[0.03080336 2.878662  ],[-0.16521649  3.69622586],[-0.52189138  6.45712827],[0.02149188 0.06681048]
1249,1.2499999999999731,[0.03063763 2.88236468],[-0.1657364   3.70268864],[-0.51990676  6.46277869],[0.02150996 0.06616513]
1250,1.250999999999973,[0.03047137 2.88607384],[-0.16625427  3.70915687],[-0.5178675   6.46822674],[0.02152797 0.06551838]
1251,1.251999999999973,[0.0303046  2.88978947],[-0.16677004  3.71563034],[-0.51577317  6.47347072],[0.02154593 0.06487024]
1252,1.2529999999999728,[0.03013732 2.89351158],[-0.16728367  3.72210885],[-0.51362335  6.47850896],[0.02156381 0.06422072]
1253,1.2539999999999727,[0.02996952 2.89724017],[-0.16779508  3.72859219],[-0.51141761  6.48333983],[0.02158163 0.06356982]
1254,1.2549999999999726,[0.02980122 2.90097525],[-0.16830424  3.73508015],[-0.50915553  6.4879617 ],[0.02159937 0.06291756]
1255,1.2559999999999725,[0.02963241 2.90471682],[-0.16881108  3.74157252],[-0.50683671  6.49237302],[0.02161704 0.06226395]
1256,1.2569999999999724,[0.02946309 2.90846489],[-0.16931554  3.74806909],[-0.50446073  6.49657222],[0.02163464 0.061609  ]
1257,1.2579999999999723,[0.02929328 2.91221946],[-0.16981756  3.75456965],[-0.50202718  6.50055779],[0.02165215 0.06095271]
1258,1.2589999999999721,[0.02912296 2.91598054],[-0.1703171   3.76107398],[-0.49953568  6.50432826],[0.02166957 0.0602951 ]
1259,1.259999999999972,[0.02895215 2.91974812],[-0.17081408  3.76758186],[-0.49698583  6.50788219],[0.02168691 0.05963617]
1260,1.260999999999972,[0.02878084 2.92352221],[-0.17130846  3.77409308],[-0.49437724  6.51121815],[0.02170416 0.05897595]
1261,1.2619999999999718,[0.02860904 2.92730282],[-0.17180017  3.78060742],[-0.49170952  6.51433478],[0.02172131 0.05831443]
1262,1.2629999999999717,[0.02843675 2.93108994],[-0.17228915  3.78712465],[-0.48898231  6.51723074],[0.02173837 0.05765163]
1263,1.2639999999999716,[0.02826397 2.93488359],[-0.17277535  3.79364455],[-0.48619524  6.51990474],[0.02175533 0.05698757]
1264,1.2649999999999715,[0.02809071 2.93868376],[-0.1732587   3.80016691],[-0.48334793  6.52235552],[0.02177218 0.05632224]
1265,1.2659999999999714,[0.02791697 2.94249045],[-0.17373914  3.80669149],[-0.48044005  6.52458186],[0.02178893 0.05565566]
1266,1.2669999999999713,[0.02774276 2.94630367],[-0.17421661  3.81321807],[-0.47747123  6.52658259],[0.02180556 0.05498785]
1267,1.2679999999999712,[0.02756807 2.95012341],[-0.17469105  3.81974643],[-0.47444113  6.52835657],[0.02182209 0.05431881]
1268,1.268999999999971,[0.0273929  2.95394969],[-0.1751624   3.82627633],[-0.47134941  6.52990271],[0.02183849 0.05364856]
1269,1.269999999999971,[0.02721727 2.9577825 ],[-0.17563059  3.83280755],[-0.46819576  6.53121996],[0.02185478 0.0529771 ]
1270,1.2709999999999708,[0.02704118 2.96162184],[-0.17609557  3.83933986],[-0.46497984  6.53230732],[0.02187094 0.05230445]
1271,1.2719999999999707,[0.02686462 2.96546771],[-0.17655728  3.84587302],[-0.46170135  6.53316383],[0.02188698 0.05163061]
1272,1.2729999999999706,[0.02668761 2.96932012],[-0.17701564  3.85240681],[-0.45835997  6.53378857],[0.02190288 0.05095561]
1273,1.2739999999999705,[0.02651013 2.97317906],[-0.17747059  3.85894099],[-0.45495541  6.53418068],[0.02191866 0.05027945]
1274,1.2749999999999704,[0.02633221 2.97704453],[-0.17792208  3.86547533],[-0.45148738  6.53433934],[0.02193429 0.04960214]
1275,1.2759999999999703,[0.02615384 2.98091654],[-0.17837003  3.87200959],[-0.4479556   6.53426378],[0.02194978 0.04892369]
1276,1.2769999999999702,[0.02597503 2.98479508],[-0.17881439  3.87854355],[-0.44435978  6.53395327],[0.02196513 0.04824413]
1277,1.27799999999997,[0.02579577 2.98868016],[-0.17925509  3.88507695],[-0.44069968  6.53340714],[0.02198033 0.04756345]
1278,1.27899999999997,[0.02561608 2.99257177],[-0.17969207  3.89160958],[-0.43697502  6.53262478],[0.02199538 0.04688167]
1279,1.2799999999999698,[0.02543596 2.99646991],[-0.18012525  3.89814118],[-0.43318557  6.53160559],[0.02201028 0.0461988 ]
1280,1.2809999999999697,[0.0252554  3.00037458],[-0.18055459  3.90467153],[-0.42933109  6.53034908],[0.02202501 0.04551485]
1281,1.2819999999999696,[0.02507442 3.00428578],[-0.18098     3.91120039],[-0.42541134  6.52885475],[0.02203959 0.04482984]
1282,1.2829999999999695,[0.02489302 3.00820351],[-0.18140142  3.91772751],[-0.4214261  6.5271222],[0.02205399 0.04414378]
1283,1.2839999999999694,[0.0247112  3.01212776],[-0.1818188   3.92425266],[-0.41737516  6.52515107],[0.02206823 0.04345668]
1284,1.2849999999999693,[0.02452897 3.01605854],[-0.18223206  3.9307756 ],[-0.41325833  6.52294103],[0.0220823  0.04276855]
1285,1.2859999999999692,[0.02434633 3.01999584],[-0.18264113  3.93729609],[-0.40907541  6.52049183],[0.02209618 0.0420794 ]
1286,1.286999999999969,[0.02416328 3.02393965],[-0.18304596  3.9438139 ],[-0.40482621  6.51780327],[0.02210989 0.04138925]
1287,1.287999999999969,[0.02397984 3.02788998],[-0.18344647  3.95032877],[-0.40051057  6.5148752 ],[0.02212341 0.04069811]
1288,1.2889999999999688,[0.02379599 3.03184682],[-0.1838426   3.95684048],[-0.39612832  6.51170752],[0.02213675 0.04000599]
1289,1.2899999999999687,[0.02361176 3.03581017],[-0.18423428  3.96334878],[-0.39167931  6.50830019],[0.02214989 0.0393129 ]
1290,1.2909999999999686,[0.02342714 3.03978002],[-0.18462144  3.96985343],[-0.3871634   6.50465323],[0.02216284 0.03861886]
1291,1.2919999999999685,[0.02324213 3.04375638],[-0.18500402  3.9763542 ],[-0.38258046  6.50076671],[0.02217558 0.03792387]
1292,1.2929999999999684,[0.02305675 3.04773923],[-0.18538195  3.98285084],[-0.37793036  6.49664077],[0.02218813 0.03722796]
1293,1.2939999999999683,[0.022871   3.05172857],[-0.18575516  3.98934312],[-0.373213    6.49227557],[0.02220047 0.03653112]
1294,1.2949999999999682,[0.02268487 3.0557244 ],[-0.18612359  3.99583079],[-0.36842828  6.48767137],[0.02221259 0.03583338]
1295,1.295999999999968,[0.02249838 3.05972671],[-0.18648717  4.00231362],[-0.3635761   6.48282845],[0.0222245  0.03513475]
1296,1.296999999999968,[0.02231154 3.06373551],[-0.18684582  4.00879136],[-0.35865639  6.47774718],[0.0222362  0.03443523]
1297,1.2979999999999678,[0.02212434 3.06775077],[-0.18719949  4.01526379],[-0.35366908  6.47242796],[0.02224767 0.03373485]
1298,1.2989999999999677,[0.02193679 3.0717725 ],[-0.18754811  4.02173066],[-0.34861412  6.46687126],[0.02225891 0.03303361]
1299,1.2999999999999676,[0.0217489  3.07580069],[-0.1878916   4.02819174],[-0.34349145  6.4610776 ],[0.02226993 0.03233153]
1300,1.3009999999999675,[0.02156067 3.07983534],[-0.1882299   4.03464679],[-0.33830105  6.45504756],[0.02228071 0.03162862]
1301,1.3019999999999674,[0.02137211 3.08387643],[-0.18856294  4.04109557],[-0.33304289  6.44878178],[0.02229125 0.03092489]
1302,1.3029999999999673,[0.02118322 3.08792397],[-0.18889066  4.04753785],[-0.32771696  6.44228094],[0.02230155 0.03022035]
1303,1.3039999999999672,[0.020994   3.09197795],[-0.18921298  4.0539734 ],[-0.32232325  6.43554581],[0.0223116  0.02951502]
1304,1.304999999999967,[0.02080447 3.09603835],[-0.18952984  4.06040197],[-0.31686179  6.42857717],[0.02232141 0.02880891]
1305,1.305999999999967,[0.02061463 3.10010517],[-0.18984118  4.06682335],[-0.31133258  6.42137589],[0.02233096 0.02810203]
1306,1.3069999999999669,[0.02042449 3.10417841],[-0.19014691  4.07323729],[-0.30573567  6.41394289],[0.02234026 0.02739439]
1307,1.3079999999999667,[0.02023404 3.10825805],[-0.19044698  4.07964357],[-0.30007109  6.40627914],[0.02234929 0.026686  ]
1308,1.3089999999999666,[0.0200433  3.11234409],[-0.19074132  4.08604196],[-0.29433891  6.39838565],[0.02235806 0.02597689]
1309,1.3099999999999665,[0.01985227 3.11643653],[-0.19102986  4.09243222],[-0.28853919  6.39026351],[0.02236656 0.02526705]
1310,1.3109999999999664,[0.01966095 3.12053534],[-0.19131253  4.09881413],[-0.28267201  6.38191386],[0.02237478 0.02455651]
1311,1.3119999999999663,[0.01946937 3.12464053],[-0.19158927  4.10518747],[-0.27673746  6.37333787],[0.02238273 0.02384527]
1312,1.3129999999999662,[0.01927751 3.12875208],[-0.19186001  4.11155201],[-0.27073564  6.36453679],[0.0223904  0.02313334]
1313,1.313999999999966,[0.01908538 3.13286999],[-0.19212467  4.11790752],[-0.26466667  6.35551191],[0.02239778 0.02242075]
1314,1.314999999999966,[0.018893   3.13699424],[-0.1923832   4.12425379],[-0.25853066  6.34626457],[0.02240487 0.0217075 ]
1315,1.3159999999999659,[0.01870036 3.14112483],[-0.19263553  4.13059058],[-0.25232776  6.33679617],[0.02241167 0.0209936 ]
1316,1.3169999999999658,[0.01850748 3.14526175],[-0.19288159  4.13691769],[-0.2460581   6.32710814],[0.02241817 0.02027906]
1317,1.3179999999999656,[0.01831436 3.14940498],[-0.19312131  4.14323489],[-0.23972186  6.31720199],[0.02242438 0.0195639 ]
1318,1.3189999999999655,[0.018121   3.15355453],[-0.19335463  4.14954197],[-0.2333192   6.30707926],[0.02243027 0.01884813]
1319,1.3199999999999654,[0.01792742 3.15771036],[-0.19358148  4.15583871],[-0.22685029  6.29674153],[0.02243586 0.01813176]
1320,1.3209999999999653,[0.01773362 3.16187249],[-0.1938018  4.1621249],[-0.22031534  6.28619045],[0.02244114 0.0174148 ]
1321,1.3219999999999652,[0.01753961 3.16604089],[-0.19401551  4.16840033],[-0.21371454  6.2754277 ],[0.0224461  0.01669727]
1322,1.322999999999965,[0.01734538 3.17021555],[-0.19422256  4.17466479],[-0.20704812  6.26445501],[0.02245074 0.01597917]
1323,1.323999999999965,[0.01715096 3.17439647],[-0.19442288  4.18091806],[-0.20031628  6.25327416],[0.02245505 0.01526052]
1324,1.3249999999999649,[0.01695634 3.17858363],[-0.1946164   4.18715995],[-0.19351928  6.24188697],[0.02245904 0.01454133]
1325,1.3259999999999648,[0.01676154 3.18277702],[-0.19480305  4.19339024],[-0.18665735  6.23029529],[0.02246269 0.0138216 ]
1326,1.3269999999999647,[0.01656656 3.18697663],[-0.19498278  4.19960874],[-0.17973076  6.21850104],[0.02246601 0.01310136]
1327,1.3279999999999645,[0.0163714  3.19118245],[-0.19515552  4.20581525],[-0.17273977  6.20650616],[0.02246899 0.01238061]
1328,1.3289999999999644,[0.01617608 3.19539446],[-0.19532121  4.21200956],[-0.16568466  6.19431262],[0.02247162 0.01165937]
1329,1.3299999999999643,[0.0159806  3.19961265],[-0.19547977  4.21819148],[-0.15856572  6.18192247],[0.02247391 0.01093764]
1330,1.3309999999999642,[0.01578497 3.20383701],[-0.19563116  4.22436082],[-0.15138325  6.16933774],[0.02247584 0.01021544]
1331,1.331999999999964,[0.0155892  3.20806753],[-0.19577529  4.23051738],[-0.14413757  6.15656056],[0.02247742 0.00949277]
1332,1.332999999999964,[0.01539328 3.21230419],[-0.19591212  4.23666098],[-0.13682898  6.14359303],[0.02247863 0.00876965]
1333,1.3339999999999639,[0.01519724 3.21654698],[-0.19604158  4.24279141],[-0.12945782  6.13043734],[0.02247949 0.00804609]
1334,1.3349999999999638,[0.01500108 3.22079589],[-0.19616361  4.24890851],[-0.12202444  6.11709569],[0.02247998 0.0073221 ]
1335,1.3359999999999637,[0.0148048 3.2250509],[-0.19627813  4.25501208],[-0.11452918  6.10357029],[0.02248009 0.00659769]
1336,1.3369999999999636,[0.01460841 3.229312  ],[-0.19638511  4.26110194],[-0.10697239  6.08986342],[0.02247983 0.00587288]
1337,1.3379999999999634,[0.01441193 3.23357918],[-0.19648446  4.26717792],[-0.09935446  6.07597737],[0.0224792  0.00514766]
1338,1.3389999999999633,[0.01421535 3.23785242],[-0.19657614  4.27323983],[-0.09167575  6.06191445],[0.02247818 0.00442205]
1339,1.3399999999999632,[0.01401869 3.24213171],[-0.19666007  4.27928751],[-0.08393666  6.04767701],[0.02247677 0.00369607]
1340,1.340999999999963,[0.01382196 3.24641703],[-0.19673621  4.28532078],[-0.07613758  6.03326742],[0.02247497 0.00296972]
1341,1.341999999999963,[0.01362515 3.25070837],[-0.19680449  4.29133947],[-0.06827893  6.01868807],[0.02247278 0.00224301]
1342,1.342999999999963,[0.01342829 3.25500571],[-0.19686485  4.29734341],[-0.0603611   6.00394139],[0.0224702  0.00151595]
1343,1.3439999999999628,[0.01323137 3.25930904],[-0.19691724  4.30333244],[-0.05238453  5.98902981],[0.02246721 0.00078855]
1344,1.3449999999999627,[0.01303441 3.26361835],[-0.19696159  4.30930639],[-0.04434965  5.97395578],[2.24638114e-02 6.08259818e-05]
1345,1.3459999999999626,[0.01283741 3.26793361],[-0.19699784  4.31526512],[-0.0362569   5.95872179],[ 0.02246001 -0.00066722]
1346,1.3469999999999624,[0.01264039 3.27225482],[-0.19702595  4.32120845],[-0.02810672  5.94333032],[ 0.02245579 -0.00139557]
1347,1.3479999999999623,[0.01244334 3.27658196],[-0.19704585  4.32713623],[-0.01989958  5.9277839 ],[ 0.02245116 -0.00212423]
1348,1.3489999999999622,[0.01224628 3.28091501],[-0.19705749  4.33304832],[-0.01163594  5.91208503],[ 0.02244611 -0.00285317]
1349,1.3499999999999621,[0.01204922 3.28525395],[-0.1970608   4.33894455],[-3.31626296e-03  5.89623627e+00],[ 0.02244063 -0.00358239]
1350,1.350999999999962,[0.01185217 3.28959878],[-0.19705574  4.34482479],[5.05896046e-03 5.88024015e+00],[ 0.02243473 -0.00431189]
1351,1.351999999999962,[0.01165512 3.29394947],[-0.19704225  4.35068889],[0.01348925 5.86409923],[ 0.0224284  -0.00504165]
1352,1.3529999999999618,[0.0114581 3.298306 ],[-0.19702028  4.35653671],[0.0219741  5.84781609],[ 0.02242163 -0.00577167]
1353,1.3539999999999617,[0.01126111 3.30266837],[-0.19698977  4.3623681 ],[0.03051303 5.8313933 ],[ 0.02241442 -0.00650193]
1354,1.3549999999999616,[0.01106416 3.30703655],[-0.19695066  4.36818293],[0.03910551 5.81483343],[ 0.02240678 -0.00723243]
1355,1.3559999999999615,[0.01086726 3.31141053],[-0.19690291  4.37398107],[0.04775104 5.79813907],[ 0.02239869 -0.00796316]
1356,1.3569999999999613,[0.01067041 3.3157903 ],[-0.19684646  4.37976239],[0.05644909 5.78131281],[ 0.02239015 -0.00869411]
1357,1.3579999999999612,[0.01047363 3.32017582],[-0.19678126  4.38552674],[0.06519914 5.76435724],[ 0.02238115 -0.00942527]
1358,1.3589999999999611,[0.01027692 3.3245671 ],[-0.19670726  4.39127402],[0.07400065 5.74727495],[ 0.02237171 -0.01015663]
1359,1.359999999999961,[0.0100803 3.3289641],[-0.19662441  4.39700409],[0.08285308 5.73006853],[ 0.0223618  -0.01088819]
1360,1.360999999999961,[0.00988377 3.33336682],[-0.19653265  4.40271683],[0.09175589 5.71274057],[ 0.02235143 -0.01161994]
1361,1.3619999999999608,[0.00968734 3.33777523],[-0.19643194  4.40841212],[0.10070852 5.69529364],[ 0.0223406  -0.01235187]
1362,1.3629999999999607,[0.00949101 3.34218932],[-0.19632223  4.41408985],[0.10971043 5.67773033],[ 0.0223293  -0.01308397]
1363,1.3639999999999606,[0.00929481 3.34660907],[-0.19620347  4.4197499 ],[0.11876104 5.66005321],[ 0.02231752 -0.01381623]
1364,1.3649999999999605,[0.00909873 3.35103446],[-0.19607561  4.42539217],[0.12785979 5.64226484],[ 0.02230527 -0.01454865]
1365,1.3659999999999604,[0.0089028  3.35546548],[-0.19593861  4.43101654],[0.13700611 5.62436778],[ 0.02229254 -0.01528123]
1366,1.3669999999999602,[0.008707  3.3599021],[-0.19579241  4.4366229 ],[0.14619942 5.60636457],[ 0.02227933 -0.01601394]
1367,1.3679999999999601,[0.00851137 3.36434431],[-0.19563697  4.44221116],[0.15543915 5.58825774],[ 0.02226563 -0.01674679]
1368,1.36899999999996,[0.00831589 3.36879209],[-0.19547224  4.44778121],[0.1647247  5.57004981],[ 0.02225145 -0.01747977]
1369,1.36999999999996,[0.0081206  3.37324543],[-0.19529819  4.45333295],[0.17405548 5.55174329],[ 0.02223677 -0.01821287]
1370,1.3709999999999598,[0.00792548 3.37770429],[-0.19511476  4.45886629],[0.18343091 5.53334067],[ 0.02222159 -0.01894609]
1371,1.3719999999999597,[0.00773056 3.38216867],[-0.19492191  4.46438114],[0.19285038 5.51484443],[ 0.02220592 -0.01967941]
1372,1.3729999999999596,[0.00753584 3.38663855],[-0.19471959  4.46987739],[0.20231329 5.49625701],[ 0.02218975 -0.02041284]
1373,1.3739999999999595,[0.00734133 3.39111391],[-0.19450777  4.47535498],[0.21181904 5.47758086],[ 0.02217307 -0.02114636]
1374,1.3749999999999594,[0.00714705 3.39559472],[-0.19428641  4.48081379],[0.22136702 5.4588184 ],[ 0.02215589 -0.02187997]
1375,1.3759999999999593,[0.00695299 3.40008097],[-0.19405545  4.48625377],[0.23095661 5.43997201],[ 0.0221382  -0.02261366]
1376,1.3769999999999591,[0.00675918 3.40457265],[-0.19381486  4.49167481],[0.24058721 5.42104408],[ 0.02211999 -0.02334743]
1377,1.377999999999959,[0.00656561 3.40906973],[-0.1935646   4.49707685],[0.2502582  5.40203695],[ 0.02210126 -0.02408127]
1378,1.378999999999959,[0.00637231 3.41357219],[-0.19330464  4.5024598 ],[0.25996895 5.38295294],[ 0.02208202 -0.02481518]
1379,1.3799999999999588,[0.00617927 3.41808001],[-0.19303492  4.50782359],[0.26971884 5.36379437],[ 0.02206225 -0.02554915]
1380,1.3809999999999587,[0.00598652 3.42259318],[-0.19275541  4.51316816],[0.27950724 5.3445635 ],[ 0.02204196 -0.02628316]
1381,1.3819999999999586,[0.00579405 3.42711167],[-0.19246608  4.51849342],[0.28933354 5.32526258],[ 0.02202114 -0.02701723]
1382,1.3829999999999585,[0.00560188 3.43163547],[-0.19216688  4.52379931],[0.29919709 5.30589383],[ 0.02199978 -0.02775134]
1383,1.3839999999999584,[0.00541003 3.43616456],[-0.19185778  4.52908577],[0.30909727 5.28645944],[ 0.0219779  -0.02848548]
1384,1.3849999999999583,[0.00521849 3.44069891],[-0.19153875  4.53435273],[0.31903345 5.26696156],[ 0.02195547 -0.02921966]
1385,1.3859999999999582,[0.00502728 3.44523851],[-0.19120974  4.53960014],[0.32900498 5.24740232],[ 0.02193251 -0.02995387]
1386,1.386999999999958,[0.00483641 3.44978334],[-0.19087073  4.54482792],[0.33901123 5.22778382],[ 0.02190901 -0.03068809]
1387,1.387999999999958,[0.00464588 3.45433337],[-0.19052168  4.55003603],[0.34905156 5.20810812],[ 0.02188496 -0.03142234]
1388,1.3889999999999578,[0.00445572 3.4588886 ],[-0.19016255  4.55522441],[0.35912533 5.18837725],[ 0.02186036 -0.03215659]
1389,1.3899999999999577,[0.00426593 3.46344899],[-0.18979332  4.560393  ],[0.36923191 5.1685932 ],[ 0.02183521 -0.03289085]
1390,1.3909999999999576,[0.00407651 3.46801453],[-0.18941395  4.56554176],[0.37937064 5.14875794],[ 0.02180951 -0.03362512]
1391,1.3919999999999575,[0.00388749 3.4725852 ],[-0.18902441  4.57067063],[0.38954088 5.12887338],[ 0.02178325 -0.03435938]
1392,1.3929999999999574,[0.00369887 3.47716098],[-0.18862467  4.57577957],[0.39974199 5.10894142],[ 0.02175644 -0.03509364]
1393,1.3939999999999573,[0.00351065 3.48174185],[-0.1882147   4.58086854],[0.40997333 5.0889639 ],[ 0.02172906 -0.03582788]
1394,1.3949999999999572,[3.32285622e-03 3.48632779e+00],[-0.18779446  4.58593748],[0.42023425 5.06894263],[ 0.02170112 -0.03656211]
1395,1.395999999999957,[3.13549228e-03 3.49091877e+00],[-0.18736394  4.59098636],[0.4305241 5.0488794],[ 0.02167262 -0.03729632]
1396,1.396999999999957,[2.94856918e-03 3.49551479e+00],[-0.1869231   4.59601513],[0.44084223 5.02877592],[ 0.02164355 -0.03803051]
1397,1.3979999999999568,[2.76209728e-03 3.50011581e+00],[-0.18647191  4.60102377],[0.451188  5.0086339],[ 0.0216139  -0.03876467]
1398,1.3989999999999567,[2.57608693e-03 3.50472183e+00],[-0.18601035  4.60601222],[0.46156076 4.98845499],[ 0.02158368 -0.0394988 ]
1399,1.3999999999999566,[2.39054854e-03 3.50933281e+00],[-0.18553839  4.61098046],[0.47195987 4.96824081],[ 0.02155289 -0.04023289]
1400,1.4009999999999565,[2.20549254e-03 3.51394873e+00],[-0.185056    4.61592846],[0.48238467 4.94799292],[ 0.02152152 -0.04096695]
1401,1.4019999999999564,[2.02092937e-03 3.51856959e+00],[-0.18456317  4.62085617],[0.49283451 4.92771286],[ 0.02148957 -0.04170096]
1402,1.4029999999999563,[1.83686951e-03 3.52319535e+00],[-0.18405986  4.62576357],[0.50330875 4.90740212],[ 0.02145704 -0.04243492]
1403,1.4039999999999562,[1.65332346e-03 3.52782600e+00],[-0.18354605  4.63065063],[0.51380675 4.88706213],[ 0.02142392 -0.04316883]
1404,1.404999999999956,[1.47030174e-03 3.53246152e+00],[-0.18302172  4.63551733],[0.52432785 4.86669431],[ 0.02139022 -0.0439027 ]
1405,1.405999999999956,[1.28781488e-03 3.53710189e+00],[-0.18248685  4.64036363],[0.5348714  4.84630002],[ 0.02135593 -0.0446365 ]
1406,1.4069999999999558,[1.10587347e-03 3.54174708e+00],[-0.18194142  4.64518951],[0.54543676 4.82588056],[ 0.02132104 -0.04537024]
1407,1.4079999999999557,[9.24488075e-04 3.54639707e+00],[-0.18138539  4.64999495],[0.55602329 4.80543722],[ 0.02128556 -0.04610392]
1408,1.4089999999999556,[7.43669313e-04 3.55105185e+00],[-0.18081876  4.65477992],[0.56663033 4.78497122],[ 0.02124949 -0.04683753]
1409,1.4099999999999555,[5.63427807e-04 3.55571139e+00],[-0.18024151  4.6595444 ],[0.57725724 4.76448373],[ 0.02121282 -0.04757107]
1410,1.4109999999999554,[3.83774205e-04 3.56037568e+00],[-0.1796536   4.66428838],[0.58790338 4.74397591],[ 0.02117555 -0.04830454]
1411,1.4119999999999553,[2.04719172e-04 3.56504469e+00],[-0.17905503  4.66901183],[0.59856809 4.72344885],[ 0.02113768 -0.04903793]
1412,1.4129999999999552,[2.62733884e-05 3.56971841e+00],[-0.17844578  4.67371473],[0.60925075 4.70290359],[ 0.0210992  -0.04977124]
1413,1.413999999999955,[-1.51552444e-04  3.57439681e+00],[-0.17782583  4.67839707],[0.61995069 4.68234113],[ 0.02106012 -0.05050447]
1414,1.414999999999955,[-3.28747609e-04  3.57907987e+00],[-0.17719517  4.68305883],[0.63066729 4.66176244],[ 0.02102043 -0.05123762]
1415,1.4159999999999549,[-5.05301374e-04  3.58376757e+00],[-0.17655377  4.6877    ],[0.6413999  4.64116842],[ 0.02098014 -0.05197067]
1416,1.4169999999999547,[-6.81202992e-04  3.58845989e+00],[-0.17590162  4.69232056],[0.65214787 4.62055994],[ 0.02093923 -0.05270364]
1417,1.4179999999999546,[-8.56441699e-04  3.59315681e+00],[-0.17523871  4.6969205 ],[0.66291057 4.59993781],[ 0.02089771 -0.0534365 ]
1418,1.4189999999999545,[-1.03100672e-03  3.59785831e+00],[-0.17456502  4.7014998 ],[0.67368736 4.57930282],[ 0.02085557 -0.05416928]
1419,1.4199999999999544,[-1.20488726e-03  3.60256436e+00],[-0.17388054  4.70605846],[0.6844776 4.5586557],[ 0.02081282 -0.05490195]
1420,1.4209999999999543,[-1.37807252e-03  3.60727496e+00],[-0.17318526  4.71059645],[0.69528065 4.53799711],[ 0.02076945 -0.05563452]
1421,1.4219999999999542,[-1.55055169e-03  3.61199007e+00],[-0.17247917  4.71511378],[0.70609588 4.51732769],[ 0.02072545 -0.05636699]
1422,1.422999999999954,[-1.72231393e-03  3.61670969e+00],[-0.17176224  4.71961043],[0.71692264 4.49664805],[ 0.02068084 -0.05709935]
1423,1.423999999999954,[-1.89334841e-03  3.62143377e+00],[-0.17103448  4.72408639],[0.72776031 4.4759587 ],[ 0.02063561 -0.05783159]
1424,1.4249999999999539,[-2.06364429e-03  3.62616231e+00],[-0.17029587  4.72854165],[0.73860825 4.45526017],[ 0.02058974 -0.05856373]
1425,1.4259999999999537,[-2.23319069e-03  3.63089529e+00],[-0.16954641  4.7329762 ],[0.74946583 4.43455288],[ 0.02054326 -0.05929575]
1426,1.4269999999999536,[-2.40197677e-03  3.63563268e+00],[-0.16878608  4.73739004],[0.76033241 4.41383725],[ 0.02049614 -0.06002765]
1427,1.4279999999999535,[-2.56999164e-03  3.64037446e+00],[-0.16801487  4.74178315],[0.77120736 4.39311363],[ 0.0204484  -0.06075943]
1428,1.4289999999999534,[-2.73722442e-03  3.64512062e+00],[-0.16723278  4.74615554],[0.78209006 4.37238234],[ 0.02040002 -0.06149109]
1429,1.4299999999999533,[-2.90366422e-03  3.64987113e+00],[-0.1664398   4.75050718],[0.79297987 4.35164364],[ 0.02035101 -0.06222262]
1430,1.4309999999999532,[-3.06930014e-03  3.65462596e+00],[-0.16563592  4.75483808],[0.80387616 4.33089774],[ 0.02030137 -0.06295403]
1431,1.431999999999953,[-3.23412128e-03  3.65938511e+00],[-0.16482114  4.75914822],[0.81477831 4.31014483],[ 0.02025109 -0.0636853 ]
1432,1.432999999999953,[-3.39811674e-03  3.66414855e+00],[-0.16399546  4.76343761],[0.82568569 4.28938503],[ 0.02020018 -0.06441645]
1433,1.4339999999999529,[-3.56127560e-03  3.66891626e+00],[-0.16315886  4.76770623],[0.83659768 4.26861842],[ 0.02014862 -0.06514745]
1434,1.4349999999999528,[-0.00372359  3.67368821],[-0.16231135  4.77195407],[0.84751364 4.24784504],[ 0.02009643 -0.06587832]
1435,1.4359999999999526,[-0.00388504  3.67846439],[-0.16145291  4.77618113],[0.85843296 4.22706487],[ 0.0200436  -0.06660905]
1436,1.4369999999999525,[-0.00404562  3.68324478],[-0.16058356  4.78038741],[0.86935501 4.20627788],[ 0.01999013 -0.06733964]
1437,1.4379999999999524,[-0.00420533  3.68802935],[-0.15970328  4.7845729 ],[0.88027916 4.18548394],[ 0.01993601 -0.06807008]
1438,1.4389999999999523,[-0.00436414  3.69281809],[-0.15881208  4.78873758],[0.89120481 4.16468293],[ 0.01988125 -0.06880037]
1439,1.4399999999999522,[-0.00452205  3.69761097],[-0.15790994  4.79288145],[0.90213131 4.14387466],[ 0.01982584 -0.06953052]
1440,1.440999999999952,[-0.00467905  3.70240797],[-0.15699689  4.79700451],[0.91305807 4.12305888],[ 0.01976979 -0.07026051]
1441,1.441999999999952,[-0.00483512  3.70720908],[-0.1560729   4.80110675],[0.92398444 4.10223532],[ 0.01971308 -0.07099034]
1442,1.4429999999999519,[-0.00499026  3.71201427],[-0.15513799  4.80518815],[0.93490982 4.08140366],[ 0.01965574 -0.07172002]
1443,1.4439999999999518,[-0.00514445  3.71682352],[-0.15419216  4.80924872],[0.94583359 4.06056354],[ 0.01959774 -0.07244954]
1444,1.4449999999999517,[-0.00529768  3.72163681],[-0.1532354   4.81328843],[0.95675512 4.03971454],[ 0.01953909 -0.07317889]
1445,1.4459999999999515,[-0.00544995  3.72645411],[-0.15226773  4.81730729],[0.9676738  4.01885621],[ 0.01947978 -0.07390808]
1446,1.4469999999999514,[-0.00560124  3.73127542],[-0.15128914  4.82130527],[0.97858901 3.99798805],[ 0.01941983 -0.07463711]
1447,1.4479999999999513,[-0.00575154  3.7361007 ],[-0.15029964  4.82528238],[0.98950014 3.97710953],[ 0.01935922 -0.07536596]
1448,1.4489999999999512,[-0.00590084  3.74092994],[-0.14929923  4.8292386 ],[1.00040657 3.95622005],[ 0.01929796 -0.07609464]
1449,1.449999999999951,[-0.00604913  3.74576311],[-0.14828793  4.83317392],[1.01130768 3.935319  ],[ 0.01923604 -0.07682314]
1450,1.450999999999951,[-0.00619639  3.7506002 ],[-0.14726572  4.83708833],[1.02220286 3.91440571],[ 0.01917347 -0.07755147]
1451,1.4519999999999509,[-0.00634263  3.75544118],[-0.14623263  4.84098181],[1.03309149 3.89347946],[ 0.01911024 -0.07827961]
1452,1.4529999999999508,[-0.00648781  3.76028604],[-0.14518866  4.84485435],[1.04397296 3.8725395 ],[ 0.01904635 -0.07900757]
1453,1.4539999999999507,[-0.00663195  3.76513474],[-0.14413381  4.84870593],[1.05484664 3.85158505],[ 0.0189818  -0.07973534]
1454,1.4549999999999506,[-0.00677502  3.76998728],[-0.1430681   4.85253655],[1.06571193 3.83061525],[ 0.0189166  -0.08046293]
1455,1.4559999999999504,[-0.00691701  3.77484363],[-0.14199153  4.85634618],[1.07656821 3.80962924],[ 0.01885073 -0.08119032]
1456,1.4569999999999503,[-0.00705791  3.77970376],[-0.14090412  4.8601348 ],[1.08741486 3.78862609],[ 0.01878421 -0.08191751]
1457,1.4579999999999502,[-0.00719772  3.78456766],[-0.13980587  4.86390241],[1.09825128 3.76760485],[ 0.01871702 -0.08264451]
1458,1.4589999999999501,[-0.00733641  3.78943531],[-0.13869679  4.86764897],[1.10907683 3.74656451],[ 0.01864918 -0.08337131]
1459,1.45999999999995,[-0.00747399  3.79430669],[-0.1375769   4.87137448],[1.11989092 3.72550404],[ 0.01858067 -0.0840979 ]
1460,1.46099999999995,[-0.00761044  3.79918177],[-0.1364462  4.8750789],[1.13069291 3.70442235],[ 0.0185115  -0.08482428]
1461,1.4619999999999498,[-0.00774574  3.80406053],[-0.13530472  4.87876222],[1.1414822  3.68331832],[ 0.01844166 -0.08555045]
1462,1.4629999999999497,[-0.0078799   3.80894295],[-0.13415246  4.88242441],[1.15225817 3.66219079],[ 0.01837117 -0.08627641]
1463,1.4639999999999496,[-0.00801288  3.81382902],[-0.13298944  4.88606545],[1.1630202  3.64103857],[ 0.0183     -0.08700215]
1464,1.4649999999999495,[-0.0081447  3.8187187],[-0.13181568  4.88968531],[1.17376767 3.6198604 ],[ 0.01822818 -0.08772767]
1465,1.4659999999999493,[-0.00827533  3.82361199],[-0.13063118  4.89328396],[1.18449997 3.59865502],[ 0.01815569 -0.08845296]
1466,1.4669999999999492,[-0.00840477  3.82850885],[-0.12943596  4.89686138],[1.19521648 3.5774211 ],[ 0.01808254 -0.08917803]
1467,1.4679999999999491,[-0.008533    3.83340927],[-0.12823004  4.90041754],[1.20591657 3.55615729],[ 0.01800872 -0.08990286]
1468,1.468999999999949,[-0.00866001  3.83831322],[-0.12701344  4.9039524 ],[1.21659964 3.53486219],[ 0.01793423 -0.09062746]
1469,1.469999999999949,[-0.0087858   3.84322069],[-0.12578618  4.90746594],[1.22726504 3.51353437],[ 0.01785909 -0.09135182]
1470,1.4709999999999488,[-0.00891035  3.84813164],[-0.12454827  4.91095811],[1.23791217 3.49217235],[ 0.01778327 -0.09207594]
1471,1.4719999999999487,[-0.00903365  3.85304607],[-0.12329973  4.91442888],[1.2485404  3.47077464],[ 0.01770679 -0.09279981]
1472,1.4729999999999486,[-0.00915569  3.85796395],[-0.12204058  4.91787822],[1.25914911 3.44933967],[ 0.01762965 -0.09352343]
1473,1.4739999999999485,[-0.00927646  3.86288526],[-0.12077084  4.92130609],[1.26973767 3.42786588],[ 0.01755183 -0.0942468 ]
1474,1.4749999999999484,[-0.00939595  3.86780997],[-0.11949053  4.92471244],[1.28030546 3.40635163],[ 0.01747336 -0.0949699 ]
1475,1.4759999999999482,[-0.00951415  3.87273807],[-0.11819968  4.92809724],[1.29085184 3.38479527],[ 0.01739421 -0.09569275]
1476,1.4769999999999481,[-0.00963105  3.87766953],[-0.11689831  4.93146043],[1.3013762 3.3631951],[ 0.0173144  -0.09641532]
1477,1.477999999999948,[-0.00974663  3.88260433],[-0.11558643  4.93480198],[1.31187789 3.34154939],[ 0.01723393 -0.09713762]
1478,1.478999999999948,[-0.0098609   3.88754245],[-0.11426407  4.93812184],[1.32235629 3.31985637],[ 0.01715279 -0.09785965]
1479,1.4799999999999478,[-0.00997383  3.89248387],[-0.11293126  4.94141995],[1.33281077 3.29811425],[ 0.01707098 -0.0985814 ]
1480,1.4809999999999477,[-0.01008541  3.89742857],[-0.11158802  4.94469627],[1.34324069 3.27632117],[ 0.01698851 -0.09930286]
1481,1.4819999999999476,[-0.01019565  3.90237652],[-0.11023437  4.94795075],[1.35364541 3.25447526],[ 0.01690538 -0.10002403]
1482,1.4829999999999475,[-0.01030452  3.9073277 ],[-0.10887035  4.95118332],[1.3640243  3.23257461],[ 0.01682157 -0.1007449 ]
1483,1.4839999999999474,[-0.01041202  3.9122821 ],[-0.10749597  4.95439394],[1.37437672 3.21061727],[ 0.01673711 -0.10146548]
1484,1.4849999999999473,[-0.01051813  3.91723968],[-0.10611127  4.95758254],[1.38470202 3.18860126],[ 0.01665198 -0.10218575]
1485,1.4859999999999471,[-0.01062284  3.92220043],[-0.10471627  4.96074907],[1.39499956 3.16652456],[ 0.01656618 -0.1029057 ]
1486,1.486999999999947,[-0.01072615  3.92716432],[-0.103311    4.96389345],[1.4052687  3.14438511],[ 0.01647973 -0.10362535]
1487,1.487999999999947,[-0.01082805  3.93213134],[-0.10189549  4.96701563],[1.4155088  3.12218084],[ 0.01639261 -0.10434467]
1488,1.4889999999999468,[-0.01092852  3.93710145],[-0.10046978  4.97011554],[1.42571919 3.0999096 ],[ 0.01630482 -0.10506366]
1489,1.4899999999999467,[-0.01102755  3.94207464],[-0.09903388  4.97319311],[1.43589922 3.07756926],[ 0.01621638 -0.10578232]
1490,1.4909999999999466,[-0.01112514  3.94705089],[-0.09758783  4.97624827],[1.44604826 3.05515761],[ 0.01612727 -0.10650065]
1491,1.4919999999999465,[-0.01122127  3.95203017],[-0.09613166  4.97928094],[1.45616563 3.03267243],[ 0.0160375  -0.10721863]
1492,1.4929999999999464,[-0.01131594  3.95701246],[-0.09466541  4.98229105],[1.46625068 3.01011146],[ 0.01594707 -0.10793626]
1493,1.4939999999999463,[-0.01140913  3.96199774],[-0.09318911  4.98527852],[1.47630275 2.9874724 ],[ 0.01585598 -0.10865353]
1494,1.4949999999999461,[-0.01150083  3.96698599],[-0.09170279  4.98824328],[1.48632118 2.96475292],[ 0.01576423 -0.10937044]
1495,1.495999999999946,[-0.01159104  3.97197717],[-0.09020648  4.99118523],[1.49630529 2.94195067],[ 0.01567182 -0.11008698]
1496,1.496999999999946,[-0.01167974  3.97697128],[-0.08870023  4.99410429],[1.50625442 2.91906324],[ 0.01557876 -0.11080315]
1497,1.4979999999999458,[-0.01176692  3.98196828],[-0.08718406  4.99700038],[1.5161679  2.89608821],[ 0.01548504 -0.11151894]
1498,1.4989999999999457,[-0.01185258  3.98696815],[-0.08565802  4.9998734 ],[1.52604506 2.87302311],[ 0.01539066 -0.11223433]
1499,1.4999999999999456,[-0.0119367   3.99197087],[-0.08412213  5.00272327],[1.53588521 2.84986545],[ 0.01529562 -0.11294933]
1500,1.5009999999999455,[-0.01201928  3.99697642],[-0.08257644  5.00554988],[1.54568768 2.82661269],[ 0.01519994 -0.11366393]
1501,1.5019999999999454,[-0.0121003   4.00198478],[-0.08102099  5.00835314],[1.55545179 2.80326228],[ 0.01510359 -0.11437812]
1502,1.5029999999999453,[-0.01217975  4.00699591],[-0.07945581  5.01113295],[1.56517684 2.77981162],[ 0.0150066  -0.11509189]
1503,1.5039999999999452,[-0.01225764  4.0120098 ],[-0.07788095  5.01388921],[1.57486215 2.75625807],[ 0.01490895 -0.11580524]
1504,1.504999999999945,[-0.01233393  4.01702642],[-0.07629644  5.01662181],[1.58450702 2.73259899],[ 0.01481065 -0.11651816]
1505,1.505999999999945,[-0.01240863  4.02204575],[-0.07470233  5.01933064],[1.59411077 2.70883167],[ 0.01471171 -0.11723063]
1506,1.5069999999999448,[-0.01248173  4.02706777],[-0.07309866  5.0220156 ],[1.60367268 2.68495338],[ 0.01461211 -0.11794266]
1507,1.5079999999999447,[-0.01255322  4.03209244],[-0.07148547  5.02467656],[1.61319207 2.66096137],[ 0.01451187 -0.11865424]
1508,1.5089999999999446,[-0.01262308  4.03711976],[-0.0698628   5.02731341],[1.62266822 2.63685285],[ 0.01441098 -0.11936534]
1509,1.5099999999999445,[-0.01269131  4.04214968],[-0.0682307   5.02992604],[1.63210042 2.61262499],[ 0.01430945 -0.12007598]
1510,1.5109999999999444,[-0.0127579  4.0471822],[-0.06658921  5.03251431],[1.64148796 2.58827493],[ 0.01420727 -0.12078614]
1511,1.5119999999999443,[-0.01282284  4.05221727],[-0.06493838  5.03507811],[1.65083013 2.56379978],[ 0.01410445 -0.12149581]
1512,1.5129999999999442,[-0.01288612  4.05725489],[-0.06327826  5.03761731],[1.6601262  2.53919664],[ 0.01400099 -0.12220498]
1513,1.513999999999944,[-0.01294773  4.06229502],[-0.06160888  5.04013177],[1.66937546 2.51446253],[ 0.01389689 -0.12291364]
1514,1.514999999999944,[-0.01300766  4.06733765],[-0.0599303   5.04262136],[1.67857716 2.48959448],[ 0.01379215 -0.12362179]
1515,1.5159999999999438,[-0.0130659   4.07238273],[-0.05824257  5.04508595],[1.68773059 2.46458948],[ 0.01368677 -0.12432942]
1516,1.5169999999999437,[-0.01312244  4.07743026],[-0.05654574  5.0475254 ],[1.696835   2.43944446],[ 0.01358076 -0.12503651]
1517,1.5179999999999436,[-0.01317728  4.0824802 ],[-0.05483985  5.04993955],[1.70588966 2.41415636],[ 0.01347412 -0.12574305]
1518,1.5189999999999435,[-0.01323041  4.08753252],[-0.05312495  5.05232828],[1.71489383 2.38872206],[ 0.01336684 -0.12644904]
1519,1.5199999999999434,[-0.01328181  4.09258722],[-0.05140111  5.05469142],[1.72384675 2.36313841],[ 0.01325894 -0.12715447]
1520,1.5209999999999433,[-0.01333148  4.09764424],[-0.04966836  5.05702882],[1.73274767 2.33740225],[ 0.0131504  -0.12785932]
1521,1.5219999999999432,[-0.01337941  4.10270358],[-0.04792676  5.05934033],[1.74159585 2.31151036],[ 0.01304124 -0.12856359]
1522,1.522999999999943,[-0.01342558  4.10776521],[-0.04617637  5.06162579],[1.75039051 2.28545952],[ 0.01293145 -0.12926727]
1523,1.523999999999943,[-0.01347    4.1128291],[-0.04441724  5.06388503],[1.7591309  2.25924644],[ 0.01282104 -0.12997034]
1524,1.5249999999999428,[-0.01351265  4.11789521],[-0.04264943  5.0661179 ],[1.76781625 2.23286783],[ 0.01271001 -0.13067279]
1525,1.5259999999999427,[-0.01355352  4.12296354],[-0.04087298  5.06832422],[1.77644578 2.20632037],[ 0.01259836 -0.13137462]
1526,1.5269999999999426,[-0.01359261  4.12803404],[-0.03908796  5.07050382],[1.78501872 2.17960068],[ 0.01248609 -0.13207581]
1527,1.5279999999999425,[-0.0136299  4.1331067],[-0.03729443  5.07265653],[1.79353428 2.15270537],[ 0.0123732  -0.13277635]
1528,1.5289999999999424,[-0.0136654   4.13818148],[-0.03549244  5.07478216],[1.80199169 2.12563103],[ 0.01225971 -0.13347623]
1529,1.5299999999999423,[-0.01369908  4.14325836],[-0.03368205  5.07688053],[1.81039014 2.0983742 ],[ 0.0121456  -0.13417543]
1530,1.5309999999999422,[-0.01373094  4.14833731],[-0.03186332  5.07895146],[1.81872884 2.07093139],[ 0.01203088 -0.13487395]
1531,1.531999999999942,[-0.01376098  4.15341831],[-0.03003631  5.08099476],[1.82700701 2.04329908],[ 0.01191555 -0.13557178]
1532,1.532999999999942,[-0.01378918  4.15850132],[-0.02820109  5.08301024],[1.83522382 2.01547374],[ 0.01179962 -0.13626889]
1533,1.5339999999999419,[-0.01381554  4.16358631],[-0.02635771  5.08499769],[1.84337847 1.98745178],[ 0.01168308 -0.13696529]
1534,1.5349999999999417,[-0.01384004  4.16867327],[-0.02450624  5.08695692],[1.85147015 1.9592296 ],[ 0.01156595 -0.13766095]
1535,1.5359999999999416,[-0.01386269  4.17376216],[-0.02264674  5.08888772],[1.85949803 1.93080357],[ 0.01144821 -0.13835586]
1536,1.5369999999999415,[-0.01388347  4.17885295],[-0.02077928  5.09078989],[1.8674613  1.90217001],[ 0.01132988 -0.13905001]
1537,1.5379999999999414,[-0.01390237  4.18394561],[-0.01890392  5.09266322],[1.87535913 1.87332524],[ 0.01121096 -0.13974339]
1538,1.5389999999999413,[-0.01391939  4.18904012],[-0.01702073  5.09450748],[1.88319069 1.84426552],[ 0.01109145 -0.14043598]
1539,1.5399999999999412,[-0.01393464  4.19413674],[-0.01524096  5.09662472],[1.77976468 2.11723199],[ 0.01097135 -0.14112777]
1540,1.540999999999941,[-0.01394825  4.1992359 ],[-0.01361966  5.09915329],[1.62130709 2.52857009],[ 0.01085623 -0.14183389]
1541,1.541999999999941,[-0.01396033  4.20433775],[-0.01207039  5.10184796],[1.54927061 2.69467906],[ 0.01074887 -0.14256129]
1542,1.5429999999999409,[-0.01397084  4.20944223],[-0.01051147  5.10448567],[1.55891279 2.63770246],[ 0.01064494 -0.14329774]
1543,1.5439999999999408,[-0.01397978  4.2145493 ],[-0.00894304  5.10706675],[1.56843048 2.58108218],[ 0.01054037 -0.14403207]
1544,1.5449999999999406,[-0.01398714  4.21965889],[-0.00736522  5.10959155],[1.57782401 2.52479926],[ 0.01043516 -0.14476429]
1545,1.5459999999999405,[-0.01399292  4.22477095],[-0.00577812  5.11206038],[1.58709369 2.4688351 ],[ 0.01032931 -0.14549442]
1546,1.5469999999999404,[-0.0139971   4.22988542],[-4.18188521e-03  5.11447355e+00],[1.59623978 2.41317146],[ 0.01022283 -0.14622247]
1547,1.5479999999999403,[-0.01399968  4.23500226],[-2.57662269e-03  5.11683135e+00],[1.60526252 2.35779043],[ 0.01011573 -0.14694844]
1548,1.5489999999999402,[-0.01400064  4.24012139],[-9.62460584e-04  5.11913402e+00],[1.6141621  2.30267445],[ 0.01000801 -0.14767234]
1549,1.54999999999994,[-0.01399998  4.24524277],[6.60478108e-04 5.12138183e+00],[1.62293869 2.24780627],[ 0.00989967 -0.14839418]
1550,1.55099999999994,[-0.01399769  4.25036635],[2.29207053e-03 5.12357499e+00],[1.63159242 2.19316896],[ 0.00979072 -0.14911398]
1551,1.5519999999999399,[-0.01399376  4.25549206],[3.93219391e-03 5.12571374e+00],[1.64012338 2.1387459 ],[ 0.00968117 -0.14983172]
1552,1.5529999999999398,[-0.01398818  4.26061986],[0.00558073 5.12779826],[1.64853165 2.08452075],[ 0.00957102 -0.15054743]
1553,1.5539999999999397,[-0.01398094  4.26574969],[0.00723754 5.12982874],[1.65681726 2.03047749],[ 0.00946028 -0.1512611 ]
1554,1.5549999999999395,[-0.01397204  4.27088149],[0.00890252 5.13180534],[1.66498022 1.97660034],[ 0.00934895 -0.15197274]
1555,1.5559999999999394,[-0.01396146  4.27601522],[0.01057554 5.13372821],[1.6730205  1.92287384],[ 0.00923703 -0.15268234]
1556,1.5569999999999393,[-0.01394921  4.28115082],[0.01225648 5.1355975 ],[1.68093807 1.86928275],[ 0.00912454 -0.15338992]
1557,1.5579999999999392,[-0.01393526  4.28628823],[0.01394521 5.13741331],[1.68873283 1.81581213],[ 0.00901148 -0.15409548]
1558,1.558999999999939,[-0.01391962  4.29142741],[0.01564162 5.13917576],[1.69640468 1.76244724],[ 0.00889785 -0.154799  ]
1559,1.559999999999939,[-0.01390227  4.29656829],[0.01734557 5.14088493],[1.70395349 1.70917364],[ 0.00878366 -0.1555005 ]
1560,1.5609999999999389,[-0.01388322  4.30171083],[0.01905695 5.14254091],[1.71137911 1.65597708],[ 0.00866891 -0.15619998]
1561,1.5619999999999388,[-0.01386244  4.30685498],[0.02077563 5.14414375],[1.71868135 1.60284356],[ 0.00855361 -0.15689742]
1562,1.5629999999999387,[-0.01383994  4.31200067],[0.02250149 5.14569351],[1.72586    1.54975932],[ 0.00843777 -0.15759284]
1563,1.5639999999999386,[-0.01381571  4.31714786],[0.02423441 5.14719022],[1.73291483 1.49671079],[ 0.00832139 -0.15828622]
1564,1.5649999999999384,[-0.01378973  4.32229649],[0.02597425 5.1486339 ],[1.73984558 1.44368462],[ 0.00820447 -0.15897756]
1565,1.5659999999999383,[-0.01376201  4.32744652],[0.02772091 5.15002457],[1.74665198 1.39066767],[ 0.00808703 -0.15966687]
1566,1.5669999999999382,[-0.01373254  4.33259788],[0.02947424 5.15136222],[1.75333373 1.337647  ],[ 0.00796906 -0.16035412]
1567,1.567999999999938,[-0.0137013   4.33775053],[0.03123413 5.15264683],[1.75989049 1.28460987],[ 0.00785058 -0.16103933]
1568,1.568999999999938,[-0.0136683   4.34290441],[0.03300045 5.15387837],[1.76632194 1.23154373],[ 0.00773158 -0.16172247]
1569,1.569999999999938,[-0.01363353  4.34805946],[0.03477308 5.15505681],[1.77262769 1.17843619],[ 0.00761208 -0.16240355]
1570,1.5709999999999378,[-0.01359698  4.35321565],[0.03655189 5.15618208],[1.77880737 1.12527507],[ 0.00749208 -0.16308256]
1571,1.5719999999999377,[-0.01355864  4.3583729 ],[0.03833675 5.15725413],[1.78486058 1.07204837],[ 0.00737158 -0.16375949]
1572,1.5729999999999376,[-0.01351851  4.36353117],[0.04012753 5.15827288],[1.79078687 1.01874422],[ 0.0072506  -0.16443432]
1573,1.5739999999999374,[-0.01347659  4.36869041],[0.04192412 5.15923823],[1.79658583 0.96535096],[ 0.00712913 -0.16510706]
1574,1.5749999999999373,[-0.01343286  4.37385056],[0.04372638 5.16015008],[1.80225697 0.91185707],[ 0.00700718 -0.16577769]
1575,1.5759999999999372,[-0.01338733  4.37901157],[0.04553418 5.16100834],[1.80779982 0.8582512 ],[ 0.00688476 -0.16644621]
1576,1.5769999999999371,[-0.01333998  4.38417338],[0.04734739 5.16181286],[1.81321389 0.80452215],[ 0.00676188 -0.16711259]
1577,1.577999999999937,[-0.01329081  4.38933595],[0.04916589 5.16256352],[1.81849866 0.75065885],[ 0.00663854 -0.16777683]
1578,1.578999999999937,[-0.01323982  4.39449921],[0.05098954 5.16326017],[1.8236536  0.69665042],[ 0.00651474 -0.16843891]
1579,1.5799999999999368,[-0.01318701  4.39966311],[0.05281822 5.16390265],[1.82867817 0.6424861 ],[ 0.0063905  -0.16909883]
1580,1.5809999999999367,[-0.01313235  4.4048276 ],[0.05465179 5.16449081],[1.83357179 0.58815525],[ 0.00626581 -0.16975657]
1581,1.5819999999999366,[-0.01307586  4.40999262],[0.05649013 5.16502446],[1.8383339  0.53364741],[ 0.00614069 -0.17041212]
1582,1.5829999999999365,[-0.01301753  4.41515813],[0.05833309 5.16550341],[1.8429639  0.47895223],[ 0.00601514 -0.17106545]
1583,1.5839999999999363,[-0.01295735  4.42032405],[0.06018055 5.16592747],[1.8474612 0.4240595],[ 0.00588916 -0.17171657]
1584,1.5849999999999362,[-0.01289532  4.42549035],[0.06203238 5.16629643],[1.85182516 0.36895912],[ 0.00576277 -0.17236544]
1585,1.5859999999999361,[-0.01283143  4.43065696],[0.06388843 5.16661007],[1.85605515 0.31364115],[ 0.00563597 -0.17301206]
1586,1.586999999999936,[-0.01276568  4.43582383],[0.06574858 5.16686816],[1.86015054 0.25809574],[ 0.00550876 -0.17365641]
1587,1.587999999999936,[-0.01269807  4.4409909 ],[0.06761269 5.16707048],[1.86411066 0.20231318],[ 0.00538116 -0.17429847]
1588,1.5889999999999358,[-0.01262859  4.44615812],[0.06948063 5.16721676],[1.86793484 0.14628389],[ 0.00525316 -0.17493823]
1589,1.5899999999999357,[-0.01255724  4.45132542],[0.07135225 5.16730676],[1.8716224  0.08999838],[ 0.00512478 -0.17557566]
1590,1.5909999999999356,[-0.01248401  4.45649276],[0.07322742 5.16734021],[1.87517265 0.03344729],[ 0.00499602 -0.17621075]
1591,1.5919999999999355,[-0.0124089   4.46166008],[0.07510601 5.16731683],[ 1.87858489 -0.02337861],[ 0.00486688 -0.17684348]
1592,1.5929999999999354,[-0.01233191  4.46682732],[0.07698787 5.16723634],[ 1.8818584  -0.08048847],[ 0.00473738 -0.17747383]
1593,1.5939999999999352,[-0.01225304  4.47199441],[0.07887286 5.16709845],[ 1.88499246 -0.13789131],[ 0.00460752 -0.17810177]
1594,1.5949999999999351,[-0.01217228  4.47716132],[0.08076085 5.16690285],[ 1.88798634 -0.19559604],[ 0.00447731 -0.1787273 ]
1595,1.595999999999935,[-0.01208963  4.48232797],[0.08265168 5.16664924],[ 1.89083929 -0.25361147],[ 0.00434675 -0.17935038]
1596,1.596999999999935,[-0.01200508  4.4874943 ],[0.08454524 5.16633729],[ 1.89355057 -0.31194631],[ 0.00421585 -0.179971  ]
1597,1.5979999999999348,[-0.01191864  4.49266027],[0.08644135 5.16596668],[ 1.89611941 -0.37060914],[ 0.00408463 -0.18058913]
1598,1.5989999999999347,[-0.0118303   4.49782581],[0.0883399  5.16553708],[ 1.89854506 -0.42960846],[ 0.00395307 -0.18120476]
1599,1.5999999999999346,[-0.01174006  4.50299086],[0.09024073 5.16504812],[ 1.90082674 -0.48895265],[ 0.0038212  -0.18181785]
1600,1.6009999999999345,[-0.01164792  4.50815536],[0.09214369 5.16449947],[ 1.90296367 -0.54865   ],[ 0.00368901 -0.18242839]
1601,1.6019999999999344,[-0.01155387  4.51331925],[0.09404865 5.16389077],[ 1.90495506 -0.6087087 ],[ 0.00355653 -0.18303636]
1602,1.6029999999999343,[-0.01145791  4.51848247],[0.09595545 5.16322163],[ 1.90680013 -0.66913683],[ 0.00342374 -0.18364172]
1603,1.6039999999999341,[-0.01136005  4.52364496],[0.09786394 5.16249169],[ 1.90849807 -0.72994236],[ 0.00329066 -0.18424445]
1604,1.604999999999934,[-0.01126028  4.52880666],[0.09977399 5.16170055],[ 1.91004809 -0.79113317],[ 0.0031573  -0.18484453]
1605,1.605999999999934,[-0.01115859  4.53396751],[0.10168544 5.16084784],[ 1.91144937 -0.85271706],[ 0.00302367 -0.18544194]
1606,1.6069999999999338,[-0.01105499  4.53912744],[0.10359814 5.15993313],[ 1.91270111 -0.91470169],[ 0.00288977 -0.18603664]
1607,1.6079999999999337,[-0.01094948  4.5442864 ],[0.10551194 5.15895604],[ 1.9138025  -0.97709466],[ 0.0027556  -0.18662861]
1608,1.6089999999999336,[-0.01084205  4.54944431],[0.1074267  5.15791614],[ 1.91475271 -1.03990343],[ 0.00262118 -0.18721783]
1609,1.6099999999999335,[-0.01073271  4.55460113],[0.10934225 5.156813  ],[ 1.91555092 -1.10313539],[ 0.00248652 -0.18780426]
1610,1.6109999999999334,[-0.01062145  4.55975677],[0.11125844 5.1556462 ],[ 1.91619632 -1.16679782],[ 0.00235162 -0.18838788]
1611,1.6119999999999333,[-0.01050828  4.56491119],[0.11317513 5.1544153 ],[ 1.91668807 -1.2308979 ],[ 0.00221648 -0.18896866]
1612,1.6129999999999332,[-0.01039319  4.57006431],[0.11509216 5.15311986],[ 1.91702537 -1.29544271],[ 0.00208113 -0.18954658]
1613,1.613999999999933,[-0.01027618  4.57521607],[0.11700937 5.15175942],[ 1.91720737 -1.36043923],[ 0.00194555 -0.1901216 ]
1614,1.614999999999933,[-0.01015725  4.5803664 ],[0.1189266  5.15033353],[ 1.91723325 -1.42589432],[ 0.00180977 -0.19069369]
1615,1.6159999999999328,[-0.01003641  4.58551524],[0.1208437  5.14884171],[ 1.91710219 -1.49181476],[ 0.00167379 -0.19126283]
1616,1.6169999999999327,[-0.00991365  4.59066253],[0.12276051 5.14728351],[ 1.91681336 -1.55820722],[ 0.00153762 -0.19182898]
1617,1.6179999999999326,[-0.00978897  4.59580818],[0.12467688 5.14565843],[ 1.91636593 -1.62507826],[ 0.00140127 -0.19239212]
1618,1.6189999999999325,[-0.00966238  4.60095215],[0.12659264 5.14396599],[ 1.91575909 -1.69243434],[ 0.00126473 -0.19295221]
1619,1.6199999999999324,[-0.00953387  4.60609436],[0.12850763 5.14220571],[ 1.91499202 -1.7602818 ],[ 0.00112803 -0.19350923]
1620,1.6209999999999323,[-0.00940345  4.61123473],[0.13042169 5.14037709],[ 1.91406389 -1.8286269 ],[ 0.00099117 -0.19406313]
1621,1.6219999999999322,[-0.00927111  4.61637321],[0.13233467 5.13847961],[ 1.91297389 -1.89747577],[ 0.00085416 -0.1946139 ]
1622,1.622999999999932,[-0.00913687  4.62150973],[0.13424639 5.13651278],[ 1.91172122 -1.96683442],[ 0.000717   -0.19516149]
1623,1.623999999999932,[-0.00900071  4.6266442 ],[0.1361567  5.13447607],[ 1.91030507 -2.03670877],[ 0.00057971 -0.19570588]
1624,1.6249999999999318,[-0.00886264  4.63177657],[0.13806542 5.13236896],[ 1.90872463 -2.10710463],[ 0.00044229 -0.19624703]
1625,1.6259999999999317,[-0.00872267  4.63690676],[0.1399724  5.13019093],[ 1.90697911 -2.17802766],[ 0.00030475 -0.19678491]
1626,1.6269999999999316,[-0.00858079  4.6420347 ],[0.14187747 5.12794145],[ 1.90506772 -2.24948344],[ 1.67103255e-04 -1.97319479e-01]
1627,1.6279999999999315,[-0.00843701  4.64716032],[0.14378046 5.12561997],[ 1.90298968 -2.32147741],[ 2.93534361e-05 -1.97850714e-01]
1628,1.6289999999999314,[-0.00829133  4.65228355],[0.1456812  5.12322596],[ 1.90074421 -2.39401491],[-1.08489562e-04 -1.98378575e-01]
1629,1.6299999999999313,[-0.00814375  4.65740431],[0.14757953 5.12075886],[ 1.89833054 -2.46710113],[-0.00024642 -0.19890303]
1630,1.6309999999999312,[-0.00799428  4.66252253],[0.14947528 5.11821812],[ 1.89574792 -2.54074116],[-0.00038442 -0.19942404]
1631,1.631999999999931,[-0.00784291  4.66763813],[0.15136827 5.11560318],[ 1.89299559 -2.61493995],[-0.00052249 -0.19994157]
1632,1.632999999999931,[-0.00768965  4.67275104],[0.15325835 5.11291347],[ 1.89007281 -2.68970233],[-0.00066062 -0.2004556 ]
1633,1.6339999999999308,[-0.00753451  4.67786119],[0.15514533 5.11014844],[ 1.88697885 -2.76503298],[-0.0007988  -0.20096607]
1634,1.6349999999999307,[-0.00737748  4.6829685 ],[0.15702904 5.1073075 ],[ 1.88371299 -2.84093648],[-0.00093702 -0.20147295]
1635,1.6359999999999306,[-0.00721857  4.68807289],[0.15890931 5.10439009],[ 1.88027452 -2.91741725],[-0.00107527 -0.20197622]
1636,1.6369999999999305,[-0.00705778  4.69317428],[0.16078598 5.10139561],[ 1.87666273 -2.99447956],[-0.00121354 -0.20247583]
1637,1.6379999999999304,[-0.00689512  4.69827261],[0.16265885 5.09832348],[ 1.87287696 -3.07212758],[-0.00135183 -0.20297174]
1638,1.6389999999999303,[-0.00673059  4.70336778],[0.16452777 5.09517311],[ 1.86891652 -3.1503653 ],[-0.00149012 -0.20346392]
1639,1.6399999999999302,[-0.0065642   4.70845972],[0.16639255 5.09194392],[ 1.86478075 -3.22919659],[-0.00162841 -0.20395233]
1640,1.64099999999993,[-0.00639595  4.71354836],[0.16825302 5.08863529],[ 1.86046902 -3.30862513],[-0.00176668 -0.20443694]
1641,1.64199999999993,[-0.00622584  4.71863361],[0.170109   5.08524664],[ 1.85598069 -3.38865451],[-0.00190493 -0.2049177 ]
1642,1.6429999999999298,[-0.00605388  4.72371538],[0.17196032 5.08177735],[ 1.85131516 -3.4692881 ],[-0.00204315 -0.20539457]
1643,1.6439999999999297,[-0.00588007  4.72879361],[0.17380679 5.07822682],[ 1.84647181 -3.55052917],[-0.00218133 -0.20586753]
1644,1.6449999999999296,[-0.00570442  4.73386821],[0.17564824 5.07459444],[ 1.84145009 -3.63238078],[-0.00231946 -0.20633652]
1645,1.6459999999999295,[-0.00552694  4.73893908],[0.17748449 5.07087959],[ 1.83624942 -3.71484586],[-0.00245752 -0.20680152]
1646,1.6469999999999294,[-0.00534763  4.74400617],[0.17931536 5.06708167],[ 1.83086926 -3.79792717],[-0.00259552 -0.20726248]
1647,1.6479999999999293,[-0.00516648  4.74906937],[0.18114067 5.06320004],[ 1.82530909 -3.88162727],[-0.00273343 -0.20771936]
1648,1.6489999999999292,[-0.00498352  4.7541286 ],[0.18296023 5.05923409],[ 1.8195684  -3.96594859],[-0.00287126 -0.20817212]
1649,1.649999999999929,[-0.00479875  4.75918378],[0.18477388 5.0551832 ],[ 1.81364671 -4.05089334],[-0.00300899 -0.20862073]
1650,1.650999999999929,[-4.61216890e-03  4.76423483e+00],[0.18658142 5.05104673],[ 1.80754357 -4.13646358],[-0.00314661 -0.20906514]
1651,1.6519999999999289,[-4.42378621e-03  4.76928165e+00],[0.18838268 5.04682407],[ 1.80125852 -4.22266118],[-0.00328411 -0.20950531]
1652,1.6529999999999287,[-4.23360874e-03  4.77432417e+00],[0.19017747 5.04251459],[ 1.79479116 -4.30948782],[-0.00342148 -0.20994121]
1653,1.6539999999999286,[-4.04164313e-03  4.77936229e+00],[0.19196561 5.03811764],[ 1.78814108 -4.39694497],[-0.00355872 -0.21037279]
1654,1.6549999999999285,[-3.84789620e-03  4.78439592e+00],[0.19374692 5.03363261],[ 1.78130793 -4.48503394],[-0.00369581 -0.21080002]
1655,1.6559999999999284,[-3.65237499e-03  4.78942498e+00],[0.19552121 5.02905885],[ 1.77429135 -4.57375582],[-0.00383274 -0.21122285]
1656,1.6569999999999283,[-3.45508668e-03  4.79444937e+00],[0.1972883  5.02439574],[ 1.76709102 -4.6631115 ],[-0.00396951 -0.21164124]
1657,1.6579999999999282,[-3.25603867e-03  4.79946902e+00],[0.19904801 5.01964264],[ 1.75970666 -4.75310167],[-0.00410609 -0.21205515]
1658,1.658999999999928,[-3.05523852e-03  4.80448382e+00],[0.20080015 5.01479891],[ 1.752138   -4.84372681],[-0.0042425  -0.21246454]
1659,1.659999999999928,[-2.85269399e-03  4.80949368e+00],[0.20254453 5.00986392],[ 1.7443848  -4.93498717],[-0.0043787  -0.21286937]
1660,1.6609999999999279,[-2.64841301e-03  4.81449852e+00],[0.20428098 5.00483704],[ 1.73644685 -5.02688282],[-0.0045147 -0.2132696]
1661,1.6619999999999278,[-2.44240370e-03  4.81949823e+00],[0.20600931 4.99971763],[ 1.72832398 -5.11941356],[-0.00465048 -0.21366518]
1662,1.6629999999999276,[-2.23467438e-03  4.82449274e+00],[0.20772932 4.99450505],[ 1.72001602 -5.21257902],[-0.00478603 -0.21405609]
1663,1.6639999999999275,[-2.02523354e-03  4.82948194e+00],[0.20944084 4.98919867],[ 1.71152287 -5.30637855],[-0.00492134 -0.21444226]
1664,1.6649999999999274,[-1.81408985e-03  4.83446574e+00],[0.21114369 4.98379786],[ 1.70284444 -5.4008113 ],[-0.00505641 -0.21482367]
1665,1.6659999999999273,[-1.60125218e-03  4.83944404e+00],[0.21283767 4.97830198],[ 1.69398068 -5.49587617],[-0.00519122 -0.21520028]
1666,1.6669999999999272,[-1.38672958e-03  4.84441675e+00],[0.2145226  4.97271041],[ 1.68493155 -5.59157183],[-0.00532577 -0.21557203]
1667,1.667999999999927,[-1.17053128e-03  4.84938377e+00],[0.2161983  4.96702251],[ 1.67569708 -5.68789669],[-0.00546003 -0.2159389 ]
1668,1.668999999999927,[-9.52666705e-04  4.85434501e+00],[0.21786458 4.96123766],[ 1.66627732 -5.78484893],[-0.00559401 -0.21630083]
1669,1.6699999999999269,[-7.33145458e-04  4.85930036e+00],[0.21952125 4.95535524],[ 1.65667234 -5.88242645],[-0.00572769 -0.21665779]
1670,1.6709999999999268,[-5.11977328e-04  4.86424974e+00],[0.22116813 4.94937461],[ 1.64688226 -5.98062693],[-0.00586106 -0.21700974]
1671,1.6719999999999267,[-2.89172291e-04  4.86919303e+00],[0.22280504 4.94329516],[ 1.63690724 -6.07944777],[-0.00599411 -0.21735663]
1672,1.6729999999999265,[-6.47405069e-05  4.87413015e+00],[0.22443178 4.93711628],[ 1.62674748 -6.1788861 ],[-0.00612683 -0.21769843]
1673,1.6739999999999264,[1.61307681e-04 4.87906099e+00],[0.22604819 4.93083734],[ 1.6164032 -6.2789388],[-0.00625921 -0.21803509]
1674,1.6749999999999263,[3.88961743e-04 4.88398544e+00],[0.22765406 4.92445774],[ 1.60587467 -6.37960246],[-0.00639125 -0.21836657]
1675,1.6759999999999262,[6.18210968e-04 4.88890342e+00],[0.22924922 4.91797686],[ 1.59516222 -6.4808734 ],[-0.00652292 -0.21869283]
1676,1.676999999999926,[8.49044458e-04 4.89381482e+00],[0.23083349 4.91139412],[ 1.58426618 -6.58274767],[-0.00665422 -0.21901384]
1677,1.677999999999926,[1.08145114e-03 4.89871952e+00],[0.23240668 4.90470889],[ 1.57318695 -6.68522103],[-0.00678515 -0.21932954]
1678,1.6789999999999259,[1.31541974e-03 4.90361744e+00],[0.2339686  4.89792061],[ 1.56192497 -6.78828895],[-0.00691568 -0.21963991]
1679,1.6799999999999258,[1.55093882e-03 4.90850847e+00],[0.23551908 4.89102866],[ 1.55048071 -6.89194661],[-0.00704581 -0.2199449 ]
1680,1.6809999999999257,[1.78799676e-03 4.91339251e+00],[0.23705794 4.88403247],[ 1.5388547  -6.99618891],[-0.00717553 -0.22024446]
1681,1.6819999999999256,[2.02658175e-03 4.91826944e+00],[0.23858499 4.87693146],[ 1.52704749 -7.10101043],[-0.00730483 -0.22053857]
1682,1.6829999999999254,[2.26668179e-03 4.92313916e+00],[0.24010005 4.86972505],[ 1.51505971 -7.20640547],[-0.00743369 -0.22082718]
1683,1.6839999999999253,[2.50828473e-03 4.92800158e+00],[0.24160294 4.86241269],[ 1.50289199 -7.31236801],[-0.00756212 -0.22111025]
1684,1.6849999999999252,[2.75137821e-03 4.93285657e+00],[0.24309348 4.85499379],[ 1.49054506 -7.41889173],[-0.00769009 -0.22138774]
1685,1.6859999999999251,[2.99594971e-03 4.93770404e+00],[0.2445715  4.84746782],[ 1.47801964 -7.52597   ],[-0.0078176  -0.22165961]
1686,1.686999999999925,[3.24198653e-03 4.94254387e+00],[0.24603682 4.83983423],[ 1.46531655 -7.63359586],[-0.00794464 -0.22192583]
1687,1.687999999999925,[3.48947579e-03 4.94737596e+00],[0.24748926 4.83209247],[ 1.45243662 -7.74176206],[-0.00807119 -0.22218636]
1688,1.6889999999999248,[3.73840442e-03 4.95220021e+00],[0.24892864 4.82424201],[ 1.43938074 -7.85046101],[-0.00819725 -0.22244115]
1689,1.6899999999999247,[3.98875921e-03 4.95701649e+00],[0.25035479 4.81628232],[ 1.42614985 -7.9596848 ],[-0.00832281 -0.22269018]
1690,1.6909999999999246,[4.24052674e-03 4.96182470e+00],[0.25176753 4.8082129 ],[ 1.41274495 -8.0694252 ],[-0.00844785 -0.2229334 ]
1691,1.6919999999999245,[4.49369344e-03 4.96662473e+00],[0.2531667  4.80003322],[ 1.39916708 -8.17967364],[-0.00857238 -0.22317077]
1692,1.6929999999999243,[4.74824555e-03 4.97141648e+00],[0.25455212 4.7917428 ],[ 1.38541733 -8.29042124],[-0.00869636 -0.22340227]
1693,1.6939999999999242,[0.00500417 4.97619982],[0.25592361 4.78334114],[ 1.37149684 -8.40165876],[-0.00881981 -0.22362785]
1694,1.6949999999999241,[0.00526145 4.98097465],[0.25728102 4.77482776],[ 1.35740681 -8.51337664],[-0.0089427  -0.22384748]
1695,1.695999999999924,[0.00552007 4.98574085],[0.25862417 4.7662022 ],[ 1.34314848 -8.62556499],[-0.00906503 -0.22406112]
1696,1.696999999999924,[0.00578003 4.99049831],[0.25995289 4.75746399],[ 1.32872316 -8.73821356],[-0.00918678 -0.22426873]
1697,1.6979999999999238,[0.00604129 4.99524692],[0.26126702 4.74861267],[ 1.3141322  -8.85131178],[-0.00930795 -0.2244703 ]
1698,1.6989999999999237,[0.00630386 4.99998657],[0.2625664  4.73964783],[ 1.299377   -8.96484871],[-0.00942853 -0.22466577]
1699,1.6999999999999236,[0.00656771 5.00471714],[0.26385086 4.73056901],[ 1.28445903 -9.07881309],[-0.00954851 -0.22485512]
1700,1.7009999999999235,[0.00683283 5.00943852],[0.26512024 4.72137582],[ 1.2693798  -9.19319331],[-0.00966788 -0.22503831]
1701,1.7019999999999234,[0.00709921 5.01415059],[0.26637438 4.71206784],[ 1.25414089 -9.30797741],[-0.00978662 -0.22521531]
1702,1.7029999999999232,[0.00736682 5.01885323],[0.26761312 4.70264469],[ 1.23874391 -9.42315307],[-0.00990473 -0.22538609]
1703,1.7039999999999231,[0.00763566 5.02354634],[0.26883631 4.69310598],[ 1.22319054 -9.53870763],[-0.01002221 -0.22555062]
1704,1.704999999999923,[0.0079057  5.02822979],[0.2700438  4.68345135],[ 1.20748253 -9.6546281 ],[-0.01013903 -0.22570886]
1705,1.705999999999923,[0.00817693 5.03290347],[0.27123542 4.67368045],[ 1.19162166 -9.77090112],[-0.01025519 -0.2258608 ]
1706,1.7069999999999228,[0.00844935 5.03756726],[0.27241103 4.66379294],[ 1.17560978 -9.88751297],[-0.01037069 -0.22600639]
1707,1.7079999999999227,[0.00872292 5.04222105],[0.27357048 4.65378849],[  1.15944879 -10.00444961],[-0.0104855  -0.22614561]
1708,1.7089999999999226,[0.00899763 5.04686472],[0.27471362 4.64366679],[  1.14314066 -10.12169663],[-0.01059963 -0.22627843]
1709,1.7099999999999225,[0.00927347 5.05149814],[0.2758403  4.63342755],[  1.12668739 -10.23923928],[-0.01071307 -0.22640482]
1710,1.7109999999999224,[0.00955042 5.05612121],[0.2769504  4.62307049],[  1.11009107 -10.35706246],[-0.0108258  -0.22652476]
1711,1.7119999999999223,[0.00982846 5.06073381],[0.27804375 4.61259534],[  1.09335381 -10.47515073],[-0.01093781 -0.22663822]
1712,1.7129999999999221,[0.01010758 5.06533581],[0.27912023 4.60200185],[  1.0764778  -10.59348829],[-0.01104911 -0.22674518]
1713,1.713999999999922,[0.01038776 5.0699271 ],[0.28017969 4.59128979],[  1.05946528 -10.71205901],[-0.01115967 -0.22684561]
1714,1.714999999999922,[0.01066899 5.07450756],[0.28122201 4.58045895],[  1.04231855 -10.83084641],[-0.0112695  -0.22693948]
1715,1.7159999999999218,[0.01095123 5.07907707],[0.28224705 4.56950911],[  1.02503996 -10.94983368],[-0.01137857 -0.22702678]
1716,1.7169999999999217,[0.01123449 5.08363551],[0.28325468 4.55844011],[  1.00763192 -11.06900365],[-0.01148689 -0.22710748]
1717,1.7179999999999216,[0.01151873 5.08818276],[0.28424478 4.54725177],[  0.99009689 -11.18833886],[-0.01159445 -0.22718157]
1718,1.7189999999999215,[0.01180395 5.0927187 ],[0.28521722 4.53594395],[  0.97243739 -11.30782146],[-0.01170123 -0.22724901]
1719,1.7199999999999214,[0.01209012 5.09724322],[0.28617187 4.52451652],[  0.954656   -11.42743333],[-0.01180723 -0.2273098 ]
1720,1.7209999999999213,[0.01237723 5.10175619],[0.28710863 4.51296936],[  0.93675534 -11.54715597],[-0.01191245 -0.22736391]
1721,1.7219999999999211,[0.01266526 5.10625749],[0.28802737 4.50130239],[  0.91873809 -11.66697061],[-0.01201686 -0.22741133]
1722,1.722999999999921,[0.01295419 5.11074701],[0.28892797 4.48951553],[  0.900607   -11.78685811],[-0.01212048 -0.22745203]
1723,1.723999999999921,[0.013244   5.11522462],[0.28981034 4.47760873],[  0.88236485 -11.90679907],[-0.01222328 -0.227486  ]
1724,1.7249999999999208,[0.01353467 5.1196902 ],[0.29067435 4.46558196],[  0.86401448 -12.02677375],[-0.01232526 -0.22751324]
1725,1.7259999999999207,[0.01382619 5.12414363],[0.29151991 4.4534352 ],[  0.8455588 -12.1467621],[-0.01242642 -0.22753372]
1726,1.7269999999999206,[0.01411854 5.1285848 ],[0.29234691 4.44116845],[  0.82700074 -12.26674381],[-0.01252675 -0.22754743]
1727,1.7279999999999205,[0.01441169 5.13301358],[0.29315526 4.42878175],[  0.80834331 -12.38669823],[-0.01262623 -0.22755436]
1728,1.7289999999999204,[0.01470564 5.13742986],[0.29394485 4.41627515],[  0.78958955 -12.50660446],[-0.01272487 -0.22755449]
1729,1.7299999999999203,[0.01500035 5.14183351],[0.29471559 4.40364871],[  0.77074257 -12.6264413 ],[-0.01282265 -0.22754783]
1730,1.7309999999999202,[0.01529582 5.14622441],[0.29546739 4.39090252],[  0.7518055  -12.74618729],[-0.01291957 -0.22753436]
1731,1.73199999999992,[0.01559202 5.15060245],[0.29620017 4.3780367 ],[  0.73278155 -12.86582069],[-0.01301563 -0.22751407]
1732,1.73299999999992,[0.01588893 5.1549675 ],[0.29691385 4.36505138],[  0.71367396 -12.98531951],[-0.01311081 -0.22748695]
1733,1.7339999999999198,[0.01618654 5.15931945],[0.29760833 4.35194672],[  0.69448601 -13.1046615 ],[-0.01320512 -0.22745301]
1734,1.7349999999999197,[0.01648483 5.16365817],[0.29828356 4.3387229 ],[  0.67522103 -13.22382417],[-0.01329854 -0.22741223]
1735,1.7359999999999196,[0.01678377 5.16798355],[0.29893944 4.32538011],[  0.65588241 -13.34278479],[-0.01339106 -0.22736462]
1736,1.7369999999999195,[0.01708334 5.17229547],[0.29957591 4.31191859],[  0.63647357 -13.46152041],[-0.0134827  -0.22731017]
1737,1.7379999999999194,[0.01738353 5.17659381],[0.30019291 4.29833858],[  0.61699797 -13.58000785],[-0.01357343 -0.22724887]
1738,1.7389999999999193,[0.01768433 5.18087845],[0.30079037 4.28464036],[  0.59745911 -13.69822372],[-0.01366325 -0.22718074]
1739,1.7399999999999192,[0.01798569 5.18514927],[0.30136823 4.27082421],[  0.57786053 -13.81614445],[-0.01375216 -0.22710578]
1740,1.740999999999919,[0.01828762 5.18940616],[0.30192644 4.25689047],[  0.55820583 -13.93374624],[-0.01384015 -0.22702397]
1741,1.741999999999919,[0.0185926  5.19371753],[0.30497995 4.31136627],[ 3.05351727 54.47580574],[0. 0.]
1742,1.7429999999999188,[0.01890068 5.19808345],[0.3080822  4.36592227],[ 3.10224936 54.55599309],[0. 0.]
1743,1.7439999999999187,[0.01921192 5.20250401],[0.31123372 4.42056028],[ 3.15151677 54.63800916],[0. 0.]
1744,1.7449999999999186,[0.01952635 5.20697929],[0.31443503 4.47528214],[ 3.20131519 54.72186902],[0. 0.]
1745,1.7459999999999185,[0.01984404 5.21150938],[0.31768667 4.53008973],[ 3.25164008 54.80758652],[0. 0.]
1746,1.7469999999999184,[0.02016503 5.21609437],[0.32098916 4.58498491],[ 3.30248664 54.89517429],[0. 0.]
1747,1.7479999999999183,[0.02048937 5.22073434],[0.32434301 4.63996955],[ 3.35384982 54.98464359],[0. 0.]
1748,1.7489999999999182,[0.02081712 5.22542938],[0.32774873 4.69504555],[ 3.40572429 55.07600425],[0. 0.]
1749,1.749999999999918,[0.02114832 5.2301796 ],[0.33120684 4.75021482],[ 3.45810443 55.16926452],[0. 0.]
1750,1.750999999999918,[0.02148304 5.23498508],[0.33471782 4.80547925],[ 3.51098429 55.26443099],[0. 0.]
1751,1.7519999999999178,[0.02182133 5.23984592],[0.33828218 4.86084076],[ 3.56435763 55.36150848],[0. 0.]
1752,1.7529999999999177,[0.02216323 5.24476222],[0.3419004  4.91630126],[ 3.61821785 55.46049988],[0. 0.]
1753,1.7539999999999176,[0.0225088  5.24973408],[0.34557296 4.97186266],[ 3.67255798 55.56140607],[0. 0.]
1754,1.7549999999999175,[0.0228581  5.25476161],[0.34930033 5.02752689],[ 3.72737069 55.66422574],[0. 0.]
1755,1.7559999999999174,[0.02321118 5.2598449 ],[0.35308298 5.08329584],[ 3.78264824 55.76895527],[0. 0.]
1756,1.7569999999999173,[0.0235681  5.26498407],[0.35692136 5.13917143],[ 3.83838246 55.8755886 ],[0. 0.]
1757,1.7579999999999172,[0.02392892 5.27017923],[0.36081592 5.19515555],[ 3.89456475 55.98411701],[0. 0.]
1758,1.758999999999917,[0.02429369 5.27543048],[0.36476711 5.25125008],[ 3.95118602 56.09452903],[0. 0.]
1759,1.759999999999917,[0.02466246 5.28073794],[0.36877535 5.30745689],[ 4.00823671 56.20681022],[0. 0.]
1760,1.7609999999999169,[0.0250353  5.28610171],[0.37284105 5.36377783],[ 4.06570673 56.320943  ],[0. 0.]
1761,1.7619999999999167,[0.02541227 5.29152193],[0.37696464 5.42021474],[ 4.12358543 56.43690648],[0. 0.]
1762,1.7629999999999166,[0.02579341 5.2969987 ],[0.3811465  5.47676941],[ 4.18186161 56.5546762 ],[0. 0.]
1763,1.7639999999999165,[0.0261788  5.30253214],[0.38538702 5.53344364],[ 4.24052345 56.674224  ],[0. 0.]
1764,1.7649999999999164,[0.02656849 5.30812238],[0.38968658 5.59023916],[ 4.29955848 56.79551774],[0. 0.]
1765,1.7659999999999163,[0.02696253 5.31376954],[0.39404554 5.64715768],[ 4.35895359 56.91852109],[0. 0.]
1766,1.7669999999999162,[0.027361   5.31947374],[0.39846423 5.70420087],[ 4.41869493 57.0431933 ],[0. 0.]
1767,1.767999999999916,[0.02776394 5.32523511],[0.402943   5.76137036],[ 4.47876795 57.16948891],[0. 0.]
1768,1.768999999999916,[0.02817142 5.33105378],[0.40748216 5.81866772],[ 4.53915729 57.29735753],[0. 0.]
1769,1.7699999999999159,[0.0285835  5.33692987],[0.412082   5.87609446],[ 4.59984679 57.42674352],[0. 0.]
1770,1.7709999999999158,[0.02900025 5.34286353],[0.41674282 5.93365205],[ 4.66081941 57.55758574],[0. 0.]
1771,1.7719999999999156,[0.02942171 5.34885487],[0.42146488 5.99134186],[ 4.72205725 57.6898172 ],[0. 0.]
1772,1.7729999999999155,[0.02984796 5.35490403],[0.42624842 6.04916523],[ 4.78354141 57.82336479],[0. 0.]
1773,1.7739999999999154,[0.03027905 5.36101116],[0.43109367 6.10712338],[ 4.84525204 57.95814889],[0. 0.]
1774,1.7749999999999153,[0.03071505 5.36717637],[0.43600084 6.16521746],[ 4.90716823 58.09408308],[0. 0.]
1775,1.7759999999999152,[0.03115602 5.37339982],[0.44097011 6.22344853],[ 4.96926798 58.23107374],[0. 0.]
1776,1.776999999999915,[0.03160203 5.37968164],[0.44600164 6.28181755],[ 5.03152815 58.36901969],[0. 0.]
1777,1.777999999999915,[0.03205312 5.38602196],[0.45109556 6.34032537],[ 5.09392441 58.50781176],[0. 0.]
1778,1.7789999999999149,[0.03250937 5.39242094],[0.45625199 6.3989727 ],[ 5.15643114 58.64733244],[0. 0.]
1779,1.7799999999999148,[0.03297085 5.3988787 ],[0.46147101 6.45776015],[ 5.21902143 58.78745538],[0. 0.]
1780,1.7809999999999147,[0.0334376  5.40539539],[0.46675268 6.5166882 ],[ 5.281667   58.92804499],[0. 0.]
1781,1.7819999999999145,[0.03390969 5.41197114],[0.47209702 6.57575715],[ 5.3443381  59.06895598],[0. 0.]
1782,1.7829999999999144,[0.0343872  5.41860611],[0.47750402 6.63496719],[ 5.40700351 59.21003283],[0. 0.]
1783,1.7839999999999143,[0.03487017 5.42530043],[0.48297365 6.6943183 ],[ 5.4696304  59.35110934],[0. 0.]
1784,1.7849999999999142,[0.03535868 5.43205424],[0.48850584 6.7538103 ],[ 5.53218431 59.49200806],[0. 0.]
1785,1.785999999999914,[0.03585278 5.43886768],[0.49410047 6.81344284],[ 5.59462905 59.63253982],[0. 0.]
1786,1.786999999999914,[0.03635254 5.4457409 ],[0.49975739 6.87321535],[ 5.65692667 59.77250309],[0. 0.]
1787,1.7879999999999139,[0.03685801 5.45267402],[0.50547643 6.93312703],[ 5.71903729 59.91168347],[0. 0.]
1788,1.7889999999999138,[0.03736927 5.4596672 ],[0.51125735 6.99317688],[ 5.78091914 60.04985307],[0. 0.]
1789,1.7899999999999137,[0.03788637 5.46672056],[0.51709988 7.05336365],[ 5.84252836 60.18676987],[0. 0.]
1790,1.7909999999999136,[0.03840937 5.47383425],[0.5230037  7.11368583],[ 5.903819   60.32217715],[0. 0.]
1791,1.7919999999999134,[0.03893834 5.48100839],[0.52896844 7.17414163],[ 5.96474292 60.45580277],[0. 0.]
1792,1.7929999999999133,[0.03947334 5.48824312],[0.53499369 7.23472899],[ 6.02524965 60.58735856],[0. 0.]
1793,1.7939999999999132,[0.04001441 5.49553857],[0.54107898 7.29544553],[ 6.08528636 60.71653961],[0. 0.]
1794,1.794999999999913,[0.04056164 5.50289485],[0.54722377 7.35628856],[ 6.14479776 60.84302356],[0. 0.]
1795,1.795999999999913,[0.04111507 5.51031211],[0.5534275  7.41725503],[ 6.20372595 60.96646992],[0. 0.]
1796,1.796999999999913,[0.04167476 5.51779045],[0.55968951 7.47834154],[ 6.26201041 61.08651933],[0. 0.]
1797,1.7979999999999128,[0.04224076 5.52533   ],[0.5660091  7.53954434],[ 6.31958784 61.20279281],[0. 0.]
1798,1.7989999999999127,[0.04281315 5.53293085],[0.57238549 7.60085923],[ 6.37639211 61.31489105],[0. 0.]
1799,1.7999999999999126,[0.04339197 5.54059314],[0.57881784 7.66228162],[ 6.43235413 61.42239364],[0. 0.]
1800,1.8009999999999124,[0.04397727 5.54831694],[0.58530525 7.72380648],[ 6.48740176 61.52485829],[0. 0.]
1801,1.8019999999999123,[0.04456912 5.55610237],[0.59184671 7.7854283 ],[ 6.54145974 61.62182014],[0. 0.]
1802,1.8029999999999122,[0.04516756 5.56394951],[0.59844115 7.84714109],[ 6.59444957 61.71279094],[0. 0.]
1803,1.8039999999999121,[0.04577265 5.57185845],[0.60508744 7.90893835],[ 6.64628945 61.79725835],[0. 0.]
1804,1.804999999999912,[0.04638443 5.57982926],[0.61178434 7.97081304],[ 6.69689412 61.8746852 ],[0. 0.]
1805,1.805999999999912,[0.04700296 5.58786202],[0.61853051 8.03275754],[ 6.74617488 61.94450875],[0. 0.]
1806,1.8069999999999118,[0.04762829 5.59595678],[0.62532455 8.09476368],[ 6.79403942 62.00614004],[0. 0.]
1807,1.8079999999999117,[0.04826045 5.60411361],[0.63216494 8.15682265],[ 6.84039176 62.05896315],[0. 0.]
1808,1.8089999999999116,[0.0488995  5.61233253],[0.63905008 8.21892498],[ 6.88513223 62.10233466],[0. 0.]
1809,1.8099999999999115,[0.04954548 5.62061359],[0.64597823 8.28106056],[ 6.92815734 62.13558297],[0. 0.]
1810,1.8109999999999113,[0.05019843 5.62895681],[0.65294759 8.34321857],[ 6.96935974 62.15800781],[0. 0.]
1811,1.8119999999999112,[0.05085838 5.6373622 ],[0.65995622 8.40538745],[ 7.00862821 62.16887975],[0. 0.]
1812,1.8129999999999111,[0.05152539 5.64582975],[0.66700207 8.46755489],[ 7.04584755 62.16743976],[0. 0.]
1813,1.813999999999911,[0.05219947 5.65435946],[0.67408297 8.52970779],[ 7.08089865 62.15289889],[0. 0.]
1814,1.814999999999911,[0.05288067 5.66295129],[0.68119663 8.59183223],[ 7.11365837 62.12443804],[0. 0.]
1815,1.8159999999999108,[0.05356901 5.67160521],[0.68834063 8.65391344],[ 7.14399961 62.08120775],[0. 0.]
1816,1.8169999999999107,[0.05426452 5.68032114],[0.69551242 8.71593577],[ 7.17179134 62.02232824],[0. 0.]
1817,1.8179999999999106,[0.05496723 5.68909903],[0.70270932 8.77788265],[ 7.19689857 61.94688942],[0. 0.]
1818,1.8189999999999105,[0.05567716 5.69793876],[0.7099285  8.83973661],[ 7.21918246 61.8539512 ],[0. 0.]
1819,1.8199999999999104,[0.05639432 5.70684024],[0.717167   8.90147915],[ 7.23850038 61.7425438 ],[0. 0.]
1820,1.8209999999999102,[0.05711875 5.71580333],[0.7244217  8.96309082],[ 7.25470603 61.61166838],[0. 0.]
1821,1.8219999999999101,[0.05785044 5.72482788],[0.73168935 9.02455112],[ 7.26764953 61.46029772],[0. 0.]
1822,1.82299999999991,[0.0585894  5.73391372],[0.73896653 9.08583849],[ 7.27717763 61.28737719],[0. 0.]
1823,1.82399999999991,[0.05933565 5.74306065],[0.74624967 9.14693032],[ 7.28313385 61.09182592],[0. 0.]
1824,1.8249999999999098,[0.06008919 5.75226846],[0.75353502 9.20780286],[ 7.28535874 60.8725382 ],[0. 0.]
1825,1.8259999999999097,[0.06085001 5.76153689],[0.76081871 9.26843124],[ 7.28369012 60.62838514],[0. 0.]
1826,1.8269999999999096,[0.0616181  5.77086568],[0.76809668 9.32878946],[ 7.27796336 60.35821661],[0. 0.]
1827,1.8279999999999095,[0.06239347 5.78025453],[0.77536469 9.38885032],[ 7.26801175 60.06086345],[0. 0.]
1828,1.8289999999999094,[0.06317609 5.78970311],[0.78261836 9.44858546],[ 7.25366685 59.73514   ],[0. 0.]
1829,1.8299999999999093,[0.06396594 5.79921108],[0.78985312 9.50796531],[ 7.23475891 59.37984699],[0. 0.]
1830,1.8309999999999091,[0.064763   5.80877804],[0.79706423 9.56695908],[ 7.21111737 58.9937747 ],[0. 0.]
1831,1.831999999999909,[0.06556725 5.81840357],[0.8042468  9.62553479],[ 7.18257134 58.57570651],[0. 0.]
1832,1.832999999999909,[0.06637864 5.82808723],[0.81139575 9.68365921],[ 7.14895016 58.12442285],[0. 0.]
1833,1.8339999999999088,[0.06719715 5.83782853],[0.81850584 9.74129792],[ 7.11008406 57.63870547],[0. 0.]
1834,1.8349999999999087,[0.06802272 5.84762694],[0.82557164 9.79841526],[ 7.0658048  57.11734212],[0. 0.]
1835,1.8359999999999086,[0.06885531 5.85748192],[0.83258759 9.85497439],[ 7.01594635 56.55913162],[0. 0.]
1836,1.8369999999999085,[0.06969486 5.86739286],[0.83954794 9.91093728],[ 6.96034575 55.96288934],[0. 0.]
1837,1.8379999999999084,[0.0705413  5.87735912],[0.84644678 9.96626473],[ 6.89884386 55.32745305],[0. 0.]
1838,1.8389999999999083,[0.07139458 5.88738004],[ 0.85327807 10.02091642],[ 6.83128623 54.65168912],[0. 0.]
1839,1.8399999999999082,[0.07225462 5.89745489],[ 0.86003559 10.07485092],[ 6.7575241 53.9344992],[0. 0.]
1840,1.840999999999908,[0.07312133 5.90758291],[ 0.866713   10.12802575],[ 6.67741527 53.17482713],[0. 0.]
1841,1.841999999999908,[0.07399464 5.91776331],[ 0.87330383 10.18039742],[ 6.59082518 52.37166627],[0. 0.]
1842,1.8429999999999078,[0.07487444 5.92799523],[ 0.87980146 10.23192148],[ 6.49762792 51.52406712],[0. 0.]
1843,1.8439999999999077,[0.07576064 5.93827778],[ 0.88619917 10.28255263],[ 6.39770735 50.63114518],[0. 0.]
1844,1.8449999999999076,[0.07665313 5.94861003],[ 0.89249012 10.33224472],[ 6.29095819 49.69208908],[0. 0.]
1845,1.8459999999999075,[0.07755179 5.95899098],[ 0.89866741 10.38095089],[ 6.17728714 48.70616887],[0. 0.]
1846,1.8469999999999074,[0.07845652 5.9694196 ],[ 0.90472402 10.42862363],[ 6.05661405 47.67274447],[0. 0.]
1847,1.8479999999999073,[0.07936717 5.97989482],[ 0.9106529  10.47521491],[ 5.92887309 46.5912741 ],[0. 0.]
1848,1.8489999999999072,[0.08028362 5.99041549],[ 0.91644691 10.52067623],[ 5.79401386 45.46132281],[0. 0.]
1849,1.849999999999907,[0.08120572 6.00098045],[ 0.92209891 10.5649588 ],[ 5.65200254 44.28257085],[0. 0.]
1850,1.850999999999907,[0.08213332 6.01158847],[ 0.92760174 10.60801362],[ 5.50282299 43.05482193],[0. 0.]
1851,1.8519999999999068,[0.08306627 6.02223826],[ 0.93294821 10.64979163],[ 5.34647785 41.77801112],[0. 0.]
1852,1.8529999999999067,[0.0840044 6.0329285],[ 0.9381312  10.69024384],[ 5.18298951 40.45221256],[0. 0.]
1853,1.8539999999999066,[0.08494754 6.04365782],[ 0.94314361 10.72932149],[ 5.0124011  39.07764656],[0. 0.]
1854,1.8549999999999065,[0.08589552 6.0544248 ],[ 0.94797838 10.76697618],[ 4.83477736 37.65468623],[0. 0.]
1855,1.8559999999999064,[0.08684815 6.06522796],[ 0.95262859 10.80316004],[ 4.65020539 36.18386348],[0. 0.]
1856,1.8569999999999063,[0.08780524 6.07606579],[ 0.95708738 10.83782592],[ 4.45879539 34.66587416],[0. 0.]
1857,1.8579999999999062,[0.08876658 6.08693671],[ 0.96134806 10.8709275 ],[ 4.26068115 33.10158245],[0. 0.]
1858,1.858999999999906,[0.08973199 6.09783913],[ 0.96540409 10.90241952],[ 4.05602052 31.49202424],[0. 0.]
1859,1.859999999999906,[0.09070124 6.10877139],[ 0.96924908 10.93225793],[ 3.84499568 29.83840943],[0. 0.]
1860,1.8609999999999058,[0.09167411 6.11973179],[ 0.97287689 10.96040005],[ 3.62781328 28.14212314],[0. 0.]
1861,1.8619999999999057,[0.09265039 6.1307186 ],[ 0.9762816  10.98680478],[ 3.40470436 26.40472569],[0. 0.]
1862,1.8629999999999056,[0.09362985 6.14173003],[ 0.97945752 11.01143273],[ 3.17592417 24.6279513 ],[0. 0.]
1863,1.8639999999999055,[0.09461225 6.15276428],[ 0.98239927 11.03424644],[ 2.94175177 22.81370543],[0. 0.]
1864,1.8649999999999054,[0.09559735 6.16381949],[ 0.98510176 11.0552105 ],[ 2.70248943 20.96406081],[0. 0.]
1865,1.8659999999999053,[0.09658491 6.17489378],[ 0.98756023 11.07429175],[ 2.45846186 19.08125198],[0. 0.]
1866,1.8669999999999052,[0.09757468 6.18598524],[ 0.98977024 11.09145942],[ 2.21001527 17.16766854],[0. 0.]
1867,1.867999999999905,[0.09856641 6.19709192],[ 0.99172776 11.10668527],[ 1.9575162  15.22584696],[0. 0.]
1868,1.868999999999905,[0.09955984 6.20821187],[ 0.99342911 11.11994373],[ 1.70135019 13.25846104],[0. 0.]
1869,1.8699999999999048,[0.10055471 6.21934308],[ 0.99487103 11.13121204],[ 1.44192029 11.26831109],[0. 0.]
1870,1.8709999999999047,[0.10155076 6.23048355],[ 0.99605067 11.14047035],[1.17964536 9.25831191],[0. 0.]
1871,1.8719999999999046,[0.10254773 6.24163125],[ 0.99696563 11.14770183],[0.91495829 7.23147959],[0. 0.]
1872,1.8729999999999045,[0.10354534 6.25278414],[ 0.99761394 11.15289275],[0.648304   5.19091737],[0. 0.]
1873,1.8739999999999044,[0.10454334 6.26394018],[ 0.99799407 11.15603255],[0.38013737 3.13980053],[0. 0.]
1874,1.8749999999999043,[0.10554144 6.27509729],[ 0.99810499 11.15711391],[0.11092107 1.08136061],[0. 0.]
1875,1.8759999999999042,[0.10653939 6.28625342],[ 0.99794612 11.15613278],[-0.1588767  -0.98113101],[0. 0.]
1876,1.876999999999904,[0.1075369  6.29740651],[ 0.99751733 11.1530884 ],[-0.42878455 -3.04437996],[0. 0.]
1877,1.877999999999904,[0.10853372 6.30855449],[ 0.996819   11.14798331],[-0.69833022 -5.10508591],[0. 0.]
1878,1.8789999999999039,[0.10952958 6.31969532],[ 0.99585196 11.14082335],[-0.96704298 -7.15995978],[0. 0.]
1879,1.8799999999999037,[0.11052419 6.33082693],[ 0.9946175  11.13161761],[-1.23445595 -9.20574075],[0. 0.]
1880,1.8809999999999036,[0.11151731 6.34194731],[ 0.9931174 11.1203784],[ -1.50010843 -11.23921304],[0. 0.]
1881,1.8819999999999035,[0.11250866 6.35305443],[ 0.99135385 11.10712117],[ -1.76354813 -13.25722221],[0. 0.]
1882,1.8829999999999034,[0.11349799 6.3641463 ],[ 0.98932951 11.09186448],[ -2.02433337 -15.25669091],[0. 0.]
1883,1.8839999999999033,[0.11448504 6.37522093],[ 0.98704748 11.07462985],[ -2.28203513 -17.23463369],[0. 0.]
1884,1.8849999999999032,[0.11546955 6.38627637],[ 0.98451124 11.05544168],[ -2.53623898 -19.18817113],[0. 0.]
1885,1.885999999999903,[0.11645128 6.3973107 ],[ 0.98172469 11.03432714],[ -2.7865469 -21.1145427],[0. 0.]
1886,1.886999999999903,[0.11742997 6.40832201],[ 0.97869211 11.01131602],[ -3.03257891 -23.01111862],[0. 0.]
1887,1.8879999999999029,[0.11840539 6.41930845],[ 0.97541814 10.98644061],[ -3.27397457 -24.87541044],[0. 0.]
1888,1.8889999999999028,[0.1193773  6.43026819],[ 0.97190774 10.95973553],[ -3.51039426 -26.70508026],[0. 0.]
1889,1.8899999999999026,[0.12034546 6.44119943],[ 0.96816622 10.93123758],[ -3.74152033 -28.49794866],[0. 0.]
1890,1.8909999999999025,[0.12130966 6.45210041],[ 0.96419917 10.90098558],[ -3.96705799 -30.25200115],[0. 0.]
1891,1.8919999999999024,[0.12226967 6.46296943],[ 0.96001243 10.86902018],[ -4.18673608 -31.96539332],[0. 0.]
1892,1.8929999999999023,[0.12322529 6.47380482],[ 0.95561212 10.83538373],[ -4.40030759 -33.63645446],[0. 0.]
1893,1.8939999999999022,[0.12417629 6.48460494],[ 0.95100457 10.80012004],[ -4.60755004 -35.26368989],[0. 0.]
1894,1.894999999999902,[0.12512249 6.49536821],[ 0.94619631 10.76327426],[ -4.80826565 -36.84578193],[0. 0.]
1895,1.895999999999902,[0.12606368 6.5060931 ],[ 0.94119403 10.72489267],[ -5.00228135 -38.3815896 ],[0. 0.]
1896,1.8969999999999019,[0.12699968 6.51677813],[ 0.93600458 10.68502252],[ -5.18944859 -39.87014702],[0. 0.]
1897,1.8979999999999018,[0.12793032 6.52742184],[ 0.93063493 10.64371186],[ -5.36964304 -41.31066083],[0. 0.]
1898,1.8989999999999017,[0.12885541 6.53802285],[ 0.92509217 10.60100935],[ -5.54276413 -42.70250642],[0. 0.]
1899,1.8999999999999015,[0.1297748  6.54857981],[ 0.91938344 10.55696413],[ -5.70873443 -44.04522327],[0. 0.]
1900,1.9009999999999014,[0.13068831 6.55909144],[ 0.91351594 10.51162562],[ -5.86749894 -45.33850947],[0. 0.]
1901,1.9019999999999013,[0.13159581 6.56955648],[ 0.90749691 10.46504341],[ -6.01902429 -46.58221543],[0. 0.]
1902,1.9029999999999012,[0.13249714 6.57997375],[ 0.90133361 10.41726707],[ -6.16329779 -47.776337  ],[0. 0.]
1903,1.903999999999901,[0.13339218 6.59034209],[ 0.89503329 10.36834606],[ -6.30032649 -48.921008  ],[0. 0.]
1904,1.904999999999901,[0.13428078 6.60066042],[ 0.88860315 10.31832957],[ -6.43013607 -50.01649241],[0. 0.]
1905,1.9059999999999009,[0.13516283 6.61092769],[ 0.88205038 10.26726639],[ -6.55276981 -51.06317611],[0. 0.]
1906,1.9069999999999008,[0.13603821 6.62114289],[ 0.87538209 10.21520483],[ -6.66828738 -52.06155849],[0. 0.]
1907,1.9079999999999007,[0.13690682 6.63130509],[ 0.86860533 10.16219259],[ -6.77676374 -53.01224384],[0. 0.]
1908,1.9089999999999006,[0.13776854 6.64141336],[ 0.86172704 10.10827666],[ -6.87828792 -53.9159327 ],[0. 0.]
1909,1.9099999999999004,[0.1386233  6.65146687],[ 0.85475408 10.05350324],[ -6.97296189 -54.77341323],[0. 0.]
1910,1.9109999999999003,[0.13947099 6.66146478],[0.84769318 9.99791769],[ -7.06089934 -55.58555268],[0. 0.]
1911,1.9119999999999002,[0.14031154 6.67140635],[0.84055096 9.9415644 ],[ -7.14222456 -56.35328896],[0. 0.]
1912,1.9129999999999001,[0.14114488 6.68129084],[0.83333389 9.88448678],[ -7.21707134 -57.07762243],[0. 0.]
1913,1.9139999999999,[0.14197092 6.69111756],[0.8260483  9.82672717],[ -7.28558178 -57.75960801],[0. 0.]
1914,1.9149999999999,[0.14278962 6.70088589],[0.8187004  9.76832682],[ -7.34790535 -58.40034745],[0. 0.]
1915,1.9159999999998998,[0.14360092 6.71059522],[0.8112962  9.70932584],[ -7.40419776 -59.00098202],[0. 0.]
1916,1.9169999999998997,[0.14440476 6.72024498],[0.80384158 9.64976316],[ -7.45462006 -59.56268555],[0. 0.]
1917,1.9179999999998996,[0.1452011  6.72983466],[0.79634224 9.5896765 ],[ -7.49933768 -60.0866578 ],[0. 0.]
1918,1.9189999999998995,[0.14598991 6.73936376],[0.78880372 9.52910238],[ -7.53851955 -60.57411822],[0. 0.]
1919,1.9199999999998993,[0.14677114 6.74883183],[0.78123139 9.46807608],[ -7.57233731 -61.02630018],[0. 0.]
1920,1.9209999999998992,[0.14754477 6.75823847],[0.77363042 9.40663163],[ -7.60096451 -61.44444548],[0. 0.]
1921,1.9219999999998991,[0.14831078 6.76758327],[0.76600585 9.34480184],[ -7.62457589 -61.82979937],[0. 0.]
1922,1.922999999999899,[0.14906914 6.77686589],[0.7583625  9.28261823],[ -7.64334674 -62.18360596],[0. 0.]
1923,1.923999999999899,[0.14981984 6.786086  ],[0.75070505 9.22011113],[ -7.65745228 -62.50710392],[0. 0.]
1924,1.9249999999998988,[0.15056288 6.79524331],[0.74303798 9.1573096 ],[ -7.66706709 -62.80152271],[0. 0.]
1925,1.9259999999998987,[0.15129825 6.80433755],[0.73536562 9.09424152],[ -7.67236462 -63.06807908],[0. 0.]
1926,1.9269999999998986,[0.15202594 6.81336848],[0.7276921  9.03093355],[ -7.67351673 -63.30797395],[0. 0.]
1927,1.9279999999998985,[0.15274596 6.82233589],[0.72002141 8.96741116],[ -7.67069325 -63.5223897 ],[0. 0.]
1928,1.9289999999998984,[0.15345832 6.83123959],[0.71235734 8.90369867],[ -7.66406164 -63.71248765],[0. 0.]
1929,1.9299999999998982,[0.15416302 6.84007941],[0.70470356 8.83981927],[ -7.65378668 -63.87940601],[0. 0.]
1930,1.9309999999998981,[0.15486008 6.84885521],[0.69706353 8.77579501],[ -7.64003013 -64.02425801],[0. 0.]
1931,1.931999999999898,[0.15554952 6.85756685],[0.68944058 8.71164688],[ -7.62295053 -64.14813032],[0. 0.]
1932,1.932999999999898,[0.15623136 6.86621425],[0.68183787 8.6473948 ],[ -7.60270299 -64.2520818 ],[0. 0.]
1933,1.9339999999998978,[0.15690562 6.8747973 ],[0.67425843 8.58305765],[ -7.57943899 -64.33714238],[0. 0.]
1934,1.9349999999998977,[0.15757233 6.88331596],[0.66670513 8.51865334],[ -7.55330623 -64.40431222],[0. 0.]
1935,1.9359999999998976,[0.15823151 6.89177016],[0.65918068 8.45419878],[ -7.52444854 -64.45456109],[0. 0.]
1936,1.9369999999998975,[0.15888319 6.90015987],[0.65168767 8.38970995],[ -7.49300577 -64.48882788],[0. 0.]
1937,1.9379999999998974,[0.15952742 6.90848507],[0.64422856 8.32520193],[ -7.45911372 -64.50802032],[0. 0.]
1938,1.9389999999998973,[0.16016423 6.91674576],[0.63680566 8.26068892],[ -7.42290409 -64.51301481],[0. 0.]
1939,1.9399999999998971,[0.16079365 6.92494194],[0.62942115 8.19618426],[ -7.38450449 -64.50465648],[0. 0.]
1940,1.940999999999897,[0.16141573 6.93307364],[0.62207711 8.1317005 ],[ -7.34403838 -64.48375922],[0. 0.]
1941,1.941999999999897,[0.16201527 6.94089933],[0.59954002 7.82568375],[ -22.53709262 -306.01675289],[-0.0501125  -0.64017126]
1942,1.9429999999998968,[0.16259306 6.94842654],[0.57778905 7.52721153],[ -21.75096835 -298.47221622],[-0.04907516 -0.62592054]
1943,1.9439999999998967,[0.16314985 6.95566253],[0.55678911 7.23599662],[ -20.99994025 -291.21491472],[-0.04807495 -0.6120176 ]
1944,1.9449999999998966,[0.16368635 6.9626143 ],[0.53650658 6.95176547],[ -20.28253459 -284.23114841],[-0.04711019 -0.5984488 ]
1945,1.9459999999998965,[0.16420326 6.96928856],[0.51690926 6.67425767],[ -19.5973191  -277.50780286],[-0.04617928 -0.58520118]
1946,1.9469999999998964,[0.16470123 6.97569178],[0.49796635 6.40322532],[ -18.94290628 -271.03234919],[-0.04528066 -0.57226237]
1947,1.9479999999998963,[0.16518088 6.98183022],[0.4796484  6.13843248],[ -18.31795563 -264.79283813],[-0.04441288 -0.55962063]
1948,1.9489999999998961,[0.1656428  6.98770987],[0.46192722 5.87965459],[ -17.72117491 -258.77788942],[-0.04357451 -0.54726479]
1949,1.949999999999896,[0.16608758 6.99333655],[0.4447759  5.62667791],[ -17.15132074 -252.97667766],[-0.04276421 -0.53518422]
1950,1.950999999999896,[0.16651575 6.99871585],[0.4281687 5.379299 ],[ -16.60719865 -247.37891558],[-0.04198069 -0.52336881]
1951,1.9519999999998958,[0.16692783 7.00385317],[0.41208104 5.13732416],[ -16.08766264 -241.97483541],[-0.04122271 -0.51180895]
1952,1.9529999999998957,[0.16732432 7.00875374],[0.39648943 4.90056899],[ -15.59161439 -236.75516905],[-0.0404891 -0.5004955]
1953,1.9539999999998956,[0.16770569 7.0134226 ],[0.38137142 4.66885786],[ -15.11800226 -231.71112743],[-0.03977874 -0.48941976]
1954,1.9549999999998955,[0.1680724  7.01786462],[0.3667056  4.44202349],[ -14.66582001 -226.83437946],[-0.03909054 -0.47857345]
1955,1.9559999999998954,[0.16842487 7.02208453],[0.3524715  4.21990645],[ -14.23410543 -222.11703094],[-0.03842349 -0.46794868]
1956,1.9569999999998953,[0.16876352 7.02608688],[0.33864956 4.00235485],[ -13.82193882 -217.55160362],[-0.03777661 -0.45753798]
1957,1.9579999999998952,[0.16908874 7.02987611],[0.32522112 3.78922384],[ -13.42844146 -213.13101459],[-0.03714895 -0.44733419]
1958,1.958999999999895,[0.16940091 7.03345648],[0.31216834 3.58037528],[ -13.052774   -208.84855618],[-0.03653962 -0.43733051]
1959,1.959999999999895,[0.16970038 7.03683216],[0.29947421 3.3756774 ],[ -12.69413485 -204.6978764 ],[-0.03594777 -0.42752047]
1960,1.9609999999998948,[0.1699875  7.04000716],[0.28712245 3.17500444],[ -12.35175855 -200.67296013],[-0.03537259 -0.41789789]
1961,1.9619999999998947,[0.1702626 7.0429854],[0.27509754 2.97823633],[ -12.02491422 -196.76811091],[-0.03481329 -0.40845689]
1962,1.9629999999998946,[0.17052598 7.04577066],[0.26338463 2.7852584 ],[ -11.71290396 -192.97793361],[-0.03426913 -0.39919185]
1963,1.9639999999998945,[0.17077795 7.04836662],[0.25196957 2.59596108],[ -11.41506137 -189.29731775],[-0.0337394  -0.39009742]
1964,1.9649999999998944,[0.17101879 7.05077686],[0.24083882 2.41023966],[ -11.13075003 -185.7214217 ],[-0.03322342 -0.38116849]
1965,1.9659999999998943,[0.17124877 7.05300485],[0.22997946 2.227994  ],[ -10.85936209 -182.24565752],[-0.03272054 -0.37240018]
1966,1.9669999999998942,[0.17146815 7.05505398],[0.21937914 2.04912833],[ -10.60031691 -178.8656767 ],[-0.03223015 -0.36378782]
1967,1.967999999999894,[0.17167718 7.05692753],[0.20902608 1.87355097],[ -10.35305972 -175.5773565 ],[-0.03175165 -0.35532698]
1968,1.968999999999894,[0.17187609 7.05862871],[0.19890902 1.70117418],[ -10.11706034 -172.37678714],[-0.03128448 -0.34701339]
1969,1.9699999999998938,[0.1720651  7.06016062],[0.18901721 1.53191392],[  -9.89181201 -169.26025956],[-0.0308281  -0.33884299]
1970,1.9709999999998937,[0.17224452 7.06152771],[0.17941842 1.3670895 ],[  -9.59878542 -164.82442109],[-0.03038199 -0.33081188]
1971,1.9719999999998936,[0.17241455 7.06273291],[0.17002302 1.20519729],[  -9.39540674 -161.89221349],[-0.02994957 -0.32298647]
1972,1.9729999999998935,[0.17257537 7.06377907],[0.16082176 1.04616417],[  -9.20125746 -159.0331222 ],[-0.02952639 -0.31529189]
1973,1.9739999999998934,[0.17272717 7.06466899],[0.15180584 0.88991999],[  -9.0159203  -156.24417847],[-0.02911199 -0.30772474]
1974,1.9749999999998933,[0.17287014 7.06540539],[0.14296684 0.73639743],[  -8.83899577 -153.52256017],[-0.02870596 -0.30028182]
1975,1.9759999999998932,[0.17300444 7.06599092],[0.13429674 0.58553184],[  -8.67010131 -150.86558335],[-0.02830789 -0.29296002]
1976,1.976999999999893,[0.17313022 7.06642818],[0.12578787 0.43726115],[  -8.50887047 -148.2706943 ],[-0.0279174  -0.28575637]
1977,1.977999999999893,[0.17324766 7.06671971],[0.11743292 0.29152569],[  -8.35495212 -145.73546213],[-0.02753412 -0.27866804]
1978,1.9789999999998928,[0.17335688 7.06686798],[0.10922491 0.14826812],[  -8.20800964 -143.2575717 ],[-0.0271577  -0.27169228]
1979,1.9799999999998927,[0.17345804 7.06687541],[0.10115719 0.0074333 ],[  -8.0677203  -140.83481702],[-0.0267878  -0.26482649]
1980,1.9809999999998926,[0.17355126 7.06674438],[ 0.09322342 -0.1310318 ],[  -7.93377449 -138.46509502],[-0.02642412 -0.25806815]
1981,1.9819999999998925,[0.17363668 7.0664772 ],[ 0.08541754 -0.2671782 ],[  -7.80587516 -136.14639972],[-0.02606634 -0.25141484]
1982,1.9829999999998924,[0.17371441 7.06607614],[ 0.0777338  -0.40105501],[  -7.68373716 -133.87681669],[-0.02571417 -0.24486424]
1983,1.9839999999998923,[0.17378458 7.06554343],[ 0.07016672 -0.53270953],[  -7.56708669 -131.65451786],[-0.02536735 -0.23841412]
1984,1.9849999999998922,[0.17384738 7.06488158],[ 0.06279855 -0.66184976],[  -7.36816337 -129.14023179],[-0.0250256  -0.23206235]
1985,1.985999999999892,[0.17390324 7.06409396],[ 0.05585852 -0.78761983],[  -6.94003417 -125.77006673],[-0.02469306 -0.22582376]
1986,1.986999999999892,[0.17395226 7.06318264],[ 0.04901895 -0.91132459],[  -6.83957325 -123.70476393],[-0.02438123 -0.2197415 ]
1987,1.9879999999998919,[0.17399453 7.06214964],[ 0.04227545 -1.03300391],[  -6.74350002 -121.67931686],[-0.02407374 -0.21375053]
1988,1.9889999999998917,[0.17403016 7.06099694],[ 0.03562385 -1.15269621],[  -6.65159553 -119.69230114],[-0.02377038 -0.20784905]
1989,1.9899999999998916,[0.17405922 7.0597265 ],[ 0.0290602  -1.27043856],[  -6.56364906 -117.74235178],[-0.02347095 -0.20203534]
1990,1.9909999999998915,[0.1740818  7.05834023],[ 0.02258074 -1.38626672],[  -6.47945777 -115.82815989],[-0.02317526 -0.19630775]
1991,1.9919999999998914,[0.17409798 7.05684002],[ 0.01618192 -1.50021519],[  -6.39882635 -113.94846968],[-0.02288314 -0.19066467]
1992,1.9929999999998913,[0.17410784 7.0552277 ],[ 0.00986035 -1.61231727],[  -6.32156668 -112.10207551],[-0.0225944  -0.18510458]
1993,1.9939999999998912,[0.17411145 7.0535051 ],[ 0.00361285 -1.72260509],[  -6.24749747 -110.28781927],[-0.0223089  -0.17962598]
1994,1.994999999999891,[0.17410889 7.05167399],[-0.00256359 -1.83110968],[  -6.17644401 -108.5045878 ],[-0.02202647 -0.17422745]
1995,1.995999999999891,[0.17410022 7.04973613],[-0.00867183 -1.93786099],[  -6.10823787 -106.7513105 ],[-0.02174699 -0.16890763]
1996,1.9969999999998909,[0.1740855  7.04769324],[-0.01471455 -2.04288794],[  -6.04271659 -105.02695714],[-0.0214703  -0.16366518]
1997,1.9979999999998908,[0.17406481 7.04554702],[-0.02069427 -2.14621848],[  -5.97972349 -103.33053568],[-0.02119628 -0.15849884]
1998,1.9989999999998906,[0.17403819 7.04329914],[-0.02661338 -2.24787957],[  -5.91910736 -101.66109039],[-0.02092481 -0.15340737]
1999,1.9999999999998905,[0.17400572 7.04095124],[-0.0324741  -2.34789727],[  -5.86072228 -100.01769992],[-0.02065579 -0.14838959]
2000,2.0009999999998906,[0.17396744 7.03850495],[-0.03827853 -2.44629674],[ -5.80442738 -98.39947562],[-0.02038909 -0.14344438]
2001,2.0019999999998905,[0.17392341 7.03596184],[-0.04402861 -2.5431023 ],[ -5.75008662 -96.80555987],[-0.02012463 -0.13857062]
2002,2.0029999999998904,[0.17387369 7.03332351],[-0.04972618 -2.63833743],[ -5.69756862 -95.23512456],[-0.01986231 -0.13376726]
2003,2.0039999999998903,[0.17381831 7.03059148],[-0.05537293 -2.7320248 ],[ -5.64674648 -93.6873697 ],[-0.01960205 -0.12903329]
2004,2.00499999999989,[0.17375734 7.0277673 ],[-0.06097043 -2.82418632],[ -5.59749758 -92.16152201],[-0.01934377 -0.12436772]
2005,2.00599999999989,[0.17369082 7.02485245],[-0.06652013 -2.91484315],[ -5.54970341 -90.65683375],[-0.01908739 -0.11976962]
2006,2.00699999999989,[0.1736188  7.02184844],[-0.07202338 -3.00401574],[ -5.50324948 -89.17258148],[-0.01883284 -0.11523807]
2007,2.00799999999989,[0.17354132 7.01875671],[-0.0774814 -3.0917238],[ -5.45802508 -87.708065  ],[-0.01858006 -0.1107722 ]
2008,2.0089999999998898,[0.17345842 7.01557873],[-0.08289533 -3.17798641],[ -5.4139232  -86.26260633],[-0.018329   -0.10637118]
2009,2.0099999999998897,[0.17337016 7.0123159 ],[-0.08826617 -3.26282196],[ -5.37084041 -84.83554874],[-0.0180796  -0.10203418]
2010,2.0109999999998895,[0.17327656 7.00896966],[-0.09359484 -3.34624821],[ -5.32867668 -83.42625591],[-0.01783183 -0.09776044]
2011,2.0119999999998894,[0.17317768 7.00554137],[-0.09888218 -3.42828232],[ -5.28733532 -82.03411104],[-0.01758562 -0.09354921]
2012,2.0129999999998893,[0.17307355 7.00203243],[-0.1041289  -3.50894084],[ -5.24672284 -80.65851615],[-0.01734095 -0.08939976]
2013,2.013999999999889,[0.17296422 6.99844419],[-0.10933565 -3.58823973],[ -5.20674888 -79.29889134],[-0.01709779 -0.08531142]
2014,2.014999999999889,[0.17284971 6.994778  ],[-0.11450298 -3.6661944 ],[ -5.16732607 -77.95467415],[-0.01685611 -0.08128351]
2015,2.015999999999889,[0.17273008 6.99103518],[-0.11963135 -3.74281972],[ -5.12836997 -76.62531895],[-0.01661588 -0.07731539]
2016,2.016999999999889,[0.17260536 6.98721705],[-0.12472115 -3.81813002],[ -5.08979899 -75.3102964 ],[-0.01637709 -0.07340647]
2017,2.0179999999998888,[0.17247559 6.98332491],[-0.12977268 -3.89213911],[ -5.05153429 -74.00909291],[-0.01613971 -0.06955615]
2018,2.0189999999998887,[0.1723408  6.97936005],[-0.13478618 -3.96486032],[ -5.01349974 -72.72121023],[-0.01590375 -0.06576387]
2019,2.0199999999998886,[0.17220104 6.97532374],[-0.1397618  -4.03630649],[ -4.97562182 -71.44616496],[-0.01566918 -0.0620291 ]
2020,2.0209999999998884,[0.17205634 6.97121725],[-0.14469963 -4.10648998],[ -4.93782957 -70.18348824],[-0.01543601 -0.05835131]
2021,2.0219999999998883,[0.17190674 6.96704183],[-0.14959969 -4.1754227 ],[ -4.90005456 -68.93272534],[-0.01520423 -0.05473003]
2022,2.022999999999888,[0.17175228 6.96279871],[-0.15446192 -4.24311614],[ -4.86223078 -67.69343538],[-0.01497385 -0.05116477]
2023,2.023999999999888,[0.17159299 6.95848913],[-0.15928621 -4.30958133],[ -4.82429465 -66.46519107],[-0.01474488 -0.04765509]
2024,2.024999999999888,[0.17142892 6.9541143 ],[-0.1640724  -4.37482891],[ -4.78618494 -65.24757843],[-0.01451732 -0.04420055]
2025,2.025999999999888,[0.1712601  6.94967544],[-0.16882024 -4.4388691 ],[ -4.74784275 -64.04019659],[-0.01429119 -0.04080075]
2026,2.026999999999888,[0.17108657 6.94517372],[-0.17352945 -4.50171176],[ -4.70921145 -62.84265763],[-0.0140665 -0.0374553]
2027,2.0279999999998877,[0.17090837 6.94061036],[-0.17819969 -4.56336635],[ -4.67023667 -61.65458636],[-0.01384327 -0.03416382]
2028,2.0289999999998876,[0.17072554 6.93598652],[-0.18283055 -4.62384197],[ -4.63086628 -60.47562028],[-0.01362152 -0.03092596]
2029,2.0299999999998875,[0.17053812 6.93130337],[-0.1874216  -4.68314738],[ -4.59105033 -59.30540939],[-0.01340128 -0.02774138]
2030,2.0309999999998873,[0.17034615 6.92656208],[-0.19197235 -4.74129099],[ -4.55074105 -58.14361614],[-0.01318256 -0.02460976]
2031,2.0319999999998872,[0.17014966 6.9217638 ],[-0.19648224 -4.79828091],[ -4.50989284 -56.98991536],[-0.01296541 -0.0215308 ]
2032,2.032999999999887,[0.16994871 6.91690967],[-0.2009507 -4.8541249],[ -4.46846224 -55.84399423],[-0.01274985 -0.0185042 ]
2033,2.033999999999887,[0.16974334 6.91200084],[-0.20537711 -4.90883045],[ -4.42640791 -54.70555225],[-0.01253591 -0.01552969]
2034,2.034999999999887,[0.16953358 6.90703844],[-0.2097608  -4.96240476],[ -4.38369064 -53.57430121],[-0.01232363 -0.01260701]
2035,2.035999999999887,[0.16931947 6.90202358],[-0.21410107 -5.01485472],[ -4.3402733  -52.44996521],[-0.01211305 -0.00973591]
2036,2.0369999999998867,[0.16910108 6.89695739],[-0.21839719 -5.066187  ],[ -4.29612091 -51.3322807 ],[-0.0119042  -0.00691616]
2037,2.0379999999998866,[0.16887843 6.89184099],[-0.22264839 -5.116408  ],[ -4.25120054 -50.2209965 ],[-0.01169713 -0.00414755]
2038,2.0389999999998865,[0.16865157 6.88667546],[-0.22685387 -5.16552387],[ -4.2054814  -49.11587383],[-0.01149189 -0.00142985]
2039,2.0399999999998863,[0.16842056 6.88146192],[-0.23101281 -5.21354056],[ -4.15893477 -48.01668638],[-0.0112885   0.00123713]
2040,2.0409999999998862,[0.16818544 6.87620146],[-0.23512434 -5.26046378],[ -4.11153402 -46.9232204 ],[-0.01108703  0.00385357]
2041,2.041999999999886,[0.16794625 6.87089516],[-0.2391876  -5.30629905],[ -4.06325463 -45.83527471],[-0.01088752  0.00641965]
2042,2.042999999999886,[0.16770305 6.86554411],[-0.24320167 -5.35105171],[ -4.01407418 -44.75266083],[-0.01069001  0.00893555]
2043,2.043999999999886,[0.16745588 6.86014938],[-0.24716564 -5.39472692],[ -3.96397234 -43.67520303],[-0.01049456  0.01140141]
2044,2.044999999999886,[0.1672048  6.85471205],[-0.25107858 -5.43732966],[ -3.9129309  -42.60273843],[-0.01030121  0.01381739]
2045,2.0459999999998857,[0.16694986 6.84923319],[-0.25493951 -5.47886477],[ -3.86093376 -41.53511706],[-0.01011003  0.01618363]
2046,2.0469999999998856,[0.16669112 6.84371385],[-0.25874748 -5.51933698],[ -3.80796692 -40.47220197],[-0.00992106  0.01850027]
2047,2.0479999999998855,[0.16642862 6.8381551 ],[-0.26250149 -5.55875084],[ -3.75401852 -39.4138693 ],[-0.00973436  0.02076744]
2048,2.0489999999998854,[0.16616241 6.83255799],[-0.26620057 -5.59711085],[ -3.69907882 -38.36000834],[-0.00954998  0.02298525]
2049,2.0499999999998852,[0.16589257 6.82692357],[-0.26984371 -5.63442137],[ -3.6431402  -37.31052159],[-0.00936797  0.02515384]
2050,2.050999999999885,[0.16561914 6.82125288],[-0.27342991 -5.6706867 ],[ -3.58619718 -36.2653249 ],[-0.00918839  0.0272733 ]
2051,2.051999999999885,[0.16534218 6.81554697],[-0.27695816 -5.70591105],[ -3.52824641 -35.22434741],[-0.00901131  0.02934376]
2052,2.052999999999885,[0.16506176 6.80980687],[-0.28042744 -5.74009858],[ -3.46928668 -34.18753168],[-0.00883677  0.03136532]
2053,2.053999999999885,[0.16477792 6.80403362],[-0.28383676 -5.77325341],[ -3.40931891 -33.15483368],[-0.00866482  0.03333808]
2054,2.0549999999998847,[0.16449073 6.79822824],[-0.28718511 -5.80537963],[ -3.34834615 -32.12622284],[-0.00849554  0.03526216]
2055,2.0559999999998846,[0.16420026 6.79239176],[-0.29047148 -5.83648132],[ -3.28637359 -31.10168202],[-0.00832896  0.03713764]
2056,2.0569999999998845,[0.16390657 6.78652519],[-0.29369489 -5.86656252],[ -3.22340852 -30.0812075 ],[-0.00816516  0.03896463]
2057,2.0579999999998844,[0.16360971 6.78062957],[-0.29685435 -5.89562733],[ -3.15946038 -29.06480896],[-0.00800418  0.04074323]
2058,2.0589999999998843,[0.16330976 6.77470589],[-0.29994889 -5.92367984],[ -3.09454069 -28.05250945],[-0.00784608  0.04247355]
2059,2.059999999999884,[0.16300679 6.76875516],[-0.30297756 -5.95072419],[ -3.02866306 -27.04434525],[-0.00769091  0.04415568]
2060,2.060999999999884,[0.16270085 6.7627784 ],[-0.3059394  -5.97676455],[ -2.96184319 -26.04036586],[-0.00753874  0.04578975]
2061,2.061999999999884,[0.16239201 6.75677659],[-0.3088335  -6.00180519],[ -2.89409883 -25.0406338 ],[-0.00738961  0.04737584]
2062,2.062999999999884,[0.16208035 6.75075074],[-0.31165895 -6.02585041],[ -2.82544975 -24.04522455],[-0.00724358  0.04891408]
2063,2.0639999999998837,[0.16176594 6.74470184],[-0.31441486 -6.04890464],[ -2.75591775 -23.05422628],[-0.00710069  0.05040459]
2064,2.0649999999998836,[0.16144884 6.73863086],[-0.31710039 -6.07097238],[ -2.68552659 -22.06773977],[-0.00696101  0.05184748]
2065,2.0659999999998835,[0.16112912 6.73253881],[-0.31971469 -6.09205826],[ -2.61430199 -21.08587808],[-0.00682457  0.05324288]
2066,2.0669999999998834,[0.16080687 6.72642664],[-0.32225697 -6.11216702],[ -2.54227158 -20.10876637],[-0.00669143  0.05459093]
2067,2.0679999999998833,[0.16048214 6.72029534],[-0.32472643 -6.13130356],[ -2.46946483 -19.13654158],[-0.00656164  0.05589176]
2068,2.068999999999883,[0.16015502 6.71414586],[-0.32712234 -6.14947292],[ -2.39591307 -18.16935213],[-0.00643525  0.05714553]
2069,2.069999999999883,[0.15982558 6.70797918],[-0.32944399 -6.16668027],[ -2.32164938 -17.20735761],[-0.00631228  0.05835239]
2070,2.070999999999883,[0.15949388 6.70179625],[-0.3316907 -6.182931 ],[ -2.24670857 -16.25072834],[-0.0061928  0.0595125]
2071,2.071999999999883,[0.15916002 6.69559802],[-0.33386183 -6.19823065],[ -2.17112712 -15.29964503],[-0.00607684  0.06062603]
2072,2.0729999999998827,[0.15882407 6.68938544],[-0.33595677 -6.21258495],[ -2.0949431  -14.35429832],[-0.00596444  0.06169317]
2073,2.0739999999998826,[0.15848609 6.68315944],[-0.33797497 -6.22599983],[ -2.01819613 -13.41488834],[-0.00585564  0.06271412]
2074,2.0749999999998825,[0.15814617 6.67692095],[-0.33991589 -6.23848146],[ -1.94092728 -12.48162418],[-0.00575047  0.06368906]
2075,2.0759999999998824,[0.1578044  6.67067092],[-0.34177907 -6.25003618],[ -1.86317905 -11.55472341],[-0.00564897  0.06461823]
2076,2.0769999999998823,[0.15746083 6.66441025],[-0.34356407 -6.26067059],[ -1.78499522 -10.63441153],[-0.00555117  0.06550183]
2077,2.077999999999882,[0.15711556 6.65813986],[-0.34527049 -6.27039151],[-1.70642082 -9.72092135],[-0.0054571   0.06634012]
2078,2.078999999999882,[0.15676866 6.65186065],[-0.34689799 -6.27920601],[-1.62750204 -8.81449246],[-0.00536679  0.06713334]
2079,2.079999999999882,[0.15642022 6.64557353],[-0.34844628 -6.28712138],[-1.54828613 -7.91537054],[-0.00528026  0.06788176]
2080,2.080999999999882,[0.1560703  6.63927938],[-0.3499151  -6.29414518],[-1.4688213  -7.02380676],[-0.00519753  0.06858564]
2081,2.0819999999998817,[0.155719  6.6329791],[-0.35130426 -6.30028524],[-1.38915665 -6.14005708],[-0.00511862  0.06924528]
2082,2.0829999999998816,[0.15536638 6.62667355],[-0.3526136  -6.30554962],[-1.30934206 -5.26438158],[-0.00504356  0.06986099]
2083,2.0839999999998815,[0.15501254 6.6203636 ],[-0.35384303 -6.30994667],[-1.22942808 -4.39704374],[-0.00497236  0.07043307]
2084,2.0849999999998814,[0.15465755 6.61405012],[-0.35499249 -6.31348498],[-1.14946584 -3.53830974],[-0.00490503  0.07096186]
2085,2.0859999999998813,[0.15430149 6.60773394],[-0.356062   -6.31617342],[-1.06950694 -2.6884477 ],[-0.00484158  0.0714477 ]
2086,2.086999999999881,[0.15394444 6.60141592],[-0.3570516  -6.31802115],[-0.98960336 -1.84772698],[-0.00478202  0.07189095]
2087,2.087999999999881,[0.15358647 6.59509688],[-0.35796141 -6.31903757],[-0.90980733 -1.01641737],[-0.00472636  0.07229199]
2088,2.088999999999881,[0.15322768 6.58877765],[-0.35879158 -6.31923236],[-0.83017122 -0.19478836],[-0.00467459  0.07265121]
2089,2.089999999999881,[0.15286814 6.58245904],[-0.35954233 -6.31861547],[-0.75074745  0.6168916 ],[-0.00462672  0.07296899]
2090,2.0909999999998807,[0.15250793 6.57614184],[-0.36021392 -6.31719711],[-0.67158837  1.41835588],[-0.00458274  0.07324577]
2091,2.0919999999998806,[0.15214712 6.56982685],[-0.36080666 -6.31498777],[-0.59274617  2.20934044],[-0.00454266  0.07348197]
2092,2.0929999999998805,[0.1517858  6.56351485],[-0.36132094 -6.31199818],[-0.51427272  2.98958454],[-0.00450645  0.07367804]
2093,2.0939999999998804,[0.15142404 6.55720661],[-0.36175715 -6.30823935],[-0.43621952  3.75883153],[-0.00447412  0.07383444]
2094,2.0949999999998803,[0.15106193 6.55090289],[-0.36211579 -6.30372252],[-0.35863756  4.51682954],[-0.00444564  0.07395163]
2095,2.09599999999988,[0.15069953 6.54460443],[-0.36239737 -6.29845919],[-0.28157723  5.26333222],[-0.004421    0.07403012]
2096,2.09699999999988,[0.15033693 6.53831197],[-0.36260246 -6.29246109],[-0.20508819  5.99809944],[-0.00440019  0.07407039]
2097,2.09799999999988,[0.14997419 6.53202623],[-0.36273168 -6.28574019],[-0.12921932  6.72089794],[-0.00438318  0.07407296]
2098,2.09899999999988,[0.14961141 6.52574792],[-0.3627857  -6.27830869],[-0.05401857  7.43150201],[-0.00436994  0.07403836]
2099,2.0999999999998797,[0.14924864 6.51947774],[-0.36276523 -6.270179  ],[0.02046711 8.12969413],[-0.00436046  0.07396712]
2100,2.1009999999998796,[0.14888597 6.51321638],[-0.36267104 -6.26136373],[0.09419185 8.81526555],[-0.00435471  0.07385981]
2101,2.1019999999998795,[0.14852347 6.5069645 ],[-0.36250393 -6.25187572],[0.16711099 9.48801687],[-0.00435265  0.07371697]
2102,2.1029999999998794,[0.1481612  6.50072278],[-0.36226474 -6.24172796],[ 0.2391811 10.1477586],[-0.00435425  0.07353919]
2103,2.1039999999998793,[0.14779925 6.49449184],[-0.36195438 -6.23093364],[ 0.31036013 10.79431165],[-0.00435947  0.07332704]
2104,2.104999999999879,[0.14743767 6.48827234],[-0.36157378 -6.21950614],[ 0.38060743 11.42750779],[-0.00436828  0.07308114]
2105,2.105999999999879,[0.14707655 6.48206488],[-0.36112389 -6.20745895],[ 0.44988384 12.04719012],[-0.00438065  0.07280207]
2106,2.106999999999879,[0.14671595 6.47587007],[-0.36060574 -6.19480573],[ 0.51815175 12.65321344],[-0.00439651  0.07249045]
2107,2.107999999999879,[0.14635592 6.46968851],[-0.36002037 -6.18156029],[ 0.58537517 13.24544462],[-0.00441585  0.07214691]
2108,2.1089999999998787,[0.14599656 6.46352077],[-0.35936885 -6.16773653],[ 0.65151979 13.82376291],[-0.00443859  0.07177207]
2109,2.1099999999998786,[0.1456379  6.45736743],[-0.35865229 -6.15334847],[ 0.71655298 14.38806019],[-0.00446471  0.07136658]
2110,2.1109999999998785,[0.14528003 6.45122902],[-0.35787185 -6.13841022],[ 0.7804439  14.93824127],[-0.00449416  0.07093108]
2111,2.1119999999998784,[0.144923   6.44510608],[-0.35702869 -6.122936  ],[ 0.8431635 15.474224 ],[-0.00452687  0.07046622]
2112,2.1129999999998783,[0.14456688 6.43899914],[-0.356124   -6.10694006],[ 0.90468455 15.99593948],[-0.0045628   0.06997266]
2113,2.113999999999878,[0.14421172 6.4329087 ],[-0.35515902 -6.09043673],[ 0.96498167 16.50333211],[-0.00460189  0.06945105]
2114,2.114999999999878,[0.14385759 6.42683526],[-0.35413499 -6.07344037],[ 1.02403135 16.99635972],[-0.00464409  0.06890207]
2115,2.115999999999878,[0.14350453 6.4207793 ],[-0.35305318 -6.05596538],[ 1.081812   17.47499351],[-0.00468935  0.06832639]
2116,2.116999999999878,[0.14315262 6.41474127],[-0.35191487 -6.03802616],[ 1.13830387 17.9392181 ],[-0.0047376   0.06772467]
2117,2.1179999999998778,[0.1428019  6.40872163],[-0.35072138 -6.01963713],[ 1.19348915 18.38903144],[-0.00478879  0.06709759]
2118,2.1189999999998776,[0.14245242 6.40272082],[-0.34947403 -6.00081268],[ 1.24735193 18.82444471],[-0.00484285  0.06644582]
2119,2.1199999999998775,[0.14210425 6.39673925],[-0.34817415 -5.9815672 ],[ 1.29987815 19.24548218],[-0.00489973  0.06577005]
2120,2.1209999999998774,[0.14175742 6.39077734],[-0.3468231  -5.96191502],[ 1.35105566 19.65218105],[-0.00495937  0.06507095]
2121,2.1219999999998773,[0.141412   6.38483547],[-0.34542222 -5.94187043],[ 1.40087416 20.04459126],[-0.00502169  0.06434919]
2122,2.122999999999877,[0.14106803 6.37891402],[-0.3439729  -5.92144765],[ 1.44932518 20.42277519],[-0.00508665  0.06360546]
2123,2.123999999999877,[0.14072555 6.37301336],[-0.3424765  -5.90066084],[ 1.49640208 20.78680747],[-0.00515417  0.06284042]
2124,2.124999999999877,[0.14038462 6.36713384],[-0.3409344  -5.87952407],[ 1.54209996 21.13677459],[-0.00522419  0.06205474]
2125,2.125999999999877,[0.14004527 6.36127579],[-0.33934798 -5.8580513 ],[ 1.58641571 21.47277467],[-0.00529664  0.06124911]
2126,2.1269999999998768,[0.13970755 6.35543953],[-0.33771863 -5.83625638],[ 1.62934789 21.79491703],[-0.00537147  0.06042417]
2127,2.1279999999998767,[0.1393715  6.34962538],[-0.33604774 -5.81415306],[ 1.67089675 22.10332183],[-0.00544861  0.0595806 ]
2128,2.1289999999998765,[0.13903717 6.34383362],[-0.33433667 -5.79175494],[ 1.71106413 22.39811971],[-0.00552799  0.05871904]
2129,2.1299999999998764,[0.13870458 6.33806455],[-0.33258682 -5.76907549],[ 1.74985347 22.67945135],[-0.00560954  0.05784016]
2130,2.1309999999998763,[0.13837378 6.33231842],[-0.33079955 -5.74612802],[ 1.78726971 22.947467  ],[-0.00569321  0.05694458]
2131,2.131999999999876,[0.1380448  6.32659549],[-0.32897623 -5.72292569],[ 1.82331925 23.20232612],[-0.00577893  0.05603296]
2132,2.132999999999876,[0.13771769 6.32089601],[-0.32711822 -5.6994815 ],[ 1.85800991 23.44419683],[-0.00586663  0.05510593]
2133,2.133999999999876,[0.13739246 6.3152202 ],[-0.32522687 -5.67580824],[ 1.89135087 23.67325551],[-0.00595624  0.05416411]
2134,2.134999999999876,[0.13706916 6.30956828],[-0.32330352 -5.65191855],[ 1.9233526  23.88968628],[-0.00604771  0.05320812]
2135,2.1359999999998758,[0.13674781 6.30394046],[-0.32134949 -5.62782487],[ 1.9540268  24.09368053],[-0.00614097  0.05223857]
2136,2.1369999999998757,[0.13642844 6.29833692],[-0.3193661  -5.60353944],[ 1.98338633 24.28543645],[-0.00623596  0.05125606]
2137,2.1379999999998756,[0.13611109 6.29275784],[-0.31735466 -5.57907428],[ 2.0114452  24.46515851],[-0.0063326   0.05026119]
2138,2.1389999999998754,[0.13579577 6.2872034 ],[-0.31531644 -5.55444122],[ 2.03821844 24.63305699],[-0.00643086  0.04925454]
2139,2.1399999999998753,[0.13548252 6.28167375],[-0.31325272 -5.52965187],[ 2.06372206 24.78934748],[-0.00653065  0.04823668]
2140,2.1409999999998752,[0.13517135 6.27616903],[-0.31116474 -5.50471762],[ 2.08797303 24.93425043],[-0.00663192  0.04720818]
2141,2.141999999999875,[0.1348623  6.27068938],[-0.30905376 -5.47964963],[ 2.11098916 25.0679906 ],[-0.00673461  0.04616959]
2142,2.142999999999875,[0.13455538 6.26523493],[-0.30692097 -5.45445884],[ 2.13278905 25.19079665],[-0.00683865  0.04512146]
2143,2.143999999999875,[0.13425061 6.25980577],[-0.30476757 -5.42915594],[ 2.15339206 25.30290066],[-0.006944    0.04406433]
2144,2.144999999999875,[0.13394802 6.25440202],[-0.30259476 -5.4037514 ],[ 2.17281823 25.40453763],[-0.00705059  0.04299871]
2145,2.1459999999998747,[0.13364761 6.24902376],[-0.30040367 -5.37825545],[ 2.19108821 25.49594511],[-0.00715837  0.04192512]
2146,2.1469999999998746,[0.13334942 6.24367108],[-0.29819544 -5.35267809],[ 2.20822321 25.57736267],[-0.00726728  0.04084407]
2147,2.1479999999998745,[0.13305344 6.23834406],[-0.2959712  -5.32702906],[ 2.22424495 25.64903154],[-0.00737726  0.03975605]
2148,2.1489999999998743,[0.13275971 6.23304274],[-0.29373202 -5.30131786],[ 2.23917559 25.71119419],[-0.00748826  0.03866153]
2149,2.1499999999998742,[0.13246823 6.22776718],[-0.29147899 -5.27555377],[ 2.2530377  25.76409391],[-0.00760023  0.03756098]
2150,2.150999999999874,[0.13217902 6.22251744],[-0.28921313 -5.2497458 ],[ 2.26585418 25.80797444],[-0.00771312  0.03645487]
2151,2.151999999999874,[0.13189209 6.21729354],[-0.28693548 -5.22390272],[ 2.27764822 25.84307958],[-0.00782687  0.03534364]
2152,2.152999999999874,[0.13160744 6.2120955 ],[-0.28464704 -5.19803306],[ 2.28844324 25.86965288],[-0.00794144  0.03422773]
2153,2.153999999999874,[0.13132509 6.20692336],[-0.28234878 -5.17214513],[ 2.29826288 25.88793725],[-0.00805677  0.03310756]
2154,2.1549999999998737,[0.13104505 6.20177711],[-0.28004165 -5.14624695],[ 2.3071309  25.89817466],[-0.00817282  0.03198354]
2155,2.1559999999998736,[0.13076732 6.19665676],[-0.27772658 -5.12034635],[ 2.31507117 25.90060584],[-0.00828954  0.03085608]
2156,2.1569999999998735,[0.13049192 6.19156231],[-0.27540447 -5.09445088],[ 2.32210763 25.89546998],[-0.00840688  0.02972556]
2157,2.1579999999998734,[0.13021884 6.18649375],[-0.2730762  -5.06856787],[ 2.32826424 25.88300446],[-0.00852481  0.02859237]
2158,2.1589999999998732,[0.1299481  6.18145104],[-0.27074264 -5.04270443],[ 2.33356492 25.86344458],[-0.00864328  0.02745687]
2159,2.159999999999873,[0.12967969 6.17643417],[-0.26840461 -5.0168674 ],[ 2.33803357 25.83702332],[-0.00876224  0.02631942]
2160,2.160999999999873,[0.12941363 6.17144311],[-0.26606291 -4.99106343],[ 2.34169397 25.80397113],[-0.00888165  0.02518036]
2161,2.161999999999873,[0.12914991 6.16647781],[-0.26371834 -4.96529892],[ 2.34456981 25.76451571],[-0.00900148  0.02404004]
2162,2.162999999999873,[0.12888854 6.16153823],[-0.26137166 -4.93958003],[ 2.3466846  25.71888182],[-0.00912168  0.02289877]
2163,2.1639999999998727,[0.12862952 6.15662432],[-0.2590236  -4.91391274],[ 2.34806169 25.66729106],[-0.00924223  0.02175687]
2164,2.1649999999998726,[0.12837284 6.15173602],[-0.25667487 -4.88830278],[ 2.34872423 25.60996179],[-0.00936307  0.02061464]
2165,2.1659999999998725,[0.12811852 6.14687326],[-0.25432618 -4.86275567],[ 2.34869512 25.54710889],[-0.00948418  0.01947238]
2166,2.1669999999998724,[0.12786654 6.14203598],[-0.25197818 -4.83727673],[ 2.34799702 25.47894367],[-0.00960551  0.01833037]
2167,2.1679999999998723,[0.12761691 6.13722411],[-0.24963153 -4.81187106],[ 2.34665232 25.40567377],[-0.00972705  0.01718888]
2168,2.168999999999872,[0.12736962 6.13243757],[-0.24728684 -4.78654355],[ 2.3446831  25.32750298],[-0.00984875  0.01604817]
2169,2.169999999999872,[0.12712467 6.12767627],[-0.24494473 -4.76129892],[ 2.34211114 25.24463123],[-0.00997058  0.0149085 ]
2170,2.170999999999872,[0.12688207 6.12294013],[-0.24260577 -4.73614167],[ 2.33895789 25.15725442],[-0.01009251  0.01377011]
2171,2.171999999999872,[0.1266418  6.11822905],[-0.24027053 -4.7110761 ],[ 2.33524446 25.06556441],[-0.01021452  0.01263323]
2172,2.1729999999998717,[0.12640386 6.11354295],[-0.23793954 -4.68610635],[ 2.33099161 24.96974896],[-0.01033657  0.0114981 ]
2173,2.1739999999998716,[0.12616825 6.10888171],[-0.23561332 -4.66123636],[ 2.32621972 24.86999163],[-0.01045864  0.01036492]
2174,2.1749999999998715,[0.12593495 6.10424524],[-0.23329237 -4.63646989],[ 2.3209488  24.76647178],[-0.0105807  0.0092339]
2175,2.1759999999998714,[0.12570398 6.09963343],[-0.23097717 -4.61181053],[ 2.31519847 24.65936455],[-0.01070273  0.00810525]
2176,2.1769999999998713,[0.12547531 6.09504617],[-0.22866818 -4.58726168],[ 2.30898797 24.5488408 ],[-0.01082469  0.00697915]
2177,2.177999999999871,[0.12524894 6.09048334],[-0.22636585 -4.56282662],[ 2.30233612 24.43506712],[-0.01094657  0.00585579]
2178,2.178999999999871,[0.12502487 6.08594483],[-0.22407059 -4.53850841],[ 2.29526134 24.31820585],[-0.01106835  0.00473533]
2179,2.179999999999871,[0.12480309 6.08143052],[-0.2217828 -4.51431  ],[ 2.28778166 24.19841504],[-0.01119     0.00361795]
2180,2.180999999999871,[0.12458359 6.07694029],[-0.21950289 -4.49023415],[ 2.27991466 24.07584849],[-0.0113115   0.00250381]
2181,2.1819999999998707,[0.12436635 6.072474  ],[-0.21723121 -4.46628349],[ 2.27167754 23.95065577],[-0.01143284  0.00139305]
2182,2.1829999999998706,[0.12415139 6.06803154],[-0.21496812 -4.44246051],[ 2.26308706 23.82298222],[-0.01155398  0.00028582]
2183,2.1839999999998705,[0.12393867 6.06361278],[-0.21271397 -4.41876754],[ 2.25415958 23.69296903],[-0.01167492 -0.00081774]
2184,2.1849999999998704,[0.1237282  6.05921757],[-0.21046905 -4.39520679],[ 2.24491101 23.56075322],[-0.01179563 -0.00191751]
2185,2.1859999999998703,[0.12351997 6.05484579],[-0.2082337  -4.37178032],[ 2.23535689 23.42646771],[-0.0119161  -0.00301335]
2186,2.18699999999987,[0.12331396 6.0504973 ],[-0.20600819 -4.34849008],[ 2.22551231 23.29024138],[-0.01203632 -0.00410516]
2187,2.18799999999987,[0.12311017 6.04617196],[-0.20379279 -4.32533788],[ 2.21539197 23.15219907],[-0.01215626 -0.00519281]
2188,2.18899999999987,[0.12290858 6.04186964],[-0.20158778 -4.30232542],[ 2.20501013 23.0124617 ],[-0.01227591 -0.00627622]
2189,2.18999999999987,[0.12270919 6.03759018],[-0.1993934  -4.27945427],[ 2.19438068 22.87114629],[-0.01239527 -0.00735526]
2190,2.1909999999998697,[0.12251198 6.03333346],[-0.19720989 -4.25672591],[ 2.18351709 22.728366  ],[-0.0125143  -0.00842987]
2191,2.1919999999998696,[0.12231694 6.02909931],[-0.19503745 -4.23414168],[ 2.17243243 22.58423027],[-0.01263301 -0.00949993]
2192,2.1929999999998695,[0.12212406 6.02488761],[-0.19287631 -4.21170283],[ 2.16113938 22.43884478],[-0.01275138 -0.01056538]
2193,2.1939999999998694,[0.12193334 6.0206982 ],[-0.19072666 -4.18941052],[ 2.14965024 22.29231161],[-0.01286939 -0.01162614]
2194,2.1949999999998693,[0.12174475 6.01653093],[-0.18858869 -4.16726579],[ 2.13797692 22.14472926],[-0.01298704 -0.01268213]
2195,2.195999999999869,[0.12155829 6.01238567],[-0.18646256 -4.1452696 ],[ 2.12613095 21.99619275],[-0.01310432 -0.01373328]
2196,2.196999999999869,[0.12137394 6.00826224],[-0.18434843 -4.1234228 ],[ 2.11412349 21.84679365],[-0.01322122 -0.01477954]
2197,2.197999999999869,[0.12119169 6.00416052],[-0.18224647 -4.10172618],[ 2.10196536 21.6966202 ],[-0.01333772 -0.01582084]
2198,2.198999999999869,[0.12101153 6.00008034],[-0.1801568  -4.08018043],[ 2.089667   21.54575739],[-0.01345382 -0.01685714]
2199,2.1999999999998687,[0.12083345 5.99602155],[-0.17807956 -4.05878614],[ 2.07723849 21.39428696],[-0.01356951 -0.01788837]
2200,2.2009999999998686,[0.12065744 5.99198401],[-0.17601487 -4.03754385],[ 2.0646896  21.24228758],[-0.01368479 -0.0189145 ]
2201,2.2019999999998685,[0.12048348 5.98796755],[-0.17396284 -4.01645402],[ 2.05202973 21.08983485],[-0.01379964 -0.01993548]
2202,2.2029999999998684,[0.12031155 5.98397203],[-0.17192357 -3.99551701],[ 2.03926797 20.9370014 ],[-0.01391405 -0.02095127]
2203,2.2039999999998683,[0.12014166 5.9799973 ],[-0.16989716 -3.97473316],[ 2.02641308 20.78385697],[-0.01402803 -0.02196185]
2204,2.204999999999868,[0.11997377 5.9760432 ],[-0.16788369 -3.95410269],[ 2.01347352 20.63046851],[-0.01414157 -0.02296717]
2205,2.205999999999868,[0.11980789 5.97210957],[-0.16588323 -3.93362579],[ 2.00045742 20.47690018],[-0.01425466 -0.02396722]
2206,2.206999999999868,[0.11964399 5.96819627],[-0.16389586 -3.91330258],[ 1.98737263 20.32321353],[-0.01436729 -0.02496196]
2207,2.207999999999868,[0.11948207 5.96430314],[-0.16192163 -3.89313311],[ 1.97422668 20.16946747],[-0.01447946 -0.02595137]
2208,2.2089999999998677,[0.11932211 5.96043002],[-0.1599606  -3.87311739],[ 1.96102686 20.01571843],[-0.01459117 -0.02693544]
2209,2.2099999999998676,[0.1191641  5.95657676],[-0.15801282 -3.85325537],[ 1.94778013 19.86202039],[-0.01470241 -0.02791415]
2210,2.2109999999998675,[0.11900802 5.95274322],[-0.15607833 -3.83354694],[ 1.93449322 19.70842494],[-0.01481318 -0.02888749]
2211,2.2119999999998674,[0.11885386 5.94892923],[-0.15415716 -3.81399196],[ 1.92117258 19.55498139],[-0.01492348 -0.02985544]
2212,2.2129999999998673,[0.11870161 5.94513464],[-0.15224933 -3.79459023],[ 1.90782441 19.40173682],[-0.01503329 -0.03081801]
2213,2.213999999999867,[0.11855126 5.94135929],[-0.15035488 -3.77534149],[ 1.89445464 19.24873615],[-0.01514263 -0.03177517]
2214,2.214999999999867,[0.11840278 5.93760305],[-0.14847381 -3.75624547],[ 1.88106898 19.0960222 ],[-0.01525149 -0.03272693]
2215,2.215999999999867,[0.11825618 5.93386575],[-0.14660614 -3.73730183],[ 1.86767291 18.94363576],[-0.01535985 -0.03367329]
2216,2.216999999999867,[0.11811143 5.93014724],[-0.14475186 -3.71851022],[ 1.85427166 18.7916157 ],[-0.01546774 -0.03461425]
2217,2.2179999999998667,[0.11796852 5.92644737],[-0.14291099 -3.69987022],[ 1.84087026 18.63999894],[-0.01557513 -0.03554981]
2218,2.2189999999998666,[0.11782743 5.92276599],[-0.14108352 -3.6813814 ],[ 1.8274735  18.48882062],[-0.01568203 -0.03647998]
2219,2.2199999999998665,[0.11768816 5.91910294],[-0.13926944 -3.66304328],[ 1.81408599 18.33811407],[-0.01578844 -0.03740476]
2220,2.2209999999998664,[0.11755069 5.91545809],[-0.13746872 -3.64485537],[ 1.80071212 18.18791095],[-0.01589436 -0.03832416]
2221,2.2219999999998663,[0.11741501 5.91183127],[-0.13568137 -3.62681713],[ 1.78735608 18.03824122],[-0.01599979 -0.03923819]
2222,2.222999999999866,[0.11728111 5.90822234],[-0.13390735 -3.608928  ],[ 1.7740219 17.8891333],[-0.01610472 -0.04014686]
2223,2.223999999999866,[0.11714896 5.90463115],[-0.13214663 -3.59118738],[ 1.7607134  17.74061405],[-0.01620916 -0.04105019]
2224,2.224999999999866,[0.11701856 5.90105756],[-0.1303992  -3.57359467],[ 1.74743423 17.59270884],[-0.01631311 -0.04194818]
2225,2.225999999999866,[0.11688989 5.89750141],[-0.12866501 -3.55614923],[ 1.73418787 17.44544163],[-0.01641656 -0.04284086]
2226,2.2269999999998658,[0.11676295 5.89396256],[-0.12694403 -3.5388504 ],[ 1.72097763 17.29883499],[-0.01651952 -0.04372825]
2227,2.2279999999998656,[0.11663771 5.89044086],[-0.12523623 -3.52169749],[ 1.70780667 17.15291019],[-0.01662199 -0.04461035]
2228,2.2289999999998655,[0.11651417 5.88693617],[-0.12354155 -3.5046898 ],[ 1.69467799 17.00768719],[-0.01672397 -0.04548719]
2229,2.2299999999998654,[0.11639231 5.88344835],[-0.12185995 -3.48782662],[ 1.68159443 16.86318476],[-0.01682545 -0.04635879]
2230,2.2309999999998653,[0.11627212 5.87997724],[-0.12019139 -3.4711072 ],[ 1.66855871 16.71942046],[-0.01692645 -0.04722516]
2231,2.231999999999865,[0.11615359 5.87652271],[-0.11853582 -3.45453078],[ 1.65557339 16.57641074],[-0.01702695 -0.04808634]
2232,2.232999999999865,[0.11603669 5.87308461],[-0.11689318 -3.43809661],[ 1.64264091 16.43417093],[-0.01712697 -0.04894235]
2233,2.233999999999865,[0.11592143 5.86966281],[-0.11526342 -3.4218039 ],[ 1.62976357 16.29271535],[-0.0172265  -0.04979321]
2234,2.234999999999865,[0.11580778 5.86625716],[-0.11364647 -3.40565184],[ 1.61694354 16.15205727],[-0.01732555 -0.05063893]
2235,2.2359999999998648,[0.11569574 5.86286752],[-0.11204229 -3.38963963],[ 1.60418289 16.01220903],[-0.01742411 -0.05147956]
2236,2.2369999999998647,[0.11558529 5.85949375],[-0.11045081 -3.37376645],[ 1.59148357 15.87318203],[-0.01752219 -0.05231512]
2237,2.2379999999998645,[0.11547642 5.85613572],[-0.10887196 -3.35803146],[ 1.5788474  15.73498678],[-0.01761979 -0.05314562]
2238,2.2389999999998644,[0.11536911 5.85279328],[-0.10730568 -3.34243383],[ 1.56627611 15.59763293],[-0.01771691 -0.05397111]
2239,2.2399999999998643,[0.11526336 5.84946631],[-0.10575191 -3.3269727 ],[ 1.55377132 15.46112933],[-0.01781355 -0.0547916 ]
2240,2.240999999999864,[0.11515915 5.84615466],[-0.10421058 -3.31164722],[ 1.54133455 15.32548403],[-0.01790972 -0.05560714]
2241,2.241999999999864,[0.11505647 5.84285821],[-0.10268161 -3.29645651],[ 1.52896724 15.19070434],[-0.01800542 -0.05641773]
2242,2.242999999999864,[0.1149553  5.83957681],[-0.10116494 -3.28139972],[ 1.51667071 15.05679685],[-0.01810065 -0.05722342]
2243,2.243999999999864,[0.11485564 5.83631033],[-0.09966049 -3.26647595],[ 1.50444621 14.92376746],[-0.01819541 -0.05802424]
2244,2.2449999999998638,[0.11475747 5.83305865],[-0.0981682  -3.25168433],[ 1.49229492 14.79162141],[-0.01828971 -0.05882021]
2245,2.2459999999998637,[0.11466079 5.82982162],[-0.09668798 -3.23702396],[ 1.48021789 14.66036333],[-0.01838354 -0.05961137]
2246,2.2469999999998636,[0.11456557 5.82659913],[-0.09521976 -3.22249397],[ 1.46821615 14.52999722],[-0.01847691 -0.06039774]
2247,2.2479999999998634,[0.1144718  5.82339104],[-0.09376347 -3.20809344],[ 1.45629062 14.40052653],[-0.01856983 -0.06117936]
2248,2.2489999999998633,[0.11437948 5.82019721],[-0.09231903 -3.19382149],[ 1.44444214 14.27195416],[-0.01866228 -0.06195626]
2249,2.249999999999863,[0.1142886  5.81701754],[-0.09088636 -3.1796772 ],[ 1.43267152 14.14428247],[-0.01875429 -0.06272847]
2250,2.250999999999863,[0.11419913 5.81385188],[-0.08946538 -3.16565969],[ 1.42097946 14.01751335],[-0.01884585 -0.06349602]
2251,2.251999999999863,[0.11411108 5.81070011],[-0.08805601 -3.15176804],[ 1.40936663 13.89164819],[-0.01893696 -0.06425895]
2252,2.252999999999863,[0.11402442 5.80756211],[-0.08665818 -3.13800135],[ 1.39783362 13.76668793],[-0.01902762 -0.06501729]
2253,2.253999999999863,[0.11393915 5.80443775],[-0.0852718  -3.12435872],[ 1.38638097 13.64263311],[-0.01911785 -0.06577107]
2254,2.2549999999998627,[0.11385525 5.80132691],[-0.08389679 -3.11083924],[ 1.37500916 13.51948381],[-0.01920763 -0.06652031]
2255,2.2559999999998626,[0.11377272 5.79822947],[-0.08253307 -3.097442  ],[ 1.36371862 13.39723976],[-0.01929698 -0.06726507]
2256,2.2569999999998624,[0.11369154 5.7951453 ],[-0.08118056 -3.0841661 ],[ 1.35250973 13.27590029],[-0.0193859  -0.06800536]
2257,2.2579999999998623,[0.1136117  5.79207429],[-0.07983918 -3.07101063],[ 1.3413828  13.15546441],[-0.01947438 -0.06874122]
2258,2.2589999999998622,[0.11353319 5.78901632],[-0.07850884 -3.0579747 ],[ 1.33033814 13.03593077],[-0.01956244 -0.06947268]
2259,2.259999999999862,[0.113456   5.78597126],[-0.07718946 -3.0450574 ],[ 1.31937596 12.91729771],[-0.01965008 -0.07019978]
2260,2.260999999999862,[0.11338012 5.782939  ],[-0.07588097 -3.03225784],[ 1.30849647 12.79956327],[-0.01973729 -0.07092255]
2261,2.261999999999862,[0.11330553 5.77991943],[-0.07458327 -3.01957512],[ 1.29769982 12.6827252 ],[-0.01982409 -0.07164102]
2262,2.262999999999862,[0.11323224 5.77691242],[-0.07329628 -3.00700833],[ 1.28698612 12.56678099],[-0.01991047 -0.07235522]
2263,2.2639999999998617,[0.11316022 5.77391786],[-0.07201993 -2.99455661],[ 1.27635545 12.45172787],[-0.01999644 -0.07306519]
2264,2.2649999999998616,[0.11308946 5.77093564],[-0.07075412 -2.98221904],[ 1.26580785 12.33756283],[-0.020082   -0.07377097]
2265,2.2659999999998615,[0.11301996 5.76796565],[-0.06949878 -2.96999476],[ 1.25534333 12.22428262],[-0.02016716 -0.07447257]
2266,2.2669999999998613,[0.11295171 5.76500777],[-0.06825381 -2.95788288],[ 1.24496186 12.11188379],[-0.02025191 -0.07517004]
2267,2.2679999999998612,[0.11288469 5.76206188],[-0.06701915 -2.94588251],[ 1.2346634 12.0003627],[-0.02033626 -0.0758634 ]
2268,2.268999999999861,[0.1128189  5.75912789],[-0.0657947 -2.9339928],[ 1.22444785 11.88971548],[-0.02042022 -0.0765527 ]
2269,2.269999999999861,[0.11275432 5.75620568],[-0.06458039 -2.92221286],[ 1.21431511 11.77993811],[-0.02050378 -0.07723796]
2270,2.270999999999861,[0.11269094 5.75329513],[-0.06337612 -2.91054183],[ 1.20426504 11.67102641],[-0.02058695 -0.07791921]
2271,2.271999999999861,[0.11262876 5.75039616],[-0.06218182 -2.89897886],[ 1.19429746 11.56297601],[-0.02066974 -0.07859649]
2272,2.2729999999998607,[0.11256776 5.74750863],[-0.06099741 -2.88752308],[ 1.18441221 11.45578243],[-0.02075214 -0.07926983]
2273,2.2739999999998606,[0.11250794 5.74463246],[-0.0598228  -2.87617364],[ 1.17460906 11.34944102],[-0.02083416 -0.07993925]
2274,2.2749999999998605,[0.11244928 5.74176753],[-0.05865792 -2.86492969],[ 1.16488779 11.24394701],[-0.02091581 -0.0806048 ]
2275,2.2759999999998604,[0.11239178 5.73891374],[-0.05750267 -2.85379039],[ 1.15524814 11.13929553],[-0.02099708 -0.0812665 ]
2276,2.2769999999998602,[0.11233542 5.73607098],[-0.05635698 -2.84275491],[ 1.14568985 11.03548158],[-0.02107797 -0.08192439]
2277,2.27799999999986,[0.1122802  5.73323916],[-0.05522077 -2.83182241],[ 1.13621262 10.93250006],[-0.0211585  -0.08257849]
2278,2.27899999999986,[0.11222611 5.73041817],[-0.05409395 -2.82099207],[ 1.12681616 10.83034576],[-0.02123867 -0.08322884]
2279,2.27999999999986,[0.11217313 5.72760791],[-0.05297645 -2.81026305],[ 1.11750013 10.72901342],[-0.02131847 -0.08387546]
2280,2.28099999999986,[0.11212126 5.72480827],[-0.05186818 -2.79963455],[ 1.10826421 10.62849765],[-0.02139791 -0.0845184 ]
2281,2.2819999999998597,[0.11207049 5.72201917],[-0.05076908 -2.78910576],[ 1.09910804 10.52879304],[-0.021477   -0.08515767]
2282,2.2829999999998596,[0.11202081 5.71924049],[-0.04967905 -2.77867587],[ 1.09003125 10.42989405],[-0.02155573 -0.08579331]
2283,2.2839999999998595,[0.11197222 5.71647215],[-0.04859801 -2.76834407],[ 1.08103348 10.33179514],[-0.02163411 -0.08642535]
2284,2.2849999999998594,[0.11192469 5.71371404],[-0.0475259  -2.75810958],[ 1.07211432 10.23449067],[-0.02171215 -0.08705382]
2285,2.2859999999998593,[0.11187823 5.71096607],[-0.04646262 -2.74797161],[ 1.06327338 10.13797497],[-0.02178984 -0.08767874]
2286,2.286999999999859,[0.11183282 5.70822814],[-0.04540811 -2.73792936],[ 1.05451025 10.04224231],[-0.02186719 -0.08830016]
2287,2.287999999999859,[0.11178846 5.70550015],[-0.04436229 -2.72798208],[1.04582451 9.94728694],[-0.0219442  -0.08891809]
2288,2.288999999999859,[0.11174513 5.70278203],[-0.04332507 -2.71812897],[1.03721572 9.85310306],[-0.02202088 -0.08953257]
2289,2.289999999999859,[0.11170283 5.70007366],[-0.04229639 -2.70836929],[1.02868345 9.75968485],[-0.02209722 -0.09014362]
2290,2.2909999999998587,[0.11166156 5.69737495],[-0.04127616 -2.69870226],[1.02022724 9.66702645],[-0.02217324 -0.09075127]
2291,2.2919999999998586,[0.11162129 5.69468583],[-0.04026432 -2.68912714],[1.01184666 9.57512199],[-0.02224893 -0.09135556]
2292,2.2929999999998585,[0.11158203 5.69200618],[-0.03926078 -2.67964317],[1.00354123 9.48396557],[-0.0223243 -0.0919565]
2293,2.2939999999998584,[0.11154377 5.68933593],[-0.03826546 -2.67024962],[0.9953105 9.3935513],[-0.02239934 -0.09255414]
2294,2.2949999999998583,[0.11150649 5.68667499],[-0.03727831 -2.66094575],[0.98715397 9.30387325],[-0.02247407 -0.09314848]
2295,2.295999999999858,[0.11147019 5.68402326],[-0.03629924 -2.65173082],[0.97907119 9.2149255 ],[-0.02254849 -0.09373958]
2296,2.296999999999858,[0.11143486 5.68138065],[-0.03532818 -2.64260412],[0.97106167 9.12670212],[-0.02262259 -0.09432744]
2297,2.297999999999858,[0.1114005  5.67874709],[-0.03436505 -2.63356493],[0.96312491 9.03919719],[-0.02269638 -0.0949121 ]
2298,2.298999999999858,[0.11136709 5.67612248],[-0.03340979 -2.62461252],[0.95526043 8.95240478],[-0.02276987 -0.09549358]
2299,2.2999999999998577,[0.11133463 5.67350673],[-0.03246232 -2.6157462 ],[0.94746773 8.86631896],[-0.02284306 -0.09607191]
2300,2.3009999999998576,[0.1113031  5.67089976],[-0.03152258 -2.60696527],[0.93974632 8.78093382],[-0.02291594 -0.09664713]
2301,2.3019999999998575,[0.11127251 5.66830149],[-0.03059048 -2.59826902],[0.9320957  8.69624346],[-0.02298853 -0.09721924]
2302,2.3029999999998574,[0.11124285 5.66571184],[-0.02966597 -2.58965678],[0.92451536 8.61224199],[-0.02306082 -0.09778828]
2303,2.3039999999998573,[0.1112141  5.66313071],[-0.02874896 -2.58112786],[0.91700479 8.52892352],[-0.02313282 -0.09835428]
2304,2.304999999999857,[0.11118626 5.66055803],[-0.0278394  -2.57268158],[0.9095635 8.4462822],[-0.02320453 -0.09891726]
2305,2.305999999999857,[0.11115932 5.65799371],[-0.02693721 -2.56431726],[0.90219097 8.36431218],[-0.02327595 -0.09947724]
2306,2.306999999999857,[0.11113328 5.65543768],[-0.02604232 -2.55603426],[0.89488669 8.28300764],[-0.02334709 -0.10003426]
2307,2.307999999999857,[0.11110812 5.65288985],[-0.02515467 -2.54783189],[0.88765016 8.20236279],[-0.02341795 -0.10058832]
2308,2.3089999999998567,[0.11108385 5.65035014],[-0.02427419 -2.53970952],[0.88048086 8.12237184],[-0.02348853 -0.10113947]
2309,2.3099999999998566,[0.11106045 5.64781847],[-0.02340081 -2.53166649],[0.87337828 8.04302904],[-0.02355883 -0.10168773]
2310,2.3109999999998565,[0.11103791 5.64529477],[-0.02253447 -2.52370216],[0.86634191 7.96432867],[-0.02362886 -0.10223311]
2311,2.3119999999998564,[0.11101624 5.64277895],[-0.0216751 -2.5158159],[0.85937124 7.88626504],[-0.02369862 -0.10277564]
2312,2.3129999999998563,[0.11099542 5.64027094],[-0.02082263 -2.50800707],[0.85246576 7.80883247],[-0.02376811 -0.10331535]
2313,2.313999999999856,[0.11097544 5.63777067],[-0.01997701 -2.50027504],[0.84562495 7.73202533],[-0.02383734 -0.10385226]
2314,2.314999999999856,[0.1109563  5.63527805],[-0.01913816 -2.4926192 ],[0.83884831 7.65583802],[-0.0239063  -0.10438639]
2315,2.315999999999856,[0.110938   5.63279301],[-0.01830602 -2.48503894],[0.83213533 7.58026496],[-0.023975   -0.10491777]
2316,2.316999999999856,[0.11092051 5.63031548],[-0.01748054 -2.47753364],[0.8254855  7.50530061],[-0.02404344 -0.10544641]
2317,2.3179999999998557,[0.11090385 5.62784537],[-0.01666164 -2.4701027 ],[0.81889831 7.43093948],[-0.02411163 -0.10597235]
2318,2.3189999999998556,[0.110888   5.62538263],[-0.01584927 -2.46274552],[0.81237326 7.35717609],[-0.02417956 -0.10649559]
2319,2.3199999999998555,[0.11087296 5.62292717],[-0.01504336 -2.45546152],[0.80590985 7.284005  ],[-0.02424724 -0.10701618]
2320,2.3209999999998554,[0.11085872 5.62047892],[-0.01424385 -2.4482501 ],[0.79950757 7.21142083],[-0.02431468 -0.10753412]
2321,2.3219999999998553,[0.11084527 5.61803781],[-0.01345068 -2.44111068],[0.79316592 7.13941822],[-0.02438186 -0.10804944]
2322,2.322999999999855,[0.1108326  5.61560376],[-0.0126638  -2.43404269],[0.78688441 7.06799184],[-0.02444881 -0.10856216]
2323,2.323999999999855,[0.11082072 5.61317672],[-0.01188314 -2.42704555],[0.78066254 6.99713642],[-0.02451551 -0.10907231]
2324,2.324999999999855,[0.11080961 5.6107566 ],[-0.01110864 -2.4201187 ],[0.77449981 6.92684671],[-0.02458197 -0.10957989]
2325,2.325999999999855,[0.11079927 5.60834334],[-0.01034024 -2.41326159],[0.76839573 6.8571175 ],[-0.0246482  -0.11008494]
2326,2.3269999999998547,[0.11078969 5.60593686],[-0.00957789 -2.40647364],[0.76234981 6.78794364],[-0.02471419 -0.11058748]
2327,2.3279999999998546,[0.11078087 5.60353711],[-0.00882153 -2.39975432],[0.75636158 6.71932   ],[-0.02477995 -0.11108752]
2328,2.3289999999998545,[0.1107728  5.60114401],[-0.0080711  -2.39310308],[0.75043053 6.6512415 ],[-0.02484548 -0.11158508]
2329,2.3299999999998544,[0.11076547 5.59875749],[-0.00732654 -2.38651938],[0.74455619 6.5837031 ],[-0.02491079 -0.11208019]
2330,2.3309999999998543,[0.11075889 5.59637749],[-0.00658781 -2.38000268],[0.73873808 6.51669979],[-0.02497586 -0.11257287]
2331,2.331999999999854,[0.11075297 5.59400367],[-0.00591656 -2.37381206],[0.6712485  6.19061762],[-0.02504072 -0.11306313]
2332,2.332999999999854,[0.11074766 5.59163575],[-0.00530771 -2.3679213 ],[0.60884332 5.89076036],[-0.02510226 -0.11353799]
2333,2.333999999999854,[0.11074291 5.58927345],[-0.00475547 -2.3623016 ],[0.55224739 5.61970151],[-0.02516074 -0.11399873]
2334,2.334999999999854,[0.11073865 5.58691652],[-0.00425455 -2.35692694],[0.50091826 5.37465481],[-0.02521643 -0.11444676]
2335,2.3359999999998537,[0.11073485 5.58456475],[-0.00380018 -2.35177384],[0.45436423 5.15310005],[-0.0252696  -0.11488335]
2336,2.3369999999998536,[0.11073146 5.58221793],[-0.00338804 -2.34682109],[0.41213963 4.95275771],[-0.02532049 -0.11530967]
2337,2.3379999999998535,[0.11072845 5.57987588],[-0.0030142  -2.34204952],[0.37384046 4.77156596],[-0.02536929 -0.11572674]
2338,2.3389999999998534,[0.11072577 5.57753844],[-0.0026751  -2.33744186],[0.33910054 4.60765985],[-0.02541622 -0.11613552]
2339,2.3399999999998533,[0.11072341 5.57520545],[-0.00236752 -2.33298251],[0.3075879  4.45935258],[-0.02546143 -0.11653684]
2340,2.340999999999853,[0.11072132 5.5728768 ],[-2.08851354e-03 -2.32865739e+00],[0.27900162 4.32511843],[-0.02550509 -0.11693147]
2341,2.341999999999853,[0.1107195 5.5705524],[-1.82091926e-03 -2.32439392e+00],[0.26759428 4.26347351],[-0.02554735 -0.1173201 ]
2342,2.342999999999853,[0.11071794 5.56823225],[-1.55567732e-03 -2.32015435e+00],[0.26524194 4.23956989],[-0.02558906 -0.11770635]
2343,2.343999999999853,[0.11071665 5.56591631],[-1.29279589e-03 -2.31593890e+00],[0.26288144 4.21544541],[-0.02563066 -0.11809212]
2344,2.3449999999998528,[0.11071562 5.56360456],[-1.03228239e-03 -2.31174779e+00],[0.26051349 4.19110857],[-0.02567217 -0.11847737]
2345,2.3459999999998526,[0.11071484 5.56129698],[-7.74143588e-04 -2.30758122e+00],[0.25813881 4.16656767],[-0.02571359 -0.11886211]
2346,2.3469999999998525,[0.11071432 5.55899354],[-5.18385527e-04 -2.30343939e+00],[0.25575806 4.14183082],[-0.0257549  -0.11924632]
2347,2.3479999999998524,[0.11071406 5.55669422],[-2.65013606e-04 -2.29932249e+00],[0.25337192 4.11690592],[-0.02579611 -0.11962998]
2348,2.3489999999998523,[0.11071404 5.55439899],[-1.40325731e-05 -2.29523069e+00],[0.25098103 4.09180067],[-0.02583722 -0.12001308]
2349,2.349999999999852,[0.11071428 5.55210782],[ 2.34553449e-04 -2.29116416e+00],[0.24858602 4.06652259],[-0.02587823 -0.12039561]
2350,2.350999999999852,[0.11071476 5.5498207 ],[ 4.80740951e-04 -2.28712309e+00],[0.2461875 4.041079 ],[-0.02591914 -0.12077757]
2351,2.351999999999852,[0.11071548 5.54753759],[ 7.24527018e-04 -2.28310761e+00],[0.24378607 4.01547705],[-0.02595995 -0.12115893]
2352,2.352999999999852,[0.11071645 5.54525848],[ 9.65909312e-04 -2.27911788e+00],[0.24138229 3.98972372],[-0.02600066 -0.12153969]
2353,2.3539999999998518,[0.11071765 5.54298332],[ 1.20488606e-03 -2.27515406e+00],[0.23897675 3.96382579],[-0.02604126 -0.12191983]
2354,2.3549999999998517,[0.1107191  5.54071211],[ 1.44145603e-03 -2.27121627e+00],[0.23656997 3.93778989],[-0.02608176 -0.12229936]
2355,2.3559999999998515,[0.11072077 5.5384448 ],[ 1.67561853e-03 -2.26730465e+00],[0.2341625  3.91162249],[-0.02612216 -0.12267824]
2356,2.3569999999998514,[0.11072268 5.53618138],[ 1.90737338e-03 -2.26341932e+00],[0.23175485 3.88532987],[-0.02616245 -0.12305649]
2357,2.3579999999998513,[0.11072482 5.53392182],[ 2.13672091e-03 -2.25956040e+00],[0.22934752 3.85891818],[-0.02620264 -0.12343408]
2358,2.358999999999851,[0.11072718 5.53166609],[ 0.00236366 -2.255728  ],[0.22694101 3.8323934 ],[-0.02624272 -0.12381102]
2359,2.359999999999851,[0.11072977 5.52941417],[ 0.0025882  -2.25192224],[0.22453578 3.80576137],[-0.02628271 -0.12418728]
2360,2.360999999999851,[0.11073258 5.52716603],[ 0.00281033 -2.24814322],[0.2221323  3.77902776],[-0.02632258 -0.12456286]
2361,2.361999999999851,[0.11073561 5.52492164],[ 0.00303006 -2.24439102],[0.21973101 3.75219813],[-0.02636235 -0.12493776]
2362,2.3629999999998508,[0.11073886 5.52268097],[ 0.00324739 -2.24066574],[0.21733235 3.72527786],[-0.02640202 -0.12531197]
2363,2.3639999999998507,[0.11074232 5.520444  ],[ 0.00346233 -2.23696747],[0.21493674 3.69827223],[-0.02644158 -0.12568547]
2364,2.3649999999998506,[0.11074599 5.51821071],[ 0.00367487 -2.23329628],[0.2125446  3.67118636],[-0.02648104 -0.12605826]
2365,2.3659999999998504,[0.11074988 5.51598105],[ 0.00388503 -2.22965226],[0.21015632 3.64402524],[-0.02652039 -0.12643034]
2366,2.3669999999998503,[0.11075397 5.51375502],[ 0.0040928  -2.22603546],[0.20777229 3.61679375],[-0.02655964 -0.12680169]
2367,2.3679999999998502,[0.11075827 5.51153257],[ 0.0042982  -2.22244597],[0.20539288 3.58949661],[-0.02659878 -0.12717232]
2368,2.36899999999985,[0.11076277 5.50931369],[ 0.00450121 -2.21888383],[0.20301845 3.56213846],[-0.02663782 -0.12754221]
2369,2.36999999999985,[0.11076747 5.50709834],[ 0.00470186 -2.2153491 ],[0.20064937 3.53472379],[-0.02667675 -0.12791135]
2370,2.37099999999985,[0.11077237 5.5048865 ],[ 0.00490015 -2.21184185],[0.19828597 3.50725698],[-0.02671558 -0.12827975]
2371,2.37199999999985,[0.11077747 5.50267814],[ 0.00509608 -2.2083621 ],[0.19592859 3.4797423 ],[-0.0267543 -0.1286474]
2372,2.3729999999998497,[0.11078276 5.50047323],[ 0.00528966 -2.20490992],[0.19357755 3.4521839 ],[-0.02679292 -0.12901428]
2373,2.3739999999998496,[0.11078824 5.49827174],[ 0.00548089 -2.20148533],[0.19123315 3.42458584],[-0.02683143 -0.1293804 ]
2374,2.3749999999998495,[0.11079391 5.49607365],[ 0.00566978 -2.19808838],[0.18889572 3.39695204],[-0.02686983 -0.12974575]
2375,2.3759999999998493,[0.11079976 5.49387893],[ 0.00585635 -2.1947191 ],[0.18656553 3.36928634],[-0.02690814 -0.13011033]
2376,2.3769999999998492,[0.11080581 5.49168756],[ 0.00604059 -2.1913775 ],[0.18424287 3.34159248],[-0.02694633 -0.13047413]
2377,2.377999999999849,[0.11081203 5.48949949],[ 0.00622252 -2.18806363],[0.18192802 3.31387409],[-0.02698442 -0.13083714]
2378,2.378999999999849,[0.11081843 5.48731471],[ 0.00640214 -2.18477749],[0.17962125 3.2861347 ],[-0.02702241 -0.13119936]
2379,2.379999999999849,[0.11082501 5.4851332 ],[ 0.00657947 -2.18151912],[0.17732281 3.25837776],[-0.02706029 -0.1315608 ]
2380,2.380999999999849,[0.11083176 5.48295491],[ 0.0067545  -2.17828851],[0.17503296 3.23060662],[-0.02709807 -0.13192143]
2381,2.3819999999998487,[0.11083869 5.48077982],[ 0.00692725 -2.17508569],[0.17275193 3.20282453],[-0.02713575 -0.13228127]
2382,2.3829999999998486,[0.11084579 5.47860791],[ 0.00709773 -2.17191065],[0.17047996 3.17503465],[-0.02717332 -0.1326403 ]
2383,2.3839999999998485,[0.11085305 5.47643915],[ 0.00726595 -2.16876341],[0.16821728 3.14724008],[-0.02721079 -0.13299852]
2384,2.3849999999998484,[0.11086049 5.4742735 ],[ 0.00743191 -2.16564397],[0.16596411 3.11944381],[-0.02724815 -0.13335593]
2385,2.3859999999998482,[0.11086808 5.47211095],[ 0.00759563 -2.16255232],[0.16372065 3.09164875],[-0.02728541 -0.13371253]
2386,2.386999999999848,[0.11087584 5.46995146],[ 0.00775712 -2.15948846],[0.16148712 3.06385774],[-0.02732257 -0.13406831]
2387,2.387999999999848,[0.11088376 5.46779501],[ 0.00791638 -2.15645239],[0.15926372 3.03607354],[-0.02735962 -0.13442327]
2388,2.388999999999848,[0.11089183 5.46564157],[ 0.00807343 -2.15344409],[0.15705062 3.00829882],[-0.02739658 -0.1347774 ]
2389,2.389999999999848,[0.11090006 5.4634911 ],[ 0.00822828 -2.15046355],[0.15484802 2.98053619],[-0.02743343 -0.13513071]
2390,2.3909999999998477,[0.11090844 5.46134359],[ 0.00838094 -2.14751076],[0.1526561  2.95278816],[-0.02747018 -0.1354832 ]
2391,2.3919999999998476,[0.11091697 5.45919901],[ 0.00853141 -2.14458571],[0.15047502 2.92505722],[-0.02750682 -0.13583485]
2392,2.3929999999998475,[0.11092565 5.45705732],[ 0.00867972 -2.14168836],[0.14830495 2.89734573],[-0.02754337 -0.13618566]
2393,2.3939999999998474,[0.11093448 5.4549185 ],[ 0.00882586 -2.13881871],[0.14614606 2.86965602],[-0.02757982 -0.13653565]
2394,2.3949999999998473,[0.11094345 5.45278252],[ 0.00896986 -2.13597671],[0.1439985  2.84199034],[-0.02761616 -0.13688479]
2395,2.395999999999847,[0.11095256 5.45064936],[ 0.00911172 -2.13316236],[0.14186241 2.81435088],[-0.0276524 -0.1372331]
2396,2.396999999999847,[0.11096181 5.44851898],[ 0.00925146 -2.13037562],[0.13973794 2.78673975],[-0.02768855 -0.13758056]
2397,2.397999999999847,[0.1109712  5.44639137],[ 0.00938909 -2.12761647],[0.13762522 2.75915903],[-0.02772459 -0.13792719]
2398,2.398999999999847,[0.11098072 5.44426648],[ 0.00952461 -2.12488485],[0.13552439 2.7316107 ],[-0.02776054 -0.13827296]
2399,2.3999999999998467,[0.11099038 5.4421443 ],[ 0.00965805 -2.12218076],[0.13343558 2.70409671],[-0.02779639 -0.13861789]
2400,2.4009999999998466,[0.11100017 5.4400248 ],[ 0.00978941 -2.11950414],[0.1313589  2.67661894],[-0.02783214 -0.13896198]
2401,2.4019999999998465,[0.11101009 5.43790794],[ 0.0099187  -2.11685496],[0.12929447 2.64917921],[-0.02786779 -0.13930521]
2402,2.4029999999998464,[0.11102013 5.43579371],[ 0.01004594 -2.11423318],[0.12724242 2.62177929],[-0.02790334 -0.1396476 ]
2403,2.4039999999998463,[0.11103031 5.43368207],[ 0.01017115 -2.11163876],[0.12520283 2.5944209 ],[-0.02793879 -0.13998913]
2404,2.404999999999846,[0.1110406 5.431573 ],[ 0.01029432 -2.10907165],[0.12317583 2.56710569],[-0.02797415 -0.14032981]
2405,2.405999999999846,[0.11105102 5.42946647],[ 0.01041548 -2.10653182],[0.1211615  2.53983528],[-0.02800941 -0.14066964]
2406,2.406999999999846,[0.11106155 5.42736245],[ 0.01053464 -2.10401921],[0.11915995 2.51261122],[-0.02804458 -0.14100862]
2407,2.407999999999846,[0.1110722  5.42526092],[ 0.01065182 -2.10153377],[0.11717126 2.48543503],[-0.02807965 -0.14134674]
2408,2.4089999999998457,[0.11108297 5.42316184],[ 0.01076701 -2.09907546],[0.11519552 2.45830816],[-0.02811463 -0.141684  ]
2409,2.4099999999998456,[0.11109385 5.4210652 ],[ 0.01088024 -2.09664423],[0.11323281 2.43123203],[-0.02814951 -0.14202041]
2410,2.4109999999998455,[0.11110484 5.41897096],[ 0.01099153 -2.09424002],[0.11128321 2.404208  ],[-0.02818429 -0.14235596]
2411,2.4119999999998454,[0.11111594 5.41687909],[ 0.01110087 -2.09186279],[0.1093468 2.3772374],[-0.02821898 -0.14269066]
2412,2.4129999999998453,[0.11112715 5.41478958],[ 0.0112083  -2.08951246],[0.10742365 2.35032151],[-0.02825358 -0.14302449]
2413,2.413999999999845,[0.11113846 5.41270239],[ 0.01131381 -2.087189  ],[0.10551383 2.32346156],[-0.02828809 -0.14335747]
2414,2.414999999999845,[0.11114988 5.4106175 ],[ 0.01141743 -2.08489234],[0.10361739 2.29665875],[-0.0283225  -0.14368959]
2415,2.415999999999845,[0.1111614  5.40853488],[ 0.01151916 -2.08262243],[0.10173441 2.26991423],[-0.02835682 -0.14402086]
2416,2.416999999999845,[0.11117302 5.4064545 ],[ 0.01161903 -2.0803792 ],[0.09986495 2.2432291 ],[-0.02839105 -0.14435126]
2417,2.4179999999998447,[0.11118474 5.40437633],[ 0.01171704 -2.0781626 ],[0.09800904 2.21660445],[-0.02842519 -0.1446808 ]
2418,2.4189999999998446,[0.11119655 5.40230036],[ 0.0118132  -2.07597256],[0.09616676 2.19004131],[-0.02845924 -0.14500949]
2419,2.4199999999998445,[0.11120846 5.40022655],[ 0.01190754 -2.07380901],[0.09433814 2.16354067],[-0.02849319 -0.14533732]
2420,2.4209999999998444,[0.11122046 5.39815488],[ 0.01200006 -2.07167191],[0.09252324 2.13710351],[-0.02852706 -0.14566429]
2421,2.4219999999998443,[0.11123255 5.39608532],[ 0.01209079 -2.06956118],[0.09072209 2.11073073],[-0.02856084 -0.1459904 ]
2422,2.422999999999844,[0.11124473 5.39401784],[ 0.01217972 -2.06747676],[0.08893474 2.08442324],[-0.02859453 -0.14631565]
2423,2.423999999999844,[0.11125699 5.39195242],[ 0.01226688 -2.06541858],[0.08716123 2.05818189],[-0.02862813 -0.14664005]
2424,2.424999999999844,[0.11126935 5.38988904],[ 0.01235228 -2.06338657],[0.08540158 2.0320075 ],[-0.02866164 -0.14696359]
2425,2.425999999999844,[0.11128178 5.38782766],[ 0.01243594 -2.06138067],[0.08365584 2.00590087],[-0.02869507 -0.14728627]
2426,2.4269999999998437,[0.1112943  5.38576826],[ 0.01251786 -2.0594008 ],[0.08192402 1.97986275],[-0.02872841 -0.14760809]
2427,2.4279999999998436,[0.1113069  5.38371081],[ 0.01259807 -2.05744691],[0.08020617 1.95389387],[-0.02876166 -0.14792906]
2428,2.4289999999998435,[0.11131958 5.38165529],[ 0.01267657 -2.05551892],[0.07850231 1.92799493],[-0.02879483 -0.14824917]
2429,2.4299999999998434,[0.11133233 5.37960167],[ 0.01275339 -2.05361675],[0.07681245 1.9021666 ],[-0.02882791 -0.14856843]
2430,2.4309999999998433,[0.11134516 5.37754993],[ 0.01282852 -2.05174034],[0.07513663 1.87640951],[-0.02886091 -0.14888683]
2431,2.431999999999843,[0.11135806 5.37550004],[ 0.012902   -2.04988962],[0.07347485 1.85072429],[-0.02889382 -0.14920437]
2432,2.432999999999843,[0.11137103 5.37345198],[ 0.01297382 -2.0480645 ],[0.07182714 1.8251115 ],[-0.02892665 -0.14952107]
2433,2.433999999999843,[0.11138408 5.37140571],[ 0.01304402 -2.04626493],[0.07019351 1.79957172],[-0.0289594  -0.14983691]
2434,2.434999999999843,[0.11139719 5.36936122],[ 0.01311259 -2.04449083],[0.06857398 1.77410546],[-0.02899206 -0.1501519 ]
2435,2.4359999999998427,[0.11141037 5.36731848],[ 0.01317956 -2.04274211],[0.06696855 1.74871323],[-0.02902465 -0.15046603]
2436,2.4369999999998426,[0.11142361 5.36527746],[ 0.01324494 -2.04101872],[0.06537723 1.72339552],[-0.02905715 -0.15077932]
2437,2.4379999999998425,[0.11143692 5.36323814],[ 0.01330874 -2.03932056],[0.06380003 1.69815278],[-0.02908956 -0.15109175]
2438,2.4389999999998424,[0.11145029 5.36120049],[ 0.01337097 -2.03764758],[0.06223696 1.67298543],[-0.0291219  -0.15140334]
2439,2.4399999999998423,[0.11146373 5.3591645 ],[ 0.01343166 -2.03599969],[0.06068803 1.6478939 ],[-0.02915416 -0.15171408]
2440,2.440999999999842,[0.11147722 5.35713012],[ 0.01349082 -2.03437681],[0.05915322 1.62287855],[-0.02918634 -0.15202397]
2441,2.441999999999842,[0.11149076 5.35509734],[ 0.01354845 -2.03277887],[0.05763255 1.59793976],[-0.02921844 -0.15233301]
2442,2.442999999999842,[0.11150437 5.35306613],[ 0.01360457 -2.03120579],[0.05612601 1.57307787],[-0.02925046 -0.15264121]
2443,2.443999999999842,[0.11151803 5.35103648],[ 0.01365921 -2.0296575 ],[0.05463361 1.54829318],[-0.02928241 -0.15294857]
2444,2.4449999999998417,[0.11153174 5.34900834],[ 0.01371236 -2.02813391],[0.05315533 1.52358602],[-0.02931427 -0.15325508]
2445,2.4459999999998416,[0.1115455  5.34698171],[ 0.01376405 -2.02663495],[0.05169117 1.49895664],[-0.02934606 -0.15356075]
2446,2.4469999999998415,[0.11155932 5.34495655],[ 0.0138143  -2.02516055],[0.05024113 1.47440532],[-0.02937778 -0.15386557]
2447,2.4479999999998414,[0.11157318 5.34293284],[ 0.0138631  -2.02371062],[0.0488052  1.44993228],[-0.02940942 -0.15416956]
2448,2.4489999999998413,[0.11158709 5.34091055],[ 0.01391048 -2.02228508],[0.04738337 1.42553776],[-0.02944098 -0.15447271]
2449,2.449999999999841,[0.11160105 5.33888967],[ 0.01395646 -2.02088386],[0.04597563 1.40122194],[-0.02947247 -0.15477502]
2450,2.450999999999841,[0.11161505 5.33687016],[ 0.01400104 -2.01950687],[0.04458196 1.37698503],[-0.02950388 -0.15507649]
2451,2.451999999999841,[0.11162909 5.33485201],[ 0.01404424 -2.01815404],[0.04320236 1.35282717],[-0.02953522 -0.15537713]
2452,2.452999999999841,[0.11164318 5.33283518],[ 0.01408608 -2.0168253 ],[0.04183681 1.32874853],[-0.02956649 -0.15567693]
2453,2.4539999999998408,[0.11165731 5.33081966],[ 0.01412657 -2.01552055],[0.0404853  1.30474923],[-0.02959768 -0.15597589]
2454,2.4549999999998406,[0.11167147 5.32880542],[ 0.01416571 -2.01423972],[0.03914781 1.28082938],[-0.02962881 -0.15627403]
2455,2.4559999999998405,[0.11168568 5.32679244],[ 0.01420354 -2.01298273],[0.03782433 1.2569891 ],[-0.02965986 -0.15657133]
2456,2.4569999999998404,[0.11169992 5.32478069],[ 0.01424005 -2.0117495 ],[0.03651483 1.23322846],[-0.02969084 -0.15686781]
2457,2.4579999999998403,[0.11171419 5.32277015],[ 0.01427527 -2.01053995],[0.0352193  1.20954753],[-0.02972175 -0.15716345]
2458,2.45899999999984,[0.1117285  5.32076079],[ 0.01430921 -2.00935401],[0.03393772 1.18594637],[-0.02975259 -0.15745827]
2459,2.45999999999984,[0.11174284 5.3187526 ],[ 0.01434188 -2.00819158],[0.03267007 1.16242501],[-0.02978337 -0.15775226]
2460,2.46099999999984,[0.11175722 5.31674555],[ 0.0143733 -2.0070526],[0.03141632 1.13898349],[-0.02981407 -0.15804542]
2461,2.46199999999984,[0.11177162 5.31473961],[ 0.01440347 -2.00593698],[0.03017646 1.1156218 ],[-0.02984471 -0.15833776]
2462,2.4629999999998398,[0.11178605 5.31273477],[ 0.01443242 -2.00484464],[0.02895047 1.09233996],[-0.02987527 -0.15862928]
2463,2.4639999999998397,[0.11180051 5.31073099],[ 0.01446016 -2.0037755 ],[0.02773831 1.06913794],[-0.02990578 -0.15891998]
2464,2.4649999999998395,[0.111815   5.30872826],[ 0.0144867  -2.00272948],[0.02653997 1.04601571],[-0.02993621 -0.15920986]
2465,2.4659999999998394,[0.11182951 5.30672656],[ 0.01451206 -2.00170651],[0.02535541 1.02297324],[-0.02996658 -0.15949891]
2466,2.4669999999998393,[0.11184405 5.30472585],[ 0.01453624 -2.0007065 ],[0.02418463 1.00001047],[-0.02999689 -0.15978715]
2467,2.467999999999839,[0.11185861 5.30272612],[ 0.01455927 -1.99972937],[0.02302758 0.97712733],[-0.03002712 -0.16007458]
2468,2.468999999999839,[0.11187319 5.30072735],[ 0.01458115 -1.99877505],[0.02188424 0.95432376],[-0.0300573  -0.16036119]
2469,2.469999999999839,[0.11188779 5.2987295 ],[ 0.01460191 -1.99784345],[0.02075458 0.93159965],[-0.03008741 -0.16064698]
2470,2.470999999999839,[0.11190241 5.29673257],[ 0.01462155 -1.99693449],[0.01963858 0.90895491],[-0.03011746 -0.16093196]
2471,2.4719999999998388,[0.11191705 5.29473652],[ 0.01464008 -1.9960481 ],[0.01853621 0.88638944],[-0.03014745 -0.16121614]
2472,2.4729999999998387,[0.11193171 5.29274134],[ 0.01465753 -1.9951842 ],[0.01744744 0.8639031 ],[-0.03017737 -0.1614995 ]
2473,2.4739999999998386,[0.11194638 5.29074699],[ 0.0146739 -1.9943427],[0.01637224 0.84149577],[-0.03020723 -0.16178205]
2474,2.4749999999998384,[0.11196107 5.28875347],[ 0.01468921 -1.99352354],[0.01531057 0.8191673 ],[-0.03023704 -0.1620638 ]
2475,2.4759999999998383,[0.11197578 5.28676074],[ 0.01470348 -1.99272662],[0.01426242 0.79691755],[-0.03026678 -0.16234474]
2476,2.476999999999838,[0.11199049 5.28476879],[ 0.0147167  -1.99195187],[0.01322774 0.77474634],[-0.03029646 -0.16262488]
2477,2.477999999999838,[0.11200522 5.28277759],[ 0.01472891 -1.99119922],[0.01220651 0.75265352],[-0.03032608 -0.16290421]
2478,2.478999999999838,[0.11201996 5.28078712],[ 0.01474011 -1.99046858],[0.01119869 0.7306389 ],[-0.03035565 -0.16318274]
2479,2.479999999999838,[0.11203471 5.27879736],[ 0.01475031 -1.98975988],[0.01020426 0.70870229],[-0.03038515 -0.16346047]
2480,2.480999999999838,[0.11204947 5.27680829],[ 0.01475954 -1.98907303],[0.00922318 0.6868435 ],[-0.0304146 -0.1637374]
2481,2.4819999999998377,[0.11206424 5.27481988],[ 0.01476779 -1.98840797],[0.00825542 0.66506231],[-0.030444   -0.16401353]
2482,2.4829999999998376,[0.11207901 5.27283212],[ 0.01477509 -1.98776461],[0.00730094 0.64335851],[-0.03047333 -0.16428887]
2483,2.4839999999998374,[0.1120938  5.27084498],[ 0.01478145 -1.98714288],[0.00635971 0.62173189],[-0.03050261 -0.16456341]
2484,2.4849999999998373,[0.11210858 5.26885843],[ 0.01478688 -1.9865427 ],[0.00543171 0.6001822 ],[-0.03053183 -0.16483716]
2485,2.4859999999998372,[0.11212337 5.26687247],[ 0.0147914  -1.98596399],[0.00451689 0.57870922],[-0.030561   -0.16511011]
2486,2.486999999999837,[0.11213817 5.26488706],[ 0.01479502 -1.98540668],[0.00361521 0.55731269],[-0.03059012 -0.16538228]
2487,2.487999999999837,[0.11215297 5.26290219],[ 0.01479774 -1.98487069],[0.00272666 0.53599236],[-0.03061918 -0.16565365]
2488,2.488999999999837,[0.11216777 5.26091784],[ 0.01479959 -1.98435594],[0.00185119 0.51474797],[-0.03064819 -0.16592423]
2489,2.489999999999837,[0.11218257 5.25893397],[ 0.01480058 -1.98386236],[0.00098876 0.49357926],[-0.03067715 -0.16619403]
2490,2.4909999999998367,[0.11219737 5.25695058],[ 0.01480072 -1.98338987],[1.39348616e-04 4.72485940e-01],[-0.03070605 -0.16646304]
2491,2.4919999999998366,[0.11221217 5.25496764],[ 0.01480002 -1.9829384 ],[-0.00069709  0.45146774],[-0.0307349  -0.16673126]
2492,2.4929999999998365,[0.11222697 5.25298514],[ 0.0147985  -1.98250788],[-0.00152058  0.43052437],[-0.03076371 -0.1669987 ]
2493,2.4939999999998363,[0.11224176 5.25100304],[ 0.01479617 -1.98209822],[-0.00233116  0.40965554],[-0.03079246 -0.16726536]
2494,2.4949999999998362,[0.11225655 5.24902133],[ 0.01479304 -1.98170936],[-0.00312888  0.38886094],[-0.03082116 -0.16753124]
2495,2.495999999999836,[0.11227134 5.24703999],[ 0.01478913 -1.98134122],[-0.00391375  0.36814027],[-0.03084981 -0.16779633]
2496,2.496999999999836,[0.11228613 5.24505899],[ 0.01478444 -1.98099373],[-0.00468583  0.34749322],[-0.03087842 -0.16806065]
2497,2.497999999999836,[0.11230091 5.24307833],[ 0.014779   -1.98066681],[-0.00544514  0.32691947],[-0.03090697 -0.16832419]
2498,2.498999999999836,[0.11231568 5.24109797],[ 0.01477281 -1.98036039],[-0.00619172  0.30641869],[-0.03093548 -0.16858695]
2499,2.4999999999998357,[0.11233045 5.23911789],[ 0.01476588 -1.9800744 ],[-0.0069256   0.28599056],[-0.03096394 -0.16884894]
2500,2.5009999999998356,[0.1123452  5.23713808],[ 0.01475824 -1.97980877],[-0.00764683  0.26563475],[-0.03099235 -0.16911015]
2501,2.5019999999998355,[0.11235995 5.23515852],[ 0.01474988 -1.97956342],[-0.00835543  0.2453509 ],[-0.03102072 -0.16937059]
2502,2.5029999999998354,[0.1123747  5.23317918],[ 0.01474083 -1.97933828],[-0.00905145  0.22513869],[-0.03104905 -0.16963026]
2503,2.5039999999998352,[0.11238943 5.23120005],[ 0.01473109 -1.97913328],[-0.00973492  0.20499776],[-0.03107732 -0.16988916]
2504,2.504999999999835,[0.11240415 5.2292211 ],[ 0.01472069 -1.97894835],[-0.01040588  0.18492776],[-0.03110556 -0.17014729]
2505,2.505999999999835,[0.11241886 5.22724232],[ 0.01470962 -1.97878342],[-0.01106435  0.16492832],[-0.03113375 -0.17040465]
2506,2.506999999999835,[0.11243355 5.22526368],[ 0.01469791 -1.97863842],[-0.01171038  0.14499909],[-0.03116189 -0.17066124]
2507,2.507999999999835,[0.11244824 5.22328517],[ 0.01468557 -1.97851328],[-0.01234401  0.12513969],[-0.03119    -0.17091707]
2508,2.5089999999998347,[0.11246291 5.22130676],[ 0.0146726  -1.97840793],[-0.01296526  0.10534976],[-0.03121806 -0.17117213]
2509,2.5099999999998346,[0.11247757 5.21932843],[ 0.01465903 -1.97832231],[-0.01357418  0.08562891],[-0.03124608 -0.17142643]
2510,2.5109999999998345,[0.11249222 5.21735018],[ 0.01464486 -1.97825633],[-0.0141708   0.06597678],[-0.03127406 -0.17167997]
2511,2.5119999999998344,[0.11250685 5.21537197],[ 0.0146301  -1.97820994],[-0.01475515  0.04639297],[-0.031302   -0.17193274]
2512,2.5129999999998343,[0.11252146 5.21339379],[ 0.01461478 -1.97818306],[-0.01532728  0.02687709],[-0.03132989 -0.17218475]
2513,2.513999999999834,[0.11253606 5.21141561],[ 0.01459889 -1.97817563],[-0.01588721  0.00742876],[-0.03135775 -0.17243601]
2514,2.514999999999834,[0.11255064 5.20943742],[ 0.01458245 -1.97818758],[-0.01643498 -0.01195242],[-0.03138557 -0.1726865 ]
2515,2.515999999999834,[0.11256521 5.2074592 ],[ 0.01456548 -1.97821885],[-0.01697064 -0.03126685],[-0.03141335 -0.17293624]
2516,2.516999999999834,[0.11257976 5.20548093],[ 0.01454799 -1.97826936],[-0.0174942  -0.05051494],[-0.0314411  -0.17318522]
2517,2.5179999999998337,[0.11259429 5.2035026 ],[ 0.01452998 -1.97833906],[-0.01800571 -0.06969708],[-0.0314688  -0.17343344]
2518,2.5189999999998336,[0.1126088  5.20152417],[ 0.01451148 -1.97842788],[-0.01850521 -0.0888137 ],[-0.03149647 -0.17368091]
2519,2.5199999999998335,[0.11262329 5.19954563],[ 0.01449249 -1.97853574],[-0.01899272 -0.10786519],[-0.0315241  -0.17392763]
2520,2.5209999999998334,[0.11263776 5.19756697],[ 0.01447302 -1.97866259],[-0.01946828 -0.12685199],[-0.0315517  -0.17417359]
2521,2.5219999999998333,[0.11265222 5.19558816],[ 0.01445309 -1.97880837],[-0.01993193 -0.14577449],[-0.03157926 -0.1744188 ]
2522,2.522999999999833,[0.11266665 5.19360919],[ 0.0144327 -1.978973 ],[-0.0203837  -0.16463314],[-0.03160679 -0.17466326]
2523,2.523999999999833,[0.11268106 5.19163003],[ 0.01441188 -1.97915643],[-0.02082363 -0.18342835],[-0.03163428 -0.17490697]
2524,2.524999999999833,[0.11269545 5.18965067],[ 0.01439063 -1.97935859],[-0.02125174 -0.20216054],[-0.03166174 -0.17514994]
2525,2.525999999999833,[0.11270982 5.18767109],[ 0.01436896 -1.97957942],[-0.02166808 -0.22083016],[-0.03168917 -0.17539215]
2526,2.5269999999998327,[0.11272417 5.18569127],[ 0.01434689 -1.97981886],[-0.02207268 -0.23943762],[-0.03171656 -0.17563361]
2527,2.5279999999998326,[0.11273849 5.1837112 ],[ 0.01432442 -1.98007684],[-0.02246556 -0.25798338],[-0.03174392 -0.17587433]
2528,2.5289999999998325,[0.11275279 5.18173084],[ 0.01430157 -1.98035331],[-0.02284677 -0.27646786],[-0.03177125 -0.17611431]
2529,2.5299999999998324,[0.11276707 5.1797502 ],[ 0.01427836 -1.9806482 ],[-0.02321634 -0.2948915 ],[-0.03179855 -0.17635353]
2530,2.5309999999998323,[0.11278133 5.17776923],[ 0.01425478 -1.98096145],[-0.02357429 -0.31325475],[-0.03182582 -0.17659202]
2531,2.531999999999832,[0.11279556 5.17578794],[ 0.01423086 -1.98129301],[-0.02392067 -0.33155806],[-0.03185306 -0.17682976]
2532,2.532999999999832,[0.11280976 5.1738063 ],[ 0.01420661 -1.98164281],[-0.0242555  -0.34980186],[-0.03188027 -0.17706676]
2533,2.533999999999832,[0.11282395 5.17182429],[ 0.01418203 -1.9820108 ],[-0.02457882 -0.36798661],[-0.03190745 -0.17730301]
2534,2.534999999999832,[0.1128381  5.16984189],[ 0.01415714 -1.98239691],[-0.02489066 -0.38611277],[-0.0319346  -0.17753853]
2535,2.5359999999998317,[0.11285224 5.16785909],[ 0.01413195 -1.98280109],[-0.02519105 -0.40418078],[-0.03196172 -0.1777733 ]
2536,2.5369999999998316,[0.11286634 5.16587587],[ 0.01410647 -1.98322329],[-0.02548002 -0.42219109],[-0.03198882 -0.17800734]
2537,2.5379999999998315,[0.11288042 5.1638922 ],[ 0.01408071 -1.98366343],[-0.02575761 -0.44014418],[-0.03201589 -0.17824063]
2538,2.5389999999998314,[0.11289448 5.16190808],[ 0.01405468 -1.98412147],[-0.02602384 -0.45804048],[-0.03204293 -0.17847319]
2539,2.5399999999998313,[0.11290851 5.15992348],[ 0.01402841 -1.98459735],[-0.02627875 -0.47588048],[-0.03206995 -0.17870501]
2540,2.540999999999831,[0.11292251 5.15793839],[ 0.01400188 -1.98509102],[-0.02652237 -0.49366463],[-0.03209694 -0.17893609]
2541,2.541999999999831,[0.11293648 5.15595279],[ 0.01397513 -1.98560241],[-0.02675472 -0.51139339],[-0.03212391 -0.17916644]
2542,2.542999999999831,[0.11295043 5.15396666],[ 0.01394815 -1.98613148],[-0.02697584 -0.52906723],[-0.03215085 -0.17939605]
2543,2.543999999999831,[0.11296435 5.15197998],[ 0.01392097 -1.98667816],[-0.02718576 -0.54668662],[-0.03217777 -0.17962492]
2544,2.5449999999998307,[0.11297824 5.14999274],[ 0.01389358 -1.98724241],[-0.0273845  -0.56425203],[-0.03220467 -0.17985306]
2545,2.5459999999998306,[0.11299211 5.14800491],[ 0.01386601 -1.98782418],[-0.02757211 -0.58176393],[-0.03223154 -0.18008047]
2546,2.5469999999998305,[0.11300595 5.14601649],[ 0.01383826 -1.9884234 ],[-0.02774859 -0.59922279],[-0.0322584  -0.18030714]
2547,2.5479999999998304,[0.11301976 5.14402745],[ 0.01381035 -1.98904003],[-0.027914   -0.61662909],[-0.03228523 -0.18053308]
2548,2.5489999999998303,[0.11303354 5.14203778],[ 0.01378228 -1.98967401],[-0.02806834 -0.63398329],[-0.03231204 -0.18075828]
2549,2.54999999999983,[0.1130473  5.14004745],[ 0.01375407 -1.9903253 ],[-0.02821166 -0.65128589],[-0.03233883 -0.18098276]
2550,2.55099999999983,[0.11306102 5.13805646],[ 0.01372572 -1.99099384],[-0.02834398 -0.66853735],[-0.03236559 -0.1812065 ]
2551,2.55199999999983,[0.11307472 5.13606478],[ 0.01369726 -1.99167957],[-0.02846532 -0.68573815],[-0.03239234 -0.18142951]
2552,2.55299999999983,[0.11308839 5.1340724 ],[ 0.01366868 -1.99238246],[-0.02857572 -0.70288878],[-0.03241907 -0.18165179]
2553,2.5539999999998297,[0.11310203 5.13207929],[ 0.01364001 -1.99310245],[-0.0286752  -0.71998972],[-0.03244579 -0.18187333]
2554,2.5549999999998296,[0.11311564 5.13008545],[ 0.01361124 -1.99383949],[-0.02876378 -0.73704144],[-0.03247248 -0.18209415]
2555,2.5559999999998295,[0.11312922 5.12809086],[ 0.0135824  -1.99459354],[-0.02884151 -0.75404444],[-0.03249916 -0.18231424]
2556,2.5569999999998294,[0.11314277 5.1260955 ],[ 0.01355349 -1.99536454],[-0.02890839 -0.7709992 ],[-0.03252582 -0.18253359]
2557,2.5579999999998293,[0.1131563  5.12409934],[ 0.01352453 -1.99615244],[-0.02896446 -0.78790621],[-0.03255246 -0.18275222]
2558,2.558999999999829,[0.11316979 5.12210239],[ 0.01349552 -1.99695721],[-0.02900975 -0.80476594],[-0.03257909 -0.18297012]
2559,2.559999999999829,[0.11318326 5.12010461],[ 0.01346648 -1.99777879],[-0.02904427 -0.8215789 ],[-0.0326057  -0.18318729]
2560,2.560999999999829,[0.1131967  5.11810599],[ 0.01343741 -1.99861714],[-0.02906805 -0.83834557],[-0.0326323  -0.18340373]
2561,2.561999999999829,[0.11321011 5.11610652],[ 0.01340833 -1.9994722 ],[-0.02908113 -0.85506643],[-0.03265888 -0.18361944]
2562,2.5629999999998287,[0.11322349 5.11410617],[ 0.01337924 -2.00034394],[-0.02908351 -0.87174199],[-0.03268545 -0.18383443]
2563,2.5639999999998286,[0.11323684 5.11210494],[ 0.01335017 -2.00123232],[-0.02907523 -0.88837273],[-0.032712   -0.18404869]
2564,2.5649999999998285,[0.11325016 5.1101028 ],[ 0.01332111 -2.00213728],[-0.02905631 -0.90495915],[-0.03273855 -0.18426221]
2565,2.5659999999998284,[0.11326345 5.10809975],[ 0.01329208 -2.00305878],[-0.02902678 -0.92150173],[-0.03276508 -0.18447501]
2566,2.5669999999998283,[0.11327671 5.10609575],[ 0.0132631  -2.00399678],[-0.02898665 -0.93800098],[-0.0327916  -0.18468709]
2567,2.567999999999828,[0.11328995 5.1040908 ],[ 0.01323416 -2.00495124],[-0.02893595 -0.95445739],[-0.03281811 -0.18489843]
2568,2.568999999999828,[0.11330315 5.10208488],[ 0.01320529 -2.00592211],[-0.0288747  -0.97087145],[-0.0328446  -0.18510905]
2569,2.569999999999828,[0.11331633 5.10007797],[ 0.01317648 -2.00690935],[-0.02880292 -0.98724366],[-0.03287109 -0.18531894]
2570,2.570999999999828,[0.11332948 5.09807005],[ 0.01314776 -2.00791293],[-0.02872064 -1.00357452],[-0.03289757 -0.18552811]
2571,2.5719999999998278,[0.1133426  5.09606112],[ 0.01311914 -2.00893279],[-0.02862788 -1.01986452],[-0.03292404 -0.18573654]
2572,2.5729999999998276,[0.11335569 5.09405115],[ 0.01309061 -2.0099689 ],[-0.02852465 -1.03611418],[-0.0329505  -0.18594425]
2573,2.5739999999998275,[0.11336875 5.09204013],[ 0.0130622  -2.01102123],[-0.02841098 -1.05232397],[-0.03297695 -0.18615124]
2574,2.5749999999998274,[0.11338178 5.09002804],[ 0.01303391 -2.01208972],[-0.02828689 -1.06849441],[-0.03300339 -0.18635749]
2575,2.5759999999998273,[0.11339479 5.08801487],[ 0.01300576 -2.01317435],[-0.0281524 -1.084626 ],[-0.03302983 -0.18656302]
2576,2.576999999999827,[0.11340777 5.08600059],[ 0.01297775 -2.01427507],[-0.02800752 -1.10071923],[-0.03305626 -0.18676782]
2577,2.577999999999827,[0.11342072 5.0839852 ],[ 0.0129499  -2.01539184],[-0.02785229 -1.11677461],[-0.03308268 -0.18697189]
2578,2.578999999999827,[0.11343364 5.08196867],[ 0.01292221 -2.01652463],[-0.02768671 -1.13279264],[-0.0331091  -0.18717523]
2579,2.579999999999827,[0.11344653 5.079951  ],[ 0.0128947  -2.01767341],[-0.0275108  -1.14877383],[-0.03313551 -0.18737785]
2580,2.5809999999998268,[0.1134594  5.07793216],[ 0.01286738 -2.01883813],[-0.02732459 -1.16471867],[-0.03316192 -0.18757974]
2581,2.5819999999998267,[0.11347224 5.07591214],[ 0.01284025 -2.02001875],[-0.02712809 -1.18062767],[-0.03318833 -0.1877809 ]
2582,2.5829999999998265,[0.11348505 5.07389093],[ 0.01281333 -2.02121526],[-0.02692132 -1.19650134],[-0.03321473 -0.18798133]
2583,2.5839999999998264,[0.11349784 5.0718685 ],[ 0.01278662 -2.0224276 ],[-0.02670429 -1.21234018],[-0.03324113 -0.18818103]
2584,2.5849999999998263,[0.1135106  5.06984485],[ 0.01276015 -2.02365574],[-0.02647703 -1.2281447 ],[-0.03326753 -0.18838   ]
2585,2.585999999999826,[0.11352333 5.06781995],[ 0.01273391 -2.02489966],[-0.02623954 -1.24391539],[-0.03329392 -0.18857825]
2586,2.586999999999826,[0.11353604 5.06579379],[ 0.01270792 -2.02615931],[-0.02599185 -1.25965278],[-0.03332031 -0.18877576]
2587,2.587999999999826,[0.11354872 5.06376635],[ 0.01268218 -2.02743467],[-0.02573397 -1.27535736],[-0.0333467  -0.18897255]
2588,2.588999999999826,[0.11356138 5.06173763],[ 0.01265672 -2.0287257 ],[-0.02546592 -1.29102964],[-0.0333731 -0.1891686]
2589,2.5899999999998258,[0.11357401 5.05970759],[ 0.01263153 -2.03003237],[-0.02518771 -1.30667014],[-0.03339949 -0.18936393]
2590,2.5909999999998257,[0.11358662 5.05767624],[ 0.01260663 -2.03135465],[-0.02489935 -1.32227935],[-0.03342588 -0.18955852]
2591,2.5919999999998256,[0.1135992  5.05564355],[ 0.01258203 -2.0326925 ],[-0.02460087 -1.33785779],[-0.03345227 -0.18975238]
2592,2.5929999999998254,[0.11361176 5.0536095 ],[ 0.01255774 -2.03404591],[-0.02429226 -1.35340596],[-0.03347867 -0.18994551]
2593,2.5939999999998253,[0.11362429 5.05157409],[ 0.01253376 -2.03541483],[-0.02397356 -1.36892438],[-0.03350507 -0.19013791]
2594,2.5949999999998252,[0.1136368  5.04953729],[ 0.01251012 -2.03679925],[-0.02364476 -1.38441355],[-0.03353147 -0.19032957]
2595,2.595999999999825,[0.11364929 5.04749909],[ 0.01248681 -2.03819912],[-0.02330589 -1.39987399],[-0.03355787 -0.19052051]
2596,2.596999999999825,[0.11366175 5.04545947],[ 0.01246386 -2.03961443],[-0.02295695 -1.4153062 ],[-0.03358428 -0.1907107 ]
2597,2.597999999999825,[0.11367419 5.04341843],[ 0.01244126 -2.04104514],[-0.02259796 -1.4307107 ],[-0.03361069 -0.19090017]
2598,2.598999999999825,[0.11368661 5.04137594],[ 0.01241903 -2.04249123],[-0.02222893 -1.446088  ],[-0.03363711 -0.19108889]
2599,2.5999999999998247,[0.11369901 5.03933198],[ 0.01239718 -2.04395266],[-0.02184986 -1.46143861],[-0.03366353 -0.19127689]
2600,2.6009999999998246,[0.11371139 5.03728656],[ 0.01237572 -2.04542943],[-0.02146078 -1.47676303],[-0.03368996 -0.19146414]
2601,2.6019999999998245,[0.11372374 5.03523963],[ 0.01235466 -2.04692149],[-0.02106169 -1.4920618 ],[-0.03371639 -0.19165066]
2602,2.6029999999998243,[0.11373608 5.0331912 ],[ 0.012334   -2.04842883],[-0.0206526 -1.5073354],[-0.03374283 -0.19183644]
2603,2.6039999999998242,[0.11374839 5.03114125],[ 0.01231377 -2.04995141],[-0.02023352 -1.52258437],[-0.03376928 -0.19202149]
2604,2.604999999999824,[0.11376068 5.02908976],[ 0.01229397 -2.05148922],[-0.01980446 -1.53780921],[-0.03379574 -0.19220579]
2605,2.605999999999824,[0.11377296 5.02703672],[ 0.0122746  -2.05304223],[-0.01936543 -1.55301043],[-0.0338222  -0.19238936]
2606,2.606999999999824,[0.11378521 5.02498211],[ 0.01225568 -2.05461042],[-0.01891644 -1.56818855],[-0.03384868 -0.19257218]
2607,2.607999999999824,[0.11379745 5.02292592],[ 0.01223723 -2.05619376],[-0.01845749 -1.58334409],[-0.03387516 -0.19275427]
2608,2.6089999999998237,[0.11380967 5.02086813],[ 0.01221924 -2.05779224],[-0.01798859 -1.59847756],[-0.03390165 -0.19293561]
2609,2.6099999999998236,[0.11382187 5.01880872],[ 0.01220173 -2.05940583],[-0.01750975 -1.61358947],[-0.03392816 -0.19311621]
2610,2.6109999999998235,[0.11383406 5.01674769],[ 0.01218471 -2.06103451],[-0.01702099 -1.62868034],[-0.03395467 -0.19329606]
2611,2.6119999999998234,[0.11384622 5.01468501],[ 0.01216818 -2.06267826],[-0.01652229 -1.64375069],[-0.0339812  -0.19347517]
2612,2.6129999999998232,[0.11385838 5.01262067],[ 0.01215217 -2.06433706],[-0.01601367 -1.65880103],[-0.03400774 -0.19365354]
2613,2.613999999999823,[0.11387051 5.01055466],[ 0.01213668 -2.06601089],[-0.01549514 -1.67383187],[-0.03403429 -0.19383115]
2614,2.614999999999823,[0.11388264 5.00848696],[ 0.01212171 -2.06769974],[-0.0149667  -1.68884375],[-0.03406086 -0.19400803]
2615,2.615999999999823,[0.11389474 5.00641756],[ 0.01210728 -2.06940357],[-0.01442836 -1.70383716],[-0.03408744 -0.19418415]
2616,2.616999999999823,[0.11390684 5.00434643],[ 0.0120934  -2.07112239],[-0.01388011 -1.71881263],[-0.03411403 -0.19435952]
2617,2.6179999999998227,[0.11391892 5.00227358],[ 0.01208008 -2.07285616],[-0.01332197 -1.73377068],[-0.03414064 -0.19453414]
2618,2.6189999999998226,[0.11393098 5.00019897],[ 0.01206732 -2.07460487],[-0.01275393 -1.74871183],[-0.03416726 -0.19470802]
2619,2.6199999999998225,[0.11394304 4.9981226 ],[ 0.01205515 -2.07636851],[-0.01217601 -1.76363659],[-0.0341939  -0.19488114]
2620,2.6209999999998224,[0.11395508 4.99604446],[ 0.01204356 -2.07814705],[-0.0115882  -1.77854548],[-0.03422056 -0.1950535 ]
2621,2.6219999999998223,[0.11396711 4.99396452],[ 0.01203257 -2.07994049],[-0.0109905  -1.79343903],[-0.03424723 -0.19522511]
2622,2.622999999999822,[0.11397914 4.99188277],[ 0.01202219 -2.08174881],[-0.01038292 -1.80831775],[-0.03427392 -0.19539597]
2623,2.623999999999822,[0.11399115 4.9897992 ],[ 0.01201242 -2.08357199],[-0.00976547 -1.82318216],[-0.03430063 -0.19556607]
2624,2.624999999999822,[0.11400315 4.98771379],[ 0.01200328 -2.08541002],[-0.00913813 -1.83803279],[-0.03432736 -0.1957354 ]
2625,2.625999999999822,[0.11401515 4.98562652],[ 0.01199478 -2.08726289],[-0.00850091 -1.85287015],[-0.0343541  -0.19590399]
2626,2.6269999999998217,[0.11402713 4.98353739],[ 0.01198693 -2.08913059],[-0.00785382 -1.86769476],[-0.03438087 -0.1960718 ]
2627,2.6279999999998216,[0.11403911 4.98144638],[ 0.01197973 -2.09101309],[-0.00719684 -1.88250715],[-0.03440765 -0.19623886]
2628,2.6289999999998215,[0.11405109 4.97935347],[ 0.0119732 -2.0929104],[-0.00652999 -1.89730784],[-0.03443446 -0.19640516]
2629,2.6299999999998214,[0.11406305 4.97725865],[ 0.01196735 -2.0948225 ],[-0.00585326 -1.91209736],[-0.03446129 -0.19657069]
2630,2.6309999999998213,[0.11407502 4.9751619 ],[ 0.01196218 -2.09674938],[-0.00516665 -1.92687621],[-0.03448814 -0.19673545]
2631,2.631999999999821,[0.11408697 4.97306321],[ 0.01195771 -2.09869102],[-0.00447015 -1.94164494],[-0.03451501 -0.19689945]
2632,2.632999999999821,[0.11409893 4.97096256],[ 0.01195395 -2.10064742],[-0.00376377 -1.95640406],[-0.03454191 -0.19706268]
2633,2.633999999999821,[0.11411088 4.96885994],[ 0.0119509  -2.10261858],[-0.00304751 -1.97115409],[-0.03456883 -0.19722513]
2634,2.634999999999821,[0.11412283 4.96675534],[ 0.01194858 -2.10460447],[-0.00232135 -1.98589557],[-0.03459577 -0.19738682]
2635,2.6359999999998207,[0.11413477 4.96464873],[ 0.01194699 -2.1066051 ],[-1.58529423e-03 -2.00062901e+00],[-0.03462274 -0.19754773]
2636,2.6369999999998206,[0.11414672 4.96254011],[ 0.01194615 -2.10862046],[-8.39343818e-04 -2.01535495e+00],[-0.03464973 -0.19770787]
2637,2.6379999999998205,[0.11415867 4.96042946],[ 0.01194607 -2.11065053],[-8.34912191e-05 -2.03007390e+00],[-0.03467675 -0.19786724]
2638,2.6389999999998204,[0.11417061 4.95831676],[ 0.01194675 -2.11269532],[ 6.82268289e-04 -2.04478640e+00],[-0.03470379 -0.19802582]
2639,2.6399999999998203,[0.11418256 4.95620201],[ 0.01194821 -2.11475481],[ 1.45793986e-03 -2.05949298e+00],[-0.03473086 -0.19818363]
2640,2.64099999999982,[0.11419451 4.95408518],[ 0.01195045 -2.11682901],[ 0.00224353 -2.07419415],[-0.03475796 -0.19834065]
2641,2.64199999999982,[0.11420647 4.95196626],[ 0.01195349 -2.1189179 ],[ 0.00303904 -2.08889046],[-0.03478509 -0.19849689]
2642,2.64299999999982,[0.11421842 4.94984524],[ 0.01195734 -2.12102148],[ 0.00384448 -2.10358242],[-0.03481224 -0.19865235]
2643,2.64399999999982,[0.11423039 4.9477221 ],[ 0.011962   -2.12313975],[ 0.00465986 -2.11827057],[-0.03483943 -0.19880703]
2644,2.6449999999998197,[0.11424235 4.94559683],[ 0.01196748 -2.1252727 ],[ 0.00548519 -2.13295544],[-0.03486664 -0.19896091]
2645,2.6459999999998196,[0.11425433 4.94346941],[ 0.0119738  -2.12742034],[ 0.00632047 -2.14763756],[-0.03489388 -0.19911401]
2646,2.6469999999998195,[0.11426631 4.94133983],[ 0.01198097 -2.12958266],[ 0.0071657  -2.16231745],[-0.03492116 -0.19926631]
2647,2.6479999999998194,[0.1142783  4.93920807],[ 0.01198899 -2.13175966],[ 0.00802091 -2.17699566],[-0.03494846 -0.19941783]
2648,2.6489999999998193,[0.11429029 4.93707411],[ 0.01199788 -2.13395133],[ 0.00888609 -2.19167272],[-0.0349758  -0.19956855]
2649,2.649999999999819,[0.1143023  4.93493796],[ 0.01200764 -2.13615768],[ 0.00976126 -2.20634915],[-0.03500317 -0.19971847]
2650,2.650999999999819,[0.11431432 4.93279958],[ 0.01201828 -2.1383787 ],[ 0.01064643 -2.22102549],[-0.03503057 -0.19986759]
2651,2.651999999999819,[0.11432635 4.93065896],[ 0.01202983 -2.14061441],[ 0.01154161 -2.23570228],[-0.03505801 -0.20001591]
2652,2.652999999999819,[0.11433839 4.9285161 ],[ 0.01204227 -2.14286479],[ 0.0124468  -2.25038004],[-0.03508548 -0.20016344]
2653,2.6539999999998187,[0.11435045 4.92637097],[ 0.01205563 -2.14512984],[ 0.01336202 -2.26505933],[-0.03511299 -0.20031015]
2654,2.6549999999998186,[0.11436252 4.92422356],[ 0.01206992 -2.14740959],[ 0.01428729 -2.27974067],[-0.03514053 -0.20045607]
2655,2.6559999999998185,[0.1143746  4.92207386],[ 0.01208514 -2.14970401],[ 0.01522261 -2.29442459],[-0.0351681  -0.20060117]
2656,2.6569999999998184,[0.1143867  4.91992184],[ 0.01210131 -2.15201312],[ 0.016168   -2.30911165],[-0.03519572 -0.20074546]
2657,2.6579999999998183,[0.11439882 4.91776751],[ 0.01211844 -2.15433692],[ 0.01712346 -2.32380237],[-0.03522337 -0.20088894]
2658,2.658999999999818,[0.11441096 4.91561083],[ 0.01213652 -2.15667542],[ 0.01808902 -2.3384973 ],[-0.03525106 -0.20103161]
2659,2.659999999999818,[0.11442311 4.9134518 ],[ 0.01215559 -2.15902862],[ 0.01906469 -2.35319698],[-0.03527878 -0.20117346]
2660,2.660999999999818,[0.11443529 4.9112904 ],[ 0.01217564 -2.16139652],[ 0.02005048 -2.36790195],[-0.03530655 -0.2013145 ]
2661,2.661999999999818,[0.11444749 4.90912663],[ 0.01219669 -2.16377913],[ 0.0210464  -2.38261274],[-0.03533435 -0.20145471]
2662,2.6629999999998177,[0.11445971 4.90696045],[ 0.01221874 -2.16617646],[ 0.02205248 -2.39732991],[-0.03536219 -0.2015941 ]
2663,2.6639999999998176,[0.11447195 4.90479186],[ 0.01224181 -2.16858852],[ 0.02306872 -2.412054  ],[-0.03539008 -0.20173266]
2664,2.6649999999998175,[0.11448421 4.90262085],[ 0.0122659 -2.1710153],[ 0.02409515 -2.42678554],[-0.035418  -0.2018704]
2665,2.6659999999998174,[0.1144965  4.90044739],[ 0.01229103 -2.17345683],[ 0.02513178 -2.44152509],[-0.03544597 -0.20200731]
2666,2.6669999999998173,[0.11450882 4.89827148],[ 0.01231721 -2.1759131 ],[ 0.02617863 -2.4562732 ],[-0.03547398 -0.20214339]
2667,2.667999999999817,[0.11452117 4.89609309],[ 0.01234445 -2.17838413],[ 0.02723571 -2.4710304 ],[-0.03550203 -0.20227863]
2668,2.668999999999817,[0.11453354 4.89391222],[ 0.01237275 -2.18086993],[ 0.02830304 -2.48579725],[-0.03553013 -0.20241303]
2669,2.669999999999817,[0.11454594 4.89172885],[ 0.01240213 -2.1833705 ],[ 0.02938065 -2.5005743 ],[-0.03555827 -0.2025466 ]
2670,2.670999999999817,[0.11455837 4.88954296],[ 0.0124326  -2.18588586],[ 0.03046855 -2.5153621 ],[-0.03558646 -0.20267933]
2671,2.6719999999998167,[0.11457084 4.88735455],[ 0.01246417 -2.18841603],[ 0.03156676 -2.53016119],[-0.03561469 -0.20281121]
2672,2.6729999999998166,[0.11458333 4.88516359],[ 0.01249684 -2.190961  ],[ 0.0326753  -2.54497214],[-0.03564296 -0.20294224]
2673,2.6739999999998165,[0.11459587 4.88297007],[ 0.01253064 -2.19352079],[ 0.0337942  -2.55979548],[-0.03567129 -0.20307243]
2674,2.6749999999998164,[0.11460843 4.88077397],[ 0.01256556 -2.19609543],[ 0.03492346 -2.57463179],[-0.03569966 -0.20320177]
2675,2.6759999999998163,[0.11462103 4.87857529],[ 0.01260162 -2.19868491],[ 0.03606312 -2.5894816 ],[-0.03572807 -0.20333025]
2676,2.676999999999816,[0.11463367 4.876374  ],[ 0.01263884 -2.20128925],[ 0.0372132  -2.60434549],[-0.03575654 -0.20345787]
2677,2.677999999999816,[0.11464635 4.87417009],[ 0.01267721 -2.20390848],[ 0.03837371 -2.619224  ],[-0.03578505 -0.20358464]
2678,2.678999999999816,[0.11465907 4.87196355],[ 0.01271676 -2.20654259],[ 0.03954468 -2.6341177 ],[-0.03581362 -0.20371054]
2679,2.679999999999816,[0.11467182 4.86975435],[ 0.01275748 -2.20919162],[ 0.04072614 -2.64902714],[-0.03584223 -0.20383558]
2680,2.6809999999998158,[0.11468462 4.8675425 ],[ 0.0127994  -2.21185557],[ 0.04191811 -2.66395288],[-0.0358709  -0.20395976]
2681,2.6819999999998156,[0.11469746 4.86532796],[ 0.01284252 -2.21453447],[ 0.04312061 -2.6788955 ],[-0.03589962 -0.20408306]
2682,2.6829999999998155,[0.11471035 4.86311074],[ 0.01288685 -2.21722833],[ 0.04433367 -2.69385554],[-0.03592839 -0.20420549]
2683,2.6839999999998154,[0.11472328 4.8608908 ],[ 0.01293241 -2.21993716],[ 0.04555731 -2.70883358],[-0.03595721 -0.20432705]
2684,2.6849999999998153,[0.11473626 4.85866814],[ 0.0129792  -2.22266099],[ 0.04679155 -2.72383018],[-0.03598609 -0.20444772]
2685,2.685999999999815,[0.11474929 4.85644274],[ 0.01302724 -2.22539983],[ 0.04803644 -2.73884591],[-0.03601502 -0.20456752]
2686,2.686999999999815,[0.11476237 4.85421458],[ 0.01307653 -2.22815372],[ 0.04929198 -2.75388133],[-0.036044   -0.20468643]
2687,2.687999999999815,[0.11477549 4.85198366],[ 0.01312709 -2.23092265],[ 0.05055822 -2.76893702],[-0.03607304 -0.20480446]
2688,2.688999999999815,[0.11478867 4.84974996],[ 0.01317892 -2.23370667],[ 0.05183517 -2.78401355],[-0.03610214 -0.20492159]
2689,2.6899999999998148,[0.11480191 4.84751345],[ 0.01323205 -2.23650578],[ 0.05312286 -2.79911149],[-0.03613129 -0.20503784]
2690,2.6909999999998147,[0.11481519 4.84527413],[ 0.01328647 -2.23932001],[ 0.05442133 -2.81423141],[-0.0361605  -0.20515318]
2691,2.6919999999998145,[0.11482853 4.84303198],[ 0.0133422  -2.24214938],[ 0.0557306  -2.82937388],[-0.03618977 -0.20526763]
2692,2.6929999999998144,[0.11484193 4.84078699],[ 0.01339925 -2.24499392],[ 0.05705071 -2.8445395 ],[-0.0362191  -0.20538118]
2693,2.6939999999998143,[0.11485539 4.83853913],[ 0.01345763 -2.24785365],[ 0.05838168 -2.85972883],[-0.03624848 -0.20549382]
2694,2.694999999999814,[0.11486891 4.8362884 ],[ 0.01351736 -2.25072859],[ 0.05972354 -2.87494244],[-0.03627793 -0.20560555]
2695,2.695999999999814,[0.11488249 4.83403479],[ 0.01357843 -2.25361878],[ 0.06107632 -2.89018094],[-0.03630743 -0.20571637]
2696,2.696999999999814,[0.11489613 4.83177826],[ 0.01364087 -2.25652422],[ 0.06244007 -2.90544489],[-0.036337   -0.20582628]
2697,2.697999999999814,[0.11490983 4.82951882],[ 0.01370469 -2.25944495],[ 0.0638148  -2.92073488],[-0.03636663 -0.20593527]
2698,2.6989999999998138,[0.1149236  4.82725643],[ 0.01376989 -2.26238101],[ 0.06520056 -2.9360515 ],[-0.03639632 -0.20604334]
2699,2.6999999999998137,[0.11493744 4.8249911 ],[ 0.01383648 -2.2653324 ],[ 0.06659737 -2.95139533],[-0.03642608 -0.20615048]
2700,2.7009999999998136,[0.11495134 4.8227228 ],[ 0.01390449 -2.26829917],[ 0.06800527 -2.96676696],[-0.0364559 -0.2062567]
2701,2.7019999999998134,[0.11496532 4.82045152],[ 0.01397391 -2.27128134],[ 0.06942429 -2.98216699],[-0.03648578 -0.20636198]
2702,2.7029999999998133,[0.11497936 4.81817724],[ 0.01404477 -2.27427893],[ 0.07085448 -2.997596  ],[-0.03651573 -0.20646633]
2703,2.703999999999813,[0.11499348 4.81589995],[ 0.01411706 -2.27729199],[ 0.07229585 -3.0130546 ],[-0.03654574 -0.20656974]
2704,2.704999999999813,[0.11500767 4.81361963],[ 0.01419081 -2.28032053],[ 0.07374846 -3.02854337],[-0.03657583 -0.20667221]
2705,2.705999999999813,[0.11502194 4.81133627],[ 0.01426603 -2.28336459],[ 0.07521233 -3.04406291],[-0.03660598 -0.20677374]
2706,2.706999999999813,[0.11503628 4.80904984],[ 0.01434271 -2.28642421],[ 0.07668751 -3.05961383],[-0.03663619 -0.20687432]
2707,2.707999999999813,[0.1150507  4.80676034],[ 0.01442089 -2.2894994 ],[ 0.07817403 -3.07519672],[-0.03666648 -0.20697394]
2708,2.7089999999998127,[0.1150652  4.80446775],[ 0.01450056 -2.29259022],[ 0.07967193 -3.09081219],[-0.03669683 -0.20707261]
2709,2.7099999999998126,[0.11507978 4.80217206],[ 0.01458174 -2.29569668],[ 0.08118124 -3.10646084],[-0.03672726 -0.20717032]
2710,2.7109999999998124,[0.11509445 4.79987324],[ 0.01466444 -2.29881882],[ 0.08270202 -3.12214328],[-0.03675775 -0.20726707]
2711,2.7119999999998123,[0.11510919 4.79757128],[ 0.01474868 -2.30195668],[ 0.08423428 -3.13786011],[-0.03678832 -0.20736285]
2712,2.7129999999998122,[0.11512403 4.79526617],[ 0.01483445 -2.30511029],[ 0.08577809 -3.15361196],[-0.03681896 -0.20745767]
2713,2.713999999999812,[0.11513895 4.79295789],[ 0.01492179 -2.30827969],[ 0.08733347 -3.16939942],[-0.03684968 -0.2075515 ]
2714,2.714999999999812,[0.11515396 4.79064643],[ 0.01501069 -2.31146491],[ 0.08890048 -3.18522312],[-0.03688046 -0.20764436]
2715,2.715999999999812,[0.11516906 4.78833176],[ 0.01510117 -2.314666  ],[ 0.09047914 -3.20108368],[-0.03691132 -0.20773624]
2716,2.716999999999812,[0.11518426 4.78601388],[ 0.01519324 -2.31788298],[ 0.09206951 -3.2169817 ],[-0.03694226 -0.20782713]
2717,2.7179999999998117,[0.11519954 4.78369276],[ 0.01528691 -2.3211159 ],[ 0.09367162 -3.23291782],[-0.03697327 -0.20791704]
2718,2.7189999999998116,[0.11521492 4.7813684 ],[ 0.01538219 -2.32436479],[ 0.09528552 -3.24889265],[-0.03700436 -0.20800595]
2719,2.7199999999998115,[0.1152304  4.77904077],[ 0.01547911 -2.3276297 ],[ 0.09691126 -3.26490682],[-0.03703553 -0.20809386]
2720,2.7209999999998113,[0.11524598 4.77670986],[ 0.01557765 -2.33091066],[ 0.09854887 -3.28096096],[-0.03706677 -0.20818077]
2721,2.7219999999998112,[0.11526166 4.77437565],[ 0.01567785 -2.33420771],[ 0.10019841 -3.2970557 ],[-0.03709809 -0.20826668]
2722,2.722999999999811,[0.11527744 4.77203813],[ 0.01577971 -2.33752091],[ 0.10185992 -3.31319166],[-0.0371295  -0.20835157]
2723,2.723999999999811,[0.11529332 4.76969728],[ 0.01588325 -2.34085027],[ 0.10353344 -3.32936949],[-0.03716098 -0.20843545]
2724,2.724999999999811,[0.11530931 4.76735308],[ 0.01598847 -2.34419586],[ 0.10521903 -3.34558982],[-0.03719254 -0.20851832]
2725,2.725999999999811,[0.11532541 4.76500552],[ 0.01609538 -2.34755772],[ 0.10691673 -3.36185328],[-0.03722419 -0.20860016]
2726,2.7269999999998107,[0.11534161 4.76265459],[ 0.01620401 -2.35093588],[ 0.10862658 -3.37816052],[-0.03725592 -0.20868098]
2727,2.7279999999998106,[0.11535792 4.76030026],[ 0.01631436 -2.35433039],[ 0.11034864 -3.39451219],[-0.03728773 -0.20876077]
2728,2.7289999999998105,[0.11537435 4.75794252],[ 0.01642644 -2.3577413 ],[ 0.11208296 -3.41090892],[-0.03731962 -0.20883952]
2729,2.7299999999998104,[0.11539089 4.75558135],[ 0.01654027 -2.36116865],[ 0.11382958 -3.42735137],[-0.0373516  -0.20891723]
2730,2.7309999999998102,[0.11540755 4.75321673],[ 0.01665586 -2.36461249],[ 0.11558856 -3.44384018],[-0.03738367 -0.2089939 ]
2731,2.73199999999981,[0.11542432 4.75084866],[ 0.01677322 -2.36807287],[ 0.11735994 -3.46037602],[-0.03741582 -0.20906952]
2732,2.73299999999981,[0.11544121 4.74847711],[ 0.01689236 -2.37154983],[ 0.11914378 -3.47695953],[-0.03744806 -0.20914409]
2733,2.73399999999981,[0.11545823 4.74610207],[ 0.0170133  -2.37504342],[ 0.12094013 -3.49359138],[-0.03748039 -0.20921761]
2734,2.73499999999981,[0.11547536 4.74372351],[ 0.01713605 -2.37855369],[ 0.12274905 -3.51027222],[-0.0375128  -0.20929006]
2735,2.7359999999998097,[0.11549262 4.74134143],[ 0.01726062 -2.38208069],[ 0.12457058 -3.52700272],[-0.03754531 -0.20936144]
2736,2.7369999999998096,[0.11551001 4.73895581],[ 0.01738703 -2.38562448],[ 0.12640478 -3.54378355],[-0.03757791 -0.20943176]
2737,2.7379999999998095,[0.11552753 4.73656662],[ 0.01751528 -2.38918509],[ 0.1282517  -3.56061537],[-0.03761059 -0.209501  ]
2738,2.7389999999998094,[0.11554517 4.73417386],[ 0.01764539 -2.39276259],[ 0.13011141 -3.57749885],[-0.03764337 -0.20956916]
2739,2.7399999999998093,[0.11556295 4.7317775 ],[ 0.01777737 -2.39635703],[ 0.13198394 -3.59443468],[-0.03767625 -0.20963624]
2740,2.740999999999809,[0.11558086 4.72937754],[ 0.01791124 -2.39996845],[ 0.13386937 -3.61142352],[-0.03770921 -0.20970223]
2741,2.741999999999809,[0.11559891 4.72697394],[ 0.01804701 -2.40359691],[ 0.13576775 -3.62846606],[-0.03774227 -0.20976712]
2742,2.742999999999809,[0.11561709 4.7245667 ],[ 0.01818469 -2.40724248],[ 0.13767913 -3.64556299],[-0.03777543 -0.20983091]
2743,2.743999999999809,[0.11563542 4.72215579],[ 0.01832429 -2.41090519],[ 0.13960357 -3.66271498],[-0.03780868 -0.20989361]
2744,2.7449999999998087,[0.11565388 4.71974121],[ 0.01846583 -2.41458512],[ 0.14154114 -3.67992272],[-0.03784203 -0.20995519]
2745,2.7459999999998086,[0.11567249 4.71732292],[ 0.01860933 -2.4182823 ],[ 0.14349189 -3.69718691],[-0.03787547 -0.21001566]
2746,2.7469999999998085,[0.11569125 4.71490093],[ 0.01875478 -2.42199681],[ 0.14545587 -3.71450825],[-0.03790902 -0.21007501]
2747,2.7479999999998084,[0.11571015 4.7124752 ],[ 0.01890222 -2.4257287 ],[ 0.14743316 -3.73188742],[-0.03794266 -0.21013324]
2748,2.7489999999998083,[0.1157292  4.71004572],[ 0.01905164 -2.42947802],[ 0.14942381 -3.74932513],[-0.03797641 -0.21019033]
2749,2.749999999999808,[0.1157484  4.70761248],[ 0.01920307 -2.43324485],[ 0.15142789 -3.76682209],[-0.03801025 -0.2102463 ]
2750,2.750999999999808,[0.11576776 4.70517545],[ 0.01935651 -2.43702922],[ 0.15344545 -3.784379  ],[-0.0380442  -0.21030113]
2751,2.751999999999808,[0.11578727 4.70273461],[ 0.01951199 -2.44083122],[ 0.15547655 -3.80199657],[-0.03807825 -0.21035481]
2752,2.752999999999808,[0.11580694 4.70028996],[ 0.01966951 -2.4446509 ],[ 0.15752128 -3.81967552],[-0.0381124  -0.21040734]
2753,2.7539999999998077,[0.11582677 4.69784148],[ 0.01982909 -2.44848831],[ 0.15957967 -3.83741656],[-0.03814666 -0.21045872]
2754,2.7549999999998076,[0.11584676 4.69538913],[ 0.01999074 -2.45234353],[ 0.16165181 -3.85522041],[-0.03818103 -0.21050894]
2755,2.7559999999998075,[0.11586691 4.69293292],[ 0.02015448 -2.45621662],[ 0.16373776 -3.8730878 ],[-0.0382155  -0.21055799]
2756,2.7569999999998074,[0.11588723 4.69047281],[ 0.02032032 -2.46010764],[ 0.16583757 -3.89101945],[-0.03825007 -0.21060587]
2757,2.7579999999998073,[0.11590772 4.68800879],[ 0.02048827 -2.46401666],[ 0.16795133 -3.90901609],[-0.03828476 -0.21065258]
2758,2.758999999999807,[0.11592838 4.68554085],[ 0.02065835 -2.46794374],[ 0.17007909 -3.92707845],[-0.03831955 -0.2106981 ]
2759,2.759999999999807,[0.11594921 4.68306896],[ 0.02083057 -2.47188894],[ 0.17222093 -3.94520728],[-0.03835446 -0.21074244]
2760,2.760999999999807,[0.11597022 4.68059311],[ 0.02100495 -2.47585235],[ 0.17437691 -3.96340331],[-0.03838947 -0.21078559]
2761,2.761999999999807,[0.1159914  4.67811327],[ 0.02118149 -2.47983401],[ 0.17654711 -3.98166728],[-0.0384246  -0.21082753]
2762,2.7629999999998067,[0.11601276 4.67562944],[ 0.02136022 -2.48383401],[ 0.17873158 -3.99999995],[-0.03845984 -0.21086828]
2763,2.7639999999998066,[0.1160343  4.67314159],[ 0.02154115 -2.48785241],[ 0.18093041 -4.01840206],[-0.03849519 -0.21090781]
2764,2.7649999999998065,[0.11605602 4.6706497 ],[ 0.0217243  -2.49188929],[ 0.18314366 -4.03687438],[-0.03853066 -0.21094613]
2765,2.7659999999998064,[0.11607793 4.66815375],[ 0.02190967 -2.49594471],[ 0.18537141 -4.05541764],[-0.03856624 -0.21098322]
2766,2.7669999999998063,[0.11610003 4.66565373],[ 0.02209728 -2.50001874],[ 0.18761372 -4.07403263],[-0.03860194 -0.21101909]
2767,2.767999999999806,[0.11612232 4.66314962],[ 0.02228715 -2.50411146],[ 0.18987068 -4.0927201 ],[-0.03863775 -0.21105373]
2768,2.768999999999806,[0.1161448 4.6606414],[ 0.0224793  -2.50822294],[ 0.19214235 -4.11148083],[-0.03867369 -0.21108713]
2769,2.769999999999806,[0.11616747 4.65812905],[ 0.02267373 -2.51235326],[ 0.19442881 -4.13031558],[-0.03870974 -0.21111928]
2770,2.770999999999806,[0.11619034 4.65561254],[ 0.02287046 -2.51650248],[ 0.19673013 -4.14922513],[-0.03874591 -0.21115018]
2771,2.7719999999998057,[0.11621341 4.65309187],[ 0.0230695  -2.52067069],[ 0.19904639 -4.16821027],[-0.03878221 -0.21117982]
2772,2.7729999999998056,[0.11623668 4.65056701],[ 0.02327088 -2.52485796],[ 0.20137767 -4.18727178],[-0.03881862 -0.21120821]
2773,2.7739999999998055,[0.11626016 4.64803795],[ 0.0234746  -2.52906437],[ 0.20372405 -4.20641045],[-0.03885516 -0.21123532]
2774,2.7749999999998054,[0.11628384 4.64550466],[ 0.02368069 -2.53329   ],[ 0.20608559 -4.22562706],[-0.03889183 -0.21126115]
2775,2.7759999999998053,[0.11630773 4.64296713],[ 0.02388915 -2.53753492],[ 0.20846238 -4.24492243],[-0.03892861 -0.21128571]
2776,2.776999999999805,[0.11633183 4.64042533],[ 0.02410001 -2.54179922],[ 0.2108545  -4.26429734],[-0.03896553 -0.21130898]
2777,2.777999999999805,[0.11635614 4.63787924],[ 0.02431327 -2.54608297],[ 0.21326203 -4.2837526 ],[-0.03900257 -0.21133095]
2778,2.778999999999805,[0.11638067 4.63532886],[ 0.02452895 -2.55038626],[ 0.21568504 -4.30328903],[-0.03903974 -0.21135162]
2779,2.779999999999805,[0.11640542 4.63277415],[ 0.02474708 -2.55470917],[ 0.21812362 -4.32290742],[-0.03907703 -0.21137098]
2780,2.7809999999998047,[0.11643038 4.6302151 ],[ 0.02496765 -2.55905178],[ 0.22057786 -4.34260861],[-0.03911446 -0.21138903]
2781,2.7819999999998046,[0.11645557 4.62765168],[ 0.0251907  -2.56341417],[ 0.22304783 -4.36239342],[-0.03915202 -0.21140576]
2782,2.7829999999998045,[0.11648099 4.62508389],[ 0.02541624 -2.56779643],[ 0.22553361 -4.38226266],[-0.03918971 -0.21142117]
2783,2.7839999999998044,[0.11650663 4.62251169],[ 0.02564427 -2.57219865],[ 0.22803529 -4.40221717],[-0.03922753 -0.21143524]
2784,2.7849999999998043,[0.11653251 4.61993507],[ 0.02587482 -2.57662091],[ 0.23055295 -4.42225778],[-0.03926549 -0.21144797]
2785,2.785999999999804,[0.11655862 4.617354  ],[ 0.02610791 -2.58106329],[ 0.23308669 -4.44238533],[-0.03930358 -0.21145935]
2786,2.786999999999804,[0.11658496 4.61476848],[ 0.02634355 -2.5855259 ],[ 0.23563658 -4.46260066],[-0.03934181 -0.21146938]
2787,2.787999999999804,[0.11661154 4.61217847],[ 0.02658175 -2.5900088 ],[ 0.23820271 -4.48290463],[-0.03938017 -0.21147804]
2788,2.788999999999804,[0.11663837 4.60958396],[ 0.02682254 -2.5945121 ],[ 0.24078516 -4.50329808],[-0.03941867 -0.21148534]
2789,2.7899999999998037,[0.11666543 4.60698492],[ 0.02706592 -2.59903588],[ 0.24338403 -4.52378186],[-0.03945731 -0.21149127]
2790,2.7909999999998036,[0.11669274 4.60438134],[ 0.02731192 -2.60358024],[ 0.24599941 -4.54435685],[-0.0394961  -0.21149581]
2791,2.7919999999998035,[0.1167203  4.60177319],[ 0.02756055 -2.60814526],[ 0.24863138 -4.5650239 ],[-0.03953502 -0.21149897]
2792,2.7929999999998034,[0.11674812 4.59916046],[ 0.02781183 -2.61273104],[ 0.25128003 -4.58578389],[-0.03957409 -0.21150072]
2793,2.7939999999998033,[0.11677618 4.59654313],[ 0.02806578 -2.61733768],[ 0.25394545 -4.60663769],[-0.0396133  -0.21150108]
2794,2.794999999999803,[0.1168045  4.59392116],[ 0.0283224  -2.62196527],[ 0.25662774 -4.62758617],[-0.03965265 -0.21150003]
2795,2.795999999999803,[0.11683309 4.59129455],[ 0.02858173 -2.6266139 ],[ 0.25932698 -4.64863023],[-0.03969215 -0.21149755]
2796,2.796999999999803,[0.11686193 4.58866326],[ 0.02884377 -2.63128367],[ 0.26204327 -4.66977075],[-0.0397318  -0.21149366]
2797,2.797999999999803,[0.11689104 4.58602729],[ 0.02910855 -2.63597468],[ 0.2647767  -4.69100862],[-0.03977159 -0.21148833]
2798,2.7989999999998028,[0.11692041 4.5833866 ],[ 0.02937608 -2.64068702],[ 0.26752736 -4.71234474],[-0.03981153 -0.21148156]
2799,2.7999999999998026,[0.11695006 4.58074118],[ 0.02964637 -2.6454208 ],[ 0.27029535 -4.73378002],[-0.03985163 -0.21147335]
2800,2.8009999999998025,[0.11697998 4.578091  ],[ 0.02991945 -2.65017612],[ 0.27308077 -4.75531537],[-0.03989187 -0.21146368]
2801,2.8019999999998024,[0.11701017 4.57543605],[ 0.03019534 -2.65495307],[ 0.27588371 -4.77695169],[-0.03993227 -0.21145254]
2802,2.8029999999998023,[0.11704065 4.5727763 ],[ 0.03047404 -2.65975176],[ 0.27870426 -4.7986899 ],[-0.03997282 -0.21143994]
2803,2.803999999999802,[0.1170714  4.57011173],[ 0.03075558 -2.66457229],[ 0.28154252 -4.82053092],[-0.04001352 -0.21142586]
2804,2.804999999999802,[0.11710244 4.56744231],[ 0.03103998 -2.66941477],[ 0.2843986  -4.84247569],[-0.04005438 -0.2114103 ]
2805,2.805999999999802,[0.11713377 4.56476803],[ 0.03132726 -2.67427929],[ 0.28727258 -4.86452514],[-0.0400954  -0.21139324]
2806,2.806999999999802,[0.11716539 4.56208887],[ 0.03161742 -2.67916597],[ 0.29016458 -4.88668019],[-0.04013658 -0.21137468]
2807,2.8079999999998018,[0.1171973  4.55940479],[ 0.03191049 -2.68407491],[ 0.29307468 -4.90894181],[-0.04017791 -0.21135461]
2808,2.8089999999998017,[0.11722951 4.55671579],[ 0.0322065  -2.68900622],[ 0.29600298 -4.93131092],[-0.04021941 -0.21133302]
2809,2.8099999999998015,[0.11726201 4.55402183],[ 0.03250545 -2.69396001],[ 0.2989496  -4.95378849],[-0.04026106 -0.21130991]
2810,2.8109999999998014,[0.11729482 4.55132289],[ 0.03280736 -2.69893639],[ 0.30191463 -4.97637547],[-0.04030289 -0.21128527]
2811,2.8119999999998013,[0.11732793 4.54861895],[ 0.03311226 -2.70393546],[ 0.30489817 -4.99907282],[-0.04034487 -0.21125908]
2812,2.812999999999801,[0.11736135 4.54591   ],[ 0.03342016 -2.70895734],[ 0.30790032 -5.02188152],[-0.04038702 -0.21123135]
2813,2.813999999999801,[0.11739508 4.54319599],[ 0.03373108 -2.71400215],[ 0.3109212  -5.04480253],[-0.04042933 -0.21120206]
2814,2.814999999999801,[0.11742913 4.54047692],[ 0.03404504 -2.71906998],[ 0.3139609  -5.06783684],[-0.04047182 -0.2111712 ]
2815,2.815999999999801,[0.11746349 4.53775276],[ 0.03436206 -2.72416097],[ 0.31701952 -5.09098543],[-0.04051447 -0.21113876]
2816,2.8169999999998008,[0.11749817 4.53502349],[ 0.03468216 -2.72927522],[ 0.32009719 -5.11424928],[-0.04055729 -0.21110474]
2817,2.8179999999998007,[0.11753318 4.53228908],[ 0.03500535 -2.73441285],[ 0.32319399 -5.13762939],[-0.04060029 -0.21106914]
2818,2.8189999999998006,[0.11756851 4.5295495 ],[ 0.03533166 -2.73957397],[ 0.32631003 -5.16112676],[-0.04064346 -0.21103193]
2819,2.8199999999998004,[0.11760417 4.52680474],[ 0.03566111 -2.74475872],[ 0.32944544 -5.1847424 ],[-0.0406868  -0.21099311]
2820,2.8209999999998003,[0.11764016 4.52405478],[ 0.03599371 -2.74996719],[ 0.3326003  -5.20847731],[-0.04073031 -0.21095267]
2821,2.8219999999998002,[0.11767649 4.52129958],[ 0.03632948 -2.75519953],[ 0.33577473 -5.23233251],[-0.040774   -0.21091061]
2822,2.8229999999998,[0.11771316 4.51853912],[ 0.03666845 -2.76045583],[ 0.33896885 -5.25630902],[-0.04081787 -0.21086691]
2823,2.8239999999998,[0.11775017 4.51577338],[ 0.03701064 -2.76573624],[ 0.34218275 -5.28040787],[-0.04086192 -0.21082157]
2824,2.8249999999998,[0.11778753 4.51300234],[ 0.03735605 -2.77104087],[ 0.34541655 -5.30463008],[-0.04090615 -0.21077457]
2825,2.8259999999998,[0.11782523 4.51022597],[ 0.03770472 -2.77636985],[ 0.34867037 -5.3289767 ],[-0.04095057 -0.21072592]
2826,2.8269999999997997,[0.11786329 4.50744425],[ 0.03805667 -2.7817233 ],[ 0.3519443  -5.35344877],[-0.04099516 -0.21067559]
2827,2.8279999999997996,[0.1179017  4.50465715],[ 0.0384119  -2.78710134],[ 0.35523847 -5.37804732],[-0.04103994 -0.21062358]
2828,2.8289999999997995,[0.11794047 4.50186464],[ 0.03877046 -2.79250412],[ 0.35855299 -5.40277343],[-0.0410849  -0.21056988]
2829,2.8299999999997993,[0.1179796  4.49906671],[ 0.03913235 -2.79793175],[ 0.36188797 -5.42762814],[-0.04113005 -0.21051448]
2830,2.8309999999997992,[0.1180191  4.49626333],[ 0.03949759 -2.80338436],[ 0.36524352 -5.45261252],[-0.04117539 -0.21045737]
2831,2.831999999999799,[0.11805897 4.49345447],[ 0.03986621 -2.80886209],[ 0.36861976 -5.47772764],[-0.04122092 -0.21039855]
2832,2.832999999999799,[0.11809921 4.4906401 ],[ 0.04023823 -2.81436506],[ 0.3720168  -5.50297457],[-0.04126664 -0.210338  ]
2833,2.833999999999799,[0.11813982 4.48782021],[ 0.04061366 -2.81989342],[ 0.37543477 -5.52835439],[-0.04131255 -0.21027571]
2834,2.834999999999799,[0.11818081 4.48499476],[ 0.04099253 -2.82544728],[ 0.37887376 -5.5538682 ],[-0.04135866 -0.21021167]
2835,2.8359999999997987,[0.11822219 4.48216373],[ 0.04137487 -2.8310268 ],[ 0.38233391 -5.57951707],[-0.04140496 -0.21014588]
2836,2.8369999999997986,[0.11826395 4.4793271 ],[ 0.04176068 -2.8366321 ],[ 0.38581533 -5.60530211],[-0.04145146 -0.21007832]
2837,2.8379999999997985,[0.1183061  4.47648484],[ 0.04215    -2.84226333],[ 0.38931813 -5.63122442],[-0.04149815 -0.21000899]
2838,2.8389999999997984,[0.11834864 4.47363692],[ 0.04254284 -2.84792061],[ 0.39284243 -5.6572851 ],[-0.04154505 -0.20993787]
2839,2.8399999999997982,[0.11839158 4.47078331],[ 0.04293923 -2.8536041 ],[ 0.39638835 -5.68348527],[-0.04159214 -0.20986496]
2840,2.840999999999798,[0.11843492 4.467924  ],[ 0.04333919 -2.85931392],[ 0.39995602 -5.70982604],[-0.04163944 -0.20979023]
2841,2.841999999999798,[0.11847866 4.46505895],[ 0.04374273 -2.86505023],[ 0.40354554 -5.73630855],[-0.04168694 -0.2097137 ]
2842,2.842999999999798,[0.11852281 4.46218814],[ 0.04414989 -2.87081317],[ 0.40715705 -5.76293391],[-0.04173465 -0.20963533]
2843,2.843999999999798,[0.11856737 4.45931153],[ 0.04456068 -2.87660287],[ 0.41079065 -5.78970327],[-0.04178256 -0.20955514]
2844,2.8449999999997977,[0.11861235 4.45642911],[ 0.04497513 -2.88241949],[ 0.41444647 -5.81661776],[-0.04183068 -0.20947309]
2845,2.8459999999997976,[0.11865774 4.45354085],[ 0.04539325 -2.88826317],[ 0.41812464 -5.84367852],[-0.04187901 -0.20938919]
2846,2.8469999999997975,[0.11870356 4.45064672],[ 0.04581508 -2.89413405],[ 0.42182526 -5.87088672],[-0.04192755 -0.20930342]
2847,2.8479999999997974,[0.1187498  4.44774668],[ 0.04624063 -2.9000323 ],[ 0.42554847 -5.89824349],[-0.0419763  -0.20921577]
2848,2.8489999999997973,[0.11879647 4.44484073],[ 0.04666992 -2.90595805],[ 0.42929438 -5.92575001],[-0.04202527 -0.20912623]
2849,2.849999999999797,[0.11884357 4.44192881],[ 0.04710298 -2.91191145],[ 0.43306312 -5.95340743],[-0.04207445 -0.20903479]
2850,2.850999999999797,[0.11889111 4.43901092],[ 0.04753984 -2.91789267],[ 0.43685481 -5.98121694],[-0.04212385 -0.20894145]
2851,2.851999999999797,[0.11893909 4.43608702],[ 0.04798051 -2.92390185],[ 0.44066958 -6.0091797 ],[-0.04217346 -0.20884618]
2852,2.852999999999797,[0.11898751 4.43315708],[ 0.04842502 -2.92993915],[ 0.44450754 -6.03729689],[-0.0422233  -0.20874898]
2853,2.8539999999997967,[0.11903639 4.43022108],[ 0.04887339 -2.93600472],[ 0.44836882 -6.06556971],[-0.04227336 -0.20864984]
2854,2.8549999999997966,[0.11908571 4.42727898],[ 0.04932564 -2.94209872],[ 0.45225354 -6.09399935],[-0.04232364 -0.20854874]
2855,2.8559999999997965,[0.1191355  4.42433076],[ 0.0497818 -2.9482213],[ 0.45616183 -6.12258699],[-0.04237414 -0.20844568]
2856,2.8569999999997964,[0.11918574 4.42137638],[ 0.05024189 -2.95437264],[ 0.46009381 -6.15133384],[-0.04242487 -0.20834064]
2857,2.8579999999997963,[0.11923644 4.41841583],[ 0.05070594 -2.96055288],[ 0.46404961 -6.18024111],[-0.04247583 -0.20823362]
2858,2.858999999999796,[0.11928762 4.41544907],[ 0.05117397 -2.96676219],[ 0.46802935 -6.20931001],[-0.04252702 -0.20812459]
2859,2.859999999999796,[0.11933926 4.41247607],[ 0.05164601 -2.97300073],[ 0.47203315 -6.23854174],[-0.04257844 -0.20801356]
2860,2.860999999999796,[0.11939139 4.4094968 ],[ 0.05212207 -2.97926867],[ 0.47606114 -6.26793754],[-0.04263009 -0.2079005 ]
2861,2.861999999999796,[0.11944399 4.40651123],[ 0.05260218 -2.98556617],[ 0.48011344 -6.29749863],[-0.04268197 -0.20778541]
2862,2.8629999999997957,[0.11949707 4.40351934],[ 0.05308637 -2.99189339],[ 0.48419019 -6.32722623],[-0.04273409 -0.20766827]
2863,2.8639999999997956,[0.11955065 4.40052109],[ 0.05357466 -2.99825051],[ 0.48829149 -6.35712158],[-0.04278645 -0.20754908]
2864,2.8649999999997955,[0.11960472 4.39751645],[ 0.05406708 -3.0046377 ],[ 0.49241749 -6.38718592],[-0.04283904 -0.20742782]
2865,2.8659999999997954,[0.11965928 4.3945054 ],[ 0.05456365 -3.01105512],[ 0.49656829 -6.41742048],[-0.04289188 -0.20730448]
2866,2.8669999999997953,[0.11971434 4.39148789],[ 0.05506439 -3.01750295],[ 0.50074404 -6.44782652],[-0.04294496 -0.20717905]
2867,2.867999999999795,[0.11976991 4.38846391],[ 0.05556934 -3.02398135],[ 0.50494484 -6.47840528],[-0.04299828 -0.20705151]
2868,2.868999999999795,[0.11982599 4.38543342],[ 0.05607851 -3.03049051],[ 0.50917084 -6.50915802],[-0.04305185 -0.20692185]
2869,2.869999999999795,[0.11988258 4.38239639],[ 0.05659193 -3.0370306 ],[ 0.51342214 -6.54008599],[-0.04310566 -0.20679007]
2870,2.870999999999795,[0.11993969 4.37935279],[ 0.05710963 -3.04360179],[ 0.51769888 -6.57119046],[-0.04315972 -0.20665614]
2871,2.8719999999997947,[0.11999732 4.37630258],[ 0.05763163 -3.05020426],[ 0.52200118 -6.60247269],[-0.04321403 -0.20652006]
2872,2.8729999999997946,[0.12005548 4.37324575],[ 0.05815796 -3.05683819],[ 0.52632916 -6.63393396],[-0.0432686  -0.20638182]
2873,2.8739999999997945,[0.12011417 4.37018224],[ 0.05868864 -3.06350377],[ 0.53068295 -6.66557552],[-0.04332342 -0.20624139]
2874,2.8749999999997944,[0.1201734  4.36711204],[ 0.05922371 -3.07020117],[ 0.53506266 -6.69739866],[-0.04337849 -0.20609878]
2875,2.8759999999997943,[0.12023316 4.36403511],[ 0.05976317 -3.07693057],[ 0.53946843 -6.72940466],[-0.04343382 -0.20595396]
2876,2.876999999999794,[0.12029347 4.36095142],[ 0.06030707 -3.08369217],[ 0.54390038 -6.7615948 ],[-0.04348941 -0.20580692]
2877,2.877999999999794,[0.12035432 4.35786093],[ 0.06085543 -3.09048614],[ 0.54835862 -6.79397035],[-0.04354526 -0.20565765]
2878,2.878999999999794,[0.12041573 4.35476362],[ 0.06140828 -3.09731267],[ 0.55284327 -6.82653262],[-0.04360137 -0.20550614]
2879,2.879999999999794,[0.12047769 4.35165945],[ 0.06196563 -3.10417195],[ 0.55735447 -6.85928288],[-0.04365775 -0.20535238]
2880,2.8809999999997937,[0.12054022 4.34854838],[ 0.06252752 -3.11106417],[ 0.56189233 -6.89222242],[-0.04371439 -0.20519634]
2881,2.8819999999997936,[0.12060332 4.34543039],[ 0.06309398 -3.11798953],[ 0.56645696 -6.92535255],[-0.0437713  -0.20503803]
2882,2.8829999999997935,[0.12066698 4.34230545],[ 0.06366503 -3.1249482 ],[ 0.57104849 -6.95867455],[-0.04382848 -0.20487741]
2883,2.8839999999997934,[0.12073122 4.33917351],[ 0.0642407  -3.13194039],[ 0.57566704 -6.99218973],[-0.04388593 -0.20471449]
2884,2.8849999999997933,[0.12079604 4.33603454],[ 0.06482101 -3.13896629],[ 0.58031272 -7.02589938],[-0.04394365 -0.20454925]
2885,2.885999999999793,[0.12086145 4.33288851],[ 0.06540599 -3.1460261 ],[ 0.58498565 -7.0598048 ],[-0.04400165 -0.20438167]
2886,2.886999999999793,[0.12092744 4.32973539],[ 0.06599568 -3.15312   ],[ 0.58968595 -7.09390729],[-0.04405993 -0.20421174]
2887,2.887999999999793,[0.12099403 4.32657515],[ 0.06659009 -3.16024821],[ 0.59441373 -7.12820815],[-0.04411848 -0.20403945]
2888,2.888999999999793,[0.12106122 4.32340773],[ 0.06718926 -3.16741092],[ 0.5991691  -7.16270869],[-0.04417731 -0.20386478]
2889,2.8899999999997927,[0.12112902 4.32023313],[ 0.06779321 -3.17460833],[ 0.60395218 -7.19741021],[-0.04423643 -0.20368773]
2890,2.8909999999997926,[0.12119742 4.31705129],[ 0.06840198 -3.18184064],[ 0.60876308 -7.23231401],[-0.04429583 -0.20350826]
2891,2.8919999999997925,[0.12126643 4.31386218],[ 0.06901558 -3.18910807],[ 0.61360191 -7.2674214 ],[-0.04435551 -0.20332638]
2892,2.8929999999997924,[0.12133607 4.31066577],[ 0.06963405 -3.1964108 ],[ 0.61846878 -7.30273367],[-0.04441549 -0.20314206]
2893,2.8939999999997923,[0.12140633 4.30746202],[ 0.07025741 -3.20374905],[ 0.6233638  -7.33825213],[-0.04447575 -0.2029553 ]
2894,2.894999999999792,[0.12147721 4.30425089],[ 0.0708857  -3.21112303],[ 0.62828707 -7.37397808],[-0.0445363  -0.20276608]
2895,2.895999999999792,[0.12154873 4.30103236],[ 0.07151894 -3.21853294],[ 0.63323871 -7.40991282],[-0.04459715 -0.20257438]
2896,2.896999999999792,[0.12162089 4.29780638],[ 0.07215716 -3.225979  ],[ 0.6382188  -7.44605764],[-0.04465829 -0.20238019]
2897,2.897999999999792,[0.12169369 4.29457292],[ 0.07280038 -3.23346141],[ 0.64322746 -7.48241385],[-0.04471973 -0.20218349]
2898,2.8989999999997917,[0.12176714 4.29133194],[ 0.07344865 -3.2409804 ],[ 0.64826479 -7.51898273],[-0.04478147 -0.20198427]
2899,2.8999999999997916,[0.12184124 4.2880834 ],[ 0.07410198 -3.24853616],[ 0.65333088 -7.55576558],[-0.04484351 -0.20178252]
2900,2.9009999999997915,[0.121916   4.28482728],[ 0.07476041 -3.25612893],[ 0.65842583 -7.59276369],[-0.04490586 -0.20157823]
2901,2.9019999999997914,[0.12199142 4.28156352],[ 0.07542396 -3.2637589 ],[ 0.66354975 -7.62997833],[-0.0449685  -0.20137136]
2902,2.9029999999997913,[0.12206752 4.27829209],[ 0.07609266 -3.27142631],[ 0.66870271 -7.6674108 ],[-0.04503146 -0.20116192]
2903,2.903999999999791,[0.12214428 4.27501296],[ 0.07676654 -3.27913138],[ 0.67388481 -7.70506237],[-0.04509472 -0.20094988]
2904,2.904999999999791,[0.12222173 4.27172608],[ 0.07744564 -3.28687431],[ 0.67909614 -7.7429343 ],[-0.04515829 -0.20073524]
2905,2.905999999999791,[0.12229986 4.26843143],[ 0.07812998 -3.29465534],[ 0.68433679 -7.78102788],[-0.04522218 -0.20051797]
2906,2.906999999999791,[0.12237868 4.26512895],[ 0.07881958 -3.30247468],[ 0.68960684 -7.81934436],[-0.04528638 -0.20029805]
2907,2.9079999999997908,[0.12245819 4.26181862],[ 0.07951449 -3.31033257],[ 0.69490637 -7.85788499],[-0.0453509  -0.20007549]
2908,2.9089999999997906,[0.12253841 4.25850039],[ 0.08021472 -3.31822922],[ 0.70023547 -7.89665103],[-0.04541573 -0.19985025]
2909,2.9099999999997905,[0.12261933 4.25517423],[ 0.08092032 -3.32616486],[ 0.7055942  -7.93564373],[-0.04548089 -0.19962233]
2910,2.9109999999997904,[0.12270096 4.25184009],[ 0.0816313  -3.33413973],[ 0.71098265 -7.97486431],[-0.04554637 -0.1993917 ]
2911,2.9119999999997903,[0.12278331 4.24849793],[ 0.0823477  -3.34215404],[ 0.71640088 -8.01431401],[-0.04561217 -0.19915836]
2912,2.91299999999979,[0.12286638 4.24514773],[ 0.08306955 -3.35020804],[ 0.72184896 -8.05399404],[-0.0456783  -0.19892228]
2913,2.91399999999979,[0.12295017 4.24178942],[ 0.08379688 -3.35830194],[ 0.72732696 -8.09390562],[-0.04574476 -0.19868345]
2914,2.91499999999979,[0.1230347  4.23842299],[ 0.08452971 -3.36643599],[ 0.73283494 -8.13404996],[-0.04581155 -0.19844186]
2915,2.91599999999979,[0.12311997 4.23504838],[ 0.08526809 -3.37461042],[ 0.73837295 -8.17442823],[-0.04587868 -0.19819748]
2916,2.9169999999997898,[0.12320598 4.23166555],[ 0.08601203 -3.38282546],[ 0.74394106 -8.21504163],[-0.04594613 -0.19795031]
2917,2.9179999999997897,[0.12329274 4.22827447],[ 0.08676157 -3.39108135],[ 0.74953931 -8.25589132],[-0.04601393 -0.19770032]
2918,2.9189999999997895,[0.12338026 4.22487509],[ 0.08751673 -3.39937833],[ 0.75516775 -8.29697847],[-0.04608206 -0.1974475 ]
2919,2.9199999999997894,[0.12346854 4.22146738],[ 0.08827756 -3.40771664],[ 0.76082643 -8.33830421],[-0.04615053 -0.19719184]
2920,2.9209999999997893,[0.12355758 4.21805128],[ 0.08904408 -3.41609651],[ 0.76651538 -8.37986968],[-0.04621935 -0.19693331]
2921,2.921999999999789,[0.1236474  4.21462676],[ 0.08981631 -3.42451818],[ 0.77223464 -8.42167601],[-0.04628851 -0.1966719 ]
2922,2.922999999999789,[0.12373799 4.21119378],[ 0.09059429 -3.43298191],[ 0.77798424 -8.46372429],[-0.04635802 -0.19640759]
2923,2.923999999999789,[0.12382937 4.20775229],[ 0.09137806 -3.44148792],[ 0.78376421 -8.50601561],[-0.04642788 -0.19614037]
2924,2.924999999999789,[0.12392154 4.20430226],[ 0.09216763 -3.45003647],[ 0.78957457 -8.54855106],[-0.04649809 -0.19587022]
2925,2.9259999999997888,[0.1240145  4.20084363],[ 0.09296305 -3.4586278 ],[ 0.79541534 -8.59133167],[-0.04656865 -0.19559712]
2926,2.9269999999997887,[0.12410827 4.19737637],[ 0.09376434 -3.46726216],[ 0.80128654 -8.6343585 ],[-0.04663957 -0.19532106]
2927,2.9279999999997885,[0.12420284 4.19390043],[ 0.09457152 -3.47593979],[ 0.80718816 -8.67763257],[-0.04671084 -0.19504201]
2928,2.9289999999997884,[0.12429822 4.19041576],[ 0.09538464 -3.48466095],[ 0.81312021 -8.72115486],[-0.04678248 -0.19475997]
2929,2.9299999999997883,[0.12439443 4.18692234],[ 0.09620373 -3.49342588],[ 0.8190827  -8.76492638],[-0.04685448 -0.19447491]
2930,2.930999999999788,[0.12449145 4.1834201 ],[ 0.0970288  -3.50223482],[ 0.8250756  -8.80894806],[-0.04692684 -0.19418682]
2931,2.931999999999788,[0.12458931 4.17990902],[ 0.0978599  -3.51108804],[ 0.83109891 -8.85322087],[-0.04699956 -0.19389567]
2932,2.932999999999788,[0.12468801 4.17638903],[ 0.09869705 -3.51998579],[ 0.83715261 -8.89774569],[-0.04707266 -0.19360146]
2933,2.933999999999788,[0.12478755 4.1728601 ],[ 0.09954029 -3.52892831],[ 0.84323667 -8.94252344],[-0.04714612 -0.19330416]
2934,2.934999999999788,[0.12488794 4.16932219],[ 0.10038964 -3.53791587],[ 0.84935105 -8.98755498],[-0.04721996 -0.19300376]
2935,2.9359999999997877,[0.12498919 4.16577524],[ 0.10124514 -3.54694871],[ 0.85549572 -9.03284113],[-0.04729417 -0.19270024]
2936,2.9369999999997876,[0.12509129 4.16221921],[ 0.10210681 -3.55602709],[ 0.86167064 -9.07838273],[-0.04736876 -0.19239358]
2937,2.9379999999997874,[0.12519427 4.15865406],[ 0.10297468 -3.56515127],[ 0.86787574 -9.12418055],[-0.04744373 -0.19208377]
2938,2.9389999999997873,[0.12529812 4.15507974],[ 0.10384879 -3.57432151],[ 0.87411097 -9.17023535],[-0.04751908 -0.19177078]
2939,2.9399999999997872,[0.12540285 4.1514962 ],[ 0.10472917 -3.58353806],[ 0.88037626 -9.21654785],[-0.04759481 -0.1914546 ]
2940,2.940999999999787,[0.12550846 4.1479034 ],[ 0.10561584 -3.59280118],[ 0.88667154 -9.26311875],[-0.04767092 -0.19113521]
2941,2.941999999999787,[0.12561497 4.14430129],[ 0.10650884 -3.60211112],[ 0.89299672 -9.3099487 ],[-0.04774742 -0.19081259]
2942,2.942999999999787,[0.12572238 4.14068982],[ 0.10740819 -3.61146816],[ 0.8993517  -9.35703834],[-0.04782431 -0.19048672]
2943,2.943999999999787,[0.12583069 4.13706895],[ 0.10831393 -3.62087255],[ 0.90573641 -9.40438826],[-0.0479016  -0.19015759]
2944,2.9449999999997867,[0.12593992 4.13343862],[ 0.10922608 -3.63032455],[ 0.91215071 -9.45199901],[-0.04797927 -0.18982518]
2945,2.9459999999997866,[0.12605006 4.1297988 ],[ 0.11014467 -3.63982442],[ 0.9185945 -9.4998711],[-0.04805735 -0.18948947]
2946,2.9469999999997865,[0.12616113 4.12614942],[ 0.11106974 -3.64937243],[ 0.92506764 -9.54800502],[-0.04813581 -0.18915044]
2947,2.9479999999997863,[0.12627314 4.12249046],[ 0.11200131 -3.65896883],[ 0.93157001 -9.5964012 ],[-0.04821468 -0.18880807]
2948,2.9489999999997862,[0.12638607 4.11882184],[ 0.11293941 -3.66861389],[ 0.93810146 -9.64506003],[-0.04829395 -0.18846234]
2949,2.949999999999786,[0.12649996 4.11514353],[ 0.11388407 -3.67830787],[ 0.94466183 -9.69398186],[-0.04837363 -0.18811324]
2950,2.950999999999786,[0.12661479 4.11145548],[ 0.11483532 -3.68805104],[ 0.95125096 -9.74316701],[-0.04845371 -0.18776075]
2951,2.951999999999786,[0.12673059 4.10775764],[ 0.11579319 -3.69784365],[ 0.95786866 -9.79261572],[-0.0485342  -0.18740485]
2952,2.952999999999786,[0.12684734 4.10404995],[ 0.11675771 -3.70768598],[ 0.96451476 -9.8423282 ],[-0.0486151  -0.18704552]
2953,2.9539999999997857,[0.12696507 4.10033238],[ 0.1177289  -3.71757828],[ 0.97118905 -9.89230462],[-0.04869641 -0.18668274]
2954,2.9549999999997856,[0.12708378 4.09660485],[ 0.11870679 -3.72752083],[ 0.97789133 -9.94254508],[-0.04877813 -0.18631649]
2955,2.9559999999997855,[0.12720347 4.09286734],[ 0.11969141 -3.73751388],[ 0.98462136 -9.99304963],[-0.04886028 -0.18594675]
2956,2.9569999999997854,[0.12732415 4.08911978],[ 0.12068279 -3.7475577 ],[  0.99137893 -10.04381828],[-0.04894284 -0.18557351]
2957,2.9579999999997852,[0.12744584 4.08536213],[ 0.12168095 -3.75765255],[  0.99816377 -10.09485095],[-0.04902582 -0.18519675]
2958,2.958999999999785,[0.12756852 4.08159433],[ 0.12268593 -3.7677987 ],[  1.00497563 -10.14614754],[-0.04910922 -0.18481645]
2959,2.959999999999785,[0.12769222 4.07781633],[ 0.12369774 -3.7779964 ],[  1.01181424 -10.19770786],[-0.04919305 -0.18443258]
2960,2.960999999999785,[0.12781694 4.07402809],[ 0.12471642 -3.78824594],[  1.01867932 -10.24953167],[-0.0492773  -0.18404514]
2961,2.961999999999785,[0.12794268 4.07022954],[ 0.12574199 -3.79854755],[  1.02557055 -10.30161865],[-0.04936198 -0.1836541 ]
2962,2.9629999999997847,[0.12806945 4.06642064],[ 0.12677448 -3.80890152],[  1.03248763 -10.35396844],[-0.0494471  -0.18325944]
2963,2.9639999999997846,[0.12819727 4.06260133],[ 0.12781391 -3.8193081 ],[  1.03943023 -10.40658059],[-0.04953264 -0.18286114]
2964,2.9649999999997845,[0.12832613 4.05877156],[ 0.12886031 -3.82976756],[  1.04639799 -10.45945458],[-0.04961862 -0.18245919]
2965,2.9659999999997844,[0.12845604 4.05493128],[ 0.1299137  -3.84028015],[  1.05339057 -10.51258982],[-0.04970504 -0.18205357]
2966,2.9669999999997843,[0.12858701 4.05108044],[ 0.13097411 -3.85084613],[  1.06040758 -10.56598565],[-0.04979189 -0.18164425]
2967,2.967999999999784,[0.12871906 4.04721897],[ 0.13204155 -3.86146577],[  1.06744863 -10.61964131],[-0.04987919 -0.18123122]
2968,2.968999999999784,[0.12885217 4.04334683],[ 0.13311607 -3.87213933],[  1.07451332 -10.67355599],[-0.04996692 -0.18081446]
2969,2.969999999999784,[0.12898637 4.03946397],[ 0.13419767 -3.88286706],[  1.0816012  -10.72772877],[-0.0500551  -0.18039395]
2970,2.970999999999784,[0.12912166 4.03557032],[ 0.13528638 -3.89364922],[  1.08871185 -10.78215866],[-0.05014373 -0.17996968]
2971,2.9719999999997837,[0.12925804 4.03166583],[ 0.13638223 -3.90448606],[  1.09584479 -10.83684458],[-0.0502328  -0.17954162]
2972,2.9729999999997836,[0.12939552 4.02775045],[ 0.13748523 -3.91537785],[  1.10299955 -10.89178536],[-0.05032232 -0.17910975]
2973,2.9739999999997835,[0.12953412 4.02382413],[ 0.1385954  -3.92632483],[  1.11017562 -10.94697972],[-0.0504123  -0.17867406]
2974,2.9749999999997834,[0.12967383 4.0198868 ],[ 0.13971277 -3.93732725],[  1.11737248 -11.0024263 ],[-0.05050273 -0.17823453]
2975,2.9759999999997833,[0.12981467 4.01593842],[ 0.14083736 -3.94838538],[  1.1245896  -11.05812365],[-0.05059361 -0.17779113]
2976,2.976999999999783,[0.12995664 4.01197892],[ 0.14196919 -3.95949945],[  1.1318264  -11.11407019],[-0.05068495 -0.17734386]
2977,2.977999999999783,[0.13009975 4.00800825],[ 0.14310827 -3.97066971],[  1.13908231 -11.17026427],[-0.05077674 -0.17689269]
2978,2.978999999999783,[0.13024126 4.00408439],[ 0.14151651 -3.92385742],[-1.59176083 46.81229039],[0. 0.]
2979,2.979999999999783,[0.13038115 4.00020736],[ 0.13988766 -3.87702394],[-1.62884999 46.83347807],[0. 0.]
2980,2.9809999999997827,[0.13051937 3.9963772 ],[ 0.13822231 -3.83016958],[-1.6653481  46.85436646],[0. 0.]
2981,2.9819999999997826,[0.13065589 3.9925939 ],[ 0.13652105 -3.78329464],[-1.70125801 46.87493781],[0. 0.]
2982,2.9829999999997825,[0.13079068 3.9888575 ],[ 0.13478447 -3.73639946],[-1.73658264 46.89517553],[0. 0.]
2983,2.9839999999997824,[0.13092369 3.98516802],[ 0.13301315 -3.6894844 ],[-1.77132497 46.91506418],[0. 0.]
2984,2.9849999999997823,[0.1310549  3.98152547],[ 0.13120766 -3.64254981],[-1.8054881  46.93458943],[0. 0.]
2985,2.985999999999782,[0.13118427 3.97792987],[ 0.12936858 -3.59559607],[-1.83907517 46.95373806],[0. 0.]
2986,2.986999999999782,[0.13131176 3.97438125],[ 0.12749649 -3.54862357],[-1.8720894  46.97249795],[0. 0.]
2987,2.987999999999782,[0.13143736 3.97087961],[ 0.12559196 -3.50163272],[-1.90453409 46.99085805],[0. 0.]
2988,2.988999999999782,[0.13156101 3.96742499],[ 0.12365555 -3.45462391],[-1.93641259 47.00880838],[0. 0.]
2989,2.9899999999997817,[0.1316827  3.96401739],[ 0.12168782 -3.40759757],[-1.96772833 47.02633997],[0. 0.]
2990,2.9909999999997816,[0.13180239 3.96065684],[ 0.11968933 -3.36055412],[-1.99848482 47.0434449 ],[0. 0.]
2991,2.9919999999997815,[0.13192005 3.95734334],[ 0.11766065 -3.31349401],[-2.0286856  47.06011624],[0. 0.]
2992,2.9929999999997814,[0.13203565 3.95407693],[ 0.11560231 -3.26641766],[-2.0583343  47.07634803],[0. 0.]
2993,2.9939999999997813,[0.13214917 3.9508576 ],[ 0.11351488 -3.21932552],[-2.0874346  47.09213528],[0. 0.]
2994,2.994999999999781,[0.13226057 3.94768538],[ 0.11139889 -3.17221805],[-2.11599023 47.10747391],[0. 0.]
2995,2.995999999999781,[0.13236982 3.94456029],[ 0.10925488 -3.12509569],[-2.14400497 47.12236078],[0. 0.]
2996,2.996999999999781,[0.1324769  3.94148233],[ 0.1070834  -3.07795889],[-2.17148267 47.13679363],[0. 0.]
2997,2.997999999999781,[0.13258179 3.93845152],[ 0.10488497 -3.03080812],[-2.1984272  47.15077104],[0. 0.]
2998,2.9989999999997807,[0.13268445 3.93546788],[ 0.10266013 -2.98364383],[-2.22484251 47.16429247],[0. 0.]
2999,2.9999999999997806,[0.13278486 3.93253141],[ 0.1004094  -2.93646647],[-2.25073256 47.17735815],[0. 0.]
3000,3.0009999999997805,[0.13288299 3.92964213],[ 0.0981333 -2.8892765],[-2.27610136 47.18996912],[0. 0.]
3001,3.0019999999997804,[0.13297882 3.92680006],[ 0.09583235 -2.84207438],[-2.30095297 47.20212719],[0. 0.]
3002,3.0029999999997803,[0.13307233 3.9240052 ],[ 0.09350705 -2.79486054],[-2.32529145 47.21383489],[0. 0.]
3003,3.00399999999978,[0.13316349 3.92125756],[ 0.09115793 -2.74763545],[-2.34912092 47.22509545],[0. 0.]
3004,3.00499999999978,[0.13325227 3.91855716],[ 0.08878549 -2.70039953],[-2.37244552 47.23591279],[0. 0.]
3005,3.00599999999978,[0.13333866 3.91590401],[ 0.08639022 -2.65315324],[-2.39526939 47.24629148],[0. 0.]
3006,3.00699999999978,[0.13342264 3.91329811],[ 0.08397262 -2.60589701],[-2.41759671 47.25623672],[0. 0.]
3007,3.0079999999997797,[0.13350417 3.91073948],[ 0.08153319 -2.55863125],[-2.43943167 47.2657543 ],[0. 0.]
3008,3.0089999999997796,[0.13358324 3.90822813],[ 0.07907241 -2.5113564 ],[-2.46077848 47.27485057],[0. 0.]
3009,3.0099999999997795,[0.13365983 3.90576405],[ 0.07659077 -2.46407287],[-2.48164133 47.28353242],[0. 0.]
3010,3.0109999999997794,[0.13373392 3.90334727],[ 0.07408875 -2.41678106],[-2.50202445 47.29180726],[0. 0.]
3011,3.0119999999997793,[0.13380549 3.90097779],[ 0.07156681 -2.36948138],[-2.52193205 47.29968296],[0. 0.]
3012,3.012999999999779,[0.13387451 3.89865562],[ 0.06902545 -2.32217421],[-2.54136833 47.30716786],[0. 0.]
3013,3.013999999999779,[0.13394098 3.89638076],[ 0.06646511 -2.27485994],[-2.56033751 47.31427071],[0. 0.]
3014,3.014999999999779,[0.13400487 3.89415322],[ 0.06388626 -2.22753894],[-2.57884376 47.32100066],[0. 0.]
3015,3.015999999999779,[0.13406616 3.89197301],[ 0.06128937 -2.18021157],[-2.59689129 47.3273672 ],[0. 0.]
3016,3.0169999999997787,[0.13412483 3.88984013],[ 0.05867489 -2.13287819],[-2.61448423 47.33338019],[0. 0.]
3017,3.0179999999997786,[0.13418087 3.88775459],[ 0.05604326 -2.08553914],[-2.63162674 47.33904977],[0. 0.]
3018,3.0189999999997785,[0.13423427 3.88571639],[ 0.05339494 -2.03819476],[-2.64832291 47.34438636],[0. 0.]
3019,3.0199999999997784,[0.134285   3.88372555],[ 0.05073036 -1.99084535],[-2.66457685 47.34940062],[0. 0.]
3020,3.0209999999997783,[0.13433305 3.88178206],[ 0.04804997 -1.94349125],[-2.6803926  47.35410344],[0. 0.]
3021,3.021999999999778,[0.1343784  3.87988592],[ 0.0453542  -1.89613275],[-2.69577417 47.3585059 ],[0. 0.]
3022,3.022999999999778,[0.13442105 3.87803715],[ 0.04264347 -1.84877013],[-2.71072553 47.36261923],[0. 0.]
3023,3.023999999999778,[0.13446096 3.87623575],[ 0.03991822 -1.80140367],[-2.72525062 47.3664548 ],[0. 0.]
3024,3.024999999999778,[0.13449814 3.87448172],[ 0.03717887 -1.75403365],[-2.73935333 47.3700241 ],[0. 0.]
3025,3.0259999999997778,[0.13453257 3.87277506],[ 0.03442583 -1.70666031],[-2.75303747 47.37333867],[0. 0.]
3026,3.0269999999997776,[0.13456423 3.87111577],[ 0.03165952 -1.6592839 ],[-2.76630683 47.37641012],[0. 0.]
3027,3.0279999999997775,[0.13459311 3.86950387],[ 0.02888036 -1.61190465],[-2.77916513 47.37925009],[0. 0.]
3028,3.0289999999997774,[0.1346192  3.86793935],[ 0.02608874 -1.56452278],[-2.79161603 47.38187022],[0. 0.]
3029,3.0299999999997773,[0.13464256 3.86642189],[ 0.02336228 -1.51745242],[-2.7264577  47.07035418],[0. 0.]
3030,3.030999999999777,[0.13466344 3.86495045],[ 0.02088451 -1.47144024],[-2.47777679 46.01218305],[0. 0.]
3031,3.031999999999777,[0.13468193 3.86352468],[ 0.01848108 -1.42577686],[-2.40342391 45.66337748],[0. 0.]
3032,3.032999999999777,[0.13469799 3.86214456],[ 0.01606746 -1.38011657],[-2.41362669 45.66029293],[0. 0.]
3033,3.033999999999777,[0.13471164 3.8608101 ],[ 0.01364398 -1.33445937],[-2.42347274 45.65719682],[0. 0.]
3034,3.0349999999997768,[0.13472285 3.8595213 ],[ 0.01121102 -1.28880527],[-2.43296527 45.6541005 ],[0. 0.]
3035,3.0359999999997767,[0.13473162 3.85827814],[ 0.00876891 -1.24315426],[-2.44210744 45.65101513],[0. 0.]
3036,3.0369999999997765,[0.13473794 3.85708063],[ 0.00631801 -1.19750631],[-2.45090231 45.64795167],[0. 0.]
3037,3.0379999999997764,[0.13474179 3.85592877],[ 0.00385865 -1.15186139],[-2.45935285 45.64492089],[0. 0.]
3038,3.0389999999997763,[0.13474319 3.85482255],[ 0.00139119 -1.10621945],[-2.46746195 45.64193332],[0. 0.]
3039,3.039999999999776,[0.1347421  3.85376197],[-0.00108404 -1.06058045],[-2.47523242 45.63899924],[0. 0.]
3040,3.040999999999776,[0.13473853 3.85274703],[-0.00356671 -1.01494432],[-2.48266695 45.63612866],[0. 0.]
3041,3.041999999999776,[0.13473248 3.85177772],[-0.00605648 -0.96931099],[-2.48976817 45.6333313 ],[0. 0.]
3042,3.042999999999776,[0.13472392 3.85085404],[-0.00855301 -0.92368038],[-2.49653858 45.63061662],[0. 0.]
3043,3.0439999999997758,[0.13471287 3.84997599],[-0.01105599 -0.87805238],[-2.5029806  45.62799371],[0. 0.]
3044,3.0449999999997757,[0.1346993  3.84914356],[-0.01356509 -0.83242691],[-2.50909655 45.62547138],[0. 0.]
3045,3.0459999999997756,[0.13468322 3.84835675],[-0.01607998 -0.78680385],[-2.51488864 45.62305805],[0. 0.]
3046,3.0469999999997754,[0.13466462 3.84761557],[-0.01860034 -0.74118309],[-2.52035898 45.62076182],[0. 0.]
3047,3.0479999999997753,[0.1346435  3.84692001],[-0.02112585 -0.6955645 ],[-2.52550957 45.61859041],[0. 0.]
3048,3.0489999999997752,[0.13461984 3.84627006],[-0.02365619 -0.64994795],[-2.5303423  45.61655114],[0. 0.]
3049,3.049999999999775,[0.13459365 3.84566573],[-0.02619105 -0.6043333 ],[-2.53485898 45.61465096],[0. 0.]
3050,3.050999999999775,[0.13456492 3.84510701],[-0.02873011 -0.5587204 ],[-2.53906126 45.61289639],[0. 0.]
3051,3.051999999999775,[0.13453365 3.8445939 ],[-0.03127306 -0.51310911],[-2.54295071 45.61129355],[0. 0.]
3052,3.052999999999775,[0.13449983 3.8441264 ],[-0.03381959 -0.46749926],[-2.5465288  45.60984812],[0. 0.]
3053,3.0539999999997747,[0.13446346 3.84370451],[-0.03636939 -0.4218907 ],[-2.54979684 45.60856537],[0. 0.]
3054,3.0549999999997746,[0.1344246  3.84332708],[-0.03885418 -0.37742167],[-2.48479529 44.4690221 ],[0. 0.]
3055,3.0559999999997745,[0.13438328 3.84299381],[-0.0413224  -0.33327453],[-2.46821938 44.14714241],[0. 0.]
3056,3.0569999999997743,[0.13433949 3.84270468],[-0.04379287 -0.28912875],[-2.4704667 44.1457851],[0. 0.]
3057,3.0579999999997742,[0.13429322 3.8424597 ],[-0.0462653  -0.24498407],[-2.4724319  44.14467252],[0. 0.]
3058,3.058999999999774,[0.13424448 3.84225886],[-0.04873942 -0.20084027],[-2.47411574 44.14380768],[0. 0.]
3059,3.059999999999774,[0.13419327 3.84210216],[-0.05121493 -0.15669707],[-2.47551885 44.14319311],[0. 0.]
3060,3.060999999999774,[0.13413958 3.84198961],[-0.05369158 -0.11255424],[-2.47664174 44.14283089],[0. 0.]
3061,3.061999999999774,[0.13408341 3.84192119],[-0.05616906 -0.06841152],[-2.47748481 44.14272264],[0. 0.]
3062,3.0629999999997737,[0.13402476 3.84189693],[-0.05864711 -0.02426865],[-2.47804837 44.14286953],[0. 0.]
3063,3.0639999999997736,[0.13396364 3.8419168 ],[-0.06112544  0.01987462],[-2.47833259 44.14327225],[0. 0.]
3064,3.0649999999997735,[0.13390003 3.84198082],[-0.06360378  0.06401855],[-2.47833754 44.14393103],[0. 0.]
3065,3.0659999999997734,[0.13383395 3.84208898],[-0.06608184  0.1081634 ],[-2.47806318 44.14484563],[0. 0.]
3066,3.0669999999997732,[0.13376539 3.84224129],[-0.06855935  0.15230941],[-2.47750933 44.14601536],[0. 0.]
3067,3.067999999999773,[0.13369435 3.84243775],[-0.07103603  0.19645685],[-2.47667573 44.14743904],[0. 0.]
3068,3.068999999999773,[0.13362084 3.84267835],[-0.07351159  0.24060597],[-2.47556199 44.14911504],[0. 0.]
3069,3.069999999999773,[0.13354486 3.84296311],[-0.07598576  0.28475701],[-2.47416761 44.15104127],[0. 0.]
3070,3.070999999999773,[0.1334664  3.84329202],[-0.07845825  0.32891023],[-2.47249198 44.15321519],[0. 0.]
3071,3.0719999999997727,[0.13338547 3.84366509],[-0.08092878  0.37306586],[-2.47053437 44.15563379],[0. 0.]
3072,3.0729999999997726,[0.13330207 3.84408231],[-0.08339708  0.41722415],[-2.46829395 44.1582936 ],[0. 0.]
3073,3.0739999999997725,[0.13321621 3.8445437 ],[-0.08586285  0.46138534],[-2.46576976 44.16119073],[0. 0.]
3074,3.0749999999997724,[0.13312788 3.84504925],[-0.08832581  0.50554966],[-2.46296075 44.16432084],[0. 0.]
3075,3.0759999999997722,[0.1330371  3.84559896],[-0.09078567  0.54971734],[-2.45986575 44.16767914],[0. 0.]
3076,3.076999999999772,[0.13294386 3.84619285],[-0.09324216  0.5938886 ],[-2.45648349 44.17126042],[0. 0.]
3077,3.077999999999772,[0.13284816 3.84683092],[-0.09569497  0.63806366],[-2.45281257 44.17505906],[0. 0.]
3078,3.078999999999772,[0.13275002 3.84751316],[-0.09814382  0.68224273],[-2.44885151 44.17906901],[0. 0.]
3079,3.079999999999772,[0.13264943 3.84823958],[-0.10058842  0.72642602],[-2.4445987  44.18328382],[0. 0.]
3080,3.0809999999997717,[0.1325464 3.8490102],[-0.10302847  0.77061371],[-2.44005246 44.18769665],[0. 0.]
3081,3.0819999999997716,[0.13244094 3.849825  ],[-0.10546368  0.81480601],[-2.43521096 44.19230026],[0. 0.]
3082,3.0829999999997715,[0.13233304 3.85068401],[-0.10789376  0.8590031 ],[-2.4300723  44.19708705],[0. 0.]
3083,3.0839999999997714,[0.13222273 3.85158721],[-0.11031839  0.90320515],[-2.42463447 44.20204905],[0. 0.]
3084,3.0849999999997713,[0.13210999 3.85253463],[-0.11273729  0.94741233],[-2.41889537 44.20717792],[0. 0.]
3085,3.085999999999771,[0.13199484 3.85352625],[-0.11515014  0.99162479],[-2.41285277 44.212465  ],[0. 0.]
3086,3.086999999999771,[0.13187728 3.85456209],[-0.11755664  1.03584269],[-2.40650439 44.21790128],[0. 0.]
3087,3.087999999999771,[0.13175732 3.85564216],[-0.11995649  1.08006617],[-2.39984782 44.22347746],[0. 0.]
3088,3.088999999999771,[0.13163498 3.85676645],[-0.12234937  1.12429535],[-2.39288057 44.22918392],[0. 0.]
3089,3.0899999999997707,[0.13151024 3.85793498],[-0.12473497  1.16853037],[-2.38560006 44.23501075],[0. 0.]
3090,3.0909999999997706,[0.13138313 3.85914776],[-0.12711298  1.21277131],[-2.37800362 44.24094777],[0. 0.]
3091,3.0919999999997705,[0.13125364 3.86040477],[-0.12948306  1.2570183 ],[-2.37008848 44.24698456],[0. 0.]
3092,3.0929999999997704,[0.1311218  3.86170605],[-0.13184492  1.30127141],[-2.36185181 44.25311043],[0. 0.]
3093,3.0939999999997703,[0.1309876  3.86305158],[-0.13419821  1.34553072],[-2.35329067 44.25931448],[0. 0.]
3094,3.09499999999977,[0.13085106 3.86444137],[-0.13654261  1.38979631],[-2.34440206 44.26558561],[0. 0.]
3095,3.09599999999977,[0.13071218 3.86587544],[-0.13887779  1.43406822],[-2.33518289 44.27191251],[0. 0.]
3096,3.09699999999977,[0.13057098 3.86735379],[-0.14120342  1.4783465 ],[-2.32562999 44.27828372],[0. 0.]
3097,3.09799999999977,[0.13042746 3.86887642],[-0.14351916  1.52263119],[-2.31574013 44.28468761],[0. 0.]
3098,3.0989999999997697,[0.13028163 3.87044334],[-0.14582467  1.5669223 ],[-2.30551    44.29111241],[0. 0.]
3099,3.0999999999997696,[0.13013351 3.87205456],[-0.14811961  1.61121985],[-2.29493622 44.29754626],[0. 0.]
3100,3.1009999999997695,[0.12998311 3.87371008],[-0.15040362  1.65552383],[-2.28401534 44.30397719],[0. 0.]
3101,3.1019999999997694,[0.12983043 3.87540992],[-0.15267637  1.69983422],[-2.27274385 44.31039315],[0. 0.]
3102,3.1029999999997693,[0.1296755  3.87715407],[-0.15493748  1.744151  ],[-2.26111817 44.31678204],[0. 0.]
3103,3.103999999999769,[0.12951831 3.87894254],[-0.15718662  1.78847413],[-2.24913468 44.32313174],[0. 0.]
3104,3.104999999999769,[0.12935889 3.88077535],[-0.15942341  1.83280356],[-2.2367897  44.32943009],[0. 0.]
3105,3.105999999999769,[0.12919724 3.88265249],[-0.16164749  1.87713923],[-2.22407946 44.33566497],[0. 0.]
3106,3.106999999999769,[0.12903338 3.88457397],[-0.16385849  1.92148105],[-2.2110002  44.34182428],[0. 0.]
3107,3.1079999999997687,[0.12886732 3.8865398 ],[-0.16605604  1.96582895],[-2.19754806 44.34789597],[0. 0.]
3108,3.1089999999997686,[0.12869908 3.88854998],[-0.16823976  2.01018282],[-2.18371916 44.35386808],[0. 0.]
3109,3.1099999999997685,[0.12852868 3.89060452],[-0.17040927  2.05454255],[-2.16950957 44.35972875],[0. 0.]
3110,3.1109999999997684,[0.12835611 3.89270343],[-0.17256418  2.09890801],[-2.15491533 44.36546623],[0. 0.]
3111,3.1119999999997683,[0.12818141 3.89484671],[-0.17470411  2.14327908],[-2.13993244 44.37106893],[0. 0.]
3112,3.112999999999768,[0.12800458 3.89703436],[-0.17682867  2.18765561],[-2.12455685 44.37652544],[0. 0.]
3113,3.113999999999768,[0.12782564 3.8992664 ],[-0.17893745  2.23203743],[-2.10878451 44.38182454],[0. 0.]
3114,3.114999999999768,[0.12764461 3.90154283],[-0.18103007  2.27642439],[-2.09261132 44.38695523],[0. 0.]
3115,3.115999999999768,[0.12746151 3.90386364],[-0.1831061   2.32081629],[-2.07603315 44.39190674],[0. 0.]
3116,3.1169999999997677,[0.12727634 3.90622886],[-0.18516515  2.36521296],[-2.05904589 44.39666861],[0. 0.]
3117,3.1179999999997676,[0.12708913 3.90863847],[-0.18720679  2.40961419],[-2.04164536 44.40123063],[0. 0.]
3118,3.1189999999997675,[0.1268999  3.91109249],[-0.18923062  2.45401978],[-2.0238274  44.40558294],[0. 0.]
3119,3.1199999999997674,[0.12670867 3.91359092],[-0.19123621  2.49842949],[-2.00558782 44.40971602],[0. 0.]
3120,3.1209999999997673,[0.12651544 3.91613376],[-0.19322313  2.54284311],[-1.98692244 44.4136207 ],[0. 0.]
3121,3.121999999999767,[0.12632025 3.91872102],[-0.19519096  2.5872604 ],[-1.96782705 44.41728823],[0. 0.]
3122,3.122999999999767,[0.12612311 3.9213527 ],[-0.19713925  2.63168111],[-1.94829745 44.42071027],[0. 0.]
3123,3.123999999999767,[0.12592405 3.92402881],[-0.19906758  2.67610499],[-1.92832945 44.42387891],[0. 0.]
3124,3.124999999999767,[0.12572307 3.92674934],[-0.2009755   2.72053178],[-1.90791886 44.42678673],[0. 0.]
3125,3.1259999999997667,[0.12552021 3.9295143 ],[-0.20286256  2.7649612 ],[-1.88706147 44.4294268 ],[0. 0.]
3126,3.1269999999997666,[0.12531548 3.93232369],[-0.20472832  2.809393  ],[-1.86575311 44.43179269],[0. 0.]
3127,3.1279999999997665,[0.12510891 3.93517752],[-0.20657231  2.85382687],[-1.84398962 44.43387853],[0. 0.]
3128,3.1289999999997664,[0.12490051 3.93807578],[-0.20839407  2.89826255],[-1.82176684 44.43567902],[0. 0.]
3129,3.1299999999997663,[0.12469032 3.94101848],[-0.21019315  2.94269974],[-1.79908064 44.43718944],[0. 0.]
3130,3.130999999999766,[0.12447835 3.94400562],[-0.21196908  2.98713815],[-1.7759269  44.43840568],[0. 0.]
3131,3.131999999999766,[0.12426463 3.9470372 ],[-0.21372138  3.03157747],[-1.75230153 44.43932429],[0. 0.]
3132,3.132999999999766,[0.12404918 3.95011322],[-0.21544958  3.07601742],[-1.72820048 44.43994246],[0. 0.]
3133,3.133999999999766,[0.12383203 3.95323367],[-0.2171532   3.12045767],[-1.70361972 44.44025807],[0. 0.]
3134,3.1349999999997658,[0.12361319 3.95639857],[-0.21883176  3.16489794],[-1.67855522 44.44026972],[0. 0.]
3135,3.1359999999997656,[0.12339271 3.95960791],[-0.22048476  3.20933792],[-1.65300305 44.43997672],[0. 0.]
3136,3.1369999999997655,[0.1231706  3.96286169],[-0.22211172  3.2537773 ],[-1.62695925 44.43937914],[0. 0.]
3137,3.1379999999997654,[0.12294689 3.9661599 ],[-0.22371214  3.29821578],[-1.60041995 44.43847783],[0. 0.]
3138,3.1389999999997653,[0.1227216  3.96950256],[-0.22528552  3.34265305],[-1.57338129 44.43727442],[0. 0.]
3139,3.139999999999765,[0.12249477 3.97288965],[-0.22683136  3.38708882],[-1.54583947 44.43577137],[0. 0.]
3140,3.140999999999765,[0.12226642 3.97632117],[-0.22834915  3.43152279],[-1.51779073 44.43397195],[0. 0.]
3141,3.141999999999765,[0.12203658 3.97979712],[-0.22983838  3.47595468],[-1.48923136 44.43188031],[0. 0.]
3142,3.142999999999765,[0.12180528 3.98331751],[-0.23129854  3.52038418],[-1.46015771 44.42950146],[0. 0.]
3143,3.1439999999997648,[0.12157255 3.98688232],[-0.23272911  3.56481102],[-1.43056615 44.42684131],[0. 0.]
3144,3.1449999999997647,[0.12133842 3.99049155],[-0.23412956  3.60923492],[-1.40045314 44.42390665],[0. 0.]
3145,3.1459999999997645,[0.12110292 3.99414521],[-0.23549937  3.65365563],[-1.36981518 44.42070524],[0. 0.]
3146,3.1469999999997644,[0.12086609 3.99784328],[-0.23683802  3.69807288],[-1.33864883 44.41724575],[0. 0.]
3147,3.1479999999997643,[0.12062794 4.00158577],[-0.23814497  3.74248641],[-1.3069507  44.41353783],[0. 0.]
3148,3.148999999999764,[0.12038852 4.00537266],[-0.23941969  3.78689601],[-1.27471748 44.40959209],[0. 0.]
3149,3.149999999999764,[0.12014786 4.00920397],[-0.24066164  3.83130143],[-1.2419459  44.40542014],[0. 0.]
3150,3.150999999999764,[0.11990599 4.01307967],[-0.24187027  3.87570246],[-1.20863276 44.40103458],[0. 0.]
3151,3.151999999999764,[0.11966295 4.01699977],[-0.24304504  3.92009891],[-1.17477493 44.39644904],[0. 0.]
3152,3.1529999999997638,[0.11941876 4.02096426],[-0.24418541  3.96449059],[-1.14036933 44.39167819],[0. 0.]
3153,3.1539999999997637,[0.11917347 4.02497313],[-0.24529083  4.00887733],[-1.10541297 44.3867377 ],[0. 0.]
3154,3.1549999999997635,[0.11892711 4.02902639],[-0.24636073  4.05325897],[-1.06990289 44.38164435],[0. 0.]
3155,3.1559999999997634,[0.11867971 4.03312403],[-0.24739457  4.09763539],[-1.03383622 44.37641594],[0. 0.]
3156,3.1569999999997633,[0.11843132 4.03726604],[-0.24839178  4.14200646],[-0.99721017 44.37107136],[0. 0.]
3157,3.157999999999763,[0.11818197 4.04145241],[-0.2493518   4.18637209],[-0.96002197 44.36563058],[0. 0.]
3158,3.158999999999763,[0.1179317  4.04568314],[-0.25027407  4.2307322 ],[-0.92226896 44.36011467],[0. 0.]
3159,3.159999999999763,[0.11768054 4.04995823],[-0.25115802  4.27508675],[-0.88394854 44.3545458 ],[0. 0.]
3160,3.160999999999763,[0.11742853 4.05427766],[-0.25200307  4.3194357 ],[-0.84505815 44.34894722],[0. 0.]
3161,3.161999999999763,[0.11717573 4.05864144],[-0.25280867  4.36377904],[-0.80559533 44.34334333],[0. 0.]
3162,3.1629999999997627,[0.11692215 4.06304956],[-0.25357423  4.4081168 ],[-0.76555766 44.33775962],[0. 0.]
3163,3.1639999999997626,[0.11666785 4.06750201],[-0.25429917  4.45244902],[-0.7249428  44.33222273],[0. 0.]
3164,3.1649999999997624,[0.11641287 4.07199878],[-0.25498292  4.49677578],[-0.68374847 44.3267604 ],[0. 0.]
3165,3.1659999999997623,[0.11615725 4.07653988],[-0.25562489  4.54109718],[-0.64197245 44.32140152],[0. 0.]
3166,3.1669999999997622,[0.11590102 4.08112529],[-0.2562245   4.58541336],[-0.59961258 44.3161761 ],[0. 0.]
3167,3.167999999999762,[0.11564424 4.08575502],[-0.25678117  4.62972447],[-0.55666677 44.31111531],[0. 0.]
3168,3.168999999999762,[0.11538695 4.09042905],[-0.2572943   4.67403073],[-0.51313299 44.30625144],[0. 0.]
3169,3.169999999999762,[0.11512918 4.09514738],[-0.25776331  4.71833234],[-0.46900925 44.30161792],[0. 0.]
3170,3.170999999999762,[0.11487099 4.09991001],[-0.25818761  4.76262959],[-0.42429365 44.29724932],[0. 0.]
3171,3.1719999999997617,[0.11461243 4.10471693],[-0.25856659  4.80692277],[-0.3789843  44.29318137],[0. 0.]
3172,3.1729999999997616,[0.11435353 4.10956815],[-0.25889967  4.85121223],[-0.33307941 44.2894509 ],[0. 0.]
3173,3.1739999999997615,[0.11409434 4.11446364],[-0.25918625  4.89549832],[-0.28657721 44.28609592],[0. 0.]
3174,3.1749999999997613,[0.11383492 4.11940343],[-0.25942572  4.93978148],[-0.23947598 44.28315554],[0. 0.]
3175,3.1759999999997612,[0.1135753  4.12438749],[-0.2596175   4.98406215],[-0.19177406 44.28067003],[0. 0.]
3176,3.176999999999761,[0.11331554 4.12941583],[-0.25976097  5.02834083],[-0.14346982 44.27868078],[0. 0.]
3177,3.177999999999761,[0.11305568 4.13448845],[-0.25985553  5.07261806],[-0.09456169 44.27723031],[0. 0.]
3178,3.178999999999761,[0.11280558 4.13937301],[-0.25010663  4.8845643 ],[   9.74890249 -188.05375531],[-0.03285609 -0.74093297]
3179,3.179999999999761,[0.11256488 4.14407318],[-0.24069254  4.70016678],[   9.41408212 -184.39752576],[-0.03333584 -0.732512  ]
3180,3.1809999999997607,[0.11233328 4.14859248],[-0.23159794  4.51930719],[   9.09460039 -180.85958508],[-0.03379977 -0.72425532]
3181,3.1819999999997606,[0.11211048 4.15293436],[-0.22280819  4.34187285],[   8.78975236 -177.43434002],[-0.03424861 -0.71615737]
3182,3.1829999999997605,[0.11189617 4.15710211],[-0.21430932  4.16775633],[   8.49887039 -174.11652501],[-0.03468307 -0.70821285]
3183,3.1839999999997604,[0.11169008 4.16109897],[-0.206088    3.99685515],[   8.22132186 -170.90118094],[-0.03510382 -0.70041673]
3184,3.1849999999997602,[0.11149195 4.16492804],[-0.19813149  3.82907151],[   7.95650703 -167.78363537],[-0.0355115  -0.69276421]
3185,3.18599999999976,[0.11130152 4.16859235],[-0.19042763  3.66431203],[   7.70385712 -164.75948412],[-0.0359067 -0.6852507]
3186,3.18699999999976,[0.11111856 4.17209484],[-0.1829648   3.50248745],[   7.46283238 -161.82457414],[-0.03629003 -0.67787183]
3187,3.18799999999976,[0.11094282 4.17543835],[-0.17573188  3.34351246],[   7.23292042 -158.97498757],[-0.03666203 -0.67062345]
3188,3.18899999999976,[0.11077411 4.17862566],[-0.16871825  3.18730544],[   7.01363455 -156.20702683],[-0.03702324 -0.66350156]
3189,3.1899999999997597,[0.11061219 4.18165945],[-0.16191373  3.03378824],[   6.80451231 -153.51720082],[-0.03737417 -0.65650236]
3190,3.1909999999997596,[0.11045688 4.18454233],[-0.15530862  2.88288602],[   6.60511402 -150.90221195],[-0.0377153  -0.64962222]
3191,3.1919999999997595,[0.11030799 4.18727686],[-0.1488936   2.73452708],[   6.41502149 -148.35894414],[-0.03804711 -0.64285765]
3192,3.1929999999997594,[0.11016533 4.1898655 ],[-0.14265976  2.58864263],[   6.23383678 -145.88445156],[-0.03837003 -0.63620531]
3193,3.1939999999997593,[0.11002873 4.19231067],[-0.13659858  2.44516668],[   6.06118102 -143.47594821],[-0.03868449 -0.62966203]
3194,3.194999999999759,[0.10989803 4.1946147 ],[-0.13070189  2.30403588],[   5.8966934  -141.13079807],[-0.03899091 -0.62322474]
3195,3.195999999999759,[0.10977307 4.19677989],[-0.12496186  2.16518938],[   5.74003007 -138.84650601],[-0.03928967 -0.6168905 ]
3196,3.196999999999759,[0.1096537  4.19880846],[-0.11937099  2.02856867],[   5.59086326 -136.62070926],[-0.03958116 -0.6106565 ]
3197,3.197999999999759,[0.10953977 4.20070258],[-0.11392211  1.8941175 ],[   5.4488804  -134.45116944],[-0.03986572 -0.60452005]
3198,3.1989999999997587,[0.10943117 4.20246436],[-0.10860833  1.76178173],[   5.31378323 -132.33576512],[-0.04014371 -0.59847853]
3199,3.1999999999997586,[0.10932774 4.20409587],[-0.10342304  1.63150925],[   5.18528709 -130.27248482],[-0.04041546 -0.59252946]
3200,3.2009999999997585,[0.10922938 4.20559912],[-0.09835992  1.50324983],[   5.06312016 -128.25942056],[-0.04068128 -0.58667044]
3201,3.2019999999997584,[0.10913597 4.20697608],[-0.0934129   1.37695507],[   4.94702279 -126.2947617 ],[-0.04094148 -0.58089915]
3202,3.2029999999997583,[0.10904739 4.20822865],[-0.08857615  1.25257828],[   4.83674685 -124.37678926],[-0.04119636 -0.57521337]
3203,3.203999999999758,[0.10896355 4.20935873],[-0.0838441   1.13007441],[   4.73205513 -122.50387059],[-0.04144618 -0.56961096]
3204,3.204999999999758,[0.10888429 4.21036935],[-0.07925727  1.01061745],[   4.58682803 -119.45695851],[-0.04169121 -0.56408986]
3205,3.205999999999758,[0.10880953 4.21126227],[-0.07476365  0.89292841],[   4.49361874 -117.68904134],[-0.04192943 -0.55870906]
3206,3.206999999999758,[0.10873917 4.21203924],[-0.07035839  0.7769672 ],[   4.40525838 -115.96120728],[-0.04216341 -0.5534048 ]
3207,3.2079999999997577,[0.10867313 4.21270194],[-0.06603684  0.66269505],[   4.32155197 -114.27214404],[-0.0423934  -0.54817524]
3208,3.2089999999997576,[0.10861134 4.21325201],[-0.06179453  0.55007445],[   4.24231275 -112.62060222],[-0.04261962 -0.5430186 ]
3209,3.2099999999997575,[0.10855371 4.21369108],[-0.05762717  0.43906906],[   4.16736183 -111.00539174],[-0.04284227 -0.53793319]
3210,3.2109999999997574,[0.10850018 4.21402072],[-0.05353064  0.32964368],[   4.09652777 -109.42537852],[-0.04306158 -0.53291735]
3211,3.2119999999997573,[0.10845068 4.21424249],[-0.04950099  0.2217642 ],[   4.0296462  -107.87948139],[-0.04327773 -0.52796946]
3212,3.212999999999757,[0.10840515 4.21435789],[-0.04553443  0.11539753],[   3.96655956 -106.36666907],[-0.04349093 -0.52308799]
3213,3.213999999999757,[0.10836352 4.2143684 ],[-0.04162732  0.01051157],[   3.90711668 -104.8859575 ],[-0.04370134 -0.51827143]
3214,3.214999999999757,[0.10832574 4.21427547],[-0.03777614 -0.09292483],[   3.85117255 -103.43640719],[-0.04390916 -0.51351831]
3215,3.215999999999757,[0.10829176 4.21408053],[-0.03397756 -0.19494195],[   3.79858802 -102.01712077],[-0.04411454 -0.50882723]
3216,3.2169999999997567,[0.10826136 4.21378541],[-0.0304018  -0.29511827],[   3.57575984 -100.17631313],[-0.04431765 -0.50419682]
3217,3.2179999999997566,[0.10823431 4.21339195],[-0.02705499 -0.39346405],[  3.34680435 -98.3457869 ],[-0.04450996 -0.49964833]
3218,3.2189999999997565,[0.10821056 4.21290146],[-0.023751   -0.49048951],[  3.3039911  -97.02545555],[-0.04469113 -0.49518143]
3219,3.2199999999997564,[0.10819007 4.21231524],[-0.02048702 -0.58622119],[  3.26398104 -95.7316811 ],[-0.04487048 -0.49077075]
3220,3.2209999999997563,[0.10817281 4.21163455],[-0.01726036 -0.68068495],[  3.22666272 -94.46376066],[-0.04504813 -0.48641508]
3221,3.221999999999756,[0.10815874 4.21086065],[-0.01406843 -0.77390597],[  3.19192902 -93.22102079],[-0.04522421 -0.48211326]
3222,3.222999999999756,[0.10814783 4.20999474],[-0.01090875 -0.86590879],[  3.15967695 -92.00281597],[-0.04539886 -0.47786416]
3223,3.223999999999756,[0.10814005 4.20903802],[-0.00777894 -0.95671731],[  3.1298075  -90.80852713],[-0.0455722  -0.47366667]
3224,3.224999999999756,[0.10813538 4.20799167],[-0.00467672 -1.04635487],[  3.10222544 -89.63756022],[-0.04574433 -0.4695197 ]
3225,3.2259999999997557,[0.10813378 4.20685682],[-0.00159988 -1.13484422],[  3.07683915 -88.48934496],[-0.04591537 -0.46542222]
3226,3.2269999999997556,[0.10813523 4.20563461],[ 0.00145368 -1.22220755],[  3.0535605  -87.36333355],[-0.04608543 -0.4613732 ]
3227,3.2279999999997555,[0.10813972 4.20432615],[ 0.00448599 -1.30846655],[  3.0323047  -86.25899954],[-0.04625462 -0.45737165]
3228,3.2289999999997554,[0.10814722 4.2029325 ],[ 0.00749898 -1.39364239],[  3.01299012 -85.17583672],[-0.04642302 -0.45341657]
3229,3.2299999999997553,[0.10815771 4.20145475],[ 0.01049451 -1.47775575],[  2.99553821 -84.11335806],[-0.04659074 -0.44950704]
3230,3.230999999999755,[0.10817118 4.19989392],[ 0.01347439 -1.56082684],[  2.97987334 -83.07109475],[-0.04675786 -0.44564211]
3231,3.231999999999755,[0.10818762 4.19825105],[ 0.01644031 -1.64287544],[  2.96592268 -82.04859528],[-0.04692448 -0.44182089]
3232,3.232999999999755,[0.10820702 4.19652713],[ 0.01939393 -1.72392086],[  2.95361613 -81.04542452],[-0.04709068 -0.43804248]
3233,3.233999999999755,[0.10822936 4.19472314],[ 0.02233681 -1.80398203],[  2.94288613 -80.06116294],[-0.04725654 -0.43430602]
3234,3.2349999999997547,[0.10825463 4.19284007],[ 0.02527048 -1.88307743],[  2.93366763 -79.0954058 ],[-0.04742213 -0.43061066]
3235,3.2359999999997546,[0.10828282 4.19087884],[ 0.02819638 -1.96122519],[  2.92589796 -78.14776241],[-0.04758754 -0.42695557]
3236,3.2369999999997545,[0.10831394 4.1888404 ],[ 0.03111589 -2.03844305],[  2.91951672 -77.21785544],[-0.04775283 -0.42333994]
3237,3.2379999999997544,[0.10834797 4.18672565],[ 0.03403036 -2.11474837],[  2.91446573 -76.30532023],[-0.04791808 -0.41976298]
3238,3.2389999999997543,[0.10838491 4.18453549],[ 0.03694105 -2.19015817],[  2.91068889 -75.40980419],[-0.04808334 -0.41622391]
3239,3.239999999999754,[0.10842476 4.1822708 ],[ 0.03984918 -2.26468914],[  2.90813215 -74.5309662 ],[-0.04824868 -0.41272196]
3240,3.240999999999754,[0.10846751 4.17993244],[ 0.04275592 -2.33835762],[  2.90674337 -73.66847602],[-0.04841417 -0.40925639]
3241,3.241999999999754,[0.10851318 4.17752127],[ 0.0456624  -2.41117963],[  2.9064723  -72.82201379],[-0.04857986 -0.40582647]
3242,3.242999999999754,[0.10856175 4.17503809],[ 0.04856967 -2.4831709 ],[  2.9072705  -71.99126953],[-0.0487458  -0.40243149]
3243,3.2439999999997537,[0.10861323 4.17248375],[ 0.05147876 -2.55434684],[  2.9090912  -71.17594261],[-0.04891206 -0.39907073]
3244,3.2449999999997536,[0.10866762 4.16985902],[ 0.05439065 -2.62472258],[  2.91188934 -70.37574134],[-0.04907867 -0.39574351]
3245,3.2459999999997535,[0.10872492 4.16716471],[ 0.05730627 -2.69431297],[  2.91562142 -69.59038253],[-0.0492457  -0.39244915]
3246,3.2469999999997534,[0.10878515 4.16440158],[ 0.06022652 -2.76313256],[  2.92024546 -68.81959107],[-0.04941319 -0.38918699]
3247,3.2479999999997533,[0.1088483  4.16157038],[ 0.06315224 -2.83119566],[  2.92572096 -68.06309956],[-0.04958117 -0.38595637]
3248,3.248999999999753,[0.10891439 4.15867187],[ 0.06608424 -2.8985163 ],[  2.93200884 -67.32064793],[-0.04974971 -0.38275666]
3249,3.249999999999753,[0.10898341 4.15570676],[ 0.06902332 -2.96510829],[  2.93907134 -66.59198307],[-0.04991883 -0.37958723]
3250,3.250999999999753,[0.10905538 4.15267577],[ 0.07197019 -3.03098515],[  2.94687203 -65.87685856],[-0.05008858 -0.37644746]
3251,3.251999999999753,[0.1091303  4.14957961],[ 0.07492556 -3.09616018],[  2.95537571 -65.17503428],[-0.05025899 -0.37333674]
3252,3.2529999999997528,[0.10920819 4.14641897],[ 0.07789011 -3.16064646],[  2.96454838 -64.48627614],[-0.0504301  -0.37025449]
3253,3.2539999999997526,[0.10928906 4.14319451],[ 0.08086447 -3.22445681],[  2.97435719 -63.81035583],[-0.05060195 -0.36720011]
3254,3.2549999999997525,[0.10937291 4.13990691],[ 0.08384924 -3.28760386],[  2.9847704  -63.14705047],[-0.05077456 -0.36417302]
3255,3.2559999999997524,[0.10945975 4.13655681],[ 0.086845 -3.3501  ],[  2.9957573  -62.49614244],[-0.05094797 -0.36117268]
3256,3.2569999999997523,[0.10954961 4.13314485],[ 0.08985229 -3.41195742],[  3.00728823 -61.85741905],[-0.05112221 -0.35819851]
3257,3.257999999999752,[0.10964248 4.12967166],[ 0.09287162 -3.4731881 ],[  3.01933449 -61.23067237],[-0.05129731 -0.35524998]
3258,3.258999999999752,[0.10973838 4.12613786],[ 0.09590349 -3.5338038 ],[  3.03186829 -60.61569897],[-0.05147329 -0.35232655]
3259,3.259999999999752,[0.10983733 4.12254404],[ 0.09894835 -3.59381609],[  3.04486277 -60.0122997 ],[-0.05165018 -0.34942768]
3260,3.260999999999752,[0.10993934 4.1188908 ],[ 0.10200664 -3.65323637],[  3.0582919  -59.42027951],[-0.05182801 -0.34655287]
3261,3.2619999999997518,[0.11004441 4.11517873],[ 0.10507877 -3.71207582],[  3.07213046 -58.83944726],[-0.05200679 -0.3437016 ]
3262,3.2629999999997517,[0.11015258 4.11140838],[ 0.10816513 -3.77034544],[  3.08635405 -58.26961549],[-0.05218655 -0.34087336]
3263,3.2639999999997515,[0.11026385 4.10758033],[ 0.11126607 -3.82805604],[  3.10093897 -57.71060028],[-0.05236731 -0.33806768]
3264,3.2649999999997514,[0.11037823 4.10369511],[ 0.11438193 -3.88521826],[  3.11586227 -57.16222106],[-0.05254908 -0.33528405]
3265,3.2659999999997513,[0.11049574 4.09975327],[ 0.11751303 -3.94184256],[  3.13110166 -56.62430046],[-0.0527319 -0.332522 ]
3266,3.266999999999751,[0.1106164  4.09575533],[ 0.12065967 -3.99793922],[  3.14663553 -56.09666412],[-0.05291577 -0.32978107]
3267,3.267999999999751,[0.11074022 4.09170181],[ 0.12382211 -4.05351836],[  3.16244284 -55.57914059],[-0.05310071 -0.32706079]
3268,3.268999999999751,[0.11086722 4.08759322],[ 0.12700061 -4.10858992],[  3.17850319 -55.07156114],[-0.05328673 -0.32436071]
3269,3.269999999999751,[0.11099742 4.08343006],[ 0.13019541 -4.16316368],[  3.19479671 -54.57375962],[-0.05347386 -0.32168038]
3270,3.2709999999997508,[0.11113083 4.07921281],[ 0.13340671 -4.21724926],[  3.21130408 -54.08557238],[-0.0536621  -0.31901936]
3271,3.2719999999997507,[0.11126746 4.07494195],[ 0.13663472 -4.27085609],[  3.22800646 -53.60683804],[-0.05385146 -0.31637722]
3272,3.2729999999997506,[0.11140734 4.07061796],[ 0.1398796  -4.32399349],[  3.24488553 -53.13739748],[-0.05404196 -0.31375353]
3273,3.2739999999997504,[0.11155048 4.06624129],[ 0.14314153 -4.37667059],[  3.26192337 -52.67709363],[-0.05423361 -0.31114787]
3274,3.2749999999997503,[0.1116969  4.06181239],[ 0.14642063 -4.42889636],[  3.27910254 -52.22577139],[-0.05442642 -0.30855984]
3275,3.2759999999997502,[0.11184662 4.05733171],[ 0.14971704 -4.48067963],[  3.29640596 -51.78327751],[-0.0546204  -0.30598903]
3276,3.27699999999975,[0.11199965 4.05279968],[ 0.15303085 -4.5320291 ],[  3.31381695 -51.34946049],[-0.05481554 -0.30343504]
3277,3.27799999999975,[0.11215601 4.04821673],[ 0.15636217 -4.58295327],[  3.33131918 -50.92417043],[-0.05501187 -0.30089748]
3278,3.27899999999975,[0.11231572 4.04358327],[ 0.15971107 -4.63346052],[  3.34889664 -50.507259  ],[-0.05520939 -0.29837597]
3279,3.27999999999975,[0.1124788  4.03889971],[ 0.1630776 -4.6835591],[  3.36653366 -50.09857928],[-0.0554081  -0.29587012]
3280,3.2809999999997497,[0.11264526 4.03416645],[ 0.16646182 -4.73325709],[  3.38421482 -49.69798567],[-0.055608   -0.29337958]
3281,3.2819999999997496,[0.11281513 4.02938389],[ 0.16986374 -4.78256242],[  3.40192499 -49.30533382],[-0.05580911 -0.29090396]
3282,3.2829999999997495,[0.11298841 4.02455241],[ 0.17328339 -4.8314829 ],[  3.41964927 -48.92048052],[-0.05601143 -0.28844292]
3283,3.2839999999997493,[0.11316513 4.01967238],[ 0.17672077 -4.88002619],[  3.437373   -48.54328358],[-0.05621495 -0.28599611]
3284,3.2849999999997492,[0.11334531 4.01474418],[ 0.18017585 -4.92819979],[  3.4550817  -48.17360182],[-0.05641968 -0.28356317]
3285,3.285999999999749,[0.11352895 4.00976817],[ 0.18364861 -4.97601108],[  3.47276111 -47.8112949 ],[-0.05662562 -0.28114377]
3286,3.286999999999749,[0.11371609 4.0047447 ],[ 0.18713901 -5.02346731],[  3.49039709 -47.45622327],[-0.05683277 -0.27873758]
3287,3.287999999999749,[0.11390674 3.99967413],[ 0.19064698 -5.07057556],[  3.50797568 -47.1082481 ],[-0.05704113 -0.27634426]
3288,3.288999999999749,[0.11410091 3.99455678],[ 0.19417246 -5.11734279],[  3.52548305 -46.76723117],[-0.0572507 -0.2739635]
3289,3.2899999999997487,[0.11429863 3.98939301],[ 0.19771537 -5.16377582],[  3.54290545 -46.43303482],[-0.05746147 -0.27159498]
3290,3.2909999999997486,[0.1144999  3.98418313],[ 0.2012756  -5.20988134],[  3.56022924 -46.10552184],[-0.05767345 -0.2692384 ]
3291,3.2919999999997485,[0.11470476 3.97892746],[ 0.20485304 -5.2556659 ],[  3.57744086 -45.78455542],[-0.05788663 -0.26689346]
3292,3.2929999999997484,[0.1149132  3.97362632],[ 0.20844757 -5.3011359 ],[  3.5945268  -45.46999907],[-0.05810101 -0.26455985]
3293,3.2939999999997482,[0.11512526 3.96828003],[ 0.21205904 -5.34629761],[  3.61147359 -45.16171652],[-0.05831659 -0.26223729]
3294,3.294999999999748,[0.11534095 3.96288887],[ 0.21568731 -5.39115719],[  3.62826779 -44.85957169],[-0.05853335 -0.2599255 ]
3295,3.295999999999748,[0.11556028 3.95745315],[ 0.2193322  -5.43572061],[  3.64489596 -44.56342859],[-0.05875129 -0.25762419]
3296,3.296999999999748,[0.11578328 3.95197315],[ 0.22299355 -5.47999377],[  3.66134467 -44.27315125],[-0.0589704  -0.25533311]
3297,3.297999999999748,[0.11600995 3.94644917],[ 0.22667115 -5.52398237],[  3.67760044 -43.98860367],[-0.05919069 -0.25305197]
3298,3.2989999999997477,[0.11624031 3.94088148],[ 0.2303648  -5.56769202],[  3.69364978 -43.70964975],[-0.05941213 -0.25078053]
3299,3.2999999999997476,[0.11647439 3.93527035],[ 0.23407428 -5.61112817],[  3.70947913 -43.43615319],[-0.05963472 -0.24851853]
3300,3.3009999999997475,[0.11671219 3.92961606],[ 0.23779935 -5.65429615],[  3.72507489 -43.1679775 ],[-0.05985846 -0.24626573]
3301,3.3019999999997474,[0.11695373 3.92391885],[ 0.24153978 -5.69720114],[  3.74042335 -42.90498585],[-0.06008333 -0.24402188]
3302,3.3029999999997472,[0.11719902 3.91817901],[ 0.24529529 -5.73984818],[  3.75551073 -42.64704107],[-0.06030931 -0.24178676]
3303,3.303999999999747,[0.11744809 3.91239676],[ 0.24906561 -5.78224218],[  3.77032313 -42.39400559],[-0.06053641 -0.23956013]
3304,3.304999999999747,[0.11770094 3.90657238],[ 0.25285046 -5.82438792],[  3.78484654 -42.14574134],[-0.0607646  -0.23734177]
3305,3.305999999999747,[0.11795759 3.90070609],[ 0.25664952 -5.86629003],[  3.79906683 -41.90210974],[-0.06099388 -0.23513148]
3306,3.306999999999747,[0.11821805 3.89479813],[ 0.26046249 -5.90795301],[  3.8129697  -41.66297162],[-0.06122422 -0.23292904]
3307,3.3079999999997467,[0.11848234 3.88884875],[ 0.26428903 -5.94938119],[  3.82654072 -41.42818719],[-0.06145562 -0.23073426]
3308,3.3089999999997466,[0.11875047 3.88285817],[ 0.2681288  -5.99057881],[  3.83976528 -41.19761597],[-0.06168807 -0.22854693]
3309,3.3099999999997465,[0.11902245 3.87682662],[ 0.27198143 -6.03154993],[  3.85262862 -40.97111676],[-0.06192153 -0.22636687]
3310,3.3109999999997464,[0.1192983  3.87075433],[ 0.27584654 -6.07229847],[  3.86511578 -40.74854759],[-0.062156  -0.2241939]
3311,3.3119999999997463,[0.11957802 3.8646415 ],[ 0.27972375 -6.11282824],[  3.8772116  -40.52976567],[-0.06239147 -0.22202784]
3312,3.312999999999746,[0.11986163 3.85848835],[ 0.28361266 -6.15314287],[  3.88890073 -40.31462739],[-0.0626279  -0.21986853]
3313,3.313999999999746,[0.12014914 3.85229511],[ 0.28751282 -6.19324585],[  3.9001676  -40.10298823],[-0.06286529 -0.21771581]
3314,3.314999999999746,[0.12044057 3.84606197],[ 0.29142382 -6.23314056],[  3.91099643 -39.89470276],[-0.0631036  -0.21556951]
3315,3.315999999999746,[0.12073591 3.83978914],[ 0.29534519 -6.27283018],[  3.92137122 -39.68962462],[-0.06334283 -0.2134295 ]
3316,3.3169999999997457,[0.12103519 3.83347682],[ 0.29927647 -6.31231779],[  3.93127573 -39.48760647],[-0.06358295 -0.21129562]
3317,3.3179999999997456,[0.12133841 3.82712521],[ 0.30321716 -6.35160629],[  3.94069347 -39.28850001],[-0.06382394 -0.20916776]
3318,3.3189999999997455,[0.12164557 3.82073452],[ 0.30716677 -6.39069844],[  3.94960775 -39.09215592],[-0.06406577 -0.20704579]
3319,3.3199999999997454,[0.1219567  3.81430492],[ 0.31112477 -6.42959687],[  3.95800159 -38.89842386],[-0.06430842 -0.20492957]
3320,3.3209999999997453,[0.12227179 3.80783661],[ 0.31509063 -6.46830402],[  3.96585779 -38.70715249],[-0.06455186 -0.20281901]
3321,3.321999999999745,[0.12259085 3.80132979],[ 0.31906379 -6.50682221],[  3.97315888 -38.51818945],[-0.06479607 -0.200714  ]
3322,3.322999999999745,[0.1229139  3.79478464],[ 0.32304367 -6.54515359],[  3.97988717 -38.33138136],[-0.06504103 -0.19861444]
3323,3.323999999999745,[0.12324093 3.78820134],[ 0.3270297  -6.58330016],[  3.98602468 -38.14657383],[-0.06528669 -0.19652024]
3324,3.324999999999745,[0.12357195 3.78158007],[ 0.33102125 -6.62126378],[  3.9915532 -37.9636115],[-0.06553304 -0.19443132]
3325,3.3259999999997447,[0.12390697 3.77492103],[ 0.33501771 -6.65904611],[  3.99645427 -37.78233803],[-0.06578005 -0.1923476 ]
3326,3.3269999999997446,[0.12424598 3.76822438],[ 0.33901841 -6.69664871],[  4.00070916 -37.60259615],[-0.06602768 -0.19026903]
3327,3.3279999999997445,[0.12458901 3.76149031],[ 0.34302271 -6.73407294],[  4.00429894 -37.42422771],[-0.06627589 -0.18819553]
3328,3.3289999999997444,[0.12493604 3.75471899],[ 0.34702992 -6.77132001],[  4.0072044  -37.24707368],[-0.06652467 -0.18612707]
3329,3.3299999999997443,[0.12528708 3.7479106 ],[ 0.35103932 -6.80839099],[  4.00940611 -37.07097424],[-0.06677398 -0.18406358]
3330,3.330999999999744,[0.12564213 3.74106531],[ 0.35505021 -6.84528676],[  4.01088444 -36.89576884],[-0.06702377 -0.18200505]
3331,3.331999999999744,[0.12600119 3.7341833 ],[ 0.35906183 -6.88200805],[  4.0116195  -36.72129625],[-0.06727401 -0.17995144]
3332,3.332999999999744,[0.12636426 3.72726475],[ 0.36307342 -6.91855545],[  4.01159124 -36.54739465],[-0.06752468 -0.17790273]
3333,3.333999999999744,[0.12673135 3.72030982],[ 0.3670842  -6.95492935],[  4.01077938 -36.37390172],[-0.06777572 -0.17585892]
3334,3.3349999999997437,[0.12710244 3.71331869],[ 0.37109336 -6.99113   ],[  4.00916349 -36.20065472],[-0.0680271  -0.17381998]
3335,3.3359999999997436,[0.12747754 3.70629153],[ 0.37510008 -7.02715749],[  4.00672295 -36.02749063],[-0.06827878 -0.17178595]
3336,3.3369999999997435,[0.12785664 3.69922852],[ 0.37910352 -7.06301174],[  4.00343702 -35.85424623],[-0.06853071 -0.16975681]
3337,3.3379999999997434,[0.12823975 3.69212982],[ 0.38310281 -7.0986925 ],[  3.99928481 -35.68075825],[-0.06878286 -0.1677326 ]
3338,3.3389999999997433,[0.12862684 3.68499562],[ 0.38709705 -7.13419936],[  3.99424531 -35.50686352],[-0.06903518 -0.16571335]
3339,3.339999999999743,[0.12901793 3.67782609],[ 0.39108535 -7.16953176],[  3.98829746 -35.33239909],[-0.06928763 -0.16369909]
3340,3.340999999999743,[0.12941299 3.6706214 ],[ 0.39506677 -7.20468896],[  3.98142009 -35.15720242],[-0.06954016 -0.16168986]
3341,3.341999999999743,[0.12981203 3.66338173],[ 0.39904036 -7.23967007],[  3.97359202 -34.98111153],[-0.06979272 -0.15968572]
3342,3.342999999999743,[0.13021504 3.65610726],[ 0.40300515 -7.27447404],[  3.96479206 -34.80396521],[-0.07004526 -0.15768674]
3343,3.3439999999997427,[0.130622   3.64879816],[ 0.40696015 -7.30909964],[  3.95499901 -34.6256032 ],[-0.07029774 -0.15569298]
3344,3.3449999999997426,[0.1310329  3.64145461],[ 0.41090434 -7.34354551],[  3.94419174 -34.4458664 ],[-0.07055011 -0.15370453]
3345,3.3459999999997425,[0.13144774 3.6340768 ],[ 0.41483669 -7.37781011],[  3.93234919 -34.26459711],[-0.0708023  -0.15172146]
3346,3.3469999999997424,[0.1318665  3.62666491],[ 0.41875614 -7.41189175],[  3.91945042 -34.08163926],[-0.07105428 -0.14974387]
3347,3.3479999999997423,[0.13228916 3.61921912],[ 0.42266162 -7.44578858],[  3.90547464 -33.89683863],[-0.07130598 -0.14777186]
3348,3.348999999999742,[0.13271571 3.61173963],[ 0.42655202 -7.47949863],[  3.89040125 -33.71004313],[-0.07155735 -0.14580555]
3349,3.349999999999742,[0.13314614 3.60422661],[ 0.43042623 -7.51301973],[  3.87420988 -33.52110308],[-0.07180834 -0.14384505]
3350,3.350999999999742,[0.13358042 3.59668026],[ 0.43428311 -7.5463496 ],[  3.85688043 -33.32987149],[-0.07205888 -0.14189049]
3351,3.351999999999742,[0.13401854 3.58910077],[ 0.4381215  -7.57948581],[  3.83839311 -33.13620432],[-0.07230892 -0.139942  ]
3352,3.3529999999997417,[0.13446048 3.58148834],[ 0.44194023 -7.61242577],[  3.81872851 -32.93996083],[-0.0725584  -0.13799972]
3353,3.3539999999997416,[0.13490622 3.57384318],[ 0.4457381  -7.64516677],[  3.79786762 -32.74100386],[-0.07280725 -0.1360638 ]
3354,3.3549999999997415,[0.13535573 3.56616547],[ 0.44951389 -7.67770597],[  3.77579187 -32.53920019],[-0.07305542 -0.1341344 ]
3355,3.3559999999997414,[0.135809   3.55845543],[ 0.45326637 -7.71004039],[  3.75248323 -32.33442083],[-0.07330284 -0.13221167]
3356,3.3569999999997413,[0.13626599 3.55071326],[ 0.4569943  -7.74216693],[  3.72792421 -32.12654141],[-0.07354945 -0.13029579]
3357,3.357999999999741,[0.13672669 3.54293918],[ 0.4606964  -7.77408238],[  3.70209794 -31.9154425 ],[-0.07379519 -0.12838693]
3358,3.358999999999741,[0.13719106 3.5351334 ],[ 0.46437138 -7.80578339],[  3.67498821 -31.70100995],[-0.07403998 -0.12648528]
3359,3.359999999999741,[0.13765908 3.52729613],[ 0.46801796 -7.83726652],[  3.64657955 -31.48313531],[-0.07428376 -0.12459101]
3360,3.360999999999741,[0.13813072 3.5194276 ],[ 0.47163482 -7.86852824],[  3.61685726 -31.26171613],[-0.07452646 -0.12270433]
3361,3.3619999999997408,[0.13860594 3.51152804],[ 0.47522063 -7.89956489],[  3.58580746 -31.03665639],[-0.07476802 -0.12082543]
3362,3.3629999999997406,[0.13908471 3.50359767],[ 0.47877405 -7.93037276],[  3.5534172  -30.80786682],[-0.07500836 -0.11895452]
3363,3.3639999999997405,[0.139567   3.49563672],[ 0.48229372 -7.96094803],[  3.51967445 -30.5752653 ],[-0.07524742 -0.1170918 ]
3364,3.3649999999997404,[0.14005278 3.48764543],[ 0.48577829 -7.9912868 ],[  3.4845682  -30.33877721],[-0.07548512 -0.1152375 ]
3365,3.3659999999997403,[0.14054201 3.47962405],[ 0.48922638 -8.02138514],[  3.4480885  -30.09833581],[-0.07572139 -0.11339182]
3366,3.36699999999974,[0.14103464 3.47157281],[ 0.4926366  -8.05123902],[  3.41022653 -29.85388261],[-0.07595616 -0.11155498]
3367,3.36799999999974,[0.14153065 3.46349196],[ 0.49600758 -8.08084439],[  3.37097465 -29.60536768],[-0.07618935 -0.10972723]
3368,3.36899999999974,[0.14202999 3.45538177],[ 0.49933791 -8.11019714],[  3.33032645 -29.35275005],[-0.0764209  -0.10790877]
3369,3.36999999999974,[0.14253262 3.44724247],[ 0.50262618 -8.13929314],[  3.2882768  -29.09599801],[-0.07665073 -0.10609984]
3370,3.3709999999997398,[0.14303849 3.43907434],[ 0.505871   -8.16812823],[  3.24482193 -28.83508941],[-0.07687876 -0.10430067]
3371,3.3719999999997397,[0.14354756 3.43087765],[ 0.50907096 -8.19669824],[  3.19995944 -28.57001201],[-0.07710492 -0.1025115 ]
3372,3.3729999999997395,[0.14405978 3.42265265],[ 0.51222465 -8.224999  ],[  3.15368838 -28.30076374],[-0.07732914 -0.10073256]
3373,3.3739999999997394,[0.14457511 3.41439962],[ 0.51533066 -8.25302635],[  3.10600928 -28.02735298],[-0.07755133 -0.09896409]
3374,3.3749999999997393,[0.1450935  3.40611885],[ 0.51838759 -8.28077615],[  3.0569242  -27.74979877],[-0.07777144 -0.09720632]
3375,3.375999999999739,[0.1456149 3.3978106],[ 0.52139402 -8.30824428],[  3.00643677 -27.46813107],[-0.07798937 -0.09545948]
3376,3.376999999999739,[0.14613924 3.38947517],[ 0.52434857 -8.33542668],[  2.95455221 -27.18239092],[-0.07820505 -0.09372381]
3377,3.377999999999739,[0.14666649 3.38111285],[ 0.52724985 -8.36231931],[  2.90127738 -26.89263063],[-0.07841842 -0.09199953]
3378,3.378999999999739,[0.14719659 3.37272394],[ 0.53009647 -8.38891822],[  2.8466208  -26.59891391],[-0.07862939 -0.09028689]
3379,3.3799999999997388,[0.14772948 3.36430872],[ 0.53288706 -8.41521954],[  2.79059269 -26.30131592],[-0.07883789 -0.08858611]
3380,3.3809999999997387,[0.1482651 3.3558675],[ 0.53562027 -8.44121946],[  2.73320495 -25.99992341],[-0.07904384 -0.0868974 ]
3381,3.3819999999997385,[0.14880339 3.34740058],[ 0.53829474 -8.46691429],[  2.67447122 -25.69483468],[-0.07924718 -0.085221  ]
3382,3.3829999999997384,[0.1493443  3.33890828],[ 0.54090915 -8.49230045],[  2.61440684 -25.38615963],[-0.07944783 -0.0835571 ]
3383,3.3839999999997383,[0.14988776 3.33039091],[ 0.54346218 -8.51737447],[  2.55302892 -25.07401964],[-0.07964571 -0.08190594]
3384,3.384999999999738,[0.15043372 3.32184878],[ 0.54595253 -8.54213302],[  2.49035626 -24.75854754],[-0.07984076 -0.0802677 ]
3385,3.385999999999738,[0.1509821 3.3132822],[ 0.54837894 -8.56657291],[  2.42640939 -24.43988742],[-0.0800329  -0.07864258]
3386,3.386999999999738,[0.15153284 3.30469151],[ 0.55074015 -8.5906911 ],[  2.36121054 -24.11819449],[-0.08022206 -0.07703078]
3387,3.387999999999738,[0.15208587 3.29607703],[ 0.55303494 -8.61448474],[  2.29478363 -23.79363487],[-0.08040818 -0.07543248]
3388,3.3889999999997378,[0.15264113 3.28743908],[ 0.55526209 -8.63795112],[  2.22715423 -23.46638525],[-0.08059118 -0.07384786]
3389,3.3899999999997377,[0.15319855 3.27877799],[ 0.55742044 -8.66108776],[  2.15834953 -23.13663267],[-0.08077101 -0.07227708]
3390,3.3909999999997376,[0.15375806 3.2700941 ],[ 0.55950884 -8.68389233],[  2.08839831 -22.8045741 ],[-0.08094758 -0.0707203 ]
3391,3.3919999999997374,[0.15431959 3.26138773],[ 0.56152617 -8.70636275],[  2.01733087 -22.47041607],[-0.08112085 -0.06917766]
3392,3.3929999999997373,[0.15488306 3.25265924],[ 0.56347135 -8.72849712],[  1.94517901 -22.13437423],[-0.08129074 -0.06764931]
3393,3.3939999999997372,[0.1554484  3.24390894],[ 0.56534332 -8.75029379],[  1.87197594 -21.79667285],[-0.0814572  -0.06613538]
3394,3.394999999999737,[0.15601554 3.23513719],[ 0.56714108 -8.77175134],[  1.79775625 -21.45754431],[-0.08162016 -0.06463597]
3395,3.395999999999737,[0.15658441 3.22634432],[ 0.56886364 -8.79286857],[  1.7225558  -21.11722857],[-0.08177957 -0.0631512 ]
3396,3.396999999999737,[0.15715492 3.21753068],[ 0.57051005 -8.81364454],[  1.64641169 -20.77597249],[-0.08193537 -0.06168116]
3397,3.397999999999737,[0.157727  3.2086966],[ 0.57207941 -8.83407857],[  1.56936212 -20.43402931],[-0.08208751 -0.06022592]
3398,3.3989999999997367,[0.15830057 3.19984243],[ 0.57357086 -8.85417023],[  1.49144638 -20.09165789],[-0.08223593 -0.05878556]
3399,3.3999999999997366,[0.15887555 3.19096851],[ 0.57498356 -8.87391935],[  1.41270469 -19.7491221 ],[-0.08238058 -0.05736013]
3400,3.4009999999997365,[0.15945187 3.18207518],[ 0.57631674 -8.89332604],[  1.33317816 -19.40669004],[-0.08252141 -0.05594967]
3401,3.4019999999997363,[0.16002944 3.17316279],[ 0.57756965 -8.91239067],[  1.25290865 -19.06463337],[-0.08265837 -0.05455422]
3402,3.4029999999997362,[0.16060818 3.16423168],[ 0.57874159 -8.9311139 ],[  1.17193869 -18.72322651],[-0.08279143 -0.05317378]
3403,3.403999999999736,[0.16118801 3.15528218],[ 0.5798319  -8.94949664],[  1.09031138 -18.38274589],[-0.08292053 -0.05180836]
3404,3.404999999999736,[0.16176885 3.14631464],[ 0.58083997 -8.96754011],[  1.00807028 -18.04346916],[-0.08304564 -0.05045795]
3405,3.405999999999736,[0.16235062 3.1373294 ],[ 0.58176523 -8.98524579],[  0.9252593  -17.70567446],[-0.08316671 -0.04912251]
3406,3.406999999999736,[0.16293322 3.12832678],[ 0.58260715 -9.00261543],[  0.8419226  -17.36963956],[-0.08328372 -0.04780202]
3407,3.4079999999997357,[0.16351659 3.11930713],[ 0.58336526 -9.01965107],[  0.75810445 -17.03564114],[-0.08339662 -0.0464964 ]
3408,3.4089999999997356,[0.16410063 3.11027077],[ 0.5840391  -9.03635502],[  0.67384918 -16.70395397],[-0.08350538 -0.0452056 ]
3409,3.4099999999997355,[0.16468526 3.10121804],[ 0.58462831 -9.05272987],[  0.58920101 -16.37485018],[-0.08360997 -0.04392953]
3410,3.4109999999997354,[0.16527039 3.09214927],[ 0.58513251 -9.06877847],[  0.50420397 -16.0485985 ],[-0.08371037 -0.0426681 ]
3411,3.4119999999997352,[0.16585594 3.08306476],[ 0.58555141 -9.08450393],[  0.41890182 -15.7254635 ],[-0.08380655 -0.04142119]
3412,3.412999999999735,[0.16644182 3.07396485],[ 0.58588475 -9.09990964],[  0.3333379  -15.40570491],[-0.08389848 -0.04018869]
3413,3.413999999999735,[0.16702796 3.06484985],[ 0.5861323  -9.11499922],[  0.24755504 -15.08957694],[-0.08398615 -0.03897044]
3414,3.414999999999735,[0.16761425 3.05572008],[ 0.5862939  -9.12977654],[  0.16159551 -14.7773276 ],[-0.08406952 -0.03776631]
3415,3.415999999999735,[0.16820062 3.04657583],[ 0.5863694  -9.14424574],[  0.07550083 -14.46919808],[-0.0841486  -0.03657613]
3416,3.4169999999997347,[0.16878698 3.03741742],[ 0.58635871 -9.15841116],[-1.06881990e-02 -1.41654222e+01],[-0.08422335 -0.03539972]
3417,3.4179999999997346,[0.16937324 3.02824514],[ 0.58626178 -9.17227739],[ -0.09693169 -13.86622574],[-0.08429378 -0.0342369 ]
3418,3.4189999999997345,[0.16995932 3.01905929],[ 0.58607859 -9.18584922],[ -0.18319068 -13.57182615],[-0.08435985 -0.03308746]
3419,3.4199999999997344,[0.17054513 3.00986016],[ 0.58580916 -9.19913165],[ -0.26942725 -13.28243184],[-0.08442158 -0.0319512 ]
3420,3.4209999999997343,[0.17113058 3.00064803],[ 0.58545356 -9.21212989],[ -0.35560455 -12.99824191],[-0.08447894 -0.0308279 ]
3421,3.421999999999734,[0.17171559 2.99142318],[ 0.58501187 -9.22484934],[ -0.44168692 -12.71944572],[-0.08453194 -0.02971732]
3422,3.422999999999734,[0.17230008 2.98218589],[ 0.58448423 -9.23729556],[ -0.52763988 -12.44622253],[-0.08458057 -0.02861922]
3423,3.423999999999734,[0.17288395 2.97293641],[ 0.5838708 -9.2494743],[ -0.61343027 -12.17874126],[-0.08462482 -0.02753334]
3424,3.424999999999734,[0.17346712 2.96367502],[ 0.58317177 -9.26139146],[ -0.6990262  -11.91716022],[-0.0846647  -0.02645944]
3425,3.4259999999997337,[0.17404951 2.95440197],[ 0.58238738 -9.27305309],[ -0.78439717 -11.66162693],[-0.08470021 -0.02539723]
3426,3.4269999999997336,[0.17463103 2.9451175 ],[ 0.58151786 -9.28446536],[ -0.86951406 -11.41227795],[-0.08473135 -0.02434644]
3427,3.4279999999997335,[0.17521159 2.93582187],[ 0.58056351 -9.2956346 ],[ -0.95434919 -11.16923881],[-0.08475812 -0.02330679]
3428,3.4289999999997334,[0.17579111 2.9265153 ],[ 0.57952464 -9.30656723],[ -1.03887631 -10.93262392],[-0.08478053 -0.02227798]
3429,3.4299999999997333,[0.17636952 2.91719803],[ 0.57840157 -9.31726976],[ -1.12307064 -10.70253658],[-0.0847986  -0.02125972]
3430,3.430999999999733,[0.17694671 2.90787028],[ 0.57719466 -9.32774883],[ -1.20690886 -10.47906901],[-0.08481231 -0.02025171]
3431,3.431999999999733,[0.17752261 2.89853227],[ 0.57590429 -9.33801113],[ -1.29036915 -10.26230238],[-0.0848217  -0.01925362]
3432,3.432999999999733,[0.17809715 2.88918421],[ 0.57453086 -9.34806344],[ -1.37343115 -10.05230699],[-0.08482675 -0.01826516]
3433,3.433999999999733,[0.17867022 2.8798263 ],[ 0.57307478 -9.35791258],[-1.45607599 -9.84914236],[-0.0848275 -0.017286 ]
3434,3.4349999999997327,[0.17924176 2.87045873],[ 0.5715365  -9.36756544],[-1.53828626 -9.65285741],[-0.08482394 -0.01631582]
3435,3.4359999999997326,[0.17981167 2.8610817 ],[ 0.56991645 -9.37702893],[-1.62004598 -9.46349071],[-0.0848161  -0.01535429]
3436,3.4369999999997325,[0.18037989 2.85169539],[ 0.56821511 -9.38631   ],[-1.70134062 -9.28107069],[-0.08480399 -0.01440109]
3437,3.4379999999997324,[0.18094632 2.84229998],[ 0.56643295 -9.39541562],[-1.78215705 -9.10561594],[-0.08478762 -0.01345589]
3438,3.4389999999997323,[0.18151089 2.83289562],[ 0.56457047 -9.40435275],[-1.86248352 -8.93713545],[-0.084767   -0.01251836]
3439,3.439999999999732,[0.18207352 2.82348249],[ 0.56262816 -9.41312838],[-1.94230961 -8.775629  ],[-0.08474216 -0.01158817]
3440,3.440999999999732,[0.18263413 2.81406074],[ 0.56060653 -9.42174947],[-2.02162625 -8.62108743],[-0.08471312 -0.01066497]
3441,3.441999999999732,[0.18319263 2.80463052],[ 0.55850611 -9.43022296],[-2.10042561 -8.47349304],[-0.08467988 -0.00974845]
3442,3.442999999999732,[0.18374896 2.79519197],[ 0.55632741 -9.43855578],[-2.17870112 -8.33281993],[-0.08464247 -0.00883826]
3443,3.4439999999997317,[0.18430303 2.78574521],[ 0.55407096 -9.44675482],[-2.25644739 -8.1990344 ],[-0.08460091 -0.00793407]
3444,3.4449999999997316,[0.18485477 2.77629038],[ 0.5517373  -9.45482691],[-2.33366019 -8.07209533],[-0.08455521 -0.00703556]
3445,3.4459999999997315,[0.1854041  2.76682761],[ 0.54932696 -9.46277887],[-2.41033642 -7.95195456],[-0.08450539 -0.00614239]
3446,3.4469999999997314,[0.18595094 2.75735699],[ 0.54684049 -9.47061743],[-2.486474   -7.83855732],[-0.08445148 -0.00525423]
3447,3.4479999999997313,[0.18649521 2.74787864],[ 0.54427842 -9.47834927],[-2.56207188 -7.73184264],[-0.08439349 -0.00437076]
3448,3.448999999999731,[0.18703686 2.73839266],[ 0.54164129 -9.48598101],[-2.63712999 -7.6317437 ],[-0.08433144 -0.00349166]
3449,3.449999999999731,[0.18757578 2.72889914],[ 0.53892964 -9.4935192 ],[-2.71164915 -7.53818831],[-0.08426535 -0.00261659]
3450,3.450999999999731,[0.18811193 2.71939817],[ 0.53614401 -9.5009703 ],[-2.78563108 -7.45109924],[-0.08419525 -0.00174525]
3451,3.451999999999731,[0.18864521 2.70988983],[ 0.53328493 -9.50834069],[-2.85907829 -7.37039469],[-0.08412114 -0.00087732]
3452,3.4529999999997307,[0.18917557 2.70037419],[ 0.53035293 -9.51563668],[-2.93199407 -7.2959886 ],[-8.40430482e-02 -1.24918855e-05]
3453,3.4539999999997306,[0.18970292 2.69085133],[ 0.52734855 -9.52286447],[-3.00438242 -7.22779109],[-0.083961    0.00084955]
3454,3.4549999999997305,[0.19022719 2.6813213 ],[ 0.5242723  -9.53003018],[-3.07624805 -7.16570884],[-0.083875    0.00170911]
3455,3.4559999999997304,[0.19074831 2.67178416],[ 0.52112471 -9.53713983],[-3.14759624 -7.10964539],[-0.08378509  0.00256648]
3456,3.4569999999997303,[0.19126622 2.66223996],[ 0.51790627 -9.54419933],[-3.21843291 -7.05950156],[-0.08369127  0.00342196]
3457,3.45799999999973,[0.19178084 2.65268874],[ 0.51461751 -9.5512145 ],[-3.28876445 -7.01517578],[-0.08359356  0.00427584]
3458,3.45899999999973,[0.1922921  2.64313055],[ 0.51125891 -9.55819107],[-3.3585978  -6.97656438],[-0.08349198  0.00512841]
3459,3.45999999999973,[0.19279993 2.63356542],[ 0.50783097 -9.56513463],[-3.42794032 -6.94356196],[-0.08338656  0.00597995]
3460,3.46099999999973,[0.19330426 2.62399337],[ 0.50433417 -9.57205069],[-3.49679976 -6.91606165],[-0.0832773   0.00683074]
3461,3.4619999999997297,[0.19380503 2.61441442],[ 0.50076899 -9.57894465],[-3.56518425 -6.89395542],[-0.08316422  0.00768105]
3462,3.4629999999997296,[0.19430217 2.6048286 ],[ 0.49713589 -9.58582178],[-3.63310227 -6.87713436],[-0.08304735  0.00853115]
3463,3.4639999999997295,[0.1947956  2.59523591],[ 0.49343532 -9.59268727],[-3.70056254 -6.86548893],[-0.0829267  0.0093813]
3464,3.4649999999997294,[0.19528527 2.58563637],[ 0.48966775 -9.59954618],[-3.76757408 -6.8589092 ],[-0.08280228  0.01023176]
3465,3.4659999999997293,[0.1957711  2.57602996],[ 0.4858336  -9.60640347],[-3.83414609 -6.85728511],[-0.08267411  0.01108279]
3466,3.466999999999729,[0.19625304 2.5664167 ],[ 0.48193331 -9.61326397],[-3.90028798 -6.86050665],[-0.0825422   0.01193462]
3467,3.467999999999729,[0.196731   2.55679657],[ 0.47796731 -9.62013244],[-3.96600931 -6.8684641 ],[-0.08240658  0.01278751]
3468,3.468999999999729,[0.19720494 2.54716955],[ 0.47393599 -9.62701348],[-4.03131974 -6.88104819],[-0.08226725  0.01364169]
3469,3.469999999999729,[0.19767478 2.53753564],[ 0.46983976 -9.63391164],[-4.09622908 -6.89815029],[-0.08212423  0.0144974 ]
3470,3.4709999999997287,[0.19814046 2.52789481],[ 0.46567901 -9.6408313 ],[-4.16074714 -6.91966258],[-0.08197753  0.01535485]
3471,3.4719999999997286,[0.19860191 2.51824703],[ 0.46145413 -9.64777678],[-4.22488384 -6.94547818],[-0.08182716  0.01621429]
3472,3.4729999999997285,[0.19905908 2.50859228],[ 0.45716548 -9.65475227],[-4.28864908 -6.97549129],[-0.08167315  0.01707592]
3473,3.4739999999997284,[0.19951189 2.49893052],[ 0.45281342 -9.66176186],[-4.35205277 -7.00959734],[-0.08151549  0.01793995]
3474,3.4749999999997283,[0.19996029 2.48926171],[ 0.44839832 -9.66880956],[-4.4151048  -7.04769306],[-0.08135421  0.0188066 ]
3475,3.475999999999728,[0.20040421 2.47958581],[ 0.4439205  -9.67589923],[-4.47781501 -7.0896766 ],[-0.08118931  0.01967608]
3476,3.476999999999728,[0.20084359 2.46990278],[ 0.43938031 -9.68303468],[-4.54019319 -7.13544764],[-0.0810208   0.02054857]
3477,3.477999999999728,[0.20127837 2.46021256],[ 0.43477806 -9.69021959],[-4.60224905 -7.18490743],[-0.0808487   0.02142427]
3478,3.478999999999728,[0.20170848 2.4505151 ],[ 0.43011407 -9.69745755],[-4.66399221 -7.23795889],[-0.08067301  0.02230338]
3479,3.4799999999997278,[0.20213387 2.44081035],[ 0.42538864 -9.70475205],[-4.72543217 -7.29450664],[-0.08049375  0.02318607]
3480,3.4809999999997276,[0.20255447 2.43109824],[ 0.42060206 -9.71210651],[-4.78657832 -7.35445708],[-0.08031091  0.02407253]
3481,3.4819999999997275,[0.20297023 2.42137872],[ 0.41575462 -9.71952423],[-4.84743991 -7.41771841],[-0.08012452  0.02496294]
3482,3.4829999999997274,[0.20338107 2.41165171],[ 0.41084659 -9.72700843],[-4.90802605 -7.48420068],[-0.07993458  0.02585747]
3483,3.4839999999997273,[0.20378695 2.40191714],[ 0.40587825 -9.73456225],[-4.9683457  -7.55381577],[-0.0797411   0.02675628]
3484,3.484999999999727,[0.2041878  2.39217496],[ 0.40084984 -9.74218872],[-5.02840764 -7.62647747],[-0.07954408  0.02765954]
3485,3.485999999999727,[0.20458356 2.38242507],[ 0.39576162 -9.74989083],[-5.08822048 -7.70210145],[-0.07934353  0.02856741]
3486,3.486999999999727,[0.20497418 2.37266739],[ 0.39061383 -9.75767143],[-5.14779267 -7.78060529],[-0.07913945  0.02948005]
3487,3.487999999999727,[0.20535958 2.36290186],[ 0.38540669 -9.76553334],[-5.20713243 -7.86190843],[-0.07893187  0.03039761]
3488,3.4889999999997268,[0.20573972 2.35312838],[ 0.38014045 -9.77347927],[-5.26624782 -7.94593223],[-0.07872077  0.03132023]
3489,3.4899999999997267,[0.20611454 2.34334687],[ 0.3748153  -9.78151187],[-5.32514667 -8.03259991],[-0.07850617  0.03224807]
3490,3.4909999999997265,[0.20648397 2.33355724],[ 0.36943146 -9.78963371],[-5.38383663 -8.12183653],[-0.07828806  0.03318126]
3491,3.4919999999997264,[0.20684796 2.32375939],[ 0.36398914 -9.79784728],[-5.44232512 -8.213569  ],[-0.07806646  0.03411994]
3492,3.4929999999997263,[0.20720645 2.31395323],[ 0.35848852 -9.806155  ],[-5.50061933 -8.30772603],[-0.07784137  0.03506424]
3493,3.493999999999726,[0.20755938 2.30413867],[ 0.35292979 -9.81455924],[-5.55872626 -8.4042381 ],[-0.07761279  0.0360143 ]
3494,3.494999999999726,[0.20790669 2.29431561],[ 0.34731314 -9.82306228],[-5.61665267 -8.50303745],[-0.07738073  0.03697024]
3495,3.495999999999726,[0.20824833 2.28448395],[ 0.34163873 -9.83166634],[-5.67440507 -8.60405801],[-0.07714518  0.0379322 ]
3496,3.496999999999726,[0.20858424 2.27464357],[ 0.33590674 -9.84037357],[-5.73198978 -8.70723536],[-0.07690616  0.03890028]
3497,3.4979999999997258,[0.20891435 2.26479439],[ 0.33011733 -9.84918608],[-5.78941286 -8.81250673],[-0.07666366  0.03987461]
3498,3.4989999999997257,[0.20923862 2.25493628],[ 0.32427065 -9.85810589],[-5.84668014 -8.91981091],[-0.07641769  0.04085531]
3499,3.4999999999997256,[0.20955699 2.24506914],[ 0.31836685 -9.86713498],[-5.90379719 -9.02908821],[-0.07616825  0.04184248]
3500,3.5009999999997254,[0.2098694  2.23519287],[ 0.31240608 -9.87627526],[-5.96076939 -9.14028044],[-0.07591534  0.04283624]
3501,3.5019999999997253,[0.21017579 2.22530734],[ 0.30638848 -9.88552859],[-6.01760182 -9.25333081],[-0.07565896  0.04383669]
3502,3.5029999999997252,[0.2104761  2.21541244],[ 0.30031418 -9.89489677],[-6.07429934 -9.36818391],[-0.07539912  0.04484395]
3503,3.503999999999725,[0.21077028 2.20550806],[ 0.29418332 -9.90438156],[-6.13086658 -9.48478565],[-0.07513581  0.0458581 ]
3504,3.504999999999725,[0.21105828 2.19559408],[ 0.28799601 -9.91398464],[-6.1873079  -9.60308321],[-0.07486903  0.04687926]
3505,3.505999999999725,[0.21134003 2.18567037],[ 0.28175238 -9.92370767],[-6.24362741 -9.72302494],[-0.07459879  0.04790751]
3506,3.506999999999725,[0.21161548 2.17573682],[ 0.27545255 -9.93355223],[-6.29982897 -9.84456036],[-0.07432509  0.04894296]
3507,3.5079999999997247,[0.21188458 2.1657933 ],[ 0.26909664 -9.94351987],[-6.3559162  -9.96764005],[-0.07404792  0.04998569]
3508,3.5089999999997246,[0.21214727 2.15583969],[ 0.26268474 -9.95361208],[ -6.41189245 -10.09221562],[-0.0737673   0.05103579]
3509,3.5099999999997245,[0.21240348 2.14587586],[ 0.25621698 -9.96383032],[ -6.46776081 -10.21823963],[-0.0734832   0.05209336]
3510,3.5109999999997243,[0.21265318 2.13590168],[ 0.24969346 -9.97417599],[ -6.52352413 -10.34566554],[-0.07319565  0.05315847]
3511,3.5119999999997242,[0.21289629 2.12591703],[ 0.24311427 -9.98465044],[ -6.57918498 -10.47444761],[-0.07290463  0.05423122]
3512,3.512999999999724,[0.21313277 2.11592177],[ 0.23647953 -9.99525498],[ -6.63474566 -10.60454091],[-0.07261015  0.05531167]
3513,3.513999999999724,[0.21336256 2.10591578],[  0.22978932 -10.00599088],[ -6.69020824 -10.73590115],[-0.0723122   0.05639992]
3514,3.514999999999724,[0.2135856  2.09589892],[  0.22304375 -10.01685936],[ -6.74557448 -10.8684847 ],[-0.07201079  0.05749603]
3515,3.515999999999724,[0.21380185 2.08587106],[  0.2162429  -10.02786161],[ -6.8008459  -11.00224849],[-0.07170591  0.05860009]
3516,3.5169999999997237,[0.21401123 2.07583206],[  0.20938688 -10.03899876],[ -6.85602374 -11.13714993],[-0.07139757  0.05971216]
3517,3.5179999999997236,[0.21421371 2.06578179],[  0.20247577 -10.05027191],[ -6.91110893 -11.27314684],[-0.07108575  0.06083232]
3518,3.5189999999997235,[0.21440922 2.05572011],[  0.19550967 -10.06168211],[ -6.96610217 -11.41019742],[-0.07077047  0.06196064]
3519,3.5199999999997234,[0.21459771 2.04564688],[  0.18848866 -10.07323037],[ -7.02100385 -11.54826013],[-0.07045172  0.06309717]
3520,3.5209999999997232,[0.21477912 2.03556196],[  0.18141285 -10.08491766],[ -7.07581407 -11.68729365],[-0.0701295   0.06424199]
3521,3.521999999999723,[0.2149534  2.02546522],[  0.17428231 -10.09674492],[ -7.13053265 -11.82725676],[-0.06980381  0.06539516]
3522,3.522999999999723,[0.2151205 2.0153565],[  0.16709716 -10.10871302],[ -7.18515911 -11.96810835],[-0.06947465  0.06655675]
3523,3.523999999999723,[0.21528036 2.00523568],[  0.15985746 -10.12082283],[ -7.23969265 -12.10980727],[-0.06914201  0.0677268 ]
3524,3.524999999999723,[0.21543292 1.99510261],[  0.15256333 -10.13307514],[ -7.2941322  -12.25231227],[-0.0688059   0.06890537]
3525,3.5259999999997227,[0.21557814 1.98495714],[  0.14521485 -10.14547073],[ -7.34847635 -12.39558195],[-0.06846631  0.07009253]
3526,3.5269999999997226,[0.21571595 1.97479912],[  0.13781213 -10.1580103 ],[ -7.40272339 -12.53957467],[-0.06812325  0.07128832]
3527,3.5279999999997225,[0.2158463  1.96462843],[  0.13035526 -10.17069455],[ -7.45687128 -12.68424844],[-0.06777671  0.0724928 ]
3528,3.5289999999997224,[0.21596915 1.95444491],[  0.12284434 -10.18352411],[ -7.51091765 -12.82956089],[-0.0674267   0.07370601]
3529,3.5299999999997222,[0.21608443 1.94424841],[  0.11527948 -10.19649958],[ -7.5648598  -12.97546916],[-0.06707321  0.074928  ]
3530,3.530999999999722,[0.21619209 1.93403879],[  0.10766079 -10.20962151],[ -7.61869467 -13.12192981],[-0.06671624  0.07615882]
3531,3.531999999999722,[0.21629208 1.92381589],[  0.09998837 -10.22289041],[ -7.67241888 -13.26889875],[-0.0663558  0.0773985]
3532,3.532999999999722,[0.21638434 1.91357959],[  0.09226234 -10.23630674],[ -7.72602867 -13.41633115],[-0.06599188  0.07864709]
3533,3.533999999999722,[0.21646882 1.90332972],[  0.08448282 -10.24987092],[ -7.77951991 -13.56418135],[-0.06562448  0.07990464]
3534,3.5349999999997217,[0.21654547 1.89306613],[  0.07664993 -10.26358332],[ -7.83288811 -13.71240278],[-0.06525361  0.08117116]
3535,3.5359999999997216,[0.21661423 1.88278869],[  0.0687638  -10.27744427],[ -7.88612837 -13.86094785],[-0.06487926  0.0824467 ]
3536,3.5369999999997215,[0.21667539 1.87249668],[  0.06115977 -10.29201366],[ -7.60403215 -14.56938769],[-0.06450144  0.08373129]
3537,3.5379999999997214,[0.21672889 1.86218997],[  0.05350074 -10.30670327],[ -7.65902745 -14.68961128],[-0.06413694  0.08505299]
3538,3.5389999999997213,[0.21677468 1.85186846],[  0.04578696 -10.32151397],[ -7.71378467 -14.81069949],[-0.0637689   0.08638241]
3539,3.539999999999721,[0.2168127  1.84153201],[  0.03801866 -10.33644654],[ -7.76829918 -14.93257421],[-0.06339733  0.0877196 ]
3540,3.540999999999721,[0.2168429  1.83118051],[  0.03019609 -10.3515017 ],[ -7.82256586 -15.05515658],[-0.06302223  0.08906462]
3541,3.541999999999721,[0.21686522 1.82081383],[  0.02231952 -10.36668007],[ -7.87657907 -15.17836683],[-0.06264361  0.0904175 ]
3542,3.542999999999721,[0.21687961 1.81043185],[  0.01438918 -10.38198219],[ -7.93033263 -15.30212417],[-0.06226148  0.0917783 ]
3543,3.5439999999997207,[0.21688601 1.80003444],[ 6.40536277e-03 -1.03974085e+01],[ -7.98381984 -15.42634663],[-0.06187585  0.09314706]
3544,3.5449999999997206,[0.21688438 1.78962148],[-1.63167064e-03 -1.04129595e+01],[ -8.03703341 -15.55095094],[-0.06148672  0.09452381]
3545,3.5459999999997205,[0.21687466 1.77919284],[-9.72163614e-03 -1.04286353e+01],[ -8.08996551 -15.67585242],[-0.06109411  0.09590859]
3546,3.5469999999997204,[0.21685679 1.76874841],[ -0.01786424 -10.44443631],[ -8.14260771 -15.80096479],[-0.06069801  0.09730141]
3547,3.5479999999997203,[0.21683073 1.75828805],[ -0.02605919 -10.46036251],[ -8.19495101 -15.92620005],[-0.06029845  0.09870231]
3548,3.54899999999972,[0.21679643 1.74781163],[ -0.03430618 -10.47641397],[ -8.24698578 -16.05146834],[-0.05989542  0.10011131]
3549,3.54999999999972,[0.21675382 1.73731904],[ -0.04260488 -10.49259065],[ -8.29870176 -16.17667779],[-0.05948895  0.10152841]
3550,3.55099999999972,[0.21670287 1.72681015],[ -0.05095497 -10.50889239],[ -8.35008806 -16.30173436],[-0.05907903  0.10295363]
3551,3.55199999999972,[0.21664351 1.71628483],[ -0.0593561  -10.52531893],[ -8.40113314 -16.42654168],[-0.05866569  0.10438698]
3552,3.5529999999997197,[0.2165757  1.70574296],[ -0.06780793 -10.54186993],[ -8.45182476 -16.55100092],[-0.05824893  0.10582845]
3553,3.5539999999997196,[0.21649939 1.69518442],[ -0.07631008 -10.55854494],[ -8.50215001 -16.67501059],[-0.05782877  0.10727804]
3554,3.5549999999997195,[0.21641453 1.68460907],[ -0.08486217 -10.57534341],[ -8.55209523 -16.79846641],[-0.05740522  0.10873574]
3555,3.5559999999997194,[0.21632107 1.67401681],[ -0.09346382 -10.59226467],[ -8.60164607 -16.92126111],[-0.05697829  0.11020153]
3556,3.5569999999997193,[0.21621895 1.6634075 ],[ -0.10211461 -10.60930795],[ -8.6507874  -17.04328427],[-0.05654801  0.1116754 ]
3557,3.557999999999719,[0.21610814 1.65278103],[ -0.11081411 -10.62647237],[ -8.69950332 -17.16442217],[-0.05611437  0.11315732]
3558,3.558999999999719,[0.21598858 1.64213727],[ -0.11956189 -10.64375693],[ -8.74777713 -17.28455756],[-0.05567741  0.11464726]
3559,3.559999999999719,[0.21586022 1.63147611],[ -0.12835748 -10.6611605 ],[ -8.79559132 -17.40356951],[-0.05523713  0.11614518]
3560,3.560999999999719,[0.21572302 1.62079743],[ -0.13720041 -10.67868183],[ -8.84292751 -17.5213332 ],[-0.05479357  0.11765103]
3561,3.5619999999997187,[0.21557693 1.61010111],[ -0.14609017 -10.69631955],[ -8.88976649 -17.63771975],[-0.05434672  0.11916476]
3562,3.5629999999997186,[0.2154219  1.59938704],[ -0.15502626 -10.71407215],[ -8.93608813 -17.752596  ],[-0.05389663  0.12068633]
3563,3.5639999999997185,[0.21525789 1.5886551 ],[ -0.16400813 -10.73193797],[ -8.98187138 -17.86582432],[-0.0534433   0.12221566]
3564,3.5649999999997184,[0.21508486 1.57790518],[ -0.17303523 -10.74991524],[ -9.02709426 -17.97726239],[-0.05298675  0.12375268]
3565,3.5659999999997183,[0.21490275 1.56713718],[ -0.18210696 -10.768002  ],[ -9.0717338 -18.086763 ],[-0.05252702  0.12529732]
3566,3.566999999999718,[0.21471153 1.55635098],[ -0.19122273 -10.78619617],[ -9.11576604 -18.19417386],[-0.05206413  0.12684949]
3567,3.567999999999718,[0.21451115 1.54554649],[ -0.20038189 -10.80449551],[ -9.15916598 -18.29933731],[-0.0515981  0.1284091]
3568,3.568999999999718,[0.21430156 1.53472359],[ -0.2095838 -10.8228976],[ -9.20190756 -18.40209016],[-0.05112897  0.12997605]
3569,3.569999999999718,[0.21408274 1.52388219],[ -0.21882776 -10.84139986],[ -9.24396365 -18.50226344],[-0.05065675  0.13155022]
3570,3.5709999999997177,[0.21385462 1.51302219],[ -0.22811307 -10.85999955],[ -9.28530597 -18.59968215],[-0.05018148  0.13313149]
3571,3.5719999999997176,[0.21361718 1.5021435 ],[ -0.23743897 -10.87869371],[ -9.32590509 -18.69416504],[-0.04970319  0.13471975]
3572,3.5729999999997175,[0.21337038 1.49124602],[ -0.24680471 -10.89747924],[ -9.36573041 -18.78552437],[-0.04922191  0.13631485]
3573,3.5739999999997174,[0.21311417 1.48032967],[ -0.25620946 -10.9163528 ],[ -9.40475011 -18.87356566],[-0.04873769  0.13791665]
3574,3.5749999999997173,[0.21284852 1.46939436],[ -0.26565239 -10.93531089],[ -9.44293111 -18.95808743],[-0.04825055  0.13952498]
3575,3.575999999999717,[0.21257339 1.45844001],[ -0.27513263 -10.95434977],[ -9.48023903 -19.03888096],[-0.04776053  0.14113969]
3576,3.576999999999717,[0.21228874 1.44746654],[ -0.28464926 -10.9734655 ],[ -9.51663821 -19.11573004],[-0.04726767  0.1427606 ]
3577,3.577999999999717,[0.21199453 1.43647389],[ -0.29420136 -10.99265391],[ -9.55209159 -19.18841068],[-0.04677202  0.1443875 ]
3578,3.578999999999717,[0.21169075 1.42546198],[ -0.30378792 -11.0119106 ],[ -9.58656075 -19.2566909 ],[-0.04627362  0.14602022]
3579,3.5799999999997167,[0.21137734 1.41443074],[ -0.31340792 -11.03123093],[ -9.62000583 -19.32033041],[-0.04577251  0.14765852]
3580,3.5809999999997166,[0.21105428 1.40338013],[ -0.32306031 -11.05061001],[ -9.65238553 -19.3790804 ],[-0.04526875  0.14930219]
3581,3.5819999999997165,[0.21072153 1.39231009],[ -0.33274396 -11.07004269],[ -9.68365703 -19.43268324],[-0.04476237  0.15095099]
3582,3.5829999999997164,[0.21037908 1.38122057],[ -0.34245774 -11.08952357],[ -9.713776   -19.48087222],[-0.04425344  0.15260467]
3583,3.5839999999997163,[0.21002688 1.37011152],[ -0.35220044 -11.10904694],[ -9.74269653 -19.52337132],[-0.04374201  0.15426295]
3584,3.584999999999716,[0.20966491 1.35898291],[ -0.36197081 -11.12860683],[ -9.77037112 -19.55989491],[-0.04322814  0.15592557]
3585,3.585999999999716,[0.20929314 1.34783472],[ -0.37176756 -11.14819698],[ -9.79675064 -19.59014749],[-0.04271188  0.15759223]
3586,3.586999999999716,[0.20891155 1.33666691],[ -0.38158934 -11.1678108 ],[ -9.8217843  -19.61382349],[-0.0421933   0.15926261]
3587,3.587999999999716,[0.20852011 1.32547947],[ -0.39143476 -11.18744141],[ -9.84541959 -19.63060695],[-0.04167246  0.16093639]
3588,3.5889999999997158,[0.20811881 1.31427238],[ -0.40130236 -11.20708158],[ -9.86760229 -19.64017133],[-0.04114943  0.16261323]
3589,3.5899999999997156,[0.20770762 1.30304566],[ -0.41119064 -11.22672376],[ -9.88827643 -19.64217927],[-0.04062428  0.16429277]
3590,3.5909999999997155,[0.20728652 1.2917993 ],[ -0.42109803 -11.24636004],[ -9.90738423 -19.63628234],[-0.04009709  0.16597463]
3591,3.5919999999997154,[0.2068555  1.28053332],[ -0.43102289 -11.26598217],[ -9.92486612 -19.62212085],[-0.03956792  0.16765841]
3592,3.5929999999997153,[0.20641454 1.26924774],[ -0.44096355 -11.28558149],[ -9.94066069 -19.59932365],[-0.03903687  0.16934371]
3593,3.593999999999715,[0.20596362 1.25794259],[ -0.45091826 -11.305149  ],[ -9.95470468 -19.56750794],[-0.03850401  0.17103008]
3594,3.594999999999715,[0.20550273 1.24661791],[ -0.46088519 -11.32467528],[ -9.96693295 -19.5262791 ],[-0.03796942  0.17271708]
3595,3.595999999999715,[0.20503187 1.23527376],[ -0.47086247 -11.34415051],[ -9.97727847 -19.47523059],[-0.03743321  0.17440423]
3596,3.596999999999715,[0.20455102 1.2239102 ],[ -0.48084814 -11.36356445],[ -9.98567231 -19.41394375],[-0.03689545  0.17609103]
3597,3.5979999999997148,[0.20406018 1.21252729],[ -0.49084018 -11.38290644],[ -9.99204365 -19.34198778],[-0.03635626  0.17777696]
3598,3.5989999999997146,[0.20355935 1.20112513],[ -0.5008365  -11.40216536],[ -9.99631975 -19.25891964],[-0.03581572  0.1794615 ]
3599,3.5999999999997145,[0.20304851 1.1897038 ],[ -0.51083493 -11.42132964],[ -9.99842595 -19.16428402],[-0.03527395  0.18114406]
3600,3.6009999999997144,[0.20252768 1.17826341],[ -0.52083322 -11.44038725],[ -9.99828572 -19.05761333],[-0.03473104  0.18282407]
3601,3.6019999999997143,[0.20199685 1.16680408],[ -0.53082904 -11.45932568],[ -9.99582061 -18.93842779],[-0.03418712  0.18450091]
3602,3.602999999999714,[0.20145603 1.15532595],[ -0.54081999 -11.47813192],[ -9.99095035 -18.80623544],[-0.0336423   0.18617395]
3603,3.603999999999714,[0.20090522 1.14382916],[ -0.55080358 -11.49679245],[ -9.9835928  -18.66053237],[-0.0330967   0.18784252]
3604,3.604999999999714,[0.20034445 1.13231387],[ -0.56077724 -11.51529325],[ -9.97366403 -18.50080283],[-0.03255044  0.18950594]
3605,3.605999999999714,[0.19977371 1.12078025],[ -0.57073832 -11.53361977],[ -9.96107836 -18.32651949],[-0.03200367  0.19116348]
3606,3.6069999999997138,[0.19919303 1.10922849],[ -0.58068407 -11.55175692],[ -9.94574841 -18.13714379],[-0.0314565  0.1928144]
3607,3.6079999999997137,[0.19860241 1.0976588 ],[ -0.59061166 -11.56968904],[ -9.92758514 -17.93212628],[-0.03090907  0.19445793]
3608,3.6089999999997135,[0.1980019 1.0860714],[ -0.60051815 -11.58739995],[ -9.90649798 -17.71090706],[-0.03036154  0.19609326]
3609,3.6099999999997134,[0.19739149 1.07446653],[ -0.61040055 -11.60487287],[ -9.88239487 -17.47291634],[-0.02981405  0.19771957]
3610,3.6109999999997133,[0.19677124 1.06284444],[ -0.62025573 -11.62209044],[ -9.85518235 -17.21757502],[-0.02926676  0.19933599]
3611,3.611999999999713,[0.19614116 1.0512054 ],[ -0.6300805  -11.63903474],[ -9.82476574 -16.94429542],[-0.02871981  0.20094163]
3612,3.612999999999713,[0.19550129 1.03954971],[ -0.63987155 -11.65568722],[ -9.79104919 -16.65248207],[-0.02817338  0.20253556]
3613,3.613999999999713,[0.19485166 1.02787769],[ -0.64962548 -11.67202875],[ -9.75393585 -16.3415326 ],[-0.02762763  0.20411684]
3614,3.614999999999713,[0.19419232 1.01618965],[ -0.65933881 -11.68803959],[ -9.71332805 -16.01083878],[-0.02708274  0.20568446]
3615,3.6159999999997128,[0.19352331 1.00448595],[ -0.66900794 -11.70369938],[ -9.66912743 -15.65978763],[-0.02653888  0.20723742]
3616,3.6169999999997127,[0.19284469 0.99276696],[ -0.67862917 -11.71898714],[ -9.62123517 -15.28776269],[-0.02599624  0.20877466]
3617,3.6179999999997126,[0.19215649 0.98103308],[ -0.68819872 -11.73388129],[ -9.56955218 -14.89414538],[-0.02545501  0.21029509]
3618,3.6189999999997124,[0.19145877 0.96928472],[ -0.6977127 -11.7483596],[ -9.51397935 -14.47831653],[-0.02491538  0.2117976 ]
3619,3.6199999999997123,[0.19075161 0.95752232],[ -0.70716712 -11.76239926],[ -9.45441776 -14.03965805],[-0.02437756  0.21328104]
3620,3.6209999999997122,[0.19003505 0.94574634],[ -0.71655789 -11.77597682],[ -9.39076899 -13.57755472],[-0.02384175  0.21474421]
3621,3.621999999999712,[0.18930917 0.93395727],[ -0.72588083 -11.78906821],[ -9.32293541 -13.09139617],[-0.02330815  0.2161859 ]
3622,3.622999999999712,[0.18857404 0.92215563],[ -0.73513165 -11.80164879],[ -9.25082046 -12.58057896],[-0.02277699  0.21760487]
3623,3.623999999999712,[0.18782973 0.91034193],[ -0.74430598 -11.8136933 ],[ -9.17432903 -12.0445089 ],[-0.02224849  0.21899982]
3624,3.624999999999712,[0.18707633 0.89851676],[ -0.75339934 -11.8251759 ],[ -9.0933678  -11.48260349],[-0.02172287  0.22036944]
3625,3.6259999999997117,[0.18631392 0.88668069],[ -0.76240719 -11.8360702 ],[ -9.00784563 -10.89429449],[-0.02120036  0.22171238]
3626,3.6269999999997116,[0.1855426  0.87483434],[ -0.77132486 -11.84634923],[ -8.91767396 -10.27903078],[-0.02068121  0.22302727]
3627,3.6279999999997115,[0.18476245 0.86297835],[ -0.78014763 -11.85598551],[-8.82276726 -9.63628125],[-0.02016565  0.22431269]
3628,3.6289999999997113,[0.18397358 0.8511134 ],[ -0.78887067 -11.86495105],[-8.72304348 -8.96553792],[-0.01965393  0.22556721]
3629,3.6299999999997112,[0.18317609 0.83924018],[ -0.7974891  -11.87321737],[-8.61842452 -8.26631932],[-0.0191463   0.22678936]
3630,3.630999999999711,[0.18237009 0.82735943],[ -0.80599793 -11.88075554],[-8.50883673 -7.53817381],[-0.01864301  0.22797765]
3631,3.631999999999711,[0.1815557  0.81547189],[ -0.81439215 -11.88753622],[-8.39421146 -6.78068333],[-0.01814433  0.22913055]
3632,3.632999999999711,[0.18073304 0.80357836],[ -0.82266663 -11.89352969],[-8.2744856  -5.99346707],[-0.01765051  0.23024654]
3633,3.633999999999711,[0.17990222 0.79167966],[ -0.83081623 -11.89870588],[-8.1496021  -5.17618538],[-0.01716183  0.23132403]
3634,3.6349999999997107,[0.17906338 0.77977662],[ -0.83883574 -11.90303442],[-8.01951062 -4.32854387],[-0.01667856  0.23236145]
3635,3.6359999999997106,[0.17821666 0.76787014],[ -0.84671991 -11.90648472],[-7.88416807 -3.45029748],[-0.01620096  0.2333572 ]
3636,3.6369999999997105,[0.1773622  0.75596111],[ -0.85446345 -11.90902597],[-7.74353926 -2.54125475],[-0.01572932  0.23430965]
3637,3.6379999999997104,[0.17650014 0.74405048],[ -0.86206105 -11.91062725],[-7.59759749 -1.60128213],[-0.01526391  0.23521718]
3638,3.6389999999997102,[0.17563063 0.73213923],[ -0.86950737 -11.91125756],[-7.44632521 -0.63030835],[-0.01480502  0.23607814]
3639,3.63999999999971,[0.17475383 0.72022834],[ -0.87679709 -11.91088589],[-7.28971462  0.37167119],[-0.01435292  0.2368909 ]
3640,3.64099999999971,[0.17386991 0.70831886],[ -0.88392486 -11.9094813 ],[-7.12776831  1.40459003],[-0.0139079   0.23765379]
3641,3.64199999999971,[0.17297902 0.69641185],[ -0.89088536 -11.907013  ],[-6.96049989  2.46830632],[-0.01347023  0.23836518]
3642,3.64299999999971,[0.17208135 0.68450839],[ -0.89767329 -11.9034504 ],[-6.7879346  3.5625985],[-0.01304022  0.23902341]
3643,3.6439999999997097,[0.17117707 0.67260963],[ -0.9042834  -11.89876324],[-6.61010989  4.68716115],[-0.01261812  0.23962684]
3644,3.6449999999997096,[0.17026636 0.66071671],[ -0.91071048 -11.89292163],[-6.42707605  5.84160099],[-0.01220423  0.24017385]
3645,3.6459999999997095,[0.16934941 0.64883081],[ -0.91694937 -11.8858962 ],[-6.23889669  7.025433  ],[-0.01179883  0.24066284]
3646,3.6469999999997094,[0.16842641 0.63695316],[ -0.92299502 -11.87765812],[-6.0456493  8.2380769],[-0.01140219  0.24109221]
3647,3.6479999999997093,[0.16749757 0.62508498],[ -0.92884245 -11.86817927],[-5.84742573  9.47885379],[-0.01101458  0.2414604 ]
3648,3.648999999999709,[0.16656308 0.61322754],[ -0.93448678 -11.85743229],[-5.64433258 10.74698324],[-0.01063628  0.24176588]
3649,3.649999999999709,[0.16562316 0.60138215],[ -0.93992327 -11.84539071],[-5.43649162 12.04158068],[-0.01026754  0.24200716]
3650,3.650999999999709,[0.16467801 0.58955012],[ -0.94514731 -11.83202905],[-5.22404008 13.36165528],[-0.00990862  0.24218279]
3651,3.651999999999709,[0.16372786 0.5777328 ],[ -0.95015444 -11.81732294],[-5.00713089 14.70610831],[-0.00955978  0.24229136]
3652,3.6529999999997087,[0.16277292 0.56593155],[ -0.95494038 -11.80124921],[-4.78593288 16.07373203],[-0.00922126  0.24233151]
3653,3.6539999999997086,[0.16181342 0.55414777],[ -0.95950101 -11.783786  ],[-4.56063084 17.46320916],[-0.0088933   0.24230195]
3654,3.6549999999997085,[0.16084958 0.54238285],[ -0.96383243 -11.76491289],[-4.33142556 18.87311304],[-0.00857613  0.24220146]
3655,3.6559999999997084,[0.15988165 0.53063824],[ -0.96793097 -11.74461098],[-4.09853369 20.30190835],[-0.00826995  0.24202886]
3656,3.6569999999997083,[0.15890986 0.51891538],[ -0.97179316 -11.72286303],[-3.86218762 21.74795269],[-0.00797499  0.24178308]
3657,3.657999999999708,[0.15793444 0.50721573],[ -0.97541579 -11.69965353],[-3.62263511 23.20949879],[-0.00769143  0.2414631 ]
3658,3.658999999999708,[0.15695565 0.49554076],[ -0.97879593 -11.67496883],[-3.38013896 24.68469756],[-0.00741947  0.24106801]
3659,3.659999999999708,[0.15597372 0.48389196],[ -0.98193091 -11.64879723],[-3.13497647 26.17160191],[-0.00715927  0.24059697]
3660,3.660999999999708,[0.1549889  0.47227083],[ -0.98481834 -11.62112906],[-2.88743883 27.6681714 ],[-0.00691098  0.24004925]
3661,3.6619999999997077,[0.15400144 0.46067887],[ -0.98745618 -11.59195678],[-2.63783038 29.17227767],[-0.00667477  0.23942422]
3662,3.6629999999997076,[0.1530116 0.4491176],[ -0.98984264 -11.56127507],[-2.38646777 30.68171072],[-0.00645074  0.23872135]
3663,3.6639999999997075,[0.15201962 0.43758852],[ -0.99197632 -11.52908088],[-2.13367902 32.19418592],[-0.00623902  0.23794022]
3664,3.6649999999997074,[0.15102577 0.42609314],[ -0.99385612 -11.49537353],[-1.87980245 33.7073519 ],[-0.0060397   0.23708054]
3665,3.6659999999997073,[0.15003029 0.41463299],[ -0.99548131 -11.46015473],[-1.62518552 35.21879904],[-0.00585286  0.23614211]
3666,3.666999999999707,[0.14903344 0.40320956],[ -0.99685149 -11.42342866],[-1.37018357 36.72606876],[-0.00567857  0.23512487]
3667,3.667999999999707,[0.14803547 0.39182436],[ -0.99796665 -11.385202  ],[-1.11515848 38.22666338],[-0.00551687  0.23402888]
3668,3.668999999999707,[0.14703664 0.38047888],[ -0.99882713 -11.34548394],[-0.86047725 39.71805656],[-0.00536778  0.23285433]
3669,3.669999999999707,[0.14603721 0.36917459],[ -0.99943364 -11.30428624],[-0.60651048 41.19770427],[-0.00523131  0.23160152]
3670,3.6709999999997067,[0.14503742 0.35791297],[ -0.99978727 -11.26162318],[-0.35363083 42.66305612],[-0.00510746  0.2302709 ]
3671,3.6719999999997066,[0.14403753 0.34669545],[ -0.99988948 -11.21751162],[-0.10221145 44.11156703],[-0.0049962   0.22886303]
3672,3.6729999999997065,[0.14303779 0.33552348],[ -0.99974211 -11.17197091],[ 0.14737574 45.54070913],[-0.00489746  0.22737861]
3673,3.6739999999997064,[0.14203844 0.32439846],[ -0.99934734 -11.12502292],[ 0.3947616  46.94798374],[-0.0048112   0.22581846]
3674,3.6749999999997063,[0.14103973 0.31332177],[ -0.99870776 -11.07669199],[ 0.63958152 48.33093338],[-0.00473733  0.22418355]
3675,3.675999999999706,[0.14004191 0.30229476],[ -0.99782629 -11.02700484],[ 0.88147702 49.68715371],[-0.00467573  0.22247495]
3676,3.676999999999706,[0.1390452  0.29131877],[ -0.99670619 -10.97599053],[ 1.12009738 51.01430517],[-0.00462629  0.22069385]
3677,3.677999999999706,[0.13804985 0.28039509],[ -0.99535109 -10.92368041],[ 1.35510126 52.31012434],[-0.00458888  0.21884159]
3678,3.678999999999706,[0.13705609 0.26952498],[ -0.99376493 -10.87010797],[ 1.58615817 53.57243491],[-0.00456332  0.21691959]
3679,3.6799999999997057,[0.13606413 0.25870968],[ -0.99195198 -10.81530881],[ 1.81295    54.79915803],[-0.00454945  0.21492941]
3680,3.6809999999997056,[0.13507422 0.24795036],[ -0.98991681 -10.75932049],[ 2.03517236 55.98832203],[-0.00454707  0.2128727 ]
3681,3.6819999999997055,[0.13408655 0.23724817],[ -0.98766427 -10.70218242],[ 2.2525359 57.1380715],[-0.00455599  0.21075123]
3682,3.6829999999997054,[0.13310135 0.22660424],[ -0.9851995  -10.64393575],[ 2.46476744 58.24667544],[-0.00457598  0.20856685]
3683,3.6839999999997053,[0.13211883 0.21601961],[ -0.98252789 -10.58462321],[ 2.6716111  59.31253459],[-0.0046068   0.20632151]
3684,3.684999999999705,[0.13113917 0.20549532],[ -0.97965506 -10.52428902],[ 2.8728292  60.33418784],[-0.0046482   0.20401723]
3685,3.685999999999705,[0.13016258 0.19503235],[ -0.97658686 -10.46297871],[ 3.06820309 61.31031759],[-0.00469993  0.20165613]
3686,3.686999999999705,[0.12918925 0.18463161],[ -0.97332933 -10.40073895],[ 3.25753383 62.23975408],[-0.00476171  0.19924038]
3687,3.687999999999705,[0.12821937 0.17429399],[ -0.96988868 -10.33761747],[ 3.44064271 63.12147875],[-0.00483326  0.19677224]
3688,3.6889999999997047,[0.12725309 0.16402033],[ -0.96627131 -10.27366285],[ 3.61737166 63.95462641],[-0.00491428  0.19425398]
3689,3.6899999999997046,[0.12629061 0.1538114 ],[ -0.96248373 -10.20892436],[ 3.7875835  64.73848648],[-0.00500448  0.19168797]
3690,3.6909999999997045,[0.12533208 0.14366795],[ -0.95853257 -10.14345186],[ 3.95116206 65.47250308],[-0.00510354  0.18907659]
3691,3.6919999999997044,[0.12437765 0.13359065],[ -0.95442455 -10.07729558],[ 4.10801215 66.15627415],[-0.00521115  0.18642225]
3692,3.6929999999997043,[0.12342749 0.12358015],[ -0.95016649 -10.01050603],[ 4.25805939 66.78954959],[-0.00532699  0.1837274 ]
3693,3.693999999999704,[0.12248172 0.11363702],[-0.94576524 -9.9431338 ],[ 4.40124993 67.37222844],[-0.00545073  0.18099451]
3694,3.694999999999704,[0.12154049 0.10376179],[-0.94122769 -9.87522945],[ 4.53755009 67.90435522],[-0.00558205  0.17822604]
3695,3.695999999999704,[0.12060393 0.09395494],[-0.93656075 -9.80684333],[ 4.66694579 68.38611542],[-0.00572061  0.17542447]
3696,3.696999999999704,[0.11967216 0.08421692],[-0.93177131 -9.7380255 ],[ 4.78944193 68.81783027],[-0.00586609  0.17259227]
3697,3.6979999999997037,[0.1187453  0.07454809],[-0.92686625 -9.66882555],[ 4.90506173 69.19995084],[-0.00601814  0.16973189]
3698,3.6989999999997036,[0.11782344 0.0649488 ],[-0.9218524 -9.5992925],[ 5.01384589 69.53305159],[-0.00617644  0.16684579]
3699,3.6999999999997035,[0.11690671 0.05541932],[-0.91673655 -9.52947468],[ 5.11585176 69.81782333],[-0.00634066  0.16393638]
3700,3.7009999999997034,[0.11599518 0.0459599 ],[-0.9115254  -9.45941961],[ 5.21115238 70.05506588],[-0.00651047  0.16100605]
3701,3.7019999999997033,[0.11508896 0.03657073],[-0.90622556 -9.38917393],[ 5.29983551 70.2456803 ],[-0.00668553  0.15805715]
3702,3.702999999999703,[0.11418811 0.02725195],[-0.90084356 -9.31878327],[ 5.38200263 70.39066093],[-0.00686554  0.15509199]
3703,3.703999999999703,[0.11329273 0.01800366],[-0.89538579 -9.24829218],[ 5.4577679  70.49108722],[-0.00705017  0.15211284]
3704,3.704999999999703,[0.11240287 0.00882591],[-0.88985853 -9.17774407],[ 5.52725706 70.54811548],[-0.00723911  0.14912192]
3705,3.705999999999703,[ 0.1115186  -0.00028127],[-0.88426793 -9.1071811 ],[ 5.59060639 70.56297062],[-0.00743205  0.14612139]
3706,3.7069999999997028,[ 0.11063998 -0.00931791],[-0.87861996 -9.03664416],[ 5.64796163 70.53693791],[-0.00762869  0.14311337]
3707,3.7079999999997026,[ 0.10976706 -0.01828409],[-0.87292049 -8.9661728 ],[ 5.69947692 70.47135488],[-0.00782874  0.14009989]
3708,3.7089999999997025,[ 0.10889988 -0.02717989],[-0.86717517 -8.8958052 ],[ 5.74531373 70.36760338],[-0.00803191  0.13708294]
3709,3.7099999999997024,[ 0.10803849 -0.03600547],[-0.86138953 -8.8255781 ],[ 5.78563987 70.22710181],[-0.00823793  0.13406445]
3710,3.7109999999997023,[ 0.10718293 -0.044761  ],[-0.85556891 -8.7555268 ],[ 5.82062845 70.05129768],[-0.00844651  0.13104626]
3711,3.711999999999702,[ 0.10633321 -0.05344668],[-0.84971845 -8.68568514],[ 5.85045698 69.84166045],[-0.0086574   0.12803016]
3712,3.712999999999702,[ 0.10548936 -0.06206277],[-0.84384314 -8.61608547],[ 5.87530639 69.59967466],[-0.00887035  0.12501786]
3713,3.713999999999702,[ 0.10465142 -0.07060953],[-0.83794778 -8.54675863],[ 5.89536017 69.32683349],[-0.00908509  0.122011  ]
3714,3.714999999999702,[ 0.10381938 -0.07908726],[-0.83203698 -8.477734  ],[ 5.91080359 69.02463266],[-0.00930141  0.11901115]
3715,3.7159999999997018,[ 0.10299326 -0.0874963 ],[-0.82611516 -8.40903944],[ 5.92182281 68.69456471],[-0.00951907  0.11601982]
3716,3.7169999999997017,[ 0.10217308 -0.095837  ],[-0.82018655 -8.34070132],[ 5.92860427 68.33811374],[-0.00973784  0.11303842]
3717,3.7179999999997015,[ 0.10135882 -0.10410975],[-0.81425522 -8.27274457],[ 5.93133392 67.95675053],[-0.00995752  0.11006831]
3718,3.7189999999997014,[ 0.1005505  -0.11231494],[-0.80832502 -8.20519264],[ 5.93019663 67.55192807],[-0.01017791  0.10711078]
3719,3.7199999999997013,[ 0.0997481  -0.12045301],[-0.80239964 -8.13806757],[ 5.92537559 67.12507753],[-0.0103988   0.10416704]
3720,3.720999999999701,[ 0.09895162 -0.1285244 ],[-0.79648259 -8.07138996],[ 5.91705183 66.67760458],[-0.01062003  0.10123824]
3721,3.721999999999701,[ 0.09816104 -0.13652957],[-0.79057719 -8.00517908],[ 5.90540371 66.21088619],[-0.0108414   0.09832545]
3722,3.722999999999701,[ 0.09737635 -0.14446903],[-0.78468658 -7.93945281],[ 5.89060649 65.72626773],[-0.01106276  0.09542968]
3723,3.723999999999701,[ 0.09659754 -0.15234326],[-0.77881375 -7.87422775],[ 5.87283197 65.22506051],[-0.01128395  0.09255187]
3724,3.7249999999997008,[ 0.09582458 -0.16015277],[-0.7729615  -7.80951921],[ 5.85224818 64.70853961],[-0.0115048   0.08969291]
3725,3.7259999999997007,[ 0.09505744 -0.16789812],[-0.76713248 -7.74534127],[ 5.82901904 64.17794212],[-0.01172519  0.08685361]
3726,3.7269999999997006,[ 0.09429611 -0.17557982],[-0.76132918 -7.6817068 ],[ 5.80330418 63.63446563],[-0.01194498  0.08403473]
3727,3.7279999999997004,[ 0.09354056 -0.18319845],[-0.75555392 -7.61862753],[ 5.77525867 63.07926706],[-0.01216403  0.08123696]
3728,3.7289999999997003,[ 0.09279075 -0.19075456],[-0.74980889 -7.55611407],[ 5.74503292 62.51346175],[-0.01238224  0.07846096]
3729,3.7299999999997,[ 0.09204666 -0.19824874],[-0.74409612 -7.49417595],[ 5.71277249 61.93812286],[-0.01259948  0.0757073 ]
3730,3.7309999999997,[ 0.09130824 -0.20568156],[-0.7384175  -7.43282167],[ 5.67861803 61.35428091],[-0.01281566  0.07297653]
3731,3.7319999999997,[ 0.09057546 -0.21305362],[-0.73277479 -7.37205874],[ 5.64270518 60.76292365],[-0.01303068  0.07026912]
3732,3.7329999999997,[ 0.08984829 -0.22036551],[-0.72716963 -7.31189375],[ 5.60516455 60.16499604],[-0.01324443  0.06758551]
3733,3.7339999999997,[ 0.08912669 -0.22761785],[-0.72160351 -7.25233235],[ 5.56612171 59.5614005 ],[-0.01345685  0.0649261 ]
3734,3.7349999999996997,[ 0.08841061 -0.23481123],[-0.71607781 -7.19337935],[ 5.52569715 58.95299723],[-0.01366785  0.06229121]
3735,3.7359999999996996,[ 0.08770002 -0.24194626],[-0.7105938  -7.13503874],[ 5.48400637 58.34060477],[-0.01387735  0.05968116]
3736,3.7369999999996995,[ 0.08699487 -0.24902358],[-0.70515264 -7.07731374],[ 5.44115986 57.72500058],[-0.01408529  0.05709621]
3737,3.7379999999996993,[ 0.08629511 -0.25604379],[-0.69975538 -7.02020682],[ 5.39726322 57.10692185],[-0.01429161  0.05453658]
3738,3.7389999999996992,[ 0.08560071 -0.26300751],[-0.69440296 -6.96371976],[ 5.35241718 56.48706633],[-0.01449625  0.05200245]
3739,3.739999999999699,[ 0.08491161 -0.26991536],[-0.68909624 -6.90785366],[ 5.30671774 55.86609327],[-0.01469916  0.04949398]
3740,3.740999999999699,[ 0.08422778 -0.27676797],[-0.68383599 -6.85260904],[ 5.26025623 55.24462441],[-0.01490029  0.04701128]
3741,3.741999999999699,[ 0.08354915 -0.28356595],[-0.67862287 -6.79798579],[ 5.21311944 54.62324508],[-0.0150996   0.04455444]
3742,3.742999999999699,[ 0.08287569 -0.29030994],[-0.67345748 -6.74398329],[ 5.16538972 54.0025053 ],[-0.01529705  0.04212352]
3743,3.7439999999996987,[ 0.08220735 -0.29700054],[-0.66834033 -6.69060037],[ 5.11714511 53.3829209 ],[-0.0154926   0.03971856]
3744,3.7449999999996986,[ 0.08154408 -0.30363837],[-0.66327187 -6.63783539],[ 5.06845947 52.76497475],[-0.01568622  0.03733954]
3745,3.7459999999996985,[ 0.08088583 -0.31022406],[-0.65825247 -6.58568627],[ 5.01940262 52.14911794],[-0.0158779   0.03498647]
3746,3.7469999999996983,[ 0.08023255 -0.31675821],[-0.65328243 -6.5341505 ],[ 4.97004045 51.53577095],[-0.0160676   0.03265928]
3747,3.7479999999996982,[ 0.07958419 -0.32324143],[-0.648362   -6.48322518],[ 4.92043508 50.92532493],[-0.0162553   0.03035792]
3748,3.748999999999698,[ 0.07894069 -0.32967434],[-0.64349135 -6.43290704],[ 4.87064497 50.31814287],[-0.01644099  0.02808231]
3749,3.749999999999698,[ 0.07830202 -0.33605753],[-0.63867063 -6.38319247],[ 4.8207251 49.7145608],[-0.01662466  0.02583234]
3750,3.750999999999698,[ 0.07766812 -0.34239161],[-0.6338999  -6.33407759],[ 4.77072706 49.11488902],[-0.01680628  0.02360789]
3751,3.751999999999698,[ 0.07703894 -0.34867717],[-0.6291792  -6.28555817],[ 4.72069925 48.51941323],[-0.01698586  0.02140883]
3752,3.7529999999996977,[ 0.07641444 -0.3549148 ],[-0.62450851 -6.23762978],[ 4.67068693 47.92839572],[-0.01716338  0.01923501]
3753,3.7539999999996976,[ 0.07579455 -0.36110509],[-0.61988778 -6.1902877 ],[ 4.62073243 47.34207648],[-0.01733885  0.01708627]
3754,3.7549999999996975,[ 0.07517923 -0.36724861],[-0.61531691 -6.14352703],[ 4.57087524 46.76067433],[-0.01751225  0.01496242]
3755,3.7559999999996974,[ 0.07456844 -0.37334596],[-0.61079575 -6.09734264],[ 4.52115216 46.18438798],[-0.0176836   0.01286329]
3756,3.7569999999996972,[ 0.07396211 -0.37939769],[-0.60632416 -6.05172924],[ 4.47159742 45.61339708],[-0.01785288  0.01078867]
3757,3.757999999999697,[ 0.07336021 -0.38540437],[-0.60190191 -6.00668138],[ 4.42224277 45.04786325],[-0.01802011  0.00873835]
3758,3.758999999999697,[ 0.07276268 -0.39136656],[-0.5975288  -5.96219345],[ 4.37311767 44.48793103],[-0.01818529  0.00671213]
3759,3.759999999999697,[ 0.07216948 -0.39728482],[-0.59320455 -5.91825972],[ 4.32424935 43.93372889],[-0.01834843  0.00470977]
3760,3.760999999999697,[ 0.07158055 -0.4031597 ],[-0.58892888 -5.87487435],[ 4.27566291 43.38537009],[-0.01850953  0.00273105]
3761,3.7619999999996967,[ 0.07099585 -0.40899173],[-0.5847015  -5.83203139],[ 4.2273815  42.84295359],[-0.0186686   0.00077573]
3762,3.7629999999996966,[ 0.07041532 -0.41478145],[-0.58052208 -5.78972483],[ 4.17942636 42.3065649 ],[-0.01882566 -0.00115644]
3763,3.7639999999996965,[ 0.06983893 -0.4205294 ],[-0.57639026 -5.74794855],[ 4.13181694 41.77627687],[-0.01898071 -0.0030657 ]
3764,3.7649999999996964,[ 0.06926663 -0.4262361 ],[-0.57230569 -5.7066964 ],[ 4.084571   41.25215051],[-0.01913377 -0.0049523 ]
3765,3.7659999999996963,[ 0.06869836 -0.43190206],[-0.56826798 -5.66596217],[ 4.03770471 40.73423571],[-0.01928485 -0.00681649]
3766,3.766999999999696,[ 0.06813408 -0.4375278 ],[-0.56427675 -5.62573959],[ 3.99123273 40.22257192],[-0.01943397 -0.00865855]
3767,3.767999999999696,[ 0.06757375 -0.44311382],[-0.56033158 -5.58602241],[ 3.94516829 39.71718892],[-0.01958114 -0.01047872]
3768,3.768999999999696,[ 0.06701732 -0.44866062],[-0.55643206 -5.5468043 ],[ 3.8995233  39.21810739],[-0.01972637 -0.01227727]
3769,3.769999999999696,[ 0.06646474 -0.4541687 ],[-0.55257775 -5.50807896],[ 3.85430838 38.72533954],[-0.01986969 -0.01405447]
3770,3.7709999999996957,[ 0.06591597 -0.45963854],[-0.54876822 -5.46984007],[ 3.809533   38.23888974],[-0.02001111 -0.01581058]
3771,3.7719999999996956,[ 0.06537097 -0.46507063],[-0.54500301 -5.43208131],[ 3.76520549 37.75875502],[-0.02015064 -0.01754587]
3772,3.7729999999996955,[ 0.06482969 -0.47046542],[-0.54128168 -5.39479639],[ 3.72133315 37.28492565],[-0.02028831 -0.0192606 ]
3773,3.7739999999996954,[ 0.06429209 -0.4758234 ],[-0.53760376 -5.357979  ],[ 3.67792229 36.81738561],[-0.02042413 -0.02095505]
3774,3.7749999999996953,[ 0.06375812 -0.48114502],[-0.53396878 -5.32162289],[ 3.63497831 36.35611306],[-0.02055813 -0.02262947]
3775,3.775999999999695,[ 0.06322774 -0.48643075],[-0.53037627 -5.28572181],[ 3.59250575 35.90108084],[-0.02069032 -0.02428415]
3776,3.776999999999695,[ 0.06270091 -0.49168101],[-0.52682576 -5.25026955],[ 3.55050834 35.45225683],[-0.02082072 -0.02591934]
3777,3.777999999999695,[ 0.0621776  -0.49689627],[-0.52331677 -5.21525995],[ 3.50898906 35.00960438],[-0.02094934 -0.0275353 ]
3778,3.778999999999695,[ 0.06165775 -0.50207696],[-0.51984882 -5.18068686],[ 3.4679502  34.57308272],[-0.02107622 -0.02913231]
3779,3.7799999999996947,[ 0.06114133 -0.50722351],[-0.51642143 -5.14654422],[ 3.4273934  34.14264725],[-0.02120137 -0.03071063]
3780,3.7809999999996946,[ 0.06062829 -0.51233633],[-0.51303411 -5.11282597],[ 3.38731967 33.71824994],[-0.02132481 -0.03227051]
3781,3.7819999999996945,[ 0.06011861 -0.51741586],[-0.50968638 -5.07952613],[ 3.34772949 33.29983961],[-0.02144656 -0.03381222]
3782,3.7829999999996944,[ 0.05961223 -0.5224625 ],[-0.50637776 -5.04663877],[ 3.30862278 32.88736224],[-0.02156664 -0.03533601]
3783,3.7839999999996943,[ 0.05910912 -0.52747665],[-0.50310776 -5.014158  ],[ 3.26999901 32.48076124],[-0.02168507 -0.03684214]
3784,3.784999999999694,[ 0.05860925 -0.53245873],[-0.4998759  -4.98207803],[ 3.23185717 32.07997772],[-0.02180187 -0.03833086]
3785,3.785999999999694,[ 0.05811256 -0.53740913],[-0.49668171 -4.95039308],[ 3.19419585 31.68495075],[-0.02191706 -0.03980242]
3786,3.786999999999694,[ 0.05761904 -0.54232822],[-0.49352469 -4.91909746],[ 3.15701326 31.29561757],[-0.02203066 -0.04125707]
3787,3.787999999999694,[ 0.05712863 -0.54721641],[-0.49040439 -4.88818554],[ 3.12030725 30.9119138 ],[-0.0221427  -0.04269505]
3788,3.7889999999996937,[ 0.05664131 -0.55207406],[-0.48732031 -4.85765177],[ 3.08407535 30.53377365],[-0.02225318 -0.04411661]
3789,3.7899999999996936,[ 0.05615704 -0.55690155],[-0.484272   -4.82749064],[ 3.04831477 30.16113013],[-0.02236214 -0.04552199]
3790,3.7909999999996935,[ 0.05567578 -0.56169925],[-0.48125897 -4.79769673],[ 3.01302249 29.79391521],[-0.02246959 -0.04691142]
3791,3.7919999999996934,[ 0.0551975  -0.56646751],[-0.47828078 -4.76826467],[ 2.9781952  29.43205995],[-0.02257555 -0.04828514]
3792,3.7929999999996933,[ 0.05472217 -0.5712067 ],[-0.47533695 -4.73918917],[ 2.94382938 29.07549471],[-0.02268005 -0.04964338]
3793,3.793999999999693,[ 0.05424974 -0.57591717],[-0.47242703 -4.71046502],[ 2.90992132 28.72414926],[-0.02278309 -0.05098637]
3794,3.794999999999693,[ 0.05378019 -0.58059925],[-0.46955056 -4.68208707],[ 2.87646709 28.37795292],[-0.02288471 -0.05231433]
3795,3.795999999999693,[ 0.05331348 -0.5852533 ],[-0.4667071  -4.65405023],[ 2.84346262 28.03683467],[-0.02298491 -0.05362749]
3796,3.796999999999693,[ 0.05284958 -0.58987965],[-0.46389619 -4.62634951],[ 2.81090368 27.70072328],[-0.02308373 -0.05492607]
3797,3.7979999999996927,[ 0.05238847 -0.59447863],[-0.46111741 -4.59897996],[ 2.77878589 27.36954742],[-0.02318117 -0.05621028]
3798,3.7989999999996926,[ 0.0519301  -0.59905057],[-0.4583703  -4.57193673],[ 2.74710478 27.04323572],[-0.02327726 -0.05748033]
3799,3.7999999999996925,[ 0.05147444 -0.60359579],[-0.45565445 -4.54521501],[ 2.71585575 26.72171691],[-0.02337201 -0.05873645]
3800,3.8009999999996924,[ 0.05102147 -0.6081146 ],[-0.45296941 -4.51881009],[ 2.68503412 26.40491987],[-0.02346545 -0.05997882]
3801,3.8019999999996923,[ 0.05057116 -0.61260731],[-0.45031478 -4.49271732],[ 2.65463513 26.09277371],[-0.02355759 -0.06120766]
3802,3.802999999999692,[ 0.05012347 -0.61707424],[-0.44769012 -4.46693211],[ 2.62465394 25.78520784],[-0.02364846 -0.06242317]
3803,3.803999999999692,[ 0.04967837 -0.62151569],[-0.44509504 -4.44144996],[ 2.59508566 25.48215206],[-0.02373806 -0.06362555]
3804,3.804999999999692,[ 0.04923584 -0.62593196],[-0.44252911 -4.41626642],[ 2.56592536 25.18353656],[-0.02382641 -0.06481499]
3805,3.805999999999692,[ 0.04879585 -0.63032334],[-0.43999195 -4.39137713],[ 2.53716805 24.88929206],[-0.02391354 -0.06599168]
3806,3.8069999999996917,[ 0.04835837 -0.63469012],[-0.43748314 -4.36677778],[ 2.50880873 24.59934976],[-0.02399946 -0.06715581]
3807,3.8079999999996916,[ 0.04792337 -0.63903258],[-0.43500229 -4.34246414],[ 2.48084237 24.31364146],[-0.02408419 -0.06830758]
3808,3.8089999999996915,[ 0.04749082 -0.64335101],[-0.43254903 -4.31843204],[ 2.45326393 24.03209957],[-0.02416775 -0.06944715]
3809,3.8099999999996914,[ 0.04706069 -0.64764569],[-0.43012296 -4.29467738],[ 2.42606835 23.75465713],[-0.02425014 -0.07057471]
3810,3.8109999999996913,[ 0.04663297 -0.65191689],[-0.42772371 -4.27119613],[ 2.39925057 23.48124789],[-0.0243314  -0.07169044]
3811,3.811999999999691,[ 0.04620762 -0.65616487],[-0.42535091 -4.24798433],[ 2.37280555 23.21180629],[-0.02441152 -0.07279451]
3812,3.812999999999691,[ 0.04578462 -0.66038991],[-0.42300418 -4.22503806],[ 2.34672824 22.94626751],[-0.02449054 -0.07388709]
3813,3.813999999999691,[ 0.04536393 -0.66459226],[-0.42068316 -4.20235349],[ 2.32101362 22.68456749],[-0.02456846 -0.07496835]
3814,3.814999999999691,[ 0.04494555 -0.66877219],[-0.41838751 -4.17992685],[ 2.29565669 22.42664295],[-0.02464531 -0.07603846]
3815,3.8159999999996908,[ 0.04452943 -0.67292994],[-0.41611686 -4.15775442],[ 2.27065245 22.17243138],[-0.02472109 -0.07709758]
3816,3.8169999999996906,[ 0.04411556 -0.67706578],[-0.41387086 -4.13583255],[ 2.24599594 21.92187112],[-0.02479582 -0.07814586]
3817,3.8179999999996905,[ 0.04370391 -0.68117993],[-0.41164918 -4.11415764],[ 2.22168225 21.6749013 ],[-0.02486952 -0.07918347]
3818,3.8189999999996904,[ 0.04329446 -0.68527266],[-0.40945147 -4.09272618],[ 2.19770648 21.43146191],[-0.0249422  -0.08021056]
3819,3.8199999999996903,[ 0.04288718 -0.68934419],[-0.40727741 -4.07153469],[ 2.17406378 21.19149375],[-0.02501387 -0.08122728]
3820,3.82099999999969,[ 0.04248205 -0.69339477],[-0.40512666 -4.05057975],[ 2.15074932 20.95493849],[-0.02508456 -0.08223379]
3821,3.82199999999969,[ 0.04207905 -0.69742463],[-0.4029989  -4.02985801],[ 2.12775833 20.72173865],[-0.02515427 -0.08323022]
3822,3.82299999999969,[ 0.04167816 -0.701434  ],[-0.40089381 -4.00936617],[ 2.10508609 20.49183759],[-0.02522302 -0.08421672]
3823,3.82399999999969,[ 0.04127935 -0.7054231 ],[-0.39881109 -3.98910099],[ 2.0827279  20.26517956],[-0.02529082 -0.08519344]
3824,3.8249999999996898,[ 0.0408826  -0.70939216],[-0.39675041 -3.96905929],[ 2.06067912 20.04170965],[-0.02535769 -0.08616051]
3825,3.8259999999996896,[ 0.04048789 -0.7133414 ],[-0.39471147 -3.94923791],[ 2.03893518 19.8213738 ],[-0.02542363 -0.08711807]
3826,3.8269999999996895,[ 0.04009519 -0.71727103],[-0.39269398 -3.92963379],[ 2.01749153 19.60411882],[-0.02548867 -0.08806626]
3827,3.8279999999996894,[ 0.0397045  -0.72118127],[-0.39069764 -3.9102439 ],[ 1.99634369 19.38989238],[-0.02555281 -0.08900519]
3828,3.8289999999996893,[ 0.03931577 -0.72507234],[-0.38872215 -3.89106526],[ 1.97548722 19.17864299],[-0.02561607 -0.08993502]
3829,3.829999999999689,[ 0.03892901 -0.72894443],[-0.38676723 -3.87209494],[ 1.95491774 18.97032002],[-0.02567846 -0.09085586]
3830,3.830999999999689,[ 0.03854417 -0.73279776],[-0.3848326  -3.85333006],[ 1.93463093 18.76487366],[-0.02573998 -0.09176783]
3831,3.831999999999689,[ 0.03816126 -0.73663253],[-0.38291798 -3.83476781],[ 1.91462252 18.56225497],[-0.02580067 -0.09267107]
3832,3.832999999999689,[ 0.03778023 -0.74044894],[-0.38102309 -3.81640539],[ 1.89488829 18.36241582],[-0.02586052 -0.09356569]
3833,3.8339999999996888,[ 0.03740108 -0.74424718],[-0.37914766 -3.79824008],[ 1.87542409 18.16530889],[-0.02591954 -0.09445181]
3834,3.8349999999996887,[ 0.03702379 -0.74802745],[-0.37729144 -3.7802692 ],[ 1.85622581 17.9708877 ],[-0.02597776 -0.09532954]
3835,3.8359999999996885,[ 0.03664834 -0.75178994],[-0.37545415 -3.76249009],[ 1.83728941 17.77910657],[-0.02603518 -0.09619901]
3836,3.8369999999996884,[ 0.0362747  -0.75553484],[-0.37363554 -3.74490017],[ 1.81861089 17.58992062],[-0.02609181 -0.09706032]
3837,3.8379999999996883,[ 0.03590287 -0.75926233],[-0.37183535 -3.72749688],[ 1.80018632 17.40328574],[-0.02614766 -0.09791359]
3838,3.838999999999688,[ 0.03553281 -0.76297261],[-0.37005334 -3.71027772],[ 1.78201184 17.21915864],[-0.02620274 -0.09875892]
3839,3.839999999999688,[ 0.03516453 -0.76666585],[-0.36828926 -3.69324023],[ 1.76408361 17.03749677],[-0.02625707 -0.09959642]
3840,3.840999999999688,[ 0.03479798 -0.77034223],[-0.36654286 -3.67638197],[ 1.74639788 16.85825836],[-0.02631065 -0.10042619]
3841,3.841999999999688,[ 0.03443317 -0.77400193],[-0.36481391 -3.65970057],[ 1.72895094 16.68140238],[-0.0263635  -0.10124834]
3842,3.8429999999996878,[ 0.03407007 -0.77764513],[-0.36310217 -3.64319368],[ 1.71173914 16.50688854],[-0.02641563 -0.10206297]
3843,3.8439999999996877,[ 0.03370866 -0.78127199],[-0.36140741 -3.626859  ],[ 1.69475888 16.3346773 ],[-0.02646704 -0.10287018]
3844,3.8449999999996876,[ 0.03334893 -0.78488268],[-0.3597294  -3.61069427],[ 1.67800663 16.16472983],[-0.02651774 -0.10367006]
3845,3.8459999999996874,[ 0.03299086 -0.78847738],[-0.35806792 -3.59469726],[ 1.66147889 15.997008  ],[-0.02656775 -0.10446272]
3846,3.8469999999996873,[ 0.03263444 -0.79205624],[-0.35642275 -3.57886579],[ 1.64517224 15.83147439],[-0.02661708 -0.10524824]
3847,3.8479999999996872,[ 0.03227965 -0.79561944],[-0.35479367 -3.5631977 ],[ 1.6290833  15.66809228],[-0.02666573 -0.10602672]
3848,3.848999999999687,[ 0.03192647 -0.79916713],[-0.35318046 -3.54769087],[ 1.61320875 15.50682562],[-0.02671371 -0.10679825]
3849,3.849999999999687,[ 0.03157488 -0.80269948],[-0.35158291 -3.53234323],[ 1.59754532 15.34763902],[-0.02676103 -0.10756291]
3850,3.850999999999687,[ 0.03122488 -0.80621663],[-0.35000083 -3.51715273],[ 1.58208979 15.19049776],[-0.02680771 -0.1083208 ]
3851,3.851999999999687,[ 0.03087645 -0.80971875],[-0.34843399 -3.50211737],[ 1.56683899 15.03536776],[-0.02685375 -0.10907201]
3852,3.8529999999996867,[ 0.03052957 -0.81320598],[-0.3468822  -3.48723515],[ 1.55178982 14.88221556],[-0.02689915 -0.10981661]
3853,3.8539999999996866,[ 0.03018422 -0.81667849],[-0.34534526 -3.47250414],[ 1.5369392  14.73100836],[-0.02694393 -0.11055469]
3854,3.8549999999996865,[ 0.0298404  -0.82013641],[-0.34382297 -3.45792243],[ 1.52228413 14.58171396],[-0.0269881  -0.11128634]
3855,3.8559999999996863,[ 0.02949808 -0.8235799 ],[-0.34231515 -3.44348813],[ 1.50782163 14.43430073],[-0.02703166 -0.11201162]
3856,3.8569999999996862,[ 0.02915726 -0.8270091 ],[-0.3408216  -3.42919939],[ 1.49354881 14.2887377 ],[-0.02707463 -0.11273063]
3857,3.857999999999686,[ 0.02881792 -0.83042415],[-0.33934214 -3.4150544 ],[ 1.47946277 14.14499441],[-0.02711701 -0.11344344]
3858,3.858999999999686,[ 0.02848004 -0.8338252 ],[-0.33787658 -3.40105135],[ 1.46556072 14.00304103],[-0.0271588  -0.11415012]
3859,3.859999999999686,[ 0.02814362 -0.83721239],[-0.33642474 -3.38718851],[ 1.45183988 13.86284826],[-0.02720002 -0.11485075]
3860,3.860999999999686,[ 0.02780863 -0.84058585],[-0.33498644 -3.37346412],[ 1.43829752 13.72438737],[-0.02724067 -0.11554541]
3861,3.8619999999996857,[ 0.02747507 -0.84394573],[-0.33356151 -3.35987649],[ 1.42493095 13.58763015],[-0.02728077 -0.11623416]
3862,3.8629999999996856,[ 0.02714292 -0.84729215],[-0.33214977 -3.34642394],[ 1.41173755 13.45254894],[-0.02732031 -0.11691709]
3863,3.8639999999996855,[ 0.02681217 -0.85062526],[-0.33075106 -3.33310482],[ 1.39871473 13.31911659],[-0.02735931 -0.11759425]
3864,3.8649999999996854,[ 0.0264828  -0.85394518],[-0.3293652  -3.31991752],[ 1.38585993 13.18730648],[-0.02739778 -0.11826571]
3865,3.8659999999996852,[ 0.02615481 -0.85725204],[-0.32799203 -3.30686042],[ 1.37317065 13.05709248],[-0.02743571 -0.11893155]
3866,3.866999999999685,[ 0.02582818 -0.86054597],[-0.32663138 -3.29393198],[ 1.36064443 12.92844895],[-0.02747313 -0.11959183]
3867,3.867999999999685,[ 0.0255029 -0.8638271],[-0.3252831  -3.28113062],[ 1.34827884 12.80135073],[-0.02751002 -0.12024662]
3868,3.868999999999685,[ 0.02517895 -0.86709555],[-0.32394703 -3.26845485],[ 1.33607152 12.67577316],[-0.02754641 -0.12089598]
3869,3.869999999999685,[ 0.02485633 -0.87035146],[-0.32262301 -3.25590316],[ 1.32402011 12.55169201],[-0.0275823  -0.12153997]
3870,3.8709999999996847,[ 0.02453502 -0.87359493],[-0.32131089 -3.24347408],[ 1.31212232 12.42908353],[-0.02761769 -0.12217865]
3871,3.8719999999996846,[ 0.024215  -0.8768261],[-0.32001051 -3.23116615],[ 1.30037589 12.30792441],[-0.02765259 -0.12281209]
3872,3.8729999999996845,[ 0.02389628 -0.88004508],[-0.31872174 -3.21897796],[ 1.28877859 12.18819178],[-0.02768701 -0.12344035]
3873,3.8739999999996844,[ 0.02357884 -0.88325198],[-0.31744441 -3.2069081 ],[ 1.27732823 12.0698632 ],[-0.02772095 -0.12406349]
3874,3.8749999999996843,[ 0.02326266 -0.88644694],[-0.31617839 -3.19495518],[ 1.26602268 11.95291665],[-0.02775443 -0.12468156]
3875,3.875999999999684,[ 0.02294774 -0.88963006],[-0.31492353 -3.18311785],[ 1.25485982 11.83733053],[-0.02778743 -0.12529461]
3876,3.876999999999684,[ 0.02263406 -0.89280145],[-0.31367969 -3.17139477],[ 1.24383757 11.72308364],[-0.02781999 -0.12590272]
3877,3.877999999999684,[ 0.02232161 -0.89596124],[-0.31244673 -3.15978461],[ 1.23295389 11.61015517],[-0.02785208 -0.12650593]
3878,3.878999999999684,[ 0.02201039 -0.89910952],[-0.31122453 -3.14828609],[ 1.22220678 11.49852471],[-0.02788374 -0.12710429]
3879,3.8799999999996837,[ 0.02170037 -0.90224642],[-0.31001293 -3.13689791],[ 1.21159426 11.38817223],[-0.02791495 -0.12769787]
3880,3.8809999999996836,[ 0.02139156 -0.90537204],[-0.30881182 -3.12561884],[ 1.2011144  11.27907807],[-0.02794573 -0.1282867 ]
3881,3.8819999999996835,[ 0.02108394 -0.90848649],[-0.30762105 -3.11444761],[ 1.19076529 11.17122295],[-0.02797608 -0.12887085]
3882,3.8829999999996834,[ 0.0207775  -0.91158987],[-0.30644051 -3.10338302],[ 1.18054505 11.06458792],[-0.028006   -0.12945037]
3883,3.8839999999996833,[ 0.02047223 -0.91468229],[-0.30527006 -3.09242387],[ 1.17045184 10.95915442],[-0.02803551 -0.1300253 ]
3884,3.884999999999683,[ 0.02016812 -0.91776386],[-0.30410957 -3.08156897],[ 1.16048385 10.8549042 ],[-0.0280646  -0.13059569]
3885,3.885999999999683,[ 0.01986516 -0.92083468],[-0.30295893 -3.07081715],[ 1.1506393  10.75181937],[-0.02809329 -0.1311616 ]
3886,3.886999999999683,[ 0.01956334 -0.92389485],[-0.30181802 -3.06016726],[ 1.14091645 10.64988237],[-0.02812157 -0.13172307]
3887,3.887999999999683,[ 0.01926266 -0.92694447],[-0.3006867  -3.04961819],[ 1.13131356 10.54907595],[-0.02814945 -0.13228014]
3888,3.8889999999996827,[ 0.01896309 -0.92998363],[-0.29956487 -3.03916881],[ 1.12182894 10.44938319],[-0.02817695 -0.13283287]
3889,3.8899999999996826,[ 0.01866464 -0.93301245],[-0.29845241 -3.02881802],[ 1.11246094 10.35078749],[-0.02820405 -0.1333813 ]
3890,3.8909999999996825,[ 0.01836729 -0.93603102],[-0.29734921 -3.01856475],[ 1.10320792 10.25327253],[-0.02823078 -0.13392547]
3891,3.8919999999996824,[ 0.01807103 -0.93903942],[-0.29625514 -3.00840792],[ 1.09406826 10.15682232],[-0.02825712 -0.13446542]
3892,3.8929999999996823,[ 0.01777586 -0.94203777],[-0.2951701 -2.9983465],[ 1.08504038 10.06142113],[-0.0282831  -0.13500121]
3893,3.893999999999682,[ 0.01748177 -0.94502615],[-0.29409397 -2.98837945],[1.07612274 9.96705354],[-0.0283087  -0.13553287]
3894,3.894999999999682,[ 0.01718874 -0.94800466],[-0.29302666 -2.97850574],[1.06731379 9.87370441],[-0.02833394 -0.13606045]
3895,3.895999999999682,[ 0.01689678 -0.95097338],[-0.29196805 -2.96872439],[1.05861204 9.78135886],[-0.02835882 -0.13658398]
3896,3.896999999999682,[ 0.01660586 -0.95393242],[-0.29091803 -2.95903438],[1.05001601 9.69000231],[-0.02838335 -0.13710351]
3897,3.8979999999996817,[ 0.01631598 -0.95688185],[-0.28987651 -2.94943476],[1.04152423 9.59962041],[-0.02840753 -0.13761908]
3898,3.8989999999996816,[ 0.01602926 -0.95977725],[-0.2867258  -2.89540175],[ 3.15070935 54.03301455],[0. 0.]
3899,3.8999999999996815,[ 0.01574565 -0.96261867],[-0.28360641 -2.84141826],[ 3.11938487 53.98348663],[0. 0.]
3900,3.9009999999996814,[ 0.01546513 -0.96540615],[-0.28051783 -2.78748323],[ 3.08858001 53.93503206],[0. 0.]
3901,3.9019999999996813,[ 0.01518767 -0.96813975],[-0.27745954 -2.73359558],[ 3.05829852 53.88764778],[0. 0.]
3902,3.902999999999681,[ 0.01491324 -0.9708195 ],[-0.27443099 -2.67975425],[ 3.02854398 53.84133007],[0. 0.]
3903,3.903999999999681,[ 0.01464181 -0.97344546],[-0.27143167 -2.62595818],[ 2.99931982 53.79607461],[0. 0.]
3904,3.904999999999681,[ 0.01437335 -0.97601767],[-0.26846104 -2.5722063 ],[ 2.97062931 53.75187657],[0. 0.]
3905,3.905999999999681,[ 0.01410783 -0.97853617],[-0.26551857 -2.51849757],[ 2.94247558 53.70873058],[0. 0.]
3906,3.9069999999996807,[ 0.01384523 -0.981001  ],[-0.2626037  -2.46483094],[ 2.91486162 53.66663085],[0. 0.]
3907,3.9079999999996806,[ 0.01358551 -0.9834122 ],[-0.25971591 -2.41120537],[ 2.88779028 53.62557118],[0. 0.]
3908,3.9089999999996805,[ 0.01332866 -0.98576982],[-0.25685465 -2.35761982],[ 2.8612643 53.585545 ],[0. 0.]
3909,3.9099999999996804,[ 0.01307464 -0.98807389],[-0.25401936 -2.30407328],[ 2.83528629 53.54654541],[0. 0.]
3910,3.9109999999996803,[ 0.01282343 -0.99032446],[-0.25120951 -2.25056471],[ 2.80985874 53.50856521],[0. 0.]
3911,3.91199999999968,[ 0.012575   -0.99252155],[-0.24842452 -2.19709311],[ 2.78498403 53.47159697],[0. 0.]
3912,3.91299999999968,[ 0.01232934 -0.99466521],[-0.24566386 -2.14365748],[ 2.76066445 53.43563302],[0. 0.]
3913,3.91399999999968,[ 0.01208641 -0.99675547],[-0.24292695 -2.09025682],[ 2.73690217 53.40066552],[0. 0.]
3914,3.91499999999968,[ 0.0118462  -0.99879236],[-0.24021326 -2.03689013],[ 2.71369926 53.36668645],[0. 0.]
3915,3.9159999999996797,[ 0.01160868 -1.00077591],[-0.2375222  -1.98355644],[ 2.6910577  53.33368769],[0. 0.]
3916,3.9169999999996796,[ 0.01137382 -1.00270617],[-0.23485322 -1.93025478],[ 2.66897939 53.301661  ],[0. 0.]
3917,3.9179999999996795,[ 0.01114162 -1.00458315],[-0.23220575 -1.87698418],[ 2.64746613 53.27059808],[0. 0.]
3918,3.9189999999996794,[ 0.01091204 -1.0064069 ],[-0.22957923 -1.82374369],[ 2.62651965 53.24049058],[0. 0.]
3919,3.9199999999996793,[ 0.01068506 -1.00817743],[-0.22697309 -1.77053236],[ 2.60614159 53.21133013],[0. 0.]
3920,3.920999999999679,[ 0.01046068 -1.00989478],[-0.22438676 -1.71734925],[ 2.58633351 53.18310837],[0. 0.]
3921,3.921999999999679,[ 0.01023886 -1.01155897],[-0.22181966 -1.66419344],[ 2.56709691 53.15581695],[0. 0.]
3922,3.922999999999679,[ 0.01001959 -1.01317003],[-0.21927123 -1.61106399],[ 2.54843322 53.12944757],[0. 0.]
3923,3.923999999999679,[ 0.00980285 -1.01472799],[-0.21674088 -1.55796   ],[ 2.53034377 53.10399201],[0. 0.]
3924,3.9249999999996787,[ 0.00958862 -1.01623288],[-0.21422805 -1.50488056],[ 2.51282987 53.07944212],[0. 0.]
3925,3.9259999999996786,[ 0.00937689 -1.0176847 ],[-0.21173216 -1.45182477],[ 2.49589274 53.05578985],[0. 0.]
3926,3.9269999999996785,[ 0.00916763 -1.01908349],[-0.20925263 -1.39879174],[ 2.47953354 53.03302729],[0. 0.]
3927,3.9279999999996784,[ 0.00896084 -1.02042927],[-0.20678887 -1.34578059],[ 2.46375337 53.01114665],[0. 0.]
3928,3.9289999999996783,[ 0.0087565  -1.02172206],[-0.20434032 -1.29279045],[ 2.44855329 52.9901403 ],[0. 0.]
3929,3.929999999999678,[ 0.0085546  -1.02296188],[-0.20190639 -1.23982045],[ 2.43393429 52.97000077],[0. 0.]
3930,3.930999999999678,[ 0.00835511 -1.02414875],[-0.19948649 -1.18686973],[ 2.41989731 52.95072078],[0. 0.]
3931,3.931999999999678,[ 0.00815803 -1.02528269],[-0.19708005 -1.13393744],[ 2.40644325 52.93229326],[0. 0.]
3932,3.932999999999678,[ 0.00796334 -1.02636371],[-0.19468647 -1.08102273],[ 2.39357293 52.9147113 ],[0. 0.]
3933,3.9339999999996778,[ 0.00777104 -1.02739184],[-0.19230519 -1.02812476],[ 2.38128715 52.89796827],[0. 0.]
3934,3.9349999999996776,[ 0.0075811  -1.02836708],[-0.1899356 -0.9752427],[ 2.36958666 52.88205772],[0. 0.]
3935,3.9359999999996775,[ 0.00739353 -1.02928946],[-0.18757713 -0.92237573],[ 2.35847216 52.86697347],[0. 0.]
3936,3.9369999999996774,[ 0.0072083  -1.03015898],[-0.18522918 -0.86952302],[ 2.34794429 52.85270958],[0. 0.]
3937,3.9379999999996773,[ 0.00702541 -1.03097566],[-0.18289118 -0.81668376],[ 2.33800369 52.83926037],[0. 0.]
3938,3.938999999999677,[ 0.00684484 -1.03173952],[-0.18056253 -0.76385714],[ 2.32865091 52.82662044],[0. 0.]
3939,3.939999999999677,[ 0.0066666  -1.03245056],[-0.17824264 -0.71104235],[ 2.31988648 52.81478466],[0. 0.]
3940,3.940999999999677,[ 0.00649067 -1.0331088 ],[-0.17593093 -0.6582386 ],[ 2.3117109  52.80374817],[0. 0.]
3941,3.941999999999677,[ 0.00631704 -1.03371425],[-0.17362681 -0.6054451 ],[ 2.30412462 52.79350642],[0. 0.]
3942,3.9429999999996768,[ 0.00614571 -1.03426691],[-0.17132968 -0.55266104],[ 2.29712805 52.78405515],[0. 0.]
3943,3.9439999999996767,[ 0.00597667 -1.03476679],[-0.16903896 -0.49988565],[ 2.29072156 52.77539042],[0. 0.]
3944,3.9449999999996765,[ 0.00580991 -1.03521413],[-0.16676271 -0.44733491],[ 2.2762492  52.55074397],[0. 0.]
3945,3.9459999999996764,[ 0.00564538 -1.03560994],[-0.16453225 -0.39580828],[ 2.23045956 51.52662336],[0. 0.]
3946,3.9469999999996763,[ 0.00548307 -1.03595422],[-0.16230631 -0.34428757],[ 2.22593355 51.52071325],[0. 0.]
3947,3.947999999999676,[ 0.00532299 -1.036247  ],[-0.16008434 -0.29277206],[ 2.22196993 51.51550532],[0. 0.]
3948,3.948999999999676,[ 0.00516512 -1.03648826],[-0.15786578 -0.24126107],[ 2.21856893 51.51099744],[0. 0.]
3949,3.949999999999676,[ 0.00500947 -1.03667801],[-0.15565004 -0.18975388],[ 2.21573071 51.50718774],[0. 0.]
3950,3.950999999999676,[ 0.00485604 -1.03681626],[-0.15343659 -0.1382498 ],[ 2.21345541 51.50407465],[0. 0.]
3951,3.9519999999996758,[ 0.00470481 -1.03690301],[-0.15122485 -0.08674815],[ 2.21174313 51.5016569 ],[0. 0.]
3952,3.9529999999996757,[ 0.0045558  -1.03693826],[-0.14901425 -0.03524821],[ 2.21059395 51.4999335 ],[0. 0.]
3953,3.9539999999996756,[ 0.00440899 -1.03692201],[-0.14680424  0.01625069],[ 2.21000791 51.49890376],[0. 0.]
3954,3.9549999999996754,[ 0.0042644  -1.03685426],[-0.14459426  0.06774926],[ 2.209985   51.49856728],[0. 0.]
3955,3.9559999999996753,[ 0.00412202 -1.03673501],[-0.14238373  0.11924818],[ 2.21052519 51.49892398],[0. 0.]
3956,3.956999999999675,[ 0.00398184 -1.03656426],[-0.14017211  0.17074815],[ 2.21162843 51.49997404],[0. 0.]
3957,3.957999999999675,[ 0.00384388 -1.03634201],[-0.13795881  0.22224987],[ 2.2132946  51.50171795],[0. 0.]
3958,3.958999999999675,[ 0.00370814 -1.03606826],[-0.13574329  0.27375403],[ 2.21552359 51.50415651],[0. 0.]
3959,3.959999999999675,[ 0.00357462 -1.035743  ],[-0.13352497  0.32526132],[ 2.21831522 51.5072908 ],[0. 0.]
3960,3.960999999999675,[ 0.00344331 -1.03536622],[-0.1313033   0.37677244],[ 2.22166929 51.51112217],[0. 0.]
3961,3.9619999999996747,[ 0.00331423 -1.03493794],[-0.12907772  0.42828809],[ 2.22558557 51.51565229],[0. 0.]
3962,3.9629999999996746,[ 0.00318739 -1.03445813],[-0.12684765  0.47980898],[ 2.23006379 51.52088309],[0. 0.]
3963,3.9639999999996745,[ 0.00306277 -1.03392679],[-0.12461255  0.53133579],[ 2.23510363 51.52681681],[0. 0.]
3964,3.9649999999996743,[ 0.0029404  -1.03334392],[-0.12237185  0.58286925],[ 2.24070477 51.53345595],[0. 0.]
3965,3.9659999999996742,[ 0.00282028 -1.03270951],[-0.12012498  0.63441005],[ 2.24686681 51.54080328],[0. 0.]
3966,3.966999999999674,[ 0.00270241 -1.03202355],[-0.11787139  0.68595892],[ 2.25358936 51.54886184],[0. 0.]
3967,3.967999999999674,[ 0.0025868  -1.03128604],[-0.11561052  0.73751655],[ 2.26087194 51.55763497],[0. 0.]
3968,3.968999999999674,[ 0.00247345 -1.03049695],[-0.1133418   0.78908368],[ 2.26871409 51.56712621],[0. 0.]
3969,3.969999999999674,[ 0.00236239 -1.02965629],[-0.11106469  0.84066102],[ 2.27711525 51.5773394 ],[0. 0.]
3970,3.9709999999996737,[ 0.00225361 -1.02876404],[-0.10877861  0.89224929],[ 2.28607487 51.58827862],[0. 0.]
3971,3.9719999999996736,[ 0.00214713 -1.02782019],[-0.10648302  0.94384924],[ 2.29559234 51.59994817],[0. 0.]
3972,3.9729999999996735,[ 0.00204295 -1.02682473],[-0.10417735  0.9954616 ],[ 2.305667   51.61235259],[0. 0.]
3973,3.9739999999996733,[ 0.00194109 -1.02577764],[-0.10186106  1.04708709],[ 2.31629816 51.62549667],[0. 0.]
3974,3.9749999999996732,[ 0.00184156 -1.02467892],[-0.09953357  1.09872648],[ 2.32748508 51.63938537],[0. 0.]
3975,3.975999999999673,[ 0.00174436 -1.02352854],[-0.09719434  1.1503805 ],[ 2.33922698 51.6540239 ],[0. 0.]
3976,3.976999999999673,[ 0.00164952 -1.02232649],[-0.09484282  1.20204992],[ 2.35152303 51.66941764],[0. 0.]
3977,3.977999999999673,[ 0.00155704 -1.02107275],[-0.09247845  1.25373549],[ 2.36437236 51.68557216],[0. 0.]
3978,3.978999999999673,[ 0.00146694 -1.01976731],[-0.09010067  1.30543798],[ 2.37777403 51.70249323],[0. 0.]
3979,3.9799999999996727,[ 0.00137923 -1.01841016],[-0.08770895  1.35715817],[ 2.39172709 51.72018674],[0. 0.]
3980,3.9809999999996726,[ 0.00129393 -1.01700126],[-0.08530272  1.40889683],[ 2.40623049 51.73865878],[0. 0.]
3981,3.9819999999996725,[ 0.00121105 -1.0155406 ],[-0.08288143  1.46065475],[ 2.42128316 51.75791554],[0. 0.]
3982,3.9829999999996724,[ 0.0011306  -1.01402817],[-0.08044455  1.51243271],[ 2.43688396 51.77796336],[0. 0.]
3983,3.9839999999996722,[ 0.00105261 -1.01246394],[-0.07799152  1.56423152],[ 2.4530317  51.79880867],[0. 0.]
3984,3.984999999999672,[ 9.77088578e-04 -1.01084789e+00],[-0.07552179  1.61605198],[ 2.46972513 51.82045801],[0. 0.]
3985,3.985999999999672,[ 9.04053749e-04 -1.00917999e+00],[-0.07303483  1.66789489],[ 2.48696294 51.84291801],[0. 0.]
3986,3.986999999999672,[ 8.33523664e-04 -1.00746023e+00],[-0.07053009  1.71976109],[ 2.50474374 51.86619534],[0. 0.]
3987,3.987999999999672,[ 7.65516644e-04 -1.00568858e+00],[-0.06800702  1.77165139],[ 2.52306611 51.89029673],[0. 0.]
3988,3.9889999999996717,[ 7.00051553e-04 -1.00386501e+00],[-0.06546509  1.82356661],[ 2.54192852 51.91522893],[0. 0.]
3989,3.9899999999996716,[ 6.37147792e-04 -1.00198951e+00],[-0.06290376  1.87550761],[ 2.5613294 51.9409987],[0. 0.]
3990,3.9909999999996715,[ 5.76825297e-04 -1.00006203e+00],[-0.06032249  1.92747523],[ 2.58126709 51.96761279],[0. 0.]
3991,3.9919999999996714,[ 5.19104543e-04 -9.98082560e-01],[-0.05772075  1.9794703 ],[ 2.60173987 51.9950779 ],[0. 0.]
3992,3.9929999999996713,[ 4.64006534e-04 -9.96051066e-01],[-0.05509801  2.0314937 ],[ 2.62274592 52.02340071],[0. 0.]
3993,3.993999999999671,[ 4.11552809e-04 -9.93967520e-01],[-0.05245373  2.08354629],[ 2.64428337 52.05258779],[0. 0.]
3994,3.994999999999671,[ 3.61765434e-04 -9.91831891e-01],[-0.04978738  2.13562894],[ 2.66635022 52.08264561],[0. 0.]
3995,3.995999999999671,[ 3.14667003e-04 -9.89644149e-01],[-0.04709843  2.18774252],[ 2.68894441 52.11358052],[0. 0.]
3996,3.996999999999671,[ 2.70280636e-04 -9.87404261e-01],[-0.04438637  2.23988792],[ 2.7120638 52.1453987],[0. 0.]
3997,3.9979999999996707,[ 2.28629976e-04 -9.85112195e-01],[-0.04165066  2.29206602],[ 2.73570612 52.17810616],[0. 0.]
3998,3.9989999999996706,[ 1.89739184e-04 -9.82767917e-01],[-0.03889079  2.34427773],[ 2.75986902 52.21170869],[0. 0.]
3999,3.9999999999996705,[ 1.53632942e-04 -9.80371393e-01],[-0.03610624  2.39652394],[ 2.78455004 52.24621183],[0. 0.]
4000,4.000999999999671,[ 1.20336447e-04 -9.77922588e-01],[-0.0332965   2.44880556],[ 2.80974663 52.28162085],[0. 0.]
4001,4.001999999999671,[ 8.98754082e-05 -9.75421464e-01],[-0.03046104  2.50112351],[ 2.83545609 52.3179407 ],[0. 0.]
4002,4.0029999999996715,[ 6.22760448e-05 -9.72867985e-01],[-0.02759936  2.55347868],[ 2.86167564 52.355176  ],[0. 0.]
4003,4.003999999999672,[ 3.75528246e-05 -9.70262151e-01],[-0.02472322  2.60583448],[ 2.87614312 52.3557967 ],[0. 0.]
4004,4.004999999999672,[ 1.54502306e-05 -9.67604791e-01],[-0.02210259  2.65736021],[ 2.62062617 51.52572959],[0. 0.]
4005,4.0059999999996725,[-4.08216409e-06 -9.64896109e-01],[-0.01953239  2.7086813 ],[ 2.57019933 51.32109111],[0. 0.]
4006,4.006999999999673,[-2.10170738e-05 -9.62136073e-01],[-0.01693491  2.76003591],[ 2.597485  51.3546157],[0. 0.]
4007,4.007999999999673,[-3.53267529e-05 -9.59324649e-01],[-0.01430968  2.8114248 ],[ 2.62523059 51.38888544],[0. 0.]
4008,4.0089999999996735,[-4.69829998e-05 -9.56461800e-01],[-0.01165625  2.8628487 ],[ 2.65343222 51.4239    ],[0. 0.]
4009,4.009999999999674,[-5.59571608e-05 -9.53547492e-01],[-0.00897416  2.91430836],[ 2.68208585 51.45965841],[0. 0.]
4010,4.010999999999674,[-6.22201346e-05 -9.50581687e-01],[-0.00626297  2.96580452],[ 2.71118726 51.49615895],[0. 0.]
4011,4.0119999999996745,[-6.57423763e-05 -9.47564349e-01],[-0.00352224  3.01733792],[ 2.74073209 51.53339917],[0. 0.]
4012,4.012999999999675,[-6.64939022e-05 -9.44495440e-01],[-7.51525921e-04  3.06890929e+00],[ 2.77071577 51.57137576],[0. 0.]
4013,4.013999999999675,[-6.44442945e-05 -9.41374920e-01],[2.04960764e-03 3.12051938e+00],[ 2.80113357 51.61008458],[0. 0.]
4014,4.0149999999996755,[-5.95627064e-05 -9.38202752e-01],[0.00488159 3.1721689 ],[ 2.83198054 51.64952052],[0. 0.]
4015,4.015999999999676,[-5.18178666e-05 -9.34978893e-01],[0.00774484 3.22385857],[ 2.86325156 51.68967752],[0. 0.]
4016,4.016999999999676,[-4.11780856e-05 -9.31703304e-01],[0.01063978 3.27558912],[ 2.89494126 51.73054845],[0. 0.]
4017,4.0179999999996765,[-2.76112605e-05 -9.28375943e-01],[0.01356683 3.32736125],[ 2.9270441  51.77212507],[0. 0.]
4018,4.018999999999677,[-1.10848812e-05 -9.24996767e-01],[0.01652638 3.37917565],[ 2.95955426 51.81439795],[0. 0.]
4019,4.019999999999677,[ 8.43396393e-06 -9.21565734e-01],[0.01951885 3.431033  ],[ 2.99246573 51.85735645],[0. 0.]
4020,4.0209999999996775,[ 3.09785812e-05 -9.18082800e-01],[0.02254462 3.48293399],[ 3.02577222 51.90098856],[0. 0.]
4021,4.021999999999678,[ 5.65826658e-05 -9.14547921e-01],[0.02560408 3.53487927],[ 3.0594672  51.94528091],[0. 0.]
4022,4.022999999999678,[ 8.52802941e-05 -9.10961051e-01],[0.02869763 3.58686949],[ 3.09354387 51.99021866],[0. 0.]
4023,4.0239999999996785,[ 1.17105918e-04 -9.07322146e-01],[0.03182562 3.63890528],[ 3.12799514 52.03578538],[0. 0.]
4024,4.024999999999679,[ 1.52094355e-04 -9.03631159e-01],[0.03498844 3.69098724],[ 3.16281364 52.08196305],[0. 0.]
4025,4.025999999999679,[ 1.90280784e-04 -8.99888043e-01],[0.03818643 3.74311597],[ 3.19799171 52.12873189],[0. 0.]
4026,4.0269999999996795,[ 2.31700734e-04 -8.96092751e-01],[0.04141995 3.79529204],[ 3.23352135 52.17607031],[0. 0.]
4027,4.02799999999968,[ 2.76390078e-04 -8.92245235e-01],[0.04468934 3.847516  ],[ 3.26939424 52.22395482],[0. 0.]
4028,4.02899999999968,[ 3.24385025e-04 -8.88345446e-01],[0.04799495 3.89978836],[ 3.30560173 52.27235991],[0. 0.]
4029,4.0299999999996805,[ 3.75722106e-04 -8.84393337e-01],[0.05133708 3.95210961],[ 3.34213481 52.32125796],[0. 0.]
4030,4.030999999999681,[ 4.30438171e-04 -8.80388856e-01],[0.05471607 4.00448023],[ 3.37898409 52.37061914],[0. 0.]
4031,4.031999999999681,[ 4.88570376e-04 -8.76331956e-01],[0.0581322  4.05690064],[ 3.41613982 52.42041127],[0. 0.]
4032,4.0329999999996815,[ 5.50156172e-04 -8.72222585e-01],[0.0615858  4.10937124],[ 3.45359182 52.47059976],[0. 0.]
4033,4.033999999999682,[ 6.15233299e-04 -8.68060692e-01],[0.06507713 4.16189239],[ 3.49132952 52.52114742],[0. 0.]
4034,4.034999999999682,[ 6.83839767e-04 -8.63846228e-01],[0.06860647 4.21446441],[ 3.5293419  52.57201439],[0. 0.]
4035,4.0359999999996825,[ 7.56013852e-04 -8.59579140e-01],[0.07217409 4.26708756],[ 3.56761749 52.62315801],[0. 0.]
4036,4.036999999999683,[ 8.31794082e-04 -8.55259378e-01],[0.07578023 4.3197621 ],[ 3.60614435 52.67453266],[0. 0.]
4037,4.037999999999683,[ 0.00091122 -0.85088689],[0.07942514 4.37248819],[ 3.64491008 52.72608962],[0. 0.]
4038,4.0389999999996835,[ 0.00099433 -0.84646162],[0.08310904 4.42526596],[ 3.68390175 52.77777698],[0. 0.]
4039,4.039999999999684,[ 0.00108116 -0.84198353],[0.08683215 4.4780955 ],[ 3.72310589 52.82953942],[0. 0.]
4040,4.040999999999684,[ 0.00117176 -0.83745255],[0.09059466 4.53097682],[ 3.7625085  52.88131812],[0. 0.]
4041,4.0419999999996845,[ 0.00126615 -0.83286864],[0.09439675 4.58390987],[ 3.80209503 52.93305056],[0. 0.]
4042,4.042999999999685,[ 0.00136439 -0.82823175],[0.0982386  4.63689454],[ 3.84185031 52.98467036],[0. 0.]
4043,4.043999999999685,[ 0.00146651 -0.82354182],[0.10212036 4.68993065],[ 3.88175856 53.03610715],[0. 0.]
4044,4.0449999999996855,[ 0.00157255 -0.8187988 ],[0.10604216 4.74301794],[ 3.92180338 53.08728636],[0. 0.]
4045,4.045999999999686,[ 0.00168256 -0.81400264],[0.11000413 4.79615606],[ 3.9619677  53.13812903],[0. 0.]
4046,4.046999999999686,[ 0.00179656 -0.8091533 ],[0.11400636 4.84934462],[ 4.00223377 53.18855166],[0. 0.]
4047,4.0479999999996865,[ 0.00191461 -0.80425071],[0.11804895 4.90258308],[ 4.0425831 53.238466 ],[0. 0.]
4048,4.048999999999687,[ 0.00203674 -0.79929484],[0.12213194 4.95587086],[ 4.08299652 53.28777884],[0. 0.]
4049,4.049999999999687,[ 0.002163   -0.79428564],[0.1262554  5.00920725],[ 4.12345403 53.33639185],[0. 0.]
4050,4.0509999999996875,[ 0.00229342 -0.78922305],[0.13041933 5.06259145],[ 4.16393489 53.3842013 ],[0. 0.]
4051,4.051999999999688,[ 0.00242804 -0.78410702],[0.13462375 5.11602255],[ 4.2044175  53.43109794],[0. 0.]
4052,4.052999999999688,[ 0.00256691 -0.77893752],[0.13886863 5.16949952],[ 4.24487945 53.47696668],[0. 0.]
4053,4.0539999999996885,[ 0.00271007 -0.7737145 ],[0.14315393 5.22302121],[ 4.28529741 53.52168644],[0. 0.]
4054,4.054999999999689,[ 0.00285754 -0.76843792],[0.14747958 5.27658634],[ 4.32564718 53.56512988],[0. 0.]
4055,4.055999999999689,[ 0.00300939 -0.76310772],[0.15184548 5.3301935 ],[ 4.36590358 53.60716318],[0. 0.]
4056,4.0569999999996895,[ 0.00316564 -0.75772388],[0.15625152 5.38384114],[ 4.40604048 53.6476458 ],[0. 0.]
4057,4.05799999999969,[ 0.00332634 -0.75228635],[0.16069755 5.43752757],[ 4.44603074 53.68643022],[0. 0.]
4058,4.05899999999969,[ 0.00349152 -0.7467951 ],[0.1651834  5.49125094],[ 4.48584619 53.72336168],[0. 0.]
4059,4.0599999999996905,[ 0.00366123 -0.74125009],[0.16970885 5.54500921],[ 4.52545758 53.75827798],[0. 0.]
4060,4.060999999999691,[ 0.00383551 -0.73565129],[0.17427369 5.59880022],[ 4.56483456 53.79100915],[0. 0.]
4061,4.061999999999691,[ 0.00401438 -0.72999867],[0.17887763 5.6526216 ],[ 4.60394564 53.82137723],[0. 0.]
4062,4.0629999999996915,[ 0.0041979 -0.7242922],[0.18352039 5.7064708 ],[ 4.64275817 53.84919598],[0. 0.]
4063,4.063999999999692,[ 0.00438611 -0.71853186],[0.18820163 5.76034507],[ 4.68123826 53.87427064],[0. 0.]
4064,4.064999999999692,[ 0.00457903 -0.71271761],[0.19292098 5.81424146],[ 4.71935083 53.89639764],[0. 0.]
4065,4.0659999999996925,[ 0.0047767  -0.70684946],[0.19767804 5.86815683],[ 4.75705949 53.91536432],[0. 0.]
4066,4.066999999999693,[ 0.00497918 -0.70092737],[0.20247237 5.92208778],[ 4.79432655 53.93094869],[0. 0.]
4067,4.067999999999693,[ 0.00518648 -0.69495134],[0.20730348 5.9760307 ],[ 4.83111298 53.94291912],[0. 0.]
4068,4.0689999999996935,[ 0.00539865 -0.68892136],[0.21217086 6.02998173],[ 4.86737837 53.95103411],[0. 0.]
4069,4.069999999999694,[ 0.00561572 -0.68283742],[0.21707394 6.08393677],[ 4.90308091 53.95504197],[0. 0.]
4070,4.070999999999694,[ 0.00583774 -0.67669953],[0.22201212 6.13789145],[ 4.93817735 53.95468061],[0. 0.]
4071,4.0719999999996945,[ 0.00606472 -0.67050769],[0.22698474 6.19184113],[ 4.97262296 53.94967725],[0. 0.]
4072,4.072999999999695,[ 0.00629671 -0.66426191],[0.23199111 6.24578088],[ 5.00637151 53.93974819],[0. 0.]
4073,4.073999999999695,[ 0.00653374 -0.6579622 ],[0.23703049 6.29970548],[ 5.03937525 53.92459853],[0. 0.]
4074,4.0749999999996955,[ 0.00677585 -0.65160859],[0.24210207 6.3536094 ],[ 5.07158486 53.90392197],[0. 0.]
4075,4.075999999999696,[ 0.00702305 -0.64520111],[0.24720502 6.4074868 ],[ 5.10294944 53.87740057],[0. 0.]
4076,4.076999999999696,[ 0.00727539 -0.63873977],[0.25233844 6.4613315 ],[ 5.13341651 53.84470454],[0. 0.]
4077,4.0779999999996965,[ 0.00753289 -0.63222464],[0.25750137 6.515137  ],[ 5.16293192 53.80549205],[0. 0.]
4078,4.078999999999697,[ 0.00779558 -0.62565574],[0.26269281 6.56889641],[ 5.19143992 53.75940907],[0. 0.]
4079,4.079999999999697,[ 0.00806349 -0.61903314],[0.26791169 6.62260249],[ 5.21888309 53.70608917],[0. 0.]
4080,4.0809999999996975,[ 0.00833665 -0.61235689],[0.27315689 6.67624765],[ 5.24520232 53.64515344],[0. 0.]
4081,4.081999999999698,[ 0.00861508 -0.60562707],[0.27842723 6.72982386],[ 5.27033685 53.57621032],[0. 0.]
4082,4.082999999999698,[ 0.0088988  -0.59884374],[0.28372146 6.78332271],[ 5.29422424 53.49885561],[0. 0.]
4083,4.0839999999996985,[ 0.00918784 -0.59200701],[0.28903826 6.83673539],[ 5.31680035 53.41267232],[0. 0.]
4084,4.084999999999699,[ 0.00948221 -0.58511696],[0.29437626 6.89005262],[ 5.33799939 53.31723073],[0. 0.]
4085,4.085999999999699,[ 0.00978195 -0.57817369],[0.29973401 6.94326471],[ 5.35775392 53.21208842],[0. 0.]
4086,4.0869999999996995,[ 0.01008706 -0.57117733],[0.30511   6.9963615],[ 5.37599483 53.09679028],[0. 0.]
4087,4.0879999999997,[ 0.01039756 -0.564128  ],[0.31050266 7.04933236],[ 5.39265141 52.97086868],[0. 0.]
4088,4.0889999999997,[ 0.01071347 -0.55702583],[0.31591031 7.10216621],[ 5.4076514  52.83384362],[0. 0.]
4089,4.0899999999997005,[ 0.0110348  -0.54987098],[0.32133123 7.15485143],[ 5.42092094 52.68522294],[0. 0.]
4090,4.090999999999701,[ 0.01136157 -0.5426636 ],[0.32676361 7.20737593],[ 5.43238471 52.52450263],[0. 0.]
4091,4.091999999999701,[ 0.01169377 -0.53540388],[0.33220558 7.2597271 ],[ 5.44196597 52.35116712],[0. 0.]
4092,4.0929999999997015,[ 0.01203143 -0.52809198],[0.33765517 7.31189179],[ 5.44958657 52.16468976],[0. 0.]
4093,4.093999999999702,[ 0.01237454 -0.52072813],[0.34311033 7.36385632],[ 5.45516709 51.96453322],[0. 0.]
4094,4.094999999999702,[ 0.01272311 -0.51331252],[0.34856896 7.41560647],[ 5.45862691 51.75015015],[0. 0.]
4095,4.0959999999997025,[ 0.01307714 -0.50584539],[0.35402884 7.46712746],[ 5.45988429 51.5209837 ],[0. 0.]
4096,4.096999999999703,[ 0.01343662 -0.49832699],[0.3594877  7.51840393],[ 5.45885651 51.27646838],[0. 0.]
4097,4.097999999999703,[ 0.01380157 -0.49075757],[0.36494316 7.56941996],[ 5.45545995 51.01603077],[0. 0.]
4098,4.0989999999997035,[ 0.01414989 -0.48345404],[0.34831886 7.30353528],[ -16.62429712 -265.88467575],[-0.06055625 -0.76829272]
4099,4.099999999999704,[ 0.0144815  -0.47641403],[0.33161668 7.04000031],[ -16.70218577 -263.53496692],[-0.05975547 -0.75597646]
4100,4.100999999999704,[ 0.01479636 -0.46963511],[0.31486021 6.77892788],[ -16.75646881 -261.07243429],[-0.05894909 -0.74375092]
4101,4.1019999999997045,[ 0.01509443 -0.46311468],[0.298072   6.52042495],[ -16.78820503 -258.50292823],[-0.05813831 -0.73162198]
4102,4.102999999999705,[ 0.01537571 -0.45685009],[0.28127354 6.2645925 ],[ -16.79846029 -255.83245501],[-0.05732422 -0.71959524]
4103,4.103999999999705,[ 0.01564019 -0.45083856],[0.26448524 6.01152537],[ -16.78830192 -253.06713036],[-0.05650792 -0.70767602]
4104,4.1049999999997056,[ 0.01588792 -0.44507725],[0.24772645 5.76131223],[ -16.75879351 -250.21313599],[-0.05569043 -0.69586935]
4105,4.105999999999706,[ 0.01611893 -0.43956322],[0.23101546 5.51403555],[ -16.7109901  -247.27667928],[-0.05487271 -0.68417993]
4106,4.106999999999706,[ 0.0163333  -0.43429344],[0.21436952 5.26977159],[ -16.64593379 -244.26395625],[-0.05405568 -0.67261218]
4107,4.1079999999997066,[ 0.01653111 -0.42926485],[0.19780487 5.02859048],[ -16.56464976 -241.18111783],[-0.05324021 -0.66117023]
4108,4.108999999999707,[ 0.01671245 -0.4244743 ],[0.18133673 4.79055624],[ -16.46814281 -238.03423955],[-0.05242713 -0.64985787]
4109,4.109999999999707,[ 0.01687743 -0.41991857],[0.16497934 4.55572694],[ -16.35739425 -234.82929459],[-0.0516172  -0.63867864]
4110,4.1109999999997076,[ 0.01702617 -0.41559442],[0.14874598 4.32415481],[ -16.23335925 -231.57213009],[-0.05081114 -0.62763575]
4111,4.111999999999708,[ 0.01715924 -0.41149645],[0.1330675  4.09796873],[ -15.67847483 -226.1860818 ],[-0.05000964 -0.61673213]
4112,4.112999999999708,[ 0.01727686 -0.40762095],[0.11761647 3.87549897],[ -15.45103758 -222.46976495],[-0.04923428 -0.60607478]
4113,4.113999999999709,[ 0.01737918 -0.40396458],[0.10232165 3.65636836],[ -15.29481672 -219.13061078],[-0.04846873 -0.59558058]
4114,4.114999999999709,[ 0.01746637 -0.40052397],[0.08719262 3.44060635],[ -15.12903073 -215.76200752],[-0.04770944 -0.585231  ]
4115,4.115999999999709,[ 0.01753861 -0.39729574],[0.07223816 3.22823754],[ -14.95446038 -212.3688042 ],[-0.04695689 -0.57502785]
4116,4.11699999999971,[ 0.01759607 -0.39427645],[0.0574663  3.01928189],[ -14.77185318 -208.95564886],[-0.04621156 -0.5649727 ]
4117,4.11799999999971,[ 0.01763896 -0.3914627 ],[0.04288438 2.81375491],[ -14.58192312 -205.52698395],[-0.04547385 -0.55506689]
4118,4.11899999999971,[ 0.01766746 -0.38885103],[0.02849903 2.61166787],[ -14.38535067 -202.08704353],[-0.04474415 -0.54531154]
4119,4.119999999999711,[ 0.01768177 -0.386438  ],[0.01431625 2.41302801],[ -14.18278299 -198.63985218],[-0.04402282 -0.53570755]
4120,4.120999999999711,[ 0.01768211 -0.38422016],[3.41412888e-04 2.21783879e+00],[ -13.97483435 -195.18922538],[-0.04331017 -0.52625563]
4121,4.121999999999711,[ 0.01766869 -0.38219406],[-0.01342067  2.02610002],[ -13.76208664 -191.73877128],[-0.04260649 -0.5169563 ]
4122,4.122999999999712,[ 0.01764173 -0.38035626],[-0.02696576  1.83780812],[ -13.54509007 -188.29189349],[-0.04191206 -0.5078099 ]
4123,4.123999999999712,[ 0.01760144 -0.3787033 ],[-0.04029013  1.65295633],[ -13.32436403 -184.85179503],[-0.04122709 -0.49881659]
4124,4.124999999999712,[ 0.01754817 -0.37723003],[-0.05326457  1.47326851],[ -12.97444649 -179.68782109],[-0.0405518  -0.48997637]
4125,4.125999999999713,[ 0.01748216 -0.37593307],[-0.06601469  1.2969626 ],[ -12.7501161  -176.30590751],[-0.03989268 -0.48137595]
4126,4.126999999999713,[ 0.01740362 -0.37480905],[-0.07853819  1.12402332],[ -12.52350091 -172.93928337],[-0.03924347 -0.47292658]
4127,4.127999999999713,[ 0.01731279 -0.37385461],[-0.09083319  0.95443297],[ -12.29499863 -169.59035184],[-0.03860432 -0.46462782]
4128,4.128999999999714,[ 0.01720989 -0.37306644],[-0.10289817  0.78817162],[ -12.06498182 -166.26134821],[-0.03797535 -0.45647912]
4129,4.129999999999714,[ 0.01709516 -0.37244122],[-0.11473197  0.62521727],[ -11.83379899 -162.95434674],[-0.03735663 -0.44847982]
4130,4.130999999999714,[ 0.01696882 -0.37197568],[-0.12633375  0.465546  ],[ -11.60177568 -159.67126756],[-0.03674827 -0.44062914]
4131,4.131999999999715,[ 0.01683112 -0.37166655],[-0.13770296  0.30913212],[ -11.36921565 -156.41388373],[-0.03615033 -0.43292623]
4132,4.132999999999715,[ 0.01668228 -0.3715106 ],[-0.14883936  0.15594829],[ -11.13640193 -153.18382833],[-0.03556285 -0.42537012]
4133,4.133999999999715,[ 0.01652254 -0.37150463],[-0.15974296  0.00596569],[ -10.90359792 -149.98260135],[-0.03498587 -0.41795977]
4134,4.134999999999716,[ 0.01635212 -0.37164548],[-0.17041401 -0.14084589],[ -10.67104848 -146.81157672],[-0.03441941 -0.41069405]
4135,4.135999999999716,[ 0.01617127 -0.37193   ],[-0.18085299 -0.2845179 ],[ -10.43898096 -143.672009  ],[-0.03386349 -0.40357178]
4136,4.136999999999716,[ 0.01598021 -0.37235508],[-0.1910606  -0.42508294],[ -10.20760622 -140.56504003],[-0.03331811 -0.39659169]
4137,4.137999999999717,[ 0.01577917 -0.37291765],[-0.20103772 -0.56257464],[  -9.97711956 -137.49170533],[-0.03278324 -0.38975246]
4138,4.138999999999717,[ 0.01556839 -0.37361468],[-0.21078542 -0.69702758],[  -9.74770172 -134.45294032],[-0.03225888 -0.38305272]
4139,4.139999999999717,[ 0.01534808 -0.37444316],[-0.22030494 -0.82847717],[  -9.51951976 -131.44958629],[-0.03174498 -0.37649105]
4140,4.140999999999718,[ 0.01511849 -0.37540012],[-0.22959767 -0.95695956],[  -9.29272787 -128.48239609],[-0.03124152 -0.37006597]
4141,4.141999999999718,[ 0.01487982 -0.37648263],[-0.23866513 -1.0825116 ],[  -9.06746825 -125.55203966],[-0.03074845 -0.36377598]
4142,4.142999999999718,[ 0.01463231 -0.3776878 ],[-0.24750901 -1.20517071],[  -8.84387187 -122.6591092 ],[-0.0302657  -0.35761952]
4143,4.143999999999719,[ 0.01437618 -0.37901277],[-0.25613107 -1.32497484],[  -8.62205917 -119.80412415],[-0.02979322 -0.35159501]
4144,4.144999999999719,[ 0.01411165 -0.38045474],[-0.26453321 -1.44196237],[  -8.40214077 -116.98753587],[-0.02933095 -0.34570084]
4145,4.145999999999719,[ 0.01383893 -0.38201091],[-0.27271742 -1.5561721 ],[  -8.18421817 -114.20973208],[-0.0288788  -0.33993537]
4146,4.14699999999972,[ 0.01355824 -0.38367855],[-0.28068581 -1.66764315],[  -7.96838427 -111.47104106],[-0.02843671 -0.33429695]
4147,4.14799999999972,[ 0.0132698  -0.38545497],[-0.28844053 -1.77641488],[  -7.75472403 -108.77173557],[-0.02800459 -0.32878388]
4148,4.14899999999972,[ 0.01297382 -0.38733749],[-0.29598385 -1.88252692],[  -7.54331496 -106.11203653],[-0.02758235 -0.32339446]
4149,4.149999999999721,[ 0.0126705  -0.38932351],[-0.30331808 -1.98601903],[  -7.33422762 -103.49211654],[-0.0271699  -0.31812699]
4150,4.150999999999721,[ 0.01236006 -0.39141044],[-0.3104456  -2.08693114],[  -7.12752613 -100.91210307],[-0.02676714 -0.31297974]
4151,4.151999999999721,[ 0.01204269 -0.39359575],[-0.31736887 -2.18530322],[ -6.92326856 -98.37208152],[-0.02637398 -0.30795097]
4152,4.152999999999722,[ 0.0117186  -0.39587692],[-0.32409038 -2.28117532],[ -6.72150734 -95.87209806],[-0.02599032 -0.30303893]
4153,4.153999999999722,[ 0.01138798 -0.39825151],[-0.33061267 -2.37458748],[ -6.52228968 -93.41216223],[-0.02561605 -0.29824187]
4154,4.154999999999722,[ 0.01105105 -0.40071709],[-0.33693833 -2.46557973],[ -6.32565783 -90.99224941],[-0.02525106 -0.29355803]
4155,4.155999999999723,[ 0.01070798 -0.40327128],[-0.34306997 -2.55419203],[ -6.13164951 -88.61230316],[-0.02489524 -0.28898566]
4156,4.156999999999723,[ 0.01035896 -0.40591175],[-0.34901027 -2.64046427],[ -5.94029811 -86.27223724],[-0.02454848 -0.28452299]
4157,4.157999999999723,[ 0.0100042  -0.40863618],[-0.35476191 -2.72443621],[ -5.75163303 -83.9719377 ],[-0.02421067 -0.28016827]
4158,4.158999999999724,[ 0.00964388 -0.41144233],[-0.36032759 -2.80614747],[ -5.56567989 -81.71126461],[-0.0238817  -0.27591973]
4159,4.159999999999724,[ 0.00927817 -0.41432797],[-0.36571005 -2.88563753],[ -5.38246079 -79.49005387],[-0.02356144 -0.27177563]
4160,4.160999999999724,[ 0.00890725 -0.41729091],[-0.37091204 -2.96294564],[ -5.20199452 -77.3081187 ],[-0.02324978 -0.2677342 ]
4161,4.161999999999725,[ 0.00853132 -0.42032902],[-0.37593634 -3.0381109 ],[ -5.02429675 -75.16525118],[-0.02294659 -0.2637937 ]
4162,4.162999999999725,[ 0.00815053 -0.4234402 ],[-0.38078572 -3.11117212],[ -4.84938023 -73.06122358],[-0.02265176 -0.2599524 ]
4163,4.163999999999725,[ 0.00776507 -0.42662236],[-0.38546297 -3.18216791],[ -4.67725493 -70.99578969],[-0.02236517 -0.25620856]
4164,4.164999999999726,[ 0.0073751 -0.4298735],[-0.3899709  -3.25113659],[ -4.50792821 -68.96868594],[-0.02208669 -0.25256046]
4165,4.165999999999726,[ 0.00698079 -0.43319162],[-0.39431231 -3.31811623],[ -4.341405   -66.97963257],[-0.02181619 -0.24900639]
4166,4.166999999999726,[ 0.0065823  -0.43657476],[-0.39848999 -3.38314456],[ -4.17768787 -65.02833462],[-0.02155357 -0.24554463]
4167,4.167999999999727,[ 0.00617979 -0.44002102],[-0.40250677 -3.44625904],[ -4.01677719 -63.11448296],[-0.02129869 -0.24217351]
4168,4.168999999999727,[ 0.00577342 -0.44352852],[-0.40636544 -3.5074968 ],[ -3.85867125 -61.23775514],[-0.02105142 -0.23889133]
4169,4.169999999999727,[ 0.00536335 -0.44709541],[-0.41006881 -3.56689462],[ -3.70336633 -59.3978163 ],[-0.02081165 -0.23569643]
4170,4.170999999999728,[ 0.00494973 -0.4507199 ],[-0.41361967 -3.62448894],[ -3.55085686 -57.59431995],[-0.02057925 -0.23258715]
4171,4.171999999999728,[ 0.00453271 -0.45440022],[-0.4170208  -3.68031584],[ -3.40113544 -55.82690874],[-0.02035409 -0.22956185]
4172,4.172999999999728,[ 0.00411244 -0.45813463],[-0.42027499 -3.73441106],[ -3.254193   -54.09521517],[-0.02013606 -0.2266189 ]
4173,4.173999999999729,[ 0.00368905 -0.46192144],[-0.42338501 -3.78680992],[ -3.11001882 -52.39886232],[-0.01992502 -0.2237567 ]
4174,4.174999999999729,[ 0.0032627  -0.46575899],[-0.42635361 -3.83754739],[ -2.96860066 -50.73746446],[-0.01972085 -0.22097363]
4175,4.175999999999729,[ 0.00283352 -0.46964564],[-0.42918354 -3.88665801],[ -2.82992477 -49.11062769],[-0.01952343 -0.21826813]
4176,4.17699999999973,[ 0.00240164 -0.47357982],[-0.43187751 -3.93417596],[ -2.69397604 -47.51795055],[-0.01933263 -0.21563862]
4177,4.17799999999973,[ 0.0019672  -0.47755995],[-0.43443825 -3.98013499],[ -2.560738   -45.95902456],[-0.01914834 -0.21308356]
4178,4.17899999999973,[ 0.00153033 -0.48158452],[-0.43686845 -4.02456842],[ -2.43019292 -44.43343481],[-0.01897043 -0.21060141]
4179,4.179999999999731,[ 0.00109116 -0.48565203],[-0.43917077 -4.06750918],[ -2.30232184 -42.94076047],[-0.01879878 -0.20819066]
4180,4.180999999999731,[ 0.00064981 -0.48976102],[-0.44134787 -4.10898976],[ -2.17710468 -41.48057531],[-0.01863326 -0.20584981]
4181,4.181999999999731,[ 2.06411281e-04 -4.93910064e-01],[-0.44340239 -4.14904221],[ -2.05452023 -40.0524482 ],[-0.01847376 -0.20357739]
4182,4.182999999999732,[-2.38925657e-04 -4.98097762e-01],[-0.44533694 -4.18769815],[ -1.93454628 -38.65594358],[-0.01832016 -0.20137193]
4183,4.183999999999732,[-0.00068608 -0.50232275],[-0.4471541  -4.22498877],[ -1.8171596  -37.29062191],[-0.01817234 -0.19923199]
4184,4.184999999999732,[-0.00113494 -0.5065837 ],[-0.44885643 -4.26094481],[ -1.70233605 -35.95604018],[-0.01803018 -0.19715616]
4185,4.185999999999733,[-0.00158538 -0.51087929],[-0.45044648 -4.29559657],[ -1.5900506  -34.65175229],[-0.01789357 -0.19514302]
4186,4.186999999999733,[-0.00203731 -0.51520827],[-0.45192676 -4.32897388],[ -1.48027739 -33.3773095 ],[-0.01776238 -0.19319119]
4187,4.187999999999733,[-0.00249061 -0.51956937],[-0.45329975 -4.36110614],[ -1.37298977 -32.13226087],[-0.01763651 -0.1912993 ]
4188,4.188999999999734,[-0.00294518 -0.52396139],[-0.45456791 -4.39202229],[ -1.26816038 -30.91615362],[-0.01751584 -0.18946602]
4189,4.189999999999734,[-0.00340091 -0.52838315],[-0.45573367 -4.42175082],[ -1.16576114 -29.72853357],[-0.01740027 -0.18769001]
4190,4.190999999999734,[-0.00385771 -0.53283347],[-0.45679944 -4.45031977],[ -1.06576335 -28.56894547],[-0.01728966 -0.18596997]
4191,4.191999999999735,[-0.00431548 -0.53731122],[-0.45776757 -4.4777567 ],[ -0.96813772 -27.43693344],[-0.01718393 -0.18430462]
4192,4.192999999999735,[-0.00477412 -0.54181531],[-0.45864043 -4.50408874],[ -0.87285437 -26.33204127],[-0.01708296 -0.18269268]
4193,4.193999999999735,[-0.00523354 -0.54634465],[-0.45942031 -4.52934256],[ -0.77988297 -25.25381281],[-0.01698663 -0.18113292]
4194,4.194999999999736,[-0.00569365 -0.5508982 ],[-0.4601095  -4.55354435],[ -0.68919267 -24.20179232],[-0.01689485 -0.1796241 ]
4195,4.195999999999736,[-0.00615436 -0.55547492],[-0.46071026 -4.57671987],[ -0.60075223 -23.17552474],[-0.01680752 -0.17816502]
4196,4.196999999999736,[-0.00661558 -0.56007381],[-0.46122479 -4.59889443],[ -0.51453001 -22.1745561 ],[-0.01672451 -0.1767545 ]
4197,4.197999999999737,[-0.00707724 -0.5646939 ],[-0.46165528 -4.62009286],[ -0.43049405 -21.19843376],[-0.01664575 -0.17539137]
4198,4.198999999999737,[-0.00753924 -0.56933424],[-0.46200389 -4.64033957],[ -0.34861205 -20.24670673],[-0.01657111 -0.17407448]
4199,4.199999999999737,[-0.00800151 -0.5739939 ],[-0.46227274 -4.6596585 ],[ -0.26885149 -19.31892598],[-0.01650051 -0.17280272]
4200,4.200999999999738,[-0.00846398 -0.57867198],[-0.46246392 -4.67807314],[ -0.19117958 -18.41464469],[-0.01643384 -0.17157497]
4201,4.201999999999738,[-0.00892656 -0.58336758],[-0.46257949 -4.69560656],[ -0.11556337 -17.53341853],[-0.01637101 -0.17039015]
4202,4.202999999999738,[-0.00938918 -0.58807986],[-0.46262146 -4.71228137],[ -0.04196974 -16.67480592],[-0.01631193 -0.1692472 ]
4203,4.203999999999739,[-0.00985177 -0.59280798],[-0.46259182 -4.72811973],[  0.02963454 -15.83836828],[-0.0162565  -0.16814508]
4204,4.204999999999739,[-0.01031426 -0.59755113],[-0.46249254 -4.7431434 ],[  0.09928282 -15.02367022],[-0.01620462 -0.16708274]
4205,4.205999999999739,[-0.01077659 -0.6023085 ],[-0.46232553 -4.75737368],[  0.16700846 -14.23027985],[-0.01615621 -0.1660592 ]
4206,4.20699999999974,[-0.01123868 -0.60707933],[-0.46209269 -4.77083145],[  0.23284486 -13.45776889],[-0.01611118 -0.16507347]
4207,4.20799999999974,[-0.01170048 -0.61186287],[-0.46179586 -4.78353717],[  0.29682544 -12.70571296],[-0.01606944 -0.16412457]
4208,4.20899999999974,[-0.01216192 -0.61665838],[-0.46143688 -4.79551086],[  0.35898356 -11.97369172],[-0.0160309  -0.16321156]
4209,4.209999999999741,[-0.01262293 -0.62146515],[-0.46101752 -4.80677215],[  0.4193525  -11.26128905],[-0.01599547 -0.16233351]
4210,4.210999999999741,[-0.01308347 -0.62628249],[-0.46053956 -4.81734024],[  0.47796549 -10.56809324],[-0.01596309 -0.16148952]
4211,4.211999999999741,[-0.01354348 -0.63110973],[-0.4600047  -4.82723394],[ 0.53485562 -9.89369714],[-0.01593365 -0.16067868]
4212,4.212999999999742,[-0.01400289 -0.6359462 ],[-0.45941465 -4.83647164],[ 0.59005584 -9.23769831],[-0.01590709 -0.15990013]
4213,4.213999999999742,[-0.01446166 -0.64079127],[-0.45877105 -4.84507133],[ 0.64359894 -8.59969913],[-0.01588332 -0.15915302]
4214,4.214999999999742,[-0.01491974 -0.64564432],[-0.45807553 -4.85305064],[ 0.69551752 -7.97930697],[-0.01586227 -0.1584365 ]
4215,4.215999999999743,[-0.01537707 -0.65050475],[-0.45732969 -4.86042678],[ 0.74584397 -7.37613426],[-0.01584386 -0.15774975]
4216,4.216999999999743,[-0.0158336  -0.65537196],[-0.45653508 -4.86721657],[ 0.79461047 -6.78979864],[-0.01582801 -0.15709199]
4217,4.217999999999743,[-0.0162893 -0.6602454],[-0.45569323 -4.8734365 ],[ 0.84184893 -6.21992302],[-0.01581465 -0.15646242]
4218,4.218999999999744,[-0.0167441 -0.6651245],[-0.45480564 -4.87910263],[ 0.887591  -5.6661357],[-0.01580372 -0.15586028]
4219,4.219999999999744,[-0.01719798 -0.67000873],[-0.45387377 -4.8842307 ],[ 0.93186806 -5.12807039],[-0.01579513 -0.15528481]
4220,4.220999999999744,[-0.01765087 -0.67489757],[-0.45289906 -4.88883607],[ 0.97471117 -4.60536636],[-0.01578883 -0.15473529]
4221,4.221999999999745,[-0.01810276 -0.6797905 ],[-0.45188291 -4.89293374],[ 1.0161511  -4.09766842],[-0.01578474 -0.154211  ]
4222,4.222999999999745,[-0.01855358 -0.68468704],[-0.45082669 -4.89653837],[ 1.05621828 -3.60462704],[-0.0157828  -0.15371124]
4223,4.223999999999745,[-0.01900332 -0.68958671],[-0.44973175 -4.89966426],[ 1.09494281 -3.12589834],[-0.01578294 -0.15323533]
4224,4.224999999999746,[-0.01945192 -0.69448903],[-0.44859939 -4.90232541],[ 1.13235441 -2.66114413],[-0.0157851 -0.1527826]
4225,4.225999999999746,[-0.01989935 -0.69939357],[-0.44743091 -4.90453544],[ 1.16848249 -2.21003197],[-0.01578923 -0.15235239]
4226,4.226999999999746,[-0.02034557 -0.70429987],[-0.44622755 -4.90630767],[ 1.20335603 -1.77223517],[-0.01579524 -0.15194407]
4227,4.227999999999747,[-0.02079056 -0.70920753],[-0.44499055 -4.90765511],[ 1.23700367 -1.34743278],[-0.0158031  -0.15155701]
4228,4.228999999999747,[-0.02123429 -0.71411612],[-0.4437211  -4.90859042],[ 1.26945365 -0.93530965],[-0.01581274 -0.15119062]
4229,4.229999999999747,[-0.02167671 -0.71902525],[-0.44242036 -4.90912597],[ 1.30073379 -0.53555636],[-0.0158241  -0.15084429]
4230,4.230999999999748,[-0.0221178  -0.72393452],[-0.44108949 -4.90927384],[ 1.33087155 -0.14786928],[-0.01583713 -0.15051745]
4231,4.231999999999748,[-0.02255752 -0.72884357],[-0.4397296  -4.90904579],[1.35989394 0.2280495 ],[-0.01585177 -0.15020954]
4232,4.232999999999748,[-0.02299587 -0.73375202],[-0.43834177 -4.9084533 ],[1.38782758 0.59249216],[-0.01586798 -0.14991999]
4233,4.233999999999749,[-0.02343279 -0.73865953],[-0.43692707 -4.90750756],[1.41469866 0.94574516],[-0.01588569 -0.14964828]
4234,4.234999999999749,[-0.02386828 -0.74356575],[-0.43548654 -4.90621947],[1.44053296 1.2880893 ],[-0.01590486 -0.14939388]
4235,4.235999999999749,[-0.0243023  -0.74847035],[-0.43402118 -4.90459967],[1.46535582 1.61979974],[-0.01592545 -0.14915627]
4236,4.23699999999975,[-0.02473483 -0.753373  ],[-0.43253199 -4.90265852],[1.48919216 1.94114604],[-0.0159474  -0.14893497]
4237,4.23799999999975,[-0.02516585 -0.75827341],[-0.43101992 -4.90040613],[1.51206648 2.25239221],[-0.01597066 -0.14872948]
4238,4.23899999999975,[-0.02559534 -0.76317126],[-0.42948592 -4.89785233],[1.53400283 2.55379673],[-0.01599519 -0.14853933]
4239,4.239999999999751,[-0.02602327 -0.76806627],[-0.42793089 -4.89500672],[1.55502485 2.84561263],[-0.01602094 -0.14836406]
4240,4.240999999999751,[-0.02644963 -0.77295815],[-0.42635574 -4.89187863],[1.57515574 3.12808754],[-0.01604788 -0.14820322]
4241,4.241999999999751,[-0.02687439 -0.77784662],[-0.42476132 -4.88847717],[1.59441828 3.40146372],[-0.01607596 -0.14805636]
4242,4.242999999999752,[-0.02729754 -0.78273144],[-0.42314849 -4.88481119],[1.6128348  3.66597814],[-0.01610513 -0.14792306]
4243,4.243999999999752,[-0.02771905 -0.78761233],[-0.42151806 -4.88088933],[1.63042722 3.92186257],[-0.01613536 -0.14780291]
4244,4.244999999999752,[-0.02813892 -0.79248905],[-0.41987084 -4.87671998],[1.64721704 4.16934357],[-0.0161666  -0.14769549]
4245,4.245999999999753,[-0.02855713 -0.79736136],[-0.41820762 -4.87231134],[1.66322532 4.40864263],[-0.01619883 -0.14760042]
4246,4.246999999999753,[-0.02897366 -0.80222903],[-0.41652914 -4.86767136],[1.6784727  4.63997622],[-0.01623199 -0.1475173 ]
4247,4.247999999999753,[-0.0293885  -0.80709184],[-0.41483616 -4.86280781],[1.69297942 4.86355582],[-0.01626606 -0.14744576]
4248,4.248999999999754,[-0.02980163 -0.81194956],[-0.4131294  -4.85772822],[1.70676529 5.07958804],[-0.016301   -0.14738544]
4249,4.249999999999754,[-0.03021304 -0.816802  ],[-0.41140955 -4.85243995],[1.71984972 5.28827468],[-0.01633677 -0.14733598]
4250,4.250999999999754,[-0.03062271 -0.82164895],[-0.4096773  -4.84695013],[1.73225171 5.4898128 ],[-0.01637335 -0.14729703]
4251,4.251999999999755,[-0.03103065 -0.82649022],[-0.40793331 -4.84126574],[1.74398984 5.68439479],[-0.01641069 -0.14726826]
4252,4.252999999999755,[-0.03143683 -0.83132561],[-0.40617823 -4.83539353],[1.75508232 5.87220846],[-0.01644877 -0.14724933]
4253,4.253999999999755,[-0.03184124 -0.83615495],[-0.40441268 -4.82934009],[1.76554694 6.05343711],[-0.01648755 -0.14723993]
4254,4.254999999999756,[-0.03224388 -0.84097807],[-0.40263728 -4.82311183],[1.77540112 6.22825961],[-0.01652701 -0.14723975]
4255,4.255999999999756,[-0.03264473 -0.84579478],[-0.40085262 -4.81671498],[1.78466189 6.39685048],[-0.01656711 -0.14724848]
4256,4.256999999999756,[-0.03304379 -0.85060494],[-0.39905927 -4.8101556 ],[1.79334589 6.55937996],[-0.01660783 -0.14726582]
4257,4.257999999999757,[-0.03344104 -0.85540838],[-0.3972578  -4.80343959],[1.8014694 6.7160141],[-0.01664913 -0.1472915 ]
4258,4.258999999999757,[-0.03383649 -0.86020495],[-0.39544875 -4.79657267],[1.80904833 6.86691484],[-0.016691   -0.14732523]
4259,4.259999999999757,[-0.03423013 -0.86499451],[-0.39363265 -4.78956043],[1.81609822 7.01224008],[-0.0167334  -0.14736674]
4260,4.260999999999758,[-0.03462194 -0.86977692],[-0.39181002 -4.78240829],[1.82263424 7.15214377],[-0.0167763  -0.14741577]
4261,4.261999999999758,[-0.03501192 -0.87455204],[-0.38998135 -4.77512151],[1.82867124 7.28677596],[-0.0168197  -0.14747205]
4262,4.262999999999758,[-0.03540006 -0.87931974],[-0.38814712 -4.76770523],[1.8342237  7.41628293],[-0.01686355 -0.14753535]
4263,4.263999999999759,[-0.03578637 -0.88407991],[-0.38630782 -4.76016442],[1.83930576 7.54080721],[-0.01690783 -0.1476054 ]
4264,4.264999999999759,[-0.03617084 -0.88883241],[-0.38446389 -4.75250394],[1.84393122 7.66048771],[-0.01695253 -0.14768199]
4265,4.265999999999759,[-0.03655345 -0.89357714],[-0.38261577 -4.74472848],[1.84811358 7.77545975],[-0.01699762 -0.14776487]
4266,4.26699999999976,[-0.03693422 -0.89831398],[-0.38076391 -4.73684262],[1.85186598 7.88585518],[-0.01704308 -0.14785382]
4267,4.26799999999976,[-0.03731312 -0.90304283],[-0.37890871 -4.72885082],[1.85520127 7.99180242],[-0.01708889 -0.14794863]
4268,4.26899999999976,[-0.03769018 -0.90776359],[-0.37705057 -4.72075739],[1.85813196 8.09342656],[-0.01713502 -0.14804909]
4269,4.269999999999761,[-0.03806537 -0.91247616],[-0.3751899  -4.71256654],[1.86067029 8.19084941],[-0.01718146 -0.14815498]
4270,4.270999999999761,[-0.03843869 -0.91718044],[-0.37332708 -4.70428235],[1.86282816 8.28418959],[-0.01722818 -0.1482661 ]
4271,4.271999999999761,[-0.03881016 -0.92187635],[-0.37146246 -4.69590879],[1.8646172  8.37356261],[-0.01727518 -0.14838227]
4272,4.272999999999762,[-0.03917975 -0.9265638 ],[-0.36959641 -4.68744971],[1.86604876 8.45908093],[-0.01732242 -0.14850329]
4273,4.273999999999762,[-0.03954748 -0.93124271],[-0.36772928 -4.67890886],[1.86713388 8.54085401],[-0.0173699  -0.14862898]
4274,4.274999999999762,[-0.03991334 -0.935913  ],[-0.36586139 -4.67028987],[1.86788335 8.61898842],[-0.01741759 -0.14875916]
4275,4.275999999999763,[-0.04027734 -0.94057459],[-0.36399309 -4.66159628],[1.86830766 8.69358788],[-0.01746549 -0.14889365]
4276,4.276999999999763,[-0.04063946 -0.94522743],[-0.36212467 -4.65283153],[1.86841706 8.76475334],[-0.01751356 -0.14903229]
4277,4.277999999999763,[-0.04099972 -0.94987142],[-0.36025645 -4.64399894],[1.86822153 8.83258305],[-0.0175618 -0.1491749]
4278,4.278999999999764,[-0.0413581  -0.95450653],[-0.35838872 -4.63510177],[1.8677308  8.89717259],[-0.01761019 -0.14932134]
4279,4.279999999999764,[-0.04171463 -0.95913267],[-0.35652176 -4.62614316],[1.86695433 8.958615  ],[-0.01765872 -0.14947144]
4280,4.280999999999764,[-0.04206928 -0.9637498 ],[-0.35465586 -4.61712616],[1.86590137 9.01700077],[-0.01770738 -0.14962505]
4281,4.281999999999765,[-0.04242207 -0.96835785],[-0.35279128 -4.60805374],[1.8645809  9.07241797],[-0.01775614 -0.14978203]
4282,4.282999999999765,[-0.042773   -0.97295678],[-0.35092828 -4.59892878],[1.8630017  9.12495223],[-0.01780499 -0.14994223]
4283,4.283999999999765,[-0.04312207 -0.97754653],[-0.34906711 -4.5897541 ],[1.86117228 9.17468691],[-0.01785393 -0.15010551]
4284,4.284999999999766,[-0.04346928 -0.98212706],[-0.347208   -4.58053239],[1.85910097 9.22170304],[-0.01790294 -0.15027174]
4285,4.285999999999766,[-0.04381463 -0.98669833],[-0.34535121 -4.57126632],[1.85679586 9.26607947],[-0.017952   -0.15044079]
4286,4.286999999999766,[-0.04415813 -0.99126029],[-0.34349694 -4.56195842],[1.85426483 9.30789286],[-0.01800111 -0.15061253]
4287,4.287999999999767,[-0.04449977 -0.9958129 ],[-0.34164543 -4.5526112 ],[1.85151555 9.34721779],[-0.01805025 -0.15078683]
4288,4.288999999999767,[-0.04483957 -1.00035613],[-0.33979687 -4.54322708],[1.8485555  9.38412678],[-0.01809941 -0.15096358]
4289,4.289999999999767,[-0.04517752 -1.00488994],[-0.33795148 -4.53380839],[1.84539194 9.41869034],[-0.01814859 -0.15114265]
4290,4.290999999999768,[-0.04551363 -1.00941429],[-0.33610945 -4.52435741],[1.84203196 9.45097706],[-0.01819776 -0.15132394]
4291,4.291999999999768,[-0.0458479  -1.01392917],[-0.33427097 -4.51487636],[1.83848245 9.48105359],[-0.01824693 -0.15150733]
4292,4.292999999999768,[-0.04618034 -1.01843454],[-0.33243622 -4.50536737],[1.83475012 9.50898478],[-0.01829608 -0.15169271]
4293,4.293999999999769,[-0.04651094 -1.02293037],[-0.33060537 -4.49583254],[1.83084148 9.53483366],[-0.0183452  -0.15187999]
4294,4.294999999999769,[-0.04683972 -1.02741664],[-0.32877861 -4.48627388],[1.8267629  9.55866151],[-0.01839428 -0.15206905]
4295,4.295999999999769,[-0.04716668 -1.03189334],[-0.32695609 -4.47669335],[1.82252055 9.58052789],[-0.01844331 -0.1522598 ]
4296,4.29699999999977,[-0.04749181 -1.03636043],[-0.32513797 -4.46709286],[1.81812045 9.60049074],[-0.01849229 -0.15245215]
4297,4.29799999999977,[-0.04781514 -1.0408179 ],[-0.3233244  -4.45747425],[1.81356845 9.61860635],[-0.0185412  -0.15264599]
4298,4.29899999999977,[-0.04813665 -1.04526574],[-0.32151553 -4.44783932],[1.80887024 9.63492945],[-0.01859005 -0.15284125]
4299,4.299999999999771,[-0.04845637 -1.04970393],[-0.3197115  -4.43818981],[1.80403135 9.64951324],[-0.01863881 -0.15303783]
4300,4.300999999999771,[-0.04877428 -1.05413246],[-0.31791244 -4.4285274 ],[1.79905718 9.66240944],[-0.01868749 -0.15323564]
4301,4.301999999999771,[-0.0490904  -1.05855131],[-0.31611849 -4.41885373],[1.79395297 9.6736683 ],[-0.01873607 -0.1534346 ]
4302,4.302999999999772,[-0.04940473 -1.06296048],[-0.31432977 -4.40917039],[1.7887238  9.68333868],[-0.01878455 -0.15363464]
4303,4.303999999999772,[-0.04971727 -1.06735996],[-0.31254639 -4.39947892],[1.78337463 9.69146806],[-0.01883293 -0.15383567]
4304,4.304999999999772,[-0.05002804 -1.07174974],[-0.31076848 -4.38978082],[1.77791029 9.6981026 ],[-0.01888119 -0.15403761]
4305,4.305999999999773,[-0.05033704 -1.07612982],[-0.30899615 -4.38007754],[1.77233546 9.70328713],[-0.01892933 -0.1542404 ]
4306,4.306999999999773,[-0.05064427 -1.08050019],[-0.30722949 -4.37037047],[1.76665469 9.70706526],[-0.01897734 -0.15444396]
4307,4.307999999999773,[-0.05094974 -1.08486085],[-0.30546862 -4.36066099],[1.76087242 9.70947935],[-0.01902521 -0.15464822]
4308,4.308999999999774,[-0.05125345 -1.0892118 ],[-0.30371363 -4.35095042],[1.75499296 9.71057055],[-0.01907295 -0.15485311]
4309,4.309999999999774,[-0.05155541 -1.09355304],[-0.30196461 -4.34124004],[1.74902049 9.7103789 ],[-0.01912055 -0.15505856]
4310,4.310999999999774,[-0.05185564 -1.09788457],[-0.30022165 -4.3315311 ],[1.74295908 9.70894325],[-0.019168   -0.15526452]
4311,4.311999999999775,[-0.05215412 -1.1022064 ],[-0.29848483 -4.3218248 ],[1.73681269 9.7063014 ],[-0.01921529 -0.15547091]
4312,4.312999999999775,[-0.05245087 -1.10651852],[-0.29675425 -4.31212231],[1.73058517 9.70249006],[-0.01926242 -0.15567769]
4313,4.313999999999775,[-0.0527459  -1.11082095],[-0.29502997 -4.30242476],[1.72428025 9.6975449 ],[-0.01930939 -0.15588478]
4314,4.314999999999776,[-0.05303922 -1.11511368],[-0.29331207 -4.29273326],[1.71790158 9.6915006 ],[-0.0193562  -0.15609214]
4315,4.315999999999776,[-0.05333082 -1.11939673],[-0.29160061 -4.28304887],[1.71145267 9.68439085],[-0.01940282 -0.1562997 ]
4316,4.316999999999776,[-0.05362071 -1.1236701 ],[-0.28989568 -4.27337262],[1.70493697 9.67624838],[-0.01944928 -0.15650741]
4317,4.317999999999777,[-0.05390891 -1.12793381],[-0.28819732 -4.26370552],[1.6983578 9.667105 ],[-0.01949555 -0.15671522]
4318,4.318999999999777,[-0.05419542 -1.13218786],[-0.2865056  -4.25404853],[1.69171841 9.65699161],[-0.01954164 -0.15692308]
4319,4.319999999999777,[-0.05448024 -1.13643226],[-0.28482058 -4.24440259],[1.68502195 9.64593826],[-0.01958754 -0.15713094]
4320,4.320999999999778,[-0.05476338 -1.14066703],[-0.28314231 -4.23476861],[1.67827147 9.63397411],[-0.01963324 -0.15733875]
4321,4.321999999999778,[-0.05504485 -1.14489217],[-0.28147084 -4.22514749],[1.67146995 9.62112754],[-0.01967875 -0.15754646]
4322,4.322999999999778,[-0.05532466 -1.14910771],[-0.27980622 -4.21554006],[1.66462026 9.60742608],[-0.01972407 -0.15775403]
4323,4.323999999999779,[-0.0556028  -1.15331366],[-0.27814849 -4.20594716],[1.65772522 9.59289651],[-0.01976918 -0.15796142]
4324,4.324999999999779,[-0.0558793  -1.15751003],[-0.2764977 -4.1963696],[1.65078755 9.57756484],[-0.01981409 -0.15816857]
4325,4.325999999999779,[-0.05615416 -1.16169684],[-0.27485389 -4.18680814],[1.64380989 9.56145634],[-0.01985879 -0.15837546]
4326,4.32699999999978,[-0.05642737 -1.1658741 ],[-0.2732171  -4.17726355],[1.63679482 9.54459556],[-0.01990328 -0.15858203]
4327,4.32799999999978,[-0.05669896 -1.17004184],[-0.27158736 -4.16773654],[1.62974481 9.52700638],[-0.01994756 -0.15878825]
4328,4.32899999999978,[-0.05696892 -1.17420007],[-0.26996469 -4.15822783],[1.62266231 9.50871196],[-0.01999162 -0.15899408]
4329,4.329999999999781,[-0.05723727 -1.1783488 ],[-0.26834914 -4.14873809],[1.61554965 9.48973484],[-0.02003547 -0.15919949]
4330,4.330999999999781,[-0.05750401 -1.18248807],[-0.26674073 -4.139268  ],[1.60840912 9.4700969 ],[-0.0200791  -0.15940443]
4331,4.331999999999781,[-0.05776915 -1.18661789],[-0.26513949 -4.12981818],[1.60124294 9.44981941],[-0.0201225  -0.15960887]
4332,4.332999999999782,[-0.0580327  -1.19073828],[-0.26354544 -4.12038925],[1.59405326 9.42892302],[-0.02016568 -0.15981278]
4333,4.333999999999782,[-0.05829466 -1.19484926],[-0.2619586  -4.11098183],[1.58684217 9.40742781],[-0.02020864 -0.16001613]
4334,4.334999999999782,[-0.05855504 -1.19895086],[-0.26037898 -4.10159647],[1.57961169 9.38535328],[-0.02025137 -0.16021888]
4335,4.335999999999783,[-0.05881384 -1.20304309],[-0.25880662 -4.09223375],[1.57236379 9.36271839],[-0.02029387 -0.160421  ]
4336,4.336999999999783,[-0.05907109 -1.20712599],[-0.25724152 -4.08289421],[1.56510038 9.33954155],[-0.02033614 -0.16062246]
4337,4.337999999999783,[-0.05932677 -1.21119956],[-0.2556837  -4.07357837],[1.55782331 9.31584066],[-0.02037818 -0.16082323]
4338,4.338999999999784,[-0.0595809  -1.21526385],[-0.25413316 -4.06428674],[1.55053438 9.29163309],[-0.02041998 -0.16102328]
4339,4.339999999999784,[-0.05983349 -1.21931887],[-0.25258993 -4.0550198 ],[1.54323533 9.26693573],[-0.02046155 -0.16122259]
4340,4.340999999999784,[-0.06008455 -1.22336465],[-0.251054   -4.04577804],[1.53592785 9.241765  ],[-0.02050288 -0.16142112]
4341,4.341999999999785,[-0.06033407 -1.22740121],[-0.24952539 -4.0365619 ],[1.52861359 9.21613685],[-0.02054398 -0.16161886]
4342,4.342999999999785,[-0.06058208 -1.23142858],[-0.24800409 -4.02737183],[1.52129412 9.19006676],[-0.02058484 -0.16181577]
4343,4.343999999999785,[-0.06082857 -1.23544679],[-0.24649012 -4.01820826],[1.51397101 9.1635698 ],[-0.02062546 -0.16201183]
4344,4.344999999999786,[-0.06107355 -1.23945586],[-0.24498347 -4.0090716 ],[1.50664573 9.13666058],[-0.02066584 -0.16220702]
4345,4.345999999999786,[-0.06131703 -1.24345583],[-0.24348415 -3.99996225],[1.49931974 9.10935332],[-0.02070598 -0.16240131]
4346,4.346999999999786,[-0.06155903 -1.24744671],[-0.24199216 -3.99088059],[1.49199445 9.08166184],[-0.02074587 -0.16259469]
4347,4.347999999999787,[-0.06179953 -1.25142853],[-0.24050749 -3.98182699],[1.48467122 9.05359955],[-0.02078553 -0.16278712]
4348,4.348999999999787,[-0.06203856 -1.25540133],[-0.23903014 -3.97280181],[1.47735137 9.02517948],[-0.02082494 -0.16297858]
4349,4.349999999999787,[-0.06227612 -1.25936514],[-0.2375601 -3.9638054],[1.47003618 8.99641431],[-0.02086411 -0.16316906]
4350,4.350999999999788,[-0.06251222 -1.26331998],[-0.23609737 -3.95483808],[1.46272688 8.96731636],[-0.02090303 -0.16335854]
4351,4.351999999999788,[-0.06274686 -1.26726588],[-0.23464195 -3.94590018],[1.45542469 8.93789757],[-0.02094171 -0.163547  ]
4352,4.352999999999788,[-0.06298006 -1.27120287],[-0.23319382 -3.93699201],[1.44813075 8.90816958],[-0.02098014 -0.16373441]
4353,4.353999999999789,[-0.06321181 -1.27513098],[-0.23175297 -3.92811387],[1.44084621 8.87814367],[-0.02101833 -0.16392076]
4354,4.354999999999789,[-0.06344213 -1.27905025],[-0.2303194  -3.91926604],[1.43357215 8.84783083],[-0.02105628 -0.16410603]
4355,4.355999999999789,[-0.06367102 -1.2829607 ],[-0.22889309 -3.9104488 ],[1.42630962 8.81724172],[-0.02109397 -0.1642902 ]
4356,4.35699999999979,[-0.0638985  -1.28686236],[-0.22747403 -3.90166241],[1.41905965 8.78638669],[-0.02113143 -0.16447325]
4357,4.35799999999979,[-0.06412456 -1.29075527],[-0.22606221 -3.89290713],[1.41182322 8.75527583],[-0.02116863 -0.16465518]
4358,4.35899999999979,[-0.06434922 -1.29463945],[-0.22465761 -3.88418321],[1.4046013  8.72391891],[-0.02120559 -0.16483596]
4359,4.359999999999791,[-0.06457248 -1.29851494],[-0.22326021 -3.87549089],[1.39739482 8.69232545],[-0.02124231 -0.16501558]
4360,4.360999999999791,[-0.06479435 -1.30238177],[-0.22187001 -3.86683038],[1.39020466 8.66050468],[-0.02127878 -0.16519401]
4361,4.361999999999791,[-0.06501483 -1.30623998],[-0.22048698 -3.85820192],[1.38303169 8.62846558],[-0.021315   -0.16537126]
4362,4.362999999999792,[-0.06523394 -1.31008958],[-0.2191111 -3.8496057],[1.37587675 8.59621688],[-0.02135098 -0.1655473 ]
4363,4.363999999999792,[-0.06545169 -1.31393062],[-0.21774236 -3.84104193],[1.36874066 8.56376706],[-0.02138671 -0.16572212]
4364,4.364999999999792,[-0.06566807 -1.31776313],[-0.21638073 -3.83251081],[1.36162419 8.53112435],[-0.02142219 -0.16589571]
4365,4.365999999999793,[-0.06588309 -1.32158715],[-0.21502621 -3.82401251],[1.3545281  8.49829678],[-0.02145744 -0.16606805]
4366,4.366999999999793,[-0.06609677 -1.32540269],[-0.21367875 -3.81554722],[1.34745311 8.46529211],[-0.02149243 -0.16623913]
4367,4.367999999999793,[-0.06630911 -1.32920981],[-0.21233835 -3.8071151 ],[1.34039994 8.43211791],[-0.02152719 -0.16640893]
4368,4.368999999999794,[-0.06652012 -1.33300852],[-0.21100498 -3.79871632],[1.33336927 8.39878153],[-0.0215617  -0.16657746]
4369,4.369999999999794,[-0.06672979 -1.33679888],[-0.20967862 -3.79035103],[1.32636175 8.36529011],[-0.02159596 -0.16674469]
4370,4.370999999999794,[-0.06693815 -1.3405809 ],[-0.20835924 -3.78201938],[1.31937802 8.33165059],[-0.02162998 -0.16691061]
4371,4.371999999999795,[-0.0671452  -1.34435462],[-0.20704683 -3.77372151],[1.31241868 8.29786972],[-0.02166376 -0.16707521]
4372,4.372999999999795,[-0.06735094 -1.34812007],[-0.20574134 -3.76545756],[1.30548433 8.26395405],[-0.0216973  -0.16723849]
4373,4.373999999999795,[-0.06755538 -1.3518773 ],[-0.20444277 -3.75722765],[1.29857554 8.22990996],[-0.0217306  -0.16740043]
4374,4.374999999999796,[-0.06775853 -1.35562633],[-0.20315107 -3.7490319 ],[1.29169286 8.19574363],[-0.02176366 -0.16756102]
4375,4.375999999999796,[-0.0679604 -1.3593672],[-0.20186624 -3.74087044],[1.2848368  8.16146109],[-0.02179647 -0.16772025]
4376,4.376999999999796,[-0.06816099 -1.36309995],[-0.20058823 -3.73274337],[1.27800788 8.12706818],[-0.02182905 -0.16787811]
4377,4.377999999999797,[-0.06836031 -1.3668246 ],[-0.19931702 -3.7246508 ],[1.27120659 8.09257059],[-0.02186139 -0.1680346 ]
4378,4.378999999999797,[-0.06855836 -1.37054119],[-0.19805259 -3.71659283],[1.26443339 8.05797384],[-0.02189349 -0.16818971]
4379,4.379999999999797,[-0.06875515 -1.37424976],[-0.1967949  -3.70856955],[1.25768875 8.0232833 ],[-0.02192535 -0.16834342]
4380,4.380999999999798,[-0.0689507  -1.37795034],[-0.19554393 -3.70058104],[1.25097309 7.98850419],[-0.02195697 -0.16849572]
4381,4.381999999999798,[-0.069145   -1.38164297],[-0.19429964 -3.6926274 ],[1.24428683 7.95364158],[-0.02198836 -0.16864662]
4382,4.382999999999798,[-0.06933806 -1.38532768],[-0.19306201 -3.6847087 ],[1.23763037 7.9187004 ],[-0.02201952 -0.1687961 ]
4383,4.383999999999799,[-0.06952989 -1.3890045 ],[-0.191831   -3.67682502],[1.23100409 7.88368544],[-0.02205044 -0.16894416]
4384,4.384999999999799,[-0.0697205  -1.39267348],[-0.1906066  -3.66897641],[1.22440837 7.84860136],[-0.02208112 -0.16909078]
4385,4.385999999999799,[-0.06990989 -1.39633464],[-0.18938875 -3.66116296],[1.21784356 7.81345269],[-0.02211158 -0.16923596]
4386,4.3869999999998,[-0.07009806 -1.39998803],[-0.18817744 -3.65338472],[1.21130999 7.77824381],[-0.0221418 -0.1693797]
4387,4.3879999999998,[-0.07028504 -1.40363367],[-0.18697264 -3.64564174],[1.20480799 7.74297902],[-0.02217179 -0.16952198]
4388,4.3889999999998,[-0.07047081 -1.4072716 ],[-0.1857743  -3.63793408],[1.19833787 7.70766246],[-0.02220156 -0.1696628 ]
4389,4.389999999999801,[-0.07065539 -1.41090186],[-0.1845824  -3.63026178],[1.19189992 7.67229818],[-0.02223109 -0.16980216]
4390,4.390999999999801,[-0.07083879 -1.41452449],[-0.1833969  -3.62262489],[1.18549443 7.6368901 ],[-0.0222604  -0.16994004]
4391,4.391999999999801,[-0.07102101 -1.41813951],[-0.18221778 -3.61502345],[1.17912166 7.60144204],[-0.02228947 -0.17007645]
4392,4.392999999999802,[-0.07120205 -1.42174697],[-0.181045   -3.60745749],[1.17278188 7.5659577 ],[-0.02231833 -0.17021137]
4393,4.393999999999802,[-0.07138193 -1.4253469 ],[-0.17987852 -3.59992705],[1.16647531 7.5304407 ],[-0.02234695 -0.17034481]
4394,4.394999999999802,[-0.07156065 -1.42893933],[-0.17871832 -3.59243215],[1.16020221 7.49489454],[-0.02237536 -0.17047675]
4395,4.395999999999803,[-0.07173821 -1.4325243 ],[-0.17756436 -3.58497283],[1.15396278 7.45932262],[-0.02240354 -0.17060719]
4396,4.396999999999803,[-0.07191463 -1.43610185],[-0.1764166 -3.5775491],[1.14775724 7.42372825],[-0.0224315  -0.17073613]
4397,4.397999999999803,[-0.07208991 -1.43967201],[-0.17527502 -3.57016099],[1.14158578 7.38811466],[-0.02245924 -0.17086355]
4398,4.398999999999804,[-0.07226404 -1.44323482],[-0.17413957 -3.5628085 ],[1.13544859 7.35248498],[-0.02248676 -0.17098947]
4399,4.399999999999804,[-0.07243705 -1.44679031],[-0.17301022 -3.55549166],[1.12934585 7.31684224],[-0.02251406 -0.17111386]
4400,4.400999999999804,[-0.07260894 -1.45033852],[-0.17188694 -3.54821047],[1.12327772 7.28118939],[-0.02254114 -0.17123673]
4401,4.401999999999805,[-0.07277971 -1.45387949],[-0.1707697  -3.54096494],[1.11724436 7.24552933],[-0.02256801 -0.17135808]
4402,4.402999999999805,[-0.07294937 -1.45741324],[-0.16965845 -3.53375508],[1.11124591 7.20986482],[-0.02259466 -0.1714779 ]
4403,4.403999999999805,[-0.07311792 -1.46093982],[-0.16855317 -3.52658088],[1.10528252 7.1741986 ],[-0.0226211  -0.17159618]
4404,4.404999999999806,[-0.07328538 -1.46445927],[-0.16745382 -3.51944234],[1.0993543 7.1385333],[-0.02264733 -0.17171292]
4405,4.405999999999806,[-0.07345174 -1.46797161],[-0.16636036 -3.51233947],[1.09346139 7.10287149],[-0.02267334 -0.17182812]
4406,4.406999999999806,[-0.07361701 -1.47147688],[-0.16527275 -3.50527226],[1.08760388 7.06721565],[-0.02269915 -0.17194177]
4407,4.407999999999807,[-0.0737812  -1.47497512],[-0.16419097 -3.49824069],[1.08178189 7.03156822],[-0.02272474 -0.17205388]
4408,4.408999999999807,[-0.07394432 -1.47846636],[-0.16311497 -3.49124476],[1.0759955  6.99593154],[-0.02275013 -0.17216443]
4409,4.409999999999807,[-0.07410636 -1.48195065],[-0.16204473 -3.48428445],[1.0702448  6.96030791],[-0.02277531 -0.17227343]
4410,4.410999999999808,[-0.07426734 -1.48542801],[-0.1609802  -3.47735975],[1.06452987 6.92469955],[-0.02280028 -0.17238086]
4411,4.411999999999808,[-0.07442726 -1.48889848],[-0.15992135 -3.47047064],[1.05885078 6.88910863],[-0.02282505 -0.17248674]
4412,4.412999999999808,[-0.07458613 -1.4923621 ],[-0.15886814 -3.4636171 ],[1.05320758 6.85353725],[-0.02284962 -0.17259106]
4413,4.413999999999809,[-0.07474395 -1.49581889],[-0.15782054 -3.45679912],[1.04760035 6.81798745],[-0.02287399 -0.1726938 ]
4414,4.414999999999809,[-0.07490073 -1.49926891],[-0.15677851 -3.45001666],[1.04202912 6.78246122],[-0.02289815 -0.17279498]
4415,4.415999999999809,[-0.07505647 -1.50271218],[-0.15574202 -3.44326969],[1.03649394 6.7469605 ],[-0.02292212 -0.17289458]
4416,4.41699999999981,[-0.07521118 -1.50614874],[-0.15471102 -3.43655821],[1.03099484 6.71148715],[-0.02294588 -0.17299261]
4417,4.41799999999981,[-0.07536487 -1.50957862],[-0.15368549 -3.42988216],[1.02553185 6.676043  ],[-0.02296945 -0.17308907]
4418,4.41899999999981,[-0.07551753 -1.51300186],[-0.15266539 -3.42324154],[1.02010499 6.64062983],[-0.02299283 -0.17318394]
4419,4.419999999999811,[-0.07566918 -1.5164185 ],[-0.15165067 -3.41663629],[1.01471429 6.60524935],[-0.02301601 -0.17327724]
4420,4.420999999999811,[-0.07581983 -1.51982857],[-0.15064131 -3.41006638],[1.00935975 6.56990325],[-0.02303899 -0.17336895]
4421,4.421999999999811,[-0.07596946 -1.5232321 ],[-0.14963727 -3.40353179],[1.00404138 6.53459315],[-0.02306179 -0.17345908]
4422,4.422999999999812,[-0.0761181  -1.52662913],[-0.14863851 -3.39703247],[0.99875917 6.49932063],[-0.02308439 -0.17354762]
4423,4.423999999999812,[-0.07626575 -1.5300197 ],[-0.147645   -3.39056838],[0.99351312 6.46408723],[-0.02310681 -0.17363457]
4424,4.424999999999812,[-0.0764124  -1.53340384],[-0.1466567  -3.38413949],[0.98830322 6.42889445],[-0.02312904 -0.17371993]
4425,4.425999999999813,[-0.07655808 -1.53678158],[-0.14567357 -3.37774574],[0.98312945 6.39374373],[-0.02315108 -0.1738037 ]
4426,4.426999999999813,[-0.07670277 -1.54015297],[-0.14469557 -3.37138711],[0.9779918  6.35863649],[-0.02317293 -0.17388588]
4427,4.427999999999813,[-0.07684649 -1.54351803],[-0.14372268 -3.36506353],[0.97289023 6.3235741 ],[-0.02319461 -0.17396646]
4428,4.428999999999814,[-0.07698925 -1.54687681],[-0.14275486 -3.35877497],[0.96782471 6.28855789],[-0.02321609 -0.17404545]
4429,4.429999999999814,[-0.07713104 -1.55022933],[-0.14179206 -3.35252139],[0.96279521 6.25358916],[-0.0232374  -0.17412284]
4430,4.430999999999814,[-0.07727188 -1.55357563],[-0.14083426 -3.34630272],[0.95780169 6.21866916],[-0.02325853 -0.17419863]
4431,4.431999999999815,[-0.07741176 -1.55691575],[-0.13988142 -3.34011892],[0.9528441  6.18379912],[-0.02327948 -0.17427282]
4432,4.432999999999815,[-0.07755069 -1.56024972],[-0.1389335  -3.33396994],[0.9479224  6.14898021],[-0.02330025 -0.17434541]
4433,4.433999999999815,[-0.07768868 -1.56357758],[-0.13799046 -3.32785572],[0.94303654 6.11421361],[-0.02332084 -0.1744164 ]
4434,4.434999999999816,[-0.07782573 -1.56689935],[-0.13705227 -3.32177622],[0.93818645 6.07950043],[-0.02334126 -0.17448578]
4435,4.435999999999816,[-0.07796185 -1.57021509],[-0.1361189  -3.31573138],[0.93337207 6.04484175],[-0.02336151 -0.17455356]
4436,4.436999999999816,[-0.07809704 -1.57352481],[-0.13519031 -3.30972114],[0.92859335 6.01023864],[-0.02338158 -0.17461974]
4437,4.437999999999817,[-0.07823131 -1.57682855],[-0.13426646 -3.30374545],[0.92385022 5.97569212],[-0.02340148 -0.17468431]
4438,4.438999999999817,[-0.07836466 -1.58012636],[-0.13334731 -3.29780425],[0.9191426  5.94120319],[-0.02342121 -0.17474728]
4439,4.439999999999817,[-0.07849709 -1.58341825],[-0.13243284 -3.29189747],[0.91447041 5.90677282],[-0.02344078 -0.17480864]
4440,4.440999999999818,[-0.07862861 -1.58670428],[-0.13152301 -3.28602507],[0.90983359 5.87240195],[-0.02346018 -0.17486839]
4441,4.441999999999818,[-0.07875923 -1.58998447],[-0.13061778 -3.28018698],[0.90523205 5.8380915 ],[-0.02347941 -0.17492653]
4442,4.442999999999818,[-0.07888895 -1.59325885],[-0.12971711 -3.27438314],[0.9006657  5.80384235],[-0.02349847 -0.17498307]
4443,4.443999999999819,[-0.07901777 -1.59652746],[-0.12882098 -3.26861348],[0.89613446 5.76965536],[-0.02351738 -0.175038  ]
4444,4.444999999999819,[-0.0791457  -1.59979034],[-0.12792934 -3.26287795],[0.89163824 5.73553138],[-0.02353612 -0.17509131]
4445,4.445999999999819,[-0.07927274 -1.60304752],[-0.12704216 -3.25717648],[0.88717695 5.70147121],[-0.0235547  -0.17514302]
4446,4.44699999999982,[-0.0793989  -1.60629903],[-0.12615941 -3.25150901],[0.88275048 5.66747564],[-0.02357312 -0.17519312]
4447,4.44799999999982,[-0.07952418 -1.6095449 ],[-0.12528105 -3.24587546],[0.87835874 5.63354544],[-0.02359139 -0.17524161]
4448,4.44899999999982,[-0.07964859 -1.61278518],[-0.12440705 -3.24027578],[0.87400164 5.59968136],[-0.0236095  -0.17528849]
4449,4.449999999999821,[-0.07977212 -1.61601989],[-0.12353737 -3.23470989],[0.86967906 5.5658841 ],[-0.02362745 -0.17533375]
4450,4.450999999999821,[-0.0798948  -1.61924906],[-0.12267198 -3.22917774],[0.8653909  5.53215438],[-0.02364525 -0.17537741]
4451,4.451999999999821,[-0.08001661 -1.62247274],[-0.12181084 -3.22367925],[0.86113705 5.49849286],[-0.02366289 -0.17541946]
4452,4.452999999999822,[-0.08013756 -1.62569096],[-0.12095393 -3.21821435],[0.8569174  5.46490022],[-0.02368039 -0.17545989]
4453,4.453999999999822,[-0.08025766 -1.62890374],[-0.1201012  -3.21278297],[0.85273184 5.43137709],[-0.02369773 -0.17549872]
4454,4.454999999999822,[-0.08037692 -1.63211113],[-0.11925262 -3.20738505],[0.84858026 5.39792408],[-0.02371493 -0.17553593]
4455,4.455999999999823,[-0.08049532 -1.63531315],[-0.11840815 -3.2020205 ],[0.84446253 5.3645418 ],[-0.02373197 -0.17557153]
4456,4.456999999999823,[-0.08061289 -1.63850984],[-0.11756777 -3.19668927],[0.84037853 5.33123082],[-0.02374887 -0.17560552]
4457,4.457999999999823,[-0.08072962 -1.64170123],[-0.11673145 -3.19139128],[0.83632815 5.29799173],[-0.02376563 -0.17563791]
4458,4.458999999999824,[-0.08084552 -1.64488735],[-0.11589913 -3.18612646],[0.83231127 5.26482505],[-0.02378224 -0.17566868]
4459,4.459999999999824,[-0.08096059 -1.64806825],[-0.11507081 -3.18089472],[0.82832775 5.23173133],[-0.02379871 -0.17569784]
4460,4.460999999999824,[-0.08107484 -1.65124394],[-0.11424643 -3.17569601],[0.82437747 5.19871108],[-0.02381504 -0.17572539]
4461,4.461999999999825,[-0.08118826 -1.65441447],[-0.11342597 -3.17053025],[0.82046031 5.16576478],[-0.02383123 -0.17575133]
4462,4.462999999999825,[-0.08130087 -1.65757987],[-0.11260939 -3.16539736],[0.81657613 5.13289294],[-0.02384728 -0.17577566]
4463,4.463999999999825,[-0.08141267 -1.66074017],[-0.11179667 -3.16029726],[0.8127248 5.100096 ],[-0.02386319 -0.17579839]
4464,4.464999999999826,[-0.08152366 -1.6638954 ],[-0.11098776 -3.15522989],[0.80890619 5.06737443],[-0.02387897 -0.1758195 ]
4465,4.465999999999826,[-0.08163384 -1.66704559],[-0.11018264 -3.15019516],[0.80512017 5.03472867],[-0.02389461 -0.17583901]
4466,4.466999999999826,[-0.08174322 -1.67019079],[-0.10938128 -3.145193  ],[0.80136659 5.00215912],[-0.02391012 -0.17585691]
4467,4.467999999999827,[-0.08185181 -1.67333101],[-0.10858363 -3.14022333],[0.79764533 4.96966621],[-0.0239255 -0.1758732]
4468,4.468999999999827,[-0.0819596 -1.6764663],[-0.10778967 -3.13528608],[0.79395624 4.93725034],[-0.02394074 -0.17588789]
4469,4.4699999999998274,[-0.0820666  -1.67959668],[-0.10699937 -3.13038117],[0.79029918 4.90491187],[-0.02395586 -0.17590097]
4470,4.470999999999828,[-0.08217281 -1.68272219],[-0.1062127  -3.12550852],[0.78667402 4.87265119],[-0.02397084 -0.17591244]
4471,4.471999999999828,[-0.08227824 -1.68584285],[-0.10542962 -3.12066805],[0.7830806  4.84046864],[-0.0239857  -0.17592231]
4472,4.4729999999998284,[-0.08238289 -1.68895871],[-0.1046501  -3.11585969],[0.7795188  4.80836459],[-0.02400044 -0.17593057]
4473,4.473999999999829,[-0.08248676 -1.6920698 ],[-0.10387411 -3.11108335],[0.77598846 4.77633935],[-0.02401504 -0.17593723]
4474,4.474999999999829,[-0.08258986 -1.69517614],[-0.10310162 -3.10633895],[0.77248943 4.74439325],[-0.02402953 -0.17594229]
4475,4.4759999999998294,[-0.0826922  -1.69827776],[-0.1023326  -3.10162643],[0.76902158 4.7125266 ],[-0.02404389 -0.17594574]
4476,4.47699999999983,[-0.08279376 -1.70137471],[-0.10156702 -3.09694569],[0.76558475 4.6807397 ],[-0.02405813 -0.1759476 ]
4477,4.47799999999983,[-0.08289457 -1.70446701],[-0.10080484 -3.09229665],[0.76217879 4.64903284],[-0.02407225 -0.17594785]
4478,4.4789999999998305,[-0.08299461 -1.70755468],[-0.10004603 -3.08767925],[0.75880357 4.61740629],[-0.02408626 -0.1759465 ]
4479,4.479999999999831,[-0.0830939  -1.71063778],[-0.09929058 -3.08309339],[0.75545892 4.58586033],[-0.02410014 -0.17594355]
4480,4.480999999999831,[-0.08319244 -1.71371632],[-0.09853843 -3.07853899],[0.75214469 4.55439521],[-0.02411391 -0.175939  ]
4481,4.4819999999998315,[-0.08329023 -1.71679033],[-0.09778957 -3.07401598],[0.74886074 4.52301118],[-0.02412756 -0.17593286]
4482,4.482999999999832,[-0.08338728 -1.71985986],[-0.09704396 -3.06952427],[0.74560692 4.49170847],[-0.0241411  -0.17592512]
4483,4.483999999999832,[-0.08348358 -1.72292492],[-0.09630158 -3.06506378],[0.74238307 4.46048732],[-0.02415453 -0.17591578]
4484,4.4849999999998325,[-0.08357914 -1.72598556],[-0.09556239 -3.06063444],[0.73918903 4.42934794],[-0.02416784 -0.17590485]
4485,4.485999999999833,[-0.08367397 -1.72904179],[-0.09482637 -3.05623615],[0.73602465 4.39829055],[-0.02418104 -0.17589232]
4486,4.486999999999833,[-0.08376806 -1.73209366],[-0.09409348 -3.05186883],[0.73288978 4.36731534],[-0.02419414 -0.1758782 ]
4487,4.4879999999998335,[-0.08386142 -1.73514119],[-0.09336369 -3.04753241],[0.72978427 4.33642251],[-0.02420712 -0.17586248]
4488,4.488999999999834,[-0.08395406 -1.73818442],[-0.09263698 -3.0432268 ],[0.72670795 4.30561225],[-0.02422    -0.17584518]
4489,4.489999999999834,[-0.08404597 -1.74122337],[-0.09191332 -3.03895191],[0.72366068 4.27488473],[-0.02423278 -0.17582628]
4490,4.4909999999998345,[-0.08413717 -1.74425808],[-0.09119268 -3.03470767],[0.72064229 4.24424011],[-0.02424545 -0.17580579]
4491,4.491999999999835,[-0.08422764 -1.74728857],[-0.09047503 -3.03049399],[0.71765262 4.21367857],[-0.02425801 -0.17578372]
4492,4.492999999999835,[-0.0843174  -1.75031488],[-0.08976034 -3.02631079],[0.71469153 4.18320025],[-0.02427048 -0.17576005]
4493,4.4939999999998355,[-0.08440645 -1.75333704],[-0.08904858 -3.02215799],[0.71175884 4.15280529],[-0.02428284 -0.1757348 ]
4494,4.494999999999836,[-0.08449479 -1.75635508],[-0.08833972 -3.01803549],[0.70885442 4.12249384],[-0.0242951  -0.17570797]
4495,4.495999999999836,[-0.08458242 -1.75936902],[-0.08763375 -3.01394323],[0.70597808 4.09226603],[-0.02430726 -0.17567955]
4496,4.4969999999998365,[-0.08466936 -1.7623789 ],[-0.08693062 -3.00988111],[0.70312969 4.06212198],[-0.02431933 -0.17564955]
4497,4.497999999999837,[-0.08475559 -1.76538475],[-0.08623031 -3.00584904],[0.70030907 4.03206181],[-0.02433129 -0.17561796]
4498,4.498999999999837,[-0.08484112 -1.7683866 ],[-0.08553279 -3.00184696],[0.69751607 4.00208563],[-0.02434317 -0.17558479]
4499,4.4999999999998375,[-0.08492596 -1.77138447],[-0.08483804 -2.99787476],[0.69475052 3.97219355],[-0.02435495 -0.17555005]
4500,4.500999999999838,[-0.0850101 -1.7743784],[-0.08414603 -2.99393238],[0.69201228 3.94238565],[-0.02436663 -0.17551372]
4501,4.501999999999838,[-0.08509356 -1.77736842],[-0.08345673 -2.99001972],[0.68930117 3.91266203],[-0.02437822 -0.17547582]
4502,4.5029999999998385,[-0.08517633 -1.78035456],[-0.08277011 -2.98613669],[0.68661705 3.88302278],[-0.02438972 -0.17543634]
4503,4.503999999999839,[-0.08525842 -1.78333684],[-0.08208615 -2.98228323],[0.68395974 3.85346798],[-0.02440113 -0.17539528]
4504,4.504999999999839,[-0.08533982 -1.7863153 ],[-0.08140482 -2.97845923],[0.68132909 3.82399769],[-0.02441246 -0.17535265]
4505,4.5059999999998395,[-0.08542055 -1.78928997],[-0.0807261  -2.97466462],[0.67872494 3.79461199],[-0.02442369 -0.17530845]
4506,4.50699999999984,[-0.0855006  -1.79226087],[-0.08004995 -2.97089931],[0.67614713 3.76531093],[-0.02443484 -0.17526267]
4507,4.50799999999984,[-0.08557997 -1.79522803],[-0.07937635 -2.96716321],[0.67359549 3.73609458],[-0.0244459  -0.17521533]
4508,4.5089999999998405,[-0.08565868 -1.79819149],[-0.07870528 -2.96345625],[0.67106987 3.70696299],[-0.02445688 -0.17516641]
4509,4.509999999999841,[-0.08573671 -1.80115127],[-0.07803671 -2.95977833],[0.6685701  3.67791619],[-0.02446777 -0.17511593]
4510,4.510999999999841,[-0.08581409 -1.80410739],[-0.07737062 -2.95612938],[0.66609603 3.64895423],[-0.02447858 -0.17506388]
4511,4.5119999999998415,[-0.08589079 -1.8070599 ],[-0.07670697 -2.9525093 ],[0.6636475  3.62007714],[-0.02448931 -0.17501027]
4512,4.512999999999842,[-0.08596684 -1.81000882],[-0.07604575 -2.94891801],[0.66122434 3.59128495],[-0.02449995 -0.17495509]
4513,4.513999999999842,[-0.08604222 -1.81295418],[-0.07538692 -2.94535544],[0.65882639 3.5625777 ],[-0.02451052 -0.17489834]
4514,4.5149999999998425,[-0.08611696 -1.815896  ],[-0.07473047 -2.94182148],[0.6564535  3.53395539],[-0.02452101 -0.17484004]
4515,4.515999999999843,[-0.08619103 -1.81883432],[-0.07407636 -2.93831606],[0.6541055  3.50541804],[-0.02453142 -0.17478017]
4516,4.516999999999843,[-0.08626446 -1.82176915],[-0.07342458 -2.9348391 ],[0.65178223 3.47696567],[-0.02454176 -0.17471875]
4517,4.5179999999998435,[-0.08633723 -1.82470054],[-0.0727751 -2.9313905],[0.64948354 3.44859828],[-0.02455202 -0.17465577]
4518,4.518999999999844,[-0.08640936 -1.82762851],[-0.07212789 -2.92797018],[0.64720926 3.42031586],[-0.02456221 -0.17459123]
4519,4.519999999999844,[-0.08648084 -1.83055309],[-0.07148293 -2.92457807],[0.64495923 3.39211843],[-0.02457232 -0.17452514]
4520,4.5209999999998445,[-0.08655168 -1.83347431],[-0.07084019 -2.92121406],[0.64273329 3.36400597],[-0.02458236 -0.17445749]
4521,4.521999999999845,[-0.08662188 -1.83639219],[-0.07019966 -2.91787808],[0.64053129 3.33597846],[-0.02459233 -0.17438829]
4522,4.522999999999845,[-0.08669144 -1.83930676],[-0.06956131 -2.91457005],[0.63835307 3.3080359 ],[-0.02460222 -0.17431754]
4523,4.5239999999998455,[-0.08676037 -1.84221804],[-0.06892511 -2.91128987],[0.63619846 3.28017827],[-0.02461205 -0.17424524]
4524,4.524999999999846,[-0.08682866 -1.84512608],[-0.06829104 -2.90803746],[0.63406731 3.25240554],[-0.02462181 -0.1741714 ]
4525,4.525999999999846,[-0.08689632 -1.8480309 ],[-0.06765908 -2.90481274],[0.63195946 3.22471767],[-0.0246315 -0.174096 ]
4526,4.5269999999998465,[-0.08696335 -1.85093251],[-0.06702921 -2.90161563],[0.62987474 3.19711466],[-0.02464113 -0.17401907]
4527,4.527999999999847,[-0.08702975 -1.85383096],[-0.0664014  -2.89844603],[0.62781301 3.16959644],[-0.02465069 -0.17394058]
4528,4.528999999999847,[-0.08709552 -1.85672626],[-0.06577562 -2.89530387],[0.6257741 3.142163 ],[-0.02466018 -0.17386056]
4529,4.5299999999998475,[-0.08716068 -1.85961845],[-0.06515186 -2.89218906],[0.62375786 3.11481428],[-0.02466961 -0.17377899]
4530,4.530999999999848,[-0.08722521 -1.86250755],[-0.0645301  -2.88910151],[0.62176413 3.08755024],[-0.02467898 -0.17369589]
4531,4.531999999999848,[-0.08728912 -1.86539359],[-0.06391031 -2.88604113],[0.61979275 3.06037083],[-0.02468829 -0.17361124]
4532,4.5329999999998485,[-0.08735241 -1.8682766 ],[-0.06329246 -2.88300786],[0.61784357 3.033276  ],[-0.02469753 -0.17352506]
4533,4.533999999999849,[-0.08741509 -1.8711566 ],[-0.06267655 -2.88000159],[0.61591643 3.00626569],[-0.02470672 -0.17343735]
4534,4.534999999999849,[-0.08747715 -1.87403362],[-0.06206254 -2.87702225],[0.61401117 2.97933984],[-0.02471584 -0.1733481 ]
4535,4.5359999999998495,[-0.0875386  -1.87690769],[-0.06145041 -2.87406975],[0.61212763 2.95249838],[-0.02472491 -0.17325731]
4536,4.53699999999985,[-0.08759944 -1.87977884],[-0.06084014 -2.87114401],[0.61026567 2.92574126],[-0.02473392 -0.173165  ]
4537,4.53799999999985,[-0.08765967 -1.88264708],[-0.06023172 -2.86824494],[0.60842513 2.8990684 ],[-0.02474288 -0.17307116]
4538,4.5389999999998505,[-0.0877193  -1.88551246],[-0.05962511 -2.86537247],[0.60660584 2.87247973],[-0.02475177 -0.17297579]
4539,4.539999999999851,[-0.08777832 -1.88837498],[-0.0590203  -2.86252649],[0.60480767 2.84597518],[-0.02476062 -0.1728789 ]
4540,4.540999999999851,[-0.08783673 -1.89123469],[-0.05841727 -2.85970694],[0.60303045 2.81955466],[-0.02476941 -0.17278048]
4541,4.5419999999998515,[-0.08789455 -1.8940916 ],[-0.057816   -2.85691372],[0.60127403 2.79321809],[-0.02477814 -0.17268053]
4542,4.542999999999852,[-0.08795177 -1.89694575],[-0.05721646 -2.85414675],[0.59953826 2.7669654 ],[-0.02478683 -0.17257907]
4543,4.543999999999852,[-0.08800838 -1.89979716],[-0.05661864 -2.85140596],[0.59782298 2.74079649],[-0.02479546 -0.17247608]
4544,4.5449999999998525,[-0.08806441 -1.90264585],[-0.05602251 -2.84869124],[0.59612804 2.71471127],[-0.02480405 -0.17237158]
4545,4.545999999999853,[-0.08811984 -1.90549185],[-0.05542806 -2.84600253],[0.5944533  2.68870966],[-0.02481258 -0.17226555]
4546,4.546999999999853,[-0.08817467 -1.90833519],[-0.05483526 -2.84333974],[0.59279859 2.66279155],[-0.02482107 -0.17215802]
4547,4.5479999999998535,[-0.08822891 -1.91117589],[-0.05424409 -2.84070279],[0.59116377 2.63695685],[-0.0248295  -0.17204897]
4548,4.548999999999854,[-0.08828257 -1.91401398],[-0.05365455 -2.83809158],[0.58954868 2.61120546],[-0.02483789 -0.1719384 ]
4549,4.549999999999854,[-0.08833564 -1.91684949],[-0.05306659 -2.83550604],[0.58795318 2.58553727],[-0.02484624 -0.17182633]
4550,4.5509999999998545,[-0.08838812 -1.91968244],[-0.05248022 -2.83294609],[0.58637712 2.55995218],[-0.02485454 -0.17171274]
4551,4.551999999999855,[-0.08844001 -1.92251285],[-0.0518954  -2.83041164],[0.58482035 2.53445009],[-0.02486279 -0.17159765]
4552,4.552999999999855,[-0.08849132 -1.92534075],[-0.05131211 -2.82790261],[0.58328271 2.50903088],[-0.024871   -0.17148105]
4553,4.5539999999998555,[-0.08854205 -1.92816617],[-0.05073035 -2.82541892],[0.58176406 2.48369444],[-0.02487917 -0.17136295]
4554,4.554999999999856,[-0.0885922  -1.93098913],[-0.05015008 -2.82296047],[0.58026425 2.45844065],[-0.0248873  -0.17124334]
4555,4.555999999999856,[-0.08864178 -1.93380966],[-0.0495713  -2.82052721],[0.57878314 2.4332694 ],[-0.02489538 -0.17112223]
4556,4.5569999999998565,[-0.08869077 -1.93662778],[-0.04899398 -2.81811902],[0.57732057 2.40818057],[-0.02490343 -0.17099962]
4557,4.557999999999857,[-0.08873919 -1.93944351],[-0.0484181  -2.81573585],[0.5758764  2.38317404],[-0.02491143 -0.17087551]
4558,4.558999999999857,[-0.08878703 -1.94225689],[-0.04784365 -2.8133776 ],[0.57445049 2.35824968],[-0.0249194  -0.17074991]
4559,4.5599999999998575,[-0.0888343  -1.94506793],[-0.04727061 -2.81104419],[0.57304268 2.33340736],[-0.02492733 -0.1706228 ]
4560,4.560999999999858,[-0.088881   -1.94787667],[-0.04669896 -2.80873555],[0.57165284 2.30864697],[-0.02493522 -0.17049421]
4561,4.561999999999858,[-0.08892713 -1.95068312],[-0.04612868 -2.80645158],[0.57028081 2.28396837],[-0.02494307 -0.17036412]
4562,4.5629999999998585,[-0.08897269 -1.95348731],[-0.04555975 -2.80419221],[0.56892646 2.25937143],[-0.02495089 -0.17023254]
4563,4.563999999999859,[-0.08901768 -1.95628927],[-0.04499216 -2.80195735],[0.56758964 2.23485602],[-0.02495867 -0.17009948]
4564,4.564999999999859,[-0.08906211 -1.95908902],[-0.04442589 -2.79974693],[0.5662702 2.210422 ],[-0.02496642 -0.16996492]
4565,4.5659999999998595,[-0.08910597 -1.96188658],[-0.04386092 -2.79756086],[0.564968   2.18606922],[-0.02497414 -0.16982888]
4566,4.56699999999986,[-0.08914927 -1.96468198],[-0.04329724 -2.79539906],[0.56368291 2.16179757],[-0.02498182 -0.16969136]
4567,4.56799999999986,[-0.089192   -1.96747524],[-0.04273483 -2.79326146],[0.56241477 2.13760689],[-0.02498947 -0.16955235]
4568,4.5689999999998605,[-0.08923417 -1.97026639],[-0.04217366 -2.79114796],[0.56116346 2.11349703],[-0.02499709 -0.16941186]
4569,4.569999999999861,[-0.08927579 -1.97305544],[-0.04161373 -2.78905849],[0.55992882 2.08946787],[-0.02500468 -0.16926989]
4570,4.570999999999861,[-0.08931684 -1.97584244],[-0.04105502 -2.78699297],[0.55871071 2.06551924],[-0.02501223 -0.16912644]
4571,4.5719999999998615,[-0.08935734 -1.97862739],[-0.04049751 -2.78495132],[0.55750901 2.04165101],[-0.02501976 -0.16898152]
4572,4.572999999999862,[-0.08939728 -1.98141032],[-0.03994119 -2.78293346],[0.55632356 2.01786303],[-0.02502726 -0.16883512]
4573,4.573999999999862,[-0.08943667 -1.98419126],[-0.03938604 -2.7809393 ],[0.55515422 1.99415513],[-0.02503474 -0.16868725]
4574,4.5749999999998625,[-0.0894755  -1.98697023],[-0.03883203 -2.77896877],[0.55400087 1.97052718],[-0.02504218 -0.1685379 ]
4575,4.575999999999863,[-0.08951378 -1.98974725],[-0.03827917 -2.7770218 ],[0.55286336 1.94697902],[-0.0250496  -0.16838709]
4576,4.576999999999863,[-0.08955151 -1.99252235],[-0.03772743 -2.77509829],[0.55174156 1.92351049],[-0.025057   -0.16823481]
4577,4.5779999999998635,[-0.08958868 -1.99529555],[-0.03717679 -2.77319816],[0.55063532 1.90012143],[-0.02506437 -0.16808106]
4578,4.578999999999864,[-0.08962531 -1.99806687],[-0.03662725 -2.77132135],[0.54954452 1.87681169],[-0.02507171 -0.16792584]
4579,4.579999999999864,[-0.08966139 -2.00083634],[-0.03607878 -2.76946777],[0.54846901 1.85358112],[-0.02507903 -0.16776916]
4580,4.5809999999998645,[-0.08969692 -2.00360397],[-0.03553137 -2.76763734],[0.54740867 1.83042954],[-0.02508633 -0.16761102]
4581,4.581999999999865,[-0.0897319 -2.0063698],[-0.03498501 -2.76582998],[0.54636335 1.8073568 ],[-0.0250936  -0.16745142]
4582,4.582999999999865,[-0.08976634 -2.00913385],[-0.03443968 -2.76404562],[0.54533292 1.78436273],[-0.02510086 -0.16729036]
4583,4.5839999999998655,[-0.08980024 -2.01189613],[-0.03389536 -2.76228417],[0.54431725 1.76144718],[-0.02510809 -0.16712784]
4584,4.584999999999866,[-0.08983359 -2.01465668],[-0.03335204 -2.76054556],[0.5433162  1.73860997],[-0.0251153  -0.16696386]
4585,4.585999999999866,[-0.0898664  -2.01741551],[-0.03280971 -2.75882971],[0.54232965 1.71585093],[-0.02512249 -0.16679844]
4586,4.5869999999998665,[-0.08989867 -2.02017265],[-0.03226836 -2.75713654],[0.54135746 1.69316991],[-0.02512967 -0.16663156]
4587,4.587999999999867,[-0.0899304  -2.02292811],[-0.03172796 -2.75546598],[0.54039949 1.67056674],[-0.02513682 -0.16646322]
4588,4.588999999999867,[-0.08996159 -2.02568193],[-0.0311885  -2.75381794],[0.53945563 1.64804123],[-0.02514396 -0.16629344]
4589,4.5899999999998675,[-0.08999224 -2.02843412],[-0.03064997 -2.75219234],[0.53852573 1.62559323],[-0.02515108 -0.16612221]
4590,4.590999999999868,[-0.09002235 -2.03118471],[-0.03011236 -2.75058912],[0.53760967 1.60322255],[-0.02515818 -0.16594954]
4591,4.591999999999868,[-0.09005192 -2.03393372],[-0.02957566 -2.74900819],[0.53670731 1.58092904],[-0.02516527 -0.16577542]
4592,4.5929999999998685,[-0.09008096 -2.03668117],[-0.02903984 -2.74744948],[0.53581853 1.55871251],[-0.02517234 -0.16559985]
4593,4.593999999999869,[-0.09010947 -2.03942708],[-0.0285049  -2.74591291],[0.5349432  1.53657279],[-0.0251794  -0.16542285]
4594,4.594999999999869,[-0.09013744 -2.04217148],[-0.02797081 -2.7443984 ],[0.5340812  1.51450971],[-0.02518644 -0.1652444 ]
4595,4.5959999999998695,[-0.09016488 -2.04491439],[-0.02743758 -2.74290587],[0.53323238 1.49252309],[-0.02519347 -0.16506452]
4596,4.59699999999987,[-0.09019178 -2.04765582],[-0.02690519 -2.74143526],[0.53239664 1.47061275],[-0.02520048 -0.1648832 ]
4597,4.59799999999987,[-0.09021816 -2.05039581],[-0.02637361 -2.73998648],[0.53157383 1.44877852],[-0.02520748 -0.16470045]
4598,4.5989999999998705,[-0.090244   -2.05313437],[-0.02584285 -2.73855946],[0.53076384 1.42702022],[-0.02521447 -0.16451626]
4599,4.599999999999871,[-0.09026931 -2.05587152],[-0.02531288 -2.73715412],[0.52996654 1.40533766],[-0.02522145 -0.16433064]
4600,4.600999999999871,[-0.0902941  -2.05860729],[-0.0247837  -2.73577039],[0.5291818  1.38373068],[-0.02522842 -0.16414359]
4601,4.6019999999998715,[-0.09031835 -2.0613417 ],[-0.02425529 -2.73440819],[0.52840949 1.36219909],[-0.02523538 -0.16395511]
4602,4.602999999999872,[-0.09034208 -2.06407477],[-0.02372764 -2.73306745],[0.52764951 1.3407427 ],[-0.02524233 -0.16376521]
4603,4.603999999999872,[-0.09036528 -2.06680652],[-0.02320074 -2.73174809],[0.52690171 1.31936135],[-0.02524927 -0.16357387]
4604,4.6049999999998725,[-0.09038795 -2.06953697],[-0.02267457 -2.73045004],[0.52616599 1.29805484],[-0.0252562  -0.16338112]
4605,4.605999999999873,[-0.0904101  -2.07226614],[-0.02214913 -2.72917321],[0.5254422 1.276823 ],[-0.02526312 -0.16318694]
4606,4.606999999999873,[-0.09043173 -2.07499406],[-0.0216244  -2.72791755],[0.52473025 1.25566564],[-0.02527004 -0.16299134]
4607,4.6079999999998735,[-0.09045283 -2.07772074],[-0.02110037 -2.72668296],[0.52402999 1.23458258],[-0.02527694 -0.16279432]
4608,4.608999999999874,[-0.0904734  -2.08044621],[-0.02057703 -2.72546939],[0.52334131 1.21357364],[-0.02528385 -0.16259589]
4609,4.609999999999874,[-0.09049346 -2.08317049],[-0.02005437 -2.72427675],[0.5226641  1.19263863],[-0.02529074 -0.16239604]
4610,4.6109999999998745,[-0.09051299 -2.08589359],[-0.01953237 -2.72310497],[0.52199822 1.17177737],[-0.02529763 -0.16219477]
4611,4.611999999999875,[-0.090532   -2.08861554],[-0.01901102 -2.72195398],[0.52134357 1.15098968],[-0.02530452 -0.16199209]
4612,4.612999999999875,[-0.09055049 -2.09133637],[-0.01849032 -2.72082371],[0.52070001 1.13027537],[-0.0253114 -0.161788 ]
4613,4.6139999999998755,[-0.09056846 -2.09405608],[-0.01797026 -2.71971408],[0.52006744 1.10963426],[-0.02531827 -0.1615825 ]
4614,4.614999999999876,[-0.09058591 -2.09677471],[-0.01745081 -2.71862501],[0.51944573 1.08906615],[-0.02532515 -0.16137559]
4615,4.615999999999876,[-0.09060285 -2.09949226],[-0.01693198 -2.71755644],[0.51883477 1.06857088],[-0.02533202 -0.16116728]
4616,4.6169999999998765,[-0.09061926 -2.10220877],[-0.01641374 -2.71650829],[0.51823444 1.04814825],[-0.02533888 -0.16095756]
4617,4.617999999999877,[-0.09063516 -2.10492425],[-0.0158961  -2.71548049],[0.51764461 1.02779807],[-0.02534575 -0.16074644]
4618,4.618999999999877,[-0.09065053 -2.10763873],[-0.01537903 -2.71447297],[0.51706519 1.00752017],[-0.02535261 -0.16053391]
4619,4.6199999999998775,[-0.0906654  -2.11035221],[-0.01486254 -2.71348566],[0.51649604 0.98731435],[-0.02535948 -0.16031999]
4620,4.620999999999878,[-0.09067974 -2.11306473],[-0.0143466  -2.71251848],[0.51593705 0.96718044],[-0.02536634 -0.16010466]
4621,4.621999999999878,[-0.09069358 -2.1157763 ],[-0.01383121 -2.71157136],[0.51538812 0.94711824],[-0.0253732  -0.15988794]
4622,4.6229999999998785,[-0.09070689 -2.11848695],[-0.01331636 -2.71064423],[0.51484912 0.92712757],[-0.02538006 -0.15966982]
4623,4.623999999999879,[-0.09071969 -2.12119668],[-0.01280204 -2.70973702],[0.51431993 0.90720825],[-0.02538693 -0.15945031]
4624,4.624999999999879,[-0.09073198 -2.12390553],[-0.01228824 -2.70884966],[0.51380046 0.88736009],[-0.02539379 -0.15922941]
4625,4.6259999999998795,[-0.09074376 -2.12661351],[-0.01177495 -2.70798208],[0.51329057 0.86758291],[-0.02540066 -0.15900711]
4626,4.62699999999988,[-0.09075502 -2.12932065],[-0.01126216 -2.7071342 ],[0.51279017 0.84787652],[-0.02540753 -0.15878343]
4627,4.62799999999988,[-0.09076577 -2.13202695],[-0.01074986 -2.70630596],[0.51229913 0.82824074],[-0.0254144  -0.15855836]
4628,4.6289999999998805,[-0.09077601 -2.13473245],[-0.01023804 -2.70549729],[0.51181735 0.80867538],[-0.02542127 -0.1583319 ]
4629,4.629999999999881,[-0.09078573 -2.13743716],[-0.0097267  -2.70470811],[0.51134471 0.78918027],[-0.02542815 -0.15810406]
4630,4.630999999999881,[-0.09079495 -2.1401411 ],[-0.00921582 -2.70393835],[0.5108811  0.76975521],[-0.02543503 -0.15787483]
4631,4.6319999999998815,[-0.09080365 -2.14284429],[-0.00870539 -2.70318795],[0.51042641 0.75040002],[-0.02544191 -0.15764422]
4632,4.632999999999882,[-0.09081185 -2.14554674],[-0.00819541 -2.70245684],[0.50998054 0.73111453],[-0.0254488  -0.15741223]
4633,4.633999999999882,[-0.09081954 -2.14824849],[-0.00768587 -2.70174494],[0.50954336 0.71189855],[-0.02545569 -0.15717887]
4634,4.6349999999998825,[-0.09082671 -2.15094954],[-0.00717675 -2.70105219],[0.50911478 0.6927519 ],[-0.02546259 -0.15694412]
4635,4.635999999999883,[-0.09083338 -2.15364992],[-0.00666806 -2.70037851],[0.50869467 0.67367439],[-0.0254695 -0.156708 ]
4636,4.636999999999883,[-0.09083954 -2.15634964],[-0.00615977 -2.69972385],[0.50828294 0.65466585],[-0.02547641 -0.15647051]
4637,4.6379999999998835,[-0.09084519 -2.15904873],[-0.0056519  -2.69908812],[0.50787948 0.63572609],[-0.02548333 -0.15623164]
4638,4.638999999999884,[-0.09085034 -2.1617472 ],[-0.00514441 -2.69847127],[0.50748416 0.61685494],[-0.02549025 -0.15599141]
4639,4.639999999999884,[-0.09085497 -2.16444508],[-0.00463731 -2.69787321],[0.5070969  0.59805222],[-0.02549719 -0.1557498 ]
4640,4.6409999999998846,[-0.09085915 -2.16714224],[-0.00417315 -2.69716444],[0.46416628 0.70877798],[-0.02550413 -0.15550683]
4641,4.641999999999885,[-0.0908629  -2.16983859],[-0.00375089 -2.69634871],[0.42225879 0.81572951],[-0.02550894 -0.15526897]
4642,4.642999999999885,[-0.09086627 -2.17253403],[-0.00336677 -2.69543822],[0.38412399 0.91048729],[-0.02551168 -0.15503606]
4643,4.6439999999998856,[-0.09086928 -2.17522847],[-0.00301734 -2.6944441 ],[0.34942306 0.99412284],[-0.02551253 -0.15480749]
4644,4.644999999999886,[-0.09087198 -2.17792185],[-0.00269949 -2.69337648],[0.31784758 1.06761598],[-0.02551165 -0.15458271]
4645,4.645999999999886,[-0.09087439 -2.18061409],[-2.41037766e-03 -2.69224462e+00],[0.28911675 1.13186265],[-0.02550921 -0.15436123]
4646,4.6469999999998866,[-0.09087654 -2.18330515],[-2.14740271e-03 -2.69105693e+00],[0.26297495 1.18768206],[-0.02550533 -0.15414258]
4647,4.647999999999887,[-0.09087845 -2.18599497],[-1.90821323e-03 -2.68982111e+00],[0.23918949 1.23582318],[-0.02550015 -0.15392636]
4648,4.648999999999887,[-0.09088014 -2.18868351],[-1.69066468e-03 -2.68854414e+00],[0.21754854 1.2769707 ],[-0.02549377 -0.15371217]
4649,4.649999999999888,[-0.09088163 -2.19137075],[-1.49280539e-03 -2.68723239e+00],[0.19785929 1.31175056],[-0.02548632 -0.15349969]
4650,4.650999999999888,[-0.09088294 -2.19405664],[-1.31285918e-03 -2.68589166e+00],[0.17994621 1.34073489],[-0.02547788 -0.15328859]
4651,4.651999999999888,[-0.09088409 -2.19674117],[-1.14920964e-03 -2.68452721e+00],[0.16364954 1.36444664],[-0.02546853 -0.15307858]
4652,4.652999999999889,[-0.09088509 -2.19942431],[-1.00038581e-03 -2.68314385e+00],[0.14882383 1.38336373],[-0.02545836 -0.15286941]
4653,4.653999999999889,[-0.09088596 -2.20210605],[-8.65049095e-04 -2.68174592e+00],[0.13533672 1.39792289],[-0.02544745 -0.15266084]
4654,4.654999999999889,[-0.0908867  -2.20478641],[-7.36478590e-04 -2.68035506e+00],[0.1285705  1.39085903],[-0.02543585 -0.15245264]
4655,4.65599999999989,[-0.0908873 -2.2074654],[-6.08162289e-04 -2.67899216e+00],[0.1283163  1.36290454],[-0.0254239  -0.15224375]
4656,4.65699999999989,[-0.09088778 -2.21014306],[-4.80090296e-04 -2.67765702e+00],[0.12807199 1.33514191],[-0.02541192 -0.1520331 ]
4657,4.65799999999989,[-0.09088814 -2.21281941],[-3.52252908e-04 -2.67634945e+00],[0.12783739 1.30756974],[-0.02539993 -0.15182072]
4658,4.658999999999891,[-0.09088836 -2.21549448],[-2.24640617e-04 -2.67506926e+00],[0.12761229 1.28018661],[-0.02538791 -0.15160659]
4659,4.659999999999891,[-0.09088846 -2.21816829],[-9.72441023e-05 -2.67381627e+00],[0.12739651 1.25299112],[-0.02537587 -0.15139074]
4660,4.660999999999891,[-0.09088843 -2.22084088],[ 2.99457673e-05 -2.67259029e+00],[0.12718987 1.22598189],[-0.0253638  -0.15117317]
4661,4.661999999999892,[-0.09088827 -2.22351228],[ 1.56937937e-04 -2.67139113e+00],[0.12699217 1.19915755],[-0.02535172 -0.15095388]
4662,4.662999999999892,[-0.09088799 -2.22618249],[ 2.83741169e-04 -2.67021861e+00],[0.12680323 1.17251672],[-0.02533961 -0.15073288]
4663,4.663999999999892,[-0.09088758 -2.22885157],[ 4.10364043e-04 -2.66907256e+00],[0.12662287 1.14605806],[-0.02532749 -0.15051018]
4664,4.664999999999893,[-0.09088704 -2.23151952],[ 5.36814958e-04 -2.66795277e+00],[0.12645092 1.11978023],[-0.02531535 -0.15028578]
4665,4.665999999999893,[-0.09088638 -2.23418638],[ 6.63102137e-04 -2.66685909e+00],[0.12628718 1.09368189],[-0.02530318 -0.15005969]
4666,4.666999999999893,[-0.09088559 -2.23685217],[ 7.89233624e-04 -2.66579133e+00],[0.12613149 1.06776172],[-0.025291   -0.14983192]
4667,4.667999999999894,[-0.09088467 -2.23951692],[ 9.15217293e-04 -2.66474931e+00],[0.12598367 1.04201843],[-0.0252788  -0.14960248]
4668,4.668999999999894,[-0.09088363 -2.24218065],[ 1.04106084e-03 -2.66373286e+00],[0.12584355 1.0164507 ],[-0.02526658 -0.14937136]
4669,4.669999999999894,[-0.09088246 -2.24484339],[ 1.1667718e-03 -2.6627418e+00],[0.12571096 0.99105726],[-0.02525434 -0.14913858]
4670,4.670999999999895,[-0.09088117 -2.24750517],[ 1.29235752e-03 -2.66177597e+00],[0.12558572 0.96583683],[-0.02524208 -0.14890414]
4671,4.671999999999895,[-0.09087975 -2.250166  ],[ 1.41782521e-03 -2.66083518e+00],[0.12546769 0.94078815],[-0.02522981 -0.14866804]
4672,4.672999999999895,[-0.09087821 -2.25282592],[ 1.54318188e-03 -2.65991927e+00],[0.12535668 0.91590995],[-0.02521752 -0.1484303 ]
4673,4.673999999999896,[-0.09087654 -2.25548495],[ 1.66843441e-03 -2.65902807e+00],[0.12525253 0.891201  ],[-0.02520522 -0.14819093]
4674,4.674999999999896,[-0.09087475 -2.25814311],[ 1.79358950e-03 -2.65816141e+00],[0.12515509 0.86666006],[-0.0251929  -0.14794991]
4675,4.675999999999896,[-0.09087283 -2.26080043],[ 1.91865368e-03 -2.65731912e+00],[0.12506418 0.84228591],[-0.02518056 -0.14770727]
4676,4.676999999999897,[-0.09087079 -2.26345693],[ 2.04363335e-03 -2.65650105e+00],[0.12497967 0.81807734],[-0.02516821 -0.14746301]
4677,4.677999999999897,[-0.09086862 -2.26611264],[ 2.16853473e-03 -2.65570701e+00],[0.12490138 0.79403315],[-0.02515584 -0.14721713]
4678,4.678999999999897,[-0.09086633 -2.26876758],[ 2.29336389e-03 -2.65493686e+00],[0.12482916 0.77015214],[-0.02514345 -0.14696964]
4679,4.679999999999898,[-0.09086391 -2.27142177],[ 2.41812676e-03 -2.65419043e+00],[0.12476287 0.74643313],[-0.02513106 -0.14672055]
4680,4.680999999999898,[-0.09086136 -2.27407524],[ 2.54282909e-03 -2.65346755e+00],[0.12470233 0.72287496],[-0.02511865 -0.14646985]
4681,4.681999999999898,[-0.0908587 -2.276728 ],[ 0.00266748 -2.65276808],[0.12464742 0.69947645],[-0.02510622 -0.14621757]
4682,4.682999999999899,[-0.0908559 -2.2793801],[ 0.00279207 -2.65209184],[0.12459797 0.67623647],[-0.02509378 -0.14596369]
4683,4.683999999999899,[-0.09085299 -2.28203153],[ 0.00291663 -2.65143869],[0.12455384 0.65315387],[-0.02508133 -0.14570823]
4684,4.684999999999899,[-0.09084995 -2.28468234],[ 0.00304114 -2.65080846],[0.12451489 0.63022752],[-0.02506887 -0.1454512 ]
4685,4.6859999999999,[-0.09084678 -2.28733254],[ 0.00316562 -2.650201  ],[0.12448096 0.60745629],[-0.02505639 -0.1451926 ]
4686,4.6869999999999,[-0.09084349 -2.28998216],[ 0.00329008 -2.64961616],[0.12445192 0.58483908],[-0.0250439  -0.14493243]
4687,4.6879999999999,[-0.09084008 -2.29263121],[ 0.0034145  -2.64905379],[0.12442763 0.56237479],[-0.02503139 -0.1446707 ]
4688,4.688999999999901,[-0.09083654 -2.29527973],[ 0.00353891 -2.64851373],[0.12440793 0.54006232],[-0.02501888 -0.14440742]
4689,4.689999999999901,[-0.09083287 -2.29792772],[ 0.0036633  -2.64799582],[0.12439271 0.5179006 ],[-0.02500635 -0.14414258]
4690,4.690999999999901,[-0.09082909 -2.30057522],[ 0.00378769 -2.64749994],[0.1243818  0.49588855],[-0.02499381 -0.14387621]
4691,4.691999999999902,[-0.09082517 -2.30322225],[ 0.00391206 -2.64702591],[0.12437509 0.4740251 ],[-0.02498126 -0.14360829]
4692,4.692999999999902,[-0.09082114 -2.30586882],[ 0.00403643 -2.6465736 ],[0.12437243 0.45230921],[-0.0249687  -0.14333884]
4693,4.693999999999902,[-0.09081698 -2.30851497],[ 0.00416081 -2.64614286],[0.12437369 0.43073984],[-0.02495613 -0.14306786]
4694,4.694999999999903,[-0.09081269 -2.3111607 ],[ 0.00428519 -2.64573355],[0.12437875 0.40931595],[-0.02494355 -0.14279536]
4695,4.695999999999903,[-0.09080828 -2.31380604],[ 0.00440957 -2.64534551],[0.12438745 0.38803651],[-0.02493096 -0.14252135]
4696,4.696999999999903,[-0.09080375 -2.31645102],[ 0.00453397 -2.64497861],[0.12439969 0.36690051],[-0.02491835 -0.14224582]
4697,4.697999999999904,[-0.09079909 -2.31909566],[ 0.00465839 -2.6446327 ],[0.12441532 0.34590695],[-0.02490574 -0.14196878]
4698,4.698999999999904,[-0.09079431 -2.32173996],[ 0.00478282 -2.64430765],[0.12443421 0.32505483],[-0.02489312 -0.14169024]
4699,4.699999999999904,[-0.0907894  -2.32438397],[ 0.00490728 -2.6440033 ],[0.12445625 0.30434317],[-0.02488048 -0.1414102 ]
4700,4.700999999999905,[-0.09078437 -2.32702769],[ 0.00503176 -2.64371953],[0.12448131 0.28377098],[-0.02486784 -0.14112867]
4701,4.701999999999905,[-0.09077921 -2.32967114],[ 0.00515627 -2.6434562 ],[0.12450926 0.2633373 ],[-0.02485519 -0.14084565]
4702,4.702999999999905,[-0.09077393 -2.33231436],[ 0.00528081 -2.64321315],[0.12453998 0.24304118],[-0.02484253 -0.14056115]
4703,4.703999999999906,[-0.09076853 -2.33495735],[ 0.00540538 -2.64299027],[0.12457334 0.22288165],[-0.02482986 -0.14027517]
4704,4.704999999999906,[-0.090763   -2.33760013],[ 0.00552999 -2.64278742],[0.12460923 0.20285779],[-0.02481718 -0.13998772]
4705,4.705999999999906,[-0.09075734 -2.34024274],[ 0.00565464 -2.64260445],[0.12464752 0.18296866],[-0.02480449 -0.1396988 ]
4706,4.706999999999907,[-0.09075156 -2.34288518],[ 0.00577933 -2.64244123],[0.12468809 0.16321334],[-0.02479179 -0.13940841]
4707,4.707999999999907,[-0.09074566 -2.34552748],[ 0.00590406 -2.64229764],[0.12473083 0.14359091],[-0.02477908 -0.13911657]
4708,4.708999999999907,[-0.09073963 -2.34816965],[ 0.00602883 -2.64217354],[0.12477562 0.12410047],[-0.02476637 -0.13882327]
4709,4.709999999999908,[-0.09073348 -2.35081172],[ 0.00615366 -2.6420688 ],[0.12482235 0.10474113],[-0.02475365 -0.13852853]
4710,4.710999999999908,[-0.0907272 -2.3534537],[ 0.00627853 -2.64198329],[0.12487088 0.08551201],[-0.02474091 -0.13823233]
4711,4.711999999999908,[-0.09072079 -2.35609562],[ 0.00640345 -2.64191688],[0.12492112 0.06641221],[-0.02472818 -0.1379347 ]
4712,4.712999999999909,[-0.09071427 -2.35873749],[ 0.00652842 -2.64186944],[0.12497295 0.04744088],[-0.02471543 -0.13763564]
4713,4.713999999999909,[-0.09070761 -2.36137933],[ 0.00665345 -2.64184084],[0.12502625 0.02859716],[-0.02470267 -0.13733514]
4714,4.714999999999909,[-0.09070083 -2.36402116],[ 0.00677853 -2.64183096],[0.12508092 0.00988019],[-0.02468991 -0.13703321]
4715,4.71599999999991,[-0.09069393 -2.366663  ],[ 0.00690367 -2.64183967],[ 0.12513684 -0.00871086],[-0.02467714 -0.13672987]
4716,4.71699999999991,[-0.0906869  -2.36930487],[ 0.00702886 -2.64186685],[ 0.12519389 -0.02717684],[-0.02466436 -0.1364251 ]
4717,4.71799999999991,[-0.09067975 -2.37194678],[ 0.00715411 -2.64191236],[ 0.12525199 -0.04551855],[-0.02465157 -0.13611892]
4718,4.718999999999911,[-0.09067247 -2.37458876],[ 0.00727942 -2.6419761 ],[ 0.125311   -0.06373683],[-0.02463878 -0.13581134]
4719,4.719999999999911,[-0.09066506 -2.37723081],[ 0.00740479 -2.64205793],[ 0.12537083 -0.08183248],[-0.02462598 -0.13550235]
4720,4.720999999999911,[-0.09065753 -2.37987297],[ 0.00753022 -2.64215774],[ 0.12543137 -0.09980629],[-0.02461317 -0.13519195]
4721,4.721999999999912,[-0.09064988 -2.38251525],[ 0.00765572 -2.6422754 ],[ 0.12549251 -0.11765905],[-0.02460035 -0.13488017]
4722,4.722999999999912,[-0.09064209 -2.38515766],[ 0.00778127 -2.64241079],[ 0.12555415 -0.13539155],[-0.02458753 -0.13456699]
4723,4.723999999999912,[-0.09063419 -2.38780022],[ 0.00790689 -2.6425638 ],[ 0.12561618 -0.15300456],[-0.0245747  -0.13425242]
4724,4.724999999999913,[-0.09062616 -2.39044296],[ 0.00803257 -2.64273429],[ 0.12567849 -0.17049884],[-0.02456186 -0.13393648]
4725,4.725999999999913,[-0.090618   -2.39308588],[ 0.00815831 -2.64292217],[ 0.12574099 -0.18787516],[-0.02454901 -0.13361915]
4726,4.726999999999913,[-0.09060971 -2.395729  ],[ 0.00828411 -2.6431273 ],[ 0.12580358 -0.20513425],[-0.02453616 -0.13330045]
4727,4.727999999999914,[-0.0906013  -2.39837235],[ 0.00840998 -2.64334958],[ 0.12586614 -0.22227685],[-0.0245233  -0.13298037]
4728,4.728999999999914,[-0.09059277 -2.40101594],[ 0.00853591 -2.64358888],[ 0.12592857 -0.2393037 ],[-0.02451043 -0.13265894]
4729,4.729999999999914,[-0.09058411 -2.40365979],[ 0.0086619 -2.6438451],[ 0.12599079 -0.25621552],[-0.02449756 -0.13233614]
4730,4.730999999999915,[-0.09057532 -2.40630391],[ 0.00878795 -2.64411811],[ 0.12605268 -0.27301303],[-0.02448467 -0.13201198]
4731,4.731999999999915,[-0.0905664  -2.40894831],[ 0.00891406 -2.64440781],[ 0.12611415 -0.28969692],[-0.02447178 -0.13168646]
4732,4.732999999999915,[-0.09055736 -2.41159303],[ 0.00904024 -2.64471408],[ 0.12617509 -0.3062679 ],[-0.02445889 -0.1313596 ]
4733,4.733999999999916,[-0.0905482  -2.41423807],[ 0.00916647 -2.6450368 ],[ 0.12623542 -0.32272666],[-0.02444598 -0.13103139]
4734,4.734999999999916,[-0.0905389  -2.41688344],[ 0.00929277 -2.64537588],[ 0.12629503 -0.33907387],[-0.02443307 -0.13070184]
4735,4.735999999999916,[-0.09052948 -2.41952917],[ 0.00941912 -2.64573119],[ 0.12635382 -0.35531021],[-0.02442016 -0.13037095]
4736,4.736999999999917,[-0.09051994 -2.42217528],[ 0.00954553 -2.64610262],[ 0.1264117  -0.37143635],[-0.02440723 -0.13003873]
4737,4.737999999999917,[-0.09051027 -2.42482177],[ 0.009672   -2.64649008],[ 0.12646857 -0.38745293],[-0.0243943  -0.12970518]
4738,4.738999999999917,[-0.09050047 -2.42746866],[ 0.00979853 -2.64689344],[ 0.12652434 -0.40336062],[-0.02438136 -0.1293703 ]
4739,4.739999999999918,[-0.09049054 -2.43011597],[ 0.00992511 -2.6473126 ],[ 0.12657891 -0.41916005],[-0.02436841 -0.1290341 ]
4740,4.740999999999918,[-0.09048049 -2.43276372],[ 0.01005174 -2.64774745],[ 0.12663218 -0.43485186],[-0.02435546 -0.12869658]
4741,4.741999999999918,[-0.09047031 -2.43541192],[ 0.01017842 -2.64819789],[ 0.12668407 -0.45043666],[-0.02434249 -0.12835775]
4742,4.742999999999919,[-0.09046001 -2.43806058],[ 0.01030516 -2.6486638 ],[ 0.12673448 -0.46591508],[-0.02432952 -0.1280176 ]
4743,4.743999999999919,[-0.09044958 -2.44070973],[ 0.01043194 -2.64914509],[ 0.12678331 -0.48128773],[-0.02431655 -0.12767615]
4744,4.744999999999919,[-0.09043902 -2.44335937],[ 0.01055877 -2.64964164],[ 0.12683048 -0.4965552 ],[-0.02430356 -0.12733339]
4745,4.74599999999992,[-0.09042833 -2.44600952],[ 0.01068565 -2.65015336],[ 0.12687589 -0.51171808],[-0.02429057 -0.12698934]
4746,4.74699999999992,[-0.09041752 -2.4486602 ],[ 0.01081257 -2.65068014],[ 0.12691944 -0.52677698],[-0.02427757 -0.12664399]
4747,4.74799999999992,[-0.09040658 -2.45131142],[ 0.01093953 -2.65122187],[ 0.12696106 -0.54173245],[-0.02426456 -0.12629735]
4748,4.748999999999921,[-0.09039551 -2.4539632 ],[ 0.01106653 -2.65177846],[ 0.12700064 -0.55658508],[-0.02425154 -0.12594942]
4749,4.749999999999921,[-0.09038432 -2.45661555],[ 0.01119357 -2.65234979],[ 0.12703809 -0.57133543],[-0.02423852 -0.1256002 ]
4750,4.750999999999921,[-0.090373   -2.45926849],[ 0.01132064 -2.65293578],[ 0.12707334 -0.58598404],[-0.02422548 -0.12524971]
4751,4.751999999999922,[-0.09036155 -2.46192202],[ 0.01144774 -2.65353631],[ 0.12710628 -0.60053147],[-0.02421244 -0.12489793]
4752,4.752999999999922,[-0.09034998 -2.46457617],[ 0.01157488 -2.65415129],[ 0.12713682 -0.61497825],[-0.02419939 -0.12454489]
4753,4.753999999999922,[-0.09033827 -2.46723095],[ 0.01170205 -2.65478061],[ 0.12716489 -0.62932492],[-0.02418634 -0.12419057]
4754,4.754999999999923,[-0.09032645 -2.46988638],[ 0.01182924 -2.65542418],[ 0.12719038 -0.643572  ],[-0.02417327 -0.12383499]
4755,4.755999999999923,[-0.09031449 -2.47254246],[ 0.01195645 -2.6560819 ],[ 0.12721322 -0.65772001],[-0.02416019 -0.12347814]
4756,4.756999999999923,[-0.09030241 -2.47519921],[ 0.01208368 -2.65675367],[ 0.12723331 -0.67176946],[-0.02414711 -0.12312004]
4757,4.757999999999924,[-0.09029019 -2.47785665],[ 0.01221093 -2.65743939],[ 0.12725056 -0.68572085],[-0.02413402 -0.12276068]
4758,4.758999999999924,[-0.09027786 -2.48051479],[ 0.0123382  -2.65813897],[ 0.1272649  -0.69957467],[-0.02412091 -0.12240006]
4759,4.759999999999924,[-0.09026539 -2.48317365],[ 0.01246548 -2.6588523 ],[ 0.12727623 -0.71333141],[-0.0241078 -0.1220382]
4760,4.760999999999925,[-0.0902528  -2.48583322],[ 0.01259276 -2.65957929],[ 0.12728446 -0.72699155],[-0.02409468 -0.1216751 ]
4761,4.761999999999925,[-0.09024008 -2.48849354],[ 0.01272005 -2.66031985],[ 0.12728951 -0.74055556],[-0.02408155 -0.12131075]
4762,4.762999999999925,[-0.09022723 -2.49115462],[ 0.01284734 -2.66107387],[ 0.12729129 -0.75402391],[-0.02406841 -0.12094517]
4763,4.763999999999926,[-0.09021426 -2.49381646],[ 0.01297463 -2.66184127],[ 0.12728972 -0.76739706],[-0.02405526 -0.12057835]
4764,4.764999999999926,[-0.09020115 -2.49647908],[ 0.01310191 -2.66262194],[ 0.12728471 -0.78067545],[-0.0240421  -0.12021029]
4765,4.765999999999926,[-0.09018792 -2.4991425 ],[ 0.01322919 -2.6634158 ],[ 0.12727618 -0.79385953],[-0.02402894 -0.11984102]
4766,4.766999999999927,[-0.09017457 -2.50180672],[ 0.01335646 -2.66422275],[ 0.12726404 -0.80694973],[-0.02401576 -0.11947051]
4767,4.767999999999927,[-0.09016108 -2.50447176],[ 0.0134837 -2.6650427],[ 0.12724821 -0.81994649],[-0.02400257 -0.11909879]
4768,4.768999999999927,[-0.09014747 -2.50713764],[ 0.01361093 -2.66587555],[ 0.1272286  -0.83285022],[-0.02398936 -0.11872585]
4769,4.769999999999928,[-0.09013374 -2.50980436],[ 0.01373814 -2.66672121],[ 0.12720513 -0.84566135],[-0.02397615 -0.11835169]
4770,4.770999999999928,[-0.09011987 -2.51247194],[ 0.01386531 -2.66757959],[ 0.12717772 -0.85838028],[-0.02396293 -0.11797633]
4771,4.771999999999928,[-0.09010588 -2.51514039],[ 0.01399246 -2.6684506 ],[ 0.12714627 -0.8710074 ],[-0.0239497  -0.11759976]
4772,4.772999999999929,[-0.09009176 -2.51780972],[ 0.01411957 -2.66933414],[ 0.12711071 -0.88354312],[-0.02393645 -0.11722198]
4773,4.773999999999929,[-0.09007751 -2.52047995],[ 0.01424664 -2.67023013],[ 0.12707096 -0.89598782],[-0.02392319 -0.116843  ]
4774,4.774999999999929,[-0.09006314 -2.52315109],[ 0.01437367 -2.67113847],[ 0.12702693 -0.90834189],[-0.02390993 -0.11646283]
4775,4.77599999999993,[-0.09004864 -2.52582315],[ 0.01450065 -2.67205908],[ 0.12697854 -0.92060569],[-0.02389664 -0.11608146]
4776,4.77699999999993,[-0.09003401 -2.52849614],[ 0.01462757 -2.67299186],[ 0.1269257  -0.93277959],[-0.02388335 -0.1156989 ]
4777,4.77799999999993,[-0.09001925 -2.53117008],[ 0.01475444 -2.67393672],[ 0.12686834 -0.94486395],[-0.02387005 -0.11531516]
4778,4.778999999999931,[-0.09000437 -2.53384497],[ 0.01488125 -2.67489358],[ 0.12680637 -0.95685914],[-0.02385673 -0.11493023]
4779,4.779999999999931,[-0.08998937 -2.53652084],[ 0.01500799 -2.67586235],[ 0.12673971 -0.96876548],[-0.0238434  -0.11454412]
4780,4.780999999999931,[-0.08997423 -2.53919768],[ 0.01513466 -2.67684293],[ 0.12666827 -0.98058333],[-0.02383005 -0.11415683]
4781,4.781999999999932,[-0.08995897 -2.54187551],[ 0.01526125 -2.67783524],[ 0.12659199 -0.99231301],[-0.0238167  -0.11376837]
4782,4.782999999999932,[-0.08994358 -2.54455435],[ 0.01538776 -2.6788392 ],[ 0.12651076 -1.00395486],[-0.02380333 -0.11337874]
4783,4.783999999999932,[-0.08992807 -2.54723421],[ 0.01551418 -2.67985471],[ 0.12642452 -1.01550919],[-0.02378994 -0.11298794]
4784,4.784999999999933,[-0.08991243 -2.54991509],[ 0.01564052 -2.68088168],[ 0.12633319 -1.02697631],[-0.02377654 -0.11259598]
4785,4.785999999999933,[-0.08989666 -2.55259701],[ 0.01576675 -2.68192004],[ 0.12623667 -1.03835655],[-0.02376313 -0.11220286]
4786,4.786999999999933,[-0.08988077 -2.55527998],[ 0.01589289 -2.68296969],[ 0.1261349  -1.04965019],[-0.0237497  -0.11180858]
4787,4.787999999999934,[-0.08986475 -2.55796401],[ 0.01601892 -2.68403055],[ 0.12602779 -1.06085753],[-0.02373626 -0.11141315]
4788,4.788999999999934,[-0.0898486  -2.56064911],[ 0.01614483 -2.68510253],[ 0.12591525 -1.07197887],[-0.0237228  -0.11101656]
4789,4.789999999999934,[-0.08983233 -2.5633353 ],[ 0.01627063 -2.68618554],[ 0.12579722 -1.08301447],[-0.02370933 -0.11061883]
4790,4.790999999999935,[-0.08981594 -2.56602258],[ 0.0163963 -2.6872795],[ 0.1256736  -1.09396463],[-0.02369584 -0.11021995]
4791,4.791999999999935,[-0.08979942 -2.56871096],[ 0.01652185 -2.68838433],[ 0.12554433 -1.10482961],[-0.02368234 -0.10981993]
4792,4.792999999999935,[-0.08978277 -2.57140046],[ 0.01664726 -2.68949994],[ 0.12540931 -1.11560967],[-0.02366881 -0.10941877]
4793,4.793999999999936,[-0.089766   -2.57409109],[ 0.01677252 -2.69062625],[ 0.12526848 -1.12630507],[-0.02365528 -0.10901648]
4794,4.794999999999936,[-0.0897491  -2.57678285],[ 0.01689765 -2.69176316],[ 0.12512174 -1.13691606],[-0.02364172 -0.10861306]
4795,4.795999999999936,[-0.08973208 -2.57947576],[ 0.01702262 -2.69291061],[ 0.12496902 -1.14744289],[-0.02362815 -0.10820851]
4796,4.796999999999937,[-0.08971493 -2.58216983],[ 0.01714743 -2.69406849],[ 0.12481025 -1.1578858 ],[-0.02361456 -0.10780283]
4797,4.797999999999937,[-0.08969766 -2.58486507],[ 0.01727207 -2.69523674],[ 0.12464534 -1.16824503],[-0.02360096 -0.10739603]
4798,4.798999999999937,[-0.08968026 -2.58756148],[ 0.01739655 -2.69641526],[ 0.12447421 -1.1785208 ],[-0.02358733 -0.10698811]
4799,4.799999999999938,[-0.08966274 -2.59025909],[ 0.01752084 -2.69760397],[ 0.12429679 -1.18871333],[-0.02357369 -0.10657908]
4800,4.800999999999938,[-0.08964509 -2.59295789],[ 0.01764496 -2.6988028 ],[ 0.12411299 -1.19882284],[-0.02356003 -0.10616893]
4801,4.801999999999938,[-0.08962732 -2.5956579 ],[ 0.01776888 -2.70001164],[ 0.12392274 -1.20884954],[-0.02354635 -0.10575768]
4802,4.802999999999939,[-0.08960943 -2.59835913],[ 0.0178926  -2.70123044],[ 0.12372596 -1.21879364],[-0.02353265 -0.10534532]
4803,4.803999999999939,[-0.08959142 -2.60106159],[ 0.01801613 -2.70245909],[ 0.12352257 -1.22865534],[-0.02351893 -0.10493185]
4804,4.804999999999939,[-0.08957328 -2.60376529],[ 0.01813944 -2.70369753],[ 0.1233125  -1.23843483],[-0.02350519 -0.10451729]
4805,4.80599999999994,[-0.08955501 -2.60647023],[ 0.01826253 -2.70494566],[ 0.12309565 -1.2481323 ],[-0.02349143 -0.10410163]
4806,4.80699999999994,[-0.08953663 -2.60917644],[ 0.01838541 -2.70620341],[ 0.12287196 -1.25774794],[-0.02347765 -0.10368488]
4807,4.80799999999994,[-0.08951812 -2.61188391],[ 0.01850805 -2.70747069],[ 0.12264135 -1.26728191],[-0.02346384 -0.10326703]
4808,4.808999999999941,[-0.08949949 -2.61459265],[ 0.01863045 -2.70874743],[ 0.12240374 -1.2767344 ],[-0.02345002 -0.10284811]
4809,4.809999999999941,[-0.08948074 -2.61730269],[ 0.01875261 -2.71003353],[ 0.12215906 -1.28610557],[-0.02343617 -0.10242809]
4810,4.810999999999941,[-0.08946186 -2.62001402],[ 0.01887452 -2.71132893],[ 0.12190722 -1.29539559],[-0.02342231 -0.102007  ]
4811,4.811999999999942,[-0.08944287 -2.62272665],[ 0.01899617 -2.71263353],[ 0.12164815 -1.30460461],[-0.02340842 -0.10158483]
4812,4.812999999999942,[-0.08942375 -2.6254406 ],[ 0.01911755 -2.71394726],[ 0.12138177 -1.31373278],[-0.0233945  -0.10116158]
4813,4.813999999999942,[-0.08940451 -2.62815587],[ 0.01923866 -2.71527004],[ 0.121108   -1.32278025],[-0.02338057 -0.10073727]
4814,4.814999999999943,[-0.08938515 -2.63087247],[ 0.01935948 -2.71660179],[ 0.12082677 -1.33174716],[-0.02336661 -0.10031188]
4815,4.815999999999943,[-0.08936567 -2.63359041],[ 0.01948002 -2.71794242],[ 0.120538   -1.34063365],[-0.02335262 -0.09988543]
4816,4.816999999999943,[-0.08934607 -2.6363097 ],[ 0.01960026 -2.71929186],[ 0.12024161 -1.34943985],[-0.02333862 -0.09945792]
4817,4.817999999999944,[-0.08932635 -2.63903035],[ 0.0197202  -2.72065003],[ 0.11993753 -1.35816589],[-0.02332458 -0.09902936]
4818,4.818999999999944,[-0.08930651 -2.64175237],[ 0.01983983 -2.72201684],[ 0.11962569 -1.36681189],[-0.02331052 -0.09859973]
4819,4.819999999999944,[-0.08928655 -2.64447576],[ 0.01995913 -2.72339222],[ 0.11930599 -1.37537797],[-0.02329644 -0.09816906]
4820,4.820999999999945,[-0.08926647 -2.64720054],[ 0.02007811 -2.72477608],[ 0.11897838 -1.38386423],[-0.02328233 -0.09773734]
4821,4.821999999999945,[-0.08924628 -2.64992671],[ 0.02019675 -2.72616836],[ 0.11864277 -1.3922708 ],[-0.02326819 -0.09730457]
4822,4.822999999999945,[-0.08922596 -2.65265428],[ 0.02031505 -2.72756895],[ 0.11829908 -1.40059776],[-0.02325403 -0.09687076]
4823,4.823999999999946,[-0.08920553 -2.65538325],[ 0.020433  -2.7289778],[ 0.11794725 -1.40884523],[-0.02323984 -0.09643591]
4824,4.824999999999946,[-0.08918498 -2.65811365],[ 0.02055059 -2.73039481],[ 0.11758719 -1.41701329],[-0.02322562 -0.09600003]
4825,4.825999999999946,[-0.08916431 -2.66084547],[ 0.0206678  -2.73181991],[ 0.11721884 -1.42510204],[-0.02321137 -0.09556311]
4826,4.826999999999947,[-0.08914353 -2.66357872],[ 0.02078465 -2.73325303],[ 0.1168421  -1.43311157],[-0.0231971  -0.09512517]
4827,4.827999999999947,[-0.08912262 -2.66631342],[ 0.0209011  -2.73469407],[ 0.11645692 -1.44104194],[-0.02318279 -0.09468619]
4828,4.828999999999947,[-0.08910161 -2.66904956],[ 0.02101717 -2.73614296],[ 0.11606322 -1.44889325],[-0.02316846 -0.0942462 ]
4829,4.829999999999948,[-0.08908047 -2.67178716],[ 0.02113283 -2.73759963],[ 0.11566091 -1.45666557],[-0.02315409 -0.09380519]
4830,4.830999999999948,[-0.08905923 -2.67452622],[ 0.02124808 -2.73906398],[ 0.11524994 -1.46435896],[-0.0231397  -0.09336316]
4831,4.831999999999948,[-0.08903786 -2.67726676],[ 0.02136291 -2.74053596],[ 0.11483021 -1.47197349],[-0.02312527 -0.09292011]
4832,4.832999999999949,[-0.08901639 -2.68000877],[ 0.02147731 -2.74201547],[ 0.11440167 -1.47950922],[-0.02311081 -0.09247606]
4833,4.833999999999949,[-0.08899479 -2.68275228],[ 0.02159127 -2.74350243],[ 0.11396423 -1.48696621],[-0.02309632 -0.092031  ]
4834,4.834999999999949,[-0.08897309 -2.68549727],[ 0.02170479 -2.74499678],[ 0.11351782 -1.49434452],[-0.0230818  -0.09158494]
4835,4.83599999999995,[-0.08895127 -2.68824377],[ 0.02181785 -2.74649842],[ 0.11306237 -1.50164419],[-0.02306725 -0.09113787]
4836,4.83699999999995,[-0.08892934 -2.69099178],[ 0.02193045 -2.74800729],[ 0.1125978  -1.50886526],[-0.02305266 -0.09068982]
4837,4.83799999999995,[-0.0889073 -2.6937413],[ 0.02204258 -2.7495233 ],[ 0.11212404 -1.51600779],[-0.02303804 -0.09024076]
4838,4.838999999999951,[-0.08888514 -2.69649235],[ 0.02215422 -2.75104637],[ 0.11164102 -1.52307181],[-0.02302338 -0.08979072]
4839,4.839999999999951,[-0.08886288 -2.69924493],[ 0.02226537 -2.75257642],[ 0.11114867 -1.53005736],[-0.02300869 -0.08933969]
4840,4.840999999999951,[-0.0888405  -2.70199904],[ 0.02237601 -2.75411339],[ 0.11064691 -1.53696447],[-0.02299396 -0.08888768]
4841,4.841999999999952,[-0.08881802 -2.7047547 ],[ 0.02248615 -2.75565718],[ 0.11013568 -1.54379316],[-0.0229792  -0.08843469]
4842,4.842999999999952,[-0.08879542 -2.7075119 ],[ 0.02259576 -2.75720773],[ 0.10961489 -1.55054347],[-0.0229644  -0.08798072]
4843,4.843999999999952,[-0.08877272 -2.71027067],[ 0.02270485 -2.75876494],[ 0.10908448 -1.55721541],[-0.02294957 -0.08752577]
4844,4.844999999999953,[-0.0887499 -2.713031 ],[ 0.02281339 -2.76032875],[ 0.10854438 -1.56380901],[-0.02293469 -0.08706986]
4845,4.845999999999953,[-0.08872698 -2.7157929 ],[ 0.02292139 -2.76189907],[ 0.10799451 -1.57032428],[-0.02291978 -0.08661298]
4846,4.846999999999953,[-0.08870395 -2.71855637],[ 0.02302882 -2.76347584],[ 0.10743481 -1.57676123],[-0.02290483 -0.08615513]
4847,4.847999999999954,[-0.08868082 -2.72132143],[ 0.02313569 -2.76505896],[ 0.10686521 -1.58311988],[-0.02288985 -0.08569633]
4848,4.848999999999954,[-0.08865758 -2.72408808],[ 0.02324197 -2.76664836],[ 0.10628562 -1.58940023],[-0.02287482 -0.08523657]
4849,4.849999999999954,[-0.08863423 -2.72685632],[ 0.02334767 -2.76824396],[ 0.10569599 -1.59560228],[-0.02285975 -0.08477585]
4850,4.850999999999955,[-0.08861078 -2.72962617],[ 0.02345276 -2.76984568],[ 0.10509625 -1.60172604],[-0.02284464 -0.08431419]
4851,4.851999999999955,[-0.08858722 -2.73239762],[ 0.02355725 -2.77145346],[ 0.10448632 -1.60777151],[-0.02282949 -0.08385158]
4852,4.852999999999955,[-0.08856356 -2.73517069],[ 0.02366112 -2.77306719],[ 0.10386614 -1.61373868],[-0.0228143  -0.08338802]
4853,4.853999999999956,[-0.08853979 -2.73794538],[ 0.02376435 -2.77468682],[ 0.10323563 -1.61962755],[-0.02279907 -0.08292353]
4854,4.854999999999956,[-0.08851593 -2.74072169],[ 0.02386695 -2.77631226],[ 0.10259474 -1.6254381 ],[-0.02278379 -0.0824581 ]
4855,4.855999999999956,[-0.08849196 -2.74349963],[ 0.02396889 -2.77794343],[ 0.10194338 -1.63117033],[-0.02276847 -0.08199173]
4856,4.856999999999957,[-0.08846789 -2.74627921],[ 0.02407017 -2.77958025],[ 0.1012815  -1.63682423],[-0.0227531  -0.08152444]
4857,4.857999999999957,[-0.08844372 -2.74906044],[ 0.02417078 -2.78122265],[ 0.10060902 -1.64239977],[-0.02273769 -0.08105622]
4858,4.858999999999957,[-0.08841944 -2.75184331],[ 0.02427071 -2.78287055],[ 0.09992588 -1.64789695],[-0.02272224 -0.08058707]
4859,4.859999999999958,[-0.08839507 -2.75462783],[ 0.02436994 -2.78452387],[ 0.09923202 -1.65331573],[-0.02270674 -0.08011701]
4860,4.860999999999958,[-0.08837061 -2.75741401],[ 0.02446847 -2.78618252],[ 0.09852736 -1.6586561 ],[-0.02269119 -0.07964603]
4861,4.861999999999958,[-0.08834604 -2.76020186],[ 0.02456628 -2.78784644],[ 0.09781184 -1.66391804],[-0.0226756  -0.07917414]
4862,4.862999999999959,[-0.08832138 -2.76299137],[ 0.02466336 -2.78951554],[ 0.09708539 -1.66910152],[-0.02265996 -0.07870134]
4863,4.863999999999959,[-0.08829662 -2.76578256],[ 0.02475971 -2.79118975],[ 0.09634795 -1.67420651],[-0.02264427 -0.07822764]
4864,4.864999999999959,[-0.08827176 -2.76857543],[ 0.02485531 -2.79286898],[ 0.09559946 -1.67923298],[-0.02262853 -0.07775303]
4865,4.86599999999996,[-0.08824681 -2.77136999],[ 0.02495015 -2.79455316],[ 0.09483985 -1.6841809 ],[-0.02261274 -0.07727752]
4866,4.86699999999996,[-0.08822177 -2.77416623],[ 0.02504422 -2.79624221],[ 0.09406906 -1.68905024],[-0.02259691 -0.07680112]
4867,4.86799999999996,[-0.08819663 -2.77696416],[ 0.02513751 -2.79793605],[ 0.09328701 -1.69384097],[-0.02258102 -0.07632383]
4868,4.868999999999961,[-0.0881714 -2.7797638],[ 0.02523    -2.79963461],[ 0.09249366 -1.69855305],[-0.02256508 -0.07584565]
4869,4.869999999999961,[-0.08814608 -2.78256514],[ 0.02532169 -2.80133779],[ 0.09168894 -1.70318644],[-0.02254909 -0.07536659]
4870,4.870999999999961,[-0.08812067 -2.78536818],[ 0.02541256 -2.80304554],[ 0.09087278 -1.7077411 ],[-0.02253304 -0.07488664]
4871,4.871999999999962,[-0.08809516 -2.78817294],[ 0.02550261 -2.80475775],[ 0.09004513 -1.712217  ],[-0.02251695 -0.07440582]
4872,4.872999999999962,[-0.08806957 -2.79097941],[ 0.02559181 -2.80647437],[ 0.08920592 -1.71661409],[-0.02250079 -0.07392413]
4873,4.873999999999962,[-0.08804389 -2.79378761],[ 0.02568017 -2.8081953 ],[ 0.08835509 -1.72093234],[-0.02248459 -0.07344156]
4874,4.874999999999963,[-0.08801812 -2.79659753],[ 0.02576766 -2.80992047],[ 0.08749259 -1.7251717 ],[-0.02246833 -0.07295813]
4875,4.875999999999963,[-0.08799227 -2.79940918],[ 0.02585428 -2.8116498 ],[ 0.08661835 -1.72933212],[-0.02245201 -0.07247383]
4876,4.876999999999963,[-0.08796633 -2.80222256],[ 0.02594001 -2.81338322],[ 0.08573231 -1.73341357],[-0.02243564 -0.07198868]
4877,4.877999999999964,[-0.0879403  -2.80503768],[ 0.02602485 -2.81512063],[ 0.08483442 -1.737416  ],[-0.02241921 -0.07150267]
4878,4.878999999999964,[-0.0879142  -2.80785455],[ 0.02610877 -2.81686197],[ 0.08392462 -1.74133935],[-0.02240272 -0.07101581]
4879,4.879999999999964,[-0.087888   -2.81067315],[ 0.02619177 -2.81860715],[ 0.08300285 -1.7451836 ],[-0.02238617 -0.0705281 ]
4880,4.880999999999965,[-0.08786173 -2.81349351],[ 0.02627384 -2.8203561 ],[ 0.08206905 -1.74894868],[-0.02236957 -0.07003954]
4881,4.881999999999965,[-0.08783537 -2.81631562],[ 0.02635497 -2.82210874],[ 0.08112317 -1.75263455],[-0.0223529  -0.06955015]
4882,4.882999999999965,[-0.08780894 -2.81913948],[ 0.02643513 -2.82386498],[ 0.08016515 -1.75624116],[-0.02233617 -0.06905992]
4883,4.883999999999966,[-0.08778243 -2.82196511],[ 0.02651433 -2.82562475],[ 0.07919494 -1.75976847],[-0.02231939 -0.06856885]
4884,4.884999999999966,[-0.08775583 -2.8247925 ],[ 0.02659254 -2.82738796],[ 0.07821248 -1.76321643],[-0.02230254 -0.06807695]
4885,4.885999999999966,[-0.08772916 -2.82762165],[ 0.02666976 -2.82915455],[ 0.07721772 -1.76658498],[-0.02228562 -0.06758423]
4886,4.886999999999967,[-0.08770242 -2.83045257],[ 0.02674597 -2.83092442],[ 0.0762106  -1.76987408],[-0.02226865 -0.06709069]
4887,4.887999999999967,[-0.0876756  -2.83328527],[ 0.02682116 -2.83269751],[ 0.07519108 -1.77308368],[-0.02225161 -0.06659632]
4888,4.888999999999967,[-0.0876487  -2.83611975],[ 0.02689532 -2.83447372],[ 0.0741591  -1.77621373],[-0.0222345  -0.06610115]
4889,4.889999999999968,[-0.08762173 -2.838956  ],[ 0.02696843 -2.83625298],[ 0.07311461 -1.77926419],[-0.02221733 -0.06560516]
4890,4.890999999999968,[-0.08759469 -2.84179403],[ 0.02704049 -2.83803522],[ 0.07205756 -1.78223499],[-0.0222001  -0.06510836]
4891,4.891999999999968,[-0.08756758 -2.84463385],[ 0.02711148 -2.83982035],[ 0.0709879 -1.7851261],[-0.02218279 -0.06461076]
4892,4.892999999999969,[-0.0875404  -2.84747546],[ 0.02718138 -2.84160828],[ 0.06990558 -1.78793747],[-0.02216542 -0.06411236]
4893,4.893999999999969,[-0.08751315 -2.85031886],[ 0.02725019 -2.84339895],[ 0.06881056 -1.79066904],[-0.02214798 -0.06361317]
4894,4.894999999999969,[-0.08748583 -2.85316405],[ 0.0273179  -2.84519227],[ 0.06770278 -1.79332078],[-0.02213047 -0.06311318]
4895,4.89599999999997,[-0.08745845 -2.85601104],[ 0.02738448 -2.84698817],[ 0.06658219 -1.79589263],[-0.0221129 -0.0626124]
4896,4.89699999999997,[-0.087431   -2.85885983],[ 0.02744993 -2.84878655],[ 0.06544876 -1.79838455],[-0.02209525 -0.06211084]
4897,4.89799999999997,[-0.08740348 -2.86171042],[ 0.02751423 -2.85058735],[ 0.06430244 -1.80079649],[-0.02207753 -0.0616085 ]
4898,4.898999999999971,[-0.0873759  -2.86456281],[ 0.02757737 -2.85239048],[ 0.06314317 -1.80312841],[-0.02205973 -0.06110538]
4899,4.899999999999971,[-0.08734827 -2.867417  ],[ 0.02763934 -2.85419586],[ 0.06197093 -1.80538026],[-0.02204187 -0.06060149]
4900,4.900999999999971,[-0.08732057 -2.87027301],[ 0.02770013 -2.85600341],[ 0.06078566 -1.807552  ],[-0.02202393 -0.06009683]
4901,4.901999999999972,[-0.08729281 -2.87313082],[ 0.02775972 -2.85781305],[ 0.05958732 -1.80964358],[-0.02200592 -0.0595914 ]
4902,4.902999999999972,[-0.08726499 -2.87599044],[ 0.02781809 -2.85962471],[ 0.05837587 -1.81165498],[-0.02198783 -0.05908522]
4903,4.903999999999972,[-0.08723711 -2.87885188],[ 0.02787524 -2.86143829],[ 0.05715127 -1.81358613],[-0.02196966 -0.05857827]
4904,4.904999999999973,[-0.08720918 -2.88171514],[ 0.02793116 -2.86325373],[ 0.05591348 -1.81543701],[-0.02195142 -0.05807058]
4905,4.905999999999973,[-0.0871812  -2.88458021],[ 0.02798582 -2.86507094],[ 0.05466246 -1.81720758],[-0.0219331  -0.05756213]
4906,4.906999999999973,[-0.08715316 -2.8874471 ],[ 0.02803922 -2.86688983],[ 0.05339818 -1.8188978 ],[-0.02191471 -0.05705294]
4907,4.907999999999974,[-0.08712506 -2.89031581],[ 0.02809134 -2.86871034],[ 0.05212059 -1.82050764],[-0.02189623 -0.056543  ]
4908,4.908999999999974,[-0.08709692 -2.89318634],[ 0.02814217 -2.87053238],[ 0.05082966 -1.82203705],[-0.02187768 -0.05603233]
4909,4.909999999999974,[-0.08706873 -2.89605869],[ 0.02819169 -2.87235587],[ 0.04952535 -1.82348601],[-0.02185904 -0.05552093]
4910,4.910999999999975,[-0.08704049 -2.89893288],[ 0.0282399  -2.87418072],[ 0.04820763 -1.82485449],[-0.02184032 -0.05500879]
4911,4.911999999999975,[-0.0870122  -2.90180888],[ 0.02828678 -2.87600686],[ 0.04687647 -1.82614245],[-0.02182152 -0.05449593]
4912,4.912999999999975,[-0.08698387 -2.90468672],[ 0.02833231 -2.87783421],[ 0.04553182 -1.82734986],[-0.02180264 -0.05398235]
4913,4.913999999999976,[-0.0869555  -2.90756638],[ 0.02837648 -2.87966269],[ 0.04417367 -1.82847671],[-0.02178368 -0.05346805]
4914,4.914999999999976,[-0.08692708 -2.91044787],[ 0.02841928 -2.88149221],[ 0.04280198 -1.82952296],[-0.02176463 -0.05295303]
4915,4.915999999999976,[-0.08689862 -2.91333119],[ 0.0284607 -2.8833227],[ 0.04141672 -1.83048858],[-0.02174549 -0.05243731]
4916,4.916999999999977,[-0.08687011 -2.91621635],[ 0.02850072 -2.88515407],[ 0.04001785 -1.83137357],[-0.02172627 -0.05192088]
4917,4.917999999999977,[-0.08684158 -2.91910333],[ 0.02853932 -2.88698625],[ 0.03860536 -1.8321779 ],[-0.02170696 -0.05140375]
4918,4.918999999999977,[-0.086813   -2.92199215],[ 0.0285765  -2.88881915],[ 0.03717921 -1.83290154],[-0.02168756 -0.05088592]
4919,4.919999999999978,[-0.08678439 -2.92488281],[ 0.02861224 -2.8906527 ],[ 0.03573938 -1.83354449],[-0.02166808 -0.0503674 ]
4920,4.920999999999978,[-0.08675574 -2.92777529],[ 0.02864653 -2.8924868 ],[ 0.03428585 -1.83410673],[-0.0216485  -0.04984819]
4921,4.921999999999978,[-0.08672706 -2.93066961],[ 0.02867935 -2.89432139],[ 0.03281858 -1.83458825],[-0.02162884 -0.04932829]
4922,4.922999999999979,[-0.08669835 -2.93356577],[ 0.02871069 -2.89615638],[ 0.03133756 -1.83498904],[-0.02160908 -0.04880772]
4923,4.923999999999979,[-0.08666961 -2.93646376],[ 0.02874053 -2.89799169],[ 0.02984276 -1.83530908],[-0.02158923 -0.04828646]
4924,4.924999999999979,[-0.08664084 -2.93936359],[ 0.02876886 -2.89982724],[ 0.02833416 -1.83554838],[-0.02156929 -0.04776453]
4925,4.92599999999998,[-0.08661205 -2.94226525],[ 0.02879567 -2.90166295],[ 0.02681175 -1.83570693],[-0.02154926 -0.04724194]
4926,4.92699999999998,[-0.08658322 -2.94516875],[ 0.02882095 -2.90349873],[ 0.0252755  -1.83578473],[-0.02152913 -0.04671868]
4927,4.92799999999998,[-0.08655438 -2.94807409],[ 0.02884467 -2.90533451],[ 0.02372539 -1.83578177],[-0.02150891 -0.04619476]
4928,4.928999999999981,[-0.08652551 -2.95098126],[ 0.02886684 -2.90717021],[ 0.02216141 -1.83569807],[-0.02148859 -0.04567018]
4929,4.929999999999981,[-0.08649663 -2.95389026],[ 0.02888742 -2.90900574],[ 0.02058354 -1.83553363],[-0.02146817 -0.04514495]
4930,4.930999999999981,[-0.08646772 -2.9568011 ],[ 0.02890641 -2.91084103],[ 0.01899178 -1.83528846],[-0.02144766 -0.04461907]
4931,4.931999999999982,[-0.08643879 -2.95971378],[ 0.0289238 -2.912676 ],[ 0.01738609 -1.83496256],[-0.02142705 -0.04409255]
4932,4.932999999999982,[-0.08640986 -2.96262829],[ 0.02893956 -2.91451055],[ 0.01576648 -1.83455595],[-0.02140633 -0.04356539]
4933,4.933999999999982,[-0.0863809  -2.96554463],[ 0.0289537  -2.91634462],[ 0.01413292 -1.83406864],[-0.02138552 -0.04303759]
4934,4.934999999999983,[-0.08635194 -2.96846281],[ 0.02896618 -2.91817812],[ 0.01248542 -1.83350066],[-0.02136461 -0.04250916]
4935,4.935999999999983,[-0.08632296 -2.97138282],[ 0.02897701 -2.92001097],[ 0.01082395 -1.83285203],[-0.02134359 -0.04198011]
4936,4.936999999999983,[-0.08629397 -2.97430467],[ 0.02898616 -2.9218431 ],[ 0.00914852 -1.83212276],[-0.02132248 -0.04145043]
4937,4.937999999999984,[-0.08626498 -2.97722834],[ 0.02899361 -2.92367441],[ 0.00745911 -1.83131288],[-0.02130126 -0.04092013]
4938,4.938999999999984,[-0.08623598 -2.98015385],[ 0.02899937 -2.92550483],[ 0.00575572 -1.83042242],[-0.02127993 -0.04038922]
4939,4.939999999999984,[-0.08620698 -2.98308118],[ 0.02900341 -2.92733428],[ 0.00403835 -1.82945141],[-0.0212585 -0.0398577]
4940,4.940999999999985,[-0.08617797 -2.98601034],[ 0.02900572 -2.92916268],[ 0.00230698 -1.82839989],[-0.02123696 -0.03932558]
4941,4.941999999999985,[-0.08614896 -2.98894133],[ 0.02900628 -2.93098995],[ 5.61629367e-04 -1.82726790e+00],[-0.02121532 -0.03879285]
4942,4.942999999999985,[-0.08611996 -2.99187415],[ 0.02900508 -2.93281601],[-1.19771905e-03 -1.82605546e+00],[-0.02119356 -0.03825952]
4943,4.943999999999986,[-0.08609096 -2.99480879],[ 0.02900211 -2.93464077],[-0.00297106 -1.82476263],[-0.0211717 -0.0377256]
4944,4.944999999999986,[-0.08606196 -2.99774525],[ 0.02899735 -2.93646416],[-0.00475839 -1.82338945],[-0.02114973 -0.03719109]
4945,4.945999999999986,[-0.08603297 -3.00068354],[ 0.02899079 -2.93828609],[-0.00655972 -1.82193596],[-0.02112765 -0.036656  ]
4946,4.946999999999987,[-0.08600399 -3.00362365],[ 0.02898241 -2.9401065 ],[-0.00837502 -1.82040222],[-0.02110546 -0.03612033]
4947,4.947999999999987,[-0.08597501 -3.00656557],[ 0.02897221 -2.94192528],[-0.01020431 -1.81878828],[-0.02108315 -0.03558408]
4948,4.948999999999987,[-0.08594605 -3.00950931],[ 0.02896016 -2.94374238],[-0.01204758 -1.81709419],[-0.02106073 -0.03504726]
4949,4.949999999999988,[-0.08591711 -3.01245487],[ 0.02894626 -2.9455577 ],[-0.01390481 -1.81532002],[-0.0210382  -0.03450987]
4950,4.950999999999988,[-0.08588818 -3.01540224],[ 0.02893048 -2.94737116],[-0.015776   -1.81346583],[-0.02101556 -0.03397192]
4951,4.951999999999988,[-0.08585926 -3.01835143],[ 0.02891282 -2.9491827 ],[-0.01766114 -1.81153168],[-0.02099279 -0.0334334 ]
4952,4.952999999999989,[-0.08583037 -3.02130242],[ 0.02889326 -2.95099221],[-0.01956022 -1.80951764],[-0.02096991 -0.03289434]
4953,4.953999999999989,[-0.0858015  -3.02425522],[ 0.02887179 -2.95279964],[-0.02147323 -1.80742378],[-0.02094692 -0.03235472]
4954,4.954999999999989,[-0.08577265 -3.02720982],[ 0.02884839 -2.95460489],[-0.02340015 -1.80525017],[-0.0209238  -0.03181456]
4955,4.95599999999999,[-0.08574383 -3.03016623],[ 0.02882305 -2.95640788],[-0.02534097 -1.80299689],[-0.02090057 -0.03127386]
4956,4.95699999999999,[-0.08571503 -3.03312444],[ 0.02879575 -2.95820855],[-0.02729567 -1.80066402],[-0.02087721 -0.03073262]
4957,4.95799999999999,[-0.08568627 -3.03608445],[ 0.02876649 -2.9600068 ],[-0.02926424 -1.79825165],[-0.02085374 -0.03019085]
4958,4.958999999999991,[-0.08565753 -3.03904625],[ 0.02873524 -2.96180256],[-0.03124666 -1.79575985],[-0.02083014 -0.02964855]
4959,4.959999999999991,[-0.08562883 -3.04200984],[ 0.028702   -2.96359575],[-0.0332429  -1.79318871],[-0.02080642 -0.02910572]
4960,4.960999999999991,[-0.08560016 -3.04497523],[ 0.02866674 -2.96538629],[-0.03525295 -1.79053833],[-0.02078258 -0.02856237]
4961,4.961999999999992,[-0.08557153 -3.0479424 ],[ 0.02862947 -2.9671741 ],[-0.03727679 -1.7878088 ],[-0.02075861 -0.02801851]
4962,4.962999999999992,[-0.08554294 -3.05091136],[ 0.02859015 -2.9689591 ],[-0.03931439 -1.78500022],[-0.02073451 -0.02747414]
4963,4.963999999999992,[-0.08551439 -3.0538821 ],[ 0.02854879 -2.97074121],[-0.04136573 -1.78211268],[-0.02071029 -0.02692926]
4964,4.964999999999993,[-0.08548589 -3.05685462],[ 0.02850536 -2.97252035],[-0.04343078 -1.7791463 ],[-0.02068595 -0.02638388]
4965,4.965999999999993,[-0.08545743 -3.05982892],[ 0.02845985 -2.97429646],[-0.04550952 -1.77610116],[-0.02066147 -0.025838  ]
4966,4.966999999999993,[-0.08542902 -3.06280499],[ 0.02841224 -2.97606943],[-0.04760191 -1.77297739],[-0.02063687 -0.02529163]
4967,4.967999999999994,[-0.08540065 -3.06578283],[ 0.02836254 -2.97783921],[-0.04970792 -1.76977509],[-0.02061213 -0.02474476]
4968,4.968999999999994,[-0.08537234 -3.06876244],[ 0.02831071 -2.9796057 ],[-0.05182754 -1.76649438],[-0.02058727 -0.02419742]
4969,4.969999999999994,[-0.08534409 -3.0717438 ],[ 0.02825675 -2.98136884],[-0.05396071 -1.76313537],[-0.02056227 -0.02364959]
4970,4.970999999999995,[-0.08531589 -3.07472693],[ 0.02820064 -2.98312854],[-0.05610742 -1.75969818],[-0.02053715 -0.02310129]
4971,4.971999999999995,[-0.08528774 -3.07771182],[ 0.02814237 -2.98488472],[-0.05826762 -1.75618294],[-0.02051188 -0.02255251]
4972,4.972999999999995,[-0.08525966 -3.08069845],[ 0.02808193 -2.98663731],[-0.06044128 -1.75258977],[-0.02048649 -0.02200327]
4973,4.973999999999996,[-0.08523164 -3.08368684],[ 0.0280193  -2.98838623],[-0.06262837 -1.7489188 ],[-0.02046096 -0.02145356]
4974,4.974999999999996,[-0.08520369 -3.08667697],[ 0.02795448 -2.9901314 ],[-0.06482883 -1.74517015],[-0.02043529 -0.02090339]
4975,4.975999999999996,[-0.0851758  -3.08966885],[ 0.02788743 -2.99187274],[-0.06704264 -1.74134397],[-0.02040949 -0.02035277]
4976,4.976999999999997,[-0.08514798 -3.09266246],[ 0.02781816 -2.99361018],[-0.06926975 -1.73744039],[-0.02038355 -0.01980171]
4977,4.977999999999997,[-0.08512023 -3.0956578 ],[ 0.02774665 -2.99534364],[-0.07151012 -1.73345954],[-0.02035747 -0.01925019]
4978,4.978999999999997,[-0.08509256 -3.09865487],[ 0.02767289 -2.99707304],[-0.07376371 -1.72940156],[-0.02033125 -0.01869824]
4979,4.979999999999998,[-0.08506497 -3.10165367],[ 0.02759686 -2.99879831],[-0.07603047 -1.72526661],[-0.02030489 -0.01814584]
4980,4.980999999999998,[-0.08503745 -3.10465419],[ 0.02751855 -3.00051936],[-0.07831036 -1.72105482],[-0.02027839 -0.01759302]
4981,4.981999999999998,[-0.08501001 -3.10765643],[ 0.02743794 -3.00223613],[-0.08060332 -1.71676635],[-0.02025174 -0.01703977]
4982,4.982999999999999,[-0.08498265 -3.11066037],[ 0.02735504 -3.00394853],[-0.08290931 -1.71240134],[-0.02022496 -0.01648609]
4983,4.983999999999999,[-0.08495538 -3.11366603],[ 0.02726981 -3.00565649],[-0.08522828 -1.70795996],[-0.02019803 -0.015932  ]
4984,4.984999999999999,[-0.0849282  -3.11667339],[ 0.02718225 -3.00735993],[-0.08756017 -1.70344234],[-0.02017095 -0.01537749]
4985,4.986,[-0.08490111 -3.11968245],[ 0.02709234 -3.00905878],[-0.08990495 -1.69884866],[-0.02014373 -0.01482257]
4986,4.987,[-0.08487411 -3.1226932 ],[ 0.02700008 -3.01075296],[-0.09226254 -1.69417908],[-0.02011637 -0.01426724]
4987,4.988,[-0.0848472  -3.12570564],[ 0.02690545 -3.0124424 ],[-0.0946329  -1.68943375],[-0.02008885 -0.01371151]
4988,4.989000000000001,[-0.0848204  -3.12871977],[ 0.02680843 -3.01412701],[-0.09701597 -1.68461284],[-0.02006119 -0.01315539]
4989,4.990000000000001,[-0.08479369 -3.13173558],[ 0.02670902 -3.01580673],[-0.09941169 -1.67971652],[-0.02003338 -0.01259887]
4990,4.991000000000001,[-0.08476708 -3.13475306],[ 0.0266072  -3.01748147],[-0.10182    -1.67474496],[-0.02000542 -0.01204197]
4991,4.992000000000002,[-0.08474058 -3.13777221],[ 0.02650296 -3.01915117],[-0.10424085 -1.66969833],[-0.01997731 -0.01148468]
4992,4.993000000000002,[-0.08471418 -3.14079303],[ 0.02639628 -3.02081575],[-0.10667417 -1.66457681],[-0.01994905 -0.01092701]
4993,4.994000000000002,[-0.08468789 -3.1438155 ],[ 0.02628716 -3.02247513],[-0.1091199  -1.65938056],[-0.01992063 -0.01036897]
4994,4.995000000000003,[-0.08466172 -3.14683963],[ 0.02617559 -3.02412924],[-0.11157798 -1.65410977],[-0.01989206 -0.00981055]
4995,4.996000000000003,[-0.08463566 -3.14986541],[ 0.02606154 -3.025778  ],[-0.11404834 -1.64876462],[-0.01986334 -0.00925177]
4996,4.997000000000003,[-0.08460971 -3.15289283],[ 0.02594501 -3.02742135],[-0.11653091 -1.64334529],[-0.01983446 -0.00869263]
4997,4.998000000000004,[-0.08458388 -3.15592189],[ 0.02582598 -3.0290592 ],[-0.11902563 -1.63785196],[-0.01980543 -0.00813313]
4998,4.999000000000004,[-0.08455818 -3.15895258],[ 0.02570445 -3.03069148],[-0.12153243 -1.63228481],[-0.01977624 -0.00757327]
4999,5.000000000000004,[-0.0845326 -3.1619849],[ 0.0255804  -3.03231813],[-0.12405124 -1.62664404],[-0.01974689 -0.00701307]
