,time,qpos,qvel,qacc,ctrl
0,0.0,[0. 0.],[0. 0.],[ 2.14940006 99.54717303],[0.316 0.111]
1,0.001,[2.14940006e-06 9.95471730e-05],[0.0021494  0.09954717],[ 2.08588493 95.54677197],[0.31560026 0.10635461]
2,0.002,[6.38468506e-06 2.94641118e-04],[0.00423528 0.19509395],[ 2.02470546 91.69488574],[0.31520344 0.10189009]
3,0.003,[1.26446755e-05 5.81429949e-04],[0.00625999 0.28678883],[ 1.96577568 87.98606984],[0.31480944 0.09759978]
4,0.004,[2.08704416e-05 9.56204849e-04],[0.00822577 0.3747749 ],[ 1.90901261 84.41507774],[0.31441816 0.09347727]
5,0.005,[3.10052204e-05 1.41539483e-03],[0.01013478 0.45918998],[ 1.85433621 80.97685401],[0.31402948 0.08951639]
6,0.006,[4.29943353e-05 1.95556166e-03],[0.01198911 0.54016683],[ 1.80166928 77.66652767],[0.31364332 0.08571117]
7,0.007,[5.67851196e-05 2.57339502e-03],[0.01379078 0.61783336],[ 1.75093743 74.4794057 ],[0.31325957 0.0820559 ]
8,0.008,[7.23268412e-05 3.26570779e-03],[0.01554172 0.69231277],[ 1.70206896 71.4109667 ],[0.31287815 0.07854504]
9,0.009000000000000001,[8.95706319e-05 4.02943152e-03],[0.01724379 0.76372373],[ 1.65499479 68.45685481],[0.31249896 0.07517327]
10,0.010000000000000002,[0.00010847 0.00486161],[0.01889879 0.83218059],[ 1.6096484  65.61287377],[0.31212193 0.07193548]
11,0.011000000000000003,[0.00012898 0.00575941],[0.02050843 0.89779346],[ 1.56596572 62.87498113],[0.31174696 0.06882672]
12,0.012000000000000004,[0.00015105 0.00672007],[0.0220744  0.96066844],[ 1.52388508 60.23928274],[0.31137399 0.06584223]
13,0.013000000000000005,[0.00017465 0.00774098],[0.02359828 1.02090772],[ 1.48334711 57.70202734],[0.31100293 0.06297743]
14,0.014000000000000005,[0.00019973 0.00881959],[0.02508163 1.07860975],[ 1.44429463 55.25960135],[0.31063372 0.06022791]
15,0.015000000000000006,[0.00022626 0.00995346],[0.02652593 1.13386935],[ 1.40667265 52.90852384],[0.31026628 0.05758941]
16,0.016000000000000007,[0.00025419 0.01114024],[0.0279326  1.18677788],[ 1.37042822 50.64544171],[0.30990055 0.05505783]
17,0.017000000000000008,[0.00028349 0.01237766],[0.02930303 1.23742332],[ 1.33551038 48.46712497],[0.30953646 0.05262924]
18,0.01800000000000001,[0.00031413 0.01366355],[0.03063854 1.28589044],[ 1.30187011 46.37046222],[0.30917394 0.05029982]
19,0.01900000000000001,[0.00034607 0.01499581],[0.03194041 1.33226091],[ 1.26946022 44.35245629],[0.30881295 0.04806591]
20,0.02000000000000001,[0.00037928 0.01637243],[0.03320987 1.37661336],[ 1.23823529 42.41022006],[0.30845341 0.04592398]
21,0.02100000000000001,[0.00041373 0.01779145],[0.0344481  1.41902358],[ 1.20815164 40.54097237],[0.30809528 0.04387064]
22,0.022000000000000013,[0.00044939 0.01925101],[0.03565625 1.45956456],[ 1.17916721 38.74203412],[0.3077385 0.0419026]
23,0.023000000000000013,[0.00048622 0.02074932],[0.03683542 1.49830659],[ 1.15124152 37.01082454],[0.30738302 0.04001671]
24,0.024000000000000014,[0.00052421 0.02228464],[0.03798666 1.53531741],[ 1.12433563 35.3448575 ],[0.30702879 0.03820993]
25,0.025000000000000015,[0.00056332 0.0238553 ],[0.039111   1.57066227],[ 1.09841207 33.74173807],[0.30667575 0.03647933]
26,0.026000000000000016,[0.00060353 0.02545971],[0.04020941 1.60440401],[ 1.07343474 32.19915914],[0.30632388 0.03482208]
27,0.027000000000000017,[0.00064481 0.02709631],[0.04128285 1.63660317],[ 1.04936892 30.71489815],[0.30597311 0.03323548]
28,0.028000000000000018,[0.00068714 0.02876363],[0.04233221 1.66731807],[ 1.0261812  29.28681401],[0.30562341 0.0317169 ]
29,0.02900000000000002,[0.0007305  0.03046023],[0.0433584  1.69660488],[ 1.00383938 27.91284406],[0.30527474 0.03026381]
30,0.03000000000000002,[0.00077487 0.03218475],[0.04436224 1.72451772],[ 0.98231251 26.5910012 ],[0.30492705 0.02887379]
31,0.03100000000000002,[0.00082021 0.03393586],[0.04534455 1.75110873],[ 0.96157075 25.31937109],[0.30458031 0.02754449]
32,0.03200000000000002,[0.00086652 0.03571229],[0.04630612 1.7764281 ],[ 0.9415854  24.09610948],[0.30423448 0.02627366]
33,0.03300000000000002,[0.00091376 0.03751281],[0.0472477  1.80052421],[ 0.92232881 22.9194396 ],[0.30388953 0.02505912]
34,0.03400000000000002,[0.00096193 0.03933625],[0.04817003 1.82344365],[ 0.90377438 21.78764972],[0.30354541 0.02389878]
35,0.035000000000000024,[0.00101101 0.04118148],[0.04907381 1.8452313 ],[ 0.88589646 20.69909071],[0.30320211 0.02279061]
36,0.036000000000000025,[0.00106097 0.04304742],[0.0499597  1.86593039],[ 0.86867037 19.65217374],[0.30285958 0.02173269]
37,0.037000000000000026,[0.0011118 0.044933 ],[0.05082837 1.88558256],[ 0.85207234 18.64536811],[0.3025178  0.02072312]
38,0.03800000000000003,[0.00116348 0.04683723],[0.05168045 1.90422793],[ 0.83607948 17.67719905],[0.30217673 0.01976012]
39,0.03900000000000003,[0.00121599 0.04875913],[0.05251653 1.92190513],[ 0.82066974 16.74624571],[0.30183635 0.01884193]
40,0.04000000000000003,[0.00126933 0.05069778],[0.0533372  1.93865137],[ 0.80582186 15.85113915],[0.30149664 0.01796689]
41,0.04100000000000003,[0.00132347 0.05265228],[0.05414302 1.95450251],[ 0.7915154  14.99056046],[0.30115756 0.01713338]
42,0.04200000000000003,[0.00137841 0.05462178],[0.05493453 1.96949307],[ 0.77773064 14.1632389 ],[0.30081908 0.01633985]
43,0.04300000000000003,[0.00143412 0.05660543],[0.05571226 1.98365631],[ 0.76444859 13.36795015],[0.30048119 0.0155848 ]
44,0.04400000000000003,[0.0014906  0.05860246],[0.05647671 1.99702426],[ 0.75165095 12.6035146 ],[0.30014386 0.01486678]
45,0.04500000000000003,[0.00154782 0.06061209],[0.05722836 2.00962778],[ 0.7393201  11.86879573],[0.29980707 0.01418441]
46,0.046000000000000034,[0.00160579 0.06263358],[0.05796768 2.02149657],[ 0.72743906 11.1626985 ],[0.2994708  0.01353634]
47,0.047000000000000035,[0.00166449 0.06466624],[0.05869512 2.03265927],[ 0.71599145 10.48416786],[0.29913502 0.0129213 ]
48,0.048000000000000036,[0.0017239  0.06670939],[0.05941111 2.04314344],[0.70496151 9.83218727],[0.29879972 0.01233802]
49,0.04900000000000004,[0.00178401 0.06876236],[0.06011608 2.05297563],[0.69433404 9.2057773 ],[0.29846487 0.01178533]
50,0.05000000000000004,[0.00184482 0.07082454],[0.06081041 2.0621814 ],[0.68409439 8.60399428],[0.29813046 0.01126205]
51,0.05100000000000004,[0.00190632 0.07289533],[0.0614945 2.0707854],[0.67422846 8.02592896],[0.29779647 0.01076709]
52,0.05200000000000004,[0.00196849 0.07497414],[0.06216873 2.07881133],[0.66472264 7.47070532],[0.29746288 0.01029937]
53,0.05300000000000004,[0.00203132 0.07706042],[0.06283345 2.08628203],[0.65556382 6.93747927],[0.29712968 0.00985786]
54,0.05400000000000004,[0.00209481 0.07915364],[0.06348902 2.09321951],[0.64673936 6.42543755],[0.29679684 0.00944156]
55,0.05500000000000004,[0.00215895 0.08125329],[0.06413576 2.09964495],[0.63823709 5.93379659],[0.29646436 0.00904953]
56,0.05600000000000004,[0.00222372 0.08335886],[0.064774   2.10557874],[0.63004527 5.46180141],[0.29613221 0.00868083]
57,0.057000000000000044,[0.00228912 0.08546991],[0.06540404 2.11104055],[0.62215258 5.0087246 ],[0.29580039 0.00833458]
58,0.058000000000000045,[0.00235515 0.08758595],[0.06602619 2.11604927],[0.61454811 4.57386528],[0.29546888 0.00800992]
59,0.059000000000000045,[0.00242179 0.08970658],[0.06664074 2.12062314],[0.60722137 4.15654819],[0.29513767 0.00770603]
60,0.060000000000000046,[0.00248904 0.09183136],[0.06724796 2.12477968],[0.6001622  3.75612269],[0.29480673 0.00742212]
61,0.06100000000000005,[0.00255689 0.09395989],[0.06784812 2.12853581],[0.59336084 3.37196191],[0.29447607 0.00715742]
62,0.06200000000000005,[0.00262533 0.0960918 ],[0.06844149 2.13190777],[0.58680787 3.00346188],[0.29414567 0.00691119]
63,0.06300000000000004,[0.00269436 0.09822671],[0.06902829 2.13491123],[0.58049422 2.65004068],[0.29381552 0.00668273]
64,0.06400000000000004,[0.00276397 0.10036427],[0.06960879 2.13756127],[0.57441114 2.31113762],[0.2934856  0.00647135]
65,0.06500000000000004,[0.00283415 0.10250415],[0.0701832  2.13987241],[0.56855018 1.98621253],[0.29315591 0.00627639]
66,0.06600000000000004,[0.0029049 0.104646 ],[0.07075175 2.14185862],[0.56290322 1.67474495],[0.29282643 0.00609722]
67,0.06700000000000005,[0.00297622 0.10678954],[0.07131465 2.14353337],[0.55746241 1.37623344],[0.29249716 0.00593322]
68,0.06800000000000005,[0.00304809 0.10893445],[0.07187211 2.1449096 ],[0.55222019 1.09019487],[0.29216809 0.00578381]
69,0.06900000000000005,[0.00312051 0.11108045],[0.07242433 2.14599979],[0.54716928 0.8161638 ],[0.2918392  0.00564843]
70,0.07000000000000005,[0.00319348 0.11322726],[0.0729715  2.14681596],[0.54230266 0.55369178],[0.29151049 0.00552652]
71,0.07100000000000005,[0.003267   0.11537463],[0.07351381 2.14736965],[0.53761354 0.30234675],[0.29118196 0.00541757]
72,0.07200000000000005,[0.00334105 0.1175223 ],[0.07405142 2.147672  ],[0.5330954  0.06171248],[0.29085358 0.00532105]
73,0.07300000000000005,[0.00341563 0.11967004],[0.07458452 2.14773371],[ 0.52874195 -0.16861208],[0.29052536 0.0052365 ]
74,0.07400000000000005,[0.00349075 0.1218176 ],[0.07511326 2.1475651 ],[ 0.52454711 -0.38901327],[0.29019728 0.00516343]
75,0.07500000000000005,[0.00356638 0.12396478],[0.0756378  2.14717608],[ 0.52050504 -0.59986331],[0.28986935 0.00510139]
76,0.07600000000000005,[0.00364254 0.12611136],[0.07615831 2.14657622],[ 0.5166101  -0.80152081],[0.28954154 0.00504996]
77,0.07700000000000005,[0.00371922 0.12825713],[0.07667492 2.1457747 ],[ 0.51285684 -0.99433123],[0.28921386 0.0050087 ]
78,0.07800000000000006,[0.00379641 0.13040191],[0.07718778 2.14478037],[ 0.50924003 -1.1786274 ],[0.28888631 0.00497722]
79,0.07900000000000006,[0.0038741  0.13254551],[0.07769702 2.14360174],[ 0.50575461 -1.35472994],[0.28855886 0.00495512]
80,0.08000000000000006,[0.00395231 0.13468776],[0.07820277 2.14224701],[ 0.50239572 -1.52294775],[0.28823152 0.00494204]
81,0.08100000000000006,[0.00403101 0.13682848],[0.07870517 2.14072406],[ 0.49915865 -1.68357839],[0.28790429 0.0049376 ]
82,0.08200000000000006,[0.00411021 0.13896752],[0.07920433 2.13904049],[ 0.49603887 -1.83690854],[0.28757714 0.00494147]
83,0.08300000000000006,[0.00418991 0.14110473],[0.07970036 2.13720358],[ 0.49303203 -1.98321434],[0.28725009 0.00495331]
84,0.08400000000000006,[0.00427011 0.14323995],[0.0801934  2.13522036],[ 0.49013392 -2.12276183],[0.28692313 0.00497279]
85,0.08500000000000006,[0.00435079 0.14537305],[0.08068353 2.1330976 ],[ 0.48734047 -2.25580728],[0.28659625 0.00499961]
86,0.08600000000000006,[0.00443196 0.14750389],[0.08117087 2.13084179],[ 0.48464778 -2.38259755],[0.28626944 0.00503346]
87,0.08700000000000006,[0.00451362 0.14963235],[0.08165552 2.1284592 ],[ 0.48205208 -2.50337046],[0.2859427  0.00507406]
88,0.08800000000000006,[0.00459576 0.1517583 ],[0.08213757 2.12595583],[ 0.47954973 -2.61835507],[0.28561603 0.00512114]
89,0.08900000000000007,[0.00467837 0.15388164],[0.08261712 2.12333747],[ 0.47713724 -2.72777206],[0.28528943 0.00517442]
90,0.09000000000000007,[0.00476147 0.15600225],[0.08309426 2.1206097 ],[ 0.47481123 -2.83183398],[0.28496288 0.00523365]
91,0.09100000000000007,[0.00484504 0.15812003],[0.08356907 2.11777786],[ 0.47256844 -2.93074559],[0.28463639 0.00529858]
92,0.09200000000000007,[0.00492908 0.16023487],[0.08404164 2.11484712],[ 0.47040573 -3.0247041 ],[0.28430995 0.00536898]
93,0.09300000000000007,[0.00501359 0.1623467 ],[0.08451204 2.11182241],[ 0.46832009 -3.11389947],[0.28398356 0.00544461]
94,0.09400000000000007,[0.00509857 0.16445541],[0.08498036 2.10870852],[ 0.4663086 -3.1985147],[0.28365721 0.00552525]
95,0.09500000000000007,[0.00518402 0.16656092],[0.08544667 2.10551   ],[ 0.46436844 -3.27872604],[0.2833309 0.0056107]
96,0.09600000000000007,[0.00526993 0.16866315],[0.08591104 2.10223127],[ 0.46249692 -3.35470323],[0.28300464 0.00570074]
97,0.09700000000000007,[0.0053563  0.17076202],[0.08637354 2.09887657],[ 0.46069142 -3.42660979],[0.28267841 0.00579518]
98,0.09800000000000007,[0.00544314 0.17285747],[0.08683423 2.09544996],[ 0.45894942 -3.4946032 ],[0.28235221 0.00589383]
99,0.09900000000000007,[0.00553043 0.17494943],[0.08729318 2.09195536],[ 0.45726851 -3.55883514],[0.28202604 0.00599651]
100,0.10000000000000007,[0.00561818 0.17703783],[0.08775045 2.08839652],[ 0.45564634 -3.61945172],[0.2816999  0.00610304]
101,0.10100000000000008,[0.00570639 0.1791226 ],[0.08820609 2.08477707],[ 0.45408067 -3.67659361],[0.28137378 0.00621326]
102,0.10200000000000008,[0.00579505 0.1812037 ],[0.08866017 2.08110048],[ 0.45256932 -3.73039634],[0.28104769 0.006327  ]
103,0.10300000000000008,[0.00588416 0.18328107],[0.08911274 2.07737008],[ 0.4511102  -3.78099041],[0.28072162 0.0064441 ]
104,0.10400000000000008,[0.00597372 0.18535466],[0.08956385 2.07358909],[ 0.4497013  -3.82850151],[0.28039556 0.00656442]
105,0.10500000000000008,[0.00606374 0.18742442],[0.09001355 2.06976059],[ 0.44834067 -3.87305068],[0.28006952 0.00668781]
106,0.10600000000000008,[0.0061542  0.18949031],[0.0904619  2.06588754],[ 0.44702645 -3.91475449],[0.2797435  0.00681412]
107,0.10700000000000008,[0.00624511 0.19155228],[0.09090892 2.06197278],[ 0.44575682 -3.95372521],[0.27941748 0.00694324]
108,0.10800000000000008,[0.00633646 0.1936103 ],[0.09135468 2.05801906],[ 0.44453006 -3.99007093],[0.27909148 0.00707502]
109,0.10900000000000008,[0.00642826 0.19566433],[0.09179921 2.05402899],[ 0.44334448 -4.02389576],[0.27876548 0.00720934]
110,0.11000000000000008,[0.0065205  0.19771434],[0.09224255 2.05000509],[ 0.44219847 -4.05529996],[0.2784395  0.00734608]
111,0.11100000000000008,[0.00661319 0.19976029],[0.09268475 2.04594979],[ 0.44109048 -4.08438004],[0.27811351 0.00748513]
112,0.11200000000000009,[0.00670631 0.20180215],[0.09312584 2.04186541],[ 0.44001901 -4.11122897],[0.27778753 0.00762638]
113,0.11300000000000009,[0.00679988 0.20383991],[0.09356586 2.03775418],[ 0.43898262 -4.13593626],[0.27746156 0.00776972]
114,0.11400000000000009,[0.00689388 0.20587352],[0.09400484 2.03361825],[ 0.43797991 -4.15858809],[0.27713558 0.00791505]
115,0.11500000000000009,[0.00698833 0.20790298],[0.09444282 2.02945966],[ 0.43700954 -4.17926745],[0.27680961 0.00806226]
116,0.11600000000000009,[0.00708321 0.20992826],[0.09487983 2.02528039],[ 0.43607023 -4.19805423],[0.27648363 0.00821127]
117,0.11700000000000009,[0.00717852 0.21194935],[0.0953159  2.02108234],[ 0.43516072 -4.21502537],[0.27615765 0.00836199]
118,0.11800000000000009,[0.00727427 0.21396621],[0.09575106 2.01686731],[ 0.43427983 -4.23025494],[0.27583166 0.00851432]
119,0.11900000000000009,[0.00737046 0.21597885],[0.09618534 2.01263706],[ 0.43342639 -4.24381424],[0.27550567 0.00866818]
120,0.12000000000000009,[0.00746708 0.21798724],[0.09661877 2.00839324],[ 0.43259929 -4.25577194],[0.27517968 0.0088235 ]
121,0.1210000000000001,[0.00756413 0.21999138],[0.09705137 2.00413747],[ 0.43179747 -4.26619413],[0.27485367 0.00898018]
122,0.1220000000000001,[0.00766161 0.22199125],[0.09748317 1.99987128],[ 0.43101989 -4.27514445],[0.27452766 0.00913817]
123,0.1230000000000001,[0.00775953 0.22398685],[0.09791419 1.99559613],[ 0.43026555 -4.28268414],[0.27420164 0.00929737]
124,0.1240000000000001,[0.00785787 0.22597816],[0.09834445 1.99131345],[ 0.4295335  -4.28887218],[0.27387561 0.00945774]
125,0.12500000000000008,[0.00795665 0.22796519],[0.09877399 1.98702458],[ 0.42882282 -4.29376533],[0.27354957 0.00961919]
126,0.12600000000000008,[0.00805585 0.22994792],[0.09920281 1.98273081],[ 0.42813262 -4.29741823],[0.27322352 0.00978167]
127,0.12700000000000009,[0.00815548 0.23192635],[0.09963094 1.97843339],[ 0.42746204 -4.29988348],[0.27289746 0.00994512]
128,0.12800000000000009,[0.00825554 0.23390048],[0.1000584  1.97413351],[ 0.42681025 -4.3012117 ],[0.27257139 0.01010947]
129,0.1290000000000001,[0.00835602 0.23587032],[0.10048521 1.9698323 ],[ 0.42617648 -4.30145162],[0.2722453  0.01027466]
130,0.1300000000000001,[0.00845693 0.23783585],[0.10091139 1.96553085],[ 0.42555994 -4.30065014],[0.2719192  0.01044065]
131,0.1310000000000001,[0.00855827 0.23979708],[0.10133695 1.9612302 ],[ 0.42495991 -4.29885239],[0.27159308 0.01060739]
132,0.1320000000000001,[0.00866003 0.24175401],[0.10176191 1.95693134],[ 0.42437567 -4.29610182],[0.27126695 0.01077481]
133,0.1330000000000001,[0.00876222 0.24370664],[0.10218629 1.95263524],[ 0.42380655 -4.29244022],[0.27094081 0.01094287]
134,0.1340000000000001,[0.00886483 0.24565499],[0.10261009 1.9483428 ],[ 0.42325188 -4.28790783],[0.27061465 0.01111153]
135,0.1350000000000001,[0.00896786 0.24759904],[0.10303334 1.94405489],[ 0.42271104 -4.28254337],[0.27028847 0.01128074]
136,0.1360000000000001,[0.00907132 0.24953881],[0.10345605 1.93977235],[ 0.42218342 -4.27638407],[0.26996228 0.01145045]
137,0.1370000000000001,[0.0091752  0.25147431],[0.10387824 1.93549597],[ 0.42166842 -4.2694658 ],[0.26963608 0.01162064]
138,0.1380000000000001,[0.0092795  0.25340554],[0.10429991 1.9312265 ],[ 0.42116548 -4.26182304],[0.26930985 0.01179125]
139,0.1390000000000001,[0.00938422 0.2553325 ],[0.10472107 1.92696468],[ 0.42067407 -4.25348897],[0.26898361 0.01196225]
140,0.1400000000000001,[0.00948936 0.25725521],[0.10514175 1.92271119],[ 0.42019365 -4.24449552],[0.26865735 0.0121336 ]
141,0.1410000000000001,[0.00959492 0.25917368],[0.10556194 1.91846669],[ 0.41972372 -4.23487341],[0.26833107 0.01230526]
142,0.1420000000000001,[0.0097009  0.26108791],[0.10598166 1.91423182],[ 0.41926381 -4.22465218],[0.26800478 0.01247722]
143,0.1430000000000001,[0.0098073  0.26299792],[0.10640093 1.91000717],[ 0.41881343 -4.21386025],[0.26767847 0.01264942]
144,0.1440000000000001,[0.00991412 0.26490371],[0.10681974 1.90579331],[ 0.41837215 -4.20252497],[0.26735214 0.01282184]
145,0.1450000000000001,[0.01002136 0.2668053 ],[0.10723811 1.90159078],[ 0.41793953 -4.19067263],[0.26702579 0.01299445]
146,0.1460000000000001,[0.01012902 0.2687027 ],[0.10765605 1.89740011],[ 0.41751515 -4.17832853],[0.26669942 0.01316723]
147,0.1470000000000001,[0.01023709 0.27059592],[0.10807357 1.89322178],[ 0.41709862 -4.165517  ],[0.26637304 0.01334014]
148,0.1480000000000001,[0.01034558 0.27248498],[0.10849067 1.88905626],[ 0.41668954 -4.15226142],[0.26604663 0.01351316]
149,0.1490000000000001,[0.01045449 0.27436988],[0.10890736 1.884904  ],[ 0.41628756 -4.1385843 ],[0.26572021 0.01368626]
150,0.1500000000000001,[0.01056381 0.27625065],[0.10932364 1.88076542],[ 0.41589231 -4.12450726],[0.26539377 0.01385942]
151,0.1510000000000001,[0.01067355 0.27812729],[0.10973954 1.87664091],[ 0.41550344 -4.11005112],[0.26506731 0.01403262]
152,0.1520000000000001,[0.01078371 0.27999982],[0.11015504 1.87253086],[ 0.41512063 -4.09523586],[0.26474083 0.01420583]
153,0.1530000000000001,[0.01089428 0.28186826],[0.11057016 1.86843562],[ 0.41474357 -4.08008072],[0.26441434 0.01437904]
154,0.1540000000000001,[0.01100526 0.28373261],[0.1109849  1.86435554],[ 0.41437194 -4.06460417],[0.26408782 0.01455221]
155,0.1550000000000001,[0.01111666 0.2855929 ],[0.11139928 1.86029094],[ 0.41400546 -4.04882399],[0.26376129 0.01472534]
156,0.1560000000000001,[0.01122848 0.28744915],[0.11181328 1.85624211],[ 0.41364383 -4.03275724],[0.26343474 0.01489841]
157,0.1570000000000001,[0.0113407  0.28930136],[0.11222692 1.85220936],[ 0.41328679 -4.01642035],[0.26310817 0.01507139]
158,0.1580000000000001,[0.01145334 0.29114955],[0.11264021 1.84819294],[ 0.41293408 -3.99982908],[0.26278158 0.01524427]
159,0.1590000000000001,[0.0115664  0.29299374],[0.11305315 1.84419311],[ 0.41258545 -3.9829986 ],[0.26245498 0.01541703]
160,0.16000000000000011,[0.01167986 0.29483395],[0.11346573 1.84021011],[ 0.41224065 -3.96594346],[0.26212835 0.01558966]
161,0.16100000000000012,[0.01179374 0.2966702 ],[0.11387797 1.83624417],[ 0.41189945 -3.94867767],[0.26180171 0.01576215]
162,0.16200000000000012,[0.01190803 0.29850249],[0.11428987 1.83229549],[ 0.41156163 -3.93121465],[0.26147505 0.01593447]
163,0.16300000000000012,[0.01202273 0.30033086],[0.11470143 1.82836427],[ 0.41122698 -3.91356732],[0.26114837 0.01610662]
164,0.16400000000000012,[0.01213784 0.30215531],[0.11511266 1.82445071],[ 0.41089528 -3.8957481 ],[0.26082168 0.01627858]
165,0.16500000000000012,[0.01225337 0.30397586],[0.11552355 1.82055496],[ 0.41056635 -3.87776888],[0.26049497 0.01645034]
166,0.16600000000000012,[0.0123693  0.30579254],[0.11593412 1.81667719],[ 0.41023998 -3.8596411 ],[0.26016824 0.01662189]
167,0.16700000000000012,[0.01248565 0.30760536],[0.11634436 1.81281755],[ 0.40991601 -3.84137575],[0.25984149 0.01679321]
168,0.16800000000000012,[0.0126024  0.30941433],[0.11675428 1.80897617],[ 0.40959425 -3.82298338],[0.25951473 0.0169643 ]
169,0.16900000000000012,[0.01271956 0.31121949],[0.11716387 1.80515319],[ 0.40927453 -3.80447409],[0.25918795 0.01713514]
170,0.17000000000000012,[0.01283714 0.31302083],[0.11757315 1.80134872],[ 0.40895669 -3.78585762],[0.25886115 0.01730573]
171,0.17100000000000012,[0.01295512 0.3148184 ],[0.1179821  1.79756286],[ 0.40864057 -3.76714328],[0.25853434 0.01747605]
172,0.17200000000000013,[0.01307351 0.31661219],[0.11839074 1.79379571],[ 0.40832604 -3.74834002],[0.25820751 0.0176461 ]
173,0.17300000000000013,[0.01319231 0.31840224],[0.11879907 1.79004737],[ 0.40801293 -3.72945642],[0.25788067 0.01781587]
174,0.17400000000000013,[0.01331152 0.32018856],[0.11920708 1.78631792],[ 0.40770112 -3.71050073],[0.25755381 0.01798535]
175,0.17500000000000013,[0.01343113 0.32197117],[0.11961478 1.78260742],[ 0.40739048 -3.69148083],[0.25722693 0.01815454]
176,0.17600000000000013,[0.01355115 0.32375008],[0.12002217 1.77891594],[ 0.40708087 -3.67240429],[0.25690004 0.01832342]
177,0.17700000000000013,[0.01367158 0.32552532],[0.12042925 1.77524353],[ 0.40677217 -3.6532784 ],[0.25657314 0.01849198]
178,0.17800000000000013,[0.01379242 0.32729691],[0.12083603 1.77159025],[ 0.40646428 -3.6341101 ],[0.25624622 0.01866023]
179,0.17900000000000013,[0.01391366 0.32906487],[0.12124249 1.76795614],[ 0.40615707 -3.61490607],[0.25591929 0.01882816]
180,0.18000000000000013,[0.01403531 0.33082921],[0.12164865 1.76434124],[ 0.40585043 -3.5956727 ],[0.25559234 0.01899575]
181,0.18100000000000013,[0.01415736 0.33258996],[0.1220545  1.76074556],[ 0.40554428 -3.57641613],[0.25526538 0.01916301]
182,0.18200000000000013,[0.01427982 0.33434713],[0.12246004 1.75716915],[ 0.4052385  -3.55714222],[0.25493841 0.01932993]
183,0.18300000000000013,[0.01440269 0.33610074],[0.12286528 1.75361201],[ 0.404933  -3.5378566],[0.25461142 0.0194965 ]
184,0.18400000000000014,[0.01452596 0.33785081],[0.12327021 1.75007415],[ 0.4046277  -3.51856464],[0.25428442 0.01966272]
185,0.18500000000000014,[0.01464963 0.33959737],[0.12367484 1.74655559],[ 0.4043225  -3.49927151],[0.25395741 0.01982858]
186,0.18600000000000014,[0.01477371 0.34134043],[0.12407916 1.74305631],[ 0.40401732 -3.47998213],[0.25363039 0.01999409]
187,0.18700000000000014,[0.0148982 0.34308  ],[0.12448318 1.73957633],[ 0.40371208 -3.46070123],[0.25330335 0.02015923]
188,0.18800000000000014,[0.01502308 0.34481612],[0.12488689 1.73611563],[ 0.40340671 -3.44143331],[0.2529763  0.02032401]
189,0.18900000000000014,[0.01514837 0.34654879],[0.1252903 1.7326742],[ 0.40310114 -3.4221827 ],[0.25264924 0.02048841]
190,0.19000000000000014,[0.01527407 0.34827804],[0.1256934  1.72925201],[ 0.40279528 -3.40295352],[0.25232217 0.02065244]
191,0.19100000000000014,[0.01540016 0.35000389],[0.1260962  1.72584906],[ 0.40248909 -3.38374972],[0.25199509 0.0208161 ]
192,0.19200000000000014,[0.01552666 0.35172636],[0.12649869 1.72246531],[ 0.40218248 -3.36457506],[0.251668   0.02097937]
193,0.19300000000000014,[0.01565356 0.35344546],[0.12690087 1.71910074],[ 0.40187541 -3.34543316],[0.2513409  0.02114226]
194,0.19400000000000014,[0.01578087 0.35516121],[0.12730274 1.7157553 ],[ 0.40156781 -3.32632744],[0.25101379 0.02130477]
195,0.19500000000000015,[0.01590857 0.35687364],[0.12770431 1.71242898],[ 0.40125963 -3.30726118],[0.25068667 0.02146689]
196,0.19600000000000015,[0.01603668 0.35858276],[0.12810557 1.70912171],[ 0.40095082 -3.28823752],[0.25035954 0.02162862]
197,0.19700000000000015,[0.01616518 0.3602886 ],[0.12850652 1.70583348],[ 0.40064132 -3.26925944],[0.25003241 0.02178996]
198,0.19800000000000015,[0.01629409 0.36199116],[0.12890716 1.70256422],[ 0.40033108 -3.25032979],[0.24970526 0.02195091]
199,0.19900000000000015,[0.0164234  0.36369048],[0.12930749 1.69931389],[ 0.40002006 -3.23145128],[0.24937811 0.02211146]
200,0.20000000000000015,[0.0165531  0.36538656],[0.12970751 1.69608244],[ 0.39970822 -3.21262649],[0.24905095 0.02227161]
201,0.20100000000000015,[0.01668321 0.36707943],[0.13010722 1.69286981],[ 0.39939552 -3.19385789],[0.24872378 0.02243137]
202,0.20200000000000015,[0.01681372 0.3687691 ],[0.13050662 1.68967595],[ 0.3990819 -3.1751478],[0.24839661 0.02259073]
203,0.20300000000000015,[0.01694462 0.3704556 ],[0.1309057 1.6865008],[ 0.39876734 -3.15649846],[0.24806943 0.02274969]
204,0.20400000000000015,[0.01707593 0.37213895],[0.13130447 1.68334431],[ 0.39845181 -3.13791197],[0.24774224 0.02290825]
205,0.20500000000000015,[0.01720763 0.37381916],[0.13170292 1.68020639],[ 0.39813525 -3.11939036],[0.24741504 0.0230664 ]
206,0.20600000000000016,[0.01733973 0.37549624],[0.13210106 1.677087  ],[ 0.39781765 -3.10093552],[0.24708785 0.02322416]
207,0.20700000000000016,[0.01747223 0.37717023],[0.13249887 1.67398607],[ 0.39749897 -3.08254926],[0.24676064 0.02338151]
208,0.20800000000000016,[0.01760513 0.37884113],[0.13289637 1.67090352],[ 0.39717919 -3.06423329],[0.24643343 0.02353846]
209,0.20900000000000016,[0.01773842 0.38050897],[0.13329355 1.66783929],[ 0.39685826 -3.04598924],[0.24610622 0.023695  ]
210,0.21000000000000016,[0.01787211 0.38217376],[0.13369041 1.6647933 ],[ 0.39653618 -3.02781865],[0.245779   0.02385114]
211,0.21100000000000016,[0.0180062  0.38383553],[0.13408695 1.66176548],[ 0.39621291 -3.00972296],[0.24545178 0.02400688]
212,0.21200000000000016,[0.01814068 0.38549429],[0.13448316 1.65875575],[ 0.39588842 -2.99170354],[0.24512456 0.02416221]
213,0.21300000000000016,[0.01827556 0.38715005],[0.13487905 1.65576405],[ 0.39556271 -2.97376169],[0.24479733 0.02431713]
214,0.21400000000000016,[0.01841084 0.38880284],[0.13527461 1.65279029],[ 0.39523574 -2.95589863],[0.24447011 0.02447165]
215,0.21500000000000016,[0.0185465  0.39045267],[0.13566985 1.64983439],[ 0.39490749 -2.9381155 ],[0.24414287 0.02462577]
216,0.21600000000000016,[0.01868257 0.39209957],[0.13606475 1.64689627],[ 0.39457795 -2.92041339],[0.24381564 0.02477948]
217,0.21700000000000016,[0.01881903 0.39374355],[0.13645933 1.64397586],[ 0.39424711 -2.9027933 ],[0.24348841 0.02493279]
218,0.21800000000000017,[0.01895588 0.39538462],[0.13685358 1.64107307],[ 0.39391493 -2.88525618],[0.24316117 0.02508569]
219,0.21900000000000017,[0.01909313 0.39702281],[0.13724749 1.63818781],[ 0.39358142 -2.86780293],[0.24283394 0.02523819]
220,0.22000000000000017,[0.01923077 0.39865813],[0.13764107 1.63532001],[ 0.39324654 -2.85043437],[0.2425067  0.02539029]
221,0.22100000000000017,[0.01936881 0.4002906 ],[0.13803432 1.63246957],[ 0.3929103  -2.83315126],[0.24217946 0.02554198]
222,0.22200000000000017,[0.01950723 0.40192023],[0.13842723 1.62963642],[ 0.39257268 -2.81595435],[0.24185223 0.02569327]
223,0.22300000000000017,[0.01964605 0.40354705],[0.1388198  1.62682047],[ 0.39223366 -2.79884428],[0.24152499 0.02584416]
224,0.22400000000000017,[0.01978526 0.40517108],[0.13921204 1.62402162],[ 0.39189323 -2.78182167],[0.24119776 0.02599465]
225,0.22500000000000017,[0.01992487 0.40679232],[0.13960393 1.6212398 ],[ 0.39155139 -2.7648871 ],[0.24087053 0.02614474]
226,0.22600000000000017,[0.02006486 0.40841079],[0.13999548 1.61847492],[ 0.39120813 -2.74804109],[0.2405433  0.02629443]
227,0.22700000000000017,[0.02020525 0.41002652],[0.14038669 1.61572687],[ 0.39086343 -2.73128412],[0.24021607 0.02644372]
228,0.22800000000000017,[0.02034603 0.41163951],[0.14077755 1.61299559],[ 0.3905173  -2.71461662],[0.23988884 0.02659262]
229,0.22900000000000018,[0.0204872  0.41324979],[0.14116807 1.61028097],[ 0.39016971 -2.69803899],[0.23956162 0.02674111]
230,0.23000000000000018,[0.02062875 0.41485738],[0.14155824 1.60758294],[ 0.38982067 -2.68155159],[0.2392344  0.02688921]
231,0.23100000000000018,[0.0207707  0.41646228],[0.14194806 1.60490138],[ 0.38947018 -2.66515473],[0.23890719 0.02703692]
232,0.23200000000000018,[0.02091304 0.41806451],[0.14233753 1.60223623],[ 0.38911822 -2.64884871],[0.23857998 0.02718423]
233,0.23300000000000018,[0.02105577 0.4196641 ],[0.14272665 1.59958738],[ 0.38876479 -2.63263376],[0.23825277 0.02733115]
234,0.23400000000000018,[0.02119888 0.42126106],[0.14311541 1.59695475],[ 0.38840988 -2.61651012],[0.23792557 0.02747767]
235,0.23500000000000018,[0.02134239 0.42285539],[0.14350382 1.59433824],[ 0.3880535  -2.60047795],[0.23759838 0.0276238 ]
236,0.23600000000000018,[0.02148628 0.42444713],[0.14389188 1.59173776],[ 0.38769565 -2.58453742],[0.23727119 0.02776955]
237,0.23700000000000018,[0.02163056 0.42603629],[0.14427957 1.58915322],[ 0.38733631 -2.56868865],[0.23694401 0.0279149 ]
238,0.23800000000000018,[0.02177522 0.42762287],[0.14466691 1.58658453],[ 0.38697548 -2.55293174],[0.23661683 0.02805987]
239,0.23900000000000018,[0.02192028 0.4292069 ],[0.14505388 1.5840316 ],[ 0.38661318 -2.53726676],[0.23628966 0.02820445]
240,0.24000000000000019,[0.02206572 0.4307884 ],[0.1454405  1.58149433],[ 0.38624938 -2.52169375],[0.2359625  0.02834865]
241,0.2410000000000002,[0.02221155 0.43236737],[0.14582675 1.57897264],[ 0.38588411 -2.50621275],[0.23563534 0.02849246]
242,0.2420000000000002,[0.02235776 0.43394384],[0.14621263 1.57646643],[ 0.38551734 -2.49082373],[0.2353082  0.02863589]
243,0.2430000000000002,[0.02250436 0.43551781],[0.14659815 1.5739756 ],[ 0.38514909 -2.47552669],[0.23498106 0.02877894]
244,0.2440000000000002,[0.02265134 0.43708931],[0.1469833  1.57150008],[ 0.38477936 -2.46032157],[0.23465393 0.0289216 ]
245,0.2450000000000002,[0.02279871 0.43865835],[0.14736808 1.56903976],[ 0.38440814 -2.4452083 ],[0.23432681 0.02906389]
246,0.2460000000000002,[0.02294646 0.44022495],[0.14775249 1.56659455],[ 0.38403543 -2.43018681],[0.2339997 0.0292058]
247,0.2470000000000002,[0.0230946  0.44178911],[0.14813652 1.56416436],[ 0.38366125 -2.41525698],[0.2336726  0.02934733]
248,0.2480000000000002,[0.02324312 0.44335086],[0.14852018 1.5617491 ],[ 0.38328559 -2.4004187 ],[0.23334551 0.02948849]
249,0.2490000000000002,[0.02339202 0.44491021],[0.14890347 1.55934868],[ 0.38290845 -2.38567182],[0.23301844 0.02962927]
250,0.25000000000000017,[0.02354131 0.44646717],[0.14928638 1.55696301],[ 0.38252984 -2.37101618],[0.23269137 0.02976969]
251,0.25100000000000017,[0.02369098 0.44802176],[0.14966891 1.554592  ],[ 0.38214976 -2.35645162],[0.23236431 0.02990973]
252,0.25200000000000017,[0.02384103 0.449574  ],[0.15005106 1.55223554],[ 0.38176821 -2.34197794],[0.23203727 0.0300494 ]
253,0.25300000000000017,[0.02399146 0.45112389],[0.15043282 1.54989357],[ 0.38138519 -2.32759495],[0.23171024 0.0301887 ]
254,0.25400000000000017,[0.02414227 0.45267146],[0.15081421 1.54756597],[ 0.38100072 -2.31330243],[0.23138322 0.03032763]
255,0.25500000000000017,[0.02429347 0.45421671],[0.15119521 1.54525267],[ 0.38061478 -2.29910016],[0.23105621 0.0304662 ]
256,0.25600000000000017,[0.02444504 0.45575966],[0.15157582 1.54295357],[ 0.3802274  -2.28498788],[0.23072922 0.03060441]
257,0.2570000000000002,[0.024597   0.45730033],[0.15195605 1.54066858],[ 0.37983857 -2.27096536],[0.23040224 0.03074225]
258,0.2580000000000002,[0.02474934 0.45883873],[0.15233589 1.53839762],[ 0.37944829 -2.25703233],[0.23007528 0.03087973]
259,0.2590000000000002,[0.02490205 0.46037487],[0.15271534 1.53614058],[ 0.37905657 -2.24318852],[0.22974833 0.03101685]
260,0.2600000000000002,[0.02505515 0.46190877],[0.1530944 1.5338974],[ 0.37866343 -2.22943363],[0.2294214  0.03115361]
261,0.2610000000000002,[0.02520862 0.46344044],[0.15347306 1.53166796],[ 0.37826885 -2.21576739],[0.22909448 0.03129002]
262,0.2620000000000002,[0.02536247 0.46496989],[0.15385133 1.52945219],[ 0.37787285 -2.20218948],[0.22876758 0.03142607]
263,0.2630000000000002,[0.0255167  0.46649714],[0.1542292 1.52725  ],[ 0.37747543 -2.1886996 ],[0.22844069 0.03156176]
264,0.2640000000000002,[0.02567131 0.4680222 ],[0.15460668 1.52506131],[ 0.3770766  -2.17529743],[0.22811382 0.0316971 ]
265,0.2650000000000002,[0.02582629 0.46954509],[0.15498375 1.52288601],[ 0.37667636 -2.16198263],[0.22778697 0.03183209]
266,0.2660000000000002,[0.02598165 0.47106581],[0.15536043 1.52072403],[ 0.37627472 -2.14875488],[0.22746013 0.03196673]
267,0.2670000000000002,[0.02613739 0.47258438],[0.1557367  1.51857527],[ 0.37587168 -2.13561384],[0.22713331 0.03210103]
268,0.2680000000000002,[0.0262935  0.47410082],[0.15611258 1.51643966],[ 0.37546726 -2.12255915],[0.22680651 0.03223497]
269,0.2690000000000002,[0.02644999 0.47561514],[0.15648804 1.5143171 ],[ 0.37506146 -2.10959047],[0.22647973 0.03236857]
270,0.2700000000000002,[0.02660685 0.47712735],[0.1568631  1.51220751],[ 0.37465427 -2.09670742],[0.22615297 0.03250182]
271,0.2710000000000002,[0.02676409 0.47863746],[0.15723776 1.5101108 ],[ 0.37424572 -2.08390966],[0.22582623 0.03263474]
272,0.2720000000000002,[0.0269217  0.48014549],[0.157612   1.50802689],[ 0.37383581 -2.0711968 ],[0.2254995  0.03276731]
273,0.2730000000000002,[0.02707969 0.48165144],[0.15798584 1.50595569],[ 0.37342454 -2.05856848],[0.2251728  0.03289954]
274,0.2740000000000002,[0.02723805 0.48315534],[0.15835926 1.50389712],[ 0.37301192 -2.0460243 ],[0.22484612 0.03303143]
275,0.2750000000000002,[0.02739678 0.48465719],[0.15873228 1.5018511 ],[ 0.37259796 -2.03356389],[0.22451945 0.03316298]
276,0.2760000000000002,[0.02755588 0.48615701],[0.15910487 1.49981754],[ 0.37218266 -2.02118686],[0.22419281 0.0332942 ]
277,0.2770000000000002,[0.02771536 0.4876548 ],[0.15947706 1.49779635],[ 0.37176603 -2.00889282],[0.22386619 0.03342509]
278,0.2780000000000002,[0.02787521 0.48915059],[0.15984882 1.49578746],[ 0.37134809 -1.99668137],[0.2235396  0.03355564]
279,0.2790000000000002,[0.02803543 0.49064438],[0.16022017 1.49379078],[ 0.37092882 -1.98455211],[0.22321302 0.03368586]
280,0.2800000000000002,[0.02819602 0.49213619],[0.1605911  1.49180622],[ 0.37050825 -1.97250464],[0.22288647 0.03381575]
281,0.2810000000000002,[0.02835698 0.49362602],[0.16096161 1.48983372],[ 0.37008638 -1.96053856],[0.22255994 0.03394531]
282,0.2820000000000002,[0.02851831 0.4951139 ],[0.16133169 1.48787318],[ 0.36966322 -1.94865346],[0.22223343 0.03407454]
283,0.2830000000000002,[0.02868002 0.49659982],[0.16170136 1.48592453],[ 0.36923877 -1.93684892],[0.22190695 0.03420345]
284,0.2840000000000002,[0.02884209 0.49808381],[0.1620706  1.48398768],[ 0.36881305 -1.92512454],[0.22158049 0.03433204]
285,0.2850000000000002,[0.02900453 0.49956587],[0.16243941 1.48206255],[ 0.36838605 -1.91347991],[0.22125406 0.0344603 ]
286,0.2860000000000002,[0.02916733 0.50104602],[0.1628078  1.48014907],[ 0.36795779 -1.9019146 ],[0.22092765 0.03458824]
287,0.2870000000000002,[0.02933051 0.50252427],[0.16317575 1.47824716],[ 0.36752828 -1.89042821],[0.22060127 0.03471585]
288,0.2880000000000002,[0.02949405 0.50400062],[0.16354328 1.47635673],[ 0.36709751 -1.87902031],[0.22027491 0.03484315]
289,0.2890000000000002,[0.02965796 0.5054751 ],[0.16391038 1.47447771],[ 0.36666551 -1.86769048],[0.21994858 0.03497014]
290,0.2900000000000002,[0.02982224 0.50694771],[0.16427704 1.47261002],[ 0.36623227 -1.8564383 ],[0.21962228 0.0350968 ]
291,0.2910000000000002,[0.02998688 0.50841846],[0.16464328 1.47075358],[ 0.36579781 -1.84526336],[0.219296   0.03522315]
292,0.2920000000000002,[0.03015189 0.50988737],[0.16500907 1.46890832],[ 0.36536214 -1.83416522],[0.21896975 0.03534919]
293,0.2930000000000002,[0.03031727 0.51135445],[0.16537444 1.46707415],[ 0.36492525 -1.82314347],[0.21864353 0.03547492]
294,0.2940000000000002,[0.03048301 0.5128197 ],[0.16573936 1.46525101],[ 0.36448716 -1.81219768],[0.21831733 0.03560033]
295,0.2950000000000002,[0.03064911 0.51428314],[0.16610385 1.46343881],[ 0.36404788 -1.80132742],[0.21799116 0.03572544]
296,0.2960000000000002,[0.03081558 0.51574477],[0.1664679  1.46163748],[ 0.36360741 -1.79053228],[0.21766503 0.03585024]
297,0.2970000000000002,[0.03098241 0.51720462],[0.1668315  1.45984695],[ 0.36316576 -1.77981183],[0.21733892 0.03597473]
298,0.2980000000000002,[0.0311496  0.51866269],[0.16719467 1.45806714],[ 0.36272294 -1.76916564],[0.21701284 0.03609891]
299,0.2990000000000002,[0.03131716 0.52011899],[0.16755739 1.45629797],[ 0.36227896 -1.75859328],[0.21668679 0.03622279]
300,0.3000000000000002,[0.03148508 0.52157353],[0.16791967 1.45453938],[ 0.36183382 -1.74809434],[0.21636077 0.03634637]
301,0.3010000000000002,[0.03165336 0.52302632],[0.16828151 1.45279129],[ 0.36138754 -1.73766839],[0.21603478 0.03646965]
302,0.3020000000000002,[0.031822   0.52447737],[0.16864289 1.45105362],[ 0.36094011 -1.72731501],[0.21570882 0.03659263]
303,0.3030000000000002,[0.03199101 0.5259267 ],[0.16900383 1.4493263 ],[ 0.36049156 -1.71703376],[0.2153829 0.0367153]
304,0.3040000000000002,[0.03216037 0.52737431],[0.16936433 1.44760927],[ 0.36004188 -1.70682424],[0.215057   0.03683768]
305,0.3050000000000002,[0.0323301  0.52882021],[0.16972437 1.44590245],[ 0.35959108 -1.69668601],[0.21473114 0.03695977]
306,0.3060000000000002,[0.03250018 0.53026441],[0.17008396 1.44420576],[ 0.35913918 -1.68661865],[0.21440531 0.03708156]
307,0.3070000000000002,[0.03267062 0.53170693],[0.1704431  1.44251914],[ 0.35868617 -1.67662175],[0.21407951 0.03720305]
308,0.3080000000000002,[0.03284143 0.53314778],[0.17080178 1.44084252],[ 0.35823207 -1.66669489],[0.21375375 0.03732425]
309,0.3090000000000002,[0.03301259 0.53458695],[0.17116002 1.43917582],[ 0.35777689 -1.65683763],[0.21342802 0.03744516]
310,0.3100000000000002,[0.0331841  0.53602447],[0.17151779 1.43751899],[ 0.35732063 -1.64704958],[0.21310232 0.03756579]
311,0.3110000000000002,[0.03335598 0.53746034],[0.17187511 1.43587194],[ 0.3568633 -1.6373303],[0.21277666 0.03768612]
312,0.3120000000000002,[0.03352821 0.53889458],[0.17223198 1.43423461],[ 0.3564049  -1.62767938],[0.21245103 0.03780616]
313,0.3130000000000002,[0.0337008  0.54032718],[0.17258838 1.43260693],[ 0.35594546 -1.61809641],[0.21212544 0.03792592]
314,0.3140000000000002,[0.03387374 0.54175817],[0.17294433 1.43098883],[ 0.35548497 -1.60858097],[0.21179988 0.03804539]
315,0.3150000000000002,[0.03404704 0.54318755],[0.17329981 1.42938025],[ 0.35502343 -1.59913266],[0.21147436 0.03816458]
316,0.3160000000000002,[0.0342207  0.54461533],[0.17365484 1.42778112],[ 0.35456087 -1.58975105],[0.21114887 0.03828349]
317,0.3170000000000002,[0.03439471 0.54604153],[0.1740094  1.42619137],[ 0.35409728 -1.58043574],[0.21082343 0.03840211]
318,0.3180000000000002,[0.03456907 0.54746614],[0.17436349 1.42461093],[ 0.35363268 -1.57118632],[0.21049801 0.03852045]
319,0.31900000000000023,[0.03474379 0.54888918],[0.17471713 1.42303974],[ 0.35316707 -1.56200239],[0.21017264 0.03863852]
320,0.32000000000000023,[0.03491886 0.55031065],[0.17507029 1.42147774],[ 0.35270046 -1.55288353],[0.2098473 0.0387563]
321,0.32100000000000023,[0.03509428 0.55173058],[0.17542299 1.41992486],[ 0.35223286 -1.54382934],[0.209522   0.03887381]
322,0.32200000000000023,[0.03527006 0.55314896],[0.17577523 1.41838103],[ 0.35176427 -1.53483942],[0.20919674 0.03899105]
323,0.32300000000000023,[0.03544618 0.55456581],[0.17612699 1.41684619],[ 0.3512947  -1.52591338],[0.20887152 0.039108  ]
324,0.32400000000000023,[0.03562266 0.55598113],[0.17647829 1.41532028],[ 0.35082416 -1.5170508 ],[0.20854634 0.03922469]
325,0.32500000000000023,[0.03579949 0.55739493],[0.17682911 1.41380322],[ 0.35035266 -1.50825129],[0.20822119 0.0393411 ]
326,0.32600000000000023,[0.03597667 0.55880723],[0.17717946 1.41229497],[ 0.34988021 -1.49951445],[0.20789609 0.03945724]
327,0.32700000000000023,[0.0361542  0.56021802],[0.17752934 1.41079546],[ 0.3494068 -1.4908399],[0.20757103 0.03957312]
328,0.32800000000000024,[0.03633208 0.56162733],[0.17787875 1.40930462],[ 0.34893246 -1.48222723],[0.207246   0.03968872]
329,0.32900000000000024,[0.03651031 0.56303515],[0.17822768 1.40782239],[ 0.34845718 -1.47367605],[0.20692102 0.03980405]
330,0.33000000000000024,[0.03668888 0.5644415 ],[0.17857614 1.40634872],[ 0.34798098 -1.46518599],[0.20659608 0.03991912]
331,0.33100000000000024,[0.03686781 0.56584638],[0.17892412 1.40488353],[ 0.34750386 -1.45675664],[0.20627118 0.04003392]
332,0.33200000000000024,[0.03704708 0.56724981],[0.17927162 1.40342677],[ 0.34702583 -1.44838762],[0.20594632 0.04014846]
333,0.33300000000000024,[0.0372267  0.56865179],[0.17961865 1.40197839],[ 0.34654689 -1.44007855],[0.20562151 0.04026274]
334,0.33400000000000024,[0.03740666 0.57005232],[0.1799652  1.40053831],[ 0.34606706 -1.43182904],[0.20529674 0.04037675]
335,0.33500000000000024,[0.03758697 0.57145143],[0.18031126 1.39910648],[ 0.34558634 -1.42363872],[0.20497201 0.0404905 ]
336,0.33600000000000024,[0.03776763 0.57284911],[0.18065685 1.39768284],[ 0.34510473 -1.41550721],[0.20464732 0.04060399]
337,0.33700000000000024,[0.03794863 0.57424538],[0.18100195 1.39626733],[ 0.34462225 -1.40743413],[0.20432268 0.04071722]
338,0.33800000000000024,[0.03812998 0.57564024],[0.18134658 1.3948599 ],[ 0.34413891 -1.3994191 ],[0.20399808 0.04083019]
339,0.33900000000000025,[0.03831167 0.5770337 ],[0.18169072 1.39346048],[ 0.3436547  -1.39146175],[0.20367353 0.0409429 ]
340,0.34000000000000025,[0.0384937  0.57842577],[0.18203437 1.39206902],[ 0.34316964 -1.38356171],[0.20334902 0.04105536]
341,0.34100000000000025,[0.03867608 0.57981646],[0.18237754 1.39068546],[ 0.34268374 -1.37571862],[0.20302456 0.04116757]
342,0.34200000000000025,[0.0388588  0.58120576],[0.18272022 1.38930974],[ 0.34219699 -1.3679321 ],[0.20270014 0.04127951]
343,0.34300000000000025,[0.03904186 0.58259371],[0.18306242 1.3879418 ],[ 0.34170941 -1.36020179],[0.20237577 0.04139121]
344,0.34400000000000025,[0.03922527 0.58398029],[0.18340413 1.3865816 ],[ 0.34122101 -1.35252732],[0.20205144 0.04150265]
345,0.34500000000000025,[0.03940901 0.58536552],[0.18374535 1.38522908],[ 0.34073179 -1.34490834],[0.20172716 0.04161385]
346,0.34600000000000025,[0.0395931 0.5867494],[0.18408608 1.38388417],[ 0.34024176 -1.33734448],[0.20140293 0.04172479]
347,0.34700000000000025,[0.03977753 0.58813195],[0.18442632 1.38254682],[ 0.33975092 -1.32983539],[0.20107874 0.04183548]
348,0.34800000000000025,[0.03996229 0.58951317],[0.18476608 1.38121699],[ 0.33925928 -1.32238072],[0.20075461 0.04194593]
349,0.34900000000000025,[0.0401474  0.59089306],[0.18510534 1.37989461],[ 0.33876686 -1.3149801 ],[0.20043052 0.04205612]
350,0.35000000000000026,[0.04033284 0.59227164],[0.1854441  1.37857963],[ 0.33827365 -1.30763319],[0.20010648 0.04216607]
351,0.35100000000000026,[0.04051862 0.59364891],[0.18578238 1.37727199],[ 0.33777966 -1.30033963],[0.19978249 0.04227578]
352,0.35200000000000026,[0.04070474 0.59502488],[0.18612016 1.37597165],[ 0.33728491 -1.29309909],[0.19945854 0.04238524]
353,0.35300000000000026,[0.0408912  0.59639956],[0.18645744 1.37467855],[ 0.33678938 -1.2859112 ],[0.19913465 0.04249446]
354,0.35400000000000026,[0.041078   0.59777295],[0.18679423 1.37339264],[ 0.33629311 -1.27877564],[0.19881081 0.04260343]
355,0.35500000000000026,[0.04126513 0.59914507],[0.18713052 1.37211387],[ 0.33579608 -1.27169206],[0.19848702 0.04271217]
356,0.35600000000000026,[0.04145259 0.60051591],[0.18746632 1.37084218],[ 0.3352983  -1.26466012],[0.19816327 0.04282066]
357,0.35700000000000026,[0.04164039 0.60188549],[0.18780162 1.36957752],[ 0.33479979 -1.25767948],[0.19783958 0.04292891]
358,0.35800000000000026,[0.04182853 0.60325381],[0.18813642 1.36831984],[ 0.33430055 -1.2507498 ],[0.19751594 0.04303693]
359,0.35900000000000026,[0.042017   0.60462088],[0.18847072 1.36706909],[ 0.33380059 -1.24387076],[0.19719235 0.0431447 ]
360,0.36000000000000026,[0.04220581 0.6059867 ],[0.18880452 1.36582522],[ 0.33329991 -1.23704201],[0.19686882 0.04325224]
361,0.36100000000000027,[0.04239494 0.60735129],[0.18913782 1.36458817],[ 0.33279851 -1.23026324],[0.19654533 0.04335954]
362,0.36200000000000027,[0.04258441 0.60871465],[0.18947062 1.36335791],[ 0.33229641 -1.2235341 ],[0.1962219  0.04346661]
363,0.36300000000000027,[0.04277422 0.61007678],[0.18980291 1.36213438],[ 0.33179362 -1.21685429],[0.19589852 0.04357344]
364,0.36400000000000027,[0.04296435 0.6114377 ],[0.19013471 1.36091752],[ 0.33129013 -1.21022346],[0.19557519 0.04368004]
365,0.36500000000000027,[0.04315482 0.61279741],[0.190466  1.3597073],[ 0.33078595 -1.20364131],[0.19525192 0.04378641]
366,0.36600000000000027,[0.04334561 0.61415591],[0.19079678 1.35850366],[ 0.3302811  -1.19710751],[0.19492871 0.04389254]
367,0.36700000000000027,[0.04353674 0.61551322],[0.19112706 1.35730655],[ 0.32977557 -1.19062174],[0.19460554 0.04399845]
368,0.36800000000000027,[0.0437282  0.61686933],[0.19145684 1.35611593],[ 0.32926937 -1.18418369],[0.19428243 0.04410412]
369,0.36900000000000027,[0.04391998 0.61822427],[0.19178611 1.35493174],[ 0.32876252 -1.17779303],[0.19395938 0.04420956]
370,0.3700000000000003,[0.0441121  0.61957802],[0.19211487 1.35375395],[ 0.32825501 -1.17144947],[0.19363638 0.04431478]
371,0.3710000000000003,[0.04430454 0.6209306 ],[0.19244313 1.3525825 ],[ 0.32774685 -1.16515269],[0.19331344 0.04441977]
372,0.3720000000000003,[0.04449731 0.62228202],[0.19277087 1.35141735],[ 0.32723805 -1.15890238],[0.19299055 0.04452453]
373,0.3730000000000003,[0.04469041 0.62363228],[0.19309811 1.35025845],[ 0.32672861 -1.15269824],[0.19266772 0.04462906]
374,0.3740000000000003,[0.04488384 0.62498138],[0.19342484 1.34910575],[ 0.32621854 -1.14653995],[0.19234495 0.04473337]
375,0.3750000000000003,[0.04507759 0.62632934],[0.19375106 1.34795921],[ 0.32570785 -1.14042722],[0.19202224 0.04483745]
376,0.3760000000000003,[0.04527166 0.62767616],[0.19407677 1.34681878],[ 0.32519654 -1.13435975],[0.19169958 0.04494131]
377,0.3770000000000003,[0.04546607 0.62902185],[0.19440196 1.34568442],[ 0.32468461 -1.12833724],[0.19137698 0.04504495]
378,0.3780000000000003,[0.04566079 0.6303664 ],[0.19472665 1.34455608],[ 0.32417209 -1.12235939],[0.19105444 0.04514837]
379,0.3790000000000003,[0.04585584 0.63170984],[0.19505082 1.34343373],[ 0.32365895 -1.11642591],[0.19073195 0.04525156]
380,0.3800000000000003,[0.04605122 0.63305215],[0.19537448 1.3423173 ],[ 0.32314523 -1.1105365 ],[0.19040953 0.04535453]
381,0.3810000000000003,[0.04624692 0.63439336],[0.19569762 1.34120676],[ 0.32263092 -1.10469087],[0.19008716 0.04545729]
382,0.3820000000000003,[0.04644294 0.63573346],[0.19602025 1.34010207],[ 0.32211602 -1.09888873],[0.18976486 0.04555982]
383,0.3830000000000003,[0.04663928 0.63707246],[0.19634237 1.33900318],[ 0.32160054 -1.09312979],[0.18944261 0.04566214]
384,0.3840000000000003,[0.04683594 0.63841037],[0.19666397 1.33791005],[ 0.3210845  -1.08741378],[0.18912043 0.04576424]
385,0.3850000000000003,[0.04703293 0.6397472 ],[0.19698506 1.33682264],[ 0.32056789 -1.0817404 ],[0.1887983  0.04586612]
386,0.3860000000000003,[0.04723023 0.64108294],[0.19730562 1.3357409 ],[ 0.32005071 -1.07610937],[0.18847624 0.04596778]
387,0.3870000000000003,[0.04742786 0.6424176 ],[0.19762567 1.33466479],[ 0.31953299 -1.07052042],[0.18815424 0.04606923]
388,0.3880000000000003,[0.0476258 0.6437512],[0.19794521 1.33359427],[ 0.31901471 -1.06497326],[0.1878323  0.04617047]
389,0.3890000000000003,[0.04782407 0.64508373],[0.19826422 1.3325293 ],[ 0.31849589 -1.05946761],[0.18751042 0.04627149]
390,0.3900000000000003,[0.04802265 0.6464152 ],[0.19858272 1.33146983],[ 0.31797653 -1.05400321],[0.1871886 0.0463723]
391,0.3910000000000003,[0.04822155 0.64774561],[0.19890069 1.33041583],[ 0.31745664 -1.04857978],[0.18686685 0.04647289]
392,0.3920000000000003,[0.04842077 0.64907498],[0.19921815 1.32936725],[ 0.31693623 -1.04319704],[0.18654516 0.04657328]
393,0.3930000000000003,[0.0486203 0.6504033],[0.19953509 1.32832405],[ 0.31641529 -1.03785474],[0.18622353 0.04667345]
394,0.3940000000000003,[0.04882016 0.65173059],[0.1998515  1.32728619],[ 0.31589383 -1.03255259],[0.18590197 0.04677341]
395,0.3950000000000003,[0.04902032 0.65305684],[0.2001674  1.32625364],[ 0.31537187 -1.02729034],[0.18558047 0.04687316]
396,0.3960000000000003,[0.04922081 0.65438207],[0.20048277 1.32522635],[ 0.3148494  -1.02206772],[0.18525903 0.04697271]
397,0.3970000000000003,[0.0494216  0.65570627],[0.20079762 1.32420428],[ 0.31432643 -1.01688447],[0.18493766 0.04707204]
398,0.3980000000000003,[0.04962272 0.65702946],[0.20111194 1.3231874 ],[ 0.31380296 -1.01174032],[0.18461636 0.04717117]
399,0.3990000000000003,[0.04982414 0.65835164],[0.20142575 1.32217566],[ 0.31327901 -1.00663502],[0.18429512 0.04727009]
400,0.4000000000000003,[0.05002588 0.65967281],[0.20173903 1.32116902],[ 0.31275457 -1.00156832],[0.18397394 0.0473688 ]
401,0.4010000000000003,[0.05022793 0.66099297],[0.20205178 1.32016745],[ 0.31222965 -0.99653994],[0.18365284 0.04746731]
402,0.4020000000000003,[0.0504303  0.66231214],[0.20236401 1.31917091],[ 0.31170426 -0.99154965],[0.1833318  0.04756561]
403,0.4030000000000003,[0.05063297 0.66363032],[0.20267571 1.31817937],[ 0.3111784  -0.98659718],[0.18301082 0.04766371]
404,0.4040000000000003,[0.05083596 0.66494752],[0.20298689 1.31719277],[ 0.31065208 -0.9816823 ],[0.18268991 0.0477616 ]
405,0.4050000000000003,[0.05103926 0.66626373],[0.20329754 1.31621109],[ 0.31012529 -0.97680474],[0.18236907 0.0478593 ]
406,0.4060000000000003,[0.05124286 0.66757896],[0.20360767 1.31523428],[ 0.30959806 -0.97196426],[0.1820483  0.04795678]
407,0.4070000000000003,[0.05144678 0.66889322],[0.20391727 1.31426232],[ 0.30907038 -0.96716062],[0.1817276  0.04805407]
408,0.4080000000000003,[0.05165101 0.67020652],[0.20422634 1.31329516],[ 0.30854225 -0.96239356],[0.18140696 0.04815116]
409,0.4090000000000003,[0.05185554 0.67151885],[0.20453488 1.31233276],[ 0.30801368 -0.95766286],[0.18108639 0.04824804]
410,0.4100000000000003,[0.05206039 0.67283023],[0.20484289 1.3113751 ],[ 0.30748469 -0.95296827],[0.1807659  0.04834473]
411,0.4110000000000003,[0.05226554 0.67414065],[0.20515038 1.31042213],[ 0.30695526 -0.94830954],[0.18044547 0.04844121]
412,0.4120000000000003,[0.05247099 0.67545012],[0.20545733 1.30947382],[ 0.30642541 -0.94368645],[0.18012511 0.0485375 ]
413,0.4130000000000003,[0.05267676 0.67675865],[0.20576376 1.30853014],[ 0.30589514 -0.93909875],[0.17980482 0.04863359]
414,0.4140000000000003,[0.05288283 0.67806624],[0.20606965 1.30759104],[ 0.30536446 -0.93454621],[0.1794846  0.04872948]
415,0.4150000000000003,[0.0530892 0.6793729],[0.20637502 1.30665649],[ 0.30483337 -0.9300286 ],[0.17916446 0.04882517]
416,0.4160000000000003,[0.05329588 0.68067863],[0.20667985 1.30572646],[ 0.30430187 -0.92554568],[0.17884438 0.04892067]
417,0.4170000000000003,[0.05350287 0.68198343],[0.20698415 1.30480092],[ 0.30376997 -0.92109723],[0.17852437 0.04901597]
418,0.4180000000000003,[0.05371015 0.68328731],[0.20728792 1.30387982],[ 0.30323768 -0.91668302],[0.17820444 0.04911107]
419,0.4190000000000003,[0.05391775 0.68459027],[0.20759116 1.30296314],[ 0.30270501 -0.91230283],[0.17788458 0.04920598]
420,0.4200000000000003,[0.05412564 0.68589232],[0.20789387 1.30205083],[ 0.30217194 -0.90795641],[0.17756479 0.0493007 ]
421,0.4210000000000003,[0.05433384 0.68719346],[0.20819604 1.30114288],[ 0.3016385  -0.90364357],[0.17724508 0.04939522]
422,0.4220000000000003,[0.05454233 0.6884937 ],[0.20849768 1.30023923],[ 0.30110467 -0.89936406],[0.17692544 0.04948955]
423,0.4230000000000003,[0.05475113 0.68979304],[0.20879878 1.29933987],[ 0.30057048 -0.89511767],[0.17660587 0.04958369]
424,0.4240000000000003,[0.05496023 0.69109149],[0.20909935 1.29844475],[ 0.30003592 -0.89090418],[0.17628637 0.04967764]
425,0.4250000000000003,[0.05516963 0.69238904],[0.20939939 1.29755385],[ 0.299501   -0.88672338],[0.17596695 0.04977139]
426,0.4260000000000003,[0.05537933 0.69368571],[0.20969889 1.29666712],[ 0.29896572 -0.88257504],[0.1756476  0.04986495]
427,0.4270000000000003,[0.05558933 0.69498149],[0.20999786 1.29578455],[ 0.29843009 -0.87845896],[0.17532833 0.04995832]
428,0.4280000000000003,[0.05579962 0.6962764 ],[0.21029629 1.29490609],[ 0.29789411 -0.87437491],[0.17500914 0.05005151]
429,0.4290000000000003,[0.05601022 0.69757043],[0.21059418 1.29403172],[ 0.29735778 -0.8703227 ],[0.17469002 0.0501445 ]
430,0.4300000000000003,[0.05622111 0.69886359],[0.21089154 1.29316139],[ 0.29682112 -0.86630209],[0.17437097 0.0502373 ]
431,0.4310000000000003,[0.0564323  0.70015589],[0.21118836 1.29229509],[ 0.29628412 -0.8623129 ],[0.174052   0.05032992]
432,0.43200000000000033,[0.05664378 0.70144732],[0.21148464 1.29143278],[ 0.29574679 -0.85835491],[0.17373311 0.05042235]
433,0.43300000000000033,[0.05685556 0.7027379 ],[0.21178039 1.29057442],[ 0.29520913 -0.85442791],[0.17341429 0.05051459]
434,0.43400000000000033,[0.05706764 0.70402762],[0.2120756  1.28971999],[ 0.29467115 -0.8505317 ],[0.17309555 0.05060665]
435,0.43500000000000033,[0.05728001 0.70531649],[0.21237027 1.28886946],[ 0.29413285 -0.84666608],[0.17277689 0.05069851]
436,0.43600000000000033,[0.05749267 0.70660451],[0.2126644 1.2880228],[ 0.29359424 -0.84283084],[0.17245831 0.0507902 ]
437,0.43700000000000033,[0.05770563 0.70789169],[0.212958   1.28717997],[ 0.29305531 -0.83902578],[0.1721398  0.05088169]
438,0.43800000000000033,[0.05791888 0.70917803],[0.21325105 1.28634094],[ 0.29251609 -0.83525071],[0.17182137 0.05097301]
439,0.43900000000000033,[0.05813243 0.71046353],[0.21354357 1.28550569],[ 0.29197656 -0.83150542],[0.17150303 0.05106413]
440,0.44000000000000034,[0.05834626 0.71174821],[0.21383554 1.28467418],[ 0.29143674 -0.82778972],[0.17118476 0.05115508]
441,0.44100000000000034,[0.05856039 0.71303206],[0.21412698 1.28384639],[ 0.29089662 -0.82410342],[0.17086657 0.05124584]
442,0.44200000000000034,[0.05877481 0.71431508],[0.21441788 1.28302229],[ 0.29035621 -0.82044632],[0.17054846 0.05133642]
443,0.44300000000000034,[0.05898951 0.71559728],[0.21470823 1.28220184],[ 0.28981552 -0.81681823],[0.17023043 0.05142682]
444,0.44400000000000034,[0.05920451 0.71687866],[0.21499805 1.28138503],[ 0.28927455 -0.81321895],[0.16991248 0.05151703]
445,0.44500000000000034,[0.0594198  0.71815924],[0.21528732 1.28057181],[ 0.2887333 -0.8096483],[0.16959461 0.05160706]
446,0.44600000000000034,[0.05963538 0.719439  ],[0.21557606 1.27976216],[ 0.28819178 -0.80610609],[0.16927682 0.05169691]
447,0.44700000000000034,[0.05985124 0.72071795],[0.21586425 1.27895605],[ 0.28765    -0.80259213],[0.16895911 0.05178659]
448,0.44800000000000034,[0.06006739 0.72199611],[0.2161519  1.27815346],[ 0.28710794 -0.79910624],[0.16864149 0.05187608]
449,0.44900000000000034,[0.06028383 0.72327346],[0.21643901 1.27735435],[ 0.28656563 -0.79564823],[0.16832394 0.05196539]
450,0.45000000000000034,[0.06050056 0.72455002],[0.21672557 1.27655871],[ 0.28602306 -0.79221791],[0.16800648 0.05205452]
451,0.45100000000000035,[0.06071757 0.72582579],[0.2170116  1.27576649],[ 0.28548024 -0.78881511],[0.1676891  0.05214348]
452,0.45200000000000035,[0.06093486 0.72710077],[0.21729708 1.27497767],[ 0.28493717 -0.78543964],[0.16737181 0.05223225]
453,0.45300000000000035,[0.06115245 0.72837496],[0.21758201 1.27419223],[ 0.28439386 -0.78209132],[0.1670546  0.05232085]
454,0.45400000000000035,[0.06137031 0.72964837],[0.21786641 1.27341014],[ 0.2838503  -0.77876998],[0.16673747 0.05240927]
455,0.45500000000000035,[0.06158846 0.730921  ],[0.21815026 1.27263137],[ 0.28330651 -0.77547544],[0.16642042 0.05249751]
456,0.45600000000000035,[0.0618069  0.73219285],[0.21843356 1.2718559 ],[ 0.28276249 -0.77220752],[0.16610346 0.05258558]
457,0.45700000000000035,[0.06202561 0.73346394],[0.21871633 1.27108369],[ 0.28221823 -0.76896604],[0.16578659 0.05267347]
458,0.45800000000000035,[0.06224461 0.73473425],[0.21899855 1.27031472],[ 0.28167375 -0.76575084],[0.1654698  0.05276119]
459,0.45900000000000035,[0.06246389 0.7360038 ],[0.21928022 1.26954897],[ 0.28112905 -0.76256174],[0.16515309 0.05284873]
460,0.46000000000000035,[0.06268345 0.73727259],[0.21956135 1.26878641],[ 0.28058413 -0.75939857],[0.16483647 0.05293609]
461,0.46100000000000035,[0.0629033  0.73854062],[0.21984193 1.26802701],[ 0.280039   -0.75626116],[0.16451994 0.05302328]
462,0.46200000000000035,[0.06312342 0.73980789],[0.22012197 1.26727075],[ 0.27949365 -0.75314934],[0.16420349 0.0531103 ]
463,0.46300000000000036,[0.06334382 0.7410744 ],[0.22040146 1.2665176 ],[ 0.2789481  -0.75006294],[0.16388713 0.05319714]
464,0.46400000000000036,[0.0635645  0.74234017],[0.22068041 1.26576754],[ 0.27840235 -0.7470018 ],[0.16357085 0.05328381]
465,0.46500000000000036,[0.06378546 0.74360519],[0.22095882 1.26502054],[ 0.27785639 -0.74396575],[0.16325466 0.05337031]
466,0.46600000000000036,[0.06400669 0.74486947],[0.22123667 1.26427657],[ 0.27731024 -0.74095463],[0.16293856 0.05345663]
467,0.46700000000000036,[0.06422821 0.746133  ],[0.22151398 1.26353562],[ 0.2767639  -0.73796826],[0.16262255 0.05354279]
468,0.46800000000000036,[0.06445   0.7473958],[0.22179075 1.26279765],[ 0.27621737 -0.7350065 ],[0.16230663 0.05362877]
469,0.46900000000000036,[0.06467207 0.74865786],[0.22206696 1.26206264],[ 0.27567065 -0.73206918],[0.16199079 0.05371458]
470,0.47000000000000036,[0.06489441 0.7499192 ],[0.22234263 1.26133057],[ 0.27512375 -0.72915614],[0.16167504 0.05380021]
471,0.47100000000000036,[0.06511703 0.7511798 ],[0.22261776 1.26060142],[ 0.27457667 -0.72626722],[0.16135938 0.05388568]
472,0.47200000000000036,[0.06533992 0.75243967],[0.22289233 1.25987515],[ 0.27402942 -0.72340226],[0.16104382 0.05397098]
473,0.47300000000000036,[0.06556309 0.75369882],[0.22316636 1.25915175],[ 0.273482   -0.72056111],[0.16072834 0.05405611]
474,0.47400000000000037,[0.06578653 0.75495725],[0.22343985 1.25843119],[ 0.27293441 -0.71774361],[0.16041295 0.05414107]
475,0.47500000000000037,[0.06601024 0.75621497],[0.22371278 1.25771344],[ 0.27238665 -0.71494961],[0.16009765 0.05422586]
476,0.47600000000000037,[0.06623422 0.75747197],[0.22398517 1.25699849],[ 0.27183873 -0.71217895],[0.15978244 0.05431048]
477,0.47700000000000037,[0.06645848 0.75872825],[0.22425701 1.25628631],[ 0.27129066 -0.70943149],[0.15946732 0.05439493]
478,0.47800000000000037,[0.06668301 0.75998383],[0.2245283  1.25557688],[ 0.27074243 -0.70670706],[0.1591523  0.05447922]
479,0.47900000000000037,[0.06690781 0.7612387 ],[0.22479904 1.25487018],[ 0.27019405 -0.70400552],[0.15883736 0.05456333]
480,0.48000000000000037,[0.06713288 0.76249287],[0.22506923 1.25416617],[ 0.26964552 -0.70132673],[0.15852252 0.05464728]
481,0.48100000000000037,[0.06735822 0.76374633],[0.22533888 1.25346484],[ 0.26909685 -0.69867052],[0.15820777 0.05473107]
482,0.4820000000000004,[0.06758382 0.7649991 ],[0.22560797 1.25276617],[ 0.26854804 -0.69603677],[0.15789311 0.05481468]
483,0.4830000000000004,[0.0678097  0.76625117],[0.22587652 1.25207014],[ 0.26799909 -0.69342531],[0.15757855 0.05489813]
484,0.4840000000000004,[0.06803584 0.76750254],[0.22614452 1.25137671],[ 0.26745  -0.690836],[0.15726407 0.05498142]
485,0.4850000000000004,[0.06826226 0.76875323],[0.22641197 1.25068587],[ 0.26690078 -0.68826871],[0.1569497  0.05506454]
486,0.4860000000000004,[0.06848894 0.77000323],[0.22667887 1.24999761],[ 0.26635144 -0.68572328],[0.15663541 0.05514749]
487,0.4870000000000004,[0.06871588 0.77125254],[0.22694522 1.24931188],[ 0.26580197 -0.68319958],[0.15632122 0.05523028]
488,0.4880000000000004,[0.06894309 0.77250117],[0.22721103 1.24862868],[ 0.26525238 -0.68069746],[0.15600713 0.0553129 ]
489,0.4890000000000004,[0.06917057 0.77374912],[0.22747628 1.24794799],[ 0.26470267 -0.67821679],[0.15569312 0.05539536]
490,0.4900000000000004,[0.06939831 0.77499639],[0.22774098 1.24726977],[ 0.26415284 -0.67575741],[0.15537922 0.05547766]
491,0.4910000000000004,[0.06962631 0.77624298],[0.22800513 1.24659401],[ 0.26360291 -0.67331921],[0.15506541 0.05555979]
492,0.4920000000000004,[0.06985458 0.7774889 ],[0.22826874 1.24592069],[ 0.26305286 -0.67090204],[0.15475169 0.05564176]
493,0.4930000000000004,[0.07008311 0.77873415],[0.22853179 1.24524979],[ 0.26250271 -0.66850575],[0.15443807 0.05572357]
494,0.4940000000000004,[0.07031191 0.77997873],[0.22879429 1.24458128],[ 0.26195245 -0.66613023],[0.15412455 0.05580521]
495,0.4950000000000004,[0.07054097 0.78122265],[0.22905624 1.24391515],[ 0.2614021  -0.66377533],[0.15381112 0.05588669]
496,0.4960000000000004,[0.07077028 0.7824659 ],[0.22931765 1.24325138],[ 0.26085165 -0.66144092],[0.15349779 0.05596801]
497,0.4970000000000004,[0.07099986 0.78370849],[0.2295785  1.24258994],[ 0.2603011  -0.65912686],[0.15318456 0.05604917]
498,0.4980000000000004,[0.0712297  0.78495042],[0.2298388  1.24193081],[ 0.25975046 -0.65683303],[0.15287143 0.05613017]
499,0.4990000000000004,[0.0714598  0.78619169],[0.23009855 1.24127398],[ 0.25919974 -0.65455929],[0.15255839 0.056211  ]
500,0.5000000000000003,[0.07169016 0.78743231],[0.23035775 1.24061942],[ 0.25864893 -0.65230552],[0.15224545 0.05629168]
501,0.5010000000000003,[0.07192077 0.78867228],[0.2306164  1.23996711],[ 0.25809804 -0.65007159],[0.15193261 0.05637219]
502,0.5020000000000003,[0.07215165 0.7899116 ],[0.2308745  1.23931704],[ 0.25754707 -0.64785736],[0.15161987 0.05645255]
503,0.5030000000000003,[0.07238278 0.79115027],[0.23113204 1.23866918],[ 0.25699603 -0.64566271],[0.15130723 0.05653274]
504,0.5040000000000003,[0.07261417 0.79238829],[0.23138904 1.23802352],[ 0.25644491 -0.64348752],[0.15099468 0.05661278]
505,0.5050000000000003,[0.07284581 0.79362567],[0.23164548 1.23738003],[ 0.25589372 -0.64133166],[0.15068224 0.05669265]
506,0.5060000000000003,[0.07307772 0.79486241],[0.23190138 1.2367387 ],[ 0.25534246 -0.639195  ],[0.1503699  0.05677237]
507,0.5070000000000003,[0.07330987 0.79609851],[0.23215672 1.23609951],[ 0.25479114 -0.63707742],[0.15005765 0.05685193]
508,0.5080000000000003,[0.07354228 0.79733397],[0.23241151 1.23546243],[ 0.25423976 -0.6349788 ],[0.14974551 0.05693133]
509,0.5090000000000003,[0.07377495 0.7985688 ],[0.23266575 1.23482745],[ 0.25368832 -0.63289902],[0.14943347 0.05701057]
510,0.5100000000000003,[0.07400787 0.79980299],[0.23291944 1.23419455],[ 0.25313682 -0.63083795],[0.14912153 0.05708965]
511,0.5110000000000003,[0.07424104 0.80103656],[0.23317258 1.23356371],[ 0.25258527 -0.62879548],[0.14880969 0.05716858]
512,0.5120000000000003,[0.07447447 0.80226949],[0.23342516 1.23293492],[ 0.25203367 -0.62677148],[0.14849795 0.05724735]
513,0.5130000000000003,[0.07470814 0.8035018 ],[0.2336772  1.23230815],[ 0.25148203 -0.62476584],[0.14818632 0.05732596]
514,0.5140000000000003,[0.07494207 0.80473348],[0.23392868 1.23168338],[ 0.25093033 -0.62277843],[0.14787479 0.05740442]
515,0.5150000000000003,[0.07517625 0.80596454],[0.23417961 1.2310606 ],[ 0.2503786  -0.62080915],[0.14756336 0.05748271]
516,0.5160000000000003,[0.07541068 0.80719498],[0.23442999 1.23043979],[ 0.24982683 -0.61885788],[0.14725203 0.05756086]
517,0.5170000000000003,[0.07564536 0.8084248 ],[0.23467981 1.22982094],[ 0.24927501 -0.61692449],[0.14694081 0.05763884]
518,0.5180000000000003,[0.07588029 0.80965401],[0.23492909 1.22920401],[ 0.24872317 -0.61500888],[0.14662969 0.05771667]
519,0.5190000000000003,[0.07611547 0.8108826 ],[0.23517781 1.228589  ],[ 0.2481713  -0.61311094],[0.14631867 0.05779435]
520,0.5200000000000004,[0.07635089 0.81211057],[0.23542598 1.22797589],[ 0.24761939 -0.61123054],[0.14600776 0.05787187]
521,0.5210000000000004,[0.07658657 0.81333794],[0.2356736  1.22736466],[ 0.24706746 -0.60936758],[0.14569696 0.05794923]
522,0.5220000000000004,[0.07682249 0.81456469],[0.23592067 1.22675529],[ 0.24651551 -0.60752195],[0.14538626 0.05802644]
523,0.5230000000000004,[0.07705866 0.81579084],[0.23616719 1.22614777],[ 0.24596354 -0.60569353],[0.14507566 0.0581035 ]
524,0.5240000000000004,[0.07729507 0.81701638],[0.23641315 1.22554208],[ 0.24541154 -0.60388222],[0.14476517 0.0581804 ]
525,0.5250000000000004,[0.07753173 0.81824132],[0.23665856 1.2249382 ],[ 0.24485954 -0.6020879 ],[0.14445478 0.05825715]
526,0.5260000000000004,[0.07776863 0.81946566],[0.23690342 1.22433611],[ 0.24430752 -0.60031048],[0.1441445  0.05833374]
527,0.5270000000000004,[0.07800578 0.82068939],[0.23714773 1.2237358 ],[ 0.24375549 -0.59854983],[0.14383433 0.05841018]
528,0.5280000000000004,[0.07824317 0.82191253],[0.23739148 1.22313725],[ 0.24320345 -0.59680586],[0.14352427 0.05848647]
529,0.5290000000000004,[0.07848081 0.82313507],[0.23763469 1.22254044],[ 0.24265141 -0.59507845],[0.14321431 0.0585626 ]
530,0.5300000000000004,[0.07871868 0.82435702],[0.23787734 1.22194536],[ 0.24209936 -0.59336751],[0.14290446 0.05863859]
531,0.5310000000000004,[0.0789568  0.82557837],[0.23811944 1.221352  ],[ 0.24154731 -0.59167292],[0.14259471 0.05871441]
532,0.5320000000000004,[0.07919516 0.82679913],[0.23836098 1.22076032],[ 0.24099527 -0.58999459],[0.14228508 0.05879009]
533,0.5330000000000004,[0.07943377 0.8280193 ],[0.23860198 1.22017033],[ 0.24044323 -0.58833241],[0.14197555 0.05886562]
534,0.5340000000000004,[0.07967261 0.82923888],[0.23884242 1.219582  ],[ 0.2398912  -0.58668628],[0.14166613 0.05894099]
535,0.5350000000000004,[0.07991169 0.83045787],[0.23908231 1.21899531],[ 0.23933918 -0.5850561 ],[0.14135682 0.05901621]
536,0.5360000000000004,[0.08015101 0.83167629],[0.23932165 1.21841025],[ 0.23878717 -0.58344176],[0.14104762 0.05909128]
537,0.5370000000000004,[0.08039057 0.83289411],[0.23956044 1.21782681],[ 0.23823518 -0.58184316],[0.14073853 0.0591662 ]
538,0.5380000000000004,[0.08063037 0.83411136],[0.23979868 1.21724497],[ 0.2376832  -0.58026022],[0.14042955 0.05924097]
539,0.5390000000000004,[0.08087041 0.83532802],[0.24003636 1.21666471],[ 0.23713124 -0.57869282],[0.14012068 0.05931558]
540,0.5400000000000004,[0.08111068 0.83654411],[0.24027349 1.21608602],[ 0.2365793  -0.57714086],[0.13981192 0.05939005]
541,0.5410000000000004,[0.08135119 0.83775962],[0.24051007 1.21550887],[ 0.23602739 -0.57560426],[0.13950326 0.05946437]
542,0.5420000000000004,[0.08159194 0.83897455],[0.2407461  1.21493327],[ 0.23547551 -0.57408292],[0.13919473 0.05953853]
543,0.5430000000000004,[0.08183292 0.84018891],[0.24098157 1.21435919],[ 0.23492365 -0.57257673],[0.1388863  0.05961255]
544,0.5440000000000004,[0.08207413 0.8414027 ],[0.2412165  1.21378661],[ 0.23437182 -0.57108561],[0.13857798 0.05968642]
545,0.5450000000000004,[0.08231559 0.84261591],[0.24145087 1.21321552],[ 0.23382003 -0.56960945],[0.13826978 0.05976014]
546,0.5460000000000004,[0.08255727 0.84382856],[0.24168469 1.21264592],[ 0.23326828 -0.56814817],[0.13796168 0.0598337 ]
547,0.5470000000000004,[0.08279919 0.84504063],[0.24191796 1.21207777],[ 0.23271656 -0.56670167],[0.1376537  0.05990712]
548,0.5480000000000004,[0.08304134 0.84625215],[0.24215067 1.21151107],[ 0.23216488 -0.56526985],[0.13734583 0.0599804 ]
549,0.5490000000000004,[0.08328372 0.84746309],[0.24238284 1.2109458 ],[ 0.23161325 -0.56385263],[0.13703808 0.06005352]
550,0.5500000000000004,[0.08352634 0.84867347],[0.24261445 1.21038194],[ 0.23106166 -0.56244992],[0.13673044 0.06012649]
551,0.5510000000000004,[0.08376918 0.84988329],[0.24284551 1.20981949],[ 0.23051012 -0.56106161],[0.13642291 0.06019932]
552,0.5520000000000004,[0.08401226 0.85109255],[0.24307602 1.20925843],[ 0.22995863 -0.55968763],[0.1361155 0.060272 ]
553,0.5530000000000004,[0.08425556 0.85230125],[0.24330598 1.20869874],[ 0.22940719 -0.55832789],[0.1358082  0.06034453]
554,0.5540000000000004,[0.0844991  0.85350939],[0.24353539 1.20814042],[ 0.2288558  -0.55698228],[0.13550101 0.06041691]
555,0.5550000000000004,[0.08474286 0.85471697],[0.24376424 1.20758343],[ 0.22830447 -0.55565074],[0.13519394 0.06048914]
556,0.5560000000000004,[0.08498686 0.855924  ],[0.24399255 1.20702778],[ 0.2277532  -0.55433316],[0.13488699 0.06056123]
557,0.5570000000000004,[0.08523108 0.85713048],[0.2442203  1.20647345],[ 0.22720199 -0.55302946],[0.13458015 0.06063317]
558,0.5580000000000004,[0.08547552 0.8583364 ],[0.2444475  1.20592042],[ 0.22665084 -0.55173955],[0.13427342 0.06070497]
559,0.5590000000000004,[0.0857202  0.85954176],[0.24467416 1.20536868],[ 0.22609976 -0.55046335],[0.13396682 0.06077662]
560,0.5600000000000004,[0.0859651  0.86074658],[0.24490025 1.20481822],[ 0.22554874 -0.54920078],[0.13366032 0.06084812]
561,0.5610000000000004,[0.08621022 0.86195085],[0.2451258  1.20426902],[ 0.2249978  -0.54795174],[0.13335395 0.06091947]
562,0.5620000000000004,[0.08645557 0.86315457],[0.2453508  1.20372106],[ 0.22444692 -0.54671616],[0.13304769 0.06099068]
563,0.5630000000000004,[0.08670115 0.86435775],[0.24557525 1.20317435],[ 0.22389612 -0.54549394],[0.13274155 0.06106174]
564,0.5640000000000004,[0.08694695 0.86556038],[0.24579914 1.20262885],[ 0.22334539 -0.54428502],[0.13243553 0.06113266]
565,0.5650000000000004,[0.08719297 0.86676246],[0.24602249 1.20208457],[ 0.22279475 -0.54308929],[0.13212962 0.06120343]
566,0.5660000000000004,[0.08743922 0.867964  ],[0.24624528 1.20154148],[ 0.22224418 -0.54190669],[0.13182383 0.06127406]
567,0.5670000000000004,[0.08768568 0.869165  ],[0.24646753 1.20099957],[ 0.22169369 -0.54073714],[0.13151816 0.06134454]
568,0.5680000000000004,[0.08793237 0.87036546],[0.24668922 1.20045884],[ 0.22114329 -0.53958054],[0.13121261 0.06141488]
569,0.5690000000000004,[0.08817928 0.87156538],[0.24691037 1.19991926],[ 0.22059297 -0.53843682],[0.13090718 0.06148507]
570,0.5700000000000004,[0.08842641 0.87276476],[0.24713096 1.19938082],[ 0.22004274 -0.53730591],[0.13060187 0.06155512]
571,0.5710000000000004,[0.08867377 0.8739636 ],[0.247351   1.19884351],[ 0.2194926  -0.53618772],[0.13029668 0.06162502]
572,0.5720000000000004,[0.08892134 0.87516191],[0.24757049 1.19830733],[ 0.21894256 -0.53508217],[0.1299916  0.06169478]
573,0.5730000000000004,[0.08916913 0.87635968],[0.24778944 1.19777224],[ 0.21839261 -0.53398918],[0.12968665 0.0617644 ]
574,0.5740000000000004,[0.08941713 0.87755692],[0.24800783 1.19723825],[ 0.21784275 -0.53290869],[0.12938182 0.06183387]
575,0.5750000000000004,[0.08966536 0.87875363],[0.24822567 1.19670535],[ 0.21729299 -0.5318406 ],[0.12907711 0.0619032 ]
576,0.5760000000000004,[0.0899138 0.8799498],[0.24844297 1.19617351],[ 0.21674333 -0.53078486],[0.12877251 0.06197238]
577,0.5770000000000004,[0.09016246 0.88114544],[0.24865971 1.19564272],[ 0.21619378 -0.52974137],[0.12846804 0.06204142]
578,0.5780000000000004,[0.09041134 0.88234056],[0.2488759  1.19511298],[ 0.21564432 -0.52871006],[0.1281637  0.06211032]
579,0.5790000000000004,[0.09066043 0.88353514],[0.24909155 1.19458427],[ 0.21509498 -0.52769086],[0.12785947 0.06217907]
580,0.5800000000000004,[0.09090974 0.8847292 ],[0.24930664 1.19405658],[ 0.21454574 -0.5266837 ],[0.12755537 0.06224768]
581,0.5810000000000004,[0.09115926 0.88592273],[0.24952119 1.19352989],[ 0.21399661 -0.5256885 ],[0.12725138 0.06231615]
582,0.5820000000000004,[0.09140899 0.88711573],[0.24973518 1.19300421],[ 0.21344759 -0.52470519],[0.12694753 0.06238448]
583,0.5830000000000004,[0.09165894 0.88830821],[0.24994863 1.1924795 ],[ 0.21289869 -0.5237337 ],[0.12664379 0.06245266]
584,0.5840000000000004,[0.0919091  0.88950017],[0.25016153 1.19195577],[ 0.2123499  -0.52277395],[0.12634018 0.0625207 ]
585,0.5850000000000004,[0.09215948 0.8906916 ],[0.25037388 1.19143299],[ 0.21180123 -0.52182587],[0.12603669 0.0625886 ]
586,0.5860000000000004,[0.09241006 0.89188251],[0.25058568 1.19091117],[ 0.21125268 -0.52088939],[0.12573332 0.06265636]
587,0.5870000000000004,[0.09266086 0.8930729 ],[0.25079693 1.19039028],[ 0.21070425 -0.51996444],[0.12543008 0.06272397]
588,0.5880000000000004,[0.09291187 0.89426277],[0.25100764 1.18987031],[ 0.21015595 -0.51905096],[0.12512697 0.06279145]
589,0.5890000000000004,[0.09316308 0.89545212],[0.25121779 1.18935126],[ 0.20960776 -0.51814886],[0.12482397 0.06285878]
590,0.5900000000000004,[0.09341451 0.89664096],[0.2514274  1.18883311],[ 0.20905971 -0.51725808],[0.12452111 0.06292597]
591,0.5910000000000004,[0.09366615 0.89782927],[0.25163646 1.18831586],[ 0.20851178 -0.51637856],[0.12421837 0.06299302]
592,0.5920000000000004,[0.09391799 0.89901707],[0.25184497 1.18779948],[ 0.20796399 -0.51551022],[0.12391575 0.06305993]
593,0.5930000000000004,[0.09417005 0.90020436],[0.25205294 1.18728397],[ 0.20741632 -0.514653  ],[0.12361326 0.0631267 ]
594,0.5940000000000004,[0.09442231 0.90139112],[0.25226035 1.18676931],[ 0.20686879 -0.51380683],[0.1233109  0.06319333]
595,0.5950000000000004,[0.09467477 0.90257738],[0.25246722 1.18625551],[ 0.2063214  -0.51297164],[0.12300866 0.06325981]
596,0.5960000000000004,[0.09492745 0.90376312],[0.25267354 1.18574254],[ 0.20577414 -0.51214736],[0.12270655 0.06332616]
597,0.5970000000000004,[0.09518033 0.90494835],[0.25287932 1.18523039],[ 0.20522702 -0.51133394],[0.12240456 0.06339236]
598,0.5980000000000004,[0.09543341 0.90613307],[0.25308454 1.18471905],[ 0.20468005 -0.5105313 ],[0.12210271 0.06345843]
599,0.5990000000000004,[0.0956867  0.90731728],[0.25328923 1.18420852],[ 0.20413321 -0.50973939],[0.12180098 0.06352436]
600,0.6000000000000004,[0.09594019 0.90850098],[0.25349336 1.18369878],[ 0.20358652 -0.50895813],[0.12149938 0.06359014]
601,0.6010000000000004,[0.09619389 0.90968417],[0.25369694 1.18318982],[ 0.20303998 -0.50818746],[0.12119791 0.06365579]
602,0.6020000000000004,[0.09644779 0.91086685],[0.25389998 1.18268164],[ 0.20249359 -0.50742732],[0.12089656 0.0637213 ]
603,0.6030000000000004,[0.09670189 0.91204902],[0.25410248 1.18217421],[ 0.20194734 -0.50667764],[0.12059535 0.06378666]
604,0.6040000000000004,[0.0969562  0.91323069],[0.25430443 1.18166753],[ 0.20140125 -0.50593837],[0.12029426 0.06385189]
605,0.6050000000000004,[0.0972107  0.91441185],[0.25450583 1.18116159],[ 0.20085531 -0.50520944],[0.1199933  0.06391698]
606,0.6060000000000004,[0.09746541 0.91559251],[0.25470668 1.18065638],[ 0.20030953 -0.50449078],[0.11969247 0.06398193]
607,0.6070000000000004,[0.09772032 0.91677266],[0.25490699 1.18015189],[ 0.1997639  -0.50378235],[0.11939178 0.06404674]
608,0.6080000000000004,[0.09797542 0.91795231],[0.25510676 1.17964811],[ 0.19921843 -0.50308407],[0.11909121 0.06411141]
609,0.6090000000000004,[0.09823073 0.91913146],[0.25530597 1.17914503],[ 0.19867312 -0.50239588],[0.11879077 0.06417595]
610,0.6100000000000004,[0.09848623 0.9203101 ],[0.25550465 1.17864263],[ 0.19812797 -0.50171773],[0.11849047 0.06424034]
611,0.6110000000000004,[0.09874194 0.92148824],[0.25570278 1.17814091],[ 0.19758299 -0.50104956],[0.11819029 0.0643046 ]
612,0.6120000000000004,[0.09899784 0.92266588],[0.25590036 1.17763986],[ 0.19703817 -0.5003913 ],[0.11789025 0.06436872]
613,0.6130000000000004,[0.09925394 0.92384302],[0.2560974  1.17713947],[ 0.19649351 -0.4997429 ],[0.11759033 0.0644327 ]
614,0.6140000000000004,[0.09951023 0.92501966],[0.25629389 1.17663973],[ 0.19594903 -0.4991043 ],[0.11729055 0.06449654]
615,0.6150000000000004,[0.09976672 0.9261958 ],[0.25648984 1.17614063],[ 0.19540471 -0.49847545],[0.11699091 0.06456025]
616,0.6160000000000004,[0.1000234  0.92737144],[0.25668524 1.17564215],[ 0.19486057 -0.49785627],[0.11669139 0.06462381]
617,0.6170000000000004,[0.10028028 0.92854659],[0.2568801  1.17514429],[ 0.1943166  -0.49724673],[0.11639201 0.06468724]
618,0.6180000000000004,[0.10053736 0.92972123],[0.25707442 1.17464705],[ 0.19377281 -0.49664675],[0.11609276 0.06475054]
619,0.6190000000000004,[0.10079463 0.93089538],[0.25726819 1.1741504 ],[ 0.19322919 -0.49605628],[0.11579364 0.06481369]
620,0.6200000000000004,[0.10105209 0.93206904],[0.25746142 1.17365434],[ 0.19268574 -0.49547528],[0.11549465 0.06487671]
621,0.6210000000000004,[0.10130974 0.9332422 ],[0.25765411 1.17315887],[ 0.19214248 -0.49490367],[0.11519581 0.06493959]
622,0.6220000000000004,[0.10156759 0.93441486],[0.25784625 1.17266397],[ 0.1915994  -0.49434142],[0.11489709 0.06500233]
623,0.6230000000000004,[0.10182563 0.93558703],[0.25803785 1.17216962],[ 0.1910565  -0.49378845],[0.11459851 0.06506494]
624,0.6240000000000004,[0.10208386 0.93675871],[0.25822891 1.17167584],[ 0.19051379 -0.49324472],[0.11430006 0.06512741]
625,0.6250000000000004,[0.10234227 0.93792989],[0.25841942 1.17118259],[ 0.18997126 -0.49271018],[0.11400175 0.06518974]
626,0.6260000000000004,[0.10260088 0.93910058],[0.25860939 1.17068988],[ 0.18942892 -0.49218476],[0.11370357 0.06525194]
627,0.6270000000000004,[0.10285968 0.94027078],[0.25879882 1.1701977 ],[ 0.18888677 -0.49166842],[0.11340553 0.065314  ]
628,0.6280000000000004,[0.10311867 0.94144048],[0.25898771 1.16970603],[ 0.18834481 -0.49116111],[0.11310763 0.06537592]
629,0.6290000000000004,[0.10337785 0.9426097 ],[0.25917605 1.16921487],[ 0.18780304 -0.49066276],[0.11280986 0.06543771]
630,0.6300000000000004,[0.10363721 0.94377842],[0.25936386 1.1687242 ],[ 0.18726146 -0.49017334],[0.11251222 0.06549936]
631,0.6310000000000004,[0.10389676 0.94494665],[0.25955112 1.16823403],[ 0.18672008 -0.48969278],[0.11221473 0.06556088]
632,0.6320000000000005,[0.1041565 0.9461144],[0.25973784 1.16774434],[ 0.18617889 -0.48922103],[0.11191737 0.06562226]
633,0.6330000000000005,[0.10441642 0.94728165],[0.25992402 1.16725512],[ 0.1856379  -0.48875805],[0.11162015 0.06568351]
634,0.6340000000000005,[0.10467653 0.94844842],[0.26010965 1.16676636],[ 0.18509712 -0.48830379],[0.11132306 0.06574462]
635,0.6350000000000005,[0.10493683 0.9496147 ],[0.26029475 1.16627805],[ 0.18455653 -0.48785818],[0.11102611 0.06580559]
636,0.6360000000000005,[0.10519731 0.95078049],[0.26047931 1.1657902 ],[ 0.18401614 -0.48742119],[0.11072931 0.06586643]
637,0.6370000000000005,[0.10545797 0.95194579],[0.26066332 1.16530278],[ 0.18347596 -0.48699277],[0.11043263 0.06592713]
638,0.6380000000000005,[0.10571882 0.95311061],[0.2608468  1.16481578],[ 0.18293598 -0.48657286],[0.1101361 0.0659877]
639,0.6390000000000005,[0.10597985 0.95427494],[0.26102974 1.16432921],[ 0.18239621 -0.48616141],[0.10983971 0.06604814]
640,0.6400000000000005,[0.10624106 0.95543878],[0.26121213 1.16384305],[ 0.18185665 -0.48575838],[0.10954345 0.06610844]
641,0.6410000000000005,[0.10650245 0.95660214],[0.26139399 1.16335729],[ 0.1813173  -0.48536372],[0.10924734 0.0661686 ]
642,0.6420000000000005,[0.10676403 0.95776501],[0.26157531 1.16287193],[ 0.18077816 -0.48497737],[0.10895136 0.06622863]
643,0.6430000000000005,[0.10702578 0.9589274 ],[0.26175608 1.16238695],[ 0.18023923 -0.4845993 ],[0.10865553 0.06628852]
644,0.6440000000000005,[0.10728772 0.9600893 ],[0.26193632 1.16190235],[ 0.17970051 -0.48422946],[0.10835983 0.06634829]
645,0.6450000000000005,[0.10754984 0.96125072],[0.26211602 1.16141812],[ 0.17916201 -0.48386779],[0.10806428 0.06640791]
646,0.6460000000000005,[0.10781213 0.96241165],[0.26229519 1.16093425],[ 0.17862373 -0.48351426],[0.10776886 0.0664674 ]
647,0.6470000000000005,[0.10807461 0.9635721 ],[0.26247381 1.16045074],[ 0.17808567 -0.48316881],[0.10747359 0.06652676]
648,0.6480000000000005,[0.10833726 0.96473207],[0.2626519  1.15996757],[ 0.17754782 -0.4828314 ],[0.10717846 0.06658599]
649,0.6490000000000005,[0.10860009 0.96589155],[0.26282944 1.15948474],[ 0.17701019 -0.48250198],[0.10688347 0.06664508]
650,0.6500000000000005,[0.10886309 0.96705056],[0.26300645 1.15900224],[ 0.17647279 -0.48218052],[0.10658862 0.06670403]
651,0.6510000000000005,[0.10912628 0.96820908],[0.26318293 1.15852006],[ 0.17593561 -0.48186695],[0.10629391 0.06676286]
652,0.6520000000000005,[0.10938964 0.96936711],[0.26335886 1.15803819],[ 0.17539866 -0.48156125],[0.10599935 0.06682155]
653,0.6530000000000005,[0.10965317 0.97052467],[0.26353426 1.15755663],[ 0.17486193 -0.48126335],[0.10570493 0.0668801 ]
654,0.6540000000000005,[0.10991688 0.97168175],[0.26370912 1.15707536],[ 0.17432543 -0.48097323],[0.10541065 0.06693852]
655,0.6550000000000005,[0.11018076 0.97283834],[0.26388345 1.15659439],[ 0.17378915 -0.48069084],[0.10511651 0.06699681]
656,0.6560000000000005,[0.11044482 0.97399445],[0.26405724 1.1561137 ],[ 0.17325311 -0.48041613],[0.10482252 0.06705497]
657,0.6570000000000005,[0.11070905 0.97515009],[0.26423049 1.15563328],[ 0.1727173  -0.48014905],[0.10452867 0.06711299]
658,0.6580000000000005,[0.11097345 0.97630524],[0.26440321 1.15515313],[ 0.17218172 -0.47988958],[0.10423497 0.06717088]
659,0.6590000000000005,[0.11123803 0.97745991],[0.26457539 1.15467324],[ 0.17164638 -0.47963766],[0.10394141 0.06722864]
660,0.6600000000000005,[0.11150278 0.97861411],[0.26474704 1.15419361],[ 0.17111127 -0.47939325],[0.10364799 0.06728627]
661,0.6610000000000005,[0.11176769 0.97976782],[0.26491815 1.15371421],[ 0.1705764  -0.47915631],[0.10335472 0.06734376]
662,0.6620000000000005,[0.11203278 0.98092106],[0.26508872 1.15323506],[ 0.17004177 -0.4789268 ],[0.1030616  0.06740112]
663,0.6630000000000005,[0.11229804 0.98207381],[0.26525876 1.15275613],[ 0.16950737 -0.47870468],[0.10276862 0.06745835]
664,0.6640000000000005,[0.11256347 0.98322609],[0.26542827 1.15227743],[ 0.16897322 -0.4784899 ],[0.10247578 0.06751544]
665,0.6650000000000005,[0.11282907 0.98437789],[0.26559725 1.15179894],[ 0.16843931 -0.47828243],[0.10218309 0.0675724 ]
666,0.6660000000000005,[0.11309483 0.98552921],[0.26576568 1.15132065],[ 0.16790564 -0.47808223],[0.10189055 0.06762923]
667,0.6670000000000005,[0.11336077 0.98668005],[0.26593359 1.15084257],[ 0.16737222 -0.47788924],[0.10159815 0.06768593]
668,0.6680000000000005,[0.11362687 0.98783042],[0.26610096 1.15036468],[ 0.16683904 -0.47770345],[0.1013059 0.0677425]
669,0.6690000000000005,[0.11389313 0.9889803 ],[0.2662678  1.14988698],[ 0.16630611 -0.47752479],[0.1010138  0.06779893]
670,0.6700000000000005,[0.11415957 0.99012971],[0.26643411 1.14940945],[ 0.16577343 -0.47735325],[0.10072185 0.06785524]
671,0.6710000000000005,[0.11442617 0.99127865],[0.26659988 1.1489321 ],[ 0.16524099 -0.47718877],[0.10043004 0.06791141]
672,0.6720000000000005,[0.11469293 0.9924271 ],[0.26676512 1.14845491],[ 0.16470881 -0.47703131],[0.10013838 0.06796745]
673,0.6730000000000005,[0.11495986 0.99357508],[0.26692983 1.14797788],[ 0.16417688 -0.47688085],[0.09984687 0.06802336]
674,0.6740000000000005,[0.11522696 0.99472258],[0.26709401 1.147501  ],[ 0.16364521 -0.47673734],[0.0995555  0.06807913]
675,0.6750000000000005,[0.11549422 0.9958696 ],[0.26725765 1.14702426],[ 0.16311378 -0.47660074],[0.09926429 0.06813478]
676,0.6760000000000005,[0.11576164 0.99701615],[0.26742077 1.14654766],[ 0.16258262 -0.47647101],[0.09897322 0.06819029]
677,0.6770000000000005,[0.11602922 0.99816222],[0.26758335 1.14607119],[ 0.16205171 -0.47634813],[0.0986823  0.06824568]
678,0.6780000000000005,[0.11629697 0.99930782],[0.2677454  1.14559484],[ 0.16152106 -0.47623204],[0.09839153 0.06830093]
679,0.6790000000000005,[0.11656487 1.00045294],[0.26790692 1.14511861],[ 0.16099067 -0.47612271],[0.09810092 0.06835605]
680,0.6800000000000005,[0.11683294 1.00159758],[0.26806791 1.14464249],[ 0.16046053 -0.47602012],[0.09781045 0.06841104]
681,0.6810000000000005,[0.11710117 1.00274174],[0.26822837 1.14416647],[ 0.15993066 -0.47592421],[0.09752013 0.0684659 ]
682,0.6820000000000005,[0.11736956 1.00388544],[0.2683883  1.14369054],[ 0.15940106 -0.47583496],[0.09722996 0.06852063]
683,0.6830000000000005,[0.1176381  1.00502865],[0.2685477  1.14321471],[ 0.15887172 -0.47575232],[0.09693994 0.06857523]
684,0.6840000000000005,[0.11790681 1.00617139],[0.26870658 1.14273896],[ 0.15834264 -0.47567627],[0.09665008 0.0686297 ]
685,0.6850000000000005,[0.11817568 1.00731365],[0.26886492 1.14226328],[ 0.15781383 -0.47560676],[0.09636036 0.06868404]
686,0.6860000000000005,[0.1184447  1.00845544],[0.26902273 1.14178767],[ 0.15728528 -0.47554377],[0.0960708  0.06873825]
687,0.6870000000000005,[0.11871388 1.00959675],[0.26918002 1.14131213],[ 0.15675701 -0.47548725],[0.09578139 0.06879233]
688,0.6880000000000005,[0.11898322 1.01073759],[0.26933678 1.14083664],[ 0.156229   -0.47543718],[0.09549213 0.06884628]
689,0.6890000000000005,[0.11925271 1.01187795],[0.269493   1.14036121],[ 0.15570127 -0.47539351],[0.09520302 0.06890009]
690,0.6900000000000005,[0.11952236 1.01301784],[0.26964871 1.13988581],[ 0.15517381 -0.47535621],[0.09491406 0.06895378]
691,0.6910000000000005,[0.11979216 1.01415725],[0.26980388 1.13941046],[ 0.15464662 -0.47532526],[0.09462526 0.06900734]
692,0.6920000000000005,[0.12006212 1.01529618],[0.26995853 1.13893513],[ 0.15411971 -0.47530061],[0.09433661 0.06906077]
693,0.6930000000000005,[0.12033223 1.01643464],[0.27011265 1.13845983],[ 0.15359307 -0.47528223],[0.09404811 0.06911407]
694,0.6940000000000005,[0.1206025  1.01757263],[0.27026624 1.13798455],[ 0.15306671 -0.4752701 ],[0.09375977 0.06916724]
695,0.6950000000000005,[0.12087292 1.01871013],[0.27041931 1.13750928],[ 0.15254063 -0.47526416],[0.09347158 0.06922028]
696,0.6960000000000005,[0.12114349 1.01984717],[0.27057185 1.13703401],[ 0.15201482 -0.4752644 ],[0.09318355 0.06927319]
697,0.6970000000000005,[0.12141421 1.02098373],[0.27072386 1.13655875],[ 0.1514893  -0.47527079],[0.09289567 0.06932597]
698,0.6980000000000005,[0.12168509 1.02211981],[0.27087535 1.13608348],[ 0.15096406 -0.47528328],[0.09260794 0.06937862]
699,0.6990000000000005,[0.12195611 1.02325542],[0.27102631 1.13560819],[ 0.1504391  -0.47530184],[0.09232037 0.06943115]
700,0.7000000000000005,[0.12222729 1.02439055],[0.27117675 1.13513289],[ 0.14991442 -0.47532645],[0.09203296 0.06948354]
701,0.7010000000000005,[0.12249862 1.02552521],[0.27132667 1.13465757],[ 0.14939003 -0.47535707],[0.0917457  0.06953581]
702,0.7020000000000005,[0.12277009 1.02665939],[0.27147606 1.13418221],[ 0.14886592 -0.47539368],[0.09145859 0.06958794]
703,0.7030000000000005,[0.12304172 1.0277931 ],[0.27162492 1.13370682],[ 0.1483421  -0.47543623],[0.09117164 0.06963995]
704,0.7040000000000005,[0.12331349 1.02892633],[0.27177327 1.13323138],[ 0.14781857 -0.4754847 ],[0.09088485 0.06969183]
705,0.7050000000000005,[0.12358541 1.03005909],[0.27192108 1.13275589],[ 0.14729532 -0.47553906],[0.09059821 0.06974358]
706,0.7060000000000005,[0.12385748 1.03119137],[0.27206838 1.13228036],[ 0.14677237 -0.47559928],[0.09031173 0.0697952 ]
707,0.7070000000000005,[0.1241297  1.03232317],[0.27221515 1.13180476],[ 0.14624971 -0.47566533],[0.09002541 0.0698467 ]
708,0.7080000000000005,[0.12440206 1.0334545 ],[0.2723614  1.13132909],[ 0.14572733 -0.47573717],[0.08973925 0.06989806]
709,0.7090000000000005,[0.12467457 1.03458535],[0.27250713 1.13085335],[ 0.14520526 -0.47581478],[0.08945324 0.0699493 ]
710,0.7100000000000005,[0.12494722 1.03571573],[0.27265233 1.13037754],[ 0.14468347 -0.47589812],[0.08916739 0.07000041]
711,0.7110000000000005,[0.12522002 1.03684563],[0.27279702 1.12990164],[ 0.14416199 -0.47598718],[0.0888817  0.07005139]
712,0.7120000000000005,[0.12549296 1.03797506],[0.27294118 1.12942565],[ 0.14364079 -0.47608191],[0.08859616 0.07010225]
713,0.7130000000000005,[0.12576604 1.03910401],[0.27308482 1.12894957],[ 0.1431199  -0.47618229],[0.08831079 0.07015297]
714,0.7140000000000005,[0.12603927 1.04023248],[0.27322794 1.12847339],[ 0.1425993  -0.47628829],[0.08802557 0.07020357]
715,0.7150000000000005,[0.12631264 1.04136048],[0.27337054 1.1279971 ],[ 0.142079   -0.47639989],[0.08774051 0.07025404]
716,0.7160000000000005,[0.12658615 1.042488  ],[0.27351262 1.1275207 ],[ 0.14155901 -0.47651704],[0.08745561 0.07030438]
717,0.7170000000000005,[0.12685981 1.04361504],[0.27365418 1.12704418],[ 0.14103931 -0.47663973],[0.08717087 0.0703546 ]
718,0.7180000000000005,[0.1271336  1.04474161],[0.27379522 1.12656754],[ 0.14051992 -0.47676793],[0.08688629 0.07040469]
719,0.7190000000000005,[0.12740754 1.0458677 ],[0.27393574 1.12609078],[ 0.14000083 -0.47690161],[0.08660187 0.07045465]
720,0.7200000000000005,[0.12768161 1.04699332],[0.27407574 1.12561387],[ 0.13948204 -0.47704074],[0.08631762 0.07050448]
721,0.7210000000000005,[0.12795583 1.04811845],[0.27421522 1.12513683],[ 0.13896356 -0.47718529],[0.08603352 0.07055418]
722,0.7220000000000005,[0.12823018 1.04924311],[0.27435418 1.12465965],[ 0.13844539 -0.47733524],[0.08574958 0.07060376]
723,0.7230000000000005,[0.12850468 1.05036729],[0.27449263 1.12418231],[ 0.13792752 -0.47749056],[0.0854658  0.07065322]
724,0.7240000000000005,[0.12877931 1.051491  ],[0.27463056 1.12370482],[ 0.13740996 -0.47765122],[0.08518219 0.07070254]
725,0.7250000000000005,[0.12905407 1.05261423],[0.27476797 1.12322717],[ 0.13689272 -0.47781719],[0.08489873 0.07075174]
726,0.7260000000000005,[0.12932898 1.05373698],[0.27490486 1.12274935],[ 0.13637578 -0.47798845],[0.08461544 0.07080081]
727,0.7270000000000005,[0.12960402 1.05485925],[0.27504123 1.12227137],[ 0.13585915 -0.47816498],[0.08433231 0.07084975]
728,0.7280000000000005,[0.1298792  1.05598104],[0.27517709 1.1217932 ],[ 0.13534284 -0.47834674],[0.08404934 0.07089857]
729,0.7290000000000005,[0.13015451 1.05710236],[0.27531244 1.12131485],[ 0.13482683 -0.47853372],[0.08376654 0.07094726]
730,0.7300000000000005,[0.13042996 1.05822319],[0.27544726 1.12083632],[ 0.13431115 -0.47872587],[0.0834839  0.07099583]
731,0.7310000000000005,[0.13070554 1.05934355],[0.27558157 1.12035759],[ 0.13379578 -0.47892319],[0.08320142 0.07104427]
732,0.7320000000000005,[0.13098125 1.06046343],[0.27571537 1.11987867],[ 0.13328072 -0.47912564],[0.0829191  0.07109258]
733,0.7330000000000005,[0.1312571  1.06158283],[0.27584865 1.11939955],[ 0.13276598 -0.47933319],[0.08263695 0.07114077]
734,0.7340000000000005,[0.13153308 1.06270175],[0.27598142 1.11892021],[ 0.13225156 -0.47954583],[0.08235496 0.07118883]
735,0.7350000000000005,[0.1318092  1.06382019],[0.27611367 1.11844067],[ 0.13173746 -0.47976353],[0.08207314 0.07123676]
736,0.7360000000000005,[0.13208544 1.06493815],[0.27624541 1.1179609 ],[ 0.13122368 -0.47998626],[0.08179148 0.07128457]
737,0.7370000000000005,[0.13236182 1.06605563],[0.27637663 1.11748092],[ 0.13071022 -0.480214  ],[0.08150998 0.07133225]
738,0.7380000000000005,[0.13263833 1.06717263],[0.27650734 1.1170007 ],[ 0.13019708 -0.48044672],[0.08122865 0.07137981]
739,0.7390000000000005,[0.13291496 1.06828915],[0.27663754 1.11652026],[ 0.12968426 -0.4806844 ],[0.08094749 0.07142724]
740,0.7400000000000005,[0.13319173 1.06940519],[0.27676722 1.11603957],[ 0.12917177 -0.48092702],[0.08066648 0.07147454]
741,0.7410000000000005,[0.13346863 1.07052075],[0.27689639 1.11555865],[ 0.1286596  -0.48117455],[0.08038565 0.07152172]
742,0.7420000000000005,[0.13374565 1.07163583],[0.27702505 1.11507747],[ 0.12814776 -0.48142697],[0.08010498 0.07156878]
743,0.7430000000000005,[0.13402281 1.07275042],[0.2771532  1.11459604],[ 0.12763624 -0.48168425],[0.07982448 0.07161571]
744,0.7440000000000005,[0.13430009 1.07386454],[0.27728084 1.11411436],[ 0.12712505 -0.48194637],[0.07954414 0.07166251]
745,0.7450000000000006,[0.13457749 1.07497817],[0.27740796 1.11363241],[ 0.12661419 -0.48221331],[0.07926397 0.07170919]
746,0.7460000000000006,[0.13485503 1.07609132],[0.27753458 1.1131502 ],[ 0.12610366 -0.48248505],[0.07898397 0.07175574]
747,0.7470000000000006,[0.13513269 1.07720399],[0.27766068 1.11266771],[ 0.12559346 -0.48276155],[0.07870413 0.07180217]
748,0.7480000000000006,[0.13541048 1.07831617],[0.27778627 1.11218495],[ 0.12508359 -0.48304281],[0.07842446 0.07184847]
749,0.7490000000000006,[0.13568839 1.07942787],[0.27791136 1.11170191],[ 0.12457405 -0.48332879],[0.07814496 0.07189465]
750,0.7500000000000006,[0.13596642 1.08053909],[0.27803593 1.11121858],[ 0.12406484 -0.48361947],[0.07786563 0.0719407 ]
751,0.7510000000000006,[0.13624458 1.08164983],[0.27816    1.11073496],[ 0.12355597 -0.48391484],[0.07758646 0.07198663]
752,0.7520000000000006,[0.13652287 1.08276008],[0.27828355 1.11025105],[ 0.12304743 -0.48421486],[0.07730747 0.07203244]
753,0.7530000000000006,[0.13680127 1.08386985],[0.2784066  1.10976683],[ 0.12253923 -0.48451952],[0.07702864 0.07207812]
754,0.7540000000000006,[0.1370798  1.08497913],[0.27852914 1.10928231],[ 0.12203136 -0.4848288 ],[0.07674998 0.07212367]
755,0.7550000000000006,[0.13735845 1.08608793],[0.27865117 1.10879748],[ 0.12152383 -0.48514267],[0.07647149 0.0721691 ]
756,0.7560000000000006,[0.13763723 1.08719624],[0.27877269 1.10831234],[ 0.12101664 -0.48546111],[0.07619317 0.07221441]
757,0.7570000000000006,[0.13791612 1.08830406],[0.27889371 1.10782688],[ 0.12050979 -0.4857841 ],[0.07591502 0.07225959]
758,0.7580000000000006,[0.13819513 1.08941141],[0.27901422 1.1073411 ],[ 0.12000328 -0.48611162],[0.07563703 0.07230465]
759,0.7590000000000006,[0.13847427 1.09051826],[0.27913422 1.10685498],[ 0.11949711 -0.48644365],[0.07535922 0.07234959]
760,0.7600000000000006,[0.13875352 1.09162463],[0.27925372 1.10636854],[ 0.11899127 -0.48678016],[0.07508158 0.0723944 ]
761,0.7610000000000006,[0.1390329  1.09273051],[0.27937271 1.10588176],[ 0.11848579 -0.48712115],[0.07480411 0.07243908]
762,0.7620000000000006,[0.13931239 1.09383591],[0.2794912  1.10539464],[ 0.11798064 -0.48746657],[0.07452681 0.07248365]
763,0.7630000000000006,[0.139592   1.09494081],[0.27960918 1.10490717],[ 0.11747584 -0.48781643],[0.07424968 0.07252809]
764,0.7640000000000006,[0.13987172 1.09604523],[0.27972665 1.10441936],[ 0.11697138 -0.48817068],[0.07397272 0.0725724 ]
765,0.7650000000000006,[0.14015157 1.09714916],[0.27984363 1.10393119],[ 0.11646727 -0.48852932],[0.07369593 0.07261659]
766,0.7660000000000006,[0.14043153 1.09825261],[0.27996009 1.10344266],[ 0.11596351 -0.48889233],[0.07341932 0.07266066]
767,0.7670000000000006,[0.1407116  1.09935556],[0.28007606 1.10295376],[ 0.11546009 -0.48925968],[0.07314288 0.07270461]
768,0.7680000000000006,[0.14099179 1.10045802],[0.28019152 1.1024645 ],[ 0.11495702 -0.48963135],[0.0728666  0.07274843]
769,0.7690000000000006,[0.1412721 1.10156  ],[0.28030647 1.10197487],[ 0.1144543  -0.49000733],[0.07259051 0.07279213]
770,0.7700000000000006,[0.14155252 1.10266148],[0.28042093 1.10148487],[ 0.11395193 -0.49038759],[0.07231458 0.0728357 ]
771,0.7710000000000006,[0.14183306 1.10376248],[0.28053488 1.10099448],[ 0.11344991 -0.49077212],[0.07203883 0.07287916]
772,0.7720000000000006,[0.1421137  1.10486298],[0.28064833 1.10050371],[ 0.11294824 -0.4911609 ],[0.07176325 0.07292248]
773,0.7730000000000006,[0.14239447 1.10596299],[0.28076128 1.10001255],[ 0.11244692 -0.4915539 ],[0.07148784 0.07296569]
774,0.7740000000000006,[0.14267534 1.10706252],[0.28087372 1.09952099],[ 0.11194596 -0.49195111],[0.07121261 0.07300877]
775,0.7750000000000006,[0.14295632 1.10816154],[0.28098567 1.09902904],[ 0.11144535 -0.49235251],[0.07093755 0.07305174]
776,0.7760000000000006,[0.14323742 1.10926008],[0.28109712 1.09853669],[ 0.11094509 -0.49275808],[0.07066267 0.07309457]
777,0.7770000000000006,[0.14351863 1.11035813],[0.28120806 1.09804393],[ 0.11044519 -0.4931678 ],[0.07038796 0.07313729]
778,0.7780000000000006,[0.14379995 1.11145568],[0.28131851 1.09755076],[ 0.10994565 -0.49358165],[0.07011342 0.07317988]
779,0.7790000000000006,[0.14408138 1.11255273],[0.28142845 1.09705718],[ 0.10944646 -0.49399962],[0.06983906 0.07322235]
780,0.7800000000000006,[0.14436292 1.1136493 ],[0.2815379  1.09656318],[ 0.10894763 -0.49442169],[0.06956488 0.0732647 ]
781,0.7810000000000006,[0.14464456 1.11474537],[0.28164685 1.09606876],[ 0.10844916 -0.49484783],[0.06929087 0.07330693]
782,0.7820000000000006,[0.14492632 1.11584094],[0.2817553  1.09557391],[ 0.10795105 -0.49527804],[0.06901703 0.07334903]
783,0.7830000000000006,[0.14520818 1.11693602],[0.28186325 1.09507863],[ 0.1074533  -0.49571228],[0.06874337 0.07339102]
784,0.7840000000000006,[0.14549015 1.1180306 ],[0.2819707  1.09458292],[ 0.10695591 -0.49615055],[0.06846989 0.07343288]
785,0.7850000000000006,[0.14577223 1.11912469],[0.28207766 1.09408677],[ 0.10645888 -0.49659283],[0.06819658 0.07347461]
786,0.7860000000000006,[0.14605441 1.12021828],[0.28218411 1.09359018],[ 0.10596221 -0.4970391 ],[0.06792346 0.07351623]
787,0.7870000000000006,[0.1463367  1.12131137],[0.28229008 1.09309314],[ 0.10546591 -0.49748934],[0.0676505  0.07355773]
788,0.7880000000000006,[0.1466191  1.12240397],[0.28239554 1.09259565],[ 0.10496997 -0.49794353],[0.06737773 0.0735991 ]
789,0.7890000000000006,[0.1469016  1.12349606],[0.28250051 1.09209771],[ 0.1044744  -0.49840166],[0.06710513 0.07364035]
790,0.7900000000000006,[0.1471842  1.12458766],[0.28260499 1.0915993 ],[ 0.10397919 -0.49886371],[0.06683271 0.07368148]
791,0.7910000000000006,[0.14746691 1.12567876],[0.28270897 1.09110044],[ 0.10348435 -0.49932967],[0.06656046 0.07372249]
792,0.7920000000000006,[0.14774973 1.12676937],[0.28281245 1.09060111],[ 0.10298987 -0.49979951],[0.0662884  0.07376338]
793,0.7930000000000006,[0.14803264 1.12785947],[0.28291544 1.09010131],[ 0.10249576 -0.50027322],[0.06601651 0.07380414]
794,0.7940000000000006,[0.14831566 1.12894907],[0.28301794 1.08960104],[ 0.10200202 -0.50075079],[0.0657448  0.07384479]
795,0.7950000000000006,[0.14859878 1.13003817],[0.28311994 1.08910029],[ 0.10150865 -0.50123219],[0.06547327 0.07388531]
796,0.7960000000000006,[0.148882   1.13112677],[0.28322145 1.08859905],[ 0.10101565 -0.50171741],[0.06520192 0.07392572]
797,0.7970000000000006,[0.14916532 1.13221486],[0.28332246 1.08809734],[ 0.10052302 -0.50220644],[0.06493075 0.073966  ]
798,0.7980000000000006,[0.14944875 1.13330246],[0.28342299 1.08759513],[ 0.10003076 -0.50269925],[0.06465976 0.07400616]
799,0.7990000000000006,[0.14973227 1.13438955],[0.28352302 1.08709243],[ 0.09953888 -0.50319583],[0.06438894 0.0740462 ]
800,0.8000000000000006,[0.15001589 1.13547614],[0.28362255 1.08658924],[ 0.09904736 -0.50369617],[0.06411831 0.07408612]
801,0.8010000000000006,[0.15029961 1.13656223],[0.2837216  1.08608554],[ 0.09855622 -0.50420026],[0.06384786 0.07412592]
802,0.8020000000000006,[0.15058343 1.13764781],[0.28382016 1.08558134],[ 0.09806546 -0.50470806],[0.06357758 0.0741656 ]
803,0.8030000000000006,[0.15086735 1.13873288],[0.28391822 1.08507663],[ 0.09757507 -0.50521957],[0.06330749 0.07420516]
804,0.8040000000000006,[0.15115137 1.13981746],[0.2840158  1.08457141],[ 0.09708505 -0.50573478],[0.06303758 0.0742446 ]
805,0.8050000000000006,[0.15143548 1.14090152],[0.28411288 1.08406568],[ 0.09659541 -0.50625367],[0.06276785 0.07428392]
806,0.8060000000000006,[0.15171969 1.14198508],[0.28420948 1.08355942],[ 0.09610615 -0.50677621],[0.0624983  0.07432312]
807,0.8070000000000006,[0.15200399 1.14306813],[0.28430559 1.08305265],[ 0.09561727 -0.50730241],[0.06222893 0.07436219]
808,0.8080000000000006,[0.1522884  1.14415068],[0.2844012  1.08254534],[ 0.09512876 -0.50783223],[0.06195975 0.07440115]
809,0.8090000000000006,[0.15257289 1.14523272],[0.28449633 1.08203751],[ 0.09464064 -0.50836568],[0.06169074 0.07443999]
810,0.8100000000000006,[0.15285748 1.14631425],[0.28459097 1.08152915],[ 0.09415289 -0.50890272],[0.06142192 0.07447871]
811,0.8110000000000006,[0.15314217 1.14739527],[0.28468513 1.08102024],[ 0.09366553 -0.50944336],[0.06115328 0.07451731]
812,0.8120000000000006,[0.15342695 1.14847578],[0.28477879 1.0805108 ],[ 0.09317854 -0.50998756],[0.06088483 0.07455579]
813,0.8130000000000006,[0.15371182 1.14955578],[0.28487197 1.08000081],[ 0.09269194 -0.51053532],[0.06061655 0.07459415]
814,0.8140000000000006,[0.15399678 1.15063527],[0.28496466 1.07949028],[ 0.09220572 -0.51108663],[0.06034846 0.07463239]
815,0.8150000000000006,[0.15428184 1.15171425],[0.28505687 1.07897919],[ 0.09171989 -0.51164147],[0.06008055 0.07467051]
816,0.8160000000000006,[0.15456699 1.15279271],[0.28514859 1.07846755],[ 0.09123444 -0.51219982],[0.05981283 0.07470851]
817,0.8170000000000006,[0.15485223 1.15387067],[0.28523982 1.07795535],[ 0.09074937 -0.51276167],[0.05954529 0.0747464 ]
818,0.8180000000000006,[0.15513756 1.15494811],[0.28533057 1.07744259],[ 0.09026469 -0.513327  ],[0.05927793 0.07478416]
819,0.8190000000000006,[0.15542298 1.15602504],[0.28542084 1.07692926],[ 0.0897804  -0.51389581],[0.05901076 0.07482181]
820,0.8200000000000006,[0.15570849 1.15710146],[0.28551062 1.07641537],[ 0.08929649 -0.51446808],[0.05874377 0.07485933]
821,0.8210000000000006,[0.15599409 1.15817736],[0.28559991 1.0759009 ],[ 0.08881297 -0.51504379],[0.05847697 0.07489674]
822,0.8220000000000006,[0.15627978 1.15925274],[0.28568873 1.07538585],[ 0.08832983 -0.51562294],[0.05821035 0.07493403]
823,0.8230000000000006,[0.15656556 1.16032761],[0.28577705 1.07487023],[ 0.08784709 -0.5162055 ],[0.05794392 0.0749712 ]
824,0.8240000000000006,[0.15685142 1.16140197],[0.2858649  1.07435403],[ 0.08736474 -0.51679146],[0.05767767 0.07500825]
825,0.8250000000000006,[0.15713737 1.16247581],[0.28595227 1.07383723],[ 0.08688277 -0.51738081],[0.05741161 0.07504518]
826,0.8260000000000006,[0.15742341 1.16354913],[0.28603915 1.07331985],[ 0.0864012  -0.51797354],[0.05714574 0.075082  ]
827,0.8270000000000006,[0.15770954 1.16462193],[0.28612555 1.07280188],[ 0.08592002 -0.51856964],[0.05688005 0.07511869]
828,0.8280000000000006,[0.15799575 1.16569421],[0.28621147 1.07228331],[ 0.08543923 -0.51916908],[0.05661455 0.07515527]
829,0.8290000000000006,[0.15828205 1.16676597],[0.28629691 1.07176414],[ 0.08495883 -0.51977186],[0.05634923 0.07519173]
830,0.8300000000000006,[0.15856843 1.16783722],[0.28638187 1.07124437],[ 0.08447883 -0.52037797],[0.0560841  0.07522808]
831,0.8310000000000006,[0.1588549  1.16890794],[0.28646635 1.07072399],[ 0.08399922 -0.52098738],[0.05581916 0.0752643 ]
832,0.8320000000000006,[0.15914145 1.16997815],[0.28655035 1.070203  ],[ 0.08352    -0.52160009],[0.0555544  0.07530041]
833,0.8330000000000006,[0.15942808 1.17104783],[0.28663387 1.0696814 ],[ 0.08304119 -0.52221609],[0.05528983 0.0753364 ]
834,0.8340000000000006,[0.1597148  1.17211699],[0.28671691 1.06915919],[ 0.08256276 -0.52283536],[0.05502545 0.07537227]
835,0.8350000000000006,[0.1600016  1.17318562],[0.28679947 1.06863635],[ 0.08208473 -0.52345789],[0.05476126 0.07540802]
836,0.8360000000000006,[0.16028848 1.17425374],[0.28688156 1.06811289],[ 0.08160711 -0.52408367],[0.05449725 0.07544366]
837,0.8370000000000006,[0.16057544 1.17532132],[0.28696316 1.06758881],[ 0.08112987 -0.52471268],[0.05423344 0.07547918]
838,0.8380000000000006,[0.16086249 1.17638839],[0.28704429 1.0670641 ],[ 0.08065304 -0.52534491],[0.05396981 0.07551458]
839,0.8390000000000006,[0.16114961 1.17745493],[0.28712495 1.06653875],[ 0.08017661 -0.52598036],[0.05370637 0.07554986]
840,0.8400000000000006,[0.16143682 1.17852094],[0.28720512 1.06601277],[ 0.07970057 -0.526619  ],[0.05344312 0.07558503]
841,0.8410000000000006,[0.1617241  1.17958643],[0.28728482 1.06548615],[ 0.07922494 -0.52726083],[0.05318006 0.07562008]
842,0.8420000000000006,[0.16201146 1.18065139],[0.28736405 1.06495889],[ 0.0787497  -0.52790583],[0.05291719 0.07565502]
843,0.8430000000000006,[0.16229891 1.18171582],[0.2874428  1.06443099],[ 0.07827487 -0.52855399],[0.05265451 0.07568983]
844,0.8440000000000006,[0.16258643 1.18277972],[0.28752107 1.06390243],[ 0.07780044 -0.52920531],[0.05239202 0.07572453]
845,0.8450000000000006,[0.16287403 1.18384309],[0.28759887 1.06337323],[ 0.07732642 -0.52985976],[0.05212972 0.07575912]
846,0.8460000000000006,[0.1631617  1.18490594],[0.2876762  1.06284337],[ 0.07685279 -0.53051733],[0.0518676  0.07579358]
847,0.8470000000000006,[0.16344946 1.18596825],[0.28775305 1.06231285],[ 0.07637958 -0.53117803],[0.05160568 0.07582794]
848,0.8480000000000006,[0.16373729 1.18703003],[0.28782943 1.06178167],[ 0.07590676 -0.53184182],[0.05134395 0.07586217]
849,0.8490000000000006,[0.16402519 1.18809128],[0.28790534 1.06124983],[ 0.07543435 -0.5325087 ],[0.05108242 0.07589629]
850,0.8500000000000006,[0.16431317 1.189152  ],[0.28798077 1.06071732],[ 0.07496235 -0.53317867],[0.05082107 0.07593029]
851,0.8510000000000006,[0.16460123 1.19021218],[0.28805573 1.06018414],[ 0.07449075 -0.5338517 ],[0.05055991 0.07596418]
852,0.8520000000000006,[0.16488936 1.19127183],[0.28813023 1.05965029],[ 0.07401956 -0.53452779],[0.05029895 0.07599795]
853,0.8530000000000006,[0.16517756 1.19233095],[0.28820425 1.05911576],[ 0.07354878 -0.53520693],[0.05003818 0.0760316 ]
854,0.8540000000000006,[0.16546584 1.19338953],[0.28827779 1.05858056],[ 0.0730784 -0.5358891],[0.04977759 0.07606514]
855,0.8550000000000006,[0.16575419 1.19444757],[0.28835087 1.05804467],[ 0.07260844 -0.53657429],[0.04951721 0.07609856]
856,0.8560000000000006,[0.16604261 1.19550508],[0.28842348 1.05750809],[ 0.07213888 -0.5372625 ],[0.04925701 0.07613187]
857,0.8570000000000007,[0.16633111 1.19656205],[0.28849562 1.05697083],[ 0.07166974 -0.53795371],[0.04899701 0.07616506]
858,0.8580000000000007,[0.16661968 1.19761848],[0.28856729 1.05643288],[ 0.071201   -0.53864791],[0.0487372  0.07619814]
859,0.8590000000000007,[0.16690832 1.19867438],[0.28863849 1.05589423],[ 0.07073268 -0.53934509],[0.04847758 0.0762311 ]
860,0.8600000000000007,[0.16719702 1.19972973],[0.28870922 1.05535488],[ 0.07026476 -0.54004523],[0.04821816 0.07626395]
861,0.8610000000000007,[0.1674858  1.20078455],[0.28877949 1.05481484],[ 0.06979726 -0.54074834],[0.04795893 0.07629668]
862,0.8620000000000007,[0.16777465 1.20183882],[0.28884929 1.05427409],[ 0.06933018 -0.54145439],[0.0476999 0.0763293]
863,0.8630000000000007,[0.16806357 1.20289255],[0.28891862 1.05373264],[ 0.0688635  -0.54216338],[0.04744105 0.0763618 ]
864,0.8640000000000007,[0.16835256 1.20394575],[0.28898748 1.05319047],[ 0.06839724 -0.5428753 ],[0.04718241 0.07639418]
865,0.8650000000000007,[0.16864162 1.20499839],[0.28905588 1.0526476 ],[ 0.0679314  -0.54359014],[0.04692395 0.07642646]
866,0.8660000000000007,[0.16893074 1.2060505 ],[0.28912381 1.05210401],[ 0.06746596 -0.54430788],[0.0466657  0.07645861]
867,0.8670000000000007,[0.16921993 1.20710206],[0.28919127 1.0515597 ],[ 0.06700095 -0.54502851],[0.04640763 0.07649066]
868,0.8680000000000007,[0.16950919 1.20815307],[0.28925827 1.05101467],[ 0.06653635 -0.54575203],[0.04614977 0.07652259]
869,0.8690000000000007,[0.16979851 1.20920354],[0.28932481 1.05046892],[ 0.06607217 -0.54647843],[0.04589209 0.0765544 ]
870,0.8700000000000007,[0.1700879  1.21025346],[0.28939088 1.04992244],[ 0.0656084  -0.54720769],[0.04563462 0.0765861 ]
871,0.8710000000000007,[0.17037736 1.21130284],[0.28945649 1.04937523],[ 0.06514506 -0.5479398 ],[0.04537734 0.07661769]
872,0.8720000000000007,[0.17066688 1.21235167],[0.28952164 1.04882729],[ 0.06468213 -0.54867476],[0.04512025 0.07664916]
873,0.8730000000000007,[0.17095647 1.21339994],[0.28958632 1.04827862],[ 0.06421962 -0.54941256],[0.04486336 0.07668052]
874,0.8740000000000007,[0.17124612 1.21444767],[0.28965054 1.04772921],[ 0.06375753 -0.55015318],[0.04460667 0.07671176]
875,0.8750000000000007,[0.17153583 1.21549485],[0.2897143  1.04717905],[ 0.06329586 -0.55089661],[0.04435018 0.07674289]
876,0.8760000000000007,[0.17182561 1.21654148],[0.28977759 1.04662816],[ 0.06283461 -0.55164286],[0.04409388 0.07677391]
877,0.8770000000000007,[0.17211545 1.21758756],[0.28984043 1.04607651],[ 0.06237378 -0.55239189],[0.04383778 0.07680481]
878,0.8780000000000007,[0.17240535 1.21863308],[0.2899028  1.04552412],[ 0.06191337 -0.55314372],[0.04358187 0.0768356 ]
879,0.8790000000000007,[0.17269532 1.21967805],[0.28996471 1.04497098],[ 0.06145339 -0.55389832],[0.04332617 0.07686628]
880,0.8800000000000007,[0.17298535 1.22072247],[0.29002617 1.04441708],[ 0.06099383 -0.55465569],[0.04307066 0.07689684]
881,0.8810000000000007,[0.17327543 1.22176633],[0.29008716 1.04386242],[ 0.06053469 -0.55541581],[0.04281535 0.0769273 ]
882,0.8820000000000007,[0.17356558 1.22280964],[0.2901477  1.04330701],[ 0.06007597 -0.55617869],[0.04256023 0.07695763]
883,0.8830000000000007,[0.17385579 1.22385239],[0.29020777 1.04275083],[ 0.05961768 -0.5569443 ],[0.04230532 0.07698786]
884,0.8840000000000007,[0.17414606 1.22489458],[0.29026739 1.04219388],[ 0.05915982 -0.55771264],[0.0420506  0.07701797]
885,0.8850000000000007,[0.17443638 1.22593622],[0.29032655 1.04163617],[ 0.05870238 -0.55848371],[0.04179609 0.07704797]
886,0.8860000000000007,[0.17472677 1.2269773 ],[0.29038525 1.04107769],[ 0.05824536 -0.55925748],[0.04154177 0.07707786]
887,0.8870000000000007,[0.17501721 1.22801782],[0.2904435  1.04051843],[ 0.05778877 -0.56003396],[0.04128765 0.07710763]
888,0.8880000000000007,[0.17530771 1.22905777],[0.29050129 1.0399584 ],[ 0.05733261 -0.56081313],[0.04103373 0.0771373 ]
889,0.8890000000000007,[0.17559827 1.23009717],[0.29055862 1.03939758],[ 0.05687688 -0.56159498],[0.04078001 0.07716685]
890,0.8900000000000007,[0.17588889 1.23113601],[0.29061549 1.03883599],[ 0.05642157 -0.56237951],[0.04052649 0.07719628]
891,0.8910000000000007,[0.17617956 1.23217428],[0.29067192 1.03827361],[ 0.0559667  -0.56316671],[0.04027317 0.07722561]
892,0.8920000000000007,[0.17647029 1.23321199],[0.29072788 1.03771044],[ 0.05551225 -0.56395656],[0.04002005 0.07725483]
893,0.8930000000000007,[0.17676107 1.23424914],[0.2907834  1.03714649],[ 0.05505823 -0.56474907],[0.03976714 0.07728393]
894,0.8940000000000007,[0.17705191 1.23528572],[0.29083845 1.03658174],[ 0.05460464 -0.56554421],[0.03951442 0.07731292]
895,0.8950000000000007,[0.1773428  1.23632174],[0.29089306 1.03601619],[ 0.05415148 -0.56634198],[0.0392619 0.0773418]
896,0.8960000000000007,[0.17763375 1.23735719],[0.29094721 1.03544985],[ 0.05369875 -0.56714238],[0.03900958 0.07737057]
897,0.8970000000000007,[0.17792475 1.23839207],[0.29100091 1.03488271],[ 0.05324646 -0.56794539],[0.03875747 0.07739922]
898,0.8980000000000007,[0.1782158  1.23942638],[0.29105415 1.03431476],[ 0.05279459 -0.568751  ],[0.03850556 0.07742777]
899,0.8990000000000007,[0.17850691 1.24046013],[0.29110695 1.03374601],[ 0.05234316 -0.56955922],[0.03825385 0.0774562 ]
900,0.9000000000000007,[0.17879807 1.24149331],[0.29115929 1.03317645],[ 0.05189216 -0.57037002],[0.03800234 0.07748452]
901,0.9010000000000007,[0.17908928 1.24252591],[0.29121118 1.03260608],[ 0.0514416 -0.5711834],[0.03775103 0.07751274]
902,0.9020000000000007,[0.17938054 1.24355795],[0.29126263 1.0320349 ],[ 0.05099147 -0.57199935],[0.03749992 0.07754084]
903,0.9030000000000007,[0.17967186 1.24458941],[0.29131362 1.0314629 ],[ 0.05054177 -0.57281787],[0.03724902 0.07756883]
904,0.9040000000000007,[0.17996322 1.2456203 ],[0.29136416 1.03089008],[ 0.05009251 -0.57363894],[0.03699832 0.07759671]
905,0.9050000000000007,[0.18025464 1.24665062],[0.29141425 1.03031644],[ 0.04964368 -0.57446256],[0.03674783 0.07762448]
906,0.9060000000000007,[0.1805461  1.24768036],[0.2914639  1.02974198],[ 0.04919529 -0.57528871],[0.03649753 0.07765214]
907,0.9070000000000007,[0.18083761 1.24870952],[0.29151309 1.02916669],[ 0.04874734 -0.5761174 ],[0.03624744 0.07767969]
908,0.9080000000000007,[0.18112917 1.24973812],[0.29156184 1.02859057],[ 0.04829982 -0.57694861],[0.03599756 0.07770712]
909,0.9090000000000007,[0.18142078 1.25076613],[0.29161014 1.02801363],[ 0.04785274 -0.57778234],[0.03574788 0.07773445]
910,0.9100000000000007,[0.18171244 1.25179356],[0.29165799 1.02743584],[ 0.04740609 -0.57861857],[0.0354984  0.07776167]
911,0.9110000000000007,[0.18200415 1.25282042],[0.2917054  1.02685722],[ 0.04695989 -0.5794573 ],[0.03524912 0.07778878]
912,0.9120000000000007,[0.1822959 1.2538467],[0.29175236 1.02627777],[ 0.04651412 -0.58029852],[0.03500005 0.07781578]
913,0.9130000000000007,[0.1825877 1.2548724],[0.29179887 1.02569747],[ 0.0460688  -0.58114223],[0.03475119 0.07784267]
914,0.9140000000000007,[0.18287954 1.25589751],[0.29184494 1.02511633],[ 0.04562391 -0.58198841],[0.03450253 0.07786945]
915,0.9150000000000007,[0.18317143 1.25692205],[0.29189056 1.02453434],[ 0.04517946 -0.58283705],[0.03425407 0.07789612]
916,0.9160000000000007,[0.18346337 1.257946  ],[0.29193574 1.0239515 ],[ 0.04473546 -0.58368816],[0.03400582 0.07792268]
917,0.9170000000000007,[0.18375535 1.25896937],[0.29198048 1.02336781],[ 0.04429189 -0.58454172],[0.03375778 0.07794913]
918,0.9180000000000007,[0.18404738 1.25999215],[0.29202477 1.02278327],[ 0.04384877 -0.58539772],[0.03350994 0.07797547]
919,0.9190000000000007,[0.18433944 1.26101435],[0.29206862 1.02219787],[ 0.04340608 -0.58625616],[0.03326231 0.07800171]
920,0.9200000000000007,[0.18463156 1.26203596],[0.29211203 1.02161162],[ 0.04296384 -0.58711703],[0.03301488 0.07802783]
921,0.9210000000000007,[0.18492371 1.26305698],[0.29215499 1.0210245 ],[ 0.04252205 -0.58798032],[0.03276766 0.07805385]
922,0.9220000000000007,[0.18521591 1.26407742],[0.29219751 1.02043652],[ 0.04208069 -0.58884602],[0.03252064 0.07807976]
923,0.9230000000000007,[0.18550815 1.26509727],[0.29223959 1.01984767],[ 0.04163978 -0.58971413],[0.03227384 0.07810556]
924,0.9240000000000007,[0.18580043 1.26611653],[0.29228123 1.01925796],[ 0.04119932 -0.59058464],[0.03202724 0.07813125]
925,0.9250000000000007,[0.18609275 1.26713519],[0.29232243 1.01866738],[ 0.04075929 -0.59145755],[0.03178084 0.07815683]
926,0.9260000000000007,[0.18638511 1.26815327],[0.29236319 1.01807592],[ 0.04031972 -0.59233283],[0.03153466 0.07818231]
927,0.9270000000000007,[0.18667752 1.26917075],[0.29240351 1.01748358],[ 0.03988059 -0.5932105 ],[0.03128868 0.07820767]
928,0.9280000000000007,[0.18696996 1.27018764],[0.29244339 1.01689037],[ 0.0394419  -0.59409053],[0.03104291 0.07823293]
929,0.9290000000000007,[0.18726244 1.27120394],[0.29248283 1.01629628],[ 0.03900366 -0.59497293],[0.03079734 0.07825808]
930,0.9300000000000007,[0.18755497 1.27221964],[0.29252184 1.01570131],[ 0.03856587 -0.59585768],[0.03055199 0.07828313]
931,0.9310000000000007,[0.18784753 1.27323475],[0.2925604  1.01510545],[ 0.03812853 -0.59674479],[0.03030684 0.07830806]
932,0.9320000000000007,[0.18814013 1.27424926],[0.29259853 1.01450871],[ 0.03769163 -0.59763423],[0.0300619  0.07833289]
933,0.9330000000000007,[0.18843276 1.27526317],[0.29263622 1.01391107],[ 0.03725518 -0.59852601],[0.02981717 0.07835761]
934,0.9340000000000007,[0.18872543 1.27627648],[0.29267348 1.01331255],[ 0.03681918 -0.59942011],[0.02957265 0.07838223]
935,0.9350000000000007,[0.18901815 1.27728919],[0.2927103  1.01271313],[ 0.03638363 -0.60031654],[0.02932834 0.07840673]
936,0.9360000000000007,[0.18931089 1.2783013 ],[0.29274668 1.01211281],[ 0.03594853 -0.60121528],[0.02908423 0.07843113]
937,0.9370000000000007,[0.18960367 1.27931282],[0.29278263 1.0115116 ],[ 0.03551387 -0.60211633],[0.02884034 0.07845543]
938,0.9380000000000007,[0.18989649 1.28032373],[0.29281814 1.01090948],[ 0.03507967 -0.60301967],[0.02859666 0.07847961]
939,0.9390000000000007,[0.19018935 1.28133403],[0.29285322 1.01030646],[ 0.03464592 -0.60392531],[0.02835318 0.07850369]
940,0.9400000000000007,[0.19048223 1.28234374],[0.29288787 1.00970254],[ 0.03421262 -0.60483324],[0.02810992 0.07852767]
941,0.9410000000000007,[0.19077516 1.28335283],[0.29292208 1.0090977 ],[ 0.03377977 -0.60574344],[0.02786687 0.07855153]
942,0.9420000000000007,[0.19106811 1.28436132],[0.29295586 1.00849196],[ 0.03334737 -0.60665592],[0.02762402 0.07857529]
943,0.9430000000000007,[0.1913611  1.28536921],[0.29298921 1.0078853 ],[ 0.03291543 -0.60757066],[0.02738139 0.07859895]
944,0.9440000000000007,[0.19165412 1.28637649],[0.29302212 1.00727773],[ 0.03248393 -0.60848767],[0.02713897 0.0786225 ]
945,0.9450000000000007,[0.19194718 1.28738316],[0.29305461 1.00666924],[ 0.03205289 -0.60940692],[0.02689676 0.07864594]
946,0.9460000000000007,[0.19224026 1.28838922],[0.29308666 1.00605984],[ 0.03162231 -0.61032842],[0.02665476 0.07866928]
947,0.9470000000000007,[0.19253338 1.28939467],[0.29311828 1.00544951],[ 0.03119217 -0.61125216],[0.02641297 0.07869251]
948,0.9480000000000007,[0.19282653 1.2903995 ],[0.29314947 1.00483826],[ 0.0307625  -0.61217814],[0.02617139 0.07871564]
949,0.9490000000000007,[0.19311971 1.29140373],[0.29318024 1.00422608],[ 0.03033327 -0.61310634],[0.02593003 0.07873866]
950,0.9500000000000007,[0.19341292 1.29240734],[0.29321057 1.00361297],[ 0.02990451 -0.61403676],[0.02568888 0.07876157]
951,0.9510000000000007,[0.19370616 1.29341034],[0.29324048 1.00299894],[ 0.02947619 -0.61496939],[0.02544794 0.07878438]
952,0.9520000000000007,[0.19399943 1.29441273],[0.29326995 1.00238397],[ 0.02904834 -0.61590423],[0.02520721 0.07880709]
953,0.9530000000000007,[0.19429273 1.29541449],[0.293299   1.00176806],[ 0.02862094 -0.61684127],[0.02496669 0.07882969]
954,0.9540000000000007,[0.19458606 1.29641565],[0.29332762 1.00115122],[ 0.02819399 -0.61778051],[0.02472639 0.07885218]
955,0.9550000000000007,[0.19487942 1.29741618],[0.29335581 1.00053344],[ 0.0277675  -0.61872193],[0.0244863  0.07887457]
956,0.9560000000000007,[0.1951728  1.29841609],[0.29338358 0.99991472],[ 0.02734147 -0.61966554],[0.02424642 0.07889686]
957,0.9570000000000007,[0.19546621 1.29941539],[0.29341092 0.99929505],[ 0.0269159  -0.62061132],[0.02400676 0.07891904]
958,0.9580000000000007,[0.19575965 1.30041406],[0.29343784 0.99867444],[ 0.02649079 -0.62155926],[0.02376731 0.07894112]
959,0.9590000000000007,[0.19605311 1.30141212],[0.29346433 0.99805288],[ 0.02606613 -0.62250938],[0.02352807 0.0789631 ]
960,0.9600000000000007,[0.1963466  1.30240955],[0.2934904  0.99743037],[ 0.02564194 -0.62346165],[0.02328905 0.07898497]
961,0.9610000000000007,[0.19664012 1.30340635],[0.29351604 0.99680691],[ 0.0252182  -0.62441607],[0.02305024 0.07900673]
962,0.9620000000000007,[0.19693366 1.30440254],[0.29354126 0.99618249],[ 0.02479492 -0.62537263],[0.02281165 0.07902839]
963,0.9630000000000007,[0.19722723 1.30539809],[0.29356605 0.99555712],[ 0.02437211 -0.62633133],[0.02257327 0.07904995]
964,0.9640000000000007,[0.19752082 1.30639302],[0.29359042 0.99493079],[ 0.02394975 -0.62729217],[0.02233511 0.07907141]
965,0.9650000000000007,[0.19781443 1.30738733],[0.29361437 0.9943035 ],[ 0.02352786 -0.62825513],[0.02209716 0.07909276]
966,0.9660000000000007,[0.19810807 1.308381  ],[0.2936379  0.99367524],[ 0.02310642 -0.62922021],[0.02185942 0.07911401]
967,0.9670000000000007,[0.19840173 1.30937405],[0.29366101 0.99304602],[ 0.02268545 -0.6301874 ],[0.0216219  0.07913515]
968,0.9680000000000007,[0.19869541 1.31036646],[0.29368369 0.99241584],[ 0.02226494 -0.63115671],[0.0213846 0.0791562]
969,0.9690000000000007,[0.19898912 1.31135825],[0.29370596 0.99178468],[ 0.02184489 -0.63212811],[0.02114751 0.07917714]
970,0.9700000000000008,[0.19928285 1.3123494 ],[0.2937278  0.99115255],[ 0.0214253  -0.63310161],[0.02091064 0.07919797]
971,0.9710000000000008,[0.1995766  1.31333992],[0.29374923 0.99051945],[ 0.02100618 -0.6340772 ],[0.02067398 0.07921871]
972,0.9720000000000008,[0.19987037 1.31432981],[0.29377023 0.98988537],[ 0.02058752 -0.63505488],[0.02043754 0.07923934]
973,0.9730000000000008,[0.20016416 1.31531906],[0.29379082 0.98925032],[ 0.02016933 -0.63603464],[0.02020132 0.07925987]
974,0.9740000000000008,[0.20045797 1.31630767],[0.29381099 0.98861428],[ 0.01975159 -0.63701646],[0.01996531 0.0792803 ]
975,0.9750000000000008,[0.2007518  1.31729565],[0.29383074 0.98797727],[ 0.01933433 -0.63800036],[0.01972952 0.07930062]
976,0.9760000000000008,[0.20104565 1.31828299],[0.29385008 0.98733927],[ 0.01891752 -0.63898632],[0.01949395 0.07932085]
977,0.9770000000000008,[0.20133952 1.31926969],[0.29386899 0.98670028],[ 0.01850119 -0.63997433],[0.01925859 0.07934097]
978,0.9780000000000008,[0.20163341 1.32025575],[0.2938875  0.98606031],[ 0.01808532 -0.64096439],[0.01902345 0.07936099]
979,0.9790000000000008,[0.20192731 1.32124117],[0.29390558 0.98541934],[ 0.01766991 -0.6419565 ],[0.01878853 0.07938091]
980,0.9800000000000008,[0.20222123 1.32222595],[0.29392325 0.98477738],[ 0.01725497 -0.64295064],[0.01855382 0.07940073]
981,0.9810000000000008,[0.20251518 1.32321008],[0.29394051 0.98413443],[ 0.0168405  -0.64394682],[0.01831934 0.07942044]
982,0.9820000000000008,[0.20280913 1.32419357],[0.29395735 0.98349049],[ 0.01642649 -0.64494502],[0.01808507 0.07944006]
983,0.9830000000000008,[0.20310311 1.32517642],[0.29397377 0.98284554],[ 0.01601295 -0.64594525],[0.01785102 0.07945957]
984,0.9840000000000008,[0.2033971  1.32615862],[0.29398979 0.9821996 ],[ 0.01559988 -0.64694749],[0.01761719 0.07947898]
985,0.9850000000000008,[0.2036911  1.32714017],[0.29400539 0.98155265],[ 0.01518728 -0.64795174],[0.01738358 0.0794983 ]
986,0.9860000000000008,[0.20398512 1.32812107],[0.29402057 0.9809047 ],[ 0.01477514 -0.648958  ],[0.01715018 0.07951751]
987,0.9870000000000008,[0.20427916 1.32910133],[0.29403535 0.98025574],[ 0.01436348 -0.64996625],[0.01691701 0.07953662]
988,0.9880000000000008,[0.20457321 1.33008093],[0.29404971 0.97960577],[ 0.01395228 -0.6509765 ],[0.01668405 0.07955563]
989,0.9890000000000008,[0.20486727 1.33105989],[0.29406366 0.9789548 ],[ 0.01354155 -0.65198874],[0.01645131 0.07957454]
990,0.9900000000000008,[0.20516135 1.33203819],[0.29407721 0.97830281],[ 0.01313129 -0.65300296],[0.0162188  0.07959335]
991,0.9910000000000008,[0.20545544 1.33301584],[0.29409034 0.97764981],[ 0.01272151 -0.65401916],[0.0159865  0.07961207]
992,0.9920000000000008,[0.20574954 1.33399284],[0.29410306 0.97699579],[ 0.01231219 -0.65503733],[0.01575442 0.07963068]
993,0.9930000000000008,[0.20604366 1.33496918],[0.29411537 0.97634075],[ 0.01190334 -0.65605747],[0.01552256 0.07964919]
994,0.9940000000000008,[0.20633778 1.33594486],[0.29412727 0.97568469],[ 0.01149496 -0.65707956],[0.01529093 0.0796676 ]
995,0.9950000000000008,[0.20663192 1.33691989],[0.29413877 0.97502761],[ 0.01108706 -0.65810362],[0.01505951 0.07968592]
996,0.9960000000000008,[0.20692607 1.33789426],[0.29414986 0.97436951],[ 0.01067962 -0.65912962],[0.01482831 0.07970413]
997,0.9970000000000008,[0.20722023 1.33886797],[0.29416054 0.97371038],[ 0.01027266 -0.66015757],[0.01459734 0.07972224]
998,0.9980000000000008,[0.2075144  1.33984102],[0.29417081 0.97305022],[ 0.00986617 -0.66118746],[0.01436658 0.07974026]
999,0.9990000000000008,[0.20780858 1.34081341],[0.29418067 0.97238903],[ 0.00946015 -0.66221928],[0.01413605 0.07975818]
1000,1.0000000000000007,[0.20810277 1.34178514],[0.29419013 0.97172681],[ 0.00905461 -0.66325303],[0.01390574 0.079776  ]
1001,1.0010000000000006,[0.20839697 1.3427562 ],[0.29419919 0.97106356],[ 0.00864954 -0.66428871],[0.01367565 0.07979372]
1002,1.0020000000000004,[0.20869118 1.3437266 ],[0.29420784 0.97039927],[ 0.00824494 -0.66532631],[0.01344578 0.07981134]
1003,1.0030000000000003,[0.2089854  1.34469633],[0.29421608 0.96973395],[ 0.00784081 -0.66636581],[0.01321613 0.07982886]
1004,1.0040000000000002,[0.20927962 1.3456654 ],[0.29422392 0.96906758],[ 0.00743716 -0.66740723],[0.01298671 0.07984629]
1005,1.0050000000000001,[0.20957385 1.3466338 ],[0.29423136 0.96840017],[ 0.00703399 -0.66845055],[0.0127575  0.07986362]
1006,1.006,[0.20986809 1.34760153],[0.2942384  0.96773172],[ 0.00663129 -0.66949577],[0.01252852 0.07988084]
1007,1.007,[0.21016234 1.34856859],[0.29424503 0.96706223],[ 0.00622906 -0.67054288],[0.01229977 0.07989798]
1008,1.0079999999999998,[0.21045659 1.34953499],[0.29425126 0.96639168],[ 0.00582731 -0.67159188],[0.01207123 0.07991501]
1009,1.0089999999999997,[0.21075084 1.35050071],[0.29425708 0.96572009],[ 0.00542603 -0.67264276],[0.01184292 0.07993195]
1010,1.0099999999999996,[0.21104511 1.35146575],[0.29426251 0.96504745],[ 0.00502523 -0.67369551],[0.01161483 0.07994879]
1011,1.0109999999999995,[0.21133937 1.35243013],[0.29426753 0.96437375],[ 0.00462491 -0.67475014],[0.01138696 0.07996553]
1012,1.0119999999999993,[0.21163365 1.35339383],[0.29427216 0.963699  ],[ 0.00422506 -0.67580664],[0.01115932 0.07998218]
1013,1.0129999999999992,[0.21192792 1.35435685],[0.29427638 0.9630232 ],[ 0.00382569 -0.676865  ],[0.0109319  0.07999873]
1014,1.0139999999999991,[0.2122222 1.3553192],[0.29428021 0.96234633],[ 0.0034268  -0.67792522],[0.01070471 0.08001518]
1015,1.014999999999999,[0.21251649 1.35628086],[0.29428364 0.96166841],[ 0.00302839 -0.67898729],[0.01047774 0.08003154]
1016,1.015999999999999,[0.21281077 1.35724185],[0.29428667 0.96098942],[ 0.00263045 -0.6800512 ],[0.01025099 0.0800478 ]
1017,1.0169999999999988,[0.21310506 1.35820216],[0.2942893  0.96030937],[ 0.00223299 -0.68111696],[0.01002447 0.08006396]
1018,1.0179999999999987,[0.21339935 1.35916179],[0.29429153 0.95962825],[ 0.00183601 -0.68218455],[0.00979817 0.08008003]
1019,1.0189999999999986,[0.21369365 1.36012074],[0.29429336 0.95894607],[ 0.0014395  -0.68325398],[0.0095721 0.080096 ]
1020,1.0199999999999985,[0.21398794 1.361079  ],[0.2942948  0.95826281],[ 0.00104348 -0.68432523],[0.00934625 0.08011188]
1021,1.0209999999999984,[0.21428224 1.36203658],[0.29429585 0.95757849],[ 6.47932413e-04 -6.85398310e-01],[0.00912063 0.08012766]
1022,1.0219999999999982,[0.21457654 1.36299347],[0.2942965  0.95689309],[ 2.52866216e-04 -6.86473203e-01],[0.00889523 0.08014334]
1023,1.0229999999999981,[0.21487083 1.36394968],[0.29429675 0.95620662],[-1.41720359e-04 -6.87549909e-01],[0.00867006 0.08015893]
1024,1.023999999999998,[0.21516513 1.3649052 ],[0.29429661 0.95551907],[-5.35827034e-04 -6.88628422e-01],[0.00844511 0.08017443]
1025,1.024999999999998,[0.21545942 1.36586003],[0.29429607 0.95483044],[-0.00092945 -0.68970874],[0.00822039 0.08018983]
1026,1.0259999999999978,[0.21575372 1.36681417],[0.29429514 0.95414073],[-0.0013226  -0.69079085],[0.00799589 0.08020513]
1027,1.0269999999999977,[0.21604801 1.36776762],[0.29429382 0.95344994],[-0.00171526 -0.69187476],[0.00777162 0.08022034]
1028,1.0279999999999976,[0.21634231 1.36872038],[0.2942921  0.95275806],[-0.00210745 -0.69296045],[0.00754758 0.08023546]
1029,1.0289999999999975,[0.2166366  1.36967244],[0.29429   0.9520651],[-0.00249915 -0.69404793],[0.00732376 0.08025048]
1030,1.0299999999999974,[0.21693088 1.37062381],[0.2942875  0.95137105],[-0.00289037 -0.69513718],[0.00710017 0.08026541]
1031,1.0309999999999973,[0.21722517 1.37157449],[0.29428461 0.95067592],[-0.00328111 -0.69622821],[0.00687681 0.08028024]
1032,1.0319999999999971,[0.21751945 1.37252447],[0.29428133 0.94997969],[-0.00367137 -0.69732101],[0.00665367 0.08029498]
1033,1.032999999999997,[0.21781373 1.37347375],[0.29427765 0.94928237],[-0.00406115 -0.69841557],[0.00643076 0.08030962]
1034,1.033999999999997,[0.218108   1.37442234],[0.29427359 0.94858395],[-0.00445044 -0.69951189],[0.00620808 0.08032417]
1035,1.0349999999999968,[0.21840227 1.37537022],[0.29426914 0.94788444],[-0.00483925 -0.70060997],[0.00598563 0.08033863]
1036,1.0359999999999967,[0.21869653 1.3763174 ],[0.2942643  0.94718383],[-0.00522758 -0.70170979],[0.0057634 0.080353 ]
1037,1.0369999999999966,[0.21899079 1.37726389],[0.29425908 0.94648212],[-0.00561542 -0.70281136],[0.0055414  0.08036727]
1038,1.0379999999999965,[0.21928505 1.37820966],[0.29425346 0.94577931],[-0.00600278 -0.70391467],[0.00531963 0.08038145]
1039,1.0389999999999964,[0.21957929 1.37915474],[0.29424746 0.9450754 ],[-0.00638966 -0.70501972],[0.00509809 0.08039553]
1040,1.0399999999999963,[0.21987354 1.38009911],[0.29424107 0.94437038],[-0.00677605 -0.70612649],[0.00487677 0.08040952]
1041,1.0409999999999962,[0.22016777 1.38104277],[0.29423429 0.94366425],[-0.00716196 -0.70723499],[0.00465569 0.08042342]
1042,1.041999999999996,[0.220462   1.38198573],[0.29422713 0.94295701],[-0.00754738 -0.70834522],[0.00443483 0.08043723]
1043,1.042999999999996,[0.22075622 1.38292798],[0.29421958 0.94224867],[-0.00793232 -0.70945716],[0.0042142  0.08045095]
1044,1.0439999999999958,[0.22105043 1.38386952],[0.29421165 0.94153921],[-0.00831677 -0.71057081],[0.0039938  0.08046457]
1045,1.0449999999999957,[0.22134463 1.38481035],[0.29420333 0.94082864],[-0.00870074 -0.71168616],[0.00377363 0.0804781 ]
1046,1.0459999999999956,[0.22163883 1.38575047],[0.29419463 0.94011695],[-0.00908422 -0.71280323],[0.00355369 0.08049154]
1047,1.0469999999999955,[0.22193301 1.38668987],[0.29418555 0.93940415],[-0.00946721 -0.71392198],[0.00333397 0.08050489]
1048,1.0479999999999954,[0.22222719 1.38762856],[0.29417608 0.93869023],[-0.00984972 -0.71504244],[0.00311449 0.08051815]
1049,1.0489999999999953,[0.22252135 1.38856653],[0.29416623 0.93797519],[-0.01023175 -0.71616458],[0.00289524 0.08053131]
1050,1.0499999999999952,[0.22281551 1.38950379],[0.294156   0.93725902],[-0.01061329 -0.7172884 ],[0.00267622 0.08054438]
1051,1.050999999999995,[0.22310965 1.39044034],[0.29414539 0.93654173],[-0.01099434 -0.71841391],[0.00245742 0.08055737]
1052,1.051999999999995,[0.22340379 1.39137616],[0.29413439 0.93582332],[-0.0113749  -0.71954108],[0.00223886 0.08057026]
1053,1.0529999999999948,[0.22369791 1.39231126],[0.29412302 0.93510378],[-0.01175497 -0.72066993],[0.00202053 0.08058306]
1054,1.0539999999999947,[0.22399202 1.39324565],[0.29411126 0.93438311],[-0.01213456 -0.72180045],[0.00180243 0.08059577]
1055,1.0549999999999946,[0.22428612 1.39417931],[0.29409913 0.93366131],[-0.01251366 -0.72293262],[0.00158456 0.08060839]
1056,1.0559999999999945,[0.22458021 1.39511225],[0.29408661 0.93293838],[-0.01289228 -0.72406646],[0.00136692 0.08062092]
1057,1.0569999999999944,[0.22487428 1.39604446],[0.29407372 0.93221431],[-0.0132704  -0.72520194],[0.00114951 0.08063336]
1058,1.0579999999999943,[0.22516834 1.39697595],[0.29406045 0.93148911],[-0.01364804 -0.72633907],[0.00093233 0.08064571]
1059,1.0589999999999942,[0.22546239 1.39790671],[0.2940468  0.93076277],[-0.01402519 -0.72747785],[0.00071538 0.08065797]
1060,1.059999999999994,[0.22575642 1.39883675],[0.29403278 0.93003529],[-0.01440184 -0.72861826],[0.00049867 0.08067014]
1061,1.060999999999994,[0.22605044 1.39976605],[0.29401838 0.92930667],[-0.01477801 -0.7297603 ],[0.00028219 0.08068222]
1062,1.0619999999999938,[0.22634445 1.40069463],[0.2940036  0.92857691],[-0.01515369 -0.73090398],[6.59367729e-05 8.06942169e-02]
1063,1.0629999999999937,[0.22663843 1.40162248],[0.29398844 0.92784601],[-0.01552888 -0.73204928],[-0.00015008  0.08070612]
1064,1.0639999999999936,[0.22693241 1.40254959],[0.29397292 0.92711396],[-0.01590359 -0.7331962 ],[-0.00036587  0.08071793]
1065,1.0649999999999935,[0.22722636 1.40347597],[0.29395701 0.92638076],[-0.0162778  -0.73434474],[-0.00058142  0.08072966]
1066,1.0659999999999934,[0.2275203  1.40440162],[0.29394073 0.92564642],[-0.01665152 -0.73549488],[-0.00079674  0.0807413 ]
1067,1.0669999999999933,[0.22781423 1.40532653],[0.29392408 0.92491092],[-0.01702475 -0.73664664],[-0.00101183  0.08075284]
1068,1.0679999999999932,[0.22810814 1.4062507 ],[0.29390706 0.92417428],[-0.01739749 -0.73779999],[-0.00122669  0.0807643 ]
1069,1.068999999999993,[0.22840202 1.40717414],[0.29388966 0.92343648],[-0.01776974 -0.73895495],[-0.00144131  0.08077568]
1070,1.069999999999993,[0.2286959  1.40809684],[0.29387189 0.92269752],[-0.0181415  -0.74011149],[-0.0016557   0.08078696]
1071,1.0709999999999928,[0.22898975 1.40901879],[0.29385375 0.92195741],[-0.01851276 -0.74126963],[-0.00186986  0.08079816]
1072,1.0719999999999927,[0.22928359 1.40994001],[0.29383524 0.92121614],[-0.01888354 -0.74242935],[-0.00208378  0.08080926]
1073,1.0729999999999926,[0.2295774  1.41086048],[0.29381635 0.92047371],[-0.01925382 -0.74359065],[-0.00229747  0.08082029]
1074,1.0739999999999925,[0.2298712  1.41178021],[0.2937971  0.91973012],[-0.01962362 -0.74475353],[-0.00251092  0.08083122]
1075,1.0749999999999924,[0.23016498 1.4126992 ],[0.29377748 0.91898537],[-0.01999292 -0.74591797],[-0.00272415  0.08084207]
1076,1.0759999999999923,[0.23045873 1.41361744],[0.29375748 0.91823945],[-0.02036172 -0.74708398],[-0.00293713  0.08085283]
1077,1.0769999999999922,[0.23075247 1.41453493],[0.29373712 0.91749236],[-0.02073004 -0.74825156],[-0.00314988  0.0808635 ]
1078,1.077999999999992,[0.23104619 1.41545168],[0.29371639 0.91674411],[-0.02109786 -0.74942069],[-0.0033624   0.08087408]
1079,1.078999999999992,[0.23133988 1.41636767],[0.29369529 0.91599469],[-0.02146519 -0.75059138],[-0.00357469  0.08088458]
1080,1.0799999999999919,[0.23163356 1.41728291],[0.29367383 0.9152441 ],[-0.02183203 -0.75176361],[-0.00378674  0.080895  ]
1081,1.0809999999999917,[0.23192721 1.41819741],[0.293652   0.91449234],[-0.02219837 -0.75293739],[-0.00399855  0.08090532]
1082,1.0819999999999916,[0.23222084 1.41911115],[0.2936298 0.9137394],[-0.02256422 -0.75411271],[-0.00421013  0.08091557]
1083,1.0829999999999915,[0.23251445 1.42002413],[0.29360723 0.91298529],[-0.02292958 -0.75528956],[-0.00442147  0.08092572]
1084,1.0839999999999914,[0.23280803 1.42093636],[0.2935843 0.91223  ],[-0.02329444 -0.75646795],[-0.00463258  0.08093579]
1085,1.0849999999999913,[0.23310159 1.42184783],[0.29356101 0.91147353],[-0.02365881 -0.75764786],[-0.00484345  0.08094578]
1086,1.0859999999999912,[0.23339513 1.42275855],[0.29353735 0.91071588],[-0.02402269 -0.75882929],[-0.00505409  0.08095567]
1087,1.086999999999991,[0.23368864 1.42366851],[0.29351333 0.90995705],[-0.02438607 -0.76001224],[-0.00526449  0.08096549]
1088,1.087999999999991,[0.23398213 1.4245777 ],[0.29348894 0.90919704],[-0.02474896 -0.76119671],[-0.00547466  0.08097522]
1089,1.0889999999999909,[0.2342756  1.42548614],[0.29346419 0.90843584],[-0.02511135 -0.76238268],[-0.00568459  0.08098486]
1090,1.0899999999999908,[0.23456903 1.42639381],[0.29343908 0.90767346],[-0.02547324 -0.76357016],[-0.00589428  0.08099442]
1091,1.0909999999999906,[0.23486245 1.42730072],[0.29341361 0.90690989],[-0.02583465 -0.76475914],[-0.00610373  0.0810039 ]
1092,1.0919999999999905,[0.23515584 1.42820687],[0.29338777 0.90614513],[-0.02619555 -0.76594962],[-0.00631295  0.08101329]
1093,1.0929999999999904,[0.2354492  1.42911225],[0.29336158 0.90537918],[-0.02655596 -0.76714159],[-0.00652194  0.08102259]
1094,1.0939999999999903,[0.23574253 1.43001686],[0.29333502 0.90461204],[-0.02691588 -0.76833504],[-0.00673068  0.08103182]
1095,1.0949999999999902,[0.23603584 1.4309207 ],[0.29330811 0.90384371],[-0.0272753  -0.76952998],[-0.00693919  0.08104096]
1096,1.09599999999999,[0.23632912 1.43182378],[0.29328083 0.90307418],[-0.02763422 -0.77072639],[-0.00714746  0.08105001]
1097,1.09699999999999,[0.23662237 1.43272608],[0.2932532  0.90230345],[-0.02799265 -0.77192428],[-0.0073555   0.08105898]
1098,1.0979999999999899,[0.2369156  1.43362761],[0.2932252  0.90153152],[-0.02835058 -0.77312364],[-0.00756329  0.08106787]
1099,1.0989999999999898,[0.2372088  1.43452837],[0.29319685 0.9007584 ],[-0.02870802 -0.77432447],[-0.00777085  0.08107668]
1100,1.0999999999999897,[0.23750196 1.43542836],[0.29316815 0.89998408],[-0.02906496 -0.77552675],[-0.00797817  0.0810854 ]
1101,1.1009999999999895,[0.2377951  1.43632756],[0.29313908 0.89920855],[-0.0294214  -0.77673049],[-0.00818526  0.08109404]
1102,1.1019999999999894,[0.23808821 1.437226  ],[0.29310966 0.89843182],[-0.02977735 -0.77793569],[-0.0083921  0.0811026]
1103,1.1029999999999893,[0.23838129 1.43812365],[0.29307988 0.89765388],[-0.03013279 -0.77914233],[-0.00859871  0.08111107]
1104,1.1039999999999892,[0.23867434 1.43902052],[0.29304975 0.89687474],[-0.03048774 -0.78035042],[-0.00880508  0.08111946]
1105,1.104999999999989,[0.23896736 1.43991662],[0.29301926 0.89609439],[-0.0308422  -0.78155994],[-0.00901121  0.08112777]
1106,1.105999999999989,[0.23926035 1.44081193],[0.29298842 0.89531283],[-0.03119615 -0.7827709 ],[-0.0092171  0.081136 ]
1107,1.1069999999999889,[0.23955331 1.44170646],[0.29295722 0.89453006],[-0.03154961 -0.78398329],[-0.00942275  0.08114415]
1108,1.1079999999999888,[0.23984623 1.44260021],[0.29292567 0.89374608],[-0.03190257 -0.78519711],[-0.00962816  0.08115222]
1109,1.1089999999999887,[0.24013913 1.44349317],[0.29289377 0.89296088],[-0.03225504 -0.78641235],[-0.00983333  0.0811602 ]
1110,1.1099999999999886,[0.24043199 1.44438534],[0.29286152 0.89217447],[-0.032607 -0.787629],[-0.01003827  0.0811681 ]
1111,1.1109999999999884,[0.24072482 1.44527673],[0.29282891 0.89138684],[-0.03295847 -0.78884707],[-0.01024296  0.08117593]
1112,1.1119999999999883,[0.24101761 1.44616733],[0.29279595 0.89059799],[-0.03330943 -0.79006655],[-0.01044742  0.08118367]
1113,1.1129999999999882,[0.24131038 1.44705714],[0.29276264 0.88980792],[-0.0336599  -0.79128743],[-0.01065163  0.08119133]
1114,1.113999999999988,[0.24160311 1.44794615],[0.29272898 0.88901664],[-0.03400987 -0.79250971],[-0.01085561  0.08119891]
1115,1.114999999999988,[0.2418958  1.44883438],[0.29269497 0.88822413],[-0.03435934 -0.79373339],[-0.01105935  0.08120641]
1116,1.115999999999988,[0.24218846 1.44972181],[0.29266061 0.88743039],[-0.03470832 -0.79495846],[-0.01126284  0.08121383]
1117,1.1169999999999878,[0.24248109 1.45060844],[0.2926259  0.88663544],[-0.03505679 -0.79618492],[-0.0114661   0.08122117]
1118,1.1179999999999877,[0.24277368 1.45149428],[0.29259085 0.88583925],[-0.03540476 -0.79741275],[-0.01166911  0.08122843]
1119,1.1189999999999876,[0.24306623 1.45237932],[0.29255544 0.88504184],[-0.03575224 -0.79864197],[-0.01187188  0.08123561]
1120,1.1199999999999875,[0.24335875 1.45326357],[0.29251969 0.8842432 ],[-0.03609921 -0.79987256],[-0.01207442  0.08124271]
1121,1.1209999999999873,[0.24365124 1.45414701],[0.29248359 0.88344332],[-0.03644569 -0.80110452],[-0.01227671  0.08124973]
1122,1.1219999999999872,[0.24394368 1.45502965],[0.29244714 0.88264222],[-0.03679167 -0.80233785],[-0.01247876  0.08125667]
1123,1.1229999999999871,[0.24423609 1.45591149],[0.29241035 0.88183988],[-0.03713714 -0.80357254],[-0.01268057  0.08126354]
1124,1.123999999999987,[0.24452847 1.45679253],[0.29237322 0.88103631],[-0.03748212 -0.80480858],[-0.01288214  0.08127032]
1125,1.124999999999987,[0.2448208  1.45767276],[0.29233573 0.8802315 ],[-0.03782659 -0.80604598],[-0.01308346  0.08127703]
1126,1.1259999999999868,[0.2451131  1.45855219],[0.29229791 0.87942545],[-0.03817057 -0.80728472],[-0.01328455  0.08128366]
1127,1.1269999999999867,[0.24540536 1.4594308 ],[0.29225974 0.87861817],[-0.03851404 -0.80852481],[-0.01348539  0.08129021]
1128,1.1279999999999866,[0.24569758 1.46030861],[0.29222122 0.87780964],[-0.03885702 -0.80976623],[-0.01368599  0.08129668]
1129,1.1289999999999865,[0.24598976 1.46118561],[0.29218237 0.87699988],[-0.03919949 -0.811009  ],[-0.01388635  0.08130308]
1130,1.1299999999999863,[0.24628191 1.4620618 ],[0.29214317 0.87618887],[-0.03954146 -0.81225309],[-0.01408647  0.08130939]
1131,1.1309999999999862,[0.24657401 1.46293718],[0.29210362 0.87537662],[-0.03988293 -0.81349851],[-0.01428635  0.08131563]
1132,1.1319999999999861,[0.24686607 1.46381174],[0.29206374 0.87456312],[-0.0402239  -0.81474525],[-0.01448598  0.0813218 ]
1133,1.132999999999986,[0.2471581  1.46468549],[0.29202352 0.87374837],[-0.04056437 -0.8159933 ],[-0.01468537  0.08132788]
1134,1.133999999999986,[0.24745008 1.46555842],[0.29198295 0.87293238],[-0.04090434 -0.81724268],[-0.01488451  0.08133389]
1135,1.1349999999999858,[0.24774202 1.46643054],[0.29194205 0.87211514],[-0.04124381 -0.81849335],[-0.01508342  0.08133982]
1136,1.1359999999999857,[0.24803392 1.46730183],[0.29190081 0.87129664],[-0.04158277 -0.81974534],[-0.01528208  0.08134568]
1137,1.1369999999999856,[0.24832578 1.46817231],[0.29185922 0.8704769 ],[-0.04192123 -0.82099862],[-0.0154805   0.08135146]
1138,1.1379999999999855,[0.2486176  1.46904197],[0.2918173 0.8696559],[-0.04225919 -0.8222532 ],[-0.01567867  0.08135716]
1139,1.1389999999999854,[0.24890938 1.4699108 ],[0.29177504 0.86883365],[-0.04259665 -0.82350907],[-0.0158766   0.08136279]
1140,1.1399999999999852,[0.24920111 1.47077881],[0.29173245 0.86801014],[-0.04293361 -0.82476623],[-0.01607429  0.08136834]
1141,1.1409999999999851,[0.2494928 1.471646 ],[0.29168951 0.86718537],[-0.04327007 -0.82602467],[-0.01627173  0.08137381]
1142,1.141999999999985,[0.24978444 1.47251236],[0.29164624 0.86635935],[-0.04360602 -0.82728439],[-0.01646893  0.08137922]
1143,1.142999999999985,[0.25007605 1.47337789],[0.29160264 0.86553206],[-0.04394147 -0.82854538],[-0.01666588  0.08138454]
1144,1.1439999999999848,[0.2503676  1.47424259],[0.29155869 0.86470352],[-0.04427642 -0.82980764],[-0.0168626   0.08138979]
1145,1.1449999999999847,[0.25065912 1.47510647],[0.29151442 0.86387371],[-0.04461086 -0.83107117],[-0.01705906  0.08139497]
1146,1.1459999999999846,[0.25095059 1.47596951],[0.29146981 0.86304264],[-0.04494481 -0.83233596],[-0.01725528  0.08140007]
1147,1.1469999999999845,[0.25124201 1.47683172],[0.29142486 0.8622103 ],[-0.04527825 -0.833602  ],[-0.01745126  0.08140509]
1148,1.1479999999999844,[0.25153339 1.47769309],[0.29137958 0.8613767 ],[-0.04561119 -0.8348693 ],[-0.017647    0.08141004]
1149,1.1489999999999843,[0.25182473 1.47855364],[0.29133397 0.86054183],[-0.04594362 -0.83613784],[-0.01784248  0.08141492]
1150,1.1499999999999841,[0.25211602 1.47941334],[0.29128803 0.85970569],[-0.04627555 -0.83740763],[-0.01803773  0.08141973]
1151,1.150999999999984,[0.25240726 1.48027221],[0.29124175 0.85886828],[-0.04660698 -0.83867865],[-0.01823272  0.08142446]
1152,1.151999999999984,[0.25269845 1.48113024],[0.29119515 0.85802961],[-0.04693791 -0.83995091],[-0.01842748  0.08142911]
1153,1.1529999999999838,[0.2529896  1.48198743],[0.29114821 0.85718966],[-0.04726833 -0.8412244 ],[-0.01862198  0.0814337 ]
1154,1.1539999999999837,[0.2532807  1.48284378],[0.29110094 0.85634843],[-0.04759825 -0.84249912],[-0.01881625  0.08143821]
1155,1.1549999999999836,[0.25357175 1.48369928],[0.29105334 0.85550593],[-0.04792766 -0.84377505],[-0.01901026  0.08144264]
1156,1.1559999999999835,[0.25386276 1.48455395],[0.29100541 0.85466216],[-0.04825657 -0.8450522 ],[-0.01920403  0.08144701]
1157,1.1569999999999834,[0.25415372 1.48540776],[0.29095716 0.8538171 ],[-0.04858498 -0.84633057],[-0.01939756  0.0814513 ]
1158,1.1579999999999833,[0.25444463 1.48626073],[0.29090857 0.85297077],[-0.04891288 -0.84761014],[-0.01959083  0.08145552]
1159,1.1589999999999832,[0.25473549 1.48711286],[0.29085966 0.85212316],[-0.04924029 -0.84889092],[-0.01978387  0.08145967]
1160,1.159999999999983,[0.2550263  1.48796413],[0.29081042 0.85127427],[-0.04956718 -0.85017289],[-0.01997665  0.08146374]
1161,1.160999999999983,[0.25531706 1.48881456],[0.29076085 0.8504241 ],[-0.04989357 -0.85145607],[-0.02016919  0.08146775]
1162,1.1619999999999828,[0.25560777 1.48966413],[0.29071096 0.84957264],[-0.05021946 -0.85274043],[-0.02036148  0.08147168]
1163,1.1629999999999827,[0.25589843 1.49051285],[0.29066074 0.8487199 ],[-0.05054485 -0.85402597],[-0.02055353  0.08147554]
1164,1.1639999999999826,[0.25618904 1.49136071],[0.29061019 0.84786588],[-0.05086973 -0.8553127 ],[-0.02074533  0.08147933]
1165,1.1649999999999825,[0.2564796  1.49220772],[0.29055932 0.84701056],[-0.0511941 -0.8566006],[-0.02093688  0.08148305]
1166,1.1659999999999824,[0.25677011 1.49305388],[0.29050813 0.84615396],[-0.05151797 -0.85788968],[-0.02112819  0.08148669]
1167,1.1669999999999823,[0.25706056 1.49389917],[0.29045661 0.84529607],[-0.05184134 -0.85917993],[-0.02131924  0.08149027]
1168,1.1679999999999822,[0.25735097 1.49474361],[0.29040477 0.84443689],[-0.0521642  -0.86047134],[-0.02151005  0.08149378]
1169,1.168999999999982,[0.25764132 1.49558719],[0.29035261 0.84357642],[-0.05248656 -0.8617639 ],[-0.02170062  0.08149721]
1170,1.169999999999982,[0.25793162 1.4964299 ],[0.29030012 0.84271466],[-0.05280842 -0.86305763],[-0.02189093  0.08150058]
1171,1.1709999999999818,[0.25822187 1.49727175],[0.29024731 0.8418516 ],[-0.05312976 -0.8643525 ],[-0.022081    0.08150387]
1172,1.1719999999999817,[0.25851206 1.49811274],[0.29019418 0.84098725],[-0.05345061 -0.86564852],[-0.02227082  0.0815071 ]
1173,1.1729999999999816,[0.2588022  1.49895286],[0.29014073 0.8401216 ],[-0.05377095 -0.86694568],[-0.02246039  0.08151026]
1174,1.1739999999999815,[0.25909229 1.49979212],[0.29008696 0.83925466],[-0.05409078 -0.86824397],[-0.02264971  0.08151334]
1175,1.1749999999999814,[0.25938232 1.5006305 ],[0.29003287 0.83838641],[-0.05441011 -0.8695434 ],[-0.02283878  0.08151636]
1176,1.1759999999999813,[0.2596723  1.50146802],[0.28997846 0.83751687],[-0.05472893 -0.87084396],[-0.02302761  0.08151931]
1177,1.1769999999999812,[0.25996222 1.50230467],[0.28992373 0.83664602],[-0.05504725 -0.87214564],[-0.02321619  0.08152219]
1178,1.177999999999981,[0.26025209 1.50314044],[0.28986868 0.83577388],[-0.05536507 -0.87344843],[-0.02340452  0.081525  ]
1179,1.178999999999981,[0.26054191 1.50397534],[0.28981332 0.83490043],[-0.05568238 -0.87475235],[-0.0235926   0.08152775]
1180,1.1799999999999808,[0.26083166 1.50480937],[0.28975764 0.83402568],[-0.05599918 -0.87605737],[-0.02378043  0.08153042]
1181,1.1809999999999807,[0.26112137 1.50564252],[0.28970164 0.83314962],[-0.05631548 -0.8773635 ],[-0.02396801  0.08153303]
1182,1.1819999999999806,[0.26141101 1.50647479],[0.28964532 0.83227226],[-0.05663127 -0.87867072],[-0.02415534  0.08153557]
1183,1.1829999999999805,[0.2617006  1.50730618],[0.28958869 0.83139359],[-0.05694656 -0.87997905],[-0.02434243  0.08153804]
1184,1.1839999999999804,[0.26199013 1.5081367 ],[0.28953174 0.83051361],[-0.05726134 -0.88128846],[-0.02452926  0.08154045]
1185,1.1849999999999803,[0.26227961 1.50896633],[0.28947448 0.82963232],[-0.05757561 -0.88259897],[-0.02471585  0.08154278]
1186,1.1859999999999802,[0.26256902 1.50979508],[0.28941691 0.82874972],[-0.05788939 -0.88391055],[-0.02490218  0.08154505]
1187,1.18699999999998,[0.26285838 1.51062294],[0.28935902 0.82786581],[-0.05820265 -0.88522322],[-0.02508827  0.08154726]
1188,1.18799999999998,[0.26314768 1.51144992],[0.28930081 0.82698059],[-0.05851541 -0.88653695],[-0.0252741   0.08154939]
1189,1.1889999999999799,[0.26343693 1.51227602],[0.2892423  0.82609405],[-0.05882766 -0.88785176],[-0.02545969  0.08155147]
1190,1.1899999999999797,[0.26372611 1.51310123],[0.28918347 0.8252062 ],[-0.05913941 -0.88916763],[-0.02564502  0.08155347]
1191,1.1909999999999796,[0.26401523 1.51392554],[0.28912433 0.82431703],[-0.05945065 -0.89048456],[-0.0258301   0.08155541]
1192,1.1919999999999795,[0.2643043  1.51474897],[0.28906488 0.82342654],[-0.05976139 -0.89180255],[-0.02601494  0.08155728]
1193,1.1929999999999794,[0.2645933 1.5155715],[0.28900512 0.82253474],[-0.06007162 -0.89312158],[-0.02619952  0.08155909]
1194,1.1939999999999793,[0.26488225 1.51639314],[0.28894505 0.82164162],[-0.06038135 -0.89444167],[-0.02638385  0.08156083]
1195,1.1949999999999792,[0.26517113 1.51721389],[0.28888467 0.82074718],[-0.06069056 -0.89576279],[-0.02656794  0.08156251]
1196,1.195999999999979,[0.26545996 1.51803374],[0.28882398 0.81985142],[-0.06099928 -0.89708495],[-0.02675177  0.08156412]
1197,1.196999999999979,[0.26574872 1.5188527 ],[0.28876298 0.81895433],[-0.06130748 -0.89840814],[-0.02693535  0.08156566]
1198,1.1979999999999789,[0.26603742 1.51967075],[0.28870167 0.81805592],[-0.06161518 -0.89973236],[-0.02711868  0.08156714]
1199,1.1989999999999787,[0.26632606 1.52048791],[0.28864005 0.81715619],[-0.06192238 -0.90105761],[-0.02730175  0.08156856]
1200,1.1999999999999786,[0.26661464 1.52130417],[0.28857813 0.81625513],[-0.06222907 -0.90238387],[-0.02748458  0.08156992]
1201,1.2009999999999785,[0.26690316 1.52211952],[0.2885159  0.81535275],[-0.06253525 -0.90371115],[-0.02766715  0.0815712 ]
1202,1.2019999999999784,[0.26719161 1.52293397],[0.28845337 0.81444904],[-0.06284093 -0.90503943],[-0.02784948  0.08157243]
1203,1.2029999999999783,[0.26748    1.52374751],[0.28839053 0.813544  ],[-0.0631461  -0.90636872],[-0.02803155  0.08157359]
1204,1.2039999999999782,[0.26776833 1.52456015],[0.28832738 0.81263763],[-0.06345076 -0.90769901],[-0.02821337  0.08157469]
1205,1.204999999999978,[0.26805659 1.52537188],[0.28826393 0.81172993],[-0.06375492 -0.9090303 ],[-0.02839493  0.08157572]
1206,1.205999999999978,[0.26834479 1.5261827 ],[0.28820018 0.8108209 ],[-0.06405857 -0.91036257],[-0.02857625  0.0815767 ]
1207,1.2069999999999779,[0.26863293 1.52699261],[0.28813612 0.80991054],[-0.06436171 -0.91169583],[-0.02875731  0.08157761]
1208,1.2079999999999778,[0.268921   1.52780161],[0.28807176 0.80899884],[-0.06466435 -0.91303008],[-0.02893812  0.08157845]
1209,1.2089999999999776,[0.26920901 1.52860969],[0.28800709 0.80808581],[-0.06496649 -0.9143653 ],[-0.02911868  0.08157924]
1210,1.2099999999999775,[0.26949695 1.52941687],[0.28794212 0.80717145],[-0.06526811 -0.91570149],[-0.02929899  0.08157996]
1211,1.2109999999999774,[0.26978482 1.53022312],[0.28787686 0.80625575],[-0.06556923 -0.91703865],[-0.02947904  0.08158062]
1212,1.2119999999999773,[0.27007264 1.53102846],[0.28781129 0.80533871],[-0.06586984 -0.91837677],[-0.02965884  0.08158122]
1213,1.2129999999999772,[0.27036038 1.53183288],[0.28774542 0.80442033],[-0.06616995 -0.91971585],[-0.02983838  0.08158175]
1214,1.213999999999977,[0.27064806 1.53263638],[0.28767925 0.80350061],[-0.06646955 -0.92105588],[-0.03001768  0.08158223]
1215,1.214999999999977,[0.27093567 1.53343896],[0.28761278 0.80257956],[-0.06676865 -0.92239686],[-0.03019672  0.08158264]
1216,1.2159999999999769,[0.27122322 1.53424062],[0.28754601 0.80165716],[-0.06706723 -0.92373878],[-0.0303755   0.08158299]
1217,1.2169999999999768,[0.2715107  1.53504135],[0.28747894 0.80073342],[-0.06736532 -0.92508165],[-0.03055404  0.08158328]
1218,1.2179999999999767,[0.27179811 1.53584116],[0.28741158 0.79980834],[-0.06766289 -0.92642544],[-0.03073232  0.08158352]
1219,1.2189999999999765,[0.27208545 1.53664004],[0.28734391 0.79888192],[-0.06795996 -0.92777017],[-0.03091034  0.08158369]
1220,1.2199999999999764,[0.27237273 1.537438  ],[0.28727595 0.79795415],[-0.06825652 -0.92911582],[-0.03108812  0.0815838 ]
1221,1.2209999999999763,[0.27265994 1.53823502],[0.2872077  0.79702503],[-0.06855258 -0.93046239],[-0.03126564  0.08158385]
1222,1.2219999999999762,[0.27294708 1.53903112],[0.28713914 0.79609457],[-0.06884813 -0.93180988],[-0.0314429   0.08158384]
1223,1.222999999999976,[0.27323415 1.53982628],[0.2870703  0.79516276],[-0.06914317 -0.93315827],[-0.03161991  0.08158377]
1224,1.223999999999976,[0.27352115 1.54062051],[0.28700115 0.7942296 ],[-0.06943771 -0.93450758],[-0.03179667  0.08158364]
1225,1.2249999999999759,[0.27380808 1.5414138 ],[0.28693172 0.79329509],[-0.06973174 -0.93585778],[-0.03197317  0.08158345]
1226,1.2259999999999758,[0.27409494 1.54220616],[0.28686198 0.79235923],[-0.07002526 -0.93720888],[-0.03214942  0.08158321]
1227,1.2269999999999757,[0.27438173 1.54299758],[0.28679196 0.79142202],[-0.07031828 -0.93856087],[-0.03232541  0.0815829 ]
1228,1.2279999999999756,[0.27466846 1.54378807],[0.28672164 0.79048346],[-0.07061079 -0.93991374],[-0.03250115  0.08158254]
1229,1.2289999999999754,[0.27495511 1.54457761],[0.28665103 0.78954355],[-0.07090279 -0.9412675 ],[-0.03267663  0.08158212]
1230,1.2299999999999753,[0.27524169 1.54536621],[0.28658013 0.78860228],[-0.07119429 -0.94262214],[-0.03285186  0.08158164]
1231,1.2309999999999752,[0.2755282  1.54615387],[0.28650893 0.78765966],[-0.07148528 -0.94397764],[-0.03302683  0.0815811 ]
1232,1.2319999999999751,[0.27581463 1.54694059],[0.28643745 0.78671568],[-0.07177577 -0.94533402],[-0.03320155  0.0815805 ]
1233,1.232999999999975,[0.276101   1.54772636],[0.28636567 0.78577035],[-0.07206575 -0.94669125],[-0.03337602  0.08157985]
1234,1.233999999999975,[0.27638729 1.54851118],[0.28629361 0.78482366],[-0.07235522 -0.94804935],[-0.03355022  0.08157914]
1235,1.2349999999999748,[0.27667351 1.54929506],[0.28622125 0.78387561],[-0.07264419 -0.94940829],[-0.03372418  0.08157837]
1236,1.2359999999999747,[0.27695966 1.55007798],[0.28614861 0.7829262 ],[-0.07293265 -0.95076809],[-0.03389787  0.08157754]
1237,1.2369999999999746,[0.27724574 1.55085996],[0.28607567 0.78197543],[-0.0732206  -0.95212872],[-0.03407131  0.08157666]
1238,1.2379999999999745,[0.27753174 1.55164098],[0.28600245 0.7810233 ],[-0.07350805 -0.9534902 ],[-0.0342445   0.08157572]
1239,1.2389999999999743,[0.27781767 1.55242105],[0.28592894 0.78006981],[-0.07379499 -0.9548525 ],[-0.03441743  0.08157473]
1240,1.2399999999999742,[0.27810352 1.55320017],[0.28585515 0.77911496],[-0.07408142 -0.95621564],[-0.0345901   0.08157368]
1241,1.2409999999999741,[0.27838931 1.55397833],[0.28578107 0.77815874],[-0.07436735 -0.9575796 ],[-0.03476252  0.08157257]
1242,1.241999999999974,[0.27867501 1.55475553],[0.2857067  0.77720117],[-0.07465278 -0.95894437],[-0.03493468  0.08157141]
1243,1.242999999999974,[0.27896064 1.55553177],[0.28563205 0.77624222],[-0.07493769 -0.96030996],[-0.03510658  0.08157019]
1244,1.2439999999999738,[0.2792462  1.55630705],[0.28555711 0.77528191],[-0.0752221  -0.96167636],[-0.03527823  0.08156892]
1245,1.2449999999999737,[0.27953168 1.55708137],[0.28548189 0.77432023],[-0.07550601 -0.96304356],[-0.03544962  0.08156759]
1246,1.2459999999999736,[0.27981709 1.55785473],[0.28540638 0.77335719],[-0.0757894  -0.96441156],[-0.03562076  0.08156621]
1247,1.2469999999999735,[0.28010242 1.55862712],[0.28533059 0.77239278],[-0.0760723  -0.96578036],[-0.03579164  0.08156477]
1248,1.2479999999999734,[0.28038767 1.55939855],[0.28525452 0.771427  ],[-0.07635468 -0.96714994],[-0.03596226  0.08156328]
1249,1.2489999999999732,[0.28067285 1.56016901],[0.28517817 0.77045985],[-0.07663656 -0.9685203 ],[-0.03613262  0.08156173]
1250,1.2499999999999731,[0.28095795 1.5609385 ],[0.28510153 0.76949133],[-0.07691794 -0.96989145],[-0.03630273  0.08156013]
1251,1.250999999999973,[0.28124298 1.56170702],[0.28502461 0.76852144],[-0.0771988  -0.97126336],[-0.03647258  0.08155848]
1252,1.251999999999973,[0.28152793 1.56247457],[0.28494741 0.76755017],[-0.07747917 -0.97263605],[-0.03664217  0.08155677]
1253,1.2529999999999728,[0.2818128  1.56324115],[0.28486993 0.76657754],[-0.07775902 -0.9740095 ],[-0.03681151  0.08155501]
1254,1.2539999999999727,[0.28209759 1.56400675],[0.28479217 0.76560353],[-0.07803837 -0.97538371],[-0.03698058  0.08155319]
1255,1.2549999999999726,[0.2823823  1.56477138],[0.28471414 0.76462814],[-0.07831722 -0.97675867],[-0.0371494   0.08155132]
1256,1.2559999999999725,[0.28266694 1.56553503],[0.28463582 0.76365139],[-0.07859556 -0.97813438],[-0.03731797  0.0815494 ]
1257,1.2569999999999724,[0.2829515  1.56629771],[0.28455722 0.76267325],[-0.07887339 -0.97951083],[-0.03748627  0.08154743]
1258,1.2579999999999723,[0.28323597 1.5670594 ],[0.28447835 0.76169374],[-0.07915072 -0.98088802],[-0.03765432  0.08154541]
1259,1.2589999999999721,[0.28352037 1.56782011],[0.2843992  0.76071285],[-0.07942754 -0.98226595],[-0.03782211  0.08154333]
1260,1.259999999999972,[0.28380469 1.56857984],[0.28431977 0.75973059],[-0.07970385 -0.9836446 ],[-0.03798964  0.0815412 ]
1261,1.260999999999972,[0.28408893 1.56933859],[0.28424007 0.75874694],[-0.07997966 -0.98502398],[-0.03815691  0.08153902]
1262,1.2619999999999718,[0.28437309 1.57009635],[0.28416009 0.75776192],[-0.08025497 -0.98640407],[-0.03832392  0.08153679]
1263,1.2629999999999717,[0.28465717 1.57085313],[0.28407983 0.75677551],[-0.08052977 -0.98778488],[-0.03849068  0.0815345 ]
1264,1.2639999999999716,[0.28494117 1.57160892],[0.2839993  0.75578773],[-0.08080406 -0.98916639],[-0.03865718  0.08153217]
1265,1.2649999999999715,[0.28522509 1.57236371],[0.2839185  0.75479856],[-0.08107785 -0.99054861],[-0.03882341  0.08152978]
1266,1.2659999999999714,[0.28550893 1.57311752],[0.28383742 0.75380801],[-0.08135114 -0.99193153],[-0.03898939  0.08152734]
1267,1.2669999999999713,[0.28579268 1.57387034],[0.28375607 0.75281608],[-0.08162392 -0.99331513],[-0.03915511  0.08152486]
1268,1.2679999999999712,[0.28607636 1.57462216],[0.28367445 0.75182277],[-0.08189619 -0.99469943],[-0.03932058  0.08152232]
1269,1.268999999999971,[0.28635995 1.57537299],[0.28359255 0.75082807],[-0.08216796 -0.99608441],[-0.03948578  0.08151973]
1270,1.269999999999971,[0.28664346 1.57612282],[0.28351038 0.74983198],[-0.08243922 -0.99747006],[-0.03965072  0.08151709]
1271,1.2709999999999708,[0.28692689 1.57687166],[0.28342794 0.74883451],[-0.08270998 -0.99885639],[-0.03981541  0.08151441]
1272,1.2719999999999707,[0.28721023 1.57761949],[0.28334523 0.74783566],[-0.08298023 -1.00024338],[-0.03997983  0.08151167]
1273,1.2729999999999706,[0.2874935  1.57836633],[0.28326225 0.74683541],[-0.08324998 -1.00163103],[-0.040144    0.08150888]
1274,1.2739999999999705,[0.28777668 1.57911216],[0.283179   0.74583378],[-0.08351922 -1.00301935],[-0.0403079   0.08150605]
1275,1.2749999999999704,[0.28805977 1.57985699],[0.28309548 0.74483076],[-0.08378796 -1.00440831],[-0.04047155  0.08150317]
1276,1.2759999999999703,[0.28834278 1.58060082],[0.2830117  0.74382636],[-0.0840562  -1.00579791],[-0.04063494  0.08150023]
1277,1.2769999999999702,[0.28862571 1.58134364],[0.28292764 0.74282056],[-0.08432393 -1.00718816],[-0.04079806  0.08149725]
1278,1.27799999999997,[0.28890855 1.58208545],[0.28284332 0.74181337],[-0.08459115 -1.00857905],[-0.04096093  0.08149422]
1279,1.27899999999997,[0.28919131 1.58282626],[0.28275872 0.74080479],[-0.08485787 -1.00997056],[-0.04112354  0.08149115]
1280,1.2799999999999698,[0.28947399 1.58356605],[0.28267387 0.73979482],[-0.08512409 -1.0113627 ],[-0.04128588  0.08148802]
1281,1.2809999999999697,[0.28975658 1.58430483],[0.28258874 0.73878346],[-0.0853898  -1.01275546],[-0.04144797  0.08148485]
1282,1.2819999999999696,[0.29003908 1.58504261],[0.28250335 0.7377707 ],[-0.08565501 -1.01414883],[-0.0416098   0.08148163]
1283,1.2829999999999695,[0.2903215  1.58577936],[0.2824177  0.73675655],[-0.08591971 -1.01554281],[-0.04177136  0.08147837]
1284,1.2839999999999694,[0.29060383 1.5865151 ],[0.28233178 0.73574101],[-0.08618391 -1.0169374 ],[-0.04193267  0.08147505]
1285,1.2849999999999693,[0.29088607 1.58724983],[0.28224559 0.73472407],[-0.0864476  -1.01833258],[-0.04209371  0.08147169]
1286,1.2859999999999692,[0.29116823 1.58798353],[0.28215915 0.73370574],[-0.08671079 -1.01972836],[-0.0422545   0.08146829]
1287,1.286999999999969,[0.29145031 1.58871622],[0.28207244 0.73268601],[-0.08697348 -1.02112473],[-0.04241502  0.08146483]
1288,1.287999999999969,[0.29173229 1.58944788],[0.28198546 0.73166489],[-0.08723566 -1.02252167],[-0.04257528  0.08146134]
1289,1.2889999999999688,[0.29201419 1.59017853],[0.28189823 0.73064236],[-0.08749734 -1.0239192 ],[-0.04273528  0.08145779]
1290,1.2899999999999687,[0.292296   1.59090814],[0.28181073 0.72961845],[-0.08775852 -1.0253173 ],[-0.04289502  0.0814542 ]
1291,1.2909999999999686,[0.29257772 1.59163674],[0.28172297 0.72859313],[-0.08801919 -1.02671596],[-0.0430545   0.08145057]
1292,1.2919999999999685,[0.29285936 1.5923643 ],[0.28163495 0.72756641],[-0.08827936 -1.02811519],[-0.04321372  0.08144688]
1293,1.2929999999999684,[0.2931409  1.59309084],[0.28154667 0.7265383 ],[-0.08853902 -1.02951497],[-0.04337267  0.08144316]
1294,1.2939999999999683,[0.29342236 1.59381635],[0.28145813 0.72550878],[-0.08879818 -1.0309153 ],[-0.04353137  0.08143939]
1295,1.2949999999999682,[0.29370373 1.59454083],[0.28136933 0.72447787],[-0.08905684 -1.03231617],[-0.0436898   0.08143557]
1296,1.295999999999968,[0.29398501 1.59526427],[0.28128028 0.72344555],[-0.089315   -1.03371759],[-0.04384797  0.08143171]
1297,1.296999999999968,[0.2942662  1.59598669],[0.28119096 0.72241183],[-0.08957265 -1.03511954],[-0.04400588  0.08142781]
1298,1.2979999999999678,[0.2945473  1.59670806],[0.28110139 0.72137671],[-0.0898298  -1.03652202],[-0.04416353  0.08142386]
1299,1.2989999999999677,[0.29482832 1.5974284 ],[0.28101156 0.72034019],[-0.09008645 -1.03792502],[-0.04432092  0.08141987]
1300,1.2999999999999676,[0.29510924 1.59814771],[0.28092147 0.71930227],[-0.09034259 -1.03932854],[-0.04447804  0.08141584]
1301,1.3009999999999675,[0.29539007 1.59886597],[0.28083113 0.71826294],[-0.09059823 -1.04073258],[-0.0446349   0.08141176]
1302,1.3019999999999674,[0.29567081 1.59958319],[0.28074053 0.71722221],[-0.09085337 -1.04213712],[-0.0447915   0.08140764]
1303,1.3029999999999673,[0.29595146 1.60029937],[0.28064968 0.71618007],[-0.091108   -1.04354216],[-0.04494784  0.08140348]
1304,1.3039999999999672,[0.29623202 1.60101451],[0.28055857 0.71513653],[-0.09136214 -1.0449477 ],[-0.04510392  0.08139927]
1305,1.304999999999967,[0.29651248 1.6017286 ],[0.28046721 0.71409158],[-0.09161577 -1.04635372],[-0.04525973  0.08139502]
1306,1.305999999999967,[0.29679286 1.60244164],[0.28037559 0.71304522],[-0.09186889 -1.04776024],[-0.04541528  0.08139073]
1307,1.3069999999999669,[0.29707314 1.60315364],[0.28028373 0.71199746],[-0.09212152 -1.04916723],[-0.04557057  0.0813864 ]
1308,1.3079999999999667,[0.29735334 1.60386459],[0.2801916 0.7109483],[-0.09237364 -1.0505747 ],[-0.04572559  0.08138202]
1309,1.3089999999999666,[0.29763344 1.60457449],[0.28009923 0.70989772],[-0.09262527 -1.05198264],[-0.04588036  0.08137761]
1310,1.3099999999999665,[0.29791344 1.60528333],[0.2800066  0.70884574],[-0.09287639 -1.05339103],[-0.04603485  0.08137315]
1311,1.3109999999999664,[0.29819336 1.60599113],[0.27991373 0.70779235],[-0.09312701 -1.05479989],[-0.04618909  0.08136865]
1312,1.3119999999999663,[0.29847318 1.60669786],[0.2798206  0.70673755],[-0.09337712 -1.0562092 ],[-0.04634306  0.08136411]
1313,1.3129999999999662,[0.2987529  1.60740354],[0.27972722 0.70568134],[-0.09362674 -1.05761896],[-0.04649677  0.08135953]
1314,1.313999999999966,[0.29903254 1.60810817],[0.2796336  0.70462372],[-0.09387585 -1.05902915],[-0.04665022  0.08135491]
1315,1.314999999999966,[0.29931208 1.60881173],[0.27953972 0.70356469],[-0.09412446 -1.06043978],[-0.0468034   0.08135025]
1316,1.3159999999999659,[0.29959152 1.60951424],[0.2794456  0.70250425],[-0.09437258 -1.06185084],[-0.04695632  0.08134555]
1317,1.3169999999999658,[0.29987087 1.61021568],[0.27935122 0.7014424 ],[-0.09462019 -1.06326233],[-0.04710898  0.08134081]
1318,1.3179999999999656,[0.30015013 1.61091606],[0.2792566  0.70037914],[-0.0948673  -1.06467423],[-0.04726137  0.08133603]
1319,1.3189999999999655,[0.30042929 1.61161537],[0.27916174 0.69931446],[-0.0951139  -1.06608655],[-0.0474135   0.08133121]
1320,1.3199999999999654,[0.30070836 1.61231362],[0.27906662 0.69824838],[-0.09536001 -1.06749927],[-0.04756537  0.08132635]
1321,1.3209999999999653,[0.30098733 1.6130108 ],[0.27897126 0.69718088],[-0.09560562 -1.0689124 ],[-0.04771697  0.08132145]
1322,1.3219999999999652,[0.30126621 1.61370691],[0.27887566 0.69611197],[-0.09585073 -1.07032592],[-0.04786831  0.08131651]
1323,1.322999999999965,[0.30154499 1.61440196],[0.27877981 0.69504164],[-0.09609533 -1.07173983],[-0.04801938  0.08131154]
1324,1.323999999999965,[0.30182367 1.61509593],[0.27868371 0.6939699 ],[-0.09633944 -1.07315413],[-0.04817019  0.08130652]
1325,1.3249999999999649,[0.30210226 1.61578882],[0.27858737 0.69289675],[-0.09658304 -1.0745688 ],[-0.04832074  0.08130147]
1326,1.3259999999999648,[0.30238075 1.61648064],[0.27849079 0.69182218],[-0.09682615 -1.07598385],[-0.04847102  0.08129638]
1327,1.3269999999999647,[0.30265914 1.61717139],[0.27839396 0.69074619],[-0.09706875 -1.07739926],[-0.04862104  0.08129125]
1328,1.3279999999999645,[0.30293744 1.61786106],[0.27829689 0.68966879],[-0.09731086 -1.07881504],[-0.04877079  0.08128609]
1329,1.3289999999999644,[0.30321564 1.61854965],[0.27819958 0.68858998],[-0.09755247 -1.08023118],[-0.04892028  0.08128089]
1330,1.3299999999999643,[0.30349374 1.61923716],[0.27810203 0.68750975],[-0.09779357 -1.08164766],[-0.0490695   0.08127565]
1331,1.3309999999999642,[0.30377174 1.61992359],[0.27800424 0.6864281 ],[-0.09803418 -1.08306449],[-0.04921846  0.08127037]
1332,1.331999999999964,[0.30404965 1.62060893],[0.2779062  0.68534504],[-0.09827429 -1.08448166],[-0.04936715  0.08126506]
1333,1.332999999999964,[0.30432746 1.62129319],[0.27780793 0.68426055],[-0.0985139  -1.08589916],[-0.04951558  0.08125971]
1334,1.3339999999999639,[0.30460517 1.62197637],[0.27770941 0.68317466],[-0.09875301 -1.08731698],[-0.04966374  0.08125433]
1335,1.3349999999999638,[0.30488278 1.62265845],[0.27761066 0.68208734],[-0.09899162 -1.08873513],[-0.04981164  0.0812489 ]
1336,1.3359999999999637,[0.30516029 1.62333945],[0.27751167 0.6809986 ],[-0.09922973 -1.0901536 ],[-0.04995928  0.08124345]
1337,1.3369999999999636,[0.3054377  1.62401936],[0.27741244 0.67990845],[-0.09946734 -1.09157237],[-0.05010665  0.08123795]
1338,1.3379999999999634,[0.30571501 1.62469818],[0.27731297 0.67881688],[-0.09970445 -1.09299145],[-0.05025375  0.08123243]
1339,1.3389999999999633,[0.30599223 1.6253759 ],[0.27721327 0.67772389],[-0.09994107 -1.09441083],[-0.05040059  0.08122686]
1340,1.3399999999999632,[0.30626934 1.62605253],[0.27711333 0.67662948],[-0.10017719 -1.0958305 ],[-0.05054716  0.08122127]
1341,1.340999999999963,[0.30654635 1.62672807],[0.27701315 0.67553364],[-0.10041281 -1.09725046],[-0.05069347  0.08121563]
1342,1.341999999999963,[0.30682327 1.6274025 ],[0.27691274 0.67443639],[-0.10064793 -1.09867069],[-0.05083951  0.08120997]
1343,1.342999999999963,[0.30710008 1.62807584],[0.27681209 0.67333772],[-0.10088255 -1.10009121],[-0.05098529  0.08120427]
1344,1.3439999999999628,[0.30737679 1.62874808],[0.27671121 0.67223763],[-0.10111668 -1.10151199],[-0.0511308   0.08119853]
1345,1.3449999999999627,[0.3076534  1.62941921],[0.27661009 0.67113612],[-0.10135031 -1.10293303],[-0.05127604  0.08119276]
1346,1.3459999999999626,[0.30792991 1.63008925],[0.27650874 0.67003319],[-0.10158344 -1.10435434],[-0.05142102  0.08118696]
1347,1.3469999999999624,[0.30820632 1.63075818],[0.27640716 0.66892883],[-0.10181607 -1.10577589],[-0.05156574  0.08118112]
1348,1.3479999999999623,[0.30848262 1.631426  ],[0.27630534 0.66782306],[-0.10204821 -1.10719769],[-0.05171018  0.08117526]
1349,1.3489999999999622,[0.30875883 1.63209271],[0.27620329 0.66671586],[-0.10227985 -1.10861973],[-0.05185436  0.08116935]
1350,1.3499999999999621,[0.30903493 1.63275832],[0.27610101 0.66560724],[-0.10251099 -1.110042  ],[-0.05199828  0.08116342]
1351,1.350999999999962,[0.30931092 1.63342282],[0.2759985 0.6644972],[-0.10274164 -1.1114645 ],[-0.05214193  0.08115745]
1352,1.351999999999962,[0.30958682 1.6340862 ],[0.27589576 0.66338573],[-0.10297179 -1.11288722],[-0.05228531  0.08115145]
1353,1.3529999999999618,[0.30986261 1.63474848],[0.27579279 0.66227285],[-0.10320144 -1.11431016],[-0.05242843  0.08114542]
1354,1.3539999999999617,[0.3101383  1.63540964],[0.27568959 0.66115854],[-0.1034306  -1.11573331],[-0.05257128  0.08113936]
1355,1.3549999999999616,[0.31041389 1.63606968],[0.27558616 0.6600428 ],[-0.10365926 -1.11715666],[-0.05271386  0.08113326]
1356,1.3559999999999615,[0.31068937 1.6367286 ],[0.2754825  0.65892565],[-0.10388742 -1.11858021],[-0.05285618  0.08112714]
1357,1.3569999999999613,[0.31096475 1.63738641],[0.27537861 0.65780707],[-0.10411509 -1.12000395],[-0.05299822  0.08112098]
1358,1.3579999999999612,[0.31124002 1.6380431 ],[0.27527449 0.65668706],[-0.10434226 -1.12142788],[-0.05314001  0.08111479]
1359,1.3589999999999611,[0.31151519 1.63869866],[0.27517015 0.65556563],[-0.10456894 -1.12285199],[-0.05328152  0.08110857]
1360,1.359999999999961,[0.31179026 1.63935311],[0.27506558 0.65444278],[-0.10479512 -1.12427627],[-0.05342277  0.08110232]
1361,1.360999999999961,[0.31206522 1.64000643],[0.27496079 0.65331851],[-0.10502081 -1.12570072],[-0.05356376  0.08109604]
1362,1.3619999999999608,[0.31234008 1.64065862],[0.27485577 0.6521928 ],[-0.105246   -1.12712533],[-0.05370447  0.08108973]
1363,1.3629999999999607,[0.31261483 1.64130968],[0.27475052 0.65106568],[-0.1054707  -1.12855009],[-0.05384492  0.08108339]
1364,1.3639999999999606,[0.31288947 1.64195962],[0.27464505 0.64993713],[-0.1056949  -1.12997501],[-0.0539851   0.08107702]
1365,1.3649999999999605,[0.31316401 1.64260843],[0.27453936 0.64880715],[-0.10591861 -1.13140007],[-0.05412501  0.08107062]
1366,1.3659999999999604,[0.31343845 1.6432561 ],[0.27443344 0.64767575],[-0.10614182 -1.13282527],[-0.05426466  0.08106419]
1367,1.3669999999999602,[0.31371277 1.64390265],[0.2743273  0.64654293],[-0.10636454 -1.13425059],[-0.05440404  0.08105773]
1368,1.3679999999999601,[0.31398699 1.64454806],[0.27422093 0.64540868],[-0.10658677 -1.13567605],[-0.05454315  0.08105125]
1369,1.36899999999996,[0.31426111 1.64519233],[0.27411434 0.644273  ],[-0.1068085  -1.13710162],[-0.05468199  0.08104473]
1370,1.36999999999996,[0.31453512 1.64583546],[0.27400754 0.6431359 ],[-0.10702974 -1.13852731],[-0.05482057  0.08103819]
1371,1.3709999999999598,[0.31480902 1.64647746],[0.27390051 0.64199737],[-0.10725048 -1.1399531 ],[-0.05495888  0.08103161]
1372,1.3719999999999597,[0.31508281 1.64711832],[0.27379326 0.64085742],[-0.10747073 -1.14137899],[-0.05509692  0.08102501]
1373,1.3729999999999596,[0.3153565  1.64775804],[0.27368578 0.63971604],[-0.10769049 -1.14280498],[-0.05523469  0.08101839]
1374,1.3739999999999595,[0.31563007 1.64839661],[0.27357809 0.63857324],[-0.10790975 -1.14423106],[-0.0553722   0.08101173]
1375,1.3749999999999594,[0.31590354 1.64903404],[0.27347018 0.63742901],[-0.10812852 -1.14565722],[-0.05550943  0.08100505]
1376,1.3759999999999593,[0.31617691 1.64967032],[0.27336206 0.63628335],[-0.1083468  -1.14708345],[-0.0556464   0.08099834]
1377,1.3769999999999591,[0.31645016 1.65030546],[0.27325371 0.63513626],[-0.10856459 -1.14850975],[-0.05578311  0.0809916 ]
1378,1.377999999999959,[0.3167233  1.65093945],[0.27314514 0.63398775],[-0.10878188 -1.14993612],[-0.05591954  0.08098484]
1379,1.378999999999959,[0.31699634 1.65157228],[0.27303636 0.63283782],[-0.10899868 -1.15136255],[-0.0560557   0.08097805]
1380,1.3799999999999588,[0.31726927 1.65220397],[0.27292736 0.63168646],[-0.10921499 -1.15278902],[-0.0561916   0.08097123]
1381,1.3809999999999587,[0.31754209 1.6528345 ],[0.27281815 0.63053367],[-0.10943081 -1.15421554],[-0.05632723  0.08096439]
1382,1.3819999999999586,[0.31781479 1.65346388],[0.27270872 0.62937945],[-0.10964613 -1.1556421 ],[-0.05646259  0.08095752]
1383,1.3829999999999585,[0.31808739 1.65409211],[0.27259907 0.62822381],[-0.10986097 -1.1570687 ],[-0.05659768  0.08095063]
1384,1.3839999999999584,[0.31835988 1.65471917],[0.27248921 0.62706674],[-0.11007531 -1.15849532],[-0.0567325   0.08094371]
1385,1.3849999999999583,[0.31863226 1.65534508],[0.27237914 0.62590825],[-0.11028916 -1.15992195],[-0.05686705  0.08093677]
1386,1.3859999999999582,[0.31890453 1.65596983],[0.27226885 0.62474832],[-0.11050252 -1.16134861],[-0.05700134  0.0809298 ]
1387,1.386999999999958,[0.31917669 1.65659342],[0.27215834 0.62358697],[-0.11071539 -1.16277527],[-0.05713536  0.0809228 ]
1388,1.387999999999958,[0.31944874 1.65721584],[0.27204763 0.6224242 ],[-0.11092777 -1.16420193],[-0.0572691   0.08091579]
1389,1.3889999999999578,[0.31972067 1.6578371 ],[0.2719367 0.62126  ],[-0.11113966 -1.16562858],[-0.05740258  0.08090874]
1390,1.3899999999999577,[0.3199925 1.6584572],[0.27182556 0.62009437],[-0.11135106 -1.16705522],[-0.05753579  0.08090168]
1391,1.3909999999999576,[0.32026421 1.65907612],[0.27171421 0.61892731],[-0.11156196 -1.16848185],[-0.05766873  0.08089459]
1392,1.3919999999999575,[0.32053582 1.65969388],[0.27160265 0.61775883],[-0.11177238 -1.16990845],[-0.05780141  0.08088747]
1393,1.3929999999999574,[0.32080731 1.66031047],[0.27149088 0.61658892],[-0.11198231 -1.17133502],[-0.05793381  0.08088033]
1394,1.3939999999999573,[0.32107869 1.66092589],[0.27137889 0.61541759],[-0.11219175 -1.17276155],[-0.05806594  0.08087317]
1395,1.3949999999999572,[0.32134995 1.66154013],[0.2712667  0.61424483],[-0.1124007  -1.17418804],[-0.05819781  0.08086599]
1396,1.395999999999957,[0.32162111 1.6621532 ],[0.2711543  0.61307064],[-0.11260916 -1.17561448],[-0.0583294   0.08085878]
1397,1.396999999999957,[0.32189215 1.6627651 ],[0.27104169 0.61189502],[-0.11281713 -1.17704087],[-0.05846073  0.08085155]
1398,1.3979999999999568,[0.32216308 1.66337582],[0.27092887 0.61071798],[-0.11302462 -1.17846719],[-0.05859178  0.0808443 ]
1399,1.3989999999999567,[0.32243389 1.66398536],[0.27081585 0.60953952],[  0.08707819 -63.61163406],[0. 0.]
1400,1.3999999999999566,[0.3227048  1.66453128],[0.27090293 0.54592788],[  0.0887665  -63.60971794],[0. 0.]
1401,1.4009999999999565,[0.32297579 1.6650136 ],[0.27099169 0.48231816],[  0.09026527 -63.60802365],[0. 0.]
1402,1.4019999999999564,[0.32324687 1.66543231],[0.27108196 0.41871014],[  0.09157458 -63.60655343],[0. 0.]
1403,1.4029999999999563,[0.32351804 1.66578742],[0.27117353 0.35510359],[  0.0926945  -63.60530925],[0. 0.]
1404,1.4039999999999562,[0.32378931 1.66607891],[0.27126623 0.29149828],[  0.09362507 -63.60429275],[0. 0.]
1405,1.404999999999956,[0.32406067 1.66630681],[0.27135985 0.22789399],[  0.09436635 -63.60350526],[0. 0.]
1406,1.405999999999956,[0.32433212 1.6664711 ],[0.27145422 0.16429048],[  0.09491837 -63.60294782],[0. 0.]
1407,1.4069999999999558,[0.32460367 1.66657179],[0.27154914 0.10068753],[  0.09528115 -63.60262115],[0. 0.]
1408,1.4079999999999557,[0.32487532 1.66660887],[0.27164442 0.03708491],[  0.09545472 -63.60252565],[0. 0.]
1409,1.4089999999999556,[0.32514706 1.66658235],[ 0.27173987 -0.02651761],[  0.09543908 -63.60266144],[0. 0.]
1410,1.4099999999999555,[0.32541889 1.66649223],[ 0.27183531 -0.09012028],[  0.09523422 -63.60302831],[0. 0.]
1411,1.4109999999999554,[0.32569082 1.66633851],[ 0.27193055 -0.1537233 ],[  0.09484015 -63.60362573],[0. 0.]
1412,1.4119999999999553,[0.32596285 1.66612118],[ 0.27202539 -0.21732693],[  0.09425682 -63.6044529 ],[0. 0.]
1413,1.4129999999999552,[0.32623497 1.66584025],[ 0.27211965 -0.28093138],[  0.09348422 -63.60550867],[0. 0.]
1414,1.413999999999955,[0.32650718 1.66549571],[ 0.27221313 -0.34453689],[  0.0925223 -63.6067916],[0. 0.]
1415,1.414999999999955,[0.32677949 1.66508757],[ 0.27230565 -0.40814368],[  0.09137101 -63.60829996],[0. 0.]
1416,1.4159999999999549,[0.32705188 1.66461582],[ 0.27239702 -0.47175198],[  0.0900303  -63.61003167],[0. 0.]
1417,1.4169999999999547,[0.32732437 1.66408046],[ 0.27248705 -0.53536201],[  0.08850009 -63.61198438],[0. 0.]
1418,1.4179999999999546,[0.32759695 1.66348148],[ 0.27257555 -0.598974  ],[  0.08678031 -63.61415541],[0. 0.]
1419,1.4189999999999545,[0.32786961 1.66281889],[ 0.27266233 -0.66258815],[  0.08487087 -63.61654179],[0. 0.]
1420,1.4199999999999544,[0.32814236 1.66209269],[ 0.2727472 -0.7262047],[  0.08277168 -63.61914024],[0. 0.]
1421,1.4209999999999543,[0.32841519 1.66130287],[ 0.27282998 -0.78982384],[  0.08048263 -63.62194716],[0. 0.]
1422,1.4219999999999542,[0.3286881  1.66044942],[ 0.27291046 -0.85344578],[  0.07800363 -63.62495867],[0. 0.]
1423,1.422999999999954,[0.32896108 1.65953235],[ 0.27298846 -0.91707074],[  0.07533456 -63.62817057],[0. 0.]
1424,1.423999999999954,[0.32923415 1.65855165],[ 0.2730638  -0.98069891],[  0.07247529 -63.63157835],[0. 0.]
1425,1.4249999999999539,[0.32950729 1.65750732],[ 0.27313627 -1.04433049],[  0.0694257  -63.63517723],[0. 0.]
1426,1.4259999999999537,[0.32978049 1.65639935],[ 0.2732057  -1.10796567],[  0.06618566 -63.63896209],[0. 0.]
1427,1.4269999999999536,[0.33005376 1.65522775],[ 0.27327188 -1.17160463],[ 6.27550230e-02 -6.36429275e+01],[0. 0.]
1428,1.4279999999999535,[0.3303271 1.6539925],[ 0.27333464 -1.23524756],[ 5.91336562e-02 -6.36470679e+01],[0. 0.]
1429,1.4289999999999534,[0.33060049 1.65269361],[ 0.27339377 -1.29889463],[ 5.53214130e-02 -6.36513771e+01],[0. 0.]
1430,1.4299999999999533,[0.33087394 1.65133106],[ 0.27344909 -1.362546  ],[ 5.13181462e-02 -6.36558489e+01],[0. 0.]
1431,1.4309999999999532,[0.33114744 1.64990486],[ 0.27350041 -1.42620185],[ 4.71237063e-02 -6.36604766e+01],[0. 0.]
1432,1.431999999999953,[0.33142099 1.648415  ],[ 0.27354754 -1.48986233],[ 4.27379426e-02 -6.36652535e+01],[0. 0.]
1433,1.432999999999953,[0.33169458 1.64686147],[ 0.27359027 -1.55352758],[ 3.81607041e-02 -6.36701723e+01],[0. 0.]
1434,1.4339999999999529,[0.33196821 1.64524427],[ 0.27362843 -1.61719775],[ 3.33918399e-02 -6.36752255e+01],[0. 0.]
1435,1.4349999999999528,[0.33224187 1.6435634 ],[ 0.27366183 -1.68087298],[ 2.84312001e-02 -6.36804054e+01],[0. 0.]
1436,1.4359999999999526,[0.33251556 1.64181885],[ 0.27369026 -1.74455339],[ 2.32786372e-02 -6.36857038e+01],[0. 0.]
1437,1.4369999999999525,[0.33278927 1.64001061],[ 0.27371354 -1.80823909],[ 1.79340065e-02 -6.36911125e+01],[0. 0.]
1438,1.4379999999999524,[0.333063   1.63813868],[ 0.27373147 -1.8719302 ],[ 1.23971673e-02 -6.36966227e+01],[0. 0.]
1439,1.4389999999999523,[0.33333675 1.63620305],[ 0.27374387 -1.93562682],[ 6.66798391e-03 -6.37022256e+01],[0. 0.]
1440,1.4399999999999522,[0.3336105  1.63420372],[ 0.27375053 -1.99932905],[ 7.46326591e-04 -6.37079119e+01],[0. 0.]
1441,1.440999999999952,[0.33388425 1.63214068],[ 0.27375128 -2.06303696],[-5.3679273e-03 -6.3713672e+01],[0. 0.]
1442,1.441999999999952,[0.334158   1.63001393],[ 0.27374591 -2.12675063],[-1.16748922e-02 -6.37194962e+01],[0. 0.]
1443,1.4429999999999519,[0.33443173 1.62782346],[ 0.27373424 -2.19047013],[-1.81746732e-02 -6.37253744e+01],[0. 0.]
1444,1.4439999999999518,[0.33470545 1.62556927],[ 0.27371606 -2.2541955 ],[-2.48673648e-02 -6.37312961e+01],[0. 0.]
1445,1.4449999999999517,[0.33497914 1.62325134],[ 0.2736912 -2.3179268],[-3.17530500e-02 -6.37372507e+01],[0. 0.]
1446,1.4459999999999515,[0.3352528  1.62086968],[ 0.27365944 -2.38166405],[-3.88317984e-02 -6.37432271e+01],[0. 0.]
1447,1.4469999999999514,[0.33552642 1.61842427],[ 0.27362061 -2.44540728],[-4.61036656e-02 -6.37492142e+01],[0. 0.]
1448,1.4479999999999513,[0.33579999 1.61591511],[ 0.27357451 -2.50915649],[-5.35686915e-02 -6.37552004e+01],[0. 0.]
1449,1.4489999999999512,[0.33607351 1.6133422 ],[ 0.27352094 -2.57291169],[-6.12268990e-02 -6.37611737e+01],[0. 0.]
1450,1.449999999999951,[0.33634697 1.61070553],[ 0.27345971 -2.63667287],[ -0.06907829 -63.76712205],[0. 0.]
1451,1.450999999999951,[0.33662036 1.60800509],[ 0.27339063 -2.70043999],[ -0.07712286 -63.77303301],[0. 0.]
1452,1.4519999999999509,[0.33689368 1.60524088],[ 0.27331351 -2.76421302],[ -0.08536055 -63.77889381],[0. 0.]
1453,1.4529999999999508,[0.3371669  1.60241288],[ 0.27322815 -2.82799192],[ -0.09379133 -63.7846914 ],[0. 0.]
1454,1.4539999999999507,[0.33744004 1.59952111],[ 0.27313436 -2.89177661],[ -0.10241509 -63.79041242],[0. 0.]
1455,1.4549999999999506,[0.33771307 1.59656554],[ 0.27303194 -2.95556702],[ -0.11123173 -63.79604321],[0. 0.]
1456,1.4559999999999504,[0.33798599 1.59354618],[ 0.27292071 -3.01936306],[ -0.12024112 -63.8015698 ],[0. 0.]
1457,1.4569999999999503,[0.33825879 1.59046301],[ 0.27280047 -3.08316463],[ -0.12944308 -63.80697791],[0. 0.]
1458,1.4579999999999502,[0.33853146 1.58731604],[ 0.27267103 -3.14697161],[ -0.13883743 -63.81225294],[0. 0.]
1459,1.4589999999999501,[0.338804   1.58410526],[ 0.27253219 -3.21078386],[ -0.14842392 -63.81737995],[0. 0.]
1460,1.45999999999995,[0.33907638 1.58083066],[ 0.27238377 -3.27460124],[ -0.15820229 -63.82234371],[0. 0.]
1461,1.46099999999995,[0.3393486  1.57749223],[ 0.27222556 -3.33842359],[ -0.16817225 -63.82712863],[0. 0.]
1462,1.4619999999999498,[0.33962066 1.57408998],[ 0.27205739 -3.40225072],[ -0.17833345 -63.83171879],[0. 0.]
1463,1.4629999999999497,[0.33989254 1.5706239 ],[ 0.27187906 -3.46608243],[ -0.18868552 -63.83609794],[0. 0.]
1464,1.4639999999999496,[0.34016423 1.56709398],[ 0.27169037 -3.52991853],[ -0.19922802 -63.84024946],[0. 0.]
1465,1.4649999999999495,[0.34043572 1.56350022],[ 0.27149115 -3.59375878],[ -0.20996051 -63.84415638],[0. 0.]
1466,1.4659999999999493,[0.340707   1.55984262],[ 0.27128118 -3.65760294],[ -0.22088246 -63.84780138],[0. 0.]
1467,1.4669999999999492,[0.34097806 1.55612117],[ 0.2710603  -3.72145074],[ -0.23199333 -63.85116675],[0. 0.]
1468,1.4679999999999491,[0.34124889 1.55233587],[ 0.27082831 -3.78530191],[ -0.24329249 -63.8542344 ],[0. 0.]
1469,1.468999999999949,[0.34151948 1.54848671],[ 0.27058502 -3.84915614],[ -0.25477929 -63.85698585],[0. 0.]
1470,1.469999999999949,[0.34178981 1.5445737 ],[ 0.27033024 -3.91301313],[ -0.26645301 -63.85940223],[0. 0.]
1471,1.4709999999999488,[0.34205987 1.54059682],[ 0.27006378 -3.97687253],[ -0.27831289 -63.86146425],[0. 0.]
1472,1.4719999999999487,[0.34232966 1.53655609],[ 0.26978547 -4.04073399],[ -0.29035809 -63.86315217],[0. 0.]
1473,1.4729999999999486,[0.34259915 1.53245149],[ 0.26949511 -4.10459715],[ -0.30258772 -63.86444587],[0. 0.]
1474,1.4739999999999485,[0.34286834 1.52828303],[ 0.26919253 -4.16846159],[ -0.31500083 -63.86532472],[0. 0.]
1475,1.4749999999999484,[0.34313722 1.5240507 ],[ 0.26887752 -4.23232692],[ -0.32759639 -63.86576768],[0. 0.]
1476,1.4759999999999482,[0.34340577 1.51975451],[ 0.26854993 -4.29619268],[ -0.34037332 -63.86575319],[0. 0.]
1477,1.4769999999999481,[0.34367398 1.51539445],[ 0.26820955 -4.36005844],[ -0.35333046 -63.86525923],[0. 0.]
1478,1.477999999999948,[0.34394184 1.51097053],[ 0.26785622 -4.4239237 ],[ -0.36646658 -63.86426325],[0. 0.]
1479,1.478999999999948,[0.34420933 1.50648274],[ 0.26748976 -4.48778796],[ -0.37978038 -63.86274218],[0. 0.]
1480,1.4799999999999478,[0.34447644 1.50193109],[ 0.26710998 -4.5516507 ],[ -0.39327046 -63.86067242],[0. 0.]
1481,1.4809999999999477,[0.34474315 1.49731558],[ 0.26671671 -4.61551137],[ -0.40693537 -63.85802978],[0. 0.]
1482,1.4819999999999476,[0.34500946 1.49263621],[ 0.26630977 -4.6793694 ],[ -0.42077355 -63.85478951],[0. 0.]
1483,1.4829999999999475,[0.34527535 1.48789299],[ 0.265889   -4.74322419],[ -0.43478338 -63.85092626],[0. 0.]
1484,1.4839999999999474,[0.34554081 1.48308591],[ 0.26545421 -4.80707512],[ -0.44896314 -63.84641403],[0. 0.]
1485,1.4849999999999473,[0.34580581 1.47821499],[ 0.26500525 -4.87092153],[ -0.463311  -63.8412262],[0. 0.]
1486,1.4859999999999471,[0.34607035 1.47328023],[ 0.26454194 -4.93476276],[ -0.47782506 -63.83533547],[0. 0.]
1487,1.486999999999947,[0.34633442 1.46828163],[ 0.26406412 -4.99859809],[ -0.49250333 -63.82871384],[0. 0.]
1488,1.487999999999947,[0.34659799 1.4632192 ],[ 0.26357161 -5.06242681],[ -0.5073437  -63.82133259],[0. 0.]
1489,1.4889999999999468,[0.34686105 1.45809295],[ 0.26306427 -5.12624814],[ -0.52234396 -63.81316225],[0. 0.]
1490,1.4899999999999467,[0.3471236  1.45290289],[ 0.26254192 -5.1900613 ],[ -0.5375018 -63.8041726],[0. 0.]
1491,1.4909999999999466,[0.3473856  1.44764903],[ 0.26200442 -5.25386548],[ -0.55281481 -63.79433257],[0. 0.]
1492,1.4919999999999465,[0.34764705 1.44233137],[ 0.26145161 -5.31765981],[ -0.56828046 -63.7836103 ],[0. 0.]
1493,1.4929999999999464,[0.34790794 1.43694992],[ 0.26088333 -5.38144342],[ -0.58389611 -63.77197303],[0. 0.]
1494,1.4939999999999463,[0.34816823 1.43150471],[ 0.26029943 -5.44521539],[ -0.59965899 -63.75938713],[0. 0.]
1495,1.4949999999999461,[0.34842793 1.42599573],[ 0.25969977 -5.50897478],[ -0.61556622 -63.74581801],[0. 0.]
1496,1.495999999999946,[0.34868702 1.42042301],[ 0.25908421 -5.5727206 ],[ -0.63161481 -63.73123014],[0. 0.]
1497,1.496999999999946,[0.34894547 1.41478656],[ 0.25845259 -5.63645183],[ -0.64780161 -63.71558697],[0. 0.]
1498,1.4979999999999458,[0.34920328 1.40908639],[ 0.25780479 -5.70016741],[ -0.66412338 -63.69885092],[0. 0.]
1499,1.4989999999999457,[0.34946042 1.40332253],[ 0.25714067 -5.76386627],[ -0.68057671 -63.68098332],[0. 0.]
1500,1.4999999999999456,[0.34971688 1.39749498],[ 0.25646009 -5.82754725],[ -0.69715809 -63.66194439],[0. 0.]
1501,1.5009999999999455,[0.34997264 1.39160377],[ 0.25576293 -5.89120919],[ -0.71386383 -63.64169321],[0. 0.]
1502,1.5019999999999454,[0.35022769 1.38564892],[ 0.25504907 -5.95485089],[ -0.73069014 -63.62018762],[0. 0.]
1503,1.5029999999999453,[0.35048201 1.37963045],[ 0.25431838 -6.01847107],[ -0.74763306 -63.59738426],[0. 0.]
1504,1.5039999999999452,[0.35073558 1.37354838],[ 0.25357074 -6.08206846],[ -0.76468847 -63.57323846],[0. 0.]
1505,1.504999999999945,[0.35098838 1.36740274],[ 0.25280606 -6.1456417 ],[ -0.78185213 -63.54770421],[0. 0.]
1506,1.505999999999945,[0.35124041 1.36119355],[ 0.2520242 -6.2091894],[ -0.79911961 -63.52073414],[0. 0.]
1507,1.5069999999999448,[0.35149163 1.35492084],[ 0.25122508 -6.27271013],[ -0.81648635 -63.49227944],[0. 0.]
1508,1.5079999999999447,[0.35174204 1.34858464],[ 0.2504086  -6.33620241],[ -0.8339476  -63.46228983],[0. 0.]
1509,1.5089999999999446,[0.35199162 1.34218497],[ 0.24957465 -6.3996647 ],[ -0.85149847 -63.43071349],[0. 0.]
1510,1.5099999999999445,[0.35224034 1.33572188],[ 0.24872315 -6.46309542],[ -0.86913388 -63.39749705],[0. 0.]
1511,1.5109999999999444,[0.35248819 1.32919538],[ 0.24785402 -6.52649291],[ -0.8868486  -63.36258548],[0. 0.]
1512,1.5119999999999443,[0.35273516 1.32260553],[ 0.24696717 -6.5898555 ],[ -0.90463718 -63.32592208],[0. 0.]
1513,1.5129999999999442,[0.35298122 1.31595235],[ 0.24606253 -6.65318142],[ -0.92249405 -63.28744842],[0. 0.]
1514,1.513999999999944,[0.35322636 1.30923588],[ 0.24514004 -6.71646887],[ -0.9404134  -63.24710427],[0. 0.]
1515,1.514999999999944,[0.35347056 1.30245616],[ 0.24419962 -6.77971597],[ -0.95838928 -63.20482754],[0. 0.]
1516,1.5159999999999438,[0.3537138  1.29561324],[ 0.24324124 -6.8429208 ],[ -0.97641551 -63.16055425],[0. 0.]
1517,1.5169999999999437,[0.35395607 1.28870716],[ 0.24226482 -6.90608136],[ -0.99448575 -63.11421845],[0. 0.]
1518,1.5179999999999436,[0.35419734 1.28173796],[ 0.24127033 -6.96919558],[ -1.01259344 -63.06575217],[0. 0.]
1519,1.5189999999999435,[0.3544376 1.2747057],[ 0.24025774 -7.03226133],[ -1.03073183 -63.01508535],[0. 0.]
1520,1.5199999999999434,[0.35467682 1.26761043],[ 0.23922701 -7.09527641],[ -1.04889397 -62.9621458 ],[0. 0.]
1521,1.5209999999999433,[0.354915   1.26045219],[ 0.23817811 -7.15823856],[ -1.06707268 -62.90685913],[0. 0.]
1522,1.5219999999999432,[0.35515211 1.25323104],[ 0.23711104 -7.22114542],[ -1.08526061 -62.84914866],[0. 0.]
1523,1.522999999999943,[0.35538814 1.24594705],[ 0.23602578 -7.28399457],[ -1.10345016 -62.78893543],[0. 0.]
1524,1.523999999999943,[0.35562306 1.23860026],[ 0.23492233 -7.3467835 ],[ -1.12163353 -62.72613806],[0. 0.]
1525,1.5249999999999428,[0.35585686 1.23119075],[ 0.2338007  -7.40950964],[ -1.13980271 -62.66067273],[0. 0.]
1526,1.5259999999999427,[0.35608952 1.22371858],[ 0.2326609  -7.47217031],[ -1.15794945 -62.59245314],[0. 0.]
1527,1.5269999999999426,[0.35632103 1.21618382],[ 0.23150295 -7.53476277],[ -1.17606528 -62.52139039],[0. 0.]
1528,1.5279999999999425,[0.35655135 1.20858654],[ 0.23032688 -7.59728416],[ -1.1941415  -62.44739296],[0. 0.]
1529,1.5289999999999424,[0.35678049 1.20092681],[ 0.22913274 -7.65973155],[ -1.2121692  -62.37036666],[0. 0.]
1530,1.5299999999999423,[0.35700841 1.1932047 ],[ 0.22792057 -7.72210192],[ -1.2301392  -62.29021453],[0. 0.]
1531,1.5309999999999422,[0.3572351  1.18542031],[ 0.22669043 -7.78439213],[ -1.24804213 -62.20683682],[0. 0.]
1532,1.531999999999942,[0.35746054 1.17757371],[ 0.22544239 -7.84659897],[ -1.26586834 -62.1201309 ],[0. 0.]
1533,1.532999999999942,[0.35768472 1.16966499],[ 0.22417652 -7.9087191 ],[ -1.28360796 -62.02999123],[0. 0.]
1534,1.5339999999999419,[0.35790761 1.16169424],[ 0.22289291 -7.97074909],[ -1.30125088 -61.93630931],[0. 0.]
1535,1.5349999999999417,[0.3581292  1.15366156],[ 0.22159166 -8.0326854 ],[ -1.31878675 -61.83897358],[0. 0.]
1536,1.5359999999999416,[0.35834947 1.14556703],[ 0.22027287 -8.09452437],[ -1.33620496 -61.73786942],[0. 0.]
1537,1.5369999999999415,[0.35856841 1.13741077],[ 0.21893667 -8.15626224],[ -1.35349466 -61.63287909],[0. 0.]
1538,1.5379999999999414,[0.35878599 1.12919288],[ 0.21758317 -8.21789512],[ -1.37064478 -61.52388167],[0. 0.]
1539,1.5389999999999413,[0.35900221 1.12091346],[ 0.21621253 -8.279419  ],[ -1.38764395 -61.41075301],[0. 0.]
1540,1.5399999999999412,[0.35921703 1.11257263],[ 0.21482489 -8.34082976],[ -1.40448059 -61.29336571],[0. 0.]
1541,1.540999999999941,[0.35943045 1.10417051],[ 0.21342041 -8.40212312],[ -1.42114286 -61.17158909],[0. 0.]
1542,1.541999999999941,[0.35964245 1.09570721],[ 0.21199926 -8.46329471],[ -1.43761868 -61.04528912],[0. 0.]
1543,1.5429999999999409,[0.35985301 1.08718287],[ 0.21056164 -8.52434   ],[ -1.4538957  -60.91432842],[0. 0.]
1544,1.5439999999999408,[0.36006212 1.07859762],[ 0.20910775 -8.58525433],[ -1.46996135 -60.77856623],[0. 0.]
1545,1.5449999999999406,[0.36026976 1.06995158],[ 0.20763779 -8.64603289],[ -1.48580279 -60.63785836],[0. 0.]
1546,1.5459999999999405,[0.36047591 1.06124491],[ 0.20615198 -8.70667075],[ -1.50140696 -60.49205724],[0. 0.]
1547,1.5469999999999404,[0.36068056 1.05247775],[ 0.20465058 -8.76716281],[ -1.51676053 -60.34101185],[0. 0.]
1548,1.5479999999999403,[0.36088369 1.04365025],[ 0.20313382 -8.82750382],[ -1.53184994 -60.18456772],[0. 0.]
1549,1.5489999999999402,[0.3610853  1.03476256],[ 0.20160197 -8.88768839],[ -1.54666141 -60.02256699],[0. 0.]
1550,1.54999999999994,[0.36128535 1.02581485],[ 0.20005531 -8.94771096],[ -1.5611809  -59.85484833],[0. 0.]
1551,1.55099999999994,[0.36148385 1.01680728],[ 0.19849412 -9.0075658 ],[ -1.57539415 -59.68124704],[0. 0.]
1552,1.5519999999999399,[0.36168076 1.00774003],[ 0.19691873 -9.06724705],[ -1.58928668 -59.50159502],[0. 0.]
1553,1.5529999999999398,[0.36187609 0.99861329],[ 0.19532944 -9.12674865],[ -1.60284379 -59.31572084],[0. 0.]
1554,1.5539999999999397,[0.36206982 0.98942722],[ 0.1937266  -9.18606437],[ -1.61605054 -59.12344974],[0. 0.]
1555,1.5549999999999395,[0.36226193 0.98018203],[ 0.19211055 -9.24518782],[ -1.62889182 -58.92460372],[0. 0.]
1556,1.5559999999999394,[0.36245241 0.97087792],[ 0.19048166 -9.30411242],[ -1.64135229 -58.71900158],[0. 0.]
1557,1.5569999999999393,[0.36264125 0.96151509],[ 0.18884031 -9.36283142],[ -1.65341643 -58.50645897],[0. 0.]
1558,1.5579999999999392,[0.36282844 0.95209375],[ 0.18718689 -9.42133788],[ -1.66506853 -58.28678854],[0. 0.]
1559,1.558999999999939,[0.36301396 0.94261413],[ 0.18552182 -9.47962467],[ -1.6762927  -58.05979995],[0. 0.]
1560,1.559999999999939,[0.36319781 0.93307644],[ 0.18384553 -9.53768447],[ -1.68707289 -57.82530003],[0. 0.]
1561,1.5609999999999389,[0.36337997 0.92348093],[ 0.18215845 -9.59550977],[ -1.6973929  -57.58309286],[0. 0.]
1562,1.5619999999999388,[0.36356043 0.91382784],[ 0.18046106 -9.65309286],[ -1.70723636 -57.33297993],[0. 0.]
1563,1.5629999999999387,[0.36373918 0.90411741],[ 0.17875383 -9.71042584],[ -1.7165868  -57.07476028],[0. 0.]
1564,1.5639999999999386,[0.36391622 0.89434991],[ 0.17703724 -9.7675006 ],[ -1.72542762 -56.80823063],[0. 0.]
1565,1.5649999999999384,[0.36409153 0.8845256 ],[ 0.17531181 -9.82430883],[ -1.73374212 -56.53318558],[0. 0.]
1566,1.5659999999999383,[0.36426511 0.87464476],[ 0.17357807 -9.88084202],[ -1.74151349 -56.24941777],[0. 0.]
1567,1.5669999999999382,[0.36443694 0.86470767],[ 0.17183656 -9.93709144],[ -1.74872489 -55.95671813],[0. 0.]
1568,1.567999999999938,[0.36460703 0.85471462],[ 0.17008783 -9.99304815],[ -1.7553594  -55.65487603],[0. 0.]
1569,1.568999999999938,[0.36477536 0.84466592],[  0.16833247 -10.04870303],[ -1.76140006 -55.34367958],[0. 0.]
1570,1.569999999999938,[0.36494194 0.83456187],[  0.16657107 -10.10404671],[ -1.7668299  -55.02291583],[0. 0.]
1571,1.5709999999999378,[0.36510674 0.8244028 ],[  0.16480424 -10.15906963],[ -1.77163197 -54.69237107],[0. 0.]
1572,1.5719999999999377,[0.36526977 0.81418904],[  0.16303261 -10.213762  ],[ -1.77578932 -54.3518311 ],[0. 0.]
1573,1.5729999999999376,[0.36543103 0.80392093],[  0.16125682 -10.26811383],[ -1.77928507 -54.00108155],[0. 0.]
1574,1.5739999999999374,[0.36559051 0.79359881],[  0.15947753 -10.32211491],[ -1.78210241 -53.63990818],[0. 0.]
1575,1.5749999999999373,[0.3657482  0.78322306],[  0.15769543 -10.37575482],[ -1.78422461 -53.26809723],[0. 0.]
1576,1.5759999999999372,[0.36590411 0.77279403],[  0.15591121 -10.42902292],[ -1.78563509 -52.88543581],[0. 0.]
1577,1.5769999999999371,[0.36605824 0.76231213],[  0.15412557 -10.48190835],[ -1.78631741 -52.49171221],[0. 0.]
1578,1.577999999999937,[0.36621058 0.75177773],[  0.15233926 -10.53440006],[ -1.78625531 -52.08671636],[0. 0.]
1579,1.578999999999937,[0.36636113 0.74119124],[  0.150553   -10.58648678],[ -1.78543274 -51.6702402 ],[0. 0.]
1580,1.5799999999999368,[0.3665099  0.73055308],[  0.14876757 -10.63815702],[ -1.78383388 -51.24207816],[0. 0.]
1581,1.5809999999999367,[0.36665688 0.71986368],[  0.14698373 -10.6893991 ],[ -1.78144321 -50.80202756],[0. 0.]
1582,1.5819999999999366,[0.36680208 0.70912348],[  0.14520229 -10.74020113],[ -1.77824549 -50.34988911],[0. 0.]
1583,1.5829999999999365,[0.36694551 0.69833293],[  0.14342404 -10.79055101],[ -1.77422582 -49.88546739],[0. 0.]
1584,1.5839999999999363,[0.36708716 0.6874925 ],[  0.14164982 -10.84043648],[ -1.76936969 -49.40857136],[0. 0.]
1585,1.5849999999999362,[0.36722704 0.67660265],[  0.13988045 -10.88984505],[ -1.76366299 -48.91901487],[0. 0.]
1586,1.5859999999999361,[0.36736516 0.66566389],[  0.13811679 -10.93876407],[ -1.75709205 -48.41661719],[0. 0.]
1587,1.586999999999936,[0.36750152 0.65467671],[  0.13635969 -10.98718069],[ -1.74964369 -47.90120361],[0. 0.]
1588,1.587999999999936,[0.36763613 0.64364162],[  0.13461005 -11.03508189],[ -1.74130526 -47.37260592],[0. 0.]
1589,1.5889999999999358,[0.36776899 0.63255917],[  0.13286875 -11.0824545 ],[ -1.73206464 -46.83066306],[0. 0.]
1590,1.5899999999999357,[0.36790013 0.62142988],[  0.13113668 -11.12928516],[ -1.72191035 -46.27522169],[0. 0.]
1591,1.5909999999999356,[0.36802955 0.61025432],[  0.12941477 -11.17556038],[ -1.71083152 -45.70613677],[0. 0.]
1592,1.5919999999999355,[0.36815725 0.59903306],[  0.12770394 -11.22126652],[ -1.69881798 -45.12327219],[0. 0.]
1593,1.5929999999999354,[0.36828325 0.58776667],[  0.12600512 -11.26638979],[ -1.68586025 -44.52650138],[0. 0.]
1594,1.5939999999999352,[0.36840757 0.57645575],[  0.12431926 -11.31091629],[ -1.67194965 -43.91570792],[0. 0.]
1595,1.5949999999999351,[0.36853022 0.56510092],[  0.12264731 -11.354832  ],[ -1.65707828 -43.2907862 ],[0. 0.]
1596,1.595999999999935,[0.36865121 0.5537028 ],[  0.12099023 -11.39812278],[ -1.64123908 -42.65164199],[0. 0.]
1597,1.596999999999935,[0.36877056 0.54226202],[  0.11934899 -11.44077443],[ -1.62442588 -41.99819313],[0. 0.]
1598,1.5979999999999348,[0.36888828 0.53077925],[  0.11772457 -11.48277262],[ -1.60663344 -41.3303701 ],[0. 0.]
1599,1.5989999999999347,[0.3690044  0.51925515],[  0.11611793 -11.52410299],[  8.74303285 727.57282772],[-0.07246582  0.92091608]
1600,1.5999999999999346,[0.36912926 0.50845862],[  0.12486097 -10.79653016],[  8.5847034  701.18934426],[-0.07297406  0.88668525]
1601,1.6009999999999345,[0.36926271 0.49836327],[  0.13344567 -10.09534082],[  8.41002619 675.55031829],[-0.07347498  0.85363303]
1602,1.6019999999999344,[0.36940457 0.48894348],[ 0.1418557 -9.4197905],[  8.22191438 650.65002614],[-0.07396776  0.82172731]
1603,1.6029999999999343,[0.36955464 0.48017434],[ 0.15007761 -8.76914047],[  8.02295014 626.48130212],[-0.0744517   0.79093614]
1604,1.6039999999999341,[0.36971274 0.47203168],[ 0.15810056 -8.14265917],[  7.81541461 603.03564258],[-0.07492623  0.76122777]
1605,1.604999999999934,[0.36987866 0.46449206],[ 0.16591598 -7.53962353],[  7.60131615 580.30332306],[-0.07539092  0.73257074]
1606,1.605999999999934,[0.37005218 0.45753274],[ 0.17351729 -6.95932021],[  7.38241676 558.27352266],[-0.07584541  0.70493393]
1607,1.6069999999999338,[0.37023308 0.45113169],[ 0.18089971 -6.40104668],[  7.16025659 536.93445114],[-0.07628943  0.67828661]
1608,1.6079999999999337,[0.37042114 0.44526758],[ 0.18805997 -5.86411223],[  6.93617671 516.27347521],[-0.07672281  0.65259852]
1609,1.6089999999999336,[0.37061613 0.43991974],[ 0.19499614 -5.34783876],[  6.71133992 496.27724142],[-0.07714542  0.62783989]
1610,1.6099999999999335,[0.37081784 0.43506818],[ 0.20170748 -4.85156151],[  6.48674996 476.93179359],[-0.0775572   0.60398148]
1611,1.6109999999999334,[0.37102603 0.43069355],[ 0.20819423 -4.37462972],[  6.26326892 458.22268361],[-0.07795815  0.58099461]
1612,1.6119999999999333,[0.37124049 0.42677715],[ 0.2144575  -3.91640704],[  6.04163314 440.13507454],[-0.0783483   0.55885122]
1613,1.6129999999999332,[0.37146099 0.42330087],[ 0.22049913 -3.47627196],[  5.82246753 422.65383577],[-0.07872771  0.53752385]
1614,1.613999999999933,[0.37168731 0.42024726],[ 0.2263216  -3.05361813],[  5.6062986  405.76362973],[-0.07909649  0.51698567]
1615,1.614999999999933,[0.37191924 0.4175994 ],[ 0.2319279 -2.6478545],[  5.39356606 389.44899051],[-0.07945477  0.4972105 ]
1616,1.6159999999999328,[0.37215656 0.415341  ],[ 0.23732147 -2.25840551],[  5.18463338 373.69439433],[-0.07980269  0.47817284]
1617,1.6169999999999327,[0.37239907 0.41345628],[ 0.2425061  -1.88471111],[  4.97979708 358.4843223 ],[-0.08014043  0.45984784]
1618,1.6179999999999326,[0.37264655 0.41193006],[ 0.2474859  -1.52622679],[  4.77929515 343.80331589],[-0.08046818  0.4422113 ]
1619,1.6189999999999325,[0.37289882 0.41074763],[ 0.25226519 -1.18242347],[  4.5833145  329.63602554],[-0.08078611  0.42523972]
1620,1.6199999999999324,[0.37315567 0.40989485],[ 0.25684851 -0.85278745],[  4.39199758 315.96725286],[-0.08109446  0.40891023]
1621,1.6209999999999323,[0.37341691 0.40935803],[ 0.2612405 -0.5368202],[  4.20544826 302.78198703],[-0.08139342  0.39320066]
1622,1.6219999999999322,[0.37368235 0.40912399],[ 0.26544595 -0.23403821],[  4.02373703 290.06543579],[-0.08168322  0.37808945]
1623,1.622999999999932,[0.37395182 0.40918002],[0.26946969 0.05602723],[  3.84690559 277.80305164],[-0.08196407  0.36355571]
1624,1.623999999999932,[0.37422514 0.40951385],[0.27331659 0.33383028],[  3.67497091 265.98055361],[-0.08223622  0.3495792 ]
1625,1.6249999999999318,[0.37450213 0.41011366],[0.27699157 0.59981083],[  3.50792879 254.58394507],[-0.08249988  0.33614028]
1626,1.6259999999999317,[0.37478263 0.41096805],[0.28049949 0.85439478],[  3.345757   243.59952808],[-0.08275529  0.32321994]
1627,1.6269999999999316,[0.37506648 0.41206605],[0.28384525 1.0979943 ],[  3.18841798 233.01391462],[-0.08300266  0.31079975]
1628,1.6279999999999315,[0.37535351 0.41339705],[0.28703367 1.33100822],[  3.03586133 222.81403496],[-0.08324224  0.29886191]
1629,1.6289999999999314,[0.37564358 0.41495088],[0.29006953 1.55382225],[  2.88802582 212.98714375],[-0.08347423  0.28738916]
1630,1.6299999999999313,[0.37593654 0.41671769],[0.29295756 1.7668094 ],[  2.74484126 203.52082388],[-0.08369886  0.27636482]
1631,1.6309999999999312,[0.37623224 0.41868802],[0.2957024  1.97033022],[  2.60623009 194.40298853],[-0.08391636  0.26577276]
1632,1.631999999999931,[0.37653055 0.42085275],[0.29830863 2.16473321],[  2.47210877 185.62188159],[-0.08412692  0.25559736]
1633,1.632999999999931,[0.37683133 0.4232031 ],[0.30078074 2.35035509],[  2.34238896 177.16607672],[-0.08433078  0.24582356]
1634,1.6339999999999308,[0.37713445 0.42573062],[0.30312313 2.52752117],[  2.21697856 169.02447524],[-0.08452812  0.23643678]
1635,1.6349999999999307,[0.37743979 0.42842717],[0.3053401  2.69654564],[  2.09578262 161.186303  ],[-0.08471917  0.22742294]
1636,1.6359999999999306,[0.37774723 0.4312849 ],[0.30743589 2.85773195],[  1.97870409 153.64110638],[-0.0849041   0.21876843]
1637,1.6369999999999305,[0.37805664 0.43429628],[0.30941459 3.01137305],[  1.86564451 146.37874759],[-0.08508313  0.21046011]
1638,1.6379999999999304,[0.37836792 0.43745403],[0.31128024 3.1577518 ],[  1.75650453 139.38939945],[-0.08525643  0.2024853 ]
1639,1.6389999999999303,[0.37868096 0.44075117],[0.31303674 3.2971412 ],[  1.65118446 132.66353959],[-0.08542419  0.19483174]
1640,1.6399999999999302,[0.37899565 0.44418097],[0.31468792 3.42980474],[  1.5495846  126.19194435],[-0.0855866  0.1874876]
1641,1.64099999999993,[0.37931188 0.44773697],[0.31623751 3.55599668],[  1.45160567 119.96568233],[-0.08574383  0.18044146]
1642,1.64199999999993,[0.37962957 0.45141293],[0.31768911 3.67596237],[  1.35714904 113.97610771],[-0.08589605  0.17368231]
1643,1.6429999999999298,[0.37994862 0.45520287],[0.31904626 3.78993847],[  1.26611703 108.21485346],[-0.08604343  0.1671995 ]
1644,1.6439999999999297,[0.38026893 0.45910102],[0.32031238 3.89815333],[  1.17841306 102.67382439],[-0.08618612  0.16098277]
1645,1.6449999999999296,[0.38059042 0.46310185],[0.32149079 4.00082715],[ 1.09394189 97.3451901 ],[-0.08632429  0.15502222]
1646,1.6459999999999295,[0.38091301 0.46720002],[0.32258474 4.09817234],[ 1.01260969 92.22137799],[-0.0864581  0.1493083]
1647,1.6469999999999294,[0.38123661 0.47139042],[0.32359735 4.19039372],[ 0.93432421 87.29506621],[-0.08658768  0.14383178]
1648,1.6479999999999293,[0.38156114 0.47566811],[0.32453167 4.27768879],[ 0.85899483 82.55917668],[-0.08671319  0.13858379]
1649,1.6489999999999292,[0.38188653 0.48002835],[0.32539066 4.36024796],[ 0.78653266 78.00686814],[-0.08683476  0.13355573]
1650,1.649999999999929,[0.38221271 0.48446661],[0.3261772  4.43825483],[ 0.71685061 73.63152927],[-0.08695253  0.12873936]
1651,1.650999999999929,[0.3825396 0.4889785],[0.32689405 4.51188636],[ 0.64986337 69.42677198],[-0.08706663  0.12412668]
1652,1.6519999999999289,[0.38286714 0.49355981],[0.32754391 4.58131313],[ 0.58548751 65.38642471],[-0.08717719  0.11971002]
1653,1.6529999999999287,[0.38319527 0.49820651],[0.3281294  4.64669956],[ 0.52364147 61.50452591],[-0.08728433  0.11548197]
1654,1.6539999999999286,[0.38352393 0.50291471],[0.32865304 4.70820408],[ 0.46424555 57.77531763],[-0.08738818  0.11143536]
1655,1.6549999999999285,[0.38385304 0.50768069],[0.32911729 4.7659794 ],[ 0.40722197 54.19323923],[-0.08748886  0.10756333]
1656,1.6559999999999284,[0.38418257 0.51250086],[0.32952451 4.82017264],[ 0.35249478 50.75292129],[-0.08758646  0.10385922]
1657,1.6569999999999283,[0.38451244 0.51737179],[0.329877   4.87092556],[ 0.29998996 47.44917955],[-0.08768111  0.10031664]
1658,1.6579999999999282,[0.38484262 0.52229016],[0.33017699 4.91837474],[ 0.24963532 44.27700914],[-0.08777291  0.09692942]
1659,1.658999999999928,[0.38517305 0.52725282],[0.33042663 4.96265175],[ 0.20136051 41.23157881],[-0.08786196  0.09369162]
1660,1.659999999999928,[0.38550368 0.5322567 ],[0.33062799 5.00388333],[ 0.15509701 38.30822543],[-0.08794836  0.0905975 ]
1661,1.6609999999999279,[0.38583446 0.53729889],[0.33078308 5.04219155],[ 0.11077813 35.50244856],[-0.08803221  0.08764155]
1662,1.6619999999999278,[0.38616535 0.54237658],[0.33089386 5.077694  ],[ 0.06833893 32.80990519],[-0.08811359  0.08481845]
1663,1.6629999999999276,[0.38649632 0.54748709],[0.3309622  5.11050391],[2.77162238e-02 3.02264046e+01],[-0.08819261  0.08212307]
1664,1.6639999999999275,[0.3868273  0.55262782],[0.33098992 5.14073031],[-1.11514367e-02  2.77479036e+01],[-0.08826934  0.07955049]
1665,1.6649999999999274,[0.38715828 0.5577963 ],[0.33097877 5.16847822],[-0.04832381 25.37050117],[-0.08834388  0.07709594]
1666,1.6659999999999273,[0.38748921 0.56299015],[0.33093044 5.19384872],[-0.08385898 23.09043449],[-0.08841629  0.07475486]
1667,1.6669999999999272,[0.38782006 0.56820709],[0.33084658 5.21693915],[-0.11781339 20.90407382],[-0.08848666  0.07252282]
1668,1.667999999999927,[0.38815079 0.57344493],[0.33072877 5.23784323],[-0.1502419  18.80791834],[-0.08855507  0.07039558]
1669,1.668999999999927,[0.38848137 0.57870158],[0.33057853 5.25665114],[-0.18119776 16.79859179],[-0.08862159  0.06836905]
1670,1.6699999999999269,[0.38881177 0.58397503],[0.33039733 5.27344974],[-0.2107327  14.87283833],[-0.08868628  0.06643928]
1671,1.6709999999999268,[0.38914195 0.58926335],[0.3301866  5.28832257],[-0.23889693 13.02751848],[-0.08874923  0.06460249]
1672,1.6719999999999267,[0.3894719 0.5945647],[0.3299477  5.30135009],[-0.26573917 11.25960526],[-0.08881048  0.06285503]
1673,1.6729999999999265,[0.38980158 0.59987731],[0.32968196 5.3126097 ],[-0.29130671  9.56618033],[-0.08887011  0.06119337]
1674,1.6739999999999264,[0.39013097 0.60519949],[0.32939066 5.32217588],[-0.31564541  7.94443036],[-0.08892818  0.05961412]
1675,1.6749999999999263,[0.39046005 0.61052961],[0.32907501 5.33012031],[-0.33879973  6.39164345],[-0.08898474  0.05811404]
1676,1.6759999999999262,[0.39078878 0.61586612],[0.32873621 5.33651195],[-0.36081281  4.90520568],[-0.08903986  0.05668999]
1677,1.676999999999926,[0.39111716 0.62120754],[0.3283754  5.34141716],[-0.38172643  3.48259774],[-0.08909358  0.05533893]
1678,1.677999999999926,[0.39144515 0.62655244],[0.32799367 5.34489976],[-0.40158111  2.12139174],[-0.08914597  0.05405797]
1679,1.6789999999999259,[0.39177274 0.63189946],[0.32759209 5.34702115],[-0.42041608  0.81924802],[-0.08919706  0.05284431]
1680,1.6799999999999258,[0.39209992 0.6372473 ],[0.32717167 5.3478404 ],[-0.43826935 -0.42608787],[-0.08924692  0.05169526]
1681,1.6809999999999257,[0.39242665 0.64259471],[0.3267334  5.34741431],[-0.45517775 -1.61678809],[-0.08929559  0.05060821]
1682,1.6819999999999256,[0.39275293 0.64794051],[0.32627823 5.34579752],[-0.47117689 -2.75494543],[-0.08934311  0.04958069]
1683,1.6829999999999254,[0.39307874 0.65328355],[0.32580705 5.34304257],[-0.48630129 -3.84257599],[-0.08938952  0.04861029]
1684,1.6839999999999253,[0.39340406 0.65862275],[0.32532075 5.3392    ],[-0.50058432 -4.88162191],[-0.08943488  0.0476947 ]
1685,1.6849999999999252,[0.39372888 0.66395707],[0.32482016 5.33431838],[-0.5140583  -5.87395392],[-0.08947922  0.04683171]
1686,1.6859999999999251,[0.39405318 0.66928552],[0.32430611 5.32844442],[-0.52675445 -6.82137386],[-0.08952258  0.04601916]
1687,1.686999999999925,[0.39437696 0.67460714],[0.32377935 5.32162305],[-0.53870301 -7.72561711],[-0.08956499  0.04525501]
1688,1.687999999999925,[0.3947002  0.67992104],[0.32324065 5.31389743],[-0.54993319 -8.58835491],[-0.0896065   0.04453729]
1689,1.6889999999999248,[0.39502289 0.68522635],[0.32269072 5.30530908],[-0.56047324 -9.41119662],[-0.08964713  0.04386407]
1690,1.6899999999999247,[0.39534502 0.69052224],[0.32213024 5.29589788],[ -0.57035044 -10.19569195],[-0.08968693  0.04323355]
1691,1.6909999999999246,[0.39566658 0.69580795],[0.32155989 5.28570219],[ -0.57959119 -10.94333306],[-0.08972592  0.04264395]
1692,1.6919999999999245,[0.39598756 0.7010827 ],[0.3209803  5.27475885],[ -0.58822097 -11.65555657],[-0.08976414  0.04209358]
1693,1.6929999999999243,[0.39630796 0.70634581],[0.32039208 5.2631033 ],[ -0.59626439 -12.33374562],[-0.08980161  0.04158082]
1694,1.6939999999999242,[0.39662775 0.71159658],[0.31979582 5.25076955],[ -0.60374522 -12.97923172],[-0.08983837  0.0411041 ]
1695,1.6949999999999241,[0.39694694 0.71683437],[0.31919207 5.23779032],[ -0.61068642 -13.59329662],[-0.08987443  0.04066191]
1696,1.695999999999924,[0.39726552 0.72205856],[0.31858138 5.22419702],[ -0.61711013 -14.17717411],[-0.08990983  0.0402528 ]
1697,1.696999999999924,[0.39758349 0.72726858],[0.31796427 5.21001985],[ -0.62303775 -14.73205175],[-0.08994459  0.03987538]
1698,1.6979999999999238,[0.39790083 0.73246387],[0.31734124 5.1952878 ],[ -0.6284899  -15.25907252],[-0.08997874  0.03952832]
1699,1.6989999999999237,[0.39821754 0.7376439 ],[0.31671275 5.18002873],[ -0.63348649 -15.75933645],[-0.0900123   0.03921032]
1700,1.6999999999999236,[0.39853362 0.74280817],[0.31607926 5.16426939],[ -0.63804672 -16.23390217],[-0.09004529  0.03892015]
1701,1.7009999999999235,[0.39884906 0.74795621],[0.31544121 5.14803549],[ -0.64218911 -16.68378842],[-0.09007774  0.03865661]
1702,1.7019999999999234,[0.39916386 0.75308756],[0.31479902 5.1313517 ],[ -0.6459315  -17.10997551],[-0.09010966  0.03841857]
1703,1.7029999999999232,[0.39947802 0.7582018 ],[0.31415309 5.11424172],[ -0.64929112 -17.51340672],[-0.09014107  0.03820492]
1704,1.7039999999999231,[0.39979152 0.76329853],[0.3135038  5.09672832],[ -0.65228455 -17.89498964],[-0.09017199  0.03801461]
1705,1.704999999999923,[0.40010437 0.76837736],[0.31285152 5.07883333],[ -0.65492777 -18.2555975 ],[-0.09020244  0.03784662]
1706,1.705999999999923,[0.40041657 0.77343794],[0.31219659 5.06057773],[ -0.65723619 -18.59607042],[-0.09023244  0.03769997]
1707,1.7069999999999228,[0.40072811 0.77847992],[0.31153935 5.04198166],[ -0.65922465 -18.91721663],[-0.09026201  0.03757373]
1708,1.7079999999999227,[0.40103899 0.78350298],[0.31088013 5.02306444],[ -0.66090744 -19.21981366],[-0.09029115  0.03746699]
1709,1.7089999999999226,[0.40134921 0.78850683],[0.31021922 5.00384463],[ -0.66229832 -19.50460945],[-0.09031989  0.03737888]
1710,1.7099999999999225,[0.40165876 0.79349117],[0.30955692 4.98434002],[ -0.66341054 -19.77232345],[-0.09034824  0.03730858]
1711,1.7109999999999224,[0.40196766 0.79845574],[0.30889351 4.9645677 ],[ -0.66425686 -20.0236477 ],[-0.09037621  0.03725528]
1712,1.7119999999999223,[0.40227589 0.80340028],[0.30822925 4.94454405],[ -0.66484955 -20.25924782],[-0.09040382  0.03721822]
1713,1.7129999999999221,[0.40258345 0.80832457],[0.3075644 4.9242848],[ -0.66520042 -20.47976401],[-0.09043107  0.03719665]
1714,1.713999999999922,[0.40289035 0.81322837],[0.3068992  4.90380504],[ -0.66532085 -20.68581197],[-0.09045799  0.03718986]
1715,1.714999999999922,[0.40319658 0.81811149],[0.30623388 4.88311922],[ -0.66522176 -20.87798387],[-0.09048458  0.03719718]
1716,1.7159999999999218,[0.40350215 0.82297373],[0.30556866 4.86224124],[ -0.66491368 -21.05684916],[-0.09051086  0.03721794]
1717,1.7169999999999217,[0.40380706 0.82781492],[0.30490375 4.84118439],[ -0.66440672 -21.22295546],[-0.09053682  0.03725151]
1718,1.7179999999999216,[0.40411129 0.83263488],[0.30423934 4.81996144],[ -0.6637106  -21.37682937],[-0.0905625   0.03729731]
1719,1.7189999999999215,[0.40441487 0.83743346],[0.30357563 4.79858461],[ -0.66283467 -21.51897728],[-0.09058788  0.03735473]
1720,1.7199999999999214,[0.40471778 0.84221053],[0.3029128  4.77706563],[ -0.66178791 -21.64988607],[-0.09061299  0.03742322]
1721,1.7209999999999213,[0.40502003 0.84696594],[0.30225101 4.75541574],[ -0.66057896 -21.7700239 ],[-0.09063783  0.03750226]
1722,1.7219999999999211,[0.40532162 0.85169959],[0.30159043 4.73364572],[ -0.65921612 -21.8798409 ],[-0.09066241  0.03759131]
1723,1.722999999999921,[0.40562256 0.85641135],[0.30093121 4.71176588],[ -0.65770734 -21.97976984],[-0.09068674  0.0376899 ]
1724,1.723999999999921,[0.40592283 0.86110114],[0.30027351 4.68978611],[ -0.6560603  -22.07022679],[-0.09071082  0.03779754]
1725,1.7249999999999208,[0.40622245 0.86576886],[0.29961745 4.66771588],[ -0.65428233 -22.15161173],[-0.09073467  0.03791378]
1726,1.7259999999999207,[0.40652141 0.87041442],[0.29896316 4.64556427],[ -0.6523805  -22.22430922],[-0.09075828  0.03803818]
1727,1.7269999999999206,[0.40681972 0.87503776],[0.29831078 4.62333996],[ -0.65036158 -22.28868891],[-0.09078167  0.03817032]
1728,1.7279999999999205,[0.40711738 0.87963881],[0.29766042 4.60105127],[ -0.64823208 -22.34510615],[-0.09080484  0.03830981]
1729,1.7289999999999204,[0.40741439 0.88421752],[0.29701219 4.57870617],[ -0.64599823 -22.3939025 ],[-0.0908278   0.03845624]
1730,1.7299999999999203,[0.40771076 0.88877383],[0.29636619 4.55631226],[ -0.64366602 -22.4354063 ],[-0.09085055  0.03860926]
1731,1.7309999999999202,[0.40800648 0.89330771],[0.29572252 4.53387686],[ -0.6412412  -22.46993313],[-0.0908731  0.0387685]
1732,1.73199999999992,[0.40830156 0.89781911],[0.29508128 4.51140692],[ -0.63872927 -22.49778631],[-0.09089545  0.03893363]
1733,1.73299999999992,[0.40859601 0.90230802],[0.29444255 4.48890914],[ -0.63613553 -22.51925735],[-0.09091761  0.03910431]
1734,1.7339999999999198,[0.40888981 0.90677441],[0.29380642 4.46638988],[ -0.63346502 -22.53462644],[-0.09093958  0.03928023]
1735,1.7349999999999197,[0.40918299 0.91121827],[0.29317295 4.44385525],[ -0.63072261 -22.54416285],[-0.09096137  0.03946108]
1736,1.7359999999999196,[0.40947553 0.91563958],[0.29254223 4.42131109],[ -0.62791295 -22.54812533],[-0.09098297  0.03964659]
1737,1.7369999999999195,[0.40976744 0.92003834],[0.29191432 4.39876297],[ -0.6250405  -22.54676256],[-0.0910044   0.03983646]
1738,1.7379999999999194,[0.41005873 0.92441456],[0.29128928 4.3762162 ],[ -0.62210953 -22.54031349],[-0.09102566  0.04003044]
1739,1.7389999999999193,[0.4103494  0.92876823],[0.29066717 4.35367589],[ -0.61912412 -22.52900774],[-0.09104674  0.04022827]
1740,1.7399999999999192,[0.41063945 0.93309938],[0.29004804 4.33114688],[ -0.6160882  -22.51306592],[-0.09106766  0.0404297 ]
1741,1.740999999999919,[0.41092888 0.93740802],[0.28943196 4.30863382],[ -0.61300552 -22.49270004],[-0.09108842  0.0406345 ]
1742,1.741999999999919,[0.4112177  0.94169416],[0.28881895 4.28614112],[ -0.60987965 -22.46811376],[-0.09110901  0.04084245]
1743,1.7429999999999188,[0.41150591 0.94595783],[0.28820907 4.263673  ],[ -0.60671404 -22.43950277],[-0.09112945  0.04105332]
1744,1.7439999999999187,[0.41179351 0.95019906],[0.28760236 4.2412335 ],[ -0.60351198 -22.40705506],[-0.09114973  0.04126691]
1745,1.7449999999999186,[0.41208051 0.95441789],[0.28699884 4.21882644],[ -0.6002766  -22.37095123],[-0.09116985  0.04148302]
1746,1.7459999999999185,[0.41236691 0.95861434],[0.28639857 4.19645549],[ -0.5970109  -22.33136477],[-0.09118982  0.04170146]
1747,1.7469999999999184,[0.41265271 0.96278847],[0.28580156 4.17412413],[ -0.59371777 -22.28846234],[-0.09120964  0.04192206]
1748,1.7479999999999183,[0.41293792 0.9669403 ],[0.28520784 4.15183567],[ -0.59039994 -22.24240402],[-0.09122932  0.04214463]
1749,1.7489999999999182,[0.41322253 0.9710699 ],[0.28461744 4.12959326],[ -0.58706004 -22.19334355],[-0.09124884  0.042369  ]
1750,1.749999999999918,[0.41350656 0.9751773 ],[0.28403038 4.10739992],[ -0.58370057 -22.14142861],[-0.09126822  0.04259503]
1751,1.750999999999918,[0.41379001 0.97926256],[0.28344668 4.08525849],[ -0.58032392 -22.08680102],[-0.09128746  0.04282255]
1752,1.7519999999999178,[0.41407288 0.98332573],[0.28286635 4.06317169],[ -0.57693238 -22.02959699],[-0.09130655  0.04305142]
1753,1.7529999999999177,[0.41435517 0.98736687],[0.28228942 4.04114209],[ -0.57352813 -21.96994731],[-0.0913255  0.0432815]
1754,1.7539999999999176,[0.41463688 0.99138604],[0.28171589 4.01917214],[ -0.57011323 -21.90797757],[-0.09134431  0.04351266]
1755,1.7549999999999175,[0.41491803 0.99538331],[0.28114578 3.99726417],[ -0.56668969 -21.84380836],[-0.09136298  0.04374476]
1756,1.7559999999999174,[0.41519861 0.99935873],[0.28057909 3.97542036],[ -0.56325938 -21.77755548],[-0.09138151  0.04397768]
1757,1.7569999999999173,[0.41547862 1.00331237],[0.28001583 3.9536428 ],[ -0.5598241  -21.70933008],[-0.09139991  0.04421131]
1758,1.7579999999999172,[0.41575808 1.0072443 ],[0.27945601 3.93193347],[ -0.55638557 -21.63923887],[-0.09141816  0.04444553]
1759,1.758999999999917,[0.41603698 1.0111546 ],[0.27889962 3.91029423],[ -0.55294542 -21.5673843 ],[-0.09143628  0.04468024]
1760,1.759999999999917,[0.41631532 1.01504332],[0.27834668 3.88872685],[ -0.54950521 -21.4938647 ],[-0.09145426  0.04491534]
1761,1.7609999999999169,[0.41659312 1.01891056],[0.27779717 3.86723298],[ -0.54606641 -21.41877444],[-0.0914721   0.04515072]
1762,1.7619999999999167,[0.41687037 1.02275637],[0.27725111 3.84581421],[ -0.54263043 -21.3422041 ],[-0.09148981  0.04538629]
1763,1.7629999999999166,[0.41714708 1.02658084],[0.27670847 3.82447201],[ -0.53919861 -21.2642406 ],[-0.09150738  0.04562197]
1764,1.7639999999999165,[0.41742325 1.03038405],[0.27616928 3.80320777],[ -0.53577221 -21.18496735],[-0.09152482  0.04585766]
1765,1.7649999999999164,[0.41769888 1.03416607],[0.2756335 3.7820228],[ -0.53235244 -21.10446437],[-0.09154212  0.04609329]
1766,1.7659999999999163,[0.41797399 1.03792699],[0.27510115 3.76091833],[ -0.52894044 -21.02280846],[-0.09155928  0.04632878]
1767,1.7669999999999162,[0.41824856 1.04166689],[0.27457221 3.73989553],[ -0.52553729 -20.94007325],[-0.09157631  0.04656405]
1768,1.767999999999916,[0.4185226  1.04538584],[0.27404667 3.71895545],[ -0.52214403 -20.85632942],[-0.0915932   0.04679904]
1769,1.768999999999916,[0.41879613 1.04908394],[0.27352453 3.69809912],[ -0.51876163 -20.77164472],[-0.09160996  0.04703368]
1770,1.7699999999999159,[0.41906913 1.05276127],[0.27300577 3.67732748],[ -0.51539099 -20.68608415],[-0.09162658  0.0472679 ]
1771,1.7709999999999158,[0.41934163 1.05641791],[0.27249038 3.65664139],[ -0.51203301 -20.59971001],[-0.09164307  0.04750164]
1772,1.7719999999999156,[0.4196136  1.06005395],[0.27197834 3.63604168],[ -0.50868849 -20.51258207],[-0.09165941  0.04773485]
1773,1.7729999999999155,[0.41988507 1.06366948],[0.27146966 3.6155291 ],[ -0.50535822 -20.42475761],[-0.09167563  0.04796747]
1774,1.7739999999999154,[0.42015604 1.06726459],[0.2709643  3.59510434],[ -0.50204293 -20.33629155],[-0.0916917   0.04819944]
1775,1.7749999999999153,[0.4204265  1.07083935],[0.27046225 3.57476805],[ -0.49874331 -20.2472365 ],[-0.09170764  0.04843073]
1776,1.7759999999999152,[0.42069646 1.07439388],[0.26996351 3.55452082],[ -0.49546    -20.15764292],[-0.09172344  0.04866127]
1777,1.776999999999915,[0.42096593 1.07792824],[0.26946805 3.53436317],[ -0.49219362 -20.06755913],[-0.0917391   0.04889103]
1778,1.777999999999915,[0.42123491 1.08144253],[0.26897586 3.51429561],[ -0.48894474 -19.97703143],[-0.09175462  0.04911996]
1779,1.7789999999999149,[0.42150339 1.08493685],[0.26848691 3.49431858],[ -0.4857139  -19.88610417],[-0.09177     0.04934802]
1780,1.7799999999999148,[0.4217714  1.08841128],[0.2680012  3.47443248],[ -0.48250161 -19.79481983],[-0.09178524  0.04957518]
1781,1.7809999999999147,[0.42203891 1.09186592],[0.2675187  3.45463766],[ -0.47930833 -19.70321909],[-0.09180035  0.0498014 ]
1782,1.7819999999999145,[0.42230595 1.09530086],[0.26703939 3.43493444],[ -0.4761345 -19.6113409],[-0.09181531  0.05002664]
1783,1.7829999999999144,[0.42257252 1.09871618],[0.26656325 3.4153231 ],[ -0.47298054 -19.51922253],[-0.09183013  0.05025088]
1784,1.7839999999999143,[0.42283861 1.10211198],[0.26609027 3.39580388],[ -0.46984682 -19.42689966],[-0.0918448   0.05047407]
1785,1.7849999999999142,[0.42310423 1.10548836],[0.26562043 3.37637698],[ -0.46673371 -19.33440644],[-0.09185934  0.0506962 ]
1786,1.785999999999914,[0.42336938 1.1088454 ],[0.26515369 3.35704257],[ -0.46364152 -19.24177552],[-0.09187373  0.05091724]
1787,1.786999999999914,[0.42363407 1.1121832 ],[0.26469005 3.33780079],[ -0.46057056 -19.14903815],[-0.09188797  0.05113715]
1788,1.7879999999999139,[0.4238983  1.11550186],[0.26422948 3.31865176],[ -0.45752111 -19.0562242 ],[-0.09190207  0.05135593]
1789,1.7889999999999138,[0.42416207 1.11880145],[0.26377196 3.29959553],[ -0.45449342 -18.96336221],[-0.09191603  0.05157353]
1790,1.7899999999999137,[0.42442539 1.12208208],[0.26331747 3.28063217],[ -0.45148773 -18.8704795 ],[-0.09192984  0.05178996]
1791,1.7909999999999136,[0.42468826 1.12534385],[0.26286598 3.26176169],[ -0.44850425 -18.77760213],[-0.0919435   0.05200517]
1792,1.7919999999999134,[0.42495067 1.12858683],[0.26241747 3.24298409],[ -0.44554317 -18.68475503],[-0.09195701  0.05221916]
1793,1.7929999999999133,[0.42521265 1.13181113],[0.26197193 3.22429933],[ -0.44260467 -18.59196199],[-0.09197037  0.05243191]
1794,1.7939999999999132,[0.42547417 1.13501684],[0.26152933 3.20570737],[ -0.43968889 -18.49924571],[-0.09198359  0.05264341]
1795,1.794999999999913,[0.42573526 1.13820404],[0.26108964 3.18720813],[ -0.43679599 -18.40662787],[-0.09199665  0.05285363]
1796,1.795999999999913,[0.42599592 1.14137285],[0.26065284 3.1688015 ],[ -0.43392608 -18.31412917],[-0.09200956  0.05306257]
1797,1.796999999999913,[0.42625614 1.14452333],[0.26021892 3.15048737],[ -0.43107926 -18.22176931],[-0.09202232  0.0532702 ]
1798,1.7979999999999128,[0.42651592 1.1476556 ],[0.25978784 3.1322656 ],[ -0.42825562 -18.1295671 ],[-0.09203493  0.05347653]
1799,1.7989999999999127,[0.42677528 1.15076973],[0.25935958 3.11413603],[ -0.42545525 -18.03754047],[-0.09204738  0.05368154]
1800,1.7999999999999126,[0.42703422 1.15386583],[0.25893413 3.09609849],[ -0.42267819 -17.94570648],[-0.09205968  0.05388522]
1801,1.8009999999999124,[0.42729273 1.15694399],[0.25851145 3.07815279],[ -0.41992451 -17.85408139],[-0.09207183  0.05408757]
1802,1.8019999999999123,[0.42755082 1.16000428],[0.25809152 3.0602987 ],[ -0.41719423 -17.76268066],[-0.09208381  0.05428856]
1803,1.8029999999999122,[0.42780849 1.16304682],[0.25767433 3.04253602],[ -0.41448738 -17.67151901],[-0.09209564  0.05448821]
1804,1.8039999999999121,[0.42806575 1.16607169],[0.25725984 3.0248645 ],[ -0.41180397 -17.58061043],[-0.09210732  0.05468649]
1805,1.804999999999912,[0.4283226  1.16907897],[0.25684804 3.00728389],[ -0.40914401 -17.48996822],[-0.09211883  0.05488341]
1806,1.805999999999912,[0.42857904 1.17206876],[0.25643889 2.98979393],[ -0.40650749 -17.39960499],[-0.09213018  0.05507896]
1807,1.8069999999999118,[0.42883507 1.17504116],[0.25603239 2.97239432],[ -0.40389438 -17.30953274],[-0.09214138  0.05527314]
1808,1.8079999999999117,[0.4290907  1.17799624],[0.25562849 2.95508479],[ -0.40130466 -17.21976283],[-0.09215241  0.05546594]
1809,1.8089999999999116,[0.42934593 1.18093411],[0.25522719 2.93786503],[ -0.39873829 -17.13030603],[-0.09216328  0.05565736]
1810,1.8099999999999115,[0.42960076 1.18385484],[0.25482845 2.92073472],[ -0.39619524 -17.04117254],[-0.09217398  0.0558474 ]
1811,1.8109999999999113,[0.42985519 1.18675854],[0.25443225 2.90369355],[ -0.39367544 -16.95237203],[-0.09218452  0.05603605]
1812,1.8119999999999112,[0.43010923 1.18964528],[0.25403858 2.88674117],[ -0.39117884 -16.86391363],[-0.0921949   0.05622332]
1813,1.8129999999999111,[0.43036288 1.19251515],[0.2536474  2.86987726],[ -0.38870536 -16.77580595],[-0.09220511  0.05640921]
1814,1.813999999999911,[0.43061614 1.19536826],[0.25325869 2.85310145],[ -0.38625494 -16.68805715],[-0.09221516  0.05659371]
1815,1.814999999999911,[0.43086901 1.19820467],[0.25287244 2.8364134 ],[ -0.3838275 -16.6006749],[-0.09222503  0.05677682]
1816,1.8159999999999108,[0.4311215  1.20102448],[0.25248861 2.81981272],[ -0.38142294 -16.51366644],[-0.09223474  0.05695855]
1817,1.8169999999999107,[0.4313736  1.20382778],[0.25210719 2.80329906],[ -0.37904118 -16.42703855],[-0.09224428  0.0571389 ]
1818,1.8179999999999106,[0.43162533 1.20661465],[0.25172815 2.78687202],[ -0.37668211 -16.34079764],[-0.09225365  0.05731787]
1819,1.8189999999999105,[0.43187668 1.20938518],[0.25135147 2.77053122],[ -0.37434564 -16.25494969],[-0.09226285  0.05749546]
1820,1.8199999999999104,[0.43212766 1.21213946],[0.25097712 2.75427627],[ -0.37203165 -16.16950033],[-0.09227187  0.05767167]
1821,1.8209999999999102,[0.43237827 1.21487757],[0.25060509 2.73810677],[ -0.36974004 -16.0844548 ],[-0.09228073  0.05784651]
1822,1.8219999999999101,[0.4326285  1.21759959],[0.25023535 2.72202232],[ -0.36747069 -15.999818  ],[-0.09228941  0.05801998]
1823,1.82299999999991,[0.43287837 1.22030561],[0.24986788 2.7060225 ],[ -0.36522347 -15.91559451],[-0.09229791  0.05819208]
1824,1.82399999999991,[0.43312787 1.22299572],[0.24950265 2.6901069 ],[ -0.36299827 -15.83178856],[-0.09230625  0.05836282]
1825,1.8249999999999098,[0.43337701 1.22566999],[0.24913966 2.67427511],[ -0.36079495 -15.74840409],[-0.0923144   0.05853221]
1826,1.8259999999999097,[0.43362579 1.22832852],[0.24877886 2.65852671],[ -0.35861339 -15.66544474],[-0.09232238  0.05870023]
1827,1.8269999999999096,[0.43387421 1.23097138],[0.24842025 2.64286127],[ -0.35645345 -15.58291387],[-0.09233018  0.05886691]
1828,1.8279999999999095,[0.43412227 1.23359866],[0.24806379 2.62727835],[ -0.35431499 -15.50081456],[-0.0923378   0.05903225]
1829,1.8289999999999094,[0.43436998 1.23621044],[0.24770948 2.61177754],[ -0.35219788 -15.41914964],[-0.09234524  0.05919624]
1830,1.8299999999999093,[0.43461734 1.2388068 ],[0.24735728 2.59635839],[ -0.35010196 -15.33792166],[-0.09235251  0.05935891]
1831,1.8309999999999091,[0.43486435 1.24138782],[0.24700718 2.58102047],[ -0.3480271  -15.25713297],[-0.09235959  0.05952024]
1832,1.831999999999909,[0.43511101 1.24395358],[0.24665915 2.56576333],[ -0.34597316 -15.17678567],[-0.09236649  0.05968025]
1833,1.832999999999909,[0.43535732 1.24650417],[0.24631318 2.55058655],[ -0.34393997 -15.09688164],[-0.09237321  0.05983895]
1834,1.8339999999999088,[0.43560329 1.24903966],[0.24596924 2.53548967],[ -0.3419274  -15.01742254],[-0.09237974  0.05999633]
1835,1.8349999999999087,[0.43584892 1.25156013],[0.24562731 2.52047224],[ -0.33993528 -14.93840985],[-0.09238609  0.06015241]
1836,1.8359999999999086,[0.4360942  1.25406566],[0.24528738 2.50553383],[ -0.33796348 -14.85984485],[-0.09239226  0.0603072 ]
1837,1.8369999999999085,[0.43633915 1.25655634],[0.24494941 2.49067399],[ -0.33601182 -14.78172861],[-0.09239824  0.06046069]
1838,1.8379999999999084,[0.43658377 1.25903223],[0.2446134  2.47589226],[ -0.33408016 -14.70406205],[-0.09240403  0.0606129 ]
1839,1.8389999999999083,[0.43682805 1.26149342],[0.24427932 2.4611882 ],[ -0.33216833 -14.62684591],[-0.09240964  0.06076384]
1840,1.8399999999999082,[0.43707199 1.26393998],[0.24394715 2.44656135],[ -0.33027619 -14.55008076],[-0.09241506  0.0609135 ]
1841,1.840999999999908,[0.43731561 1.26637199],[0.24361688 2.43201127],[ -0.32840356 -14.47376704],[-0.09242029  0.06106191]
1842,1.841999999999908,[0.4375589  1.26878953],[0.24328847 2.4175375 ],[ -0.3265503 -14.397905 ],[-0.09242533  0.06120906]
1843,1.8429999999999078,[0.43780186 1.27119267],[0.24296192 2.4031396 ],[ -0.32471624 -14.32249479],[-0.09243018  0.06135496]
1844,1.8439999999999077,[0.4380445  1.27358148],[0.24263721 2.3888171 ],[ -0.32290122 -14.24753639],[-0.09243484  0.06149962]
1845,1.8449999999999076,[0.43828681 1.27595605],[0.2423143  2.37456957],[ -0.32110507 -14.17302968],[-0.09243931  0.06164305]
1846,1.8459999999999075,[0.4385288  1.27831645],[0.2419932  2.36039654],[ -0.31932764 -14.09897438],[-0.09244359  0.06178526]
1847,1.8469999999999074,[0.43877048 1.28066275],[0.24167387 2.34629756],[ -0.31756877 -14.02537012],[-0.09244768  0.06192625]
1848,1.8479999999999073,[0.43901184 1.28299502],[0.2413563  2.33227219],[ -0.31582829 -13.95221641],[-0.09245157  0.06206603]
1849,1.8489999999999072,[0.43925288 1.28531334],[0.24104048 2.31831998],[ -0.31410603 -13.87951264],[-0.09245526  0.06220461]
1850,1.849999999999907,[0.4394936  1.28761778],[0.24072637 2.30444046],[ -0.31240185 -13.80725812],[-0.09245876  0.06234199]
1851,1.850999999999907,[0.43973402 1.28990841],[0.24041397 2.29063321],[ -0.31071557 -13.73545203],[-0.09246207  0.0624782 ]
1852,1.8519999999999068,[0.43997412 1.29218531],[0.24010325 2.27689775],[ -0.30904703 -13.66409348],[-0.09246518  0.06261322]
1853,1.8529999999999067,[0.44021391 1.29444854],[0.2397942  2.26323366],[ -0.30739607 -13.59318149],[-0.09246809  0.06274708]
1854,1.8539999999999066,[0.4404534  1.29669818],[0.23948681 2.24964048],[ -0.30576253 -13.52271497],[-0.09247081  0.06287978]
1855,1.8549999999999065,[0.44069258 1.2989343 ],[0.23918105 2.23611776],[ -0.30414625 -13.45269278],[-0.09247333  0.06301133]
1856,1.8559999999999064,[0.44093146 1.30115697],[0.2388769  2.22266507],[ -0.30254706 -13.38311369],[-0.09247565  0.06314173]
1857,1.8569999999999063,[0.44117003 1.30336625],[0.23857435 2.20928196],[ -0.30096481 -13.31397639],[-0.09247776  0.063271  ]
1858,1.8579999999999062,[0.44140831 1.30556222],[0.23827339 2.19596798],[ -0.29939934 -13.24527951],[-0.09247968  0.06339914]
1859,1.858999999999906,[0.44164628 1.30774494],[0.23797399 2.1827227 ],[ -0.29785047 -13.1770216 ],[-0.0924814   0.06352616]
1860,1.859999999999906,[0.44188396 1.30991449],[0.23767614 2.16954568],[ -0.29631807 -13.10920116],[-0.09248292  0.06365207]
1861,1.8609999999999058,[0.44212134 1.31207092],[0.23737982 2.15643648],[ -0.29480196 -13.04181662],[-0.09248423  0.06377688]
1862,1.8619999999999057,[0.44235842 1.31421432],[0.23708502 2.14339466],[ -0.29330199 -12.97486638],[-0.09248535  0.06390059]
1863,1.8629999999999056,[0.44259521 1.31634474],[0.23679172 2.1304198 ],[ -0.29181799 -12.90834874],[-0.09248625  0.06402322]
1864,1.8639999999999055,[0.44283171 1.31846225],[0.2364999  2.11751145],[ -0.29034983 -12.84226198],[-0.09248696  0.06414478]
1865,1.8649999999999054,[0.44306792 1.32056692],[0.23620955 2.10466919],[ -0.28889733 -12.77660433],[-0.09248746  0.06426526]
1866,1.8659999999999053,[0.44330384 1.32265881],[0.23592065 2.09189258],[ -0.28746034 -12.71137397],[-0.09248776  0.06438469]
1867,1.8669999999999052,[0.44353948 1.32473799],[0.23563319 2.07918121],[ -0.28603872 -12.64656903],[-0.09248785  0.06450306]
1868,1.867999999999905,[0.44377482 1.32680453],[0.23534715 2.06653464],[ -0.28463229 -12.58218762],[-0.09248773  0.06462039]
1869,1.868999999999905,[0.44400989 1.32885848],[0.23506252 2.05395245],[ -0.28324092 -12.51822778],[-0.09248741  0.06473669]
1870,1.8699999999999048,[0.44424466 1.33089991],[0.23477928 2.04143422],[ -0.28186445 -12.45468755],[-0.09248688  0.06485196]
1871,1.8709999999999047,[0.44447916 1.33292889],[0.23449741 2.02897954],[ -0.28050273 -12.3915649 ],[-0.09248614  0.06496621]
1872,1.8719999999999046,[0.44471338 1.33494548],[0.23421691 2.01658797],[ -0.27915561 -12.3288578 ],[-0.0924852   0.06507945]
1873,1.8729999999999045,[0.44494732 1.33694974],[0.23393776 2.00425911],[ -0.27782293 -12.26656416],[-0.09248404  0.06519168]
1874,1.8739999999999044,[0.44518098 1.33894173],[0.23365993 1.99199255],[ -0.27650456 -12.2046819 ],[-0.09248268  0.06530293]
1875,1.8749999999999043,[0.44541436 1.34092152],[0.23338343 1.97978787],[ -0.27520034 -12.14320887],[-0.09248111  0.06541319]
1876,1.8759999999999042,[0.44564747 1.34288916],[0.23310823 1.96764466],[ -0.27391012 -12.08214294],[-0.09247932  0.06552247]
1877,1.876999999999904,[0.4458803  1.34484473],[0.23283432 1.95556251],[ -0.27263377 -12.02148191],[-0.09247733  0.06563079]
1878,1.877999999999904,[0.44611286 1.34678827],[0.23256168 1.94354103],[ -0.27137114 -11.96122361],[-0.09247512  0.06573814]
1879,1.8789999999999039,[0.44634515 1.34871985],[0.23229031 1.93157981],[ -0.27012209 -11.9013658 ],[-0.0924727   0.06584454]
1880,1.8799999999999037,[0.44657718 1.35063953],[0.23202019 1.91967844],[ -0.26888646 -11.84190627],[-0.09247007  0.06595   ]
1881,1.8809999999999036,[0.44680893 1.35254736],[0.2317513  1.90783654],[ -0.26766413 -11.78284275],[-0.09246723  0.06605452]
1882,1.8819999999999035,[0.44704041 1.35444342],[0.23148364 1.89605369],[ -0.26645494 -11.72417299],[-0.09246417  0.06615811]
1883,1.8829999999999034,[0.44727163 1.35632775],[0.23121719 1.88432952],[ -0.26525877 -11.6658947 ],[-0.0924609   0.06626078]
1884,1.8839999999999033,[0.44750258 1.35820041],[0.23095193 1.87266363],[ -0.26407548 -11.6080056 ],[-0.09245742  0.06636254]
1885,1.8849999999999032,[0.44773327 1.36006147],[0.23068785 1.86105562],[ -0.26290492 -11.55050339],[-0.09245372  0.0664634 ]
1886,1.885999999999903,[0.44796369 1.36191097],[0.23042495 1.84950512],[ -0.26174696 -11.49338574],[-0.09244981  0.06656336]
1887,1.886999999999903,[0.44819386 1.36374898],[0.2301632  1.83801173],[ -0.26060147 -11.43665034],[-0.09244568  0.06666243]
1888,1.8879999999999029,[0.44842376 1.36557556],[0.2299026  1.82657508],[ -0.25946832 -11.38029487],[-0.09244133  0.06676062]
1889,1.8889999999999028,[0.4486534  1.36739075],[0.22964313 1.81519479],[ -0.25834736 -11.32431698],[-0.09243677  0.06685794]
1890,1.8899999999999026,[0.44888279 1.36919462],[0.22938478 1.80387047],[ -0.25723847 -11.26871433],[-0.09243199  0.06695439]
1891,1.8909999999999025,[0.44911191 1.37098722],[0.22912754 1.79260176],[ -0.25614153 -11.21348457],[-0.09242699  0.06704998]
1892,1.8919999999999024,[0.44934078 1.37276861],[0.2288714  1.78138827],[ -0.25505639 -11.15862536],[-0.09242178  0.06714473]
1893,1.8929999999999023,[0.4495694  1.37453884],[0.22861635 1.77022965],[ -0.25398294 -11.10413434],[-0.09241634  0.06723863]
1894,1.8939999999999022,[0.44979776 1.37629797],[0.22836236 1.75912551],[ -0.25292104 -11.05000916],[-0.09241069  0.0673317 ]
1895,1.894999999999902,[0.45002587 1.37804604],[0.22810944 1.7480755 ],[ -0.25187057 -10.99624745],[-0.09240482  0.06742394]
1896,1.895999999999902,[0.45025373 1.37978312],[0.22785757 1.73707925],[ -0.25083141 -10.94284686],[-0.09239873  0.06751536]
1897,1.8969999999999019,[0.45048134 1.38150926],[0.22760674 1.72613641],[ -0.24980343 -10.88980503],[-0.09239242  0.06760597]
1898,1.8979999999999018,[0.45070869 1.38322451],[0.22735694 1.7152466 ],[ -0.24878651 -10.8371196 ],[-0.09238589  0.06769578]
1899,1.8989999999999017,[0.4509358  1.38492891],[0.22710815 1.70440948],[ -0.24778053 -10.78478821],[-0.09237914  0.06778478]
1900,1.8999999999999015,[0.45116266 1.38662254],[0.22686037 1.69362469],[ -0.24678536 -10.73280851],[-0.09237217  0.067873  ]
1901,1.9009999999999014,[0.45138928 1.38830543],[0.22661358 1.68289189],[ -0.24580089 -10.68117815],[-0.09236498  0.06796043]
1902,1.9019999999999013,[0.45161564 1.38997764],[0.22636778 1.67221071],[ -0.24482701 -10.62989478],[-0.09235757  0.06804709]
1903,1.9029999999999012,[0.45184177 1.39163922],[0.22612296 1.66158081],[ -0.24386359 -10.57895605],[-0.09234993  0.06813298]
1904,1.903999999999901,[0.45206765 1.39329022],[0.22587909 1.65100186],[ -0.24291052 -10.52835963],[-0.09234207  0.06821811]
1905,1.904999999999901,[0.45229328 1.3949307 ],[0.22563618 1.6404735 ],[ -0.24196768 -10.47810317],[-0.09233399  0.06830248]
1906,1.9059999999999009,[0.45251868 1.39656069],[0.22539421 1.62999539],[ -0.24103496 -10.42818434],[-0.09232569  0.06838611]
1907,1.9069999999999008,[0.45274383 1.39818026],[0.22515318 1.61956721],[ -0.24011225 -10.37860082],[-0.09231716  0.068469  ]
1908,1.9079999999999007,[0.45296874 1.39978945],[0.22491307 1.60918861],[ -0.23919944 -10.32935029],[-0.09230841  0.06855115]
1909,1.9089999999999006,[0.45319342 1.40138831],[0.22467387 1.59885926],[ -0.23829641 -10.28043044],[-0.09229943  0.06863258]
1910,1.9099999999999004,[0.45341785 1.40297689],[0.22443557 1.58857883],[ -0.23740306 -10.23183896],[-0.09229023  0.06871328]
1911,1.9109999999999003,[0.45364205 1.40455523],[0.22419817 1.57834699],[ -0.23651928 -10.18357356],[-0.09228081  0.06879328]
1912,1.9119999999999002,[0.45386601 1.4061234 ],[0.22396165 1.56816342],[ -0.23564496 -10.13563193],[-0.09227116  0.06887257]
1913,1.9129999999999001,[0.45408974 1.40768143],[0.223726   1.55802778],[ -0.23478   -10.0880118],[-0.09226128  0.06895115]
1914,1.9139999999999,[0.45431323 1.40922937],[0.22349122 1.54793977],[ -0.23392429 -10.0407109 ],[-0.09225118  0.06902905]
1915,1.9149999999999,[0.45453649 1.41076726],[0.2232573  1.53789906],[-0.23307773 -9.99372696],[-0.09224085  0.06910626]
1916,1.9159999999998998,[0.45475951 1.41229517],[0.22302422 1.52790533],[-0.23224021 -9.94705772],[-0.0922303   0.06918279]
1917,1.9169999999998997,[0.4549823  1.41381313],[0.22279198 1.51795828],[-0.23141163 -9.90070093],[-0.09221952  0.06925864]
1918,1.9179999999998996,[0.45520486 1.41532119],[0.22256057 1.50805758],[-0.2305919  -9.85465436],[-0.09220851  0.06933383]
1919,1.9189999999998995,[0.45542719 1.41681939],[0.22232998 1.49820292],[-0.22978091 -9.80891578],[-0.09219728  0.06940836]
1920,1.9199999999998993,[0.45564929 1.41830778],[0.2221002  1.48839401],[-0.22897857 -9.76348296],[-0.09218582  0.06948223]
1921,1.9209999999998992,[0.45587116 1.41978641],[0.22187122 1.47863052],[-0.22818477 -9.71835371],[-0.09217413  0.06955545]
1922,1.9219999999998991,[0.45609281 1.42125533],[0.22164303 1.46891217],[-0.22739941 -9.67352582],[-0.09216221  0.06962804]
1923,1.922999999999899,[0.45631422 1.42271456],[0.22141563 1.45923864],[-0.22662242 -9.6289971 ],[-0.09215006  0.06969998]
1924,1.923999999999899,[0.45653541 1.42416417],[0.22118901 1.44960965],[-0.22585368 -9.58476539],[-0.09213769  0.0697713 ]
1925,1.9249999999998988,[0.45675638 1.4256042 ],[0.22096316 1.44002488],[-0.22509311 -9.54082851],[-0.09212509  0.069842  ]
1926,1.9259999999998987,[0.45697711 1.42703468],[0.22073807 1.43048405],[-0.22434061 -9.49718431],[-0.09211226  0.06991207]
1927,1.9269999999998986,[0.45719763 1.42845567],[0.22051372 1.42098687],[-0.22359609 -9.45383064],[-0.0920992   0.06998154]
1928,1.9279999999998985,[0.45741792 1.4298672 ],[0.22029013 1.41153304],[-0.22285946 -9.41076538],[-0.0920859  0.0700504]
1929,1.9289999999998984,[0.45763798 1.43126932],[0.22006727 1.40212227],[-0.22213064 -9.3679864 ],[-0.09207238  0.07011866]
1930,1.9299999999998982,[0.45785783 1.43266208],[0.21984514 1.39275429],[-0.22140952 -9.3254916 ],[-0.09205863  0.07018633]
1931,1.9309999999998981,[0.45807745 1.43404551],[0.21962373 1.38342879],[-0.22069603 -9.28327888],[-0.09204465  0.0702534 ]
1932,1.931999999999898,[0.45829686 1.43541965],[0.21940303 1.37414552],[-0.21999007 -9.24134615],[-0.09203044  0.0703199 ]
1933,1.932999999999898,[0.45851604 1.43678456],[0.21918304 1.36490417],[-0.21929157 -9.19969134],[-0.092016    0.07038582]
1934,1.9339999999998978,[0.458735   1.43814026],[0.21896375 1.35570448],[-0.21860043 -9.15831239],[-0.09200133  0.07045117]
1935,1.9349999999998977,[0.45895375 1.43948681],[0.21874515 1.34654617],[-0.21791657 -9.11720725],[-0.09198642  0.07051595]
1936,1.9359999999998976,[0.45917228 1.44082424],[0.21852723 1.33742896],[-0.21723991 -9.07637389],[-0.09197129  0.07058017]
1937,1.9369999999998975,[0.45939059 1.44215259],[0.21830999 1.32835258],[-0.21657036 -9.03581028],[-0.09195592  0.07064384]
1938,1.9379999999998974,[0.45960868 1.44347191],[0.21809342 1.31931677],[-0.21590785 -8.99551441],[-0.09194032  0.07070696]
1939,1.9389999999998973,[0.45982656 1.44478223],[0.21787752 1.31032126],[-0.21525229 -8.95548427],[-0.09192449  0.07076954]
1940,1.9399999999998971,[0.46004422 1.44608359],[0.21766226 1.30136578],[-0.2146036  -8.91571789],[-0.09190843  0.07083158]
1941,1.940999999999897,[0.46026167 1.44737604],[0.21744766 1.29245006],[-0.21396171 -8.87621329],[-0.09189213  0.07089308]
1942,1.941999999999897,[0.4604789  1.44865962],[0.2172337  1.28357384],[-0.21332654 -8.8369685 ],[-0.0918756   0.07095406]
1943,1.9429999999998968,[0.46069592 1.44993435],[0.21702037 1.27473688],[-0.212698   -8.79798158],[-0.09185884  0.07101452]
1944,1.9439999999998967,[0.46091273 1.45120029],[0.21680767 1.26593889],[-0.21207602 -8.7592506 ],[-0.09184185  0.07107445]
1945,1.9449999999998966,[0.46112932 1.45245747],[0.2165956  1.25717964],[-0.21146054 -8.72077361],[-0.09182462  0.07113388]
1946,1.9459999999998965,[0.46134571 1.45370593],[0.21638414 1.24845887],[-0.21085146 -8.68254873],[-0.09180716  0.0711928 ]
1947,1.9469999999998964,[0.46156188 1.45494571],[0.21617329 1.23977632],[-0.21024872 -8.64457404],[-0.09178947  0.07125122]
1948,1.9479999999998963,[0.46177784 1.45617684],[0.21596304 1.23113175],[-0.20965225 -8.60684765],[-0.09177154  0.07130914]
1949,1.9489999999998961,[0.4619936  1.45739936],[0.21575338 1.2225249 ],[-0.20906197 -8.56936771],[-0.09175338  0.07136656]
1950,1.949999999999896,[0.46220914 1.45861332],[0.21554432 1.21395553],[-0.20847781 -8.53213234],[-0.09173498  0.0714235 ]
1951,1.950999999999896,[0.46242448 1.45981874],[0.21533585 1.2054234 ],[-0.2078997  -8.49513971],[-0.09171635  0.07147996]
1952,1.9519999999998958,[0.46263961 1.46101567],[0.21512795 1.19692826],[-0.20732757 -8.45838796],[-0.09169749  0.07153594]
1953,1.9529999999998957,[0.46285453 1.46220414],[0.21492062 1.18846987],[-0.20676135 -8.42187528],[-0.09167839  0.07159145]
1954,1.9539999999998956,[0.46306924 1.46338419],[0.21471386 1.180048  ],[-0.20620098 -8.38559987],[-0.09165905  0.07164649]
1955,1.9549999999998955,[0.46328375 1.46455585],[0.21450766 1.1716624 ],[-0.20564638 -8.34955992],[-0.09163948  0.07170107]
1956,1.9559999999998954,[0.46349805 1.46571917],[0.21430201 1.16331284],[-0.20509748 -8.31375364],[-0.09161968  0.07175519]
1957,1.9569999999998953,[0.46371215 1.46687416],[0.21409691 1.15499908],[-0.20455423 -8.27817928],[-0.09159964  0.07180885]
1958,1.9579999999998952,[0.46392604 1.46802088],[0.21389236 1.1467209 ],[-0.20401656 -8.24283506],[-0.09157937  0.07186207]
1959,1.958999999999895,[0.46413973 1.46915936],[0.21368834 1.13847807],[-0.20348439 -8.20771923],[-0.09155886  0.07191484]
1960,1.959999999999895,[0.46435321 1.47028963],[0.21348486 1.13027035],[-0.20295768 -8.17283008],[-0.09153811  0.07196717]
1961,1.9609999999998948,[0.46456649 1.47141173],[0.2132819  1.12209752],[-0.20243634 -8.13816586],[-0.09151713  0.07201906]
1962,1.9619999999998947,[0.46477957 1.47252569],[0.21307946 1.11395935],[-0.20192033 -8.10372488],[-0.09149592  0.07207052]
1963,1.9629999999998946,[0.46499245 1.47363155],[0.21287754 1.10585563],[-0.20140958 -8.06950544],[-0.09147446  0.07212156]
1964,1.9639999999998945,[0.46520513 1.47472933],[0.21267613 1.09778612],[-0.20090403 -8.03550585],[-0.09145278  0.07217217]
1965,1.9649999999998944,[0.4654176  1.47581908],[0.21247523 1.08975062],[-0.20040361 -8.00172443],[-0.09143085  0.07222236]
1966,1.9659999999998943,[0.46562988 1.47690083],[0.21227482 1.08174889],[-0.19990827 -7.96815953],[-0.09140869  0.07227214]
1967,1.9669999999998942,[0.46584195 1.47797461],[0.21207492 1.07378073],[-0.19941795 -7.93480951],[-0.09138629  0.07232151]
1968,1.967999999999894,[0.46605383 1.47904046],[0.2118755  1.06584592],[-0.19893259 -7.90167272],[-0.09136366  0.07237047]
1969,1.968999999999894,[0.4662655 1.4800984],[0.21167657 1.05794425],[-0.19845213 -7.86874753],[-0.09134079  0.07241903]
1970,1.9699999999998938,[0.46647698 1.48114848],[0.21147811 1.0500755 ],[-0.19797652 -7.83603235],[-0.09131768  0.07246719]
1971,1.9709999999998937,[0.46668826 1.48219072],[0.21128014 1.04223947],[-0.19750569 -7.80352557],[-0.09129433  0.07251496]
1972,1.9719999999998936,[0.46689935 1.48322515],[0.21108263 1.03443595],[-0.1970396  -7.77122559],[-0.09127075  0.07256234]
1973,1.9729999999998935,[0.46711023 1.48425182],[0.21088559 1.02666472],[-0.19657818 -7.73913086],[-0.09124693  0.07260933]
1974,1.9739999999998934,[0.46732092 1.48527074],[0.21068901 1.01892559],[-0.19612139 -7.70723979],[-0.09122288  0.07265594]
1975,1.9749999999998933,[0.46753141 1.48628196],[0.21049289 1.01121835],[-0.19566916 -7.67555085],[-0.09119859  0.07270217]
1976,1.9759999999998932,[0.46774171 1.4872855 ],[0.21029722 1.0035428 ],[-0.19522145 -7.64406248],[-0.09117405  0.07274803]
1977,1.976999999999893,[0.46795181 1.4882814 ],[0.210102   0.99589874],[-0.19477819 -7.61277317],[-0.09114929  0.07279352]
1978,1.977999999999893,[0.46816172 1.48926969],[0.20990722 0.98828596],[-0.19433935 -7.58168139],[-0.09112428  0.07283864]
1979,1.9789999999998928,[0.46837143 1.49025039],[0.20971288 0.98070428],[-0.19390486 -7.55078563],[-0.09109904  0.07288339]
1980,1.9799999999998927,[0.46858095 1.49122355],[0.20951898 0.9731535 ],[-0.19347468 -7.52008442],[-0.09107356  0.07292779]
1981,1.9809999999998926,[0.46879028 1.49218918],[0.2093255  0.96563341],[-0.19304876 -7.48957625],[-0.09104784  0.07297183]
1982,1.9819999999998925,[0.46899941 1.49314732],[0.20913246 0.95814383],[-0.19262704 -7.45925966],[-0.09102188  0.07301552]
1983,1.9829999999998924,[0.46920835 1.49409801],[0.20893983 0.95068458],[-0.19220947 -7.4291332 ],[-0.09099569  0.07305887]
1984,1.9839999999998923,[0.4694171  1.49504126],[0.20874762 0.94325544],[-0.19179602 -7.39919541],[-0.09096925  0.07310187]
1985,1.9849999999998922,[0.46962565 1.49597712],[0.20855582 0.93585625],[-0.19138662 -7.36944485],[-0.09094258  0.07314452]
1986,1.985999999999892,[0.46983402 1.49690561],[0.20836444 0.9284868 ],[-0.19098123 -7.33988011],[-0.09091567  0.07318684]
1987,1.986999999999892,[0.47004219 1.49782675],[0.20817346 0.92114692],[-0.19057981 -7.31049975],[-0.09088852  0.07322882]
1988,1.9879999999998919,[0.47025017 1.49874059],[0.20798288 0.91383642],[-0.1901823  -7.28130239],[-0.09086114  0.07327048]
1989,1.9889999999998917,[0.47045797 1.49964715],[0.20779269 0.90655512],[-0.18978866 -7.25228662],[-0.09083351  0.0733118 ]
1990,1.9899999999998916,[0.47066557 1.50054645],[0.20760291 0.89930283],[-0.18939885 -7.22345107],[-0.09080565  0.07335281]
1991,1.9909999999998915,[0.47087298 1.50143853],[0.20741351 0.89207938],[-0.18901282 -7.19479436],[-0.09077755  0.07339349]
1992,1.9919999999998914,[0.47108021 1.50232341],[0.20722449 0.88488459],[-0.18863052 -7.16631513],[-0.09074921  0.07343385]
1993,1.9929999999998913,[0.47128724 1.50320113],[0.20703586 0.87771827],[-0.18825191 -7.13801204],[-0.09072063  0.0734739 ]
1994,1.9939999999998912,[0.47149409 1.50407171],[0.20684761 0.87058026],[-0.18787695 -7.10988373],[-0.09069181  0.07351364]
1995,1.994999999999891,[0.47170075 1.50493518],[0.20665973 0.86347038],[-0.1875056  -7.08192889],[-0.09066276  0.07355307]
1996,1.995999999999891,[0.47190722 1.50579157],[0.20647223 0.85638845],[-0.1871378  -7.05414619],[-0.09063346  0.0735922 ]
1997,1.9969999999998909,[0.47211351 1.5066409 ],[0.20628509 0.8493343 ],[-0.18677353 -7.02653433],[-0.09060393  0.07363102]
1998,1.9979999999998908,[0.47231961 1.50748321],[0.20609832 0.84230777],[-0.18641273 -6.99909201],[-0.09057416  0.07366955]
1999,1.9989999999998906,[0.47252552 1.50831852],[0.2059119  0.83530868],[-0.18605536 -6.97181793],[-0.09054414  0.07370778]
2000,1.9999999999998905,[0.47273124 1.50914686],[0.20572585 0.82833686],[-0.18570139 -6.94471083],[-0.09051389  0.07374572]
2001,2.0009999999998906,[0.47293678 1.50996825],[0.20554015 0.82139215],[-0.18535078 -6.91776943],[-0.0904834   0.07378337]
2002,2.0019999999998905,[0.47314214 1.51078272],[0.2053548  0.81447438],[-0.18500348 -6.89099249],[-0.09045268  0.07382073]
2003,2.0029999999998904,[0.47334731 1.51159031],[0.20516979 0.80758338],[-0.18465946 -6.86437874],[-0.09042171  0.07385781]
2004,2.0039999999998903,[0.47355229 1.51239103],[0.20498513 0.80071901],[-0.18431867 -6.83792695],[-0.0903905   0.07389461]
2005,2.00499999999989,[0.47375709 1.51318491],[0.20480082 0.79388108],[-0.18398108 -6.8116359 ],[-0.09035906  0.07393113]
2006,2.00599999999989,[0.47396171 1.51397198],[0.20461683 0.78706944],[-0.18364665 -6.78550436],[-0.09032737  0.07396738]
2007,2.00699999999989,[0.47416614 1.51475226],[0.20443319 0.78028394],[-0.18331534 -6.75953113],[-0.09029545  0.07400336]
2008,2.00799999999989,[0.47437039 1.51552579],[0.20424987 0.77352441],[-0.18298711 -6.73371501],[-0.09026328  0.07403906]
2009,2.0089999999998898,[0.47457446 1.51629258],[0.20406689 0.76679069],[-0.18266193 -6.70805481],[-0.09023088  0.07407451]
2010,2.0099999999998897,[0.47477834 1.51705266],[0.20388422 0.76008264],[-0.18233977 -6.68254935],[-0.09019824  0.07410968]
2011,2.0109999999998895,[0.47498205 1.51780606],[0.20370188 0.75340009],[-0.18202058 -6.65719746],[-0.09016536  0.0741446 ]
2012,2.0119999999998894,[0.47518557 1.5185528 ],[0.20351986 0.74674289],[-0.18170432 -6.63199797],[-0.09013223  0.07417926]
2013,2.0129999999998893,[0.4753889  1.51929291],[0.20333816 0.74011089],[-0.18139098 -6.60694975],[-0.09009887  0.07421366]
2014,2.013999999999889,[0.47559206 1.52002642],[0.20315677 0.73350394],[-0.1810805  -6.58205164],[-0.09006527  0.07424781]
2015,2.014999999999889,[0.47579504 1.52075334],[0.20297569 0.72692189],[-0.18077285 -6.5573025 ],[-0.09003144  0.07428172]
2016,2.015999999999889,[0.47599783 1.5214737 ],[0.20279491 0.72036459],[-0.18046801 -6.53270123],[-0.08999736  0.07431537]
2017,2.016999999999889,[0.47620045 1.52218754],[0.20261445 0.71383189],[-0.18016593 -6.50824669],[-0.08996304  0.07434878]
2018,2.0179999999998888,[0.47640288 1.52289486],[0.20243428 0.70732364],[-0.17986659 -6.48393779],[-0.08992848  0.07438195]
2019,2.0189999999998887,[0.47660514 1.5235957 ],[0.20225441 0.7008397 ],[-0.17956995 -6.45977342],[-0.08989369  0.07441487]
2020,2.0199999999998886,[0.47680721 1.52429008],[0.20207484 0.69437993],[-0.17927598 -6.4357525 ],[-0.08985865  0.07444756]
2021,2.0209999999998884,[0.47700911 1.52497802],[0.20189557 0.68794418],[-0.17898464 -6.41187395],[-0.08982337  0.07448002]
2022,2.0219999999998883,[0.47721082 1.52565955],[0.20171658 0.6815323 ],[-0.17869591 -6.38813669],[-0.08978786  0.07451224]
2023,2.022999999999888,[0.47741236 1.5263347 ],[0.20153789 0.67514417],[-0.17840975 -6.36453967],[-0.08975211  0.07454423]
2024,2.023999999999888,[0.47761372 1.52700348],[0.20135948 0.66877963],[-0.17812613 -6.34108182],[-0.08971611  0.074576  ]
2025,2.024999999999888,[0.4778149  1.52766592],[0.20118135 0.66243855],[-0.17784502 -6.3177621 ],[-0.08967988  0.07460753]
2026,2.025999999999888,[0.4780159  1.52832204],[0.20100351 0.65612078],[-0.17756639 -6.29457948],[-0.08964341  0.07463885]
2027,2.026999999999888,[0.47821673 1.52897186],[0.20082594 0.6498262 ],[-0.17729021 -6.27153292],[-0.08960669  0.07466995]
2028,2.0279999999998877,[0.47841738 1.52961542],[0.20064865 0.64355467],[-0.17701646 -6.24862141],[-0.08956974  0.07470082]
2029,2.0289999999998876,[0.47861785 1.53025272],[0.20047163 0.63730605],[-0.17674509 -6.22584392],[-0.08953255  0.07473149]
2030,2.0299999999998875,[0.47881815 1.53088381],[0.20029489 0.63108021],[-0.17647609 -6.20319946],[-0.08949512  0.07476193]
2031,2.0309999999998873,[0.47901826 1.53150868],[0.20011841 0.62487701],[-0.17620942 -6.18068703],[-0.08945745  0.07479217]
2032,2.0319999999998872,[0.47921821 1.53212738],[0.1999422  0.61869632],[-0.17594505 -6.15830564],[-0.08941954  0.0748222 ]
2033,2.032999999999887,[0.47941797 1.53273992],[0.19976626 0.61253801],[-0.17568296 -6.13605431],[-0.0893814   0.07485202]
2034,2.033999999999887,[0.47961756 1.53334632],[0.19959057 0.60640196],[-0.17542312 -6.11393206],[-0.08934301  0.07488163]
2035,2.034999999999887,[0.47981698 1.53394661],[0.19941515 0.60028803],[-0.1751655  -6.09193794],[-0.08930438  0.07491104]
2036,2.035999999999887,[0.48001622 1.5345408 ],[0.19923999 0.59419609],[-0.17491007 -6.07007098],[-0.08926552  0.07494025]
2037,2.0369999999998867,[0.48021528 1.53512893],[0.19906508 0.58812602],[-0.17465681 -6.04833023],[-0.08922641  0.07496926]
2038,2.0379999999998866,[0.48041417 1.53571101],[0.19889042 0.58207769],[-0.1744057  -6.02671475],[-0.08918706  0.07499808]
2039,2.0389999999998865,[0.48061289 1.53628706],[0.19871601 0.57605097],[-0.17415669 -6.00522361],[-0.08914748  0.0750267 ]
2040,2.0399999999998863,[0.48081143 1.5368571 ],[0.19854186 0.57004575],[-0.17390978 -5.98385588],[-0.08910766  0.07505513]
2041,2.0409999999998862,[0.4810098  1.53742116],[0.19836795 0.56406189],[-0.17366492 -5.96261064],[-0.0890676   0.07508337]
2042,2.041999999999886,[0.48120799 1.53797926],[0.19819428 0.55809928],[-0.1734221  -5.94148698],[-0.08902729  0.07511141]
2043,2.042999999999886,[0.48140601 1.53853142],[0.19802086 0.5521578 ],[-0.1731813  -5.92048399],[-0.08898675  0.07513928]
2044,2.043999999999886,[0.48160386 1.53907766],[0.19784768 0.54623731],[-0.17294248 -5.89960077],[-0.08894597  0.07516695]
2045,2.044999999999886,[0.48180154 1.539618  ],[0.19767474 0.54033771],[-0.17270563 -5.87883644],[-0.08890495  0.07519445]
2046,2.0459999999998857,[0.48199904 1.54015246],[0.19750203 0.53445887],[-0.17247071 -5.85819011],[-0.0888637   0.07522176]
2047,2.0469999999998856,[0.48219637 1.54068106],[0.19732956 0.52860068],[-0.1722377  -5.83766091],[-0.0888222  0.0752489]
2048,2.0479999999998855,[0.48239353 1.54120382],[0.19715732 0.52276302],[-0.17200659 -5.81724796],[-0.08878046  0.07527585]
2049,2.0489999999998854,[0.48259051 1.54172077],[0.19698532 0.51694578],[-0.17177734 -5.7969504 ],[-0.08873849  0.07530263]
2050,2.0499999999998852,[0.48278732 1.54223191],[0.19681354 0.51114883],[-0.17154994 -5.77676738],[-0.08869628  0.07532924]
2051,2.050999999999885,[0.48298397 1.54273729],[0.19664199 0.50537206],[-0.17132436 -5.75669805],[-0.08865382  0.07535568]
2052,2.051999999999885,[0.48318044 1.5432369 ],[0.19647066 0.49961536],[-0.17110057 -5.73674156],[-0.08861113  0.07538194]
2053,2.052999999999885,[0.48337674 1.54373078],[0.19629956 0.49387862],[-0.17087856 -5.71689709],[-0.0885682   0.07540804]
2054,2.053999999999885,[0.48357287 1.54421894],[0.19612868 0.48816172],[-0.1706583 -5.6971638],[-0.08852503  0.07543397]
2055,2.0549999999998847,[0.48376882 1.54470141],[0.19595803 0.48246456],[-0.17043978 -5.67754087],[-0.08848162  0.07545974]
2056,2.0559999999998846,[0.48396461 1.54517819],[0.19578759 0.47678702],[-0.17022296 -5.65802749],[-0.08843798  0.07548534]
2057,2.0569999999998845,[0.48416023 1.54564932],[0.19561736 0.47112899],[-0.17000783 -5.63862285],[-0.08839409  0.07551079]
2058,2.0579999999998844,[0.48435568 1.54611481],[0.19544736 0.46549037],[-0.16979436 -5.61932614],[-0.08834997  0.07553607]
2059,2.0589999999998843,[0.48455095 1.54657468],[0.19527756 0.45987104],[-0.16958254 -5.60013657],[-0.08830561  0.07556119]
2060,2.059999999999884,[0.48474606 1.54702895],[0.19510798 0.4542709 ],[-0.16937235 -5.58105335],[-0.08826101  0.07558616]
2061,2.060999999999884,[0.484941   1.54747764],[0.19493861 0.44868985],[-0.16916376 -5.56207569],[-0.08821617  0.07561097]
2062,2.061999999999884,[0.48513577 1.54792077],[0.19476944 0.44312777],[-0.16895675 -5.54320283],[-0.08817109  0.07563563]
2063,2.062999999999884,[0.48533037 1.54835836],[0.19460049 0.43758457],[-0.1687513  -5.52443398],[-0.08812577  0.07566014]
2064,2.0639999999998837,[0.4855248  1.54879042],[0.19443173 0.43206014],[-0.1685474  -5.50576839],[-0.08808022  0.0756845 ]
2065,2.0649999999998836,[0.48571907 1.54921697],[0.19426319 0.42655437],[-0.16834503 -5.48720529],[-0.08803443  0.0757087 ]
2066,2.0659999999998835,[0.48591316 1.54963804],[0.19409484 0.42106716],[-0.16814415 -5.46874394],[-0.0879884   0.07573277]
2067,2.0669999999998834,[0.48610709 1.55005364],[0.1939267  0.41559842],[-0.16794476 -5.45038359],[-0.08794213  0.07575668]
2068,2.0679999999998833,[0.48630085 1.55046379],[0.19375875 0.41014804],[-0.16774684 -5.43212349],[-0.08789562  0.07578045]
2069,2.068999999999883,[0.48649444 1.5508685 ],[0.19359101 0.40471591],[-0.16755036 -5.41396291],[-0.08784888  0.07580408]
2070,2.069999999999883,[0.48668786 1.5512678 ],[0.19342346 0.39930195],[-0.16735532 -5.39590112],[-0.0878019   0.07582757]
2071,2.070999999999883,[0.48688112 1.55166171],[0.1932561  0.39390605],[-0.16716168 -5.3779374 ],[-0.08775468  0.07585092]
2072,2.071999999999883,[0.4870742  1.55205024],[0.19308894 0.38852811],[-0.16696943 -5.36007104],[-0.08770722  0.07587413]
2073,2.0729999999998827,[0.48726713 1.55243341],[0.19292197 0.38316804],[-0.16677856 -5.34230131],[-0.08765952  0.0758972 ]
2074,2.0739999999998826,[0.48745988 1.55281123],[0.19275519 0.37782574],[-0.16658904 -5.32462752],[-0.08761159  0.07592014]
2075,2.0749999999998825,[0.48765247 1.55318373],[0.1925886  0.37250111],[-0.16640086 -5.30704897],[-0.08756342  0.07594294]
2076,2.0759999999998824,[0.48784489 1.55355093],[0.1924222  0.36719406],[-0.166214   -5.28956495],[-0.08751501  0.07596561]
2077,2.0769999999998823,[0.48803715 1.55391283],[0.19225599 0.3619045 ],[-0.16602845 -5.27217479],[-0.08746636  0.07598815]
2078,2.077999999999882,[0.48822924 1.55426946],[0.19208996 0.35663232],[-0.16584418 -5.25487778],[-0.08741748  0.07601055]
2079,2.078999999999882,[0.48842116 1.55462084],[0.19192411 0.35137745],[-0.16566118 -5.23767327],[-0.08736836  0.07603283]
2080,2.079999999999882,[0.48861292 1.55496698],[0.19175845 0.34613977],[-0.16547943 -5.22056057],[-0.087319    0.07605498]
2081,2.080999999999882,[0.48880451 1.5553079 ],[0.19159297 0.34091921],[-0.16529892 -5.20353902],[-0.08726941  0.07607701]
2082,2.0819999999998817,[0.48899594 1.55564362],[0.19142768 0.33571567],[-0.16511963 -5.18660796],[-0.08721957  0.07609891]
2083,2.0829999999998816,[0.4891872  1.55597414],[0.19126256 0.33052906],[-0.16494154 -5.16976672],[-0.0871695   0.07612068]
2084,2.0839999999998815,[0.4893783 1.5562995],[0.19109761 0.3253593 ],[-0.16476464 -5.15301465],[-0.0871192   0.07614234]
2085,2.0849999999998814,[0.48956924 1.55661971],[0.19093285 0.32020628],[-0.16458891 -5.13635111],[-0.08706865  0.07616387]
2086,2.0859999999998813,[0.48976    1.55693478],[0.19076826 0.31506993],[-0.16441434 -5.11977546],[-0.08701787  0.07618528]
2087,2.086999999999881,[0.48995061 1.55724473],[0.19060385 0.30995016],[-0.16424091 -5.10328706],[-0.08696686  0.07620657]
2088,2.087999999999881,[0.49014105 1.55754958],[0.19043961 0.30484687],[-0.1640686  -5.08688528],[-0.0869156   0.07622775]
2089,2.088999999999881,[0.49033132 1.55784934],[0.19027554 0.29975998],[-0.1638974  -5.07056949],[-0.08686411  0.07624881]
2090,2.089999999999881,[0.49052143 1.55814403],[0.19011164 0.29468941],[-0.1637273  -5.05433907],[-0.08681238  0.07626975]
2091,2.0909999999998807,[0.49071138 1.55843366],[0.18994791 0.28963508],[-0.16355828 -5.0381934 ],[-0.08676042  0.07629058]
2092,2.0919999999998806,[0.49090117 1.55871826],[0.18978435 0.28459688],[-0.16339032 -5.02213187],[-0.08670822  0.07631129]
2093,2.0929999999998805,[0.49109079 1.55899783],[0.18962096 0.27957475],[-0.16322342 -5.00615387],[-0.08665579  0.07633189]
2094,2.0939999999998804,[0.49128024 1.5592724 ],[0.18945774 0.2745686 ],[-0.16305755 -4.99025881],[-0.08660311  0.07635239]
2095,2.0949999999998803,[0.49146954 1.55954198],[0.18929468 0.26957834],[-0.1628927  -4.97444607],[-0.0865502   0.07637277]
2096,2.09599999999988,[0.49165867 1.55980658],[0.18913179 0.26460389],[-0.16272887 -4.95871508],[-0.08649706  0.07639304]
2097,2.09699999999988,[0.49184764 1.56006623],[0.18896906 0.25964518],[-0.16256602 -4.94306524],[-0.08644368  0.07641321]
2098,2.09799999999988,[0.49203645 1.56032093],[0.18880649 0.25470211],[-0.16240416 -4.92749596],[-0.08639006  0.07643326]
2099,2.09899999999988,[0.49222509 1.56057071],[0.18864409 0.24977462],[-0.16224327 -4.91200668],[-0.08633621  0.07645322]
2100,2.0999999999998797,[0.49241357 1.56081557],[0.18848185 0.24486261],[-0.16208333 -4.8965968 ],[-0.08628212  0.07647306]
2101,2.1009999999998796,[0.49260189 1.56105553],[0.18831976 0.23996601],[-0.16192433 -4.88126577],[-0.0862278   0.07649281]
2102,2.1019999999998795,[0.49279005 1.56129062],[0.18815784 0.23508475],[-0.16176625 -4.86601302],[-0.08617324  0.07651245]
2103,2.1029999999998794,[0.49297805 1.56152084],[0.18799607 0.23021873],[-0.16160909 -4.85083798],[-0.08611845  0.07653199]
2104,2.1039999999998793,[0.49316588 1.56174621],[0.18783446 0.22536789],[-0.16145284 -4.83574011],[-0.08606342  0.07655143]
2105,2.104999999999879,[0.49335355 1.56196674],[0.18767301 0.22053215],[-0.16129747 -4.82071883],[-0.08600815  0.07657077]
2106,2.105999999999879,[0.49354107 1.56218245],[0.18751171 0.21571144],[-0.16114297 -4.80577362],[-0.08595265  0.07659001]
2107,2.106999999999879,[0.49372842 1.56239335],[0.18735057 0.21090566],[-0.16098934 -4.79090392],[-0.08589692  0.07660915]
2108,2.107999999999879,[0.49391561 1.56259947],[0.18718958 0.20611476],[-0.16083656 -4.7761092 ],[-0.08584095  0.07662819]
2109,2.1089999999998787,[0.49410263 1.56280081],[0.18702875 0.20133865],[-0.16068462 -4.76138891],[-0.08578474  0.07664714]
2110,2.1099999999998786,[0.4942895  1.56299739],[0.18686806 0.19657726],[-0.16053351 -4.74674253],[-0.0857283   0.07666599]
2111,2.1109999999998785,[0.49447621 1.56318922],[0.18670753 0.19183052],[-0.16038321 -4.73216953],[-0.08567163  0.07668475]
2112,2.1119999999998784,[0.49466276 1.56337631],[0.18654714 0.18709835],[-0.16023372 -4.71766939],[-0.08561472  0.07670342]
2113,2.1129999999998783,[0.49484914 1.56355869],[0.18638691 0.18238068],[-0.16008501 -4.70324159],[-0.08555757  0.07672199]
2114,2.113999999999878,[0.49503537 1.56373637],[0.18622682 0.17767744],[-0.15993709 -4.6888856 ],[-0.0855002   0.07674047]
2115,2.114999999999878,[0.49522144 1.56390936],[0.18606689 0.17298855],[-0.15978993 -4.67460093],[-0.08544258  0.07675886]
2116,2.115999999999878,[0.49540735 1.56407767],[0.1859071  0.16831395],[-0.15964353 -4.66038706],[-0.08538474  0.07677716]
2117,2.116999999999878,[0.49559309 1.56424133],[0.18574745 0.16365356],[-0.15949788 -4.6462435 ],[-0.08532666  0.07679537]
2118,2.1179999999998778,[0.49577868 1.56440034],[0.18558796 0.15900732],[-0.15935296 -4.63216973],[-0.08526834  0.07681349]
2119,2.1189999999998776,[0.49596411 1.56455471],[0.1854286  0.15437515],[-0.15920876 -4.61816527],[-0.08520979  0.07683153]
2120,2.1199999999998775,[0.49614938 1.56470447],[0.18526939 0.14975699],[-0.15906528 -4.60422963],[-0.08515101  0.07684947]
2121,2.1209999999998774,[0.49633449 1.56484962],[0.18511033 0.14515276],[-0.15892249 -4.59036231],[-0.08509199  0.07686733]
2122,2.1219999999998773,[0.49651944 1.56499018],[0.18495141 0.14056239],[-0.1587804  -4.57656283],[-0.08503274  0.07688511]
2123,2.122999999999877,[0.49670423 1.56512617],[0.18479263 0.13598583],[-0.15863899 -4.56283071],[-0.08497326  0.0769028 ]
2124,2.123999999999877,[0.49688887 1.56525759],[0.18463399 0.131423  ],[-0.15849825 -4.54916548],[-0.08491354  0.07692041]
2125,2.124999999999877,[0.49707334 1.56538447],[0.18447549 0.12687383],[-0.15835817 -4.53556666],[-0.08485359  0.07693793]
2126,2.125999999999877,[0.49725766 1.5655068 ],[0.18431713 0.12233827],[-0.15821874 -4.52203379],[-0.08479341  0.07695537]
2127,2.1269999999998768,[0.49744182 1.56562462],[0.18415891 0.11781623],[-0.15807995 -4.50856639],[-0.08473299  0.07697273]
2128,2.1279999999998767,[0.49762582 1.56573793],[0.18400083 0.11330767],[-0.15794179 -4.495164  ],[-0.08467235  0.07699001]
2129,2.1289999999998765,[0.49780966 1.56584674],[0.18384289 0.1088125 ],[-0.15780425 -4.48182617],[-0.08461146  0.07700721]
2130,2.1299999999998764,[0.49799335 1.56595107],[0.18368509 0.10433068],[-0.15766732 -4.46855245],[-0.08455035  0.07702432]
2131,2.1309999999998763,[0.49817687 1.56605093],[0.18352742 0.09986212],[-0.15753099 -4.45534237],[-0.084489    0.07704136]
2132,2.131999999999876,[0.49836024 1.56614634],[0.18336989 0.09540678],[-0.15739525 -4.44219549],[-0.08442742  0.07705832]
2133,2.132999999999876,[0.49854346 1.5662373 ],[0.18321249 0.09096459],[-0.15726009 -4.42911137],[-0.08436561  0.07707521]
2134,2.133999999999876,[0.49872651 1.56632384],[0.18305523 0.08653548],[-0.1571255  -4.41608956],[-0.08430356  0.07709201]
2135,2.134999999999876,[0.49890941 1.56640596],[0.18289811 0.08211939],[-0.15699147 -4.40312963],[-0.08424129  0.07710874]
2136,2.1359999999998758,[0.49909215 1.56648368],[0.18274112 0.07771626],[-0.156858   -4.39023114],[-0.08417878  0.0771254 ]
2137,2.1369999999998757,[0.49927474 1.566557  ],[0.18258426 0.07332603],[-0.15672507 -4.37739367],[-0.08411604  0.07714197]
2138,2.1379999999998756,[0.49945716 1.56662595],[0.18242753 0.06894863],[-0.15659268 -4.36461677],[-0.08405307  0.07715848]
2139,2.1389999999998754,[0.49963943 1.56669053],[0.18227094 0.06458401],[-0.15646081 -4.35190004],[-0.08398986  0.07717491]
2140,2.1399999999998753,[0.49982155 1.56675077],[0.18211448 0.06023211],[-0.15632946 -4.33924304],[-0.08392642  0.07719126]
2141,2.1409999999998752,[0.50000351 1.56680666],[0.18195815 0.05589287],[-0.15619861 -4.32664536],[-0.08386276  0.07720755]
2142,2.141999999999875,[0.50018531 1.56685823],[0.18180195 0.05156623],[-0.15606827 -4.31410659],[-0.08379886  0.07722376]
2143,2.142999999999875,[0.50036695 1.56690548],[0.18164588 0.04725212],[-0.15593842 -4.3016263 ],[-0.08373473  0.0772399 ]
2144,2.143999999999875,[0.50054844 1.56694843],[0.18148994 0.04295049],[-0.15580905 -4.2892041 ],[-0.08367037  0.07725597]
2145,2.144999999999875,[0.50072978 1.56698709],[0.18133414 0.03866129],[-0.15568016 -4.27683957],[-0.08360577  0.07727197]
2146,2.1459999999998747,[0.50091096 1.56702147],[0.18117846 0.03438445],[-0.15555173 -4.26453232],[-0.08354095  0.07728789]
2147,2.1469999999998746,[0.50109198 1.56705159],[0.1810229  0.03011992],[-0.15542376 -4.25228195],[-0.0834759   0.07730375]
2148,2.1479999999998745,[0.50127285 1.56707746],[0.18086748 0.02586764],[-0.15529624 -4.24008805],[-0.08341061  0.07731954]
2149,2.1489999999998743,[0.50145356 1.56709909],[0.18071218 0.02162755],[-0.15516916 -4.22795024],[-0.0833451   0.07733526]
2150,2.1499999999998742,[0.50163412 1.56711649],[0.18055701 0.0173996 ],[-0.15504252 -4.21586812],[-0.08327935  0.07735092]
2151,2.150999999999874,[0.50181452 1.56712967],[0.18040197 0.01318373],[-0.1549163 -4.2038413],[-0.08321338  0.0773665 ]
2152,2.151999999999874,[0.50199477 1.56713865],[0.18024706 0.00897989],[-0.1547905  -4.19186941],[-0.08314717  0.07738202]
2153,2.152999999999874,[0.50217486 1.56714344],[0.18009227 0.00478802],[-0.1546651  -4.17995206],[-0.08308073  0.07739747]
2154,2.153999999999874,[0.5023548  1.56714405],[0.1799376  0.00060807],[-0.15454012 -4.16808887],[-0.08301407  0.07741286]
2155,2.1549999999998737,[0.50253458 1.56714049],[ 0.17978306 -0.00356002],[-0.15441552 -4.15627947],[-0.08294717  0.07742818]
2156,2.1559999999998736,[0.50271421 1.56713277],[ 0.17962864 -0.0077163 ],[-0.15429132 -4.14452347],[-0.08288005  0.07744343]
2157,2.1569999999998735,[0.50289368 1.56712091],[ 0.17947435 -0.01186083],[-0.15416749 -4.13282052],[-0.08281269  0.07745862]
2158,2.1579999999998734,[0.503073   1.56710492],[ 0.17932019 -0.01599365],[-0.15404404 -4.12117025],[-0.08274511  0.07747375]
2159,2.1589999999998732,[0.50325217 1.5670848 ],[ 0.17916614 -0.02011482],[-0.15392095 -4.10957228],[-0.08267729  0.07748881]
2160,2.159999999999873,[0.50343118 1.56706058],[ 0.17901222 -0.02422439],[-0.15379822 -4.09802626],[-0.08260925  0.07750381]
2161,2.160999999999873,[0.50361004 1.56703226],[ 0.17885842 -0.02832241],[-0.15367584 -4.08653182],[-0.08254098  0.07751875]
2162,2.161999999999873,[0.50378874 1.56699985],[ 0.17870475 -0.03240895],[-0.15355381 -4.07508862],[-0.08247247  0.07753362]
2163,2.162999999999873,[0.50396729 1.56696336],[ 0.17855119 -0.03648404],[-0.15343211 -4.06369629],[-0.08240374  0.07754843]
2164,2.1639999999998727,[0.50414569 1.56692282],[ 0.17839776 -0.04054773],[-0.15331074 -4.05235449],[-0.08233479  0.07756318]
2165,2.1649999999998726,[0.50432394 1.56687822],[ 0.17824445 -0.04460009],[-0.1531897  -4.04106287],[-0.0822656   0.07757787]
2166,2.1659999999998725,[0.50450203 1.56682957],[ 0.17809126 -0.04864115],[-0.15306897 -4.02982108],[-0.08219618  0.0775925 ]
2167,2.1669999999998724,[0.50467997 1.5667769 ],[ 0.17793819 -0.05267097],[-0.15294855 -4.01862877],[-0.08212654  0.07760707]
2168,2.1679999999998723,[0.50485775 1.56672021],[ 0.17778524 -0.0566896 ],[-0.15282843 -4.00748562],[-0.08205667  0.07762157]
2169,2.168999999999872,[0.50503538 1.56665952],[ 0.17763241 -0.06069708],[-0.15270861 -3.99639127],[-0.08198657  0.07763602]
2170,2.169999999999872,[0.50521286 1.56659482],[ 0.17747971 -0.06469348],[-0.15258908 -3.98534539],[-0.08191624  0.07765041]
2171,2.170999999999872,[0.50539019 1.56652614],[ 0.17732712 -0.06867882],[-0.15246984 -3.97434765],[-0.08184568  0.07766473]
2172,2.171999999999872,[0.50556737 1.56645349],[ 0.17717465 -0.07265317],[-0.15235087 -3.96339772],[-0.0817749  0.077679 ]
2173,2.1729999999998717,[0.50574439 1.56637687],[ 0.1770223  -0.07661657],[-0.15223217 -3.95249527],[-0.08170389  0.07769321]
2174,2.1739999999998716,[0.50592126 1.56629631],[ 0.17687006 -0.08056906],[-0.15211374 -3.94163997],[-0.08163265  0.07770736]
2175,2.1749999999998715,[0.50609798 1.56621179],[ 0.17671795 -0.0845107 ],[-0.15199556 -3.93083151],[-0.08156119  0.07772146]
2176,2.1759999999998714,[0.50627454 1.56612335],[ 0.17656595 -0.08844153],[-0.15187764 -3.92006955],[-0.08148949  0.0777355 ]
2177,2.1769999999998713,[0.50645096 1.56603099],[ 0.17641408 -0.0923616 ],[-0.15175996 -3.90935378],[-0.08141758  0.07774947]
2178,2.177999999999871,[0.50662722 1.56593472],[ 0.17626232 -0.09627096],[-0.15164252 -3.89868389],[-0.08134543  0.0777634 ]
2179,2.178999999999871,[0.50680333 1.56583455],[ 0.17611067 -0.10016964],[-0.15152532 -3.88805956],[-0.08127306  0.07777726]
2180,2.179999999999871,[0.50697929 1.56573049],[ 0.17595915 -0.1040577 ],[-0.15140834 -3.87748048],[-0.08120046  0.07779107]
2181,2.180999999999871,[0.5071551  1.56562256],[ 0.17580774 -0.10793518],[-0.15129159 -3.86694633],[-0.08112763  0.07780483]
2182,2.1819999999998707,[0.50733075 1.56551076],[ 0.17565645 -0.11180213],[-0.15117505 -3.85645682],[-0.08105458  0.07781852]
2183,2.1829999999998706,[0.50750626 1.5653951 ],[ 0.17550527 -0.11565858],[-0.15105873 -3.84601164],[-0.0809813   0.07783217]
2184,2.1839999999998705,[0.50768161 1.56527559],[ 0.17535422 -0.1195046 ],[-0.1509426  -3.83561048],[-0.0809078   0.07784575]
2185,2.1849999999998704,[0.50785681 1.56515225],[ 0.17520327 -0.12334021],[-0.15082668 -3.82525304],[-0.08083407  0.07785928]
2186,2.1859999999998703,[0.50803187 1.56502509],[ 0.17505245 -0.12716546],[-0.15071095 -3.81493904],[-0.08076011  0.07787276]
2187,2.18699999999987,[0.50820677 1.56489411],[ 0.17490173 -0.1309804 ],[-0.15059541 -3.80466816],[-0.08068593  0.07788618]
2188,2.18799999999987,[0.50838152 1.56475932],[ 0.17475114 -0.13478507],[-0.15048005 -3.79444012],[-0.08061153  0.07789955]
2189,2.18899999999987,[0.50855612 1.56462074],[ 0.17460066 -0.13857951],[-0.15036487 -3.78425463],[-0.08053689  0.07791286]
2190,2.18999999999987,[0.50873057 1.56447838],[ 0.17445029 -0.14236376],[-0.15024986 -3.77411139],[-0.08046204  0.07792612]
2191,2.1909999999998697,[0.50890487 1.56433224],[ 0.17430004 -0.14613787],[-0.15013502 -3.76401012],[-0.08038696  0.07793933]
2192,2.1919999999998696,[0.50907902 1.56418234],[ 0.17414991 -0.14990188],[-0.15002034 -3.75395054],[-0.08031165  0.07795248]
2193,2.1929999999998695,[0.50925302 1.56402868],[ 0.17399989 -0.15365583],[-0.14990581 -3.74393236],[-0.08023612  0.07796558]
2194,2.1939999999998694,[0.50942687 1.56387128],[ 0.17384998 -0.15739977],[-0.14979144 -3.7339553 ],[-0.08016036  0.07797863]
2195,2.1949999999998693,[0.50960057 1.56371015],[ 0.17370019 -0.16113372],[-0.14967721 -3.72401908],[-0.08008438  0.07799162]
2196,2.195999999999869,[0.50977412 1.56354529],[ 0.17355051 -0.16485774],[-0.14956312 -3.71412342],[-0.08000818  0.07800457]
2197,2.196999999999869,[0.50994752 1.56337672],[ 0.17340095 -0.16857186],[-0.14944917 -3.70426806],[-0.07993175  0.07801745]
2198,2.197999999999869,[0.51012077 1.56320444],[ 0.1732515  -0.17227613],[-0.14933535 -3.69445271],[-0.0798551   0.07803029]
2199,2.198999999999869,[0.51029388 1.56302847],[ 0.17310217 -0.17597058],[-0.14922165 -3.68467711],[-0.07977822  0.07804308]
2200,2.1999999999998687,[0.51046683 1.56284882],[ 0.17295295 -0.17965526],[-0.14910808 -3.67494099],[-0.07970112  0.07805581]
2201,2.2009999999998686,[0.51063963 1.56266549],[ 0.17280384 -0.1833302 ],[-0.14899462 -3.66524407],[-0.0796238   0.07806849]
2202,2.2019999999998685,[0.51081229 1.56247849],[ 0.17265484 -0.18699545],[-0.14888127 -3.65558611],[-0.07954625  0.07808112]
2203,2.2029999999998684,[0.51098479 1.56228784],[ 0.17250596 -0.19065103],[-0.14876803 -3.64596683],[-0.07946848  0.0780937 ]
2204,2.2039999999998683,[0.51115715 1.56209354],[ 0.17235719 -0.194297  ],[-0.14865489 -3.63638597],[-0.07939049  0.07810622]
2205,2.204999999999868,[0.51132936 1.56189561],[ 0.17220854 -0.19793338],[-0.14854184 -3.62684328],[-0.07931227  0.0781187 ]
2206,2.205999999999868,[0.51150142 1.56169405],[ 0.17206    -0.20156023],[-0.14842889 -3.61733849],[-0.07923383  0.07813112]
2207,2.206999999999868,[0.51167333 1.56148887],[ 0.17191157 -0.20517757],[-0.14831603 -3.60787135],[-0.07915517  0.0781435 ]
2208,2.207999999999868,[0.51184509 1.56128009],[ 0.17176325 -0.20878544],[-0.14820325 -3.59844161],[-0.07907629  0.07815582]
2209,2.2089999999998677,[0.51201671 1.5610677 ],[ 0.17161505 -0.21238388],[-0.14809055 -3.58904902],[-0.07899718  0.07816809]
2210,2.2099999999998676,[0.51218818 1.56085173],[ 0.17146696 -0.21597293],[-0.14797792 -3.57969333],[-0.07891785  0.07818032]
2211,2.2109999999998675,[0.5123595  1.56063218],[ 0.17131898 -0.21955262],[-0.14786537 -3.57037428],[-0.0788383   0.07819249]
2212,2.2119999999998674,[0.51253067 1.56040905],[ 0.17117111 -0.223123  ],[-0.14775288 -3.56109164],[-0.07875853  0.07820461]
2213,2.2129999999998673,[0.51270169 1.56018237],[ 0.17102336 -0.22668409],[-0.14764045 -3.55184515],[-0.07867854  0.07821668]
2214,2.213999999999867,[0.51287257 1.55995213],[ 0.17087572 -0.23023593],[-0.14752807 -3.54263459],[-0.07859832  0.0782287 ]
2215,2.214999999999867,[0.51304329 1.55971836],[ 0.17072819 -0.23377857],[-0.14741575 -3.5334597 ],[-0.07851788  0.07824067]
2216,2.215999999999867,[0.51321387 1.55948104],[ 0.17058078 -0.23731203],[-0.14730348 -3.52432024],[-0.07843723  0.07825259]
2217,2.216999999999867,[0.51338431 1.55924021],[ 0.17043347 -0.24083635],[-0.14719125 -3.51521599],[-0.07835635  0.07826446]
2218,2.2179999999998667,[0.51355459 1.55899586],[ 0.17028628 -0.24435156],[-0.14707907 -3.5061467 ],[-0.07827525  0.07827629]
2219,2.2189999999998666,[0.51372473 1.558748  ],[ 0.1701392  -0.24785771],[-0.14696691 -3.49711214],[-0.07819393  0.07828806]
2220,2.2199999999998665,[0.51389473 1.55849664],[ 0.16999224 -0.25135482],[-0.14685479 -3.48811207],[-0.07811238  0.07829978]
2221,2.2209999999998664,[0.51406457 1.5582418 ],[ 0.16984538 -0.25484293],[-0.1467427  -3.47914628],[-0.07803062  0.07831146]
2222,2.2219999999998663,[0.51423427 1.55798348],[ 0.16969864 -0.25832208],[-0.14663063 -3.47021453],[-0.07794864  0.07832308]
2223,2.222999999999866,[0.51440382 1.55772169],[ 0.16955201 -0.2617923 ],[-0.14651859 -3.46131658],[-0.07786644  0.07833465]
2224,2.223999999999866,[0.51457323 1.55745643],[ 0.16940549 -0.26525361],[-0.14640655 -3.45245223],[-0.07778402  0.07834618]
2225,2.224999999999866,[0.51474249 1.55718773],[ 0.16925908 -0.26870606],[-0.14629453 -3.44362124],[-0.07770137  0.07835766]
2226,2.225999999999866,[0.5149116  1.55691558],[ 0.16911279 -0.27214969],[-0.14618252 -3.43482339],[-0.07761851  0.07836908]
2227,2.2269999999998658,[0.51508057 1.55663999],[ 0.16896661 -0.27558451],[-0.14607051 -3.42605846],[-0.07753543  0.07838046]
2228,2.2279999999998656,[0.51524939 1.55636098],[ 0.16882054 -0.27901057],[-0.14595851 -3.41732623],[-0.07745213  0.07839179]
2229,2.2289999999998655,[0.51541806 1.55607855],[ 0.16867458 -0.28242789],[-0.1458465  -3.40862649],[-0.07736861  0.07840307]
2230,2.2299999999998654,[0.51558659 1.55579272],[ 0.16852873 -0.28583652],[-0.14573448 -3.39995901],[-0.07728487  0.0784143 ]
2231,2.2309999999998653,[0.51575497 1.55550348],[ 0.168383   -0.28923648],[-0.14562245 -3.39132359],[-0.07720091  0.07842548]
2232,2.231999999999865,[0.51592321 1.55521085],[ 0.16823737 -0.2926278 ],[-0.14551041 -3.38272001],[-0.07711674  0.07843661]
2233,2.232999999999865,[0.5160913  1.55491484],[ 0.16809186 -0.29601052],[-0.14539835 -3.37414807],[-0.07703234  0.0784477 ]
2234,2.233999999999865,[0.51625925 1.55461546],[ 0.16794647 -0.29938467],[-0.14528627 -3.36560754],[-0.07694773  0.07845873]
2235,2.234999999999865,[0.51642705 1.55431271],[ 0.16780118 -0.30275028],[-0.14517417 -3.35709823],[-0.0768629   0.07846972]
2236,2.2359999999998648,[0.51659471 1.5540066 ],[ 0.16765601 -0.30610738],[-0.14506203 -3.34861992],[-0.07677785  0.07848065]
2237,2.2369999999998647,[0.51676222 1.55369714],[ 0.16751094 -0.309456  ],[-0.14494986 -3.34017242],[-0.07669258  0.07849154]
2238,2.2379999999998645,[0.51692958 1.55338435],[ 0.16736599 -0.31279617],[-0.14483766 -3.33175551],[-0.07660709  0.07850238]
2239,2.2389999999998644,[0.5170968  1.55306822],[ 0.16722116 -0.31612792],[-0.14472542 -3.323369  ],[-0.07652139  0.07851317]
2240,2.2399999999998643,[0.51726388 1.55274877],[ 0.16707643 -0.31945129],[-0.14461314 -3.31501269],[-0.07643547  0.07852391]
2241,2.240999999999864,[0.51743081 1.552426  ],[ 0.16693182 -0.32276631],[-0.14450081 -3.30668637],[-0.07634933  0.0785346 ]
2242,2.241999999999864,[0.5175976  1.55209993],[ 0.16678732 -0.32607299],[-0.14438843 -3.29838985],[-0.07626298  0.07854524]
2243,2.242999999999864,[0.51776424 1.55177056],[ 0.16664293 -0.32937138],[-0.144276   -3.29012294],[-0.07617641  0.07855584]
2244,2.243999999999864,[0.51793074 1.5514379 ],[ 0.16649865 -0.3326615 ],[-0.14416352 -3.28188543],[-0.07608962  0.07856638]
2245,2.2449999999998638,[0.5180971  1.55110195],[ 0.16635449 -0.33594339],[-0.14405097 -3.27367713],[-0.07600261  0.07857688]
2246,2.2459999999998637,[0.51826331 1.55076274],[ 0.16621044 -0.33921707],[-0.14393836 -3.26549786],[-0.07591539  0.07858732]
2247,2.2469999999998636,[0.51842937 1.55042025],[ 0.1660665  -0.34248257],[-0.14382569 -3.25734742],[-0.07582796  0.07859772]
2248,2.2479999999998634,[0.51859529 1.55007451],[ 0.16592267 -0.34573991],[-0.14371295 -3.24922562],[-0.0757403   0.07860807]
2249,2.2489999999998633,[0.51876107 1.54972552],[ 0.16577896 -0.34898914],[-0.14360014 -3.24113227],[-0.07565243  0.07861837]
2250,2.249999999999863,[0.51892671 1.54937329],[ 0.16563536 -0.35223027],[-0.14348725 -3.23306719],[-0.07556435  0.07862862]
2251,2.250999999999863,[0.5190922  1.54901783],[ 0.16549187 -0.35546334],[-0.14337428 -3.2250302 ],[-0.07547605  0.07863882]
2252,2.251999999999863,[0.51925755 1.54865914],[ 0.1653485  -0.35868837],[-0.14326123 -3.2170211 ],[-0.07538753  0.07864897]
2253,2.252999999999863,[0.51942275 1.54829724],[ 0.16520524 -0.36190539],[-0.1431481  -3.20903971],[-0.0752988   0.07865907]
2254,2.253999999999863,[0.51958782 1.54793212],[ 0.16506209 -0.36511443],[-0.14303488 -3.20108587],[-0.07520985  0.07866913]
2255,2.2549999999998627,[0.51975274 1.54756381],[ 0.16491905 -0.36831551],[-0.14292157 -3.19315937],[-0.07512069  0.07867913]
2256,2.2559999999998626,[0.51991751 1.5471923 ],[ 0.16477613 -0.37150867],[-0.14280817 -3.18526005],[-0.07503131  0.07868908]
2257,2.2569999999998624,[0.52008215 1.5468176 ],[ 0.16463332 -0.37469393],[-0.14269467 -3.17738773],[-0.07494172  0.07869898]
2258,2.2579999999998623,[0.52024664 1.54643973],[ 0.16449063 -0.37787132],[-0.14258108 -3.16954223],[-0.07485192  0.07870884]
2259,2.2589999999998622,[0.52041098 1.54605869],[ 0.16434805 -0.38104086],[-0.14246738 -3.16172338],[-0.0747619   0.07871864]
2260,2.259999999999862,[0.52057519 1.54567449],[ 0.16420558 -0.38420259],[-0.14235357 -3.153931  ],[-0.07467167  0.0787284 ]
2261,2.260999999999862,[0.52073925 1.54528713],[ 0.16406323 -0.38735652],[-0.14223966 -3.14616493],[-0.07458122  0.0787381 ]
2262,2.261999999999862,[0.52090317 1.54489663],[ 0.16392099 -0.39050268],[-0.14212564 -3.13842498],[-0.07449056  0.07874775]
2263,2.262999999999862,[0.52106695 1.54450299],[ 0.16377886 -0.39364111],[-0.1420115 -3.130711 ],[-0.07439968  0.07875736]
2264,2.2639999999998617,[0.52123059 1.54410622],[ 0.16363685 -0.39677182],[-0.14189725 -3.1230228 ],[-0.0743086   0.07876691]
2265,2.2649999999998616,[0.52139408 1.54370632],[ 0.16349495 -0.39989484],[-0.14178288 -3.11536024],[-0.0742173   0.07877641]
2266,2.2659999999998615,[0.52155744 1.54330331],[ 0.16335317 -0.4030102 ],[-0.14166838 -3.10772312],[-0.07412578  0.07878587]
2267,2.2669999999998613,[0.52172065 1.5428972 ],[ 0.1632115  -0.40611793],[-0.14155376 -3.10011131],[-0.07403406  0.07879527]
2268,2.2679999999998612,[0.52188372 1.54248798],[ 0.16306995 -0.40921804],[-0.14143902 -3.09252462],[-0.07394212  0.07880462]
2269,2.268999999999861,[0.52204665 1.54207567],[ 0.16292851 -0.41231056],[-0.14132414 -3.08496289],[-0.07384996  0.07881392]
2270,2.269999999999861,[0.52220943 1.54166027],[ 0.16278719 -0.41539552],[-0.14120914 -3.07742598],[-0.0737576   0.07882317]
2271,2.270999999999861,[0.52237208 1.5412418 ],[ 0.16264598 -0.41847295],[-0.14109399 -3.0699137 ],[-0.07366502  0.07883237]
2272,2.271999999999861,[0.52253459 1.54082026],[ 0.16250488 -0.42154286],[-0.14097871 -3.06242592],[-0.07357224  0.07884152]
2273,2.2729999999998607,[0.52269695 1.54039565],[ 0.1623639  -0.42460529],[-0.14086329 -3.05496246],[-0.07347924  0.07885061]
2274,2.2739999999998606,[0.52285917 1.53996799],[ 0.16222304 -0.42766025],[-0.14074773 -3.04752317],[-0.07338603  0.07885966]
2275,2.2749999999998605,[0.52302125 1.53953728],[ 0.16208229 -0.43070778],[-0.14063202 -3.0401079 ],[-0.0732926   0.07886865]
2276,2.2759999999998604,[0.5231832  1.53910353],[ 0.16194166 -0.43374788],[-0.14051616 -3.03271648],[-0.07319897  0.0788776 ]
2277,2.2769999999998602,[0.523345   1.53866675],[ 0.16180114 -0.4367806 ],[-0.14040015 -3.02534877],[-0.07310512  0.07888649]
2278,2.27799999999986,[0.52350666 1.53822695],[ 0.16166074 -0.43980595],[-0.14028399 -3.01800462],[-0.07301107  0.07889533]
2279,2.27899999999986,[0.52366818 1.53778412],[ 0.16152046 -0.44282395],[-0.14016767 -3.01068387],[-0.0729168   0.07890411]
2280,2.27999999999986,[0.52382956 1.53733829],[ 0.16138029 -0.44583464],[-0.1400512  -3.00338637],[-0.07282232  0.07891285]
2281,2.28099999999986,[0.5239908  1.53688945],[ 0.16124024 -0.44883802],[-0.13993456 -2.99611198],[-0.07272764  0.07892153]
2282,2.2819999999998597,[0.5241519  1.53643762],[ 0.16110031 -0.45183414],[-0.13981776 -2.98886054],[-0.07263274  0.07893016]
2283,2.2829999999998596,[0.52431286 1.53598279],[ 0.16096049 -0.454823  ],[-0.1397008  -2.98163191],[-0.07253763  0.07893874]
2284,2.2839999999998595,[0.52447368 1.53552499],[ 0.16082079 -0.45780463],[-0.13958367 -2.97442594],[-0.07244231  0.07894726]
2285,2.2849999999998594,[0.52463436 1.53506421],[ 0.1606812  -0.46077905],[-0.13946637 -2.96724249],[-0.07234679  0.07895573]
2286,2.2859999999998593,[0.5247949  1.53460046],[ 0.16054174 -0.4637463 ],[-0.13934889 -2.96008141],[-0.07225105  0.07896415]
2287,2.286999999999859,[0.52495531 1.53413376],[ 0.16040239 -0.46670638],[-0.13923124 -2.95294257],[-0.0721551   0.07897252]
2288,2.287999999999859,[0.52511557 1.5336641 ],[ 0.16026316 -0.46965932],[-0.13911342 -2.94582581],[-0.07205895  0.07898083]
2289,2.288999999999859,[0.52527569 1.53319149],[ 0.16012404 -0.47260515],[-0.13899541 -2.938731  ],[-0.07196259  0.07898909]
2290,2.289999999999859,[0.52543568 1.53271595],[ 0.15998505 -0.47554388],[-0.13887722 -2.931658  ],[-0.07186601  0.0789973 ]
2291,2.2909999999998587,[0.52559552 1.53223747],[ 0.15984617 -0.47847554],[-0.13875885 -2.92460667],[-0.07176923  0.07900545]
2292,2.2919999999998586,[0.52575523 1.53175607],[ 0.15970741 -0.48140014],[-0.13864029 -2.91757687],[-0.07167224  0.07901355]
2293,2.2929999999998585,[0.5259148  1.53127176],[ 0.15956877 -0.48431772],[-0.13852155 -2.91056846],[-0.07157505  0.07902159]
2294,2.2939999999998584,[0.52607423 1.53078453],[ 0.15943025 -0.48722829],[-0.13840261 -2.90358131],[-0.07147764  0.07902958]
2295,2.2949999999998583,[0.52623352 1.5302944 ],[ 0.15929185 -0.49013187],[-0.13828348 -2.89661529],[-0.07138003  0.07903751]
2296,2.295999999999858,[0.52639268 1.52980137],[ 0.15915357 -0.49302848],[-0.13816416 -2.88967026],[-0.07128221  0.0790454 ]
2297,2.296999999999858,[0.52655169 1.52930545],[ 0.1590154  -0.49591815],[-0.13804463 -2.88274609],[-0.07118418  0.07905322]
2298,2.297999999999858,[0.52671057 1.52880665],[ 0.15887736 -0.4988009 ],[-0.13792491 -2.87584264],[-0.07108594  0.07906099]
2299,2.298999999999858,[0.52686931 1.52830497],[ 0.15873943 -0.50167674],[-0.13780499 -2.86895979],[-0.0709875   0.07906871]
2300,2.2999999999998577,[0.52702791 1.52780043],[ 0.15860163 -0.5045457 ],[-0.13768486 -2.8620974 ],[-0.07088885  0.07907637]
2301,2.3009999999998576,[0.52718637 1.52729302],[ 0.15846394 -0.5074078 ],[-0.13756453 -2.85525534],[-0.07079     0.07908397]
2302,2.3019999999998575,[0.5273447  1.52678275],[ 0.15832638 -0.51026306],[-0.13744399 -2.8484335 ],[-0.07069093  0.07909152]
2303,2.3029999999998574,[0.52750289 1.52626964],[ 0.15818893 -0.51311149],[-0.13732324 -2.84163173],[-0.07059167  0.07909901]
2304,2.3039999999998573,[0.52766094 1.52575369],[ 0.15805161 -0.51595312],[-0.13720227 -2.83484992],[-0.07049219  0.07910645]
2305,2.304999999999857,[0.52781886 1.5252349 ],[ 0.15791441 -0.51878797],[-0.1370811  -2.82808794],[-0.07039251  0.07911383]
2306,2.305999999999857,[0.52797663 1.52471329],[ 0.15777733 -0.52161606],[-0.1369597  -2.82134566],[-0.07029262  0.07912115]
2307,2.306999999999857,[0.52813427 1.52418885],[ 0.15764037 -0.5244374 ],[-0.13683809 -2.81462296],[-0.07019253  0.07912842]
2308,2.307999999999857,[0.52829178 1.5236616 ],[ 0.15750353 -0.52725203],[-0.13671626 -2.80791972],[-0.07009223  0.07913563]
2309,2.3089999999998567,[0.52844914 1.52313154],[ 0.15736681 -0.53005995],[-0.13659421 -2.80123581],[-0.06999173  0.07914279]
2310,2.3099999999998566,[0.52860637 1.52259868],[ 0.15723022 -0.53286118],[-0.13647193 -2.79457112],[-0.06989103  0.07914988]
2311,2.3109999999998565,[0.52876347 1.52206302],[ 0.15709375 -0.53565575],[-0.13634943 -2.78792553],[-0.06979011  0.07915692]
2312,2.3119999999998564,[0.52892043 1.52152458],[ 0.1569574  -0.53844368],[-0.1362267  -2.78129891],[-0.069689   0.0791639]
2313,2.3129999999998563,[0.52907725 1.52098335],[ 0.15682117 -0.54122498],[-0.13610374 -2.77469115],[-0.06958767  0.07917082]
2314,2.313999999999856,[0.52923393 1.52043935],[ 0.15668507 -0.54399967],[-0.13598054 -2.76810213],[-0.06948615  0.07917769]
2315,2.314999999999856,[0.52939048 1.51989258],[ 0.15654909 -0.54676777],[-0.13585712 -2.76153173],[-0.06938442  0.07918449]
2316,2.315999999999856,[0.52954689 1.51934305],[ 0.15641323 -0.5495293 ],[-0.13573345 -2.75497983],[-0.06928249  0.07919124]
2317,2.316999999999856,[0.52970317 1.51879077],[ 0.1562775  -0.55228428],[-0.13560955 -2.74844634],[-0.06918035  0.07919793]
2318,2.3179999999998557,[0.52985931 1.51823574],[ 0.15614189 -0.55503273],[-0.13548541 -2.74193112],[-0.06907801  0.07920456]
2319,2.3189999999998556,[0.53001532 1.51767796],[ 0.1560064  -0.55777466],[-0.13536103 -2.73543406],[-0.06897547  0.07921113]
2320,2.3199999999998555,[0.53017119 1.51711745],[ 0.15587104 -0.56051009],[-0.13523641 -2.72895506],[-0.06887272  0.07921764]
2321,2.3209999999998554,[0.53032693 1.51655421],[ 0.1557358  -0.56323905],[-0.13511154 -2.722494  ],[-0.06876977  0.07922409]
2322,2.3219999999998553,[0.53048253 1.51598825],[ 0.15560069 -0.56596154],[-0.13498642 -2.71605077],[-0.06866662  0.07923048]
2323,2.322999999999855,[0.53063799 1.51541957],[ 0.15546571 -0.56867759],[-0.13486106 -2.70962526],[-0.06856326  0.07923682]
2324,2.323999999999855,[0.53079332 1.51484819],[ 0.15533084 -0.57138722],[-0.13473544 -2.70321736],[-0.06845971  0.07924309]
2325,2.324999999999855,[0.53094852 1.5142741 ],[ 0.15519611 -0.57409044],[-0.13460958 -2.69682696],[-0.06835595  0.0792493 ]
2326,2.325999999999855,[0.53110358 1.51369731],[ 0.1550615  -0.57678726],[-0.13448346 -2.69045396],[-0.06825199  0.07925545]
2327,2.3269999999998547,[0.53125851 1.51311783],[ 0.15492702 -0.57947772],[-0.13435708 -2.68409825],[-0.06814782  0.07926153]
2328,2.3279999999998546,[0.5314133  1.51253567],[ 0.15479266 -0.58216182],[-0.13423044 -2.67775972],[-0.06804346  0.07926756]
2329,2.3289999999998545,[0.53156796 1.51195083],[ 0.15465843 -0.58483958],[-0.13410355 -2.67143827],[-0.06793889  0.07927353]
2330,2.3299999999998544,[0.53172248 1.51136332],[ 0.15452432 -0.58751101],[-0.1339764  -2.66513379],[-0.06783413  0.07927943]
2331,2.3309999999998543,[0.53187687 1.51077314],[ 0.15439035 -0.59017615],[-0.13384898 -2.65884618],[-0.06772916  0.07928527]
2332,2.331999999999854,[0.53203113 1.51018031],[ 0.1542565  -0.59283499],[-0.1337213  -2.65257533],[-0.06762399  0.07929105]
2333,2.332999999999854,[0.53218525 1.50958482],[ 0.15412278 -0.59548757],[-0.13359335 -2.64632115],[-0.06751862  0.07929677]
2334,2.333999999999854,[0.53233924 1.50898669],[ 0.15398918 -0.59813389],[-0.13346514 -2.64008353],[-0.06741306  0.07930242]
2335,2.334999999999854,[0.5324931  1.50838591],[ 0.15385572 -0.60077397],[-0.13333665 -2.63386237],[-0.06730729  0.07930801]
2336,2.3359999999998537,[0.53264682 1.5077825 ],[ 0.15372238 -0.60340784],[-0.1332079  -2.62765757],[-0.06720132  0.07931354]
2337,2.3369999999998536,[0.53280041 1.50717647],[ 0.15358917 -0.60603549],[-0.13307887 -2.62146904],[-0.06709515  0.079319  ]
2338,2.3379999999998535,[0.53295387 1.50656781],[ 0.1534561  -0.60865696],[-0.13294957 -2.61529667],[-0.06698878  0.0793244 ]
2339,2.3389999999998534,[0.53310719 1.50595654],[ 0.15332315 -0.61127226],[-0.13281999 -2.60914036],[-0.06688221  0.07932974]
2340,2.3399999999998533,[0.53326038 1.50534266],[ 0.15319033 -0.6138814 ],[-0.13269013 -2.60300003],[-0.06677545  0.07933501]
2341,2.340999999999853,[0.53341344 1.50472617],[ 0.15305764 -0.6164844 ],[-0.13256    -2.59687556],[-0.06666848  0.07934022]
2342,2.341999999999853,[0.53356636 1.50410709],[ 0.15292508 -0.61908128],[-0.13242958 -2.59076688],[-0.06656132  0.07934536]
2343,2.342999999999853,[0.53371915 1.50348542],[ 0.15279265 -0.62167204],[-0.13229888 -2.58467387],[-0.06645395  0.07935043]
2344,2.343999999999853,[0.53387181 1.50286116],[ 0.15266035 -0.62425672],[-0.1321679  -2.57859645],[-0.06634639  0.07935545]
2345,2.3449999999998528,[0.53402434 1.50223433],[ 0.15252818 -0.62683531],[-0.13203663 -2.57253453],[-0.06623863  0.07936039]
2346,2.3459999999998526,[0.53417674 1.50160492],[ 0.15239614 -0.62940785],[-0.13190508 -2.56648801],[-0.06613067  0.07936527]
2347,2.3469999999998525,[0.534329   1.50097295],[ 0.15226424 -0.63197434],[-0.13177323 -2.56045679],[-0.06602252  0.07937009]
2348,2.3479999999998524,[0.53448114 1.50033841],[ 0.15213247 -0.63453479],[-0.1316411 -2.5544408],[-0.06591417  0.07937483]
2349,2.3489999999998523,[0.53463314 1.49970132],[ 0.15200082 -0.63708923],[-0.13150868 -2.54843993],[-0.06580562  0.07937951]
2350,2.349999999999852,[0.53478501 1.49906168],[ 0.15186932 -0.63963767],[-0.13137596 -2.5424541 ],[-0.06569687  0.07938413]
2351,2.350999999999852,[0.53493674 1.4984195 ],[ 0.15173794 -0.64218013],[-0.13124295 -2.53648321],[-0.06558793  0.07938867]
2352,2.351999999999852,[0.53508835 1.49777479],[ 0.1516067  -0.64471661],[-0.13110964 -2.53052718],[-0.06547879  0.07939315]
2353,2.352999999999852,[0.53523983 1.49712754],[ 0.15147559 -0.64724714],[-0.13097603 -2.52458593],[-0.06536945  0.07939757]
2354,2.3539999999998518,[0.53539117 1.49647777],[ 0.15134461 -0.64977172],[-0.13084212 -2.51865935],[-0.06525992  0.07940191]
2355,2.3549999999998517,[0.53554238 1.49582548],[ 0.15121377 -0.65229038],[-0.13070792 -2.51274737],[-0.06515019  0.07940618]
2356,2.3559999999998515,[0.53569347 1.49517068],[ 0.15108306 -0.65480313],[-0.13057341 -2.50684991],[-0.06504026  0.07941039]
2357,2.3569999999998514,[0.53584442 1.49451337],[ 0.15095249 -0.65730998],[-0.1304386  -2.50096686],[-0.06493014  0.07941453]
2358,2.3579999999998513,[0.53599524 1.49385355],[ 0.15082205 -0.65981095],[-0.13030348 -2.49509816],[-0.06481982  0.07941859]
2359,2.358999999999851,[0.53614593 1.49319125],[ 0.15069175 -0.66230604],[-0.13016806 -2.48924371],[-0.06470931  0.07942259]
2360,2.359999999999851,[0.5362965  1.49252645],[ 0.15056158 -0.66479529],[-0.13003232 -2.48340343],[-0.0645986   0.07942652]
2361,2.360999999999851,[0.53644693 1.49185917],[ 0.15043154 -0.66727869],[-0.12989628 -2.47757724],[-0.0644877   0.07943038]
2362,2.361999999999851,[0.53659723 1.49118942],[ 0.15030165 -0.66975627],[-0.12975993 -2.47176505],[-0.0643766   0.07943417]
2363,2.3629999999998508,[0.5367474  1.49051719],[ 0.15017189 -0.67222803],[-0.12962327 -2.46596679],[-0.06426531  0.07943789]
2364,2.3639999999998507,[0.53689744 1.4898425 ],[ 0.15004227 -0.674694  ],[-0.12948629 -2.46018237],[-0.06415383  0.07944153]
2365,2.3649999999998506,[0.53704736 1.48916534],[ 0.14991278 -0.67715418],[-0.129349   -2.45441172],[-0.06404215  0.07944511]
2366,2.3659999999998504,[0.53719714 1.48848573],[ 0.14978343 -0.6796086 ],[-0.12921139 -2.44865475],[-0.06393028  0.07944862]
2367,2.3669999999998503,[0.53734679 1.48780368],[ 0.14965422 -0.68205725],[-0.12907347 -2.44291138],[-0.06381821  0.07945205]
2368,2.3679999999998502,[0.53749632 1.48711918],[ 0.14952515 -0.68450016],[-0.12893522 -2.43718153],[-0.06370595  0.07945541]
2369,2.36899999999985,[0.53764571 1.48643224],[ 0.14939621 -0.68693734],[-0.12879666 -2.43146514],[-0.06359349  0.0794587 ]
2370,2.36999999999985,[0.53779498 1.48574287],[ 0.14926741 -0.68936881],[-0.12865777 -2.42576211],[-0.06348085  0.07946191]
2371,2.37099999999985,[0.53794412 1.48505108],[ 0.14913876 -0.69179457],[-0.12851856 -2.42007237],[-0.06336801  0.07946505]
2372,2.37199999999985,[0.53809313 1.48435686],[ 0.14901024 -0.69421464],[-0.12837903 -2.41439585],[-0.06325498  0.07946812]
2373,2.3729999999998497,[0.53824201 1.48366023],[ 0.14888186 -0.69662904],[-0.12823917 -2.40873247],[-0.06314175  0.07947112]
2374,2.3739999999998496,[0.53839077 1.48296119],[ 0.14875362 -0.69903777],[-0.12809898 -2.40308215],[-0.06302834  0.07947404]
2375,2.3749999999998495,[0.53853939 1.48225975],[ 0.14862552 -0.70144085],[-0.12795847 -2.39744482],[-0.06291473  0.07947689]
2376,2.3759999999998493,[0.53868789 1.48155592],[ 0.14849756 -0.7038383 ],[-0.12781763 -2.39182041],[-0.06280093  0.07947966]
2377,2.3769999999998492,[0.53883626 1.48084968],[ 0.14836974 -0.70623012],[-0.12767645 -2.38620884],[-0.06268694  0.07948236]
2378,2.377999999999849,[0.5389845  1.48014107],[ 0.14824207 -0.70861633],[-0.12753495 -2.38061004],[-0.06257275  0.07948499]
2379,2.378999999999849,[0.53913262 1.47943007],[ 0.14811453 -0.71099694],[-0.12739311 -2.37502394],[-0.06245838  0.07948754]
2380,2.379999999999849,[0.5392806 1.4787167],[ 0.14798714 -0.71337196],[-0.12725093 -2.36945046],[-0.06234381  0.07949001]
2381,2.380999999999849,[0.53942846 1.47800096],[ 0.14785989 -0.71574141],[-0.12710842 -2.36388954],[-0.06222906  0.07949241]
2382,2.3819999999998487,[0.5395762  1.47728285],[ 0.14773278 -0.7181053 ],[-0.12696557 -2.3583411 ],[-0.06211411  0.07949473]
2383,2.3829999999998486,[0.5397238  1.47656239],[ 0.14760581 -0.72046364],[-0.12682239 -2.35280508],[-0.06199897  0.07949697]
2384,2.3839999999998485,[0.53987128 1.47583957],[ 0.14747899 -0.72281645],[-0.12667886 -2.34728139],[-0.06188365  0.07949914]
2385,2.3849999999998484,[0.54001863 1.47511441],[ 0.14735231 -0.72516373],[-0.126535   -2.34176999],[-0.06176813  0.07950123]
2386,2.3859999999998482,[0.54016586 1.4743869 ],[ 0.14722578 -0.7275055 ],[-0.12639079 -2.33627078],[-0.06165243  0.07950324]
2387,2.386999999999848,[0.54031296 1.47365706],[ 0.14709939 -0.72984177],[-0.12624624 -2.33078372],[-0.06153653  0.07950518]
2388,2.387999999999848,[0.54045993 1.47292489],[ 0.14697314 -0.73217255],[-0.12610134 -2.32530872],[-0.06142044  0.07950703]
2389,2.388999999999848,[0.54060678 1.47219039],[ 0.14684704 -0.73449786],[-0.1259561  -2.31984573],[-0.06130417  0.07950881]
2390,2.389999999999848,[0.5407535  1.47145357],[ 0.14672108 -0.73681771],[-0.12581051 -2.31439468],[-0.06118771  0.07951051]
2391,2.3909999999998477,[0.54090009 1.47071444],[ 0.14659527 -0.7391321 ],[-0.12566458 -2.3089555 ],[-0.06107106  0.07951213]
2392,2.3919999999998476,[0.54104656 1.469973  ],[ 0.14646961 -0.74144106],[-0.12551829 -2.30352812],[-0.06095422  0.07951367]
2393,2.3929999999998475,[0.54119291 1.46922926],[ 0.14634409 -0.74374459],[-0.12537165 -2.29811248],[-0.06083719  0.07951514]
2394,2.3939999999998474,[0.54133913 1.46848321],[ 0.14621872 -0.7460427 ],[-0.12522467 -2.29270852],[-0.06071997  0.07951652]
2395,2.3949999999998473,[0.54148522 1.46773488],[ 0.14609349 -0.74833541],[-0.12507733 -2.28731617],[-0.06060257  0.07951782]
2396,2.395999999999847,[0.54163119 1.46698426],[ 0.14596842 -0.75062272],[-0.12492963 -2.28193538],[-0.06048498  0.07951904]
2397,2.396999999999847,[0.54177703 1.46623135],[ 0.14584349 -0.75290466],[-0.12478158 -2.27656606],[-0.0603672   0.07952018]
2398,2.397999999999847,[0.54192275 1.46547617],[ 0.14571871 -0.75518122],[-0.12463318 -2.27120817],[-0.06024924  0.07952124]
2399,2.398999999999847,[0.54206835 1.46471872],[ 0.14559407 -0.75745243],[-0.12448442 -2.26586165],[-0.06013109  0.07952222]
2400,2.3999999999998467,[0.54221381 1.463959  ],[ 0.14546959 -0.75971829],[-0.1243353  -2.26052642],[-0.06001275  0.07952311]
2401,2.4009999999998466,[0.54235916 1.46319702],[ 0.14534525 -0.76197882],[-0.12418582 -2.25520243],[-0.05989422  0.07952393]
2402,2.4019999999998465,[0.54250438 1.46243279],[ 0.14522107 -0.76423402],[-0.12403598 -2.24988962],[-0.05977551  0.07952466]
2403,2.4029999999998464,[0.54264948 1.4616663 ],[ 0.14509703 -0.76648391],[-0.12388577 -2.24458793],[-0.05965661  0.07952531]
2404,2.4039999999998463,[0.54279445 1.46089757],[ 0.14497314 -0.7687285 ],[-0.12373521 -2.2392973 ],[-0.05953753  0.07952587]
2405,2.404999999999846,[0.5429393  1.46012661],[ 0.14484941 -0.7709678 ],[-0.12358428 -2.23401768],[-0.05941826  0.07952636]
2406,2.405999999999846,[0.54308403 1.4593534 ],[ 0.14472583 -0.77320182],[-0.12343299 -2.22874899],[-0.05929881  0.07952675]
2407,2.406999999999846,[0.54322863 1.45857797],[ 0.14460239 -0.77543056],[-0.12328133 -2.22349119],[-0.05917917  0.07952707]
2408,2.407999999999846,[0.54337311 1.45780032],[ 0.14447911 -0.77765406],[-0.1231293  -2.21824421],[-0.05905935  0.0795273 ]
2409,2.4089999999998457,[0.54351746 1.45702045],[ 0.14435598 -0.7798723 ],[-0.1229769 -2.213008 ],[-0.05893934  0.07952744]
2410,2.4099999999998456,[0.5436617  1.45623836],[ 0.144233   -0.78208531],[-0.12282414 -2.20778251],[-0.05881914  0.0795275 ]
2411,2.4109999999998455,[0.54380581 1.45545407],[ 0.14411018 -0.78429309],[-0.122671   -2.20256767],[-0.05869877  0.07952748]
2412,2.4119999999998454,[0.54394979 1.45466757],[ 0.14398751 -0.78649566],[-0.1225175  -2.19736343],[-0.05857821  0.07952737]
2413,2.4129999999998453,[0.54409366 1.45387888],[ 0.14386499 -0.78869302],[-0.12236362 -2.19216973],[-0.05845746  0.07952717]
2414,2.413999999999845,[0.5442374  1.45308799],[ 0.14374263 -0.79088519],[-0.12220937 -2.18698653],[-0.05833653  0.07952689]
2415,2.414999999999845,[0.54438102 1.45229492],[ 0.14362042 -0.79307218],[-0.12205474 -2.18181377],[-0.05821542  0.07952652]
2416,2.415999999999845,[0.54452452 1.45149967],[ 0.14349836 -0.79525399],[-0.12189974 -2.17665138],[-0.05809413  0.07952606]
2417,2.416999999999845,[0.5446679  1.45070224],[ 0.14337646 -0.79743064],[-0.12174436 -2.17149932],[-0.05797265  0.07952551]
2418,2.4179999999998447,[0.54481115 1.44990264],[ 0.14325472 -0.79960214],[-0.1215886  -2.16635754],[-0.05785099  0.07952488]
2419,2.4189999999998446,[0.54495429 1.44910087],[ 0.14313313 -0.8017685 ],[-0.12143247 -2.16122598],[-0.05772914  0.07952416]
2420,2.4199999999998445,[0.5450973  1.44829694],[ 0.1430117  -0.80392973],[-0.12127596 -2.1561046 ],[-0.05760712  0.07952335]
2421,2.4209999999998444,[0.54524019 1.44749085],[ 0.14289042 -0.80608583],[-0.12111906 -2.15099333],[-0.05748491  0.07952246]
2422,2.4219999999998443,[0.54538296 1.44668261],[ 0.1427693  -0.80823682],[-0.12096179 -2.14589212],[-0.05736252  0.07952147]
2423,2.422999999999844,[0.54552561 1.44587223],[ 0.14264834 -0.81038272],[-0.12080413 -2.14080094],[-0.05723995  0.0795204 ]
2424,2.423999999999844,[0.54566813 1.44505971],[ 0.14252754 -0.81252352],[-0.12064609 -2.13571972],[-0.0571172   0.07951923]
2425,2.424999999999844,[0.54581054 1.44424505],[ 0.14240689 -0.81465924],[-0.12048766 -2.13064841],[-0.05699427  0.07951798]
2426,2.425999999999844,[0.54595283 1.44342826],[ 0.1422864  -0.81678989],[-0.12032885 -2.12558697],[-0.05687115  0.07951663]
2427,2.4269999999998437,[0.54609499 1.44260934],[ 0.14216608 -0.81891547],[-0.12016965 -2.12053535],[-0.05674786  0.0795152 ]
2428,2.4279999999998436,[0.54623704 1.44178831],[ 0.14204591 -0.82103601],[-0.12001007 -2.11549349],[-0.05662439  0.07951367]
2429,2.4289999999998435,[0.54637896 1.44096516],[ 0.1419259 -0.8231515],[-0.1198501  -2.11046136],[-0.05650073  0.07951205]
2430,2.4299999999998434,[0.54652077 1.44013989],[ 0.14180605 -0.82526196],[-0.11968973 -2.10543889],[-0.0563769   0.07951034]
2431,2.4309999999998433,[0.54666246 1.43931253],[ 0.14168636 -0.8273674 ],[-0.11952898 -2.10042605],[-0.05625288  0.07950854]
2432,2.431999999999843,[0.54680402 1.43848306],[ 0.14156683 -0.82946783],[-0.11936784 -2.09542279],[-0.05612869  0.07950665]
2433,2.432999999999843,[0.54694547 1.4376515 ],[ 0.14144746 -0.83156325],[-0.1192063  -2.09042905],[-0.05600431  0.07950466]
2434,2.433999999999843,[0.5470868  1.43681784],[ 0.14132825 -0.83365368],[-0.11904438 -2.0854448 ],[-0.05587976  0.07950259]
2435,2.434999999999843,[0.54722801 1.4359821 ],[ 0.14120921 -0.83573912],[-0.11888205 -2.08046999],[-0.05575503  0.07950041]
2436,2.4359999999998427,[0.5473691  1.43514428],[ 0.14109033 -0.83781959],[-0.11871934 -2.07550456],[-0.05563012  0.07949815]
2437,2.4369999999998426,[0.54751007 1.43430439],[ 0.14097161 -0.8398951 ],[-0.11855623 -2.07054848],[-0.05550503  0.07949579]
2438,2.4379999999998425,[0.54765092 1.43346242],[ 0.14085305 -0.84196565],[-0.11839272 -2.06560171],[-0.05537976  0.07949334]
2439,2.4389999999998424,[0.54779166 1.43261839],[ 0.14073466 -0.84403125],[-0.11822881 -2.06066419],[-0.05525432  0.07949079]
2440,2.4399999999998423,[0.54793227 1.4317723 ],[ 0.14061643 -0.84609191],[-0.11806451 -2.05573588],[-0.0551287   0.07948815]
2441,2.440999999999842,[0.54807277 1.43092415],[ 0.14049837 -0.84814765],[-0.1178998  -2.05081674],[-0.0550029   0.07948541]
2442,2.441999999999842,[0.54821315 1.43007395],[ 0.14038047 -0.85019847],[-0.1177347  -2.04590673],[-0.05487692  0.07948257]
2443,2.442999999999842,[0.54835342 1.42922171],[ 0.14026273 -0.85224437],[-0.1175692  -2.04100579],[-0.05475076  0.07947964]
2444,2.443999999999842,[0.54849356 1.42836742],[ 0.14014516 -0.85428538],[-0.11740329 -2.0361139 ],[-0.05462443  0.07947662]
2445,2.4449999999998417,[0.54863359 1.4275111 ],[ 0.14002776 -0.85632149],[-0.11723699 -2.03123101],[-0.05449792  0.0794735 ]
2446,2.4459999999998416,[0.5487735  1.42665275],[ 0.13991052 -0.85835272],[-0.11707027 -2.02635707],[-0.05437124  0.07947028]
2447,2.4469999999998415,[0.54891329 1.42579237],[ 0.13979345 -0.86037908],[-0.11690316 -2.02149204],[-0.05424438  0.07946696]
2448,2.4479999999998414,[0.54905297 1.42492997],[ 0.13967655 -0.86240057],[-0.11673564 -2.01663589],[-0.05411734  0.07946355]
2449,2.4489999999998413,[0.54919253 1.42406555],[ 0.13955981 -0.86441721],[-0.11656771 -2.01178857],[-0.05399013  0.07946003]
2450,2.449999999999841,[0.54933197 1.42319912],[ 0.13944324 -0.866429  ],[-0.11639938 -2.00695004],[-0.05386275  0.07945642]
2451,2.450999999999841,[0.5494713  1.42233069],[ 0.13932684 -0.86843595],[-0.11623064 -2.00212026],[-0.05373518  0.07945272]
2452,2.451999999999841,[0.54961051 1.42146025],[ 0.13921061 -0.87043807],[-0.11606149 -1.9972992 ],[-0.05360745  0.07944891]
2453,2.452999999999841,[0.5497496  1.42058781],[ 0.13909455 -0.87243537],[-0.11589193 -1.99248681],[-0.05347953  0.079445  ]
2454,2.4539999999998408,[0.54988858 1.41971339],[ 0.13897866 -0.87442785],[-0.11572196 -1.98768305],[-0.05335145  0.079441  ]
2455,2.4549999999998406,[0.55002745 1.41883697],[ 0.13886294 -0.87641554],[-0.11555158 -1.98288788],[-0.05322319  0.07943689]
2456,2.4559999999998405,[0.55016619 1.41795857],[ 0.13874739 -0.87839842],[-0.11538079 -1.97810127],[-0.05309475  0.07943268]
2457,2.4569999999998404,[0.55030483 1.4170782 ],[ 0.13863201 -0.88037652],[-0.11520959 -1.97332318],[-0.05296614  0.07942838]
2458,2.4579999999998403,[0.55044334 1.41619585],[ 0.1385168  -0.88234985],[-0.11503797 -1.96855358],[-0.05283736  0.07942397]
2459,2.45899999999984,[0.55058174 1.41531153],[ 0.13840176 -0.8843184 ],[-0.11486594 -1.96379241],[-0.05270841  0.07941946]
2460,2.45999999999984,[0.55072003 1.41442525],[ 0.13828689 -0.88628219],[-0.1146935  -1.95903965],[-0.05257928  0.07941485]
2461,2.46099999999984,[0.5508582 1.413537 ],[ 0.1381722  -0.88824123],[-0.11452064 -1.95429526],[-0.05244998  0.07941014]
2462,2.46199999999984,[0.55099626 1.41264681],[ 0.13805768 -0.89019553],[-0.11434736 -1.94955921],[-0.0523205   0.07940532]
2463,2.4629999999998398,[0.5511342  1.41175466],[ 0.13794333 -0.89214509],[-0.11417367 -1.94483145],[-0.05219086  0.07940041]
2464,2.4639999999998397,[0.55127203 1.41086057],[ 0.13782916 -0.89408992],[-0.11399956 -1.94011195],[-0.05206104  0.07939539]
2465,2.4649999999998395,[0.55140975 1.40996454],[ 0.13771516 -0.89603003],[-0.11382503 -1.93540068],[-0.05193105  0.07939026]
2466,2.4659999999998394,[0.55154735 1.40906658],[ 0.13760133 -0.89796543],[-0.11365008 -1.9306976 ],[-0.05180089  0.07938504]
2467,2.4669999999998393,[0.55168484 1.40816668],[ 0.13748768 -0.89989613],[-0.11347471 -1.92600268],[-0.05167055  0.07937971]
2468,2.467999999999839,[0.55182221 1.40726486],[ 0.13737421 -0.90182213],[-0.11329892 -1.92131588],[-0.05154005  0.07937427]
2469,2.468999999999839,[0.55195947 1.40636112],[ 0.13726091 -0.90374345],[-0.11312271 -1.91663717],[-0.05140937  0.07936873]
2470,2.469999999999839,[0.55209662 1.40545546],[ 0.13714779 -0.90566009],[-0.11294607 -1.91196652],[-0.05127852  0.07936309]
2471,2.470999999999839,[0.55223366 1.40454788],[ 0.13703484 -0.90757205],[-0.11276902 -1.90730389],[-0.05114751  0.07935734]
2472,2.4719999999998388,[0.55237058 1.40363841],[ 0.13692207 -0.90947936],[-0.11259154 -1.90264924],[-0.05101632  0.07935148]
2473,2.4729999999998387,[0.55250739 1.40272702],[ 0.13680948 -0.91138201],[-0.11241363 -1.89800255],[-0.05088496  0.07934552]
2474,2.4739999999998386,[0.55264408 1.40181374],[ 0.13669707 -0.91328001],[-0.1122353  -1.89336379],[-0.05075344  0.07933946]
2475,2.4749999999998384,[0.55278067 1.40089857],[ 0.13658483 -0.91517337],[-0.11205655 -1.88873291],[-0.05062174  0.07933328]
2476,2.4759999999998383,[0.55291714 1.39998151],[ 0.13647277 -0.9170621 ],[-0.11187736 -1.88410989],[-0.05048987  0.079327  ]
2477,2.476999999999838,[0.5530535  1.39906256],[ 0.1363609  -0.91894621],[-0.11169776 -1.87949471],[-0.05035784  0.07932062]
2478,2.477999999999838,[0.55318975 1.39814174],[ 0.1362492  -0.92082571],[-0.11151772 -1.87488731],[-0.05022563  0.07931412]
2479,2.478999999999838,[0.55332589 1.39721904],[ 0.13613768 -0.9227006 ],[-0.11133725 -1.87028769],[-0.05009326  0.07930752]
2480,2.479999999999838,[0.55346192 1.39629446],[ 0.13602634 -0.92457088],[-0.11115636 -1.8656958 ],[-0.04996072  0.07930081]
2481,2.480999999999838,[0.55359783 1.39536803],[ 0.13591519 -0.92643658],[-0.11097504 -1.86111161],[-0.04982801  0.07929399]
2482,2.4819999999998377,[0.55373363 1.39443973],[ 0.13580421 -0.92829769],[-0.11079328 -1.8565351 ],[-0.04969513  0.07928706]
2483,2.4829999999998376,[0.55386933 1.39350958],[ 0.13569342 -0.93015423],[-0.1106111  -1.85196623],[-0.04956209  0.07928002]
2484,2.4839999999998374,[0.55400491 1.39257757],[ 0.13558281 -0.93200619],[-0.11042848 -1.84740498],[-0.04942888  0.07927287]
2485,2.4849999999998373,[0.55414038 1.39164372],[ 0.13547238 -0.9338536 ],[-0.11024543 -1.84285131],[-0.0492955   0.07926562]
2486,2.4859999999998372,[0.55427575 1.39070802],[ 0.13536213 -0.93569645],[-0.11006195 -1.8383052 ],[-0.04916195  0.07925825]
2487,2.486999999999837,[0.554411   1.38977048],[ 0.13525207 -0.93753475],[-0.10987803 -1.83376662],[-0.04902824  0.07925077]
2488,2.487999999999837,[0.55454614 1.38883112],[ 0.13514219 -0.93936852],[-0.10969368 -1.82923554],[-0.04889436  0.07924319]
2489,2.488999999999837,[0.55468117 1.38788992],[ 0.1350325  -0.94119776],[-0.1095089  -1.82471193],[-0.04876031  0.07923549]
2490,2.489999999999837,[0.5548161 1.3869469],[ 0.13492299 -0.94302247],[-0.10932368 -1.82019576],[-0.0486261   0.07922767]
2491,2.4909999999998367,[0.55495091 1.38600205],[ 0.13481367 -0.94484266],[-0.10913802 -1.81568702],[-0.04849172  0.07921975]
2492,2.4919999999998366,[0.55508561 1.3850554 ],[ 0.13470453 -0.94665835],[-0.10895193 -1.81118566],[-0.04835718  0.07921172]
2493,2.4929999999998365,[0.55522021 1.38410693],[ 0.13459558 -0.94846954],[-0.10876539 -1.80669166],[-0.04822247  0.07920357]
2494,2.4939999999998363,[0.5553547  1.38315665],[ 0.13448681 -0.95027623],[-0.10857843 -1.802205  ],[-0.0480876   0.07919531]
2495,2.4949999999998362,[0.55548907 1.38220457],[ 0.13437823 -0.95207843],[-0.10839102 -1.79772565],[-0.04795256  0.07918694]
2496,2.495999999999836,[0.55562334 1.38125069],[ 0.13426984 -0.95387616],[-0.10820317 -1.79325358],[-0.04781736  0.07917845]
2497,2.496999999999836,[0.55575751 1.38029503],[ 0.13416164 -0.95566941],[-0.10801488 -1.78878878],[-0.04768199  0.07916985]
2498,2.497999999999836,[0.55589156 1.37933757],[ 0.13405363 -0.9574582 ],[-0.10782616 -1.7843312 ],[-0.04754646  0.07916114]
2499,2.498999999999836,[0.55602551 1.37837832],[ 0.1339458  -0.95924253],[-0.10763699 -1.77988083],[-0.04741077  0.07915231]
2500,2.4999999999998357,[0.55615934 1.3774173 ],[ 0.13383816 -0.96102241],[-0.10744738 -1.77543764],[-0.04727491  0.07914336]
2501,2.5009999999998356,[0.55629307 1.3764545 ],[ 0.13373072 -0.96279785],[-0.10725733 -1.77100161],[-0.04713889  0.0791343 ]
2502,2.5019999999998355,[0.5564267  1.37548994],[ 0.13362346 -0.96456885],[-0.10706684 -1.76657271],[-0.0470027   0.07912513]
2503,2.5029999999998354,[0.55656021 1.3745236 ],[ 0.13351639 -0.96633543],[-0.1068759  -1.76215091],[-0.04686636  0.07911584]
2504,2.5039999999998352,[0.55669362 1.3735555 ],[ 0.13340952 -0.96809758],[-0.10668452 -1.75773621],[-0.04672985  0.07910643]
2505,2.504999999999835,[0.55682693 1.37258565],[ 0.13330283 -0.96985531],[-0.10649269 -1.75332856],[-0.04659317  0.07909691]
2506,2.505999999999835,[0.55696012 1.37161404],[ 0.13319634 -0.97160864],[-0.10630042 -1.74892795],[-0.04645634  0.07908727]
2507,2.506999999999835,[0.55709321 1.37064068],[ 0.13309004 -0.97335757],[-0.10610771 -1.74453435],[-0.04631934  0.07907752]
2508,2.507999999999835,[0.5572262  1.36966558],[ 0.13298393 -0.9751021 ],[-0.10591455 -1.74014774],[-0.04618219  0.07906764]
2509,2.5089999999998347,[0.55735907 1.36868874],[ 0.13287802 -0.97684225],[-0.10572094 -1.7357681 ],[-0.04604487  0.07905765]
2510,2.5099999999998346,[0.55749185 1.36771016],[ 0.13277229 -0.97857802],[-0.10552689 -1.7313954 ],[-0.04590739  0.07904754]
2511,2.5109999999998345,[0.55762451 1.36672985],[ 0.13266677 -0.98030941],[-0.10533239 -1.72702963],[-0.04576974  0.07903732]
2512,2.5119999999998344,[0.55775707 1.36574781],[ 0.13256144 -0.98203644],[-0.10513744 -1.72267076],[-0.04563194  0.07902697]
2513,2.5129999999998343,[0.55788953 1.36476405],[ 0.1324563  -0.98375912],[-0.10494204 -1.71831876],[-0.04549398  0.07901651]
2514,2.513999999999834,[0.55802188 1.36377858],[ 0.13235136 -0.98547743],[-0.10474619 -1.71397363],[-0.04535586  0.07900592]
2515,2.514999999999834,[0.55815413 1.36279138],[ 0.13224661 -0.98719141],[-0.1045499  -1.70963533],[-0.04521758  0.07899522]
2516,2.515999999999834,[0.55828627 1.36180248],[ 0.13214206 -0.98890104],[-0.10435315 -1.70530384],[-0.04507914  0.0789844 ]
2517,2.516999999999834,[0.55841831 1.36081188],[ 0.13203771 -0.99060635],[-0.10415596 -1.70097915],[-0.04494053  0.07897345]
2518,2.5179999999998337,[0.55855024 1.35981957],[ 0.13193355 -0.99230733],[-0.10395831 -1.69666123],[-0.04480177  0.07896239]
2519,2.5189999999998336,[0.55868207 1.35882557],[ 0.13182959 -0.99400399],[-0.10376021 -1.69235006],[-0.04466285  0.0789512 ]
2520,2.5199999999998335,[0.5588138  1.35782987],[ 0.13172583 -0.99569634],[-0.10356166 -1.68804563],[-0.04452378  0.0789399 ]
2521,2.5209999999998334,[0.55894542 1.35683249],[ 0.13162227 -0.99738438],[-0.10336266 -1.6837479 ],[-0.04438454  0.07892847]
2522,2.5219999999998333,[0.55907694 1.35583342],[ 0.13151891 -0.99906813],[-0.10316321 -1.67945687],[-0.04424515  0.07891692]
2523,2.522999999999833,[0.55920835 1.35483267],[ 0.13141574 -1.00074759],[-0.1029633  -1.67517252],[-0.04410559  0.07890525]
2524,2.523999999999833,[0.55933967 1.35383025],[ 0.13131278 -1.00242276],[-0.10276294 -1.67089482],[-0.04396588  0.07889346]
2525,2.524999999999833,[0.55947088 1.35282615],[ 0.13121002 -1.00409365],[-0.10256212 -1.66662375],[-0.04382602  0.07888154]
2526,2.525999999999833,[0.55960199 1.35182039],[ 0.13110746 -1.00576028],[-0.10236085 -1.6623593 ],[-0.04368599  0.0788695 ]
2527,2.5269999999998327,[0.55973299 1.35081297],[ 0.1310051  -1.00742264],[-0.10215913 -1.65810145],[-0.04354581  0.07885734]
2528,2.5279999999998326,[0.55986389 1.34980389],[ 0.13090294 -1.00908074],[-0.10195695 -1.65385017],[-0.04340547  0.07884505]
2529,2.5289999999998325,[0.55999469 1.34879315],[ 0.13080098 -1.01073459],[-0.10175431 -1.64960546],[-0.04326498  0.07883264]
2530,2.5299999999998324,[0.56012539 1.34778077],[ 0.13069922 -1.01238419],[-0.10155122 -1.64536729],[-0.04312433  0.07882011]
2531,2.5309999999998323,[0.56025599 1.34676674],[ 0.13059767 -1.01402956],[-0.10134767 -1.64113565],[-0.04298352  0.07880745]
2532,2.531999999999832,[0.56038649 1.34575107],[ 0.13049633 -1.0156707 ],[-0.10114367 -1.63691051],[-0.04284256  0.07879466]
2533,2.532999999999832,[0.56051688 1.34473376],[ 0.13039518 -1.01730761],[-0.10093921 -1.63269187],[-0.04270144  0.07878175]
2534,2.533999999999832,[0.56064718 1.34371482],[ 0.13029424 -1.0189403 ],[-0.10073429 -1.62847969],[-0.04256017  0.07876872]
2535,2.534999999999832,[0.56077737 1.34269425],[ 0.13019351 -1.02056878],[-0.10052891 -1.62427398],[-0.04241875  0.07875556]
2536,2.5359999999998317,[0.56090746 1.34167206],[ 0.13009298 -1.02219305],[-0.10032307 -1.6200747 ],[-0.04227716  0.07874227]
2537,2.5369999999998316,[0.56103746 1.34064825],[ 0.12999266 -1.02381313],[-0.10011678 -1.61588185],[-0.04213543  0.07872886]
2538,2.5379999999998315,[0.56116735 1.33962282],[ 0.12989254 -1.02542901],[-0.09991002 -1.6116954 ],[-0.04199354  0.07871532]
2539,2.5389999999998314,[0.56129714 1.33859578],[ 0.12979263 -1.02704071],[-0.09970281 -1.60751534],[-0.04185149  0.07870165]
2540,2.5399999999998313,[0.56142683 1.33756713],[ 0.12969293 -1.02864822],[-0.09949513 -1.60334166],[-0.04170929  0.07868786]
2541,2.540999999999831,[0.56155643 1.33653688],[ 0.12959343 -1.03025156],[-0.099287   -1.59917434],[-0.04156694  0.07867393]
2542,2.541999999999831,[0.56168592 1.33550503],[ 0.12949415 -1.03185074],[-0.0990784  -1.59501336],[-0.04142444  0.07865988]
2543,2.542999999999831,[0.56181532 1.33447158],[ 0.12939507 -1.03344575],[-0.09886935 -1.59085871],[-0.04128178  0.07864571]
2544,2.543999999999831,[0.56194461 1.33343654],[ 0.1292962  -1.03503661],[-0.09865983 -1.58671037],[-0.04113897  0.0786314 ]
2545,2.5449999999998307,[0.56207381 1.33239992],[ 0.12919754 -1.03662332],[-0.09844985 -1.58256833],[-0.04099601  0.07861696]
2546,2.5459999999998306,[0.56220291 1.33136172],[ 0.12909909 -1.03820589],[-0.09823941 -1.57843258],[-0.0408529  0.0786024]
2547,2.5469999999998305,[0.56233191 1.33032193],[ 0.12900085 -1.03978432],[-0.0980285  -1.57430309],[-0.04070963  0.07858771]
2548,2.5479999999998304,[0.56246081 1.32928057],[ 0.12890282 -1.04135862],[-0.09781714 -1.57017986],[-0.04056621  0.07857288]
2549,2.5489999999998303,[0.56258962 1.32823764],[ 0.128805  -1.0429288],[-0.09760531 -1.56606287],[-0.04042264  0.07855793]
2550,2.54999999999983,[0.56271833 1.32719315],[ 0.1287074  -1.04449487],[-0.09739301 -1.5619521 ],[-0.04027892  0.07854284]
2551,2.55099999999983,[0.56284694 1.32614709],[ 0.12861    -1.04605682],[-0.09718026 -1.55784755],[-0.04013505  0.07852763]
2552,2.55199999999983,[0.56297545 1.32509948],[ 0.12851282 -1.04761467],[-0.09696704 -1.5537492 ],[-0.03999103  0.07851228]
2553,2.55299999999983,[0.56310386 1.32405031],[ 0.12841586 -1.04916842],[-0.09675335 -1.54965703],[-0.03984686  0.07849681]
2554,2.5539999999998297,[0.56323218 1.32299959],[ 0.1283191  -1.05071807],[-0.0965392  -1.54557104],[-0.03970254  0.0784812 ]
2555,2.5549999999998296,[0.56336041 1.32194733],[ 0.12822256 -1.05226364],[-0.09632459 -1.5414912 ],[-0.03955807  0.07846546]
2556,2.5559999999998295,[0.56348853 1.32089352],[ 0.12812624 -1.05380513],[-0.09610951 -1.53741751],[-0.03941345  0.07844958]
2557,2.5569999999998294,[0.56361656 1.31983818],[ 0.12803013 -1.05534255],[-0.09589397 -1.53334996],[-0.03926867  0.07843358]
2558,2.5579999999998293,[0.5637445 1.3187813],[ 0.12793424 -1.0568759 ],[-0.09567796 -1.52928852],[-0.03912376  0.07841744]
2559,2.558999999999829,[0.56387234 1.3177229 ],[ 0.12783856 -1.05840519],[-0.09546148 -1.52523319],[-0.03897869  0.07840117]
2560,2.559999999999829,[0.56400008 1.31666297],[ 0.1277431  -1.05993042],[-0.09524454 -1.52118397],[-0.03883347  0.07838477]
2561,2.560999999999829,[0.56412773 1.31560152],[ 0.12764785 -1.06145161],[-0.09502713 -1.51714082],[-0.03868811  0.07836823]
2562,2.561999999999829,[0.56425528 1.31453855],[ 0.12755283 -1.06296875],[-0.09480926 -1.51310375],[-0.03854259  0.07835156]
2563,2.5629999999998287,[0.56438274 1.31347407],[ 0.12745802 -1.06448185],[-0.09459091 -1.50907274],[-0.03839693  0.07833476]
2564,2.5639999999998286,[0.5645101  1.31240808],[ 0.12736343 -1.06599092],[-0.09437211 -1.50504778],[-0.03825112  0.07831782]
2565,2.5649999999998285,[0.56463737 1.31134058],[ 0.12726905 -1.06749597],[-0.09415283 -1.50102885],[-0.03810517  0.07830074]
2566,2.5659999999998284,[0.56476454 1.31027158],[ 0.1271749 -1.068997 ],[-0.09393309 -1.49701596],[-0.03795907  0.07828353]
2567,2.5669999999998283,[0.56489163 1.30920109],[ 0.12708097 -1.07049402],[-0.09371287 -1.49300908],[-0.03781282  0.07826619]
2568,2.567999999999828,[0.56501861 1.3081291 ],[ 0.12698725 -1.07198703],[-0.09349219 -1.4890082 ],[-0.03766642  0.07824871]
2569,2.568999999999828,[0.56514551 1.30705563],[ 0.12689376 -1.07347603],[-0.09327105 -1.48501332],[-0.03751988  0.07823109]
2570,2.569999999999828,[0.56527231 1.30598066],[ 0.12680049 -1.07496105],[-0.09304943 -1.48102443],[-0.03737319  0.07821334]
2571,2.570999999999828,[0.56539901 1.30490422],[ 0.12670744 -1.07644207],[-0.09282735 -1.4770415 ],[-0.03722636  0.07819545]
2572,2.5719999999998278,[0.56552563 1.3038263 ],[ 0.12661461 -1.07791911],[-0.09260479 -1.47306454],[-0.03707938  0.07817743]
2573,2.5729999999998276,[0.56565215 1.30274691],[ 0.12652201 -1.07939218],[-0.09238177 -1.46909354],[-0.03693226  0.07815926]
2574,2.5739999999998275,[0.56577858 1.30166605],[ 0.12642963 -1.08086127],[-0.09215828 -1.46512847],[-0.03678499  0.07814097]
2575,2.5749999999998274,[0.56590492 1.30058372],[ 0.12633747 -1.0823264 ],[-0.09193432 -1.46116934],[-0.03663757  0.07812253]
2576,2.5759999999998273,[0.56603116 1.29949994],[ 0.12624554 -1.08378757],[-0.09170989 -1.45721614],[-0.03649002  0.07810395]
2577,2.576999999999827,[0.56615732 1.29841469],[ 0.12615383 -1.08524479],[-0.09148499 -1.45326885],[-0.03634231  0.07808524]
2578,2.577999999999827,[0.56628338 1.29732799],[ 0.12606234 -1.08669805],[-0.09125962 -1.44932746],[-0.03619447  0.07806639]
2579,2.578999999999827,[0.56640935 1.29623985],[ 0.12597108 -1.08814738],[-0.09103378 -1.44539197],[-0.03604648  0.0780474 ]
2580,2.579999999999827,[0.56653523 1.29515025],[ 0.12588005 -1.08959277],[-0.09080746 -1.44146237],[-0.03589835  0.07802827]
2581,2.5809999999998268,[0.56666102 1.29405922],[ 0.12578924 -1.09103424],[-0.09058068 -1.43753865],[-0.03575007  0.07800901]
2582,2.5819999999998267,[0.56678672 1.29296675],[ 0.12569866 -1.09247178],[-0.09035343 -1.43362079],[-0.03560165  0.0779896 ]
2583,2.5829999999998265,[0.56691233 1.29187284],[ 0.12560831 -1.0939054 ],[-0.09012571 -1.4297088 ],[-0.03545309  0.07797005]
2584,2.5839999999998264,[0.56703785 1.29077751],[ 0.12551818 -1.09533511],[-0.08989752 -1.42580266],[-0.03530439  0.07795037]
2585,2.5849999999998263,[0.56716327 1.28968075],[ 0.12542828 -1.09676091],[-0.08966886 -1.42190236],[-0.03515554  0.07793054]
2586,2.585999999999826,[0.56728861 1.28858256],[ 0.12533861 -1.09818281],[-0.08943972 -1.4180079 ],[-0.03500656  0.07791057]
2587,2.586999999999826,[0.56741386 1.28748296],[ 0.12524917 -1.09960082],[-0.08921012 -1.41411927],[-0.03485743  0.07789047]
2588,2.587999999999826,[0.56753902 1.28638195],[ 0.12515996 -1.10101494],[-0.08898004 -1.41023645],[-0.03470816  0.07787022]
2589,2.588999999999826,[0.56766409 1.28527952],[ 0.12507098 -1.10242517],[-0.08874949 -1.40635946],[-0.03455875  0.07784983]
2590,2.5899999999998258,[0.56778907 1.28417569],[ 0.12498223 -1.10383153],[-0.08851847 -1.40248826],[-0.0344092  0.0778293]
2591,2.5909999999998257,[0.56791397 1.28307046],[ 0.12489372 -1.10523402],[-0.08828698 -1.39862286],[-0.03425951  0.07780862]
2592,2.5919999999998256,[0.56803877 1.28196382],[ 0.12480543 -1.10663264],[-0.08805502 -1.39476326],[-0.03410967  0.07778781]
2593,2.5929999999998254,[0.56816349 1.2808558 ],[ 0.12471737 -1.10802741],[-0.08782258 -1.39090943],[-0.0339597   0.07776685]
2594,2.5939999999998253,[0.56828812 1.27974638],[ 0.12462955 -1.10941832],[-0.08758968 -1.38706138],[-0.03380959  0.07774575]
2595,2.5949999999998252,[0.56841266 1.27863557],[ 0.12454196 -1.11080538],[-0.0873563  -1.38321911],[-0.03365934  0.07772451]
2596,2.595999999999825,[0.56853712 1.27752338],[ 0.1244546 -1.1121886],[-0.08712245 -1.37938259],[-0.03350895  0.07770312]
2597,2.596999999999825,[0.56866148 1.27640982],[ 0.12436748 -1.11356798],[-0.08688813 -1.37555183],[-0.03335842  0.07768159]
2598,2.597999999999825,[0.56878577 1.27529487],[ 0.12428059 -1.11494353],[-0.08665334 -1.37172681],[-0.03320776  0.07765992]
2599,2.598999999999825,[0.56890996 1.27417856],[ 0.12419394 -1.11631526],[-0.08641807 -1.36790755],[-0.03305695  0.0776381 ]
2600,2.5999999999998247,[0.56903407 1.27306087],[ 0.12410752 -1.11768317],[-0.08618233 -1.36409401],[-0.03290601  0.07761614]
2601,2.6009999999998246,[0.56915809 1.27194183],[ 0.12402134 -1.11904726],[-0.08594612 -1.36028621],[-0.03275492  0.07759404]
2602,2.6019999999998245,[0.56928202 1.27082142],[ 0.12393539 -1.12040755],[-0.08570944 -1.35648413],[-0.03260371  0.07757179]
2603,2.6029999999998243,[0.56940587 1.26969965],[ 0.12384968 -1.12176403],[-0.08547229 -1.35268777],[-0.03245235  0.07754939]
2604,2.6039999999998242,[0.56952964 1.26857654],[ 0.12376421 -1.12311672],[-0.08523466 -1.34889712],[-0.03230086  0.07752685]
2605,2.604999999999824,[0.56965332 1.26745207],[ 0.12367898 -1.12446562],[-0.08499656 -1.34511218],[-0.03214923  0.07750417]
2606,2.605999999999824,[0.56977691 1.26632626],[ 0.12359398 -1.12581073],[-0.08475799 -1.34133294],[-0.03199746  0.07748133]
2607,2.606999999999824,[0.56990042 1.26519911],[ 0.12350922 -1.12715206],[-0.08451895 -1.33755939],[-0.03184556  0.07745836]
2608,2.607999999999824,[0.57002384 1.26407062],[ 0.1234247  -1.12848962],[-0.08427943 -1.33379154],[-0.03169352  0.07743524]
2609,2.6089999999998237,[0.57014718 1.2629408 ],[ 0.12334042 -1.12982341],[-0.08403945 -1.33002937],[-0.03154135  0.07741197]
2610,2.6099999999998236,[0.57027044 1.26180964],[ 0.12325639 -1.13115344],[-0.08379899 -1.32627288],[-0.03138904  0.07738855]
2611,2.6109999999998235,[0.57039361 1.26067716],[ 0.12317259 -1.13247971],[-0.08355806 -1.32252207],[-0.03123659  0.07736499]
2612,2.6119999999998234,[0.5705167  1.25954336],[ 0.12308903 -1.13380224],[-0.08331665 -1.31877692],[-0.03108401  0.07734128]
2613,2.6129999999998232,[0.57063971 1.25840824],[ 0.12300571 -1.13512101],[-0.08307478 -1.31503744],[-0.0309313   0.07731742]
2614,2.613999999999823,[0.57076263 1.2572718 ],[ 0.12292264 -1.13643605],[-0.08283243 -1.31130362],[-0.03077845  0.07729342]
2615,2.614999999999823,[0.57088547 1.25613406],[ 0.1228398  -1.13774735],[-0.08258961 -1.30757546],[-0.03062547  0.07726927]
2616,2.615999999999823,[0.57100823 1.254995  ],[ 0.12275721 -1.13905493],[-0.08234631 -1.30385295],[-0.03047235  0.07724497]
2617,2.616999999999823,[0.5711309  1.25385464],[ 0.12267487 -1.14035878],[-0.08210255 -1.30013609],[-0.03031911  0.07722052]
2618,2.6179999999998227,[0.5712535  1.25271298],[ 0.12259277 -1.14165892],[-0.08185831 -1.29642487],[-0.03016572  0.07719592]
2619,2.6189999999998226,[0.57137601 1.25157003],[ 0.12251091 -1.14295534],[-0.08161361 -1.29271929],[-0.03001221  0.07717118]
2620,2.6199999999998225,[0.57149844 1.25042578],[ 0.12242929 -1.14424806],[-0.08136843 -1.28901934],[-0.02985856  0.07714628]
2621,2.6209999999998224,[0.57162078 1.24928024],[ 0.12234793 -1.14553708],[-0.08112277 -1.28532503],[-0.02970478  0.07712124]
2622,2.6219999999998223,[0.57174305 1.24813342],[ 0.1222668  -1.14682241],[-0.08087665 -1.28163634],[-0.02955087  0.07709605]
2623,2.622999999999822,[0.57186524 1.24698532],[ 0.12218593 -1.14810404],[-0.08063005 -1.27795328],[-0.02939682  0.0770707 ]
2624,2.623999999999822,[0.57198734 1.24583594],[ 0.1221053 -1.149382 ],[-0.08038299 -1.27427583],[-0.02924265  0.07704521]
2625,2.624999999999822,[0.57210937 1.24468528],[ 0.12202491 -1.15065627],[-0.08013545 -1.270604  ],[-0.02908834  0.07701957]
2626,2.625999999999822,[0.57223131 1.24353335],[ 0.12194478 -1.15192688],[-0.07988744 -1.26693779],[-0.0289339   0.07699378]
2627,2.6269999999998217,[0.57235318 1.24238016],[ 0.12186489 -1.15319381],[-0.07963896 -1.26327718],[-0.02877933  0.07696783]
2628,2.6279999999998216,[0.57247496 1.2412257 ],[ 0.12178525 -1.15445709],[-0.07939001 -1.25962219],[-0.02862463  0.07694174]
2629,2.6289999999998215,[0.57259667 1.24006998],[ 0.12170586 -1.15571671],[-0.07914058 -1.25597279],[-0.0284698  0.0769155]
2630,2.6299999999998214,[0.57271829 1.23891301],[ 0.12162672 -1.15697269],[-0.07889069 -1.25232899],[-0.02831484  0.0768891 ]
2631,2.6309999999998213,[0.57283984 1.23775479],[ 0.12154783 -1.15822502],[-0.07864033 -1.2486908 ],[-0.02815975  0.07686255]
2632,2.631999999999821,[0.57296131 1.23659531],[ 0.12146919 -1.15947371],[-0.07838949 -1.24505819],[-0.02800453  0.07683585]
2633,2.632999999999821,[0.5730827  1.23543459],[ 0.1213908  -1.16071876],[-0.07813819 -1.24143118],[-0.02784918  0.076809  ]
2634,2.633999999999821,[0.57320401 1.23427263],[ 0.12131266 -1.1619602 ],[-0.07788641 -1.23780975],[-0.02769371  0.076782  ]
2635,2.634999999999821,[0.57332525 1.23310944],[ 0.12123478 -1.16319801],[-0.07763416 -1.23419392],[-0.0275381   0.07675484]
2636,2.6359999999998207,[0.57344641 1.231945  ],[ 0.12115714 -1.1644322 ],[-0.07738145 -1.23058366],[-0.02738237  0.07672754]
2637,2.6369999999998206,[0.57356749 1.23077934],[ 0.12107976 -1.16566278],[-0.07712826 -1.22697899],[-0.0272265   0.07670008]
2638,2.6379999999998205,[0.57368849 1.22961245],[ 0.12100263 -1.16688976],[-0.0768746 -1.2233799],[-0.02707051  0.07667246]
2639,2.6389999999998204,[0.57380941 1.22844434],[ 0.12092576 -1.16811314],[-0.07662048 -1.21978638],[-0.0269144  0.0766447]
2640,2.6399999999998203,[0.57393026 1.22727501],[ 0.12084914 -1.16933293],[-0.07636588 -1.21619844],[-0.02675815  0.07661678]
2641,2.64099999999982,[0.57405104 1.22610446],[ 0.12077277 -1.17054913],[-0.07611082 -1.21261607],[-0.02660178  0.0765887 ]
2642,2.64199999999982,[0.57417173 1.22493269],[ 0.12069666 -1.17176174],[-0.07585529 -1.20903927],[-0.02644528  0.07656048]
2643,2.64299999999982,[0.57429235 1.22375972],[ 0.1206208  -1.17297078],[-0.07559928 -1.20546804],[-0.02628866  0.0765321 ]
2644,2.64399999999982,[0.5744129  1.22258555],[ 0.12054521 -1.17417625],[-0.07534281 -1.20190237],[-0.02613191  0.07650356]
2645,2.6449999999998197,[0.57453337 1.22141017],[ 0.12046986 -1.17537815],[-0.07508587 -1.19834227],[-0.02597503  0.07647487]
2646,2.6459999999998196,[0.57465376 1.22023359],[ 0.12039478 -1.17657649],[-0.07482847 -1.19478774],[-0.02581803  0.07644603]
2647,2.6469999999998195,[0.57477408 1.21905582],[ 0.12031995 -1.17777128],[-0.07457059 -1.19123876],[-0.0256609   0.07641703]
2648,2.6479999999998194,[0.57489433 1.21787686],[ 0.12024538 -1.17896252],[-0.07431225 -1.18769535],[-0.02550365  0.07638788]
2649,2.6489999999998193,[0.5750145  1.21669671],[ 0.12017107 -1.18015022],[-0.07405343 -1.18415749],[-0.02534627  0.07635857]
2650,2.649999999999819,[0.5751346  1.21551537],[ 0.12009701 -1.18133437],[-0.07379416 -1.18062519],[-0.02518877  0.07632911]
2651,2.650999999999819,[0.57525462 1.21433286],[ 0.12002322 -1.182515  ],[-0.07353441 -1.17709844],[-0.02503114  0.07629949]
2652,2.651999999999819,[0.57537457 1.21314917],[ 0.11994968 -1.1836921 ],[-0.0732742  -1.17357725],[-0.02487339  0.07626971]
2653,2.652999999999819,[0.57549445 1.2119643 ],[ 0.11987641 -1.18486567],[-0.07301352 -1.17006162],[-0.02471552  0.07623978]
2654,2.6539999999998187,[0.57561425 1.21077827],[ 0.1198034  -1.18603574],[-0.07275237 -1.16655153],[-0.02455752  0.07620969]
2655,2.6549999999998186,[0.57573398 1.20959106],[ 0.11973064 -1.18720229],[-0.07249076 -1.163047  ],[-0.0243994   0.07617945]
2656,2.6559999999998185,[0.57585364 1.2084027 ],[ 0.11965815 -1.18836533],[-0.07222868 -1.15954802],[-0.02424115  0.07614905]
2657,2.6569999999998184,[0.57597322 1.20721317],[ 0.11958592 -1.18952488],[-0.07196614 -1.15605458],[-0.02408279  0.07611849]
2658,2.6579999999998183,[0.57609274 1.20602249],[ 0.11951396 -1.19068094],[-0.07170313 -1.1525667 ],[-0.0239243   0.07608778]
2659,2.658999999999818,[0.57621218 1.20483066],[ 0.11944225 -1.1918335 ],[-0.07143966 -1.14908436],[-0.02376569  0.07605691]
2660,2.659999999999818,[0.57633155 1.20363768],[ 0.11937082 -1.19298259],[-0.07117572 -1.14560757],[-0.02360696  0.07602588]
2661,2.660999999999818,[0.57645085 1.20244355],[ 0.11929964 -1.1941282 ],[-0.07091131 -1.14213633],[-0.0234481  0.0759947]
2662,2.661999999999818,[0.57657008 1.20124828],[ 0.11922873 -1.19527033],[-0.07064644 -1.13867063],[-0.02328913  0.07596335]
2663,2.6629999999998177,[0.57668924 1.20005187],[ 0.11915808 -1.196409  ],[-0.07038111 -1.13521047],[-0.02313003  0.07593185]
2664,2.6639999999998176,[0.57680833 1.19885432],[ 0.1190877  -1.19754421],[-0.07011532 -1.13175586],[-0.02297082  0.0759002 ]
2665,2.6649999999998175,[0.57692734 1.19765565],[ 0.11901759 -1.19867597],[-0.06984906 -1.1283068 ],[-0.02281148  0.07586838]
2666,2.6659999999998174,[0.57704629 1.19645584],[ 0.11894774 -1.19980428],[-0.06958234 -1.12486328],[-0.02265203  0.0758364 ]
2667,2.6669999999998173,[0.57716517 1.19525492],[ 0.11887815 -1.20092914],[-0.06931515 -1.1214253 ],[-0.02249245  0.07580427]
2668,2.667999999999817,[0.57728398 1.19405286],[ 0.11880884 -1.20205056],[-0.0690475  -1.11799286],[-0.02233275  0.07577198]
2669,2.668999999999817,[0.57740272 1.1928497 ],[ 0.11873979 -1.20316856],[-0.06877939 -1.11456597],[-0.02217294  0.07573953]
2670,2.669999999999817,[0.57752139 1.19164541],[ 0.11867101 -1.20428312],[-0.06851082 -1.11114462],[-0.022013    0.07570692]
2671,2.670999999999817,[0.57763999 1.19044002],[ 0.1186025  -1.20539427],[-0.06824179 -1.10772882],[-0.02185295  0.07567415]
2672,2.6719999999998167,[0.57775853 1.18923352],[ 0.11853426 -1.206502  ],[-0.0679723  -1.10431856],[-0.02169278  0.07564122]
2673,2.6729999999998166,[0.57787699 1.18802591],[ 0.11846629 -1.20760632],[-0.06770234 -1.10091384],[-0.02153249  0.07560813]
2674,2.6739999999998165,[0.57799539 1.1868172 ],[ 0.11839858 -1.20870723],[-0.06743193 -1.09751466],[-0.02137208  0.07557489]
2675,2.6749999999998164,[0.57811372 1.1856074 ],[ 0.11833115 -1.20980474],[-0.06716105 -1.09412103],[-0.02121156  0.07554148]
2676,2.6759999999998163,[0.57823199 1.1843965 ],[ 0.11826399 -1.21089887],[-0.06688972 -1.09073294],[-0.02105092  0.07550791]
2677,2.676999999999816,[0.57835018 1.18318451],[ 0.1181971 -1.2119896],[-0.06661793 -1.08735039],[-0.02089016  0.07547418]
2678,2.677999999999816,[0.57846831 1.18197143],[ 0.11813048 -1.21307695],[-0.06634567 -1.08397339],[-0.02072928  0.0754403 ]
2679,2.678999999999816,[0.57858638 1.18075727],[ 0.11806414 -1.21416092],[-0.06607296 -1.08060193],[-0.02056829  0.07540625]
2680,2.679999999999816,[0.57870438 1.17954203],[ 0.11799807 -1.21524152],[-0.06579979 -1.07723602],[-0.02040718  0.07537204]
2681,2.6809999999998158,[0.57882231 1.17832571],[ 0.11793227 -1.21631876],[-0.06552617 -1.07387565],[-0.02024596  0.07533767]
2682,2.6819999999998156,[0.57894017 1.17710832],[ 0.11786674 -1.21739264],[-0.06525208 -1.07052083],[-0.02008462  0.07530314]
2683,2.6829999999998155,[0.57905798 1.17588986],[ 0.11780149 -1.21846316],[-0.06497754 -1.06717155],[-0.01992316  0.07526845]
2684,2.6839999999998154,[0.57917571 1.17467033],[ 0.11773651 -1.21953033],[-0.06470254 -1.06382782],[-0.01976159  0.07523359]
2685,2.6849999999998153,[0.57929338 1.17344973],[ 0.11767181 -1.22059416],[-0.06442709 -1.06048964],[-0.01959991  0.07519858]
2686,2.685999999999815,[0.57941099 1.17222808],[ 0.11760738 -1.22165465],[-0.06415118 -1.057157  ],[-0.01943811  0.0751634 ]
2687,2.686999999999815,[0.57952853 1.17100536],[ 0.11754323 -1.2227118 ],[-0.06387481 -1.05382992],[-0.0192762   0.07512807]
2688,2.687999999999815,[0.57964601 1.1697816 ],[ 0.11747935 -1.22376563],[-0.06359799 -1.05050838],[-0.01911417  0.07509257]
2689,2.688999999999815,[0.57976343 1.16855678],[ 0.11741576 -1.22481614],[-0.06332072 -1.0471924 ],[-0.01895203  0.07505691]
2690,2.6899999999998148,[0.57988078 1.16733092],[ 0.11735244 -1.22586333],[-0.06304299 -1.04388196],[-0.01878977  0.07502108]
2691,2.6909999999998147,[0.57999807 1.16610401],[ 0.11728939 -1.22690721],[ -0.3904313  -59.67978852],[0. 0.]
2692,2.6919999999998145,[0.58011497 1.16481743],[ 0.11689896 -1.286587  ],[ -0.39355669 -59.65843782],[0. 0.]
2693,2.6929999999998144,[0.58023148 1.16347118],[ 0.1165054  -1.34624544],[ -0.3968241  -59.63603538],[0. 0.]
2694,2.6939999999998143,[0.58034758 1.1620653 ],[ 0.11610858 -1.40588148],[ -0.40023273 -59.61257216],[0. 0.]
2695,2.694999999999814,[0.58046329 1.1605998 ],[ 0.11570835 -1.46549405],[ -0.40378172 -59.58803873],[0. 0.]
2696,2.695999999999814,[0.5805786  1.15907472],[ 0.11530457 -1.52508209],[ -0.40747018 -59.56242521],[0. 0.]
2697,2.696999999999814,[0.58069349 1.15749008],[ 0.1148971  -1.58464451],[ -0.41129719 -59.53572127],[0. 0.]
2698,2.697999999999814,[0.58080798 1.1558459 ],[ 0.1144858  -1.64418023],[ -0.41526178 -59.50791613],[0. 0.]
2699,2.6989999999998138,[0.58092205 1.15414221],[ 0.11407054 -1.70368815],[ -0.41936292 -59.47899858],[0. 0.]
2700,2.6999999999998137,[0.5810357  1.15237904],[ 0.11365117 -1.76316715],[ -0.42359956 -59.44895692],[0. 0.]
2701,2.7009999999998136,[0.58114893 1.15055643],[ 0.11322757 -1.82261611],[ -0.4279706  -59.41777901],[0. 0.]
2702,2.7019999999998134,[0.58126173 1.14867439],[ 0.1127996  -1.88203388],[ -0.43247488 -59.38545224],[0. 0.]
2703,2.7029999999998133,[0.5813741  1.14673297],[ 0.11236713 -1.94141934],[ -0.43711122 -59.3519635 ],[0. 0.]
2704,2.703999999999813,[0.58148603 1.1447322 ],[ 0.11193002 -2.0007713 ],[ -0.44187836 -59.31729923],[0. 0.]
2705,2.704999999999813,[0.58159751 1.14267211],[ 0.11148814 -2.0600886 ],[ -0.44677503 -59.28144535],[0. 0.]
2706,2.705999999999813,[0.58170856 1.14055274],[ 0.11104136 -2.11937004],[ -0.45179989 -59.2443873 ],[0. 0.]
2707,2.706999999999813,[0.58181915 1.13837413],[ 0.11058956 -2.17861443],[ -0.45695156 -59.20611002],[0. 0.]
2708,2.707999999999813,[0.58192928 1.13613631],[ 0.11013261 -2.23782054],[ -0.46222859 -59.16659792],[0. 0.]
2709,2.7089999999998127,[0.58203895 1.13383932],[ 0.10967038 -2.29698714],[ -0.46762952 -59.12583493],[0. 0.]
2710,2.7099999999998126,[0.58214815 1.13148321],[ 0.10920275 -2.35611298],[ -0.4731528  -59.08380441],[0. 0.]
2711,2.7109999999998124,[0.58225688 1.12906801],[ 0.1087296  -2.41519678],[ -0.47879684 -59.04048922],[0. 0.]
2712,2.7119999999998123,[0.58236513 1.12659377],[ 0.1082508  -2.47423727],[ -0.48456001 -58.99587165],[0. 0.]
2713,2.7129999999998122,[0.5824729  1.12406054],[ 0.10776624 -2.53323314],[ -0.49044061 -58.94993347],[0. 0.]
2714,2.713999999999812,[0.58258017 1.12146836],[ 0.1072758  -2.59218307],[ -0.4964369  -58.90265586],[0. 0.]
2715,2.714999999999812,[0.58268695 1.11881727],[ 0.10677937 -2.65108573],[ -0.50254707 -58.85401946],[0. 0.]
2716,2.715999999999812,[0.58279323 1.11610733],[ 0.10627682 -2.70993975],[ -0.50876927 -58.80400432],[0. 0.]
2717,2.716999999999812,[0.582899   1.11333859],[ 0.10576805 -2.76874375],[ -0.51510157 -58.75258989],[0. 0.]
2718,2.7179999999998117,[0.58300425 1.11051109],[ 0.10525295 -2.82749634],[ -0.52154201 -58.69975505],[0. 0.]
2719,2.7189999999998116,[0.58310898 1.1076249 ],[ 0.10473141 -2.8861961 ],[ -0.52808854 -58.64547807],[0. 0.]
2720,2.7199999999998115,[0.58321319 1.10468005],[ 0.10420332 -2.94484158],[ -0.53473907 -58.58973658],[0. 0.]
2721,2.7209999999998113,[0.58331685 1.10167662],[ 0.10366858 -3.00343131],[ -0.54149145 -58.53250761],[0. 0.]
2722,2.7219999999998112,[0.58341998 1.09861466],[ 0.10312709 -3.06196382],[ -0.54834346 -58.47376755],[0. 0.]
2723,2.722999999999811,[0.58352256 1.09549422],[ 0.10257874 -3.12043759],[ -0.55529282 -58.41349213],[0. 0.]
2724,2.723999999999811,[0.58362458 1.09231537],[ 0.10202345 -3.17885108],[ -0.56233718 -58.35165643],[0. 0.]
2725,2.724999999999811,[0.58372604 1.08907817],[ 0.10146111 -3.23720274],[ -0.56947415 -58.28823488],[0. 0.]
2726,2.725999999999811,[0.58382694 1.08578268],[ 0.10089164 -3.29549097],[ -0.57670123 -58.2232012 ],[0. 0.]
2727,2.7269999999998107,[0.58392725 1.08242896],[ 0.10031494 -3.35371417],[ -0.58401589 -58.15652844],[0. 0.]
2728,2.7279999999998106,[0.58402698 1.07901709],[ 0.09973092 -3.4118707 ],[ -0.59141552 -58.08818894],[0. 0.]
2729,2.7289999999998105,[0.58412612 1.07554713],[ 0.09913951 -3.46995889],[ -0.59889744 -58.01815433],[0. 0.]
2730,2.7299999999998104,[0.58422466 1.07201916],[ 0.09854061 -3.52797704],[ -0.60645891 -57.94639552],[0. 0.]
2731,2.7309999999998102,[0.5843226  1.06843323],[ 0.09793415 -3.58592344],[ -0.6140971  -57.87288269],[0. 0.]
2732,2.73199999999981,[0.58441992 1.06478944],[ 0.09732005 -3.64379632],[ -0.62180912 -57.79758524],[0. 0.]
2733,2.73299999999981,[0.58451661 1.06108784],[ 0.09669825 -3.70159391],[ -0.629592   -57.72047184],[0. 0.]
2734,2.73399999999981,[0.58461268 1.05732853],[ 0.09606865 -3.75931438],[ -0.63744272 -57.64151039],[0. 0.]
2735,2.73499999999981,[0.58470811 1.05351157],[ 0.09543121 -3.81695589],[ -0.64535817 -57.56066798],[0. 0.]
2736,2.7359999999998097,[0.5848029  1.04963706],[ 0.09478585 -3.87451656],[ -0.65333514 -57.47791094],[0. 0.]
2737,2.7369999999998096,[0.58489703 1.04570506],[ 0.09413252 -3.93199447],[ -0.66137039 -57.39320476],[0. 0.]
2738,2.7379999999998095,[0.5849905  1.04171567],[ 0.09347115 -3.98938767],[ -0.66946056 -57.30651413],[0. 0.]
2739,2.7389999999998094,[0.58508331 1.03766898],[ 0.09280169 -4.04669419],[ -0.67760225 -57.2178029 ],[0. 0.]
2740,2.7399999999998093,[0.58517543 1.03356507],[ 0.09212408 -4.10391199],[ -0.68579195 -57.12703409],[0. 0.]
2741,2.740999999999809,[0.58526687 1.02940403],[ 0.09143829 -4.16103903],[ -0.69402609 -57.03416985],[0. 0.]
2742,2.741999999999809,[0.58535761 1.02518596],[ 0.09074427 -4.21807319],[ -0.70230101 -56.93917148],[0. 0.]
2743,2.742999999999809,[0.58544765 1.02091094],[ 0.09004197 -4.27501237],[ -0.71061298 -56.84199938],[0. 0.]
2744,2.743999999999809,[0.58553699 1.01657909],[ 0.08933135 -4.33185437],[ -0.71895816 -56.74261308],[0. 0.]
2745,2.7449999999998087,[0.5856256  1.01219049],[ 0.08861239 -4.38859698],[ -0.72733267 -56.6409712 ],[0. 0.]
2746,2.7459999999998086,[0.58571348 1.00774525],[ 0.08788506 -4.44523795],[ -0.73573251 -56.53703146],[0. 0.]
2747,2.7469999999998085,[0.58580063 1.00324348],[ 0.08714933 -4.50177498],[ -0.74415362 -56.43075066],[0. 0.]
2748,2.7479999999998084,[0.58588704 0.99868527],[ 0.08640518 -4.55820573],[ -0.75259183 -56.32208465],[0. 0.]
2749,2.7489999999998083,[0.58597269 0.99407075],[ 0.08565258 -4.61452782],[ -0.76104291 -56.21098837],[0. 0.]
2750,2.749999999999808,[0.58605758 0.98940001],[ 0.08489154 -4.67073881],[ -0.76950255 -56.09741577],[0. 0.]
2751,2.750999999999808,[0.5861417  0.98467317],[ 0.08412204 -4.72683622],[ -0.77796631 -55.98131988],[0. 0.]
2752,2.751999999999808,[0.58622505 0.97989035],[ 0.08334407 -4.78281754],[ -0.78642972 -55.86265274],[0. 0.]
2753,2.752999999999808,[0.58630761 0.97505167],[ 0.08255764 -4.83868019],[ -0.79488819 -55.74136543],[0. 0.]
2754,2.7539999999998077,[0.58638937 0.97015725],[ 0.08176275 -4.89442156],[ -0.80333704 -55.61740803],[0. 0.]
2755,2.7549999999998076,[0.58647033 0.96520721],[ 0.08095942 -4.95003897],[ -0.81177152 -55.49072964],[0. 0.]
2756,2.7559999999998075,[0.58655048 0.96020168],[ 0.08014765 -5.0055297 ],[ -0.8201868  -55.36127838],[0. 0.]
2757,2.7569999999998074,[0.5866298  0.95514079],[ 0.07932746 -5.06089098],[ -0.82857793 -55.22900135],[0. 0.]
2758,2.7579999999998073,[0.5867083  0.95002467],[ 0.07849888 -5.11611998],[ -0.8369399  -55.09384465],[0. 0.]
2759,2.758999999999807,[0.58678596 0.94485346],[ 0.07766194 -5.17121382],[ -0.84526761 -54.95575339],[0. 0.]
2760,2.759999999999807,[0.58686278 0.93962729],[ 0.07681667 -5.22616957],[ -0.85355587 -54.81467164],[0. 0.]
2761,2.760999999999807,[0.58693874 0.9343463 ],[ 0.07596312 -5.28098425],[ -0.86179939 -54.67054248],[0. 0.]
2762,2.761999999999807,[0.58701384 0.92901065],[ 0.07510132 -5.33565479],[ -0.86999282 -54.52330798],[0. 0.]
2763,2.7629999999998067,[0.58708808 0.92362047],[ 0.07423132 -5.3901781 ],[ -0.87813072 -54.3729092 ],[0. 0.]
2764,2.7639999999998066,[0.58716143 0.91817592],[ 0.07335319 -5.44455101],[ -0.88620753 -54.21928618],[0. 0.]
2765,2.7649999999998065,[0.5872339  0.91267715],[ 0.07246699 -5.49877029],[ -0.89421766 -54.06237795],[0. 0.]
2766,2.7659999999998064,[0.58730547 0.90712432],[ 0.07157277 -5.55283267],[ -0.90215539 -53.90212257],[0. 0.]
2767,2.7669999999998063,[0.58737614 0.90151758],[ 0.07067061 -5.60673479],[ -0.91001495 -53.73845707],[0. 0.]
2768,2.767999999999806,[0.5874459  0.89585711],[ 0.0697606  -5.66047325],[ -0.91779048 -53.57131752],[0. 0.]
2769,2.768999999999806,[0.58751474 0.89014306],[ 0.06884281 -5.71404457],[ -0.92547601 -53.400639  ],[0. 0.]
2770,2.769999999999806,[0.58758266 0.88437562],[ 0.06791733 -5.76744521],[ -0.93306555 -53.22635561],[0. 0.]
2771,2.770999999999806,[0.58764964 0.87855495],[ 0.06698427 -5.82067156],[ -0.94055298 -53.04840054],[0. 0.]
2772,2.7719999999998057,[0.58771569 0.87268123],[ 0.06604371 -5.87371996],[ -0.94793212 -52.86670598],[0. 0.]
2773,2.7729999999998056,[0.58778078 0.86675464],[ 0.06509578 -5.92658667],[ -0.95519674 -52.68120325],[0. 0.]
2774,2.7739999999998055,[0.58784492 0.86077537],[ 0.06414058 -5.97926787],[ -0.9623405  -52.49182274],[0. 0.]
2775,2.7749999999998054,[0.5879081  0.85474361],[ 0.06317824 -6.03175969],[ -0.96935701 -52.29849396],[0. 0.]
2776,2.7759999999998053,[0.58797031 0.84865955],[ 0.06220889 -6.08405819],[ -0.97623981 -52.10114556],[0. 0.]
2777,2.776999999999805,[0.58803154 0.8425234 ],[ 0.06123265 -6.13615933],[ -0.98298239 -51.89970535],[0. 0.]
2778,2.777999999999805,[0.58809179 0.83633534],[ 0.06024967 -6.18805904],[ -0.98957814 -51.69410033],[0. 0.]
2779,2.778999999999805,[0.58815105 0.83009558],[ 0.05926009 -6.23975314],[ -0.99602042 -51.48425673],[0. 0.]
2780,2.779999999999805,[0.58820932 0.82380435],[ 0.05826407 -6.2912374 ],[ -1.00230253 -51.27010004],[0. 0.]
2781,2.7809999999998047,[0.58826658 0.81746184],[ 0.05726176 -6.3425075 ],[ -1.0084177  -51.05155501],[0. 0.]
2782,2.7819999999998046,[0.58832283 0.81106828],[ 0.05625335 -6.39355905],[ -1.01435913 -50.82854575],[0. 0.]
2783,2.7829999999998045,[0.58837807 0.80462389],[ 0.05523899 -6.4443876 ],[ -1.02011994 -50.60099571],[0. 0.]
2784,2.7839999999998044,[0.58843229 0.7981289 ],[ 0.05421887 -6.49498859],[ -1.02569325 -50.36882777],[0. 0.]
2785,2.7849999999998043,[0.58848548 0.79158355],[ 0.05319317 -6.54535742],[ -1.03107211 -50.13196426],[0. 0.]
2786,2.785999999999804,[0.58853765 0.78498806],[ 0.0521621  -6.59548938],[ -1.03624955 -49.89032701],[0. 0.]
2787,2.786999999999804,[0.58858877 0.77834268],[ 0.05112585 -6.64537971],[ -1.04121854 -49.64383743],[0. 0.]
2788,2.787999999999804,[0.58863886 0.77164765],[ 0.05008463 -6.69502355],[ -1.04597206 -49.39241653],[0. 0.]
2789,2.788999999999804,[0.5886879  0.76490324],[ 0.04903866 -6.74441597],[ -1.05050305 -49.135985  ],[0. 0.]
2790,2.7899999999998037,[0.58873588 0.75810969],[ 0.04798816 -6.79355195],[ -1.05480444 -48.87446326],[0. 0.]
2791,2.7909999999998036,[0.58878282 0.75126726],[ 0.04693335 -6.84242641],[ -1.05886913 -48.60777156],[0. 0.]
2792,2.7919999999998035,[0.58882869 0.74437622],[ 0.04587449 -6.89103419],[ -1.06269004 -48.33582999],[0. 0.]
2793,2.7929999999998034,[0.5888735  0.73743685],[ 0.0448118  -6.93937002],[ -1.06626007 -48.05855861],[0. 0.]
2794,2.7939999999998033,[0.58891725 0.73044943],[ 0.04374553 -6.98742857],[ -1.06957213 -47.77587749],[0. 0.]
2795,2.794999999999803,[0.58895993 0.72341422],[ 0.04267596 -7.03520445],[ -1.07261915 -47.48770684],[0. 0.]
2796,2.795999999999803,[0.58900153 0.71633153],[ 0.04160334 -7.08269216],[ -1.07539407 -47.19396701],[0. 0.]
2797,2.796999999999803,[0.58904206 0.70920164],[ 0.04052795 -7.12988613],[ -1.07788985 -46.89457865],[0. 0.]
2798,2.797999999999803,[0.58908151 0.70202486],[ 0.03945006 -7.1767807 ],[ -1.08009949 -46.5894628 ],[0. 0.]
2799,2.7989999999998028,[0.58911988 0.69480149],[ 0.03836996 -7.22337017],[ -1.08201602 -46.27854094],[0. 0.]
2800,2.7999999999998026,[0.58915716 0.68753184],[ 0.03728794 -7.26964871],[ -1.08363254 -45.96173511],[0. 0.]
2801,2.8009999999998025,[0.58919337 0.68021623],[ 0.03620431 -7.31561044],[ -1.08494216 -45.63896804],[0. 0.]
2802,2.8019999999998024,[0.58922849 0.67285498],[ 0.03511937 -7.36124941],[ -1.0859381  -45.31016321],[0. 0.]
2803,2.8029999999998023,[0.58926252 0.66544842],[ 0.03403343 -7.40655957],[ -1.08661361 -44.97524502],[0. 0.]
2804,2.803999999999802,[0.58929547 0.65799689],[ 0.03294682 -7.45153482],[ -1.08696204 -44.63413884],[0. 0.]
2805,2.804999999999802,[0.58932733 0.65050072],[ 0.03185986 -7.49616896],[ -1.08697683 -44.28677117],[0. 0.]
2806,2.805999999999802,[0.5893581  0.64296026],[ 0.03077288 -7.54045573],[ -1.08665149 -43.93306974],[0. 0.]
2807,2.806999999999802,[0.58938779 0.63537588],[ 0.02968623 -7.5843888 ],[ -1.08597965 -43.57296366],[0. 0.]
2808,2.8079999999998018,[0.58941639 0.62774791],[ 0.02860025 -7.62796176],[ -1.08495507 -43.20638353],[0. 0.]
2809,2.8089999999998017,[0.5894439  0.62007675],[ 0.02751529 -7.67116815],[ -1.0835716  -42.83326156],[0. 0.]
2810,2.8099999999998015,[0.58947033 0.61236274],[ 0.02643172 -7.71400141],[ -1.08182324 -42.45353175],[0. 0.]
2811,2.8109999999998014,[0.58949568 0.60460629],[ 0.0253499  -7.75645494],[ -1.07970413 -42.06712997],[0. 0.]
2812,2.8119999999998013,[0.58951995 0.59680777],[ 0.02427019 -7.79852207],[ -1.07720856 -41.67399416],[0. 0.]
2813,2.812999999999801,[0.58954315 0.58896757],[ 0.02319299 -7.84019606],[ -1.07433099 -41.27406441],[0. 0.]
2814,2.813999999999801,[0.58956527 0.5810861 ],[ 0.02211865 -7.88147013],[ -1.07106604 -40.86728316],[0. 0.]
2815,2.814999999999801,[0.58958631 0.57316376],[ 0.02104759 -7.92233741],[ -1.06740851 -40.45359534],[0. 0.]
2816,2.815999999999801,[0.58960629 0.56520097],[ 0.01998018 -7.96279101],[ -1.06335342 -40.0329485 ],[0. 0.]
2817,2.8169999999998008,[0.58962521 0.55719815],[ 0.01891683 -8.00282395],[ -1.05889595 -39.60529297],[0. 0.]
2818,2.8179999999998007,[0.58964307 0.54915572],[ 0.01785793 -8.04242925],[ -1.05403152 -39.17058201],[0. 0.]
2819,2.8189999999998006,[0.58965987 0.54107412],[ 0.0168039  -8.08159983],[ -1.04875578 -38.728772  ],[0. 0.]
2820,2.8199999999998004,[0.58967563 0.53295379],[ 0.01575514 -8.1203286 ],[ -1.0430646  -38.27982256],[0. 0.]
2821,2.8209999999998003,[0.58969034 0.52479518],[ 0.01471208 -8.15860842],[ -1.03695411 -37.82369669],[0. 0.]
2822,2.8219999999998002,[0.58970402 0.51659875],[ 0.01367512 -8.19643212],[ -1.03042067 -37.36036101],[0. 0.]
2823,2.8229999999998,[0.58971666 0.50836496],[ 0.0126447  -8.23379248],[ -1.02346093 -36.88978582],[0. 0.]
2824,2.8239999999998,[0.58972828 0.50009428],[ 0.01162124 -8.27068227],[ -1.01607182 -36.41194533],[0. 0.]
2825,2.8249999999998,[0.58973889 0.49178718],[ 0.01060517 -8.30709421],[ -1.00825055 -35.92681777],[0. 0.]
2826,2.8259999999998,[0.58974848 0.48344416],[ 0.00959692 -8.34302103],[ -0.99999461 -35.43438558],[0. 0.]
2827,2.8269999999997997,[0.58975708 0.47506571],[ 0.00859693 -8.37845542],[ -0.99130183 -34.93463555],[0. 0.]
2828,2.8279999999997996,[0.58976469 0.46665232],[ 7.60562392e-03 -8.41339005e+00],[ -0.98217035 -34.42755896],[0. 0.]
2829,2.8289999999997995,[0.58977131 0.4582045 ],[ 6.62345357e-03 -8.44781761e+00],[ -0.97259862 -33.91315177],[0. 0.]
2830,2.8299999999997993,[0.58977696 0.44972277],[ 5.65085495e-03 -8.48173076e+00],[ -0.96258544 -33.3914147 ],[0. 0.]
2831,2.8309999999997992,[0.58978165 0.44120764],[ 4.68826951e-03 -8.51512218e+00],[ -0.95212998 -32.86235347],[0. 0.]
2832,2.831999999999799,[0.58978538 0.43265966],[ 3.73613953e-03 -8.54798453e+00],[ -0.94123172 -32.32597883],[0. 0.]
2833,2.832999999999799,[0.58978818 0.42407935],[ 2.79490781e-03 -8.58031051e+00],[ -0.92989055 -31.7823068 ],[0. 0.]
2834,2.833999999999799,[0.58979004 0.41546726],[ 1.86501726e-03 -8.61209282e+00],[ -0.9181067  -31.23135872],[0. 0.]
2835,2.834999999999799,[0.58979099 0.40682393],[ 9.46910563e-04 -8.64332418e+00],[ -0.9058808  -30.67316142],[0. 0.]
2836,2.8359999999997987,[0.58979103 0.39814994],[ 4.10297582e-05 -8.67399734e+00],[ -0.89321388 -30.10774734],[0. 0.]
2837,2.8369999999997986,[0.58979018 0.38944583],[-8.52184123e-04 -8.70410508e+00],[ -0.88010734 -29.53515462],[0. 0.]
2838,2.8379999999997985,[0.58978845 0.38071219],[-1.73229146e-03 -8.73364024e+00],[ -0.866563   -28.95542724],[0. 0.]
2839,2.8389999999997984,[0.58978585 0.37194959],[-2.59885447e-03 -8.76259567e+00],[ -0.85258309 -28.36861507],[0. 0.]
2840,2.8399999999997982,[0.5897824  0.36315863],[-3.45143756e-03 -8.79096428e+00],[ -0.83817025 -27.77477403],[0. 0.]
2841,2.840999999999798,[0.58977811 0.35433989],[-4.28960780e-03 -8.81873906e+00],[ -0.82332754 -27.17396612],[0. 0.]
2842,2.841999999999798,[0.58977299 0.34549398],[-5.11293534e-03 -8.84591302e+00],[ -0.80805845 -26.56625949],[0. 0.]
2843,2.842999999999798,[0.58976707 0.3366215 ],[-5.92099380e-03 -8.87247928e+00],[ -0.79236691 -25.95172858],[0. 0.]
2844,2.843999999999798,[0.58976036 0.32772307],[-6.71336070e-03 -8.89843101e+00],[ -0.77625725 -25.33045408],[0. 0.]
2845,2.8449999999997977,[0.58975287 0.31879931],[-7.48961795e-03 -8.92376146e+00],[ -0.75973427 -24.70252305],[0. 0.]
2846,2.8459999999997976,[0.58974462 0.30985084],[-8.24935222e-03 -8.94846399e+00],[ -0.74280318 -24.0680289 ],[0. 0.]
2847,2.8469999999997975,[0.58973563 0.30087831],[-0.00899216 -8.97253202],[ -0.72546965 -23.42707147],[0. 0.]
2848,2.8479999999997974,[0.58972591 0.29188235],[-0.00971763 -8.99595909],[ -0.70773978 -22.77975698],[0. 0.]
2849,2.8489999999997973,[0.58971549 0.28286361],[-0.01042536 -9.01873884],[ -0.68962009 -22.1261981 ],[0. 0.]
2850,2.849999999999797,[0.58970437 0.27382275],[-0.01111498 -9.04086504],[ -0.67111757 -21.46651388],[0. 0.]
2851,2.850999999999797,[0.58969259 0.26476042],[-0.0117861  -9.06233156],[ -0.65223962 -20.80082977],[0. 0.]
2852,2.851999999999797,[0.58968015 0.25567728],[-0.01243834 -9.08313239],[ -0.63299408 -20.12927754],[0. 0.]
2853,2.852999999999797,[0.58966708 0.24657402],[-0.01307134 -9.10326166],[ -0.61338921 -19.45199527],[0. 0.]
2854,2.8539999999997967,[0.58965339 0.23745131],[-0.01368473 -9.12271366],[ -0.59343372 -18.7691273 ],[0. 0.]
2855,2.8549999999997966,[0.58963911 0.22830983],[-0.01427816 -9.14148279],[ -0.57313669 -18.08082408],[0. 0.]
2856,2.8559999999997965,[0.58962426 0.21915026],[-0.0148513  -9.15956361],[ -0.55250767 -17.38724219],[0. 0.]
2857,2.8569999999997964,[0.58960886 0.20997331],[-0.0154038  -9.17695085],[ -0.53155656 -16.68854414],[0. 0.]
2858,2.8579999999997963,[0.58959292 0.20077967],[-0.01593536 -9.1936394 ],[ -0.5102937  -15.98489831],[0. 0.]
2859,2.858999999999796,[0.58957648 0.19157005],[-0.01644565 -9.20962429],[ -0.48872979 -15.2764788 ],[0. 0.]
2860,2.859999999999796,[0.58955954 0.18234515],[-0.01693438 -9.22490077],[ -0.46687592 -14.56346533],[0. 0.]
2861,2.860999999999796,[0.58954214 0.17310568],[-0.01740126 -9.23946424],[ -0.44474353 -13.84604302],[0. 0.]
2862,2.861999999999796,[0.5895243  0.16385237],[-0.017846   -9.25331028],[ -0.42234445 -13.12440227],[0. 0.]
2863,2.8629999999997957,[0.58950603 0.15458594],[-0.01826835 -9.26643468],[ -0.39969082 -12.39873856],[0. 0.]
2864,2.8639999999997956,[0.58948736 0.1453071 ],[-0.01866804 -9.27883342],[ -0.37679513 -11.66925227],[0. 0.]
2865,2.8649999999997955,[0.58946831 0.1360166 ],[-0.01904483 -9.29050267],[ -0.35367017 -10.93614848],[0. 0.]
2866,2.8659999999997954,[0.58944892 0.12671516],[-0.0193985  -9.30143882],[ -0.33032904 -10.19963672],[0. 0.]
2867,2.8669999999997953,[0.58942919 0.11740352],[-0.01972883 -9.31163846],[-0.30678514 -9.45993078],[0. 0.]
2868,2.867999999999795,[0.58940915 0.10808243],[-0.02003562 -9.32109839],[-0.28305211 -8.71724846],[0. 0.]
2869,2.868999999999795,[0.58938883 0.09875261],[-0.02031867 -9.32981564],[-0.25914388 -7.97181132],[0. 0.]
2870,2.869999999999795,[0.58936825 0.08941482],[-0.02057781 -9.33778745],[-0.23507459 -7.22384442],[0. 0.]
2871,2.870999999999795,[0.58934744 0.08006981],[-0.02081289 -9.34501129],[-0.21085859 -6.47357603],[0. 0.]
2872,2.8719999999997947,[0.58932642 0.07071833],[-0.02102375 -9.35148487],[-0.18651046 -5.72123742],[0. 0.]
2873,2.8729999999997946,[0.58930521 0.06136112],[-0.02121026 -9.35720611],[-0.16204494 -4.96706251],[0. 0.]
2874,2.8739999999997945,[0.58928384 0.05199895],[-0.0213723  -9.36217317],[-0.13747694 -4.21128758],[0. 0.]
2875,2.8749999999997944,[0.58926233 0.04263256],[-0.02150978 -9.36638446],[-0.1128215  -3.45415105],[0. 0.]
2876,2.8759999999997943,[0.5892407  0.03326272],[-0.0216226  -9.36983861],[-0.08809379 -2.69589306],[0. 0.]
2877,2.876999999999794,[0.58921899 0.02389019],[-0.02171069 -9.3725345 ],[-0.06330907 -1.93675527],[0. 0.]
2878,2.877999999999794,[0.58919722 0.01451572],[-0.021774   -9.37447126],[-0.03848271 -1.17698048],[0. 0.]
2879,2.878999999999794,[0.58917541 0.00514007],[-0.02181249 -9.37564824],[-0.01363008 -0.41681234],[0. 0.]
2880,2.879999999999794,[ 0.58915358 -0.004236  ],[-0.02182612 -9.37606505],[0.01123335 0.34350497],[0. 0.]
2881,2.8809999999997937,[ 0.58913176 -0.01361172],[-0.02181488 -9.37572155],[0.03609213 1.10372706],[0. 0.]
2882,2.8819999999997936,[ 0.58910999 -0.02298633],[-0.02177879 -9.37461782],[0.06093081 1.86360966],[0. 0.]
2883,2.8829999999997935,[ 0.58908827 -0.03235909],[-0.02171786 -9.37275421],[0.08573397 2.6229089 ],[0. 0.]
2884,2.8839999999997934,[ 0.58906664 -0.04172922],[-0.02163213 -9.3701313 ],[0.11048622 3.3813817 ],[0. 0.]
2885,2.8849999999997933,[ 0.58904511 -0.05109597],[-0.02152164 -9.36674992],[0.13517227 4.13878601],[0. 0.]
2886,2.885999999999793,[ 0.58902373 -0.06045858],[-0.02138647 -9.36261113],[0.1597769  4.89488117],[0. 0.]
2887,2.886999999999793,[ 0.5890025 -0.0698163],[-0.02122669 -9.35771625],[0.18428499 5.6494282 ],[0. 0.]
2888,2.887999999999793,[ 0.58898146 -0.07916836],[-0.02104241 -9.35206682],[0.20868158 6.40219011],[0. 0.]
2889,2.888999999999793,[ 0.58896062 -0.08851403],[-0.02083372 -9.34566463],[0.23295185 7.15293223],[0. 0.]
2890,2.8899999999997927,[ 0.58894002 -0.09785254],[-0.02060077 -9.3385117 ],[0.25708114 7.90142242],[0. 0.]
2891,2.8909999999997926,[ 0.58891968 -0.10718315],[-0.02034369 -9.33061028],[  9.2158807  578.52302618],[0.02365431 0.66432005]
2892,2.8919999999997925,[ 0.58890855 -0.11593524],[-0.01112781 -8.75208725],[  8.83819002 555.34608243],[0.02338496 0.63677453]
2893,2.8929999999997924,[ 0.58890626 -0.12413198],[-2.28962047e-03 -8.19674117e+00],[  8.47313927 533.02693367],[0.02313368 0.61027664]
2894,2.8939999999997923,[ 0.58891245 -0.13179569],[ 6.18351879e-03 -7.66371424e+00],[  8.12084589 511.53857397],[0.02289988 0.58478795]
2895,2.894999999999792,[ 0.58892675 -0.13894787],[ 0.01430436 -7.15217566],[  7.78131101 490.85393376],[0.02268296 0.56027122]
2896,2.895999999999792,[ 0.58894884 -0.14560919],[ 0.02208568 -6.66132173],[  7.4544406  470.94605774],[0.0224823  0.53669039]
2897,2.896999999999792,[ 0.58897838 -0.15179957],[ 0.02954012 -6.19037567],[  7.14006363 451.78825201],[0.02229731 0.51401062]
2898,2.897999999999792,[ 0.58901506 -0.15753815],[ 0.03668018 -5.73858742],[  6.83794768 433.3542043 ],[0.02212739 0.49219822]
2899,2.8989999999997917,[ 0.58905858 -0.16284339],[ 0.04351813 -5.30523321],[  6.54781213 415.61808082],[0.02197197 0.47122071]
2900,2.8999999999997916,[ 0.58910864 -0.167733  ],[ 0.05006594 -4.88961513],[  6.26933944 398.55460301],[0.02183047 0.45104672]
2901,2.9009999999997915,[ 0.58916498 -0.17222406],[ 0.05633528 -4.49106053],[  6.00218462 382.13910693],[0.02170234 0.43164605]
2902,2.9019999999997914,[ 0.58922731 -0.17633298],[ 0.06233746 -4.10892142],[  5.7459832  366.34758801],[0.02158703 0.41298957]
2903,2.9029999999997913,[ 0.5892954  -0.18007556],[ 0.06808345 -3.74257384],[  5.5003579  351.15673311],[0.02148403 0.39504925]
2904,2.903999999999791,[ 0.58936898 -0.18346698],[ 0.0735838 -3.3914171],[  5.26492415 336.54394229],[0.02139282 0.37779809]
2905,2.904999999999791,[ 0.58944783 -0.18652185],[ 0.07884873 -3.05487316],[  5.03929465 322.4873415 ],[0.02131293 0.3612101 ]
2906,2.905999999999791,[ 0.58953172 -0.18925423],[ 0.08388802 -2.73238582],[  4.82308307 308.96578815],[0.02124389 0.3452603 ]
2907,2.906999999999791,[ 0.58962043 -0.19167765],[ 0.08871111 -2.42342003],[  4.6159071 295.9588705],[0.02118524 0.32992464]
2908,2.9079999999997908,[ 0.58971376 -0.19380512],[ 0.09332701 -2.12746116],[  4.41739085 283.44690219],[0.02113656 0.31517998]
2909,2.9089999999997906,[ 0.5898115  -0.19564913],[ 0.0977444  -1.84401426],[  4.22716673 271.4109127 ],[0.02109743 0.30100408]
2910,2.9099999999997905,[ 0.58991347 -0.19722173],[ 0.10197157 -1.57260334],[  4.04487692 259.83263468],[0.02106745 0.28737555]
2911,2.9109999999997904,[ 0.59001949 -0.1985345 ],[ 0.10601645 -1.31277071],[  3.87017446 248.69448876],[0.02104626 0.27427381]
2912,2.9119999999997903,[ 0.59012937 -0.19959858],[ 0.10988662 -1.06407622],[  3.70272406 237.97956641],[0.02103347 0.2616791 ]
2913,2.91299999999979,[ 0.59024296 -0.20042468],[ 0.11358935 -0.82609666],[  3.54220263 227.67161142],[0.02102876 0.24957238]
2914,2.91399999999979,[ 0.5903601 -0.2010231],[ 0.11713155 -0.59842504],[  3.3882996  217.75500027],[0.02103178 0.23793539]
2915,2.91499999999979,[ 0.59048062 -0.20140377],[ 0.12051985 -0.38067004],[  3.24071705 208.2147219 ],[0.02104223 0.22675052]
2916,2.91599999999979,[ 0.59060438 -0.20157623],[ 0.12376057 -0.17245532],[  3.09916978 199.03635698],[0.02105979 0.21600088]
2917,2.9169999999997898,[ 0.59073124 -0.20154965],[0.12685974 0.02658104],[  2.96338513 190.20605712],[0.02108419 0.2056702 ]
2918,2.9179999999997897,[ 0.59086106 -0.20133286],[0.12982312 0.21678709],[  2.83310283 181.71052397],[0.02111515 0.19574285]
2919,2.9189999999997895,[ 0.59099372 -0.20093436],[0.13265622 0.39849762],[  2.70807472 173.5369886 ],[0.0211524  0.18620378]
2920,2.9199999999997894,[ 0.59112908 -0.20036233],[0.1353643  0.57203461],[  2.58806442 165.67319106],[0.0211957  0.17703854]
2921,2.9209999999997893,[ 0.59126703 -0.19962462],[0.13795236 0.7377078 ],[  2.47284694 158.10736046],[0.02124481 0.16823321]
2922,2.921999999999789,[ 0.59140746 -0.1987288 ],[0.14042521 0.89581516],[  2.36220831 150.82819541],[0.02129949 0.1597744 ]
2923,2.922999999999789,[ 0.59155024 -0.19768216],[0.14278742 1.04664335],[  2.25594515 143.82484501],[0.02135953 0.15164924]
2924,2.923999999999789,[ 0.59169529 -0.19649169],[0.14504336 1.1904682 ],[  2.15386421 137.08689045],[0.02142472 0.14384534]
2925,2.924999999999789,[ 0.59184249 -0.19516414],[0.14719723 1.32755509],[  2.05578196 130.60432713],[0.02149487 0.13635077]
2926,2.9259999999997888,[ 0.59199174 -0.19370598],[0.14925301 1.45815941],[  1.96152414 124.36754745],[0.02156977 0.12915406]
2927,2.9269999999997887,[ 0.59214295 -0.19212345],[0.15121453 1.58252696],[  1.87092531 118.36732421],[0.02164926 0.12224418]
2928,2.9279999999997885,[ 0.59229604 -0.19042256],[0.15308546 1.70089429],[  1.78382841 112.59479463],[0.02173315 0.11561049]
2929,2.9289999999997884,[ 0.59245091 -0.18860907],[0.15486929 1.81348908],[  1.70008436 107.04144499],[0.02182128 0.10924276]
2930,2.9299999999997883,[ 0.59260748 -0.18668854],[0.15656937 1.92053053],[  1.61955163 101.69909591],[0.02191349 0.10313114]
2931,2.930999999999788,[ 0.59276567 -0.18466631],[0.15818892 2.02222962],[ 1.54209585 96.55988823],[0.02200963 0.09726617]
2932,2.931999999999788,[ 0.5929254  -0.18254752],[0.15973102 2.11878951],[ 1.4675894  91.61626945],[0.02210955 0.09163869]
2933,2.932999999999788,[ 0.5930866  -0.18033711],[0.16119861 2.21040578],[ 1.39591109 86.86098083],[0.0222131  0.08623993]
2934,2.933999999999788,[ 0.59324919 -0.17803985],[0.16259452 2.29726676],[ 1.32694575 82.28704497],[0.02232016 0.08106142]
2935,2.934999999999788,[ 0.59341311 -0.17566029],[0.16392147 2.37955381],[ 1.26058395 77.88775396],[0.0224306  0.07609501]
2936,2.9359999999997877,[ 0.59357829 -0.17320285],[0.16518205 2.45744156],[ 1.19672162 73.6566581 ],[0.02254429 0.07133285]
2937,2.9369999999997876,[ 0.59374467 -0.17067175],[0.16637877 2.53109822],[ 1.13525979 69.58755506],[0.02266112 0.06676736]
2938,2.9379999999997874,[ 0.59391219 -0.16807107],[0.16751403 2.60068577],[ 1.07610426 65.67447956],[0.02278096 0.06239127]
2939,2.9389999999997873,[ 0.59408078 -0.16540471],[0.16859014 2.66636025],[ 1.01916538 61.9116935 ],[0.02290372 0.05819756]
2940,2.9399999999997872,[ 0.59425039 -0.16267643],[0.1696093  2.72827195],[ 0.96435774 58.29367659],[0.02302928 0.05417946]
2941,2.940999999999787,[ 0.59442096 -0.15988987],[0.17057366 2.78656562],[ 0.91159993 54.81511731],[0.02315754 0.05033047]
2942,2.941999999999787,[ 0.59459244 -0.15704849],[0.17148526 2.84138074],[ 0.86081435 51.47090436],[0.02328841 0.0466443 ]
2943,2.942999999999787,[ 0.59476479 -0.15415564],[0.17234607 2.89285164],[ 0.81192697 48.25611847],[0.02342179 0.04311491]
2944,2.943999999999787,[ 0.59493795 -0.15121453],[0.173158   2.94110776],[ 0.76486708 45.16602459],[0.02355759 0.03973646]
2945,2.9449999999997867,[ 0.59511187 -0.14822825],[0.17392287 2.98627379],[ 0.7195672  42.19606441],[0.02369573 0.03650335]
2946,2.9459999999997866,[ 0.59528651 -0.14519978],[0.17464243 3.02846985],[ 0.67596278 39.34184926],[0.02383611 0.03341016]
2947,2.9469999999997865,[ 0.59546183 -0.14213197],[0.1753184 3.0678117],[ 0.63399215 36.59915326],[0.02397867 0.03045166]
2948,2.9479999999997863,[ 0.59563778 -0.13902756],[0.17595239 3.10441085],[ 0.59359626 33.96390691],[0.02412332 0.02762285]
2949,2.9489999999997862,[ 0.59581433 -0.13588919],[0.17654599 3.13837476],[ 0.55471859 31.43219078],[0.02426999 0.02491887]
2950,2.949999999999786,[ 0.59599143 -0.13271938],[0.1771007  3.16980695],[ 0.517305   29.00022968],[0.0244186  0.02233505]
2951,2.950999999999786,[ 0.59616905 -0.12952057],[0.17761801 3.19880718],[ 0.48130359 26.6643869 ],[0.02456909 0.01986688]
2952,2.951999999999786,[ 0.59634715 -0.1262951 ],[0.17809931 3.22547157],[ 0.44666459 24.42115887],[0.02472139 0.01751004]
2953,2.952999999999786,[ 0.59652569 -0.12304521],[0.17854598 3.24989273],[ 0.41334023 22.26716997],[0.02487543 0.01526034]
2954,2.9539999999997857,[ 0.59670465 -0.11977305],[0.17895932 3.2721599 ],[ 0.38128466 20.19916753],[0.02503115 0.01311375]
2955,2.9549999999997856,[ 0.59688399 -0.11648069],[0.1793406  3.29235906],[ 0.3504538  18.21401716],[0.0251885  0.01106638]
2956,2.9559999999997855,[ 0.59706369 -0.11317012],[0.17969106 3.31057308],[ 0.32080533 16.30869818],[0.0253474  0.00911449]
2957,2.9569999999997854,[ 0.5972437  -0.10984323],[0.18001186 3.32688178],[ 0.29229852 14.48029929],[0.02550781 0.00725447]
2958,2.9579999999997852,[ 0.597424   -0.10650187],[0.18030416 3.34136208],[ 0.26489418 12.72601443],[0.02566967 0.00548284]
2959,2.958999999999785,[ 0.59760457 -0.10314778],[0.18056905 3.35408809],[ 0.23855459 11.04313879],[0.02583293 0.00379624]
2960,2.959999999999785,[ 0.59778538 -0.09978265],[0.18080761 3.36513123],[0.21324345 9.42906504],[0.02599754 0.00219144]
2961,2.960999999999785,[ 0.5979664  -0.09640809],[0.18102085 3.3745603 ],[0.18892574 7.88127962],[0.02616344 0.00066532]
2962,2.961999999999785,[ 0.59814761 -0.09302565],[0.18120978 3.38244158],[0.16556775 6.3973593 ],[ 0.0263306  -0.00078512]
2963,2.9629999999997847,[ 0.59832898 -0.08963681],[0.18137535 3.38883894],[0.14313694 4.97496779],[ 0.02649896 -0.00216278]
2964,2.9639999999997846,[ 0.5985105 -0.086243 ],[0.18151848 3.3938139 ],[0.12160193 3.61185256],[ 0.02666848 -0.00347045]
2965,2.9649999999997845,[ 0.59869214 -0.08284557],[0.18164008 3.39742576],[0.10093246 2.30584171],[ 0.02683912 -0.00471081]
2966,2.9659999999997844,[ 0.59887388 -0.07944584],[0.18174102 3.3997316 ],[0.0810993  1.05484106],[ 0.02701084 -0.00588648]
2967,2.9669999999997843,[ 0.59905571 -0.07604505],[0.18182212 3.40078644],[ 0.06207422 -0.14316873],[ 0.02718359 -0.00699993]
2968,2.967999999999784,[ 0.59923759 -0.07264441],[0.18188419 3.40064327],[ 0.04382997 -1.29013485],[ 0.02735734 -0.00805359]
2969,2.968999999999784,[ 0.59941952 -0.06924506],[0.18192802 3.39935314],[ 0.02634022 -2.38793501],[ 0.02753205 -0.00904978]
2970,2.969999999999784,[ 0.59960147 -0.06584809],[0.18195436 3.3969652 ],[ 0.00957949 -3.4383799 ],[ 0.02770768 -0.00999073]
2971,2.970999999999784,[ 0.59978344 -0.06245457],[0.18196394 3.39352682],[-0.00647679 -4.44321565],[ 0.0278842  -0.01087861]
2972,2.9719999999997837,[ 0.59996539 -0.05906548],[0.18195746 3.38908361],[-0.02185243 -5.40412614],[ 0.02806158 -0.01171549]
2973,2.9729999999997836,[ 0.60014733 -0.0556818 ],[0.18193561 3.38367948],[-0.03657043 -6.32273523],[ 0.02823978 -0.01250337]
2974,2.9739999999997835,[ 0.60032923 -0.05230445],[0.18189904 3.37735674],[-0.05065304 -7.20060892],[ 0.02841877 -0.01324419]
2975,2.9749999999997834,[ 0.60051108 -0.04893429],[0.18184839 3.37015614],[-0.06412179 -8.03925741],[ 0.02859851 -0.0139398 ]
2976,2.9759999999997833,[ 0.60069286 -0.04557217],[0.18178427 3.36211688],[-0.0769975  -8.84013709],[ 0.02877899 -0.01459201]
2977,2.976999999999783,[ 0.60087457 -0.0422189 ],[0.18170727 3.35327674],[-0.08930034 -9.60465246],[ 0.02896017 -0.01520254]
2978,2.977999999999783,[ 0.60105619 -0.03887522],[0.18161797 3.34367209],[ -0.1010498  -10.33415795],[ 0.02914203 -0.01577304]
2979,2.978999999999783,[ 0.6012377  -0.03554189],[0.18151692 3.33333793],[ -0.11226478 -11.02995974],[ 0.02932453 -0.01630514]
2980,2.979999999999783,[ 0.60141911 -0.03221958],[0.18140465 3.32230797],[ -0.12296354 -11.69331743],[ 0.02950765 -0.01680037]
2981,2.9809999999997827,[ 0.60160039 -0.02890896],[0.18128169 3.31061465],[ -0.13316378 -12.32544569],[ 0.02969137 -0.01726023]
2982,2.9819999999997826,[ 0.60178154 -0.02561067],[0.18114853 3.29828921],[ -0.14288264 -12.92751585],[ 0.02987566 -0.01768614]
2983,2.9829999999997825,[ 0.60196254 -0.02232531],[0.18100564 3.28536169],[ -0.1521367  -13.50065746],[ 0.0300605  -0.01807949]
2984,2.9839999999997824,[ 0.6021434  -0.01905345],[0.18085351 3.27186103],[ -0.16094202 -14.04595969],[ 0.03024586 -0.01844161]
2985,2.9849999999997823,[ 0.60232409 -0.01579564],[0.18069256 3.25781507],[ -0.16931414 -14.56447283],[ 0.03043173 -0.01877379]
2986,2.985999999999782,[ 0.60250461 -0.01255239],[0.18052325 3.2432506 ],[ -0.17726814 -15.05720959],[ 0.03061809 -0.01907726]
2987,2.986999999999782,[ 0.60268496 -0.00932419],[0.18034598 3.22819339],[ -0.18481858 -15.52514646],[ 0.0308049 -0.0193532]
2988,2.987999999999782,[ 0.60286512 -0.00611152],[0.18016116 3.21266825],[ -0.19197958 -15.96922498],[ 0.03099216 -0.01960277]
2989,2.988999999999782,[ 0.60304509 -0.00291483],[0.17996918 3.19669902],[ -0.19876482 -16.39035294],[ 0.03117984 -0.01982708]
2990,2.9899999999997817,[6.03224860e-01 2.65482982e-04],[0.17977042 3.18030867],[ -0.20518753 -16.78940559],[ 0.03136793 -0.02002717]
2991,2.9909999999997816,[0.60340443 0.003429  ],[0.17956523 3.16351926],[ -0.21126054 -17.16722677],[ 0.03155641 -0.02020408]
2992,2.9919999999997815,[0.60358378 0.00657535],[0.17935397 3.14635204],[ -0.21699625 -17.52463   ],[ 0.03174526 -0.02035879]
2993,2.9929999999997814,[0.60376292 0.00970418],[0.17913697 3.12882741],[ -0.22240668 -17.86239958],[ 0.03193446 -0.02049226]
2994,2.9939999999997813,[0.60394183 0.01281515],[0.17891457 3.11096501],[ -0.22750346 -18.18129155],[ 0.032124   -0.02060538]
2995,2.994999999999781,[0.60412052 0.01590793],[0.17868706 3.09278371],[ -0.23229786 -18.48203477],[ 0.03231386 -0.02069906]
2996,2.995999999999781,[0.60429897 0.01898223],[0.17845477 3.07430168],[ -0.23680079 -18.76533177],[ 0.03250403 -0.02077412]
2997,2.996999999999781,[0.60447719 0.02203777],[0.17821797 3.05553635],[ -0.24102279 -19.03185976],[ 0.0326945  -0.02083139]
2998,2.997999999999781,[0.60465517 0.02507427],[0.17797694 3.03650449],[ -0.24497408 -19.28227146],[ 0.03288524 -0.02087166]
2999,2.9989999999997807,[0.6048329 0.0280915],[0.17773197 3.01722222],[ -0.24866456 -19.51719601],[ 0.03307626 -0.02089567]
3000,2.9999999999997806,[0.60501038 0.0310892 ],[0.1774833  2.99770502],[ -0.2521038  -19.73723974],[ 0.03326752 -0.02090415]
3001,3.0009999999997805,[0.60518761 0.03406717],[0.1772312  2.97796778],[ -0.25530106 -19.94298702],[ 0.03345903 -0.02089781]
3002,3.0019999999997804,[0.60536459 0.03702519],[0.1769759  2.95802479],[ -0.25826529 -20.13500099],[ 0.03365076 -0.02087732]
3003,3.0029999999997803,[0.60554131 0.03996308],[0.17671763 2.93788979],[ -0.26100519 -20.31382436],[ 0.03384271 -0.02084332]
3004,3.00399999999978,[0.60571776 0.04288066],[0.17645663 2.91757597],[ -0.26352913 -20.47998006],[ 0.03403487 -0.02079645]
3005,3.00499999999978,[0.60589396 0.04577775],[0.1761931  2.89709599],[ -0.26584524 -20.63397201],[ 0.03422722 -0.02073729]
3006,3.00599999999978,[0.60606988 0.04865422],[0.17592725 2.87646202],[ -0.26796136 -20.77628571],[ 0.03441976 -0.02066642]
3007,3.00699999999978,[0.60624554 0.0515099 ],[0.17565929 2.85568573],[ -0.2698851  -20.90738897],[ 0.03461247 -0.02058441]
3008,3.0079999999997797,[0.60642093 0.05434468],[0.17538941 2.83477834],[ -0.2716238  -21.02773247],[ 0.03480535 -0.02049179]
3009,3.0089999999997796,[0.60659605 0.05715843],[0.17511778 2.81375061],[ -0.27318457 -21.1377504 ],[ 0.03499839 -0.02038906]
3010,3.0099999999997795,[0.6067709  0.05995104],[0.1748446  2.79261286],[ -0.27457428 -21.23786103],[ 0.03519157 -0.02027673]
3011,3.0109999999997794,[0.60694547 0.06272242],[0.17457003 2.771375  ],[ -0.27579956 -21.32846727],[ 0.03538489 -0.02015526]
3012,3.0119999999997793,[0.60711976 0.06547247],[0.17429423 2.75004653],[ -0.27686685 -21.40995723],[ 0.03557833 -0.02002512]
3013,3.012999999999779,[0.60729378 0.0682011 ],[0.17401736 2.72863657],[ -0.27778234 -21.48270472],[ 0.0357719  -0.01988674]
3014,3.013999999999779,[0.60746752 0.07090826],[0.17373958 2.70715387],[ -0.27855204 -21.54706978],[ 0.03596559 -0.01974055]
3015,3.014999999999779,[0.60764098 0.07359386],[0.17346102 2.6856068 ],[ -0.27918175 -21.60339915],[ 0.03615938 -0.01958695]
3016,3.015999999999779,[0.60781416 0.07625787],[0.17318184 2.6640034 ],[ -0.27967708 -21.65202676],[ 0.03635327 -0.01942633]
3017,3.0169999999997787,[0.60798706 0.07890022],[0.17290217 2.64235137],[ -0.28004343 -21.69327418],[ 0.03654725 -0.01925907]
3018,3.0179999999997786,[0.60815968 0.08152088],[0.17262212 2.6206581 ],[ -0.28028604 -21.72745104],[ 0.03674132 -0.01908553]
3019,3.0189999999997785,[0.60833203 0.08411981],[0.17234184 2.59893065],[ -0.28040997 -21.75485548],[ 0.03693547 -0.01890606]
3020,3.0199999999997784,[0.60850409 0.08669698],[0.17206143 2.57717579],[ -0.28042009 -21.77577455],[ 0.03712969 -0.01872098]
3021,3.0209999999997783,[0.60867587 0.08925238],[0.17178101 2.55540002],[ -0.28032112 -21.79048463],[ 0.03732397 -0.01853062]
3022,3.021999999999778,[0.60884737 0.09178599],[0.17150069 2.53360953],[ -0.28011761 -21.79925176],[ 0.03751832 -0.01833528]
3023,3.022999999999778,[0.60901859 0.0942978 ],[0.17122057 2.51181028],[ -0.27981397 -21.80233205],[ 0.03771273 -0.01813526]
3024,3.023999999999778,[0.60918953 0.09678781],[0.17094075 2.49000795],[ -0.27941443 -21.79997203],[ 0.03790718 -0.01793084]
3025,3.024999999999778,[0.60936019 0.09925602],[0.17066134 2.46820798],[ -0.27892309 -21.79240899],[ 0.03810168 -0.0177223 ]
3026,3.0259999999997778,[0.60953057 0.10170243],[0.17038242 2.44641557],[ -0.27834391 -21.7798713 ],[ 0.03829623 -0.0175099 ]
3027,3.0269999999997776,[0.60970068 0.10412707],[0.17010407 2.4246357 ],[ -0.27768071 -21.76257875],[ 0.0384908  -0.01729388]
3028,3.0279999999997775,[0.6098705  0.10652994],[0.16982639 2.40287312],[ -0.27693717 -21.74074285],[ 0.03868541 -0.01707449]
3029,3.0289999999997774,[0.61004005 0.10891107],[0.16954945 2.38113237],[ -0.27611684 -21.71456713],[ 0.03888005 -0.01685197]
3030,3.0299999999997773,[0.61020933 0.11127049],[0.16927334 2.35941781],[ -0.27522316 -21.68424743],[ 0.03907471 -0.01662652]
3031,3.030999999999777,[0.61037833 0.11360823],[0.16899811 2.33773356],[ -0.27425943 -21.64997215],[ 0.03926938 -0.01639837]
3032,3.031999999999777,[0.61054705 0.11592431],[0.16872385 2.31608359],[ -0.27322884 -21.61192258],[ 0.03946408 -0.01616771]
3033,3.032999999999777,[0.6107155  0.11821878],[0.16845063 2.29447167],[ -0.27213447 -21.5702731 ],[ 0.03965878 -0.01593475]
3034,3.033999999999777,[0.61088368 0.12049168],[0.16817849 2.27290139],[ -0.27097929 -21.52519144],[ 0.03985349 -0.01569968]
3035,3.0349999999997768,[0.61105159 0.12274306],[0.16790751 2.2513762 ],[ -0.26976616 -21.47683896],[ 0.04004821 -0.01546266]
3036,3.0359999999997767,[0.61121922 0.12497296],[0.16763775 2.22989936],[ -0.26849784 -21.42537083],[ 0.04024292 -0.01522389]
3037,3.0369999999997765,[0.61138659 0.12718143],[0.16736925 2.20847399],[ -0.26717698 -21.37093629],[ 0.04043764 -0.01498351]
3038,3.0379999999997764,[0.61155369 0.12936854],[0.16710207 2.18710306],[ -0.26580615 -21.31367885],[ 0.04063235 -0.0147417 ]
3039,3.0389999999997763,[0.61172053 0.13153432],[0.16683627 2.16578938],[ -0.26438782 -21.2537365 ],[ 0.04082705 -0.0144986 ]
3040,3.039999999999776,[0.6118871  0.13367886],[0.16657188 2.14453564],[ -0.26292436 -21.19124193],[ 0.04102174 -0.01425436]
3041,3.040999999999776,[0.61205341 0.1358022 ],[0.16630895 2.1233444 ],[ -0.26141808 -21.1263227 ],[ 0.04121641 -0.01400911]
3042,3.041999999999776,[0.61221946 0.13790442],[0.16604753 2.10221808],[ -0.25987116 -21.05910141],[ 0.04141107 -0.01376301]
3043,3.042999999999776,[0.61238525 0.13998558],[0.16578766 2.08115897],[ -0.25828576 -20.98969596],[ 0.04160571 -0.01351616]
3044,3.0439999999997758,[0.61255078 0.14204575],[0.16552938 2.06016928],[ -0.2566639  -20.91821961],[ 0.04180034 -0.01326869]
3045,3.0449999999997757,[0.61271605 0.144085  ],[0.16527271 2.03925106],[ -0.25500756 -20.84478126],[ 0.04199493 -0.01302073]
3046,3.0459999999997756,[0.61288107 0.14610341],[0.16501771 2.01840628],[ -0.25331864 -20.76948553],[ 0.04218951 -0.01277238]
3047,3.0469999999997754,[0.61304583 0.14810105],[0.16476439 1.99763679],[ -0.25159897 -20.69243296],[ 0.04238405 -0.01252375]
3048,3.0479999999997753,[0.61321034 0.15007799],[0.16451279 1.97694436],[ -0.2498503  -20.61372014],[ 0.04257857 -0.01227495]
3049,3.0489999999997752,[0.61337461 0.15203432],[0.16426294 1.95633064],[ -0.24807432 -20.53343987],[ 0.04277305 -0.01202607]
3050,3.049999999999775,[0.61353862 0.15397012],[0.16401486 1.9357972 ],[ -0.24627267 -20.45168128],[ 0.0429675  -0.01177721]
3051,3.050999999999775,[0.61370239 0.15588546],[0.16376859 1.91534552],[ -0.2444469 -20.36853  ],[ 0.04316192 -0.01152845]
3052,3.051999999999775,[0.61386591 0.15778044],[0.16352414 1.89497699],[ -0.24259853 -20.28406825],[ 0.0433563  -0.01127989]
3053,3.052999999999775,[0.6140292  0.15965513],[0.16328155 1.87469292],[ -0.240729   -20.19837499],[ 0.04355064 -0.01103161]
3054,3.0539999999997747,[0.61419224 0.16150963],[0.16304082 1.85449454],[ -0.2388397  -20.11152603],[ 0.04374495 -0.01078367]
3055,3.0549999999997746,[0.61435504 0.16334401],[0.16280198 1.83438302],[ -0.23693197 -20.02359417],[ 0.04393921 -0.01053617]
3056,3.0559999999997745,[0.6145176  0.16515837],[0.16256505 1.81435942],[ -0.2350071  -19.93464926],[ 0.04413343 -0.01028916]
3057,3.0569999999997743,[0.61467993 0.16695279],[0.16233004 1.79442477],[ -0.23306632 -19.84475838],[ 0.0443276  -0.01004273]
3058,3.0579999999997742,[0.61484203 0.16872737],[0.16209697 1.77458002],[ -0.23111082 -19.75398588],[ 0.04452173 -0.00979692]
3059,3.058999999999774,[0.6150039 0.1704822],[0.16186586 1.75482603],[ -0.22914173 -19.66239353],[ 0.04471582 -0.00955182]
3060,3.059999999999774,[0.61516553 0.17221736],[0.16163672 1.73516364],[ -0.22716016 -19.57004057],[ 0.04490986 -0.00930746]
3061,3.060999999999774,[0.61532694 0.17393296],[0.16140956 1.7155936 ],[ -0.22516715 -19.47698384],[ 0.04510385 -0.00906392]
3062,3.061999999999774,[0.61548813 0.17562907],[0.16118439 1.69611661],[ -0.22316371 -19.38327787],[ 0.04529779 -0.00882124]
3063,3.0629999999997737,[0.61564909 0.17730581],[0.16096123 1.67673333],[ -0.22115082 -19.28897495],[ 0.04549168 -0.00857948]
3064,3.0639999999997736,[0.61580983 0.17896325],[0.16074008 1.65744436],[ -0.21912939 -19.1941252 ],[ 0.04568552 -0.00833867]
3065,3.0649999999997735,[0.61597035 0.1806015 ],[0.16052095 1.63825023],[ -0.21710033 -19.0987767 ],[ 0.0458793  -0.00809888]
3066,3.0659999999997734,[0.61613065 0.18222065],[0.16030385 1.61915146],[ -0.21506448 -19.00297551],[ 0.04607304 -0.00786014]
3067,3.0669999999997732,[0.61629074 0.1838208 ],[0.16008878 1.60014848],[ -0.21302267 -18.9067658 ],[ 0.04626672 -0.0076225 ]
3068,3.067999999999773,[0.61645062 0.18540204],[0.15987576 1.58124172],[ -0.21097567 -18.81018989],[ 0.04646034 -0.00738599]
3069,3.068999999999773,[0.61661028 0.18696448],[0.15966479 1.56243153],[ -0.20892425 -18.7132883 ],[ 0.04665391 -0.00715065]
3070,3.069999999999773,[0.61676974 0.18850819],[0.15945586 1.54371824],[ -0.20686912 -18.61609986],[ 0.04684743 -0.00691651]
3071,3.070999999999773,[0.61692899 0.1900333 ],[0.15924899 1.52510214],[ -0.20481098 -18.51866178],[ 0.04704089 -0.00668362]
3072,3.0719999999997727,[0.61708803 0.19153988],[0.15904418 1.50658348],[ -0.20275047 -18.42100963],[ 0.04723429 -0.006452  ]
3073,3.0729999999997726,[0.61724687 0.19302804],[0.15884143 1.48816247],[ -0.20068825 -18.32317753],[ 0.04742763 -0.00622168]
3074,3.0739999999997725,[0.61740551 0.19449788],[0.15864074 1.46983929],[ -0.19862491 -18.22519807],[ 0.04762091 -0.00599269]
3075,3.0749999999997724,[0.61756396 0.1959495 ],[0.15844212 1.45161409],[ -0.19656103 -18.12710248],[ 0.04781414 -0.00576506]
3076,3.0759999999997722,[0.6177222  0.19738298],[0.15824556 1.43348699],[ -0.19449716 -18.02892062],[ 0.04800731 -0.00553881]
3077,3.076999999999772,[0.61788025 0.19879844],[0.15805106 1.41545807],[ -0.19243384 -17.93068104],[ 0.04820041 -0.00531396]
3078,3.077999999999772,[0.61803811 0.20019597],[0.15785863 1.39752739],[ -0.19037157 -17.83241104],[ 0.04839346 -0.00509054]
3079,3.078999999999772,[0.61819578 0.20157566],[0.15766825 1.37969498],[ -0.18831083 -17.73413672],[ 0.04858644 -0.00486857]
3080,3.079999999999772,[0.61835326 0.20293762],[0.15747994 1.36196084],[ -0.18625208 -17.63588303],[ 0.04877937 -0.00464807]
3081,3.0809999999997717,[0.61851055 0.20428195],[0.15729369 1.34432496],[ -0.18419576 -17.53767379],[ 0.04897223 -0.00442905]
3082,3.0819999999997716,[0.61866766 0.20560874],[0.15710949 1.32678728],[ -0.1821423  -17.43953175],[ 0.04916503 -0.00421154]
3083,3.0829999999997715,[0.61882459 0.20691808],[0.15692735 1.30934775],[ -0.18009209 -17.34147864],[ 0.04935777 -0.00399555]
3084,3.0839999999997714,[0.61898134 0.20821009],[0.15674726 1.29200627],[ -0.17804551 -17.24353519],[ 0.04955044 -0.00378109]
3085,3.0849999999997713,[0.61913791 0.20948485],[0.15656921 1.27476274],[ -0.17600293 -17.14572118],[ 0.04974306 -0.00356818]
3086,3.085999999999771,[0.6192943  0.21074247],[0.15639321 1.25761702],[ -0.17396469 -17.04805547],[ 0.04993561 -0.00335683]
3087,3.086999999999771,[0.61945052 0.21198304],[0.15621925 1.24056896],[ -0.17193112 -16.95055606],[ 0.05012809 -0.00314706]
3088,3.087999999999771,[0.61960657 0.21320666],[0.15604732 1.2236184 ],[ -0.16990253 -16.85324008],[ 0.05032052 -0.00293886]
3089,3.088999999999771,[0.61976244 0.21441342],[0.15587741 1.20676516],[ -0.16787923 -16.75612385],[ 0.05051288 -0.00273227]
3090,3.0899999999997707,[0.61991815 0.21560343],[0.15570953 1.19000904],[ -0.16586148 -16.65922292],[ 0.05070517 -0.00252727]
3091,3.0909999999997706,[0.6200737  0.21677678],[0.15554367 1.17334982],[ -0.16384956 -16.56255209],[ 0.0508974  -0.00232389]
3092,3.0919999999997705,[0.62022908 0.21793357],[0.15537982 1.15678727],[ -0.16184372 -16.46612542],[ 0.05108957 -0.00212212]
3093,3.0929999999997704,[0.6203843  0.21907389],[0.15521798 1.14032114],[ -0.15984421 -16.36995629],[ 0.05128168 -0.00192198]
3094,3.0939999999997703,[0.62053935 0.22019784],[0.15505814 1.12395118],[ -0.15785124 -16.27405742],[ 0.05147371 -0.00172347]
3095,3.09499999999977,[0.62069425 0.22130552],[0.15490028 1.10767713],[ -0.15586504 -16.17844088],[ 0.05166569 -0.0015266 ]
3096,3.09599999999977,[0.620849   0.22239702],[0.15474442 1.09149869],[ -0.15388581 -16.08311812],[ 0.0518576  -0.00133137]
3097,3.09699999999977,[0.62100359 0.22347243],[0.15459053 1.07541557],[ -0.15191373 -15.9881    ],[ 0.05204944 -0.00113779]
3098,3.09799999999977,[0.62115803 0.22453186],[0.15443862 1.05942747],[ -0.149949   -15.89339684],[ 0.05224122 -0.00094585]
3099,3.0989999999997697,[0.62131232 0.22557539],[0.15428867 1.04353407],[ -0.14799177 -15.79901837],[ 0.05243293 -0.00075557]
3100,3.0999999999997696,[0.62146646 0.22660313],[0.15414068 1.02773505],[ -0.14604221 -15.70497384],[ 0.05262458 -0.00056694]
3101,3.1009999999997695,[0.62162045 0.22761516],[0.15399464 1.01203008],[ -0.14410048 -15.61127196],[ 0.05281616 -0.00037997]
3102,3.1019999999997694,[0.6217743  0.22861158],[0.15385054 0.99641881],[ -0.1421667  -15.51792098],[ 0.05300768 -0.00019466]
3103,3.1029999999997693,[0.62192801 0.22959248],[0.15370837 0.98090088],[ -0.14024101 -15.42492869],[ 5.31991319e-02 -1.09997160e-05]
3104,3.103999999999769,[0.62208158 0.23055795],[0.15356813 0.96547596],[ -0.13832354 -15.33230242],[0.05339052 0.000171  ]
3105,3.104999999999769,[0.62223501 0.2315081 ],[0.1534298  0.95014365],[ -0.13641439 -15.24004909],[0.05358184 0.00035134]
3106,3.105999999999769,[0.6223883 0.232443 ],[0.15329339 0.9349036 ],[ -0.13451368 -15.14817518],[0.05377309 0.00053002]
3107,3.106999999999769,[0.62254146 0.23336276],[0.15315888 0.91975543],[ -0.13262151 -15.05668682],[0.05396428 0.00070704]
3108,3.1079999999997687,[0.62269449 0.23426746],[0.15302626 0.90469874],[ -0.13073796 -14.96558973],[0.05415541 0.0008824 ]
3109,3.1089999999997686,[0.62284738 0.23515719],[0.15289552 0.88973315],[ -0.12886312 -14.87488927],[0.05434647 0.00105612]
3110,3.1099999999997685,[0.62300015 0.23603205],[0.15276665 0.87485826],[ -0.12699707 -14.78459048],[0.05453746 0.00122817]
3111,3.1109999999997684,[0.62315279 0.23689212],[0.15263966 0.86007367],[ -0.12513988 -14.69469803],[0.05472839 0.00139858]
3112,3.1119999999997683,[0.6233053 0.2377375],[0.15251452 0.84537898],[ -0.12329162 -14.6052163 ],[0.05491925 0.00156735]
3113,3.112999999999768,[0.62345769 0.23856827],[0.15239123 0.83077376],[ -0.12145233 -14.51614936],[0.05511004 0.00173446]
3114,3.113999999999768,[0.62360996 0.23938453],[0.15226977 0.81625761],[ -0.11962209 -14.42750096],[0.05530077 0.00189994]
3115,3.114999999999768,[0.62376211 0.24018636],[0.15215015 0.80183011],[ -0.11780093 -14.33927459],[0.05549144 0.00206378]
3116,3.115999999999768,[0.62391415 0.24097385],[0.15203235 0.78749083],[ -0.11598889 -14.25147349],[0.05568204 0.00222598]
3117,3.1169999999997677,[0.62406606 0.24174709],[0.15191636 0.77323936],[ -0.11418602 -14.16410059],[0.05587257 0.00238655]
3118,3.1179999999997676,[0.62421786 0.24250617],[0.15180218 0.75907526],[ -0.11239235 -14.07715862],[0.05606304 0.0025455 ]
3119,3.1189999999997675,[0.62436955 0.24325116],[0.15168978 0.7449981 ],[ -0.1106079  -13.99065005],[0.05625344 0.00270283]
3120,3.1199999999997674,[0.62452113 0.24398217],[0.15157918 0.73100745],[ -0.1088327  -13.90457712],[0.05644377 0.00285854]
3121,3.1209999999997673,[0.6246726  0.24469927],[0.15147034 0.71710287],[ -0.10706676 -13.81894187],[0.05663404 0.00301263]
3122,3.121999999999767,[0.62482397 0.24540256],[0.15136328 0.70328393],[ -0.10531011 -13.73374611],[0.05682425 0.00316512]
3123,3.122999999999767,[0.62497523 0.24609211],[0.15125797 0.68955019],[ -0.10356276 -13.64899147],[0.05701439 0.00331601]
3124,3.123999999999767,[0.62512638 0.24676801],[0.1511544  0.67590119],[ -0.1018247  -13.56467937],[0.05720446 0.0034653 ]
3125,3.124999999999767,[0.62527743 0.24743035],[0.15105258 0.66233652],[ -0.10009595 -13.48081106],[0.05739447 0.00361301]
3126,3.1259999999997667,[0.62542838 0.2480792 ],[0.15095248 0.6488557 ],[ -0.0983765  -13.39738762],[0.05758441 0.00375912]
3127,3.1269999999997666,[0.62557924 0.24871466],[0.15085411 0.63545832],[ -0.09666636 -13.31440994],[0.05777429 0.00390366]
3128,3.1279999999997665,[0.62573   0.2493368],[0.15075744 0.62214391],[ -0.09496552 -13.23187877],[0.0579641  0.00404662]
3129,3.1289999999997664,[0.62588066 0.24994572],[0.15066247 0.60891203],[ -0.09327396 -13.1497947 ],[0.05815384 0.00418802]
3130,3.1299999999997663,[0.62603123 0.25054148],[0.1505692  0.59576223],[ -0.09159168 -13.06815818],[0.05834352 0.00432786]
3131,3.130999999999766,[0.62618171 0.25112417],[0.15047761 0.58269408],[ -0.08991867 -12.98696951],[0.05853314 0.00446614]
3132,3.131999999999766,[0.62633209 0.25169388],[0.15038769 0.56970711],[ -0.0882549  -12.90622887],[0.05872269 0.00460287]
3133,3.132999999999766,[0.62648239 0.25225068],[0.15029943 0.55680088],[ -0.08660035 -12.82593629],[0.05891217 0.00473807]
3134,3.133999999999766,[0.62663261 0.25279466],[0.15021283 0.54397494],[ -0.08495502 -12.7460917 ],[0.05910159 0.00487173]
3135,3.1349999999997658,[0.62678273 0.25332588],[0.15012788 0.53122885],[ -0.08331886 -12.66669491],[0.05929095 0.00500385]
3136,3.1359999999997656,[0.62693278 0.25384445],[0.15004456 0.51856215],[ -0.08169186 -12.58774561],[0.05948024 0.00513446]
3137,3.1369999999997655,[0.62708274 0.25435042],[0.14996287 0.50597441],[ -0.08007398 -12.50924339],[0.05966946 0.00526356]
3138,3.1379999999997654,[0.62723262 0.25484389],[0.14988279 0.49346516],[ -0.07846521 -12.43118774],[0.05985862 0.00539114]
3139,3.1389999999997653,[0.62738243 0.25532492],[0.14980433 0.48103398],[ -0.0768655  -12.35357805],[0.06004771 0.00551723]
3140,3.139999999999765,[0.62753216 0.2557936 ],[0.14972746 0.4686804 ],[ -0.07527482 -12.27641362],[0.06023674 0.00564182]
3141,3.140999999999765,[0.62768181 0.25625   ],[0.14965219 0.45640399],[ -0.07369314 -12.19969366],[0.06042571 0.00576493]
3142,3.141999999999765,[0.62783139 0.25669421],[0.1495785  0.44420429],[ -0.07212042 -12.12341732],[0.0606146  0.00588656]
3143,3.142999999999765,[0.62798089 0.25712629],[0.14950638 0.43208087],[ -0.07055662 -12.04758363],[0.06080344 0.00600671]
3144,3.1439999999997648,[0.62813033 0.25754632],[0.14943582 0.42003329],[ -0.06900171 -11.97219157],[0.06099221 0.0061254 ]
3145,3.1449999999997647,[0.6282797  0.25795438],[0.14936682 0.4080611 ],[ -0.06745564 -11.89724006],[0.06118091 0.00624264]
3146,3.1459999999997645,[0.62842899 0.25835055],[0.14929936 0.39616386],[ -0.06591837 -11.82272792],[0.06136955 0.00635842]
3147,3.1469999999997644,[0.62857823 0.25873489],[0.14923344 0.38434113],[ -0.06438986 -11.74865393],[0.06155812 0.00647276]
3148,3.1479999999997643,[0.6287274  0.25910748],[0.14916905 0.37259248],[ -0.06287007 -11.6750168 ],[0.06174663 0.00658567]
3149,3.148999999999764,[0.6288765 0.2594684],[0.14910618 0.36091746],[ -0.06135894 -11.60181519],[0.06193507 0.00669714]
3150,3.149999999999764,[0.62902555 0.25981772],[0.14904482 0.34931565],[ -0.05985643 -11.52904768],[0.06212345 0.0068072 ]
3151,3.150999999999764,[0.62917453 0.2601555 ],[0.14898497 0.3377866 ],[ -0.05836251 -11.45671284],[0.06231177 0.00691585]
3152,3.151999999999764,[0.62932346 0.26048183],[0.14892661 0.32632988],[ -0.0568771  -11.38480916],[0.06250002 0.00702309]
3153,3.1529999999997638,[0.62947233 0.26079678],[0.14886973 0.31494508],[ -0.05540018 -11.31333508],[0.0626882  0.00712893]
3154,3.1539999999997637,[0.62962114 0.26110041],[0.14881433 0.30363174],[ -0.05393169 -11.24228902],[0.06287632 0.00723338]
3155,3.1549999999997635,[0.6297699 0.2613928],[0.1487604  0.29238945],[ -0.05247158 -11.17166933],[0.06306438 0.00733645]
3156,3.1559999999997634,[0.62991861 0.26167402],[0.14870792 0.28121778],[ -0.05101979 -11.10147436],[0.06325237 0.00743814]
3157,3.1569999999997633,[0.63006727 0.26194413],[0.1486569  0.27011631],[ -0.04957629 -11.03170238],[0.06344029 0.00753846]
3158,3.157999999999763,[0.63021588 0.26220322],[0.14860733 0.25908461],[ -0.048141   -10.96235165],[0.06362815 0.00763743]
3159,3.158999999999763,[0.63036444 0.26245134],[0.14855919 0.24812225],[ -0.0467139 -10.8934204],[0.06381595 0.00773504]
3160,3.159999999999763,[0.63051295 0.26268857],[0.14851247 0.23722883],[ -0.04529491 -10.82490681],[0.06400368 0.0078313 ]
3161,3.160999999999763,[0.63066142 0.26291497],[0.14846718 0.22640393],[ -0.04388399 -10.75680905],[0.06419134 0.00792623]
3162,3.161999999999763,[0.63080984 0.26313062],[0.14842329 0.21564712],[ -0.04248108 -10.68912525],[0.06437895 0.00801983]
3163,3.1629999999997627,[0.63095822 0.26333558],[0.14838081 0.20495799],[ -0.04108613 -10.62185353],[0.06456648 0.0081121 ]
3164,3.1639999999997626,[0.63110656 0.26352991],[0.14833973 0.19433614],[ -0.03969909 -10.55499197],[0.06475396 0.00820306]
3165,3.1649999999997624,[0.63125486 0.26371369],[0.14830003 0.18378115],[ -0.0383199  -10.48853864],[0.06494136 0.00829271]
3166,3.1659999999997623,[0.63140312 0.26388699],[0.14826171 0.17329261],[ -0.03694851 -10.42249159],[0.0651287  0.00838105]
3167,3.1669999999997622,[0.63155135 0.26404986],[0.14822476 0.16287012],[ -0.03558485 -10.35684884],[0.06531598 0.00846811]
3168,3.167999999999762,[0.63169953 0.26420237],[0.14818918 0.15251327],[ -0.03422888 -10.2916084 ],[0.06550319 0.00855388]
3169,3.168999999999762,[0.63184769 0.26434459],[0.14815495 0.14222166],[ -0.03288055 -10.22676828],[0.06569034 0.00863837]
3170,3.169999999999762,[0.63199581 0.26447659],[0.14812207 0.13199489],[ -0.03153979 -10.16232644],[0.06587743 0.00872159]
3171,3.170999999999762,[0.6321439  0.26459842],[0.14809053 0.12183256],[ -0.03020654 -10.09828085],[0.06606444 0.00880354]
3172,3.1719999999997617,[0.63229196 0.26471015],[0.14806032 0.11173428],[ -0.02888076 -10.03462948],[0.0662514  0.00888424]
3173,3.1729999999997616,[0.63243999 0.26481185],[0.14803144 0.10169965],[-0.02756239 -9.97137025],[0.06643829 0.00896369]
3174,3.1739999999997615,[0.632588   0.26490358],[0.14800388 0.09172828],[-0.02625138 -9.90850111],[0.06662511 0.00904189]
3175,3.1749999999997613,[0.63273598 0.2649854 ],[0.14797763 0.08181978],[-0.02494765 -9.84601999],[0.06681187 0.00911887]
3176,3.1759999999997612,[0.63288393 0.26505737],[0.14795268 0.07197376],[-0.02365117 -9.78392479],[0.06699856 0.00919461]
3177,3.176999999999761,[0.63303186 0.26511956],[0.14792903 0.06218984],[-0.02236188 -9.72221344],[0.06718519 0.00926913]
3178,3.177999999999761,[0.63317976 0.26517203],[0.14790666 0.05246762],[-0.02107972 -9.66088382],[0.06737175 0.00934244]
3179,3.178999999999761,[0.63332765 0.26521484],[0.14788558 0.04280674],[-0.01980463 -9.59993385],[0.06755825 0.00941455]
3180,3.179999999999761,[0.63347552 0.26524805],[0.14786578 0.03320681],[-0.01853656 -9.53936142],[0.06774468 0.00948545]
3181,3.1809999999997607,[0.63362336 0.26527171],[0.14784724 0.02366745],[-0.01727545 -9.47916443],[0.06793105 0.00955516]
3182,3.1819999999997606,[0.63377119 0.2652859 ],[0.14782997 0.01418828],[-0.01602125 -9.41934075],[0.06811735 0.00962369]
3183,3.1829999999997605,[0.63391901 0.26529067],[0.14781395 0.00476894],[-0.01477391 -9.35988828],[0.06830359 0.00969104]
3184,3.1839999999997604,[0.63406681 0.26528608],[ 0.14779917 -0.00459095],[-0.01353336 -9.30080491],[0.06848976 0.00975721]
3185,3.1849999999997602,[0.63421459 0.26527219],[ 0.14778564 -0.01389175],[-0.01229956 -9.24208853],[0.06867587 0.00982223]
3186,3.18599999999976,[0.63436236 0.26524905],[ 0.14777334 -0.02313384],[-0.01107245 -9.18373701],[0.06886191 0.00988608]
3187,3.18699999999976,[0.63451013 0.26521674],[ 0.14776227 -0.03231758],[-0.00985197 -9.12574825],[0.06904788 0.00994879]
3188,3.18799999999976,[0.63465788 0.26517529],[ 0.14775242 -0.04144333],[-8.63807676e-03 -9.06812013e+00],[0.06923379 0.01001035]
3189,3.18899999999976,[0.63480562 0.26512478],[ 0.14774378 -0.05051145],[-7.43070820e-03 -9.01085055e+00],[0.06941964 0.01007077]
3190,3.1899999999997597,[0.63495336 0.26506526],[ 0.14773635 -0.0595223 ],[-6.22981308e-03 -8.95393740e+00],[0.06960542 0.01013007]
3191,3.1909999999997596,[0.63510109 0.26499678],[ 0.14773012 -0.06847623],[-5.03533793e-03 -8.89737857e+00],[0.06979113 0.01018824]
3192,3.1919999999997595,[0.63524881 0.26491941],[ 0.14772508 -0.07737361],[-3.84722957e-03 -8.84117197e+00],[0.06997678 0.0102453 ]
3193,3.1929999999997594,[0.63539654 0.26483319],[ 0.14772123 -0.08621479],[-2.66543503e-03 -8.78531549e+00],[0.07016236 0.01030124]
3194,3.1939999999997593,[0.63554425 0.26473819],[ 0.14771857 -0.0950001 ],[-1.48990163e-03 -8.72980705e+00],[0.07034787 0.01035608]
3195,3.194999999999759,[0.63569197 0.26463446],[ 0.14771708 -0.10372991],[-3.20576949e-04 -8.67464456e+00],[0.07053332 0.01040983]
3196,3.195999999999759,[0.63583969 0.26452206],[ 0.14771676 -0.11240455],[ 8.42591141e-04 -8.61982594e+00],[0.0707187  0.01046248]
3197,3.196999999999759,[0.63598741 0.26440104],[ 0.1477176  -0.12102438],[ 1.99965449e-03 -8.56534910e+00],[0.07090402 0.01051405]
3198,3.197999999999759,[0.63613513 0.26427145],[ 0.1477196  -0.12958973],[ 3.15066466e-03 -8.51121199e+00],[0.07108927 0.01056455]
3199,3.1989999999997587,[0.63628285 0.26413335],[ 0.14772275 -0.13810094],[ 4.29567290e-03 -8.45741252e+00],[0.07127446 0.01061397]
3200,3.1999999999997586,[0.63643058 0.26398679],[ 0.14772705 -0.14655835],[ 5.43473016e-03 -8.40394865e+00],[0.07145957 0.01066233]
3201,3.2009999999997585,[0.63657831 0.26383182],[ 0.14773248 -0.1549623 ],[ 6.56788708e-03 -8.35081832e+00],[0.07164462 0.01070963]
3202,3.2019999999997584,[0.63672605 0.26366851],[ 0.14773905 -0.16331312],[ 7.69519398e-03 -8.29801949e+00],[0.07182961 0.01075588]
3203,3.2029999999997583,[0.63687379 0.2634969 ],[ 0.14774674 -0.17161114],[ 0.0088167  -8.24555013],[0.07201453 0.01080109]
3204,3.203999999999758,[0.63702155 0.26331704],[ 0.14775556 -0.17985669],[ 0.00993246 -8.19340819],[0.07219938 0.01084525]
3205,3.204999999999758,[0.63716931 0.26312899],[ 0.14776549 -0.1880501 ],[ 0.01104251 -8.14159167],[0.07238416 0.01088839]
3206,3.205999999999758,[0.63731709 0.2629328 ],[ 0.14777654 -0.19619169],[ 0.01214692 -8.09009854],[0.07256888 0.01093049]
3207,3.206999999999758,[0.63746488 0.26272852],[ 0.14778868 -0.20428179],[ 0.01324572 -8.0389268 ],[0.07275353 0.01097158]
3208,3.2079999999997577,[0.63761268 0.2625162 ],[ 0.14780193 -0.21232071],[ 0.01433896 -7.98807446],[0.07293812 0.01101165]
3209,3.2089999999997576,[0.6377605  0.26229589],[ 0.14781627 -0.22030879],[ 0.0154267  -7.93753952],[0.07312263 0.01105072]
3210,3.2099999999997575,[0.63790833 0.26206764],[ 0.14783169 -0.22824633],[ 0.01650898 -7.88732001],[0.07330708 0.01108878]
3211,3.2109999999997574,[0.63805618 0.26183151],[ 0.1478482  -0.23613365],[ 0.01758585 -7.83741396],[0.07349146 0.01112584]
3212,3.2119999999997573,[0.63820404 0.26158754],[ 0.14786579 -0.24397106],[ 0.01865735 -7.7878194 ],[0.07367578 0.01116192]
3213,3.212999999999757,[0.63835193 0.26133578],[ 0.14788445 -0.25175888],[ 0.01972353 -7.73853439],[0.07386003 0.01119701]
3214,3.213999999999757,[0.63849983 0.26107628],[ 0.14790417 -0.25949742],[ 0.02078444 -7.68955698],[0.0740442  0.01123113]
3215,3.214999999999757,[0.63864776 0.2608091 ],[ 0.14792495 -0.26718697],[ 0.02184013 -7.64088523],[0.07422832 0.01126427]
3216,3.215999999999757,[0.6387957  0.26053427],[ 0.1479468  -0.27482786],[ 0.02289063 -7.59251723],[0.07441236 0.01129645]
3217,3.2169999999997567,[0.63894367 0.26025185],[ 0.14796969 -0.28242037],[ 0.023936   -7.54445107],[0.07459633 0.01132766]
3218,3.2179999999997566,[0.63909167 0.25996188],[ 0.14799362 -0.28996483],[ 0.02497628 -7.49668483],[0.07478024 0.01135792]
3219,3.2189999999997565,[0.63923969 0.25966442],[ 0.1480186  -0.29746151],[ 0.02601151 -7.44921662],[0.07496408 0.01138723]
3220,3.2199999999997564,[0.63938773 0.25935951],[ 0.14804461 -0.30491073],[ 0.02704174 -7.40204456],[0.07514785 0.0114156 ]
3221,3.2209999999997563,[0.6395358 0.2590472],[ 0.14807165 -0.31231277],[ 0.028067   -7.35516679],[0.07533155 0.01144303]
3222,3.221999999999756,[0.6396839  0.25872753],[ 0.14809972 -0.31966794],[ 0.02908736 -7.30858142],[0.07551519 0.01146953]
3223,3.222999999999756,[0.63983203 0.25840055],[ 0.14812881 -0.32697652],[ 0.03010284 -7.26228662],[0.07569875 0.0114951 ]
3224,3.223999999999756,[0.63998019 0.25806631],[ 0.14815891 -0.33423881],[ 0.03111349 -7.21628054],[0.07588225 0.01151975]
3225,3.224999999999756,[0.64012838 0.25772486],[ 0.14819002 -0.34145509],[ 0.03211936 -7.17056134],[0.07606567 0.01154349]
3226,3.2259999999997557,[0.6402766  0.25737623],[ 0.14822214 -0.34862565],[ 0.03312048 -7.12512721],[0.07624903 0.01156632]
3227,3.2269999999997556,[0.64042486 0.25702048],[ 0.14825526 -0.35575078],[ 0.03411689 -7.07997633],[0.07643232 0.01158824]
3228,3.2279999999997555,[0.64057315 0.25665765],[ 0.14828938 -0.36283075],[ 0.03510864 -7.03510691],[0.07661554 0.01160926]
3229,3.2289999999997554,[0.64072147 0.25628779],[ 0.14832449 -0.36986586],[ 0.03609577 -6.99051714],[0.07679869 0.01162939]
3230,3.2299999999997553,[0.64086983 0.25591093],[ 0.14836058 -0.37685638],[ 0.03707832 -6.94620526],[0.07698177 0.01164863]
3231,3.230999999999755,[0.64101823 0.25552713],[ 0.14839766 -0.38380258],[ 0.03805633 -6.90216949],[0.07716478 0.01166699]
3232,3.231999999999755,[0.64116666 0.25513642],[ 0.14843572 -0.39070475],[ 0.03902983 -6.85840808],[0.07734772 0.01168447]
3233,3.232999999999755,[0.64131514 0.25473886],[ 0.14847475 -0.39756316],[ 0.03999888 -6.81491927],[0.07753059 0.01170108]
3234,3.233999999999755,[0.64146365 0.25433448],[ 0.14851475 -0.40437808],[ 0.0409635  -6.77170134],[0.07771339 0.01171682]
3235,3.2349999999997547,[0.64161221 0.25392333],[ 0.14855571 -0.41114978],[ 0.04192373 -6.72875254],[0.07789612 0.0117317 ]
3236,3.2359999999997546,[0.64176081 0.25350545],[ 0.14859763 -0.41787853],[ 0.04287962 -6.68607117],[0.07807878 0.01174573]
3237,3.2369999999997545,[0.64190945 0.25308089],[ 0.14864051 -0.4245646 ],[ 0.0438312  -6.64365552],[0.07826137 0.0117589 ]
3238,3.2379999999997544,[0.64205813 0.25264968],[ 0.14868434 -0.43120826],[ 0.04477851 -6.6015039 ],[0.07844388 0.01177122]
3239,3.2389999999997543,[0.64220686 0.25221187],[ 0.14872912 -0.43780976],[ 0.04572158 -6.55961462],[0.07862633 0.01178271]
3240,3.239999999999754,[0.64235564 0.2517675 ],[ 0.14877484 -0.44436938],[ 0.04666046 -6.517986  ],[0.07880871 0.01179336]
3241,3.240999999999754,[0.64250446 0.25131661],[ 0.1488215  -0.45088736],[ 0.04759518 -6.47661639],[0.07899101 0.01180317]
3242,3.241999999999754,[0.64265333 0.25085925],[ 0.1488691  -0.45736398],[ 0.04852577 -6.43550413],[0.07917324 0.01181217]
3243,3.242999999999754,[0.64280224 0.25039545],[ 0.14891763 -0.46379948],[ 0.04945228 -6.39464758],[0.07935541 0.01182034]
3244,3.2439999999997537,[0.64295121 0.24992526],[ 0.14896708 -0.47019413],[ 0.05037473 -6.3540451 ],[0.0795375  0.01182769]
3245,3.2449999999997536,[0.64310023 0.24944871],[ 0.14901745 -0.47654818],[ 0.05129317 -6.31369508],[0.07971951 0.01183423]
3246,3.2459999999997535,[0.6432493  0.24896585],[ 0.14906875 -0.48286187],[ 0.05220762 -6.2735959 ],[0.07990146 0.01183997]
3247,3.2469999999997534,[0.64339842 0.24847671],[ 0.14912095 -0.48913547],[ 0.05311812 -6.23374597],[0.08008333 0.0118449 ]
3248,3.2479999999997533,[0.64354759 0.24798134],[ 0.14917407 -0.49536921],[ 0.05402472 -6.19414369],[0.08026514 0.01184903]
3249,3.248999999999753,[0.64369682 0.24747978],[ 0.1492281  -0.50156336],[ 0.05492743 -6.15478749],[0.08044687 0.01185238]
3250,3.249999999999753,[0.6438461  0.24697206],[ 0.14928302 -0.50771814],[ 0.05582629 -6.11567579],[0.08062852 0.01185493]
3251,3.250999999999753,[0.64399544 0.24645823],[ 0.14933885 -0.51383382],[ 0.05672134 -6.07680703],[0.08081011 0.01185671]
3252,3.251999999999753,[0.64414484 0.24593832],[ 0.14939557 -0.51991063],[ 0.05761261 -6.03817967],[0.08099162 0.0118577 ]
3253,3.2529999999997528,[0.64429429 0.24541237],[ 0.14945318 -0.52594881],[ 0.05850013 -5.99979217],[0.08117306 0.01185793]
3254,3.2539999999997526,[0.6444438  0.24488042],[ 0.14951168 -0.5319486 ],[ 0.05938394 -5.96164299],[0.08135442 0.01185738]
3255,3.2549999999997525,[0.64459337 0.24434251],[ 0.14957107 -0.53791024],[ 0.06026406 -5.92373063],[0.08153571 0.01185607]
3256,3.2559999999997524,[0.64474301 0.24379867],[ 0.14963133 -0.54383397],[ 0.06114053 -5.88605356],[0.08171693 0.011854  ]
3257,3.2569999999997523,[0.6448927  0.24324895],[ 0.14969247 -0.54972003],[ 0.06201337 -5.8486103 ],[0.08189807 0.01185117]
3258,3.257999999999752,[0.64504245 0.24269339],[ 0.14975449 -0.55556864],[ 0.06288263 -5.81139935],[0.08207914 0.01184759]
3259,3.258999999999752,[0.64519227 0.24213201],[ 0.14981737 -0.56138004],[ 0.06374833 -5.77441924],[0.08226014 0.01184327]
3260,3.259999999999752,[0.64534215 0.24156485],[ 0.14988112 -0.56715446],[ 0.0646105  -5.73766849],[0.08244106 0.0118382 ]
3261,3.260999999999752,[0.6454921  0.24099196],[ 0.14994573 -0.57289212],[ 0.06546916 -5.70114565],[0.08262191 0.0118324 ]
3262,3.2619999999997518,[0.64564211 0.24041337],[ 0.1500112  -0.57859327],[ 0.06632436 -5.66484927],[0.08280268 0.01182587]
3263,3.2629999999997517,[0.64579219 0.23982911],[ 0.15007752 -0.58425812],[ 0.06717612 -5.62877791],[0.08298338 0.0118186 ]
3264,3.2639999999997515,[0.64594233 0.23923922],[ 0.1501447 -0.5898869],[ 0.06802447 -5.59293013],[0.083164   0.01181061]
3265,3.2649999999997514,[0.64609254 0.23864374],[ 0.15021272 -0.59547983],[ 0.06886943 -5.55730452],[0.08334455 0.01180191]
3266,3.2659999999997513,[0.64624282 0.2380427 ],[ 0.15028159 -0.60103713],[ 0.06971104 -5.52189967],[0.08352502 0.01179248]
3267,3.266999999999751,[0.64639318 0.23743614],[ 0.1503513  -0.60655903],[ 0.07054933 -5.48671418],[0.08370542 0.01178235]
3268,3.267999999999751,[0.6465436 0.2368241],[ 0.15042185 -0.61204575],[ 0.07138431 -5.45174665],[0.08388574 0.01177151]
3269,3.268999999999751,[0.64669409 0.2362066 ],[ 0.15049324 -0.61749749],[ 0.07221603 -5.4169957 ],[0.08406598 0.01175996]
3270,3.269999999999751,[0.64684466 0.23558369],[ 0.15056545 -0.62291449],[ 0.0730445  -5.38245996],[0.08424615 0.01174772]
3271,3.2709999999997508,[0.64699529 0.23495539],[ 0.1506385  -0.62829695],[ 0.07386976 -5.34813806],[0.08442624 0.01173478]
3272,3.2719999999997507,[0.64714601 0.23432174],[ 0.15071237 -0.63364509],[ 0.07469183 -5.31402865],[0.08460626 0.01172115]
3273,3.2729999999997506,[0.64729679 0.23368279],[ 0.15078706 -0.63895911],[ 0.07551073 -5.28013039],[0.0847862  0.01170683]
3274,3.2739999999997504,[0.64744766 0.23303855],[ 0.15086257 -0.64423924],[ 0.0763265  -5.24644194],[0.08496606 0.01169184]
3275,3.2749999999997503,[0.6475986  0.23238906],[ 0.1509389  -0.64948569],[ 0.07713916 -5.21296197],[0.08514585 0.01167616]
3276,3.2759999999997502,[0.64774961 0.23173436],[ 0.15101603 -0.65469865],[ 0.07794873 -5.17968915],[0.08532556 0.01165981]
3277,3.27699999999975,[0.64790071 0.23107448],[ 0.15109398 -0.65987834],[ 0.07875524 -5.1466222 ],[0.08550519 0.01164279]
3278,3.27799999999975,[0.64805188 0.23040946],[ 0.15117274 -0.66502496],[ 0.07955872 -5.11375979],[0.08568474 0.0116251 ]
3279,3.27899999999975,[0.64820313 0.22973932],[ 0.1512523  -0.67013872],[ 0.08035919 -5.08110064],[0.08586422 0.01160675]
3280,3.27999999999975,[0.64835446 0.2290641 ],[ 0.15133266 -0.67521982],[ 0.08115668 -5.04864348],[0.08604361 0.01158775]
3281,3.2809999999997497,[0.64850588 0.22838383],[ 0.15141381 -0.68026846],[ 0.0819512  -5.01638701],[0.08622293 0.01156808]
3282,3.2819999999997496,[0.64865737 0.22769855],[ 0.15149576 -0.68528485],[ 0.08274279 -4.98432998],[0.08640217 0.01154777]
3283,3.2829999999997495,[0.64880895 0.22700828],[ 0.15157851 -0.69026918],[ 0.08353146 -4.95247114],[0.08658134 0.01152681]
3284,3.2839999999997493,[0.64896061 0.22631306],[ 0.15166204 -0.69522165],[ 0.08431725 -4.92080922],[0.08676042 0.01150521]
3285,3.2849999999997492,[0.64911236 0.22561291],[ 0.15174636 -0.70014246],[ 0.08510017 -4.889343  ],[0.08693942 0.01148297]
3286,3.285999999999749,[0.64926419 0.22490788],[ 0.15183146 -0.7050318 ],[ 0.08588025 -4.85807123],[0.08711835 0.0114601 ]
3287,3.286999999999749,[0.64941611 0.22419799],[ 0.15191734 -0.70988988],[ 0.08665751 -4.82699271],[0.0872972  0.01143659]
3288,3.287999999999749,[0.64956811 0.22348328],[ 0.15200399 -0.71471687],[ 0.08743197 -4.7961062 ],[0.08747596 0.01141245]
3289,3.288999999999749,[0.6497202  0.22276376],[ 0.15209143 -0.71951297],[ 0.08820365 -4.76541051],[0.08765465 0.01138769]
3290,3.2899999999997487,[0.64987238 0.22203948],[ 0.15217963 -0.72427838],[ 0.08897259 -4.73490444],[0.08783326 0.01136232]
3291,3.2909999999997486,[0.65002465 0.22131047],[ 0.1522686  -0.72901329],[ 0.08973879 -4.70458679],[0.08801178 0.01133632]
3292,3.2919999999997485,[0.65017701 0.22057675],[ 0.15235834 -0.73371788],[ 0.09050228 -4.67445638],[0.08819023 0.01130971]
3293,3.2929999999997484,[0.65032946 0.21983836],[ 0.15244884 -0.73839233],[ 0.09126309 -4.64451205],[0.08836859 0.01128249]
3294,3.2939999999997482,[0.650482   0.21909532],[ 0.15254011 -0.74303684],[ 0.09202123 -4.61475261],[0.08854688 0.01125467]
3295,3.294999999999748,[0.65063463 0.21834767],[ 0.15263213 -0.7476516 ],[ 0.09277672 -4.58517692],[0.08872508 0.01122624]
3296,3.295999999999748,[0.65078736 0.21759544],[ 0.1527249  -0.75223677],[ 0.09352959 -4.55578383],[0.08890321 0.01119722]
3297,3.296999999999748,[0.65094018 0.21683864],[ 0.15281843 -0.75679256],[ 0.09427985 -4.52657218],[0.08908125 0.0111676 ]
3298,3.297999999999748,[0.65109309 0.21607732],[ 0.15291271 -0.76131913],[ 0.09502753 -4.49754084],[0.08925921 0.01113739]
3299,3.2989999999997477,[0.6512461  0.21531151],[ 0.15300774 -0.76581667],[ 0.09577265 -4.4686887 ],[0.08943708 0.01110659]
3300,3.2999999999997476,[0.6513992  0.21454122],[ 0.15310351 -0.77028536],[ 0.09651522 -4.44001462],[0.08961488 0.01107521]
3301,3.3009999999997475,[0.6515524 0.2137665],[ 0.15320003 -0.77472537],[ 0.09725527 -4.41151749],[0.08979259 0.01104325]
3302,3.3019999999997474,[0.6517057  0.21298736],[ 0.15329728 -0.77913689],[ 0.09799281 -4.38319622],[0.08997022 0.01101071]
3303,3.3029999999997472,[0.65185909 0.21220384],[ 0.15339528 -0.78352009],[ 0.09872787 -4.35504969],[0.09014777 0.01097759]
3304,3.303999999999747,[0.65201259 0.21141596],[ 0.153494   -0.78787514],[ 0.09946046 -4.32707683],[0.09032524 0.01094391]
3305,3.304999999999747,[0.65216618 0.21062376],[ 0.15359347 -0.79220221],[ 0.1001906  -4.29927654],[0.09050262 0.01090965]
3306,3.305999999999747,[0.65231987 0.20982726],[ 0.15369366 -0.79650149],[ 0.10091831 -4.27164776],[0.09067992 0.01087484]
3307,3.306999999999747,[0.65247367 0.20902649],[ 0.15379457 -0.80077314],[ 0.10164361 -4.24418941],[0.09085713 0.01083946]
3308,3.3079999999997467,[0.65262756 0.20822147],[ 0.15389622 -0.80501733],[ 0.10236652 -4.21690044],[0.09103426 0.01080353]
3309,3.3089999999997466,[0.65278156 0.20741224],[ 0.15399858 -0.80923423],[ 0.10308706 -4.18977979],[0.09121131 0.01076704]
3310,3.3099999999997465,[0.65293566 0.20659881],[ 0.15410167 -0.81342401],[ 0.10380523 -4.1628264 ],[0.09138827 0.01073   ]
3311,3.3109999999997464,[0.65308987 0.20578122],[ 0.15420548 -0.81758683],[ 0.10452107 -4.13603925],[0.09156515 0.01069241]
3312,3.3119999999997463,[0.65324418 0.2049595 ],[ 0.15431    -0.82172287],[ 0.10523459 -4.1094173 ],[0.09174195 0.01065428]
3313,3.312999999999746,[0.65339859 0.20413367],[ 0.15441523 -0.82583229],[ 0.1059458  -4.08295953],[0.09191866 0.01061561]
3314,3.313999999999746,[0.65355312 0.20330375],[ 0.15452118 -0.82991525],[ 0.10665472 -4.0566649 ],[0.09209528 0.01057641]
3315,3.314999999999746,[0.65370774 0.20246978],[ 0.15462783 -0.83397192],[ 0.10736137 -4.03053242],[0.09227182 0.01053666]
3316,3.315999999999746,[0.65386248 0.20163178],[ 0.15473519 -0.83800245],[ 0.10806577 -4.00456107],[0.09244827 0.01049639]
3317,3.3169999999997457,[0.65401732 0.20078977],[ 0.15484326 -0.84200701],[ 0.10876793 -3.97874986],[0.09262464 0.01045559]
3318,3.3179999999997456,[0.65417227 0.19994379],[ 0.15495203 -0.84598576],[ 0.10946788 -3.9530978 ],[0.09280092 0.01041426]
3319,3.3189999999997455,[0.65432734 0.19909385],[ 0.1550615  -0.84993886],[ 0.11016561 -3.92760389],[0.09297712 0.01037242]
3320,3.3199999999997454,[0.65448251 0.19823998],[ 0.15517166 -0.85386646],[ 0.11086116 -3.90226716],[0.09315323 0.01033005]
3321,3.3209999999997453,[0.65463779 0.19738221],[ 0.15528252 -0.85776873],[ 0.11155453 -3.87708664],[0.09332925 0.01028717]
3322,3.321999999999745,[0.65479318 0.19652057],[ 0.15539408 -0.86164581],[ 0.11224575 -3.85206135],[0.09350519 0.01024377]
3323,3.322999999999745,[0.65494869 0.19565507],[ 0.15550632 -0.86549788],[ 0.11293482 -3.82719035],[0.09368104 0.01019987]
3324,3.323999999999745,[0.65510431 0.19478574],[ 0.15561926 -0.86932507],[ 0.11362177 -3.80247267],[0.0938568  0.01015546]
3325,3.324999999999745,[0.65526004 0.19391262],[ 0.15573288 -0.87312754],[ 0.1143066  -3.77790738],[0.09403247 0.01011055]
3326,3.3259999999997447,[0.65541589 0.19303571],[ 0.15584719 -0.87690545],[ 0.11498934 -3.75349352],[0.09420806 0.01006513]
3327,3.3269999999997446,[0.65557185 0.19215505],[ 0.15596218 -0.88065894],[ 0.11567    -3.72923016],[0.09438355 0.01001922]
3328,3.3279999999997445,[0.65572793 0.19127066],[ 0.15607785 -0.88438817],[ 0.11634859 -3.70511638],[0.09455896 0.00997282]
3329,3.3289999999997444,[0.65588412 0.19038257],[ 0.15619419 -0.88809329],[ 0.11702513 -3.68115125],[0.09473429 0.00992592]
3330,3.3299999999997443,[0.65604043 0.1894908 ],[ 0.15631122 -0.89177444],[ 0.11769962 -3.65733385],[0.09490952 0.00987854]
3331,3.330999999999744,[0.65619686 0.18859536],[ 0.15642892 -0.89543177],[ 0.1183721  -3.63366328],[0.09508466 0.00983067]
3332,3.331999999999744,[0.65635341 0.1876963 ],[ 0.15654729 -0.89906543],[ 0.11904256 -3.61013863],[0.09525972 0.00978231]
3333,3.332999999999744,[0.65651008 0.18679362],[ 0.15666633 -0.90267557],[ 0.11971103 -3.586759  ],[0.09543468 0.00973348]
3334,3.333999999999744,[0.65666686 0.18588736],[ 0.15678604 -0.90626233],[ 0.12037752 -3.56352351],[0.09560956 0.00968417]
3335,3.3349999999997437,[0.65682377 0.18497754],[ 0.15690642 -0.90982586],[ 0.12104204 -3.54043125],[0.09578434 0.00963439]
3336,3.3359999999997436,[0.6569808  0.18406417],[ 0.15702746 -0.91336629],[ 0.1217046  -3.51748136],[0.09595904 0.00958414]
3337,3.3369999999997435,[0.65713795 0.18314729],[ 0.15714917 -0.91688377],[ 0.12236522 -3.49467295],[0.09613364 0.00953341]
3338,3.3379999999997434,[0.65729522 0.18222691],[ 0.15727153 -0.92037844],[ 0.12302391 -3.47200516],[0.09630816 0.00948223]
3339,3.3389999999997433,[0.65745261 0.18130306],[ 0.15739456 -0.92385045],[ 0.12368068 -3.44947712],[0.09648258 0.00943058]
3340,3.339999999999743,[0.65761013 0.18037576],[ 0.15751824 -0.92729992],[ 0.12433556 -3.42708797],[0.09665692 0.00937847]
3341,3.340999999999743,[0.65776777 0.17944503],[ 0.15764257 -0.93072701],[ 0.12498854 -3.40483687],[0.09683116 0.0093259 ]
3342,3.341999999999743,[0.65792554 0.1785109 ],[ 0.15776756 -0.93413185],[ 0.12563964 -3.38272296],[0.09700531 0.00927288]
3343,3.342999999999743,[0.65808343 0.17757338],[ 0.1578932  -0.93751457],[ 0.12628888 -3.3607454 ],[0.09717937 0.00921941]
3344,3.3439999999997427,[0.65824145 0.17663251],[ 0.15801949 -0.94087532],[ 0.12693627 -3.33890336],[0.09735334 0.00916548]
3345,3.3449999999997426,[0.6583996  0.17568829],[ 0.15814643 -0.94421422],[ 0.12758181 -3.31719601],[0.09752721 0.00911112]
3346,3.3459999999997425,[0.65855787 0.17474076],[ 0.15827401 -0.94753142],[ 0.12822553 -3.29562252],[0.09770099 0.00905631]
3347,3.3469999999997424,[0.65871628 0.17378994],[ 0.15840223 -0.95082704],[ 0.12886743 -3.27418206],[0.09787468 0.00900105]
3348,3.3479999999997423,[0.65887481 0.17283583],[ 0.1585311  -0.95410122],[ 0.12950752 -3.25287384],[0.09804828 0.00894536]
3349,3.348999999999742,[0.65903347 0.17187848],[ 0.15866061 -0.95735409],[ 0.13014582 -3.23169702],[0.09822178 0.00888924]
3350,3.349999999999742,[0.65919226 0.17091789],[ 0.15879076 -0.96058579],[ 0.13078234 -3.21065082],[0.0983952  0.00883268]
3351,3.350999999999742,[0.65935118 0.1699541 ],[ 0.15892154 -0.96379644],[ 0.13141709 -3.18973443],[0.09856851 0.00877569]
3352,3.351999999999742,[0.65951023 0.16898711],[ 0.15905295 -0.96698618],[ 0.13205008 -3.16894706],[0.09874174 0.00871828]
3353,3.3529999999997417,[0.65966942 0.16801696],[ 0.159185   -0.97015512],[ 0.13268132 -3.14828792],[0.09891487 0.00866044]
3354,3.3539999999997416,[0.65982874 0.16704365],[ 0.15931769 -0.97330341],[ 0.13331083 -3.12775623],[0.0990879  0.00860218]
3355,3.3549999999997415,[0.65998819 0.16606722],[ 0.159451   -0.97643117],[ 0.13393861 -3.1073512 ],[0.09926084 0.00854349]
3356,3.3559999999997414,[0.66014777 0.16508768],[ 0.15958494 -0.97953852],[ 0.13456468 -3.08707206],[0.09943369 0.0084844 ]
3357,3.3569999999997413,[0.66030749 0.16410506],[ 0.1597195  -0.98262559],[ 0.13518904 -3.06691805],[0.09960644 0.00842488]
3358,3.357999999999741,[0.66046735 0.16311937],[ 0.15985469 -0.98569251],[ 0.13581171 -3.0468884 ],[0.09977909 0.00836496]
3359,3.358999999999741,[0.66062734 0.16213063],[ 0.1599905 -0.9887394],[ 0.13643269 -3.02698235],[0.09995165 0.00830462]
3360,3.359999999999741,[0.66078746 0.16113886],[ 0.16012693 -0.99176638],[ 0.13705201 -3.00719914],[0.10012412 0.00824388]
3361,3.360999999999741,[0.66094773 0.16014409],[ 0.16026399 -0.99477358],[ 0.13766966 -2.98753803],[0.10029649 0.00818273]
3362,3.3619999999997408,[0.66110813 0.15914632],[ 0.16040166 -0.99776112],[ 0.13828566 -2.96799827],[0.10046876 0.00812118]
3363,3.3629999999997406,[0.66126867 0.1581456 ],[ 0.16053994 -1.00072912],[ 0.13890001 -2.94857913],[0.10064093 0.00805923]
3364,3.3639999999997405,[0.66142935 0.15714192],[ 0.16067884 -1.00367769],[ 0.13951274 -2.92927986],[0.10081301 0.00799689]
3365,3.3649999999997404,[0.66159017 0.15613531],[ 0.16081835 -1.00660697],[ 0.14012384 -2.91009974],[0.10098499 0.00793415]
3366,3.3659999999997403,[0.66175112 0.15512579],[ 0.16095848 -1.00951707],[ 0.14073333 -2.89103803],[0.10115688 0.00787101]
3367,3.36699999999974,[0.66191222 0.15411339],[ 0.16109921 -1.01240811],[ 0.14134122 -2.87209403],[0.10132867 0.00780749]
3368,3.36799999999974,[0.66207346 0.15309811],[ 0.16124055 -1.01528021],[ 0.14194751 -2.853267  ],[0.10150036 0.00774358]
3369,3.36899999999974,[0.66223485 0.15207997],[ 0.1613825  -1.01813347],[ 0.14255222 -2.83455625],[0.10167195 0.00767928]
3370,3.36999999999974,[0.66239637 0.151059  ],[ 0.16152505 -1.02096803],[ 0.14315536 -2.81596106],[0.10184344 0.0076146 ]
3371,3.3709999999997398,[0.66255804 0.15003522],[ 0.16166821 -1.02378399],[ 0.14375693 -2.79748072],[0.10201484 0.00754955]
3372,3.3719999999997397,[0.66271985 0.14900864],[ 0.16181196 -1.02658147],[ 0.14435694 -2.77911455],[0.10218613 0.00748411]
3373,3.3729999999997395,[0.66288181 0.14797928],[ 0.16195632 -1.02936059],[ 0.14495541 -2.76086183],[0.10235733 0.0074183 ]
3374,3.3739999999997394,[0.66304391 0.14694716],[ 0.16210128 -1.03212145],[ 0.14555234 -2.7427219 ],[0.10252843 0.00735211]
3375,3.3749999999997393,[0.66320616 0.14591229],[ 0.16224683 -1.03486417],[ 0.14614774 -2.72469405],[0.10269943 0.00728555]
3376,3.375999999999739,[0.66336855 0.1448747 ],[ 0.16239298 -1.03758886],[ 0.14674162 -2.7067776 ],[0.10287033 0.00721863]
3377,3.376999999999739,[0.66353109 0.14383441],[ 0.16253972 -1.04029564],[ 0.14733399 -2.68897189],[0.10304113 0.00715134]
3378,3.377999999999739,[0.66369378 0.14279142],[ 0.16268705 -1.04298461],[ 0.14792486 -2.67127623],[0.10321183 0.00708368]
3379,3.378999999999739,[0.66385661 0.14174577],[ 0.16283498 -1.04565589],[ 0.14851423 -2.65368996],[0.10338243 0.00701566]
3380,3.3799999999997388,[0.6640196  0.14069746],[ 0.16298349 -1.04830958],[ 0.14910212 -2.63621241],[0.10355293 0.00694729]
3381,3.3809999999997387,[0.66418273 0.13964651],[ 0.16313259 -1.05094579],[ 0.14968852 -2.61884292],[0.10372333 0.00687855]
3382,3.3819999999997385,[0.66434601 0.13859295],[ 0.16328228 -1.05356463],[ 0.15027346 -2.60158084],[0.10389362 0.00680946]
3383,3.3829999999997384,[0.66450944 0.13753678],[ 0.16343256 -1.05616622],[ 0.15085694 -2.58442551],[0.10406382 0.00674002]
3384,3.3839999999997383,[0.66467303 0.13647803],[ 0.16358341 -1.05875064],[ 0.15143897 -2.56737629],[0.10423391 0.00667023]
3385,3.384999999999738,[0.66483676 0.13541671],[ 0.16373485 -1.06131802],[ 0.15201955 -2.55043252],[0.10440391 0.00660008]
3386,3.385999999999738,[0.66500065 0.13435284],[ 0.16388687 -1.06386845],[ 0.15259869 -2.53359358],[0.1045738 0.0065296]
3387,3.386999999999738,[0.66516469 0.13328644],[ 0.16403947 -1.06640204],[ 0.1531764  -2.51685882],[0.10474359 0.00645876]
3388,3.387999999999738,[0.66532888 0.13221752],[ 0.16419265 -1.0689189 ],[ 0.15375269 -2.50022761],[0.10491327 0.00638759]
3389,3.3889999999997378,[0.66549323 0.1311461 ],[ 0.1643464  -1.07141913],[ 0.15432757 -2.48369932],[0.10508285 0.00631608]
3390,3.3899999999997377,[0.66565773 0.1300722 ],[ 0.16450073 -1.07390283],[ 0.15490105 -2.46727333],[0.10525233 0.00624422]
3391,3.3909999999997376,[0.66582238 0.12899583],[ 0.16465563 -1.0763701 ],[ 0.15547312 -2.45094902],[0.10542171 0.00617204]
3392,3.3919999999997374,[0.66598719 0.12791701],[ 0.1648111  -1.07882105],[ 0.1560438  -2.43472577],[0.10559098 0.00609952]
3393,3.3929999999997373,[0.66615216 0.12683575],[ 0.16496714 -1.08125578],[ 0.1566131  -2.41860297],[0.10576015 0.00602667]
3394,3.3939999999997372,[0.66631728 0.12575208],[ 0.16512376 -1.08367438],[ 0.15718102 -2.40258   ],[0.10592922 0.00595348]
3395,3.394999999999737,[0.66648257 0.124666  ],[ 0.16528094 -1.08607696],[ 0.15774757 -2.38665627],[0.10609818 0.00587998]
3396,3.395999999999737,[0.666648   0.12357754],[ 0.16543869 -1.08846362],[ 0.15831277 -2.37083116],[0.10626703 0.00580614]
3397,3.396999999999737,[0.6668136 0.1224867],[ 0.165597   -1.09083445],[ 0.1588766  -2.35510409],[0.10643579 0.00573199]
3398,3.397999999999737,[0.66697936 0.12139352],[ 0.16575588 -1.09318955],[ 0.15943909 -2.33947446],[0.10660443 0.00565751]
3399,3.3989999999997367,[0.66714527 0.12029799],[ 0.16591531 -1.09552903],[ 0.16000024 -2.32394167],[0.10677297 0.00558272]
3400,3.3999999999997366,[0.66731135 0.11920013],[ 0.16607531 -1.09785297],[ 0.16056005 -2.30850515],[0.10694141 0.0055076 ]
3401,3.4009999999997365,[0.66747758 0.11809997],[ 0.16623587 -1.10016147],[ 0.16111854 -2.2931643 ],[0.10710974 0.00543218]
3402,3.4019999999997363,[0.66764398 0.11699752],[ 0.16639699 -1.10245464],[ 0.1616757  -2.27791854],[0.10727796 0.00535644]
3403,3.4029999999997362,[0.66781054 0.11589278],[ 0.16655867 -1.10473256],[ 0.16223155 -2.26276731],[0.10744608 0.00528039]
3404,3.403999999999736,[0.66797726 0.11478579],[ 0.1667209  -1.10699532],[ 0.1627861  -2.24771002],[0.10761409 0.00520403]
3405,3.404999999999736,[0.66814414 0.11367655],[ 0.16688369 -1.10924303],[ 0.16333934 -2.23274611],[0.10778199 0.00512736]
3406,3.405999999999736,[0.66831119 0.11256507],[ 0.16704703 -1.11147578],[ 0.16389129 -2.21787501],[0.10794979 0.00505039]
3407,3.406999999999736,[0.6684784  0.11145138],[ 0.16721092 -1.11369365],[ 0.16444195 -2.20309616],[0.10811748 0.00497312]
3408,3.4079999999997357,[0.66864578 0.11033548],[ 0.16737536 -1.11589675],[ 0.16499134 -2.188409  ],[0.10828506 0.00489555]
3409,3.4089999999997356,[0.66881332 0.10921739],[ 0.16754035 -1.11808516],[ 0.16553944 -2.17381297],[0.10845254 0.00481768]
3410,3.4099999999997355,[0.66898102 0.10809714],[ 0.16770589 -1.12025897],[ 0.16608628 -2.15930752],[0.1086199  0.00473951]
3411,3.4109999999997354,[0.6691489  0.10697472],[ 0.16787198 -1.12241828],[ 0.16663185 -2.1448921 ],[0.10878716 0.00466104]
3412,3.4119999999997352,[0.66931693 0.10585015],[ 0.16803861 -1.12456317],[ 0.16717617 -2.13056617],[0.10895431 0.00458228]
3413,3.412999999999735,[0.66948514 0.10472346],[ 0.16820578 -1.12669374],[ 0.16771924 -2.11632919],[0.10912135 0.00450324]
3414,3.413999999999735,[0.66965351 0.10359465],[ 0.1683735  -1.12881007],[ 0.16826107 -2.10218061],[0.10928828 0.0044239 ]
3415,3.414999999999735,[0.66982205 0.10246374],[ 0.16854176 -1.13091225],[ 0.16880165 -2.0881199 ],[0.10945511 0.00434427]
3416,3.415999999999735,[0.66999077 0.10133074],[ 0.16871057 -1.13300037],[ 0.169341   -2.07414652],[0.10962182 0.00426436]
3417,3.4169999999997347,[0.67015965 0.10019566],[ 0.16887991 -1.13507451],[ 0.16987913 -2.06025995],[0.10978842 0.00418417]
3418,3.4179999999997346,[0.6703287  0.09905853],[ 0.16904979 -1.13713477],[ 0.17041604 -2.04645967],[0.10995492 0.0041037 ]
3419,3.4189999999997345,[0.67049792 0.09791935],[ 0.1692202  -1.13918123],[ 0.17095173 -2.03274514],[0.1101213  0.00402294]
3420,3.4199999999997344,[0.67066731 0.09677813],[ 0.16939115 -1.14121398],[ 0.17148621 -2.01911584],[0.11028757 0.00394191]
3421,3.4209999999997343,[0.67083687 0.0956349 ],[ 0.16956264 -1.1432331 ],[ 0.17201949 -2.00557127],[0.11045373 0.0038606 ]
3422,3.421999999999734,[0.6710066  0.09448966],[ 0.16973466 -1.14523867],[ 0.17255157 -1.99211091],[0.11061978 0.00377902]
3423,3.422999999999734,[0.67117651 0.09334243],[ 0.16990721 -1.14723078],[ 0.17308245 -1.97873425],[0.11078572 0.00369716]
3424,3.423999999999734,[0.67134659 0.09219322],[ 0.17008029 -1.14920951],[ 0.17361215 -1.96544077],[0.11095155 0.00361504]
3425,3.424999999999734,[0.67151685 0.09104205],[ 0.17025391 -1.15117495],[ 0.17414067 -1.95222998],[0.11111727 0.00353264]
3426,3.4259999999997337,[0.67168727 0.08988892],[ 0.17042805 -1.15312718],[ 0.17466801 -1.93910137],[0.11128287 0.00344998]
3427,3.4269999999997336,[0.67185788 0.08873385],[ 0.17060271 -1.15506628],[ 0.17519418 -1.92605445],[0.11144836 0.00336705]
3428,3.4279999999997335,[0.67202865 0.08757686],[ 0.17077791 -1.15699234],[ 0.17571919 -1.91308872],[0.11161374 0.00328386]
3429,3.4289999999997334,[0.67219961 0.08641796],[ 0.17095363 -1.15890543],[ 0.17624303 -1.90020369],[0.11177901 0.00320041]
3430,3.4299999999997333,[0.67237074 0.08525715],[ 0.17112987 -1.16080563],[ 0.17676572 -1.88739886],[0.11194416 0.0031167 ]
3431,3.430999999999733,[0.67254204 0.08409446],[ 0.17130664 -1.16269303],[ 0.17728726 -1.87467376],[0.1121092  0.00303273]
3432,3.431999999999733,[0.67271353 0.08292989],[ 0.17148392 -1.1645677 ],[ 0.17780765 -1.86202789],[0.11227412 0.0029485 ]
3433,3.432999999999733,[0.67288519 0.08176346],[ 0.17166173 -1.16642973],[ 0.1783269  -1.84946079],[0.11243894 0.00286402]
3434,3.433999999999733,[0.67305703 0.08059518],[ 0.17184006 -1.16827919],[ 0.17884502 -1.83697196],[0.11260363 0.00277929]
3435,3.4349999999997327,[0.67322905 0.07942506],[ 0.1720189  -1.17011616],[ 0.17936201 -1.82456094],[0.11276822 0.0026943 ]
3436,3.4359999999997326,[0.67340125 0.07825312],[ 0.17219827 -1.17194072],[ 0.17987787 -1.81222725],[0.11293269 0.00260907]
3437,3.4369999999997325,[0.67357363 0.07707937],[ 0.17237814 -1.17375295],[ 0.18039261 -1.79997042],[0.11309704 0.00252358]
3438,3.4379999999997324,[0.67374618 0.07590382],[ 0.17255854 -1.17555292],[ 0.18090623 -1.78778999],[0.11326128 0.00243786]
3439,3.4389999999997323,[0.67391892 0.07472648],[ 0.17273944 -1.17734071],[ 0.18141875 -1.77568549],[0.1134254  0.00235188]
3440,3.439999999999732,[0.67409184 0.07354736],[ 0.17292086 -1.1791164 ],[ 0.18193016 -1.76365646],[0.11358941 0.00226567]
3441,3.440999999999732,[0.67426495 0.07236648],[ 0.17310279 -1.18088005],[ 0.18244046 -1.75170245],[0.1137533  0.00217921]
3442,3.441999999999732,[0.67443823 0.07118385],[ 0.17328523 -1.18263176],[ 0.18294967 -1.739823  ],[0.11391708 0.00209252]
3443,3.442999999999732,[0.6746117  0.06999948],[ 0.17346818 -1.18437158],[ 0.18345779 -1.72801765],[0.11408074 0.00200558]
3444,3.4439999999997317,[0.67478535 0.06881338],[ 0.17365164 -1.1860996 ],[ 0.18396482 -1.71628595],[0.11424428 0.00191841]
3445,3.4449999999997316,[0.67495919 0.06762556],[ 0.1738356  -1.18781588],[ 0.18447077 -1.70462746],[0.11440771 0.00183101]
3446,3.4459999999997315,[0.67513321 0.06643604],[ 0.17402007 -1.18952051],[ 0.18497563 -1.69304174],[0.11457102 0.00174337]
3447,3.4469999999997314,[0.67530741 0.06524483],[ 0.17420505 -1.19121355],[ 0.18547943 -1.68152834],[0.11473421 0.00165551]
3448,3.4479999999997313,[0.6754818  0.06405193],[ 0.17439053 -1.19289508],[ 0.18598215 -1.67008682],[0.11489728 0.00156741]
3449,3.448999999999731,[0.67565638 0.06285737],[ 0.17457651 -1.19456517],[ 0.18648381 -1.65871674],[0.11506024 0.00147908]
3450,3.449999999999731,[0.67583114 0.06166114],[ 0.174763   -1.19622388],[ 0.1869844  -1.64741767],[0.11522308 0.00139053]
3451,3.450999999999731,[0.67600609 0.06046327],[ 0.17494998 -1.1978713 ],[ 0.18748394 -1.63618918],[0.1153858  0.00130176]
3452,3.451999999999731,[0.67618123 0.05926376],[ 0.17513746 -1.19950749],[ 0.18798243 -1.62503084],[0.1155484  0.00121276]
3453,3.4529999999997307,[0.67635656 0.05806263],[ 0.17532545 -1.20113252],[ 0.18847987 -1.61394222],[0.11571088 0.00112354]
3454,3.4539999999997306,[0.67653207 0.05685989],[ 0.17551393 -1.20274646],[ 0.18897626 -1.6029229 ],[0.11587324 0.0010341 ]
3455,3.4549999999997305,[0.67670777 0.05565554],[ 0.1757029  -1.20434939],[ 0.18947162 -1.59197246],[0.11603549 0.00094444]
3456,3.4559999999997304,[0.67688366 0.05444959],[ 0.17589237 -1.20594136],[ 0.18996593 -1.58109047],[0.11619761 0.00085456]
3457,3.4569999999997303,[0.67705975 0.05324207],[ 0.17608234 -1.20752245],[ 0.19045922 -1.57027652],[0.11635962 0.00076447]
3458,3.45799999999973,[0.67723602 0.05203298],[ 0.1762728  -1.20909273],[ 0.19095148 -1.55953021],[0.1165215  0.00067417]
3459,3.45899999999973,[0.67741248 0.05082233],[ 0.17646375 -1.21065226],[ 0.19144271 -1.5488511 ],[0.11668326 0.00058365]
3460,3.45999999999973,[0.67758914 0.04961013],[ 0.17665519 -1.21220111],[ 0.19193292 -1.5382388 ],[0.11684491 0.00049293]
3461,3.46099999999973,[0.67776599 0.04839639],[ 0.17684713 -1.21373935],[ 0.19242212 -1.5276929 ],[0.11700643 0.00040199]
3462,3.4619999999997297,[0.67794303 0.04718112],[ 0.17703955 -1.21526704],[ 0.1929103  -1.51721299],[0.11716783 0.00031085]
3463,3.4629999999997296,[0.67812026 0.04596434],[ 0.17723246 -1.21678425],[ 0.19339748 -1.50679868],[0.11732911 0.0002195 ]
3464,3.4639999999997295,[0.67829768 0.04474604],[ 0.17742586 -1.21829105],[ 0.19388365 -1.49644955],[0.11749026 0.00012794]
3465,3.4649999999997294,[0.6784753  0.04352626],[ 0.17761974 -1.2197875 ],[ 0.19436882 -1.48616522],[1.17651299e-01 3.61834653e-05]
3466,3.4659999999997293,[0.67865312 0.04230498],[ 0.17781411 -1.22127367],[ 0.194853   -1.47594529],[ 1.17812212e-01 -5.57755539e-05]
3467,3.466999999999729,[0.67883113 0.04108223],[ 0.17800896 -1.22274961],[ 0.19533618 -1.46578937],[ 0.117973   -0.00014793]
3468,3.467999999999729,[0.67900933 0.03985802],[ 0.1782043 -1.2242154],[ 0.19581837 -1.45569706],[ 0.11813367 -0.00024029]
3469,3.468999999999729,[0.67918773 0.03863235],[ 0.17840012 -1.2256711 ],[ 0.19629958 -1.44566798],[ 0.11829421 -0.00033285]
3470,3.469999999999729,[0.67936633 0.03740523],[ 0.17859642 -1.22711677],[ 0.1967798  -1.43570175],[ 0.11845464 -0.0004256 ]
3471,3.4709999999997287,[0.67954512 0.03617668],[ 0.1787932  -1.22855247],[ 0.19725904 -1.42579797],[ 0.11861493 -0.00051854]
3472,3.4719999999997286,[0.67972411 0.0349467 ],[ 0.17899045 -1.22997827],[ 0.19773731 -1.41595627],[ 0.11877511 -0.00061168]
3473,3.4729999999997285,[0.6799033  0.03371531],[ 0.17918819 -1.23139422],[ 0.19821461 -1.40617627],[ 0.11893516 -0.00070501]
3474,3.4739999999997284,[0.68008269 0.0324825 ],[ 0.17938641 -1.2328004 ],[ 0.19869094 -1.39645759],[ 0.11909508 -0.00079853]
3475,3.4749999999997283,[0.68026227 0.03124831],[ 0.1795851  -1.23419686],[ 0.19916631 -1.38679985],[ 0.11925489 -0.00089223]
3476,3.475999999999728,[0.68044205 0.03001272],[ 0.17978426 -1.23558366],[ 0.19964071 -1.37720269],[ 0.11941456 -0.00098613]
3477,3.476999999999728,[0.68062204 0.02877576],[ 0.1799839  -1.23696086],[ 0.20011416 -1.36766574],[ 0.11957411 -0.00108021]
3478,3.477999999999728,[0.68080222 0.02753743],[ 0.18018402 -1.23832852],[ 0.20058665 -1.35818861],[ 0.11973354 -0.00117447]
3479,3.478999999999728,[0.68098261 0.02629775],[ 0.18038461 -1.23968671],[ 0.2010582  -1.34877096],[ 0.11989284 -0.00126892]
3480,3.4799999999997278,[0.68116319 0.02505671],[ 0.18058566 -1.24103548],[ 0.20152879 -1.33941242],[ 0.12005202 -0.00136355]
3481,3.4809999999997276,[0.68134398 0.02381434],[ 0.18078719 -1.2423749 ],[ 0.20199844 -1.33011262],[ 0.12021107 -0.00145836]
3482,3.4819999999997275,[0.68152497 0.02257063],[ 0.18098919 -1.24370501],[ 0.20246715 -1.3208712 ],[ 0.12036999 -0.00155334]
3483,3.4829999999997274,[0.68170616 0.02132561],[ 0.18119166 -1.24502588],[ 0.20293493 -1.31168782],[ 0.12052878 -0.00164851]
3484,3.4839999999997273,[0.68188756 0.02007927],[ 0.18139459 -1.24633757],[ 0.20340177 -1.3025621 ],[ 0.12068745 -0.00174385]
3485,3.484999999999727,[0.68206915 0.01883163],[ 0.18159799 -1.24764013],[ 0.20386768 -1.2934937 ],[ 0.120846   -0.00183936]
3486,3.485999999999727,[0.68225096 0.0175827 ],[ 0.18180186 -1.24893362],[ 0.20433266 -1.28448227],[ 0.12100441 -0.00193505]
3487,3.486999999999727,[0.68243296 0.01633248],[ 0.1820062  -1.25021811],[ 0.20479671 -1.27552746],[ 0.1211627  -0.00203091]
3488,3.487999999999727,[0.68261517 0.01508098],[ 0.18221099 -1.25149363],[ 0.20525985 -1.26662892],[ 0.12132086 -0.00212694]
3489,3.4889999999997268,[0.68279759 0.01382822],[ 0.18241625 -1.25276026],[ 0.20572206 -1.25778631],[ 0.12147889 -0.00222314]
3490,3.4899999999997267,[0.68298021 0.01257421],[ 0.18262197 -1.25401805],[ 0.20618336 -1.24899928],[ 0.12163679 -0.0023195 ]
3491,3.4909999999997265,[0.68316304 0.01131894],[ 0.18282816 -1.25526705],[ 0.20664375 -1.24026749],[ 0.12179457 -0.00241604]
3492,3.4919999999997264,[0.68334607 0.01006243],[ 0.1830348  -1.25650732],[ 0.20710323 -1.2315906 ],[ 0.12195221 -0.00251274]
3493,3.4929999999997263,[0.68352932 0.00880469],[ 0.1832419  -1.25773891],[ 0.2075618  -1.22296828],[ 0.12210973 -0.0026096 ]
3494,3.493999999999726,[0.68371277 0.00754573],[ 0.18344947 -1.25896187],[ 0.20801947 -1.2144002 ],[ 0.12226712 -0.00270662]
3495,3.494999999999726,[0.68389642 0.00628555],[ 0.18365749 -1.26017627],[ 0.20847625 -1.205886  ],[ 0.12242437 -0.00280381]
3496,3.495999999999726,[0.68408029 0.00502417],[ 0.18386596 -1.26138216],[ 0.20893212 -1.19742538],[ 0.1225815  -0.00290115]
3497,3.496999999999726,[0.68426436 0.00376159],[ 0.18407489 -1.26257959],[ 0.2093871  -1.18901799],[ 0.1227385  -0.00299866]
3498,3.4979999999997258,[0.68444865 0.00249782],[ 0.18428428 -1.2637686 ],[ 0.20984119 -1.18066352],[ 0.12289537 -0.00309632]
3499,3.4989999999997257,[0.68463314 0.00123287],[ 0.18449412 -1.26494927],[ 0.21029439 -1.17236162],[ 0.1230521  -0.00319414]
3500,3.4999999999997256,[ 6.84817847e-01 -3.32471484e-05],[ 0.18470442 -1.26612163],[ 0.2107467  -1.16411199],[ 0.12320871 -0.00329211]
3501,3.5009999999997254,[ 0.68500276 -0.00130053],[ 0.18491516 -1.26728574],[ 0.21119813 -1.1559143 ],[ 0.12336518 -0.00339024]
3502,3.5019999999997253,[ 0.68518789 -0.00256897],[ 0.18512636 -1.26844166],[ 0.21164868 -1.14776823],[ 0.12352153 -0.00348852]
3503,3.5029999999997252,[ 0.68537323 -0.00383856],[ 0.18533801 -1.26958942],[ 0.21209836 -1.13967346],[ 0.12367774 -0.00358694]
3504,3.503999999999725,[ 0.68555878 -0.00510929],[ 0.18555011 -1.2707291 ],[ 0.21254716 -1.13162967],[ 0.12383382 -0.00368552]
3505,3.504999999999725,[ 0.68574454 -0.00638115],[ 0.18576266 -1.27186073],[ 0.21299509 -1.12363656],[ 0.12398976 -0.00378425]
3506,3.505999999999725,[ 0.68593051 -0.00765414],[ 0.18597565 -1.27298436],[ 0.21344215 -1.11569381],[ 0.12414558 -0.00388312]
3507,3.506999999999725,[ 0.6861167  -0.00892824],[ 0.18618909 -1.27410006],[ 0.21388834 -1.1078011 ],[ 0.12430126 -0.00398215]
3508,3.5079999999997247,[ 0.68630311 -0.01020345],[ 0.18640298 -1.27520786],[ 0.21433368 -1.09995814],[ 0.12445681 -0.00408131]
3509,3.5089999999997246,[ 0.68648972 -0.01147975],[ 0.18661731 -1.27630782],[ 0.21477815 -1.09216461],[ 0.12461223 -0.00418062]
3510,3.5099999999997245,[ 0.68667656 -0.01275715],[ 0.18683209 -1.27739998],[ 0.21522176 -1.0844202 ],[ 0.12476751 -0.00428007]
3511,3.5109999999997243,[ 0.6868636  -0.01403564],[ 0.18704731 -1.2784844 ],[ 0.21566452 -1.07672462],[ 0.12492266 -0.00437966]
3512,3.5119999999997242,[ 0.68705087 -0.0153152 ],[ 0.18726298 -1.27956113],[ 0.21610642 -1.06907757],[ 0.12507767 -0.00447939]
3513,3.512999999999724,[ 0.68723835 -0.01659583],[ 0.18747909 -1.2806302 ],[ 0.21654748 -1.06147873],[ 0.12523255 -0.00457926]
3514,3.513999999999724,[ 0.68742604 -0.01787752],[ 0.18769563 -1.28169168],[ 0.21698769 -1.05392783],[ 0.1253873  -0.00467927]
3515,3.514999999999724,[ 0.68761395 -0.01916027],[ 0.18791262 -1.28274561],[ 0.21742705 -1.04642455],[ 0.12554191 -0.00477942]
3516,3.515999999999724,[ 0.68780208 -0.02044406],[ 0.18813005 -1.28379203],[ 0.21786557 -1.0389686 ],[ 0.12569639 -0.0048797 ]
3517,3.5169999999997237,[ 0.68799043 -0.02172889],[ 0.18834791 -1.284831  ],[ 0.21830325 -1.0315597 ],[ 0.12585073 -0.00498011]
3518,3.5179999999997236,[ 0.688179   -0.02301475],[ 0.18856622 -1.28586256],[ 0.21874009 -1.02419755],[ 0.12600494 -0.00508066]
3519,3.5189999999997235,[ 0.68836778 -0.02430164],[ 0.18878496 -1.28688676],[ 0.2191761  -1.01688186],[ 0.12615901 -0.00518133]
3520,3.5199999999997234,[ 0.68855679 -0.02558954],[ 0.18900413 -1.28790364],[ 0.21961128 -1.00961234],[ 0.12631294 -0.00528214]
3521,3.5209999999997232,[ 0.68874601 -0.02687846],[ 0.18922374 -1.28891325],[ 0.22004563 -1.00238871],[ 0.12646674 -0.00538308]
3522,3.521999999999723,[ 0.68893545 -0.02816837],[ 0.18944379 -1.28991564],[ 0.22047914 -0.99521068],[ 0.1266204  -0.00548414]
3523,3.522999999999723,[ 0.68912512 -0.02945928],[ 0.18966427 -1.29091085],[ 0.22091184 -0.98807797],[ 0.12677393 -0.00558534]
3524,3.523999999999723,[ 0.689315   -0.03075118],[ 0.18988518 -1.29189893],[ 0.22134371 -0.9809903 ],[ 0.12692731 -0.00568665]
3525,3.524999999999723,[ 0.68950511 -0.03204406],[ 0.19010652 -1.29287992],[ 0.22177476 -0.97394739],[ 0.12708056 -0.0057881 ]
3526,3.5259999999997227,[ 0.68969544 -0.03333792],[ 0.1903283  -1.29385387],[ 0.222205   -0.96694896],[ 0.12723368 -0.00588966]
3527,3.5269999999997226,[ 0.68988599 -0.03463274],[ 0.1905505  -1.29482082],[ 0.22263441 -0.95999473],[ 0.12738665 -0.00599135]
3528,3.5279999999997225,[ 0.69007676 -0.03592852],[ 0.19077314 -1.29578081],[ 0.22306302 -0.95308444],[ 0.12753949 -0.00609316]
3529,3.5289999999997224,[ 0.69026776 -0.03722525],[ 0.1909962 -1.2967339],[ 0.22349081 -0.9462178 ],[ 0.12769219 -0.00619509]
3530,3.5299999999997222,[ 0.69045898 -0.03852293],[ 0.19121969 -1.29768012],[ 0.2239178  -0.93939455],[ 0.12784475 -0.00629714]
3531,3.530999999999722,[ 0.69065042 -0.03982155],[ 0.19144361 -1.29861951],[ 0.22434398 -0.93261442],[ 0.12799717 -0.00639931]
3532,3.531999999999722,[ 0.69084209 -0.0411211 ],[ 0.19166795 -1.29955212],[ 0.22476935 -0.92587713],[ 0.12814945 -0.00650159]
3533,3.532999999999722,[ 0.69103398 -0.04242158],[ 0.19189272 -1.300478  ],[ 0.22519393 -0.91918243],[ 0.1283016  -0.00660399]
3534,3.533999999999722,[ 0.6912261  -0.04372298],[ 0.19211792 -1.30139718],[ 0.2256177  -0.91253004],[ 0.1284536 -0.0067065]
3535,3.5349999999997217,[ 0.69141844 -0.04502529],[ 0.19234354 -1.30230971],[ 0.22604068 -0.9059197 ],[ 0.12860547 -0.00680913]
3536,3.5359999999997216,[ 0.69161101 -0.0463285 ],[ 0.19256958 -1.30321563],[ 0.22646286 -0.89935116],[ 0.12875719 -0.00691187]
3537,3.5369999999997215,[ 0.69180381 -0.04763262],[ 0.19279604 -1.30411498],[ 0.22688425 -0.89282414],[ 0.12890877 -0.00701472]
3538,3.5379999999997214,[ 0.69199683 -0.04893763],[ 0.19302292 -1.30500781],[ 0.22730485 -0.8863384 ],[ 0.12906022 -0.00711768]
3539,3.5389999999997213,[ 0.69219008 -0.05024352],[ 0.19325023 -1.30589415],[ 0.22772466 -0.87989367],[ 0.12921152 -0.00722075]
3540,3.539999999999721,[ 0.69238356 -0.05155029],[ 0.19347795 -1.30677404],[ 0.22814368 -0.8734897 ],[ 0.12936268 -0.00732393]
3541,3.540999999999721,[ 0.69257727 -0.05285794],[ 0.1937061  -1.30764753],[ 0.22856192 -0.86712623],[ 0.1295137  -0.00742722]
3542,3.541999999999721,[ 0.6927712  -0.05416646],[ 0.19393466 -1.30851466],[ 0.22897938 -0.86080301],[ 0.12966458 -0.00753061]
3543,3.542999999999721,[ 0.69296537 -0.05547583],[ 0.19416364 -1.30937546],[ 0.22939605 -0.85451979],[ 0.12981532 -0.00763411]
3544,3.5439999999997207,[ 0.69315976 -0.05678606],[ 0.19439303 -1.31022998],[ 0.22981195 -0.84827632],[ 0.12996591 -0.00773771]
3545,3.5449999999997206,[ 0.69335438 -0.05809714],[ 0.19462285 -1.31107826],[ 0.23022707 -0.84207235],[ 0.13011636 -0.00784141]
3546,3.5459999999997205,[ 0.69354923 -0.05940906],[ 0.19485307 -1.31192033],[ 0.23064142 -0.83590764],[ 0.13026667 -0.00794521]
3547,3.5469999999997204,[ 0.69374432 -0.06072182],[ 0.19508371 -1.31275624],[ 0.231055   -0.82978193],[ 0.13041684 -0.00804912]
3548,3.5479999999997203,[ 0.69393963 -0.0620354 ],[ 0.19531477 -1.31358602],[ 0.23146781 -0.82369498],[ 0.13056686 -0.00815312]
3549,3.54899999999972,[ 0.69413518 -0.06334981],[ 0.19554624 -1.31440971],[ 0.23187985 -0.81764656],[ 0.13071675 -0.00825723]
3550,3.54999999999972,[ 0.69433096 -0.06466504],[ 0.19577812 -1.31522736],[ 0.23229112 -0.81163641],[ 0.13086648 -0.00836143]
3551,3.55099999999972,[ 0.69452697 -0.06598108],[ 0.19601041 -1.316039  ],[ 0.23270163 -0.8056643 ],[ 0.13101608 -0.00846573]
3552,3.55199999999972,[ 0.69472321 -0.06729792],[ 0.19624311 -1.31684466],[ 0.23311138 -0.79972999],[ 0.13116552 -0.00857012]
3553,3.5529999999997197,[ 0.69491969 -0.06861557],[ 0.19647622 -1.31764439],[ 0.23352037 -0.79383325],[ 0.13131483 -0.00867461]
3554,3.5539999999997196,[ 0.6951164  -0.06993401],[ 0.19670974 -1.31843822],[ 0.2339286  -0.78797383],[ 0.13146399 -0.00877919]
3555,3.5549999999997195,[ 0.69531334 -0.07125323],[ 0.19694367 -1.3192262 ],[ 0.23433608 -0.78215151],[ 0.131613   -0.00888387]
3556,3.5559999999997194,[ 0.69551052 -0.07257324],[ 0.19717801 -1.32000835],[ 0.2347428  -0.77636605],[ 0.13176188 -0.00898864]
3557,3.5569999999997193,[ 0.69570793 -0.07389403],[ 0.19741275 -1.32078471],[ 0.23514877 -0.77061721],[ 0.1319106  -0.00909349]
3558,3.557999999999719,[ 0.69590558 -0.07521558],[ 0.1976479  -1.32155533],[ 0.23555399 -0.76490478],[ 0.13205918 -0.00919844]
3559,3.558999999999719,[ 0.69610346 -0.0765379 ],[ 0.19788345 -1.32232024],[ 0.23595846 -0.75922851],[ 0.13220761 -0.00930347]
3560,3.559999999999719,[ 0.69630158 -0.07786098],[ 0.19811941 -1.32307947],[ 0.23636218 -0.75358818],[ 0.1323559 -0.0094086]
3561,3.560999999999719,[ 0.69649994 -0.07918481],[ 0.19835577 -1.32383305],[ 0.23676516 -0.74798357],[ 0.13250404 -0.00951381]
3562,3.5619999999997187,[ 0.69669853 -0.08050939],[ 0.19859254 -1.32458104],[ 0.2371674  -0.74241445],[ 0.13265204 -0.0096191 ]
3563,3.5629999999997186,[ 0.69689736 -0.08183472],[ 0.1988297  -1.32532345],[ 0.23756889 -0.73688059],[ 0.13279988 -0.00972448]
3564,3.5639999999997185,[ 0.69709643 -0.08316078],[ 0.19906727 -1.32606033],[ 0.23796965 -0.73138178],[ 0.13294758 -0.00982995]
3565,3.5649999999997184,[ 0.69729573 -0.08448757],[ 0.19930524 -1.32679171],[ 0.23836967 -0.7259178 ],[ 0.13309514 -0.00993549]
3566,3.5659999999997183,[ 0.69749528 -0.08581509],[ 0.19954361 -1.32751763],[ 0.23876895 -0.72048841],[ 0.13324254 -0.01004112]
3567,3.566999999999718,[ 0.69769506 -0.08714333],[ 0.19978238 -1.32823812],[ 0.2391675  -0.71509342],[ 0.1333898  -0.01014683]
3568,3.567999999999718,[ 0.69789508 -0.08847228],[ 0.20002155 -1.32895321],[ 0.23956532 -0.70973259],[ 0.13353691 -0.01025262]
3569,3.568999999999718,[ 0.69809534 -0.08980194],[ 0.20026111 -1.32966295],[ 0.23996241 -0.70440571],[ 0.13368387 -0.01035849]
3570,3.569999999999718,[ 0.69829584 -0.09113231],[ 0.20050108 -1.33036735],[ 0.24035877 -0.69911257],[ 0.13383068 -0.01046444]
3571,3.5709999999997177,[ 0.69849658 -0.09246338],[ 0.20074144 -1.33106646],[ 0.2407544  -0.69385295],[ 0.13397735 -0.01057046]
3572,3.5719999999997176,[ 0.69869757 -0.09379514],[ 0.20098219 -1.33176032],[ 0.24114931 -0.68862664],[ 0.13412386 -0.01067656]
3573,3.5729999999997175,[ 0.69889879 -0.09512758],[ 0.20122334 -1.33244894],[ 0.24154349 -0.68343344],[ 0.13427023 -0.01078274]
3574,3.5739999999997174,[ 0.69910025 -0.09646072],[ 0.20146488 -1.33313238],[ 0.24193696 -0.67827313],[ 0.13441644 -0.01088899]
3575,3.5749999999997173,[ 0.69930196 -0.09779453],[ 0.20170682 -1.33381065],[ 0.2423297 -0.6731455],[ 0.13456251 -0.01099531]
3576,3.575999999999717,[ 0.69950391 -0.09912901],[ 0.20194915 -1.3344838 ],[ 0.24272172 -0.66805034],[ 0.13470842 -0.01110171]
3577,3.576999999999717,[ 0.6997061  -0.10046416],[ 0.20219187 -1.33515185],[ 0.24311303 -0.66298746],[ 0.13485419 -0.01120818]
3578,3.577999999999717,[ 0.69990854 -0.10179998],[ 0.20243498 -1.33581483],[ 0.24350362 -0.65795664],[ 0.1349998  -0.01131472]
3579,3.578999999999717,[ 0.70011121 -0.10313645],[ 0.20267849 -1.33647279],[ 0.2438935  -0.65295768],[ 0.13514527 -0.01142132]
3580,3.5799999999997167,[ 0.70031414 -0.10447358],[ 0.20292238 -1.33712575],[ 0.24428267 -0.64799039],[ 0.13529058 -0.011528  ]
3581,3.5809999999997166,[ 0.7005173  -0.10581135],[ 0.20316666 -1.33777374],[ 0.24467113 -0.64305455],[ 0.13543574 -0.01163475]
3582,3.5819999999997165,[ 0.70072072 -0.10714977],[ 0.20341134 -1.33841679],[ 0.24505888 -0.63814997],[ 0.13558075 -0.01174156]
3583,3.5829999999997164,[ 0.70092437 -0.10848882],[ 0.20365639 -1.33905494],[ 0.24544592 -0.63327644],[ 0.13572561 -0.01184844]
3584,3.5839999999997163,[ 0.70112827 -0.10982851],[ 0.20390184 -1.33968822],[ 0.24583226 -0.62843378],[ 0.13587032 -0.01195538]
3585,3.584999999999716,[ 0.70133242 -0.11116883],[ 0.20414767 -1.34031665],[ 0.24621789 -0.62362179],[ 0.13601487 -0.01206239]
3586,3.585999999999716,[ 0.70153682 -0.11250977],[ 0.20439389 -1.34094028],[ 0.24660282 -0.61884026],[ 0.13615927 -0.01216946]
3587,3.586999999999716,[ 0.70174146 -0.11385133],[ 0.20464049 -1.34155912],[ 0.24698705 -0.61408901],[ 0.13630352 -0.0122766 ]
3588,3.587999999999716,[ 0.70194634 -0.1151935 ],[ 0.20488748 -1.3421732 ],[ 0.24737059 -0.60936785],[ 0.13644761 -0.01238379]
3589,3.5889999999997158,[ 0.70215148 -0.11653628],[ 0.20513485 -1.34278257],[ 0.24775342 -0.60467657],[ 0.13659155 -0.01249105]
3590,3.5899999999997156,[ 0.70235686 -0.11787967],[ 0.2053826  -1.34338725],[ 0.24813556 -0.600015  ],[ 0.13673534 -0.01259837]
3591,3.5909999999997155,[ 0.70256249 -0.11922366],[ 0.20563074 -1.34398726],[ 0.248517   -0.59538293],[ 0.13687898 -0.01270575]
3592,3.5919999999997154,[ 0.70276837 -0.12056824],[ 0.20587926 -1.34458265],[ 0.24889775 -0.59078019],[ 0.13702246 -0.01281318]
3593,3.5929999999997153,[ 0.7029745  -0.12191341],[ 0.20612815 -1.34517343],[ 0.24927781 -0.58620658],[ 0.13716578 -0.01292068]
3594,3.593999999999715,[ 0.70318088 -0.12325917],[ 0.20637743 -1.34575963],[ 0.24965718 -0.58166193],[ 0.13730895 -0.01302823]
3595,3.594999999999715,[ 0.7033875  -0.12460551],[ 0.20662709 -1.3463413 ],[ 0.25003586 -0.57714603],[ 0.13745197 -0.01313583]
3596,3.595999999999715,[ 0.70359438 -0.12595243],[ 0.20687713 -1.34691844],[ 0.25041386 -0.57265872],[ 0.13759483 -0.0132435 ]
3597,3.596999999999715,[ 0.70380151 -0.12729992],[ 0.20712754 -1.3474911 ],[ 0.25079116 -0.5681998 ],[ 0.13773754 -0.01335121]
3598,3.5979999999997148,[ 0.70400889 -0.12864798],[ 0.20737833 -1.3480593 ],[ 0.25116779 -0.56376909],[ 0.13788009 -0.01345898]
3599,3.5989999999997146,[ 0.70421652 -0.12999661],[ 0.2076295  -1.34862307],[ 0.25154373 -0.55936642],[ 0.13802248 -0.0135668 ]
3600,3.5999999999997145,[ 0.7044244  -0.13134579],[ 0.20788104 -1.34918244],[ 0.25191899 -0.5549916 ],[ 0.13816472 -0.01367467]
3601,3.6009999999997144,[ 0.70463253 -0.13269553],[ 0.20813296 -1.34973743],[ 0.25229357 -0.55064446],[ 0.1383068 -0.0137826]
3602,3.6019999999997143,[ 0.70484091 -0.13404581],[ 0.20838525 -1.35028807],[ 0.25266747 -0.54632481],[ 0.13844872 -0.01389057]
3603,3.602999999999714,[ 0.70504955 -0.13539665],[ 0.20863792 -1.3508344 ],[ 0.25304069 -0.54203249],[ 0.13859049 -0.0139986 ]
3604,3.603999999999714,[ 0.70525844 -0.13674802],[ 0.20889096 -1.35137643],[ 0.25341324 -0.53776731],[ 0.1387321  -0.01410667]
3605,3.604999999999714,[ 0.70546759 -0.13809994],[ 0.20914438 -1.3519142 ],[ 0.25378512 -0.5335291 ],[ 0.13887356 -0.01421479]
3606,3.605999999999714,[ 0.70567699 -0.13945239],[ 0.20939816 -1.35244773],[ 0.25415632 -0.52931769],[ 0.13901485 -0.01432295]
3607,3.6069999999997138,[ 0.70588664 -0.14080536],[ 0.20965232 -1.35297704],[ 0.25452685 -0.52513291],[ 0.13915599 -0.01443117]
3608,3.6079999999997137,[ 0.70609655 -0.14215887],[ 0.20990684 -1.35350218],[ 0.25489671 -0.52097458],[ 0.13929697 -0.01453942]
3609,3.6089999999997135,[ 0.70630671 -0.14351289],[ 0.21016174 -1.35402315],[ 0.2552659  -0.51684253],[ 0.13943779 -0.01464773]
3610,3.6099999999997134,[ 0.70651712 -0.14486743],[ 0.21041701 -1.35453999],[ 0.25563442 -0.51273659],[ 0.13957846 -0.01475607]
3611,3.6109999999997133,[ 0.7067278  -0.14622248],[ 0.21067264 -1.35505273],[ 0.25600228 -0.5086566 ],[ 0.13971896 -0.01486446]
3612,3.611999999999713,[ 0.70693873 -0.14757804],[ 0.21092864 -1.35556139],[ 0.25636947 -0.50460239],[ 0.13985931 -0.01497289]
3613,3.612999999999713,[ 0.70714991 -0.14893411],[ 0.21118501 -1.35606599],[ 0.25673599 -0.50057379],[ 0.1399995  -0.01508136]
3614,3.613999999999713,[ 0.70736135 -0.15029068],[ 0.21144175 -1.35656656],[ 0.25710186 -0.49657063],[ 0.14013952 -0.01518988]
3615,3.614999999999713,[ 0.70757305 -0.15164774],[ 0.21169885 -1.35706313],[ 0.25746706 -0.49259276],[ 0.14027939 -0.01529843]
3616,3.6159999999997128,[ 0.70778501 -0.15300529],[ 0.21195632 -1.35755573],[ 0.25783161 -0.48864001],[ 0.1404191  -0.01540702]
3617,3.6169999999997127,[ 0.70799722 -0.15436334],[ 0.21221415 -1.35804437],[ 0.25819549 -0.48471221],[ 0.14055864 -0.01551565]
3618,3.6179999999997126,[ 0.70820969 -0.15572187],[ 0.21247234 -1.35852908],[ 0.25855872 -0.4808092 ],[ 0.14069803 -0.01562432]
3619,3.6189999999997124,[ 0.70842242 -0.15708088],[ 0.2127309  -1.35900989],[ 0.25892129 -0.47693083],[ 0.14083725 -0.01573302]
3620,3.6199999999997123,[ 0.70863541 -0.15844036],[ 0.21298982 -1.35948682],[ 0.25928321 -0.47307693],[ 0.14097632 -0.01584176]
3621,3.6209999999997122,[ 0.70884866 -0.15980032],[ 0.21324911 -1.35995989],[ 0.25964448 -0.46924735],[ 0.14111522 -0.01595053]
3622,3.621999999999712,[ 0.70906217 -0.16116075],[ 0.21350875 -1.36042914],[ 0.26000509 -0.46544193],[ 0.14125396 -0.01605934]
3623,3.622999999999712,[ 0.70927594 -0.16252165],[ 0.21376876 -1.36089458],[ 0.26036505 -0.46166051],[ 0.14139254 -0.01616819]
3624,3.623999999999712,[ 0.70948997 -0.163883  ],[ 0.21402912 -1.36135624],[ 0.26072436 -0.45790293],[ 0.14153096 -0.01627706]
3625,3.624999999999712,[ 0.70970426 -0.16524482],[ 0.21428985 -1.36181415],[ 0.26108302 -0.45416904],[ 0.14166921 -0.01638597]
3626,3.6259999999997117,[ 0.70991881 -0.16660709],[ 0.21455093 -1.36226832],[ 0.26144103 -0.45045869],[ 0.14180731 -0.01649491]
3627,3.6269999999997116,[ 0.71013362 -0.16796981],[ 0.21481237 -1.36271878],[ 0.2617984  -0.44677172],[ 0.14194524 -0.01660388]
3628,3.6279999999997115,[ 0.7103487  -0.16933297],[ 0.21507417 -1.36316555],[ 0.26215512 -0.44310798],[ 0.142083   -0.01671288]
3629,3.6289999999997113,[ 0.71056403 -0.17069658],[ 0.21533632 -1.36360866],[ 0.2625112  -0.43946732],[ 0.14222061 -0.01682191]
3630,3.6299999999997112,[ 0.71077963 -0.17206063],[ 0.21559884 -1.36404812],[ 0.26286664 -0.43584959],[ 0.14235805 -0.01693096]
3631,3.630999999999711,[ 0.71099549 -0.17342511],[ 0.2158617  -1.36448397],[ 0.26322143 -0.43225465],[ 0.14249533 -0.01704005]
3632,3.631999999999711,[ 0.71121162 -0.17479003],[ 0.21612492 -1.36491623],[ 0.26357558 -0.42868233],[ 0.14263244 -0.01714916]
3633,3.632999999999711,[ 0.71142801 -0.17615537],[ 0.2163885  -1.36534491],[ 0.26392909 -0.42513249],[ 0.14276939 -0.0172583 ]
3634,3.633999999999711,[ 0.71164466 -0.17752114],[ 0.21665243 -1.36577004],[ 0.26428197 -0.421605  ],[ 0.14290617 -0.01736746]
3635,3.6349999999997107,[ 0.71186158 -0.17888733],[ 0.21691671 -1.36619165],[ 0.26463421 -0.41809969],[ 0.14304279 -0.01747665]
3636,3.6359999999997106,[ 0.71207876 -0.18025394],[ 0.21718134 -1.36660975],[ 0.26498581 -0.41461643],[ 0.14317924 -0.01758587]
3637,3.6369999999997105,[ 0.7122962  -0.18162097],[ 0.21744633 -1.36702436],[ 0.26533677 -0.41115507],[ 0.14331553 -0.0176951 ]
3638,3.6379999999997104,[ 0.71251392 -0.1829884 ],[ 0.21771167 -1.36743552],[ 0.26568711 -0.40771547],[ 0.14345166 -0.01780436]
3639,3.6389999999997102,[ 0.71273189 -0.18435625],[ 0.21797735 -1.36784323],[ 0.26603681 -0.40429749],[ 0.14358762 -0.01791364]
3640,3.63999999999971,[ 0.71295014 -0.1857245 ],[ 0.21824339 -1.36824753],[ 0.26638587 -0.40090098],[ 0.14372341 -0.01802295]
3641,3.64099999999971,[ 0.71316865 -0.18709314],[ 0.21850978 -1.36864843],[ 0.26673431 -0.3975258 ],[ 0.14385903 -0.01813227]
3642,3.64199999999971,[ 0.71338742 -0.18846219],[ 0.21877651 -1.36904596],[ 0.26708212 -0.39417182],[ 0.14399449 -0.01824161]
3643,3.64299999999971,[ 0.71360647 -0.18983163],[ 0.21904359 -1.36944013],[ 0.2674293  -0.39083889],[ 0.14412979 -0.01835098]
3644,3.6439999999997097,[ 0.71382578 -0.19120146],[ 0.21931102 -1.36983097],[ 0.26777585 -0.38752688],[ 0.14426491 -0.01846036]
3645,3.6449999999997096,[ 0.71404536 -0.19257168],[ 0.2195788 -1.3702185],[ 0.26812177 -0.38423565],[ 0.14439987 -0.01856976]
3646,3.6459999999997095,[ 0.7142652  -0.19394228],[ 0.21984692 -1.37060273],[ 0.26846707 -0.38096506],[ 0.14453466 -0.01867917]
3647,3.6469999999997094,[ 0.71448532 -0.19531327],[ 0.22011539 -1.3709837 ],[ 0.26881174 -0.37771497],[ 0.14466928 -0.01878861]
3648,3.6479999999997093,[ 0.7147057  -0.19668463],[ 0.2203842  -1.37136141],[ 0.26915579 -0.37448526],[ 0.14480374 -0.01889805]
3649,3.648999999999709,[ 0.71492636 -0.19805636],[ 0.22065335 -1.3717359 ],[ 0.26949922 -0.37127579],[ 0.14493803 -0.01900752]
3650,3.649999999999709,[ 0.71514728 -0.19942847],[ 0.22092285 -1.37210717],[ 0.26984203 -0.36808642],[ 0.14507215 -0.019117  ]
3651,3.650999999999709,[ 0.71536847 -0.20080095],[ 0.2211927  -1.37247526],[ 0.27018422 -0.36491702],[ 0.1452061  -0.01922649]
3652,3.651999999999709,[ 0.71558994 -0.20217379],[ 0.22146288 -1.37284018],[ 0.27052578 -0.36176746],[ 0.14533988 -0.01933599]
3653,3.6529999999997087,[ 0.71581167 -0.20354699],[ 0.22173341 -1.37320194],[ 0.27086673 -0.35863761],[ 0.14547349 -0.01944551]
3654,3.6539999999997086,[ 0.71603367 -0.20492055],[ 0.22200427 -1.37356058],[ 0.27120706 -0.35552734],[ 0.14560694 -0.01955504]
3655,3.6549999999997085,[ 0.71625595 -0.20629446],[ 0.22227548 -1.37391611],[ 0.27154678 -0.35243651],[ 0.14574021 -0.01966458]
3656,3.6559999999997084,[ 0.7164785  -0.20766873],[ 0.22254703 -1.37426854],[ 0.27188587 -0.34936501],[ 0.14587331 -0.01977413]
3657,3.6569999999997083,[ 0.71670131 -0.20904335],[ 0.22281891 -1.37461791],[ 0.27222436 -0.3463127 ],[ 0.14600625 -0.01988369]
3658,3.657999999999708,[ 0.71692441 -0.21041831],[ 0.22309114 -1.37496422],[ 0.27256223 -0.34327946],[ 0.14613901 -0.01999326]
3659,3.658999999999708,[ 0.71714777 -0.21179362],[ 0.2233637 -1.3753075],[ 0.27289948 -0.34026516],[ 0.14627161 -0.02010284]
3660,3.659999999999708,[ 0.71737141 -0.21316927],[ 0.2236366  -1.37564777],[ 0.27323613 -0.33726967],[ 0.14640403 -0.02021243]
3661,3.660999999999708,[ 0.71759532 -0.21454526],[ 0.22390983 -1.37598504],[ 0.27357216 -0.33429287],[ 0.14653628 -0.02032202]
3662,3.6619999999997077,[ 0.7178195  -0.21592157],[ 0.22418341 -1.37631933],[ 0.27390759 -0.33133463],[ 0.14666836 -0.02043162]
3663,3.6629999999997076,[ 0.71804396 -0.21729823],[ 0.22445731 -1.37665066],[ 0.2742424  -0.32839484],[ 0.14680027 -0.02054123]
3664,3.6639999999997075,[ 0.71826869 -0.2186752 ],[ 0.22473156 -1.37697906],[ 0.27457661 -0.32547336],[ 0.146932   -0.02065084]
3665,3.6649999999997074,[ 0.71849369 -0.22005251],[ 0.22500613 -1.37730453],[ 0.27491021 -0.32257009],[ 0.14706357 -0.02076046]
3666,3.6659999999997073,[ 0.71871898 -0.22143014],[ 0.22528104 -1.3776271 ],[ 0.2752432  -0.31968488],[ 0.14719496 -0.02087008]
3667,3.666999999999707,[ 0.71894453 -0.22280808],[ 0.22555629 -1.37794679],[ 0.27557559 -0.31681764],[ 0.14732618 -0.0209797 ]
3668,3.667999999999707,[ 0.71917036 -0.22418635],[ 0.22583186 -1.3782636 ],[ 0.27590737 -0.31396823],[ 0.14745723 -0.02108933]
3669,3.668999999999707,[ 0.71939647 -0.22556492],[ 0.22610777 -1.37857757],[ 0.27623855 -0.31113654],[ 0.1475881  -0.02119896]
3670,3.669999999999707,[ 0.71962286 -0.22694381],[ 0.22638401 -1.37888871],[ 0.27656913 -0.30832245],[ 0.14771881 -0.02130859]
3671,3.6709999999997067,[ 0.71984952 -0.22832301],[ 0.22666058 -1.37919703],[ 0.2768991  -0.30552584],[ 0.14784933 -0.02141822]
3672,3.6719999999997066,[ 0.72007645 -0.22970251],[ 0.22693748 -1.37950256],[ 0.27722847 -0.30274659],[ 0.14797969 -0.02152785]
3673,3.6729999999997065,[ 0.72030367 -0.23108232],[ 0.22721471 -1.3798053 ],[ 0.27755724 -0.2999846 ],[ 0.14810987 -0.02163749]
3674,3.6739999999997064,[ 0.72053116 -0.23246242],[ 0.22749226 -1.38010529],[ 0.27788542 -0.29723974],[ 0.14823988 -0.02174712]
3675,3.6749999999997063,[ 0.72075893 -0.23384283],[ 0.22777015 -1.38040253],[ 0.27821299 -0.29451189],[ 0.14836971 -0.02185675]
3676,3.675999999999706,[ 0.72098698 -0.23522352],[ 0.22804836 -1.38069704],[ 0.27853996 -0.29180096],[ 0.14849936 -0.02196637]
3677,3.676999999999706,[ 0.72121531 -0.23660451],[ 0.2283269  -1.38098884],[ 0.27886634 -0.28910681],[ 0.14862885 -0.022076  ]
3678,3.677999999999706,[ 0.72144391 -0.23798579],[ 0.22860577 -1.38127795],[ 0.27919212 -0.28642934],[ 0.14875815 -0.02218562]
3679,3.678999999999706,[ 0.7216728  -0.23936735],[ 0.22888496 -1.38156438],[ 0.27951731 -0.28376844],[ 0.14888729 -0.02229524]
3680,3.6799999999997057,[ 0.72190196 -0.2407492 ],[ 0.22916448 -1.38184815],[ 0.2798419 -0.281124 ],[ 0.14901624 -0.02240485]
3681,3.6809999999997056,[ 0.7221314  -0.24213133],[ 0.22944432 -1.38212927],[ 0.2801659 -0.2784959],[ 0.14914502 -0.02251446]
3682,3.6819999999997055,[ 0.72236113 -0.24351374],[ 0.22972448 -1.38240777],[ 0.2804893  -0.27588404],[ 0.14927363 -0.02262406]
3683,3.6829999999997054,[ 0.72259113 -0.24489642],[ 0.23000497 -1.38268365],[ 0.28081212 -0.27328831],[ 0.14940206 -0.02273365]
3684,3.6839999999997053,[ 0.72282142 -0.24627938],[ 0.23028579 -1.38295694],[ 0.28113434 -0.27070859],[ 0.14953031 -0.02284324]
3685,3.684999999999705,[ 0.72305199 -0.24766261],[ 0.23056692 -1.38322765],[ 0.28145597 -0.26814478],[ 0.14965838 -0.02295282]
3686,3.685999999999705,[ 0.72328284 -0.2490461 ],[ 0.23084838 -1.38349579],[ 0.281777   -0.26559677],[ 0.14978628 -0.0230624 ]
3687,3.686999999999705,[ 0.72351397 -0.25042986],[ 0.23113015 -1.38376139],[ 0.28209745 -0.26306447],[ 0.149914   -0.02317196]
3688,3.687999999999705,[ 0.72374538 -0.25181389],[ 0.23141225 -1.38402445],[ 0.28241732 -0.26054775],[ 0.15004154 -0.02328152]
3689,3.6889999999997047,[ 0.72397707 -0.25319817],[ 0.23169467 -1.384285  ],[ 0.28273659 -0.25804651],[ 0.15016891 -0.02339106]
3690,3.6899999999997046,[ 0.72420905 -0.25458272],[ 0.2319774  -1.38454305],[ 0.28305527 -0.25556066],[ 0.1502961 -0.0235006]
3691,3.6909999999997045,[ 0.72444131 -0.25596752],[ 0.23226046 -1.38479861],[ 0.28337337 -0.25309008],[ 0.15042311 -0.02361012]
3692,3.6919999999997044,[ 0.72467385 -0.25735257],[ 0.23254383 -1.3850517 ],[ 0.28369089 -0.25063468],[ 0.15054994 -0.02371964]
3693,3.6929999999997043,[ 0.72490668 -0.25873787],[ 0.23282752 -1.38530233],[ 0.28400782 -0.24819434],[ 0.15067659 -0.02382914]
3694,3.693999999999704,[ 0.72513979 -0.26012342],[ 0.23311153 -1.38555053],[ 0.28432416 -0.24576898],[ 0.15080306 -0.02393862]
3695,3.694999999999704,[ 0.72537319 -0.26150922],[ 0.23339586 -1.3857963 ],[ 0.28463992 -0.24335848],[ 0.15092936 -0.0240481 ]
3696,3.695999999999704,[ 0.72560687 -0.26289526],[ 0.2336805  -1.38603965],[ 0.2849551  -0.24096274],[ 0.15105547 -0.02415756]
3697,3.696999999999704,[ 0.72584084 -0.26428154],[ 0.23396545 -1.38628062],[ 0.28526969 -0.23858168],[ 0.15118141 -0.02426701]
3698,3.6979999999997037,[ 0.72607509 -0.26566806],[ 0.23425072 -1.3865192 ],[ 0.28558371 -0.23621517],[ 0.15130716 -0.02437644]
3699,3.6989999999997036,[ 0.72630962 -0.26705481],[ 0.2345363  -1.38675541],[ 0.28589714 -0.23386314],[ 0.15143274 -0.02448585]
3700,3.6999999999997035,[ 0.72654444 -0.2684418 ],[ 0.2348222  -1.38698928],[ 0.28621    -0.23152547],[ 0.15155813 -0.02459525]
3701,3.7009999999997034,[ 0.72677955 -0.26982902],[ 0.23510841 -1.3872208 ],[ 0.28652227 -0.22920207],[ 0.15168335 -0.02470464]
3702,3.7019999999997033,[ 0.72701495 -0.27121647],[ 0.23539493 -1.38745   ],[ 0.28683396 -0.22689284],[ 0.15180838 -0.02481401]
3703,3.702999999999703,[ 0.72725063 -0.27260415],[ 0.23568177 -1.3876769 ],[ 0.28714508 -0.22459769],[ 0.15193324 -0.02492335]
3704,3.703999999999703,[ 0.7274866  -0.27399205],[ 0.23596891 -1.3879015 ],[ 0.28745562 -0.22231652],[ 0.15205791 -0.02503269]
3705,3.704999999999703,[ 0.72772285 -0.27538017],[ 0.23625637 -1.38812381],[ 0.28776558 -0.22004924],[ 0.1521824 -0.025142 ]
3706,3.705999999999703,[ 0.7279594  -0.27676852],[ 0.23654413 -1.38834386],[ 0.28807497 -0.21779574],[ 0.15230671 -0.02525129]
3707,3.7069999999997028,[ 0.72819623 -0.27815708],[ 0.23683221 -1.38856166],[ 0.28838378 -0.21555594],[ 0.15243083 -0.02536056]
3708,3.7079999999997026,[ 0.72843335 -0.27954586],[ 0.23712059 -1.38877721],[ 0.28869201 -0.21332974],[ 0.15255478 -0.02546982]
3709,3.7089999999997025,[ 0.72867076 -0.28093485],[ 0.23740928 -1.38899054],[ 0.28899967 -0.21111705],[ 0.15267854 -0.02557905]
3710,3.7099999999997024,[ 0.72890846 -0.28232405],[ 0.23769828 -1.38920166],[ 0.28930676 -0.20891778],[ 0.15280212 -0.02568826]
3711,3.7109999999997023,[ 0.72914645 -0.28371346],[ 0.23798759 -1.38941058],[ 0.28961327 -0.20673183],[ 0.15292551 -0.02579745]
3712,3.711999999999702,[ 0.72938472 -0.28510308],[ 0.2382772  -1.38961731],[ 0.28991921 -0.20455911],[ 0.15304873 -0.02590661]
3713,3.712999999999702,[ 0.72962329 -0.2864929 ],[ 0.23856712 -1.38982187],[ 0.29022458 -0.20239953],[ 0.15317176 -0.02601575]
3714,3.713999999999702,[ 0.72986215 -0.28788292],[ 0.23885735 -1.39002427],[ 0.29052938 -0.20025301],[ 0.1532946  -0.02612487]
3715,3.714999999999702,[ 0.7301013  -0.28927315],[ 0.23914788 -1.39022452],[ 0.2908336  -0.19811944],[ 0.15341726 -0.02623397]
3716,3.7159999999997018,[ 0.73034074 -0.29066357],[ 0.23943871 -1.39042264],[ 0.29113726 -0.19599875],[ 0.15353974 -0.02634304]
3717,3.7169999999997017,[ 0.73058046 -0.29205419],[ 0.23972985 -1.39061864],[ 0.29144035 -0.19389084],[ 0.15366204 -0.02645209]
3718,3.7179999999997015,[ 0.73082049 -0.293445  ],[ 0.24002129 -1.39081253],[ 0.29174287 -0.19179563],[ 0.15378415 -0.02656111]
3719,3.7189999999997014,[ 0.7310608 -0.294836 ],[ 0.24031303 -1.39100433],[ 0.29204481 -0.18971302],[ 0.15390607 -0.0266701 ]
3720,3.7199999999997013,[ 0.7313014 -0.2962272],[ 0.24060508 -1.39119404],[ 0.2923462  -0.18764293],[ 0.15402781 -0.02677907]
3721,3.720999999999701,[ 0.7315423  -0.29761858],[ 0.24089742 -1.39138168],[ 0.29264701 -0.18558528],[ 0.15414937 -0.02688801]
3722,3.721999999999701,[ 0.73178349 -0.29901015],[ 0.24119007 -1.39156727],[ 0.29294726 -0.18353997],[ 0.15427073 -0.02699692]
3723,3.722999999999701,[ 0.73202497 -0.3004019 ],[ 0.24148302 -1.39175081],[ 0.29324694 -0.18150692],[ 0.15439192 -0.0271058 ]
3724,3.723999999999701,[ 0.73226675 -0.30179383],[ 0.24177626 -1.39193231],[ 0.29354605 -0.17948606],[ 0.15451292 -0.02721466]
3725,3.7249999999997008,[ 0.73250882 -0.30318594],[ 0.24206981 -1.3921118 ],[ 0.2938446  -0.17747728],[ 0.15463373 -0.02732349]
3726,3.7259999999997007,[ 0.73275118 -0.30457823],[ 0.24236365 -1.39228928],[ 0.29414259 -0.17548051],[ 0.15475435 -0.02743228]
3727,3.7269999999997006,[ 0.73299384 -0.3059707 ],[ 0.2426578  -1.39246476],[ 0.29444001 -0.17349567],[ 0.15487479 -0.02754105]
3728,3.7279999999997004,[ 0.73323679 -0.30736333],[ 0.24295224 -1.39263825],[ 0.29473686 -0.17152267],[ 0.15499504 -0.02764979]
3729,3.7289999999997003,[ 0.73348004 -0.30875614],[ 0.24324697 -1.39280978],[ 0.29503316 -0.16956143],[ 0.15511511 -0.02775849]
3730,3.7299999999997,[ 0.73372358 -0.31014912],[ 0.24354201 -1.39297934],[ 0.29532889 -0.16761187],[ 0.15523498 -0.02786716]
3731,3.7309999999997,[ 0.73396742 -0.31154227],[ 0.24383734 -1.39314695],[ 0.29562406 -0.1656739 ],[ 0.15535467 -0.0279758 ]
3732,3.7319999999997,[ 0.73421155 -0.31293558],[ 0.24413296 -1.39331262],[ 0.29591866 -0.16374745],[ 0.15547418 -0.02808441]
3733,3.7329999999997,[ 0.73445598 -0.31432906],[ 0.24442888 -1.39347637],[ 0.29621271 -0.16183244],[ 0.15559349 -0.02819299]
3734,3.7339999999997,[ 0.73470071 -0.3157227 ],[ 0.24472509 -1.3936382 ],[ 0.2965062  -0.15992878],[ 0.15571261 -0.02830153]
3735,3.7349999999996997,[ 0.73494573 -0.3171165 ],[ 0.2450216  -1.39379813],[ 0.29679912 -0.15803639],[ 0.15583155 -0.02841004]
3736,3.7359999999996996,[ 0.73519105 -0.31851045],[ 0.2453184  -1.39395617],[ 0.29709149 -0.15615521],[ 0.1559503  -0.02851851]
3737,3.7369999999996995,[ 0.73543666 -0.31990456],[ 0.24561549 -1.39411232],[ 0.29738329 -0.15428514],[ 0.15606886 -0.02862695]
3738,3.7379999999996993,[ 0.73568258 -0.32129883],[ 0.24591287 -1.39426661],[ 0.29767454 -0.15242611],[ 0.15618723 -0.02873535]
3739,3.7389999999996992,[ 0.73592879 -0.32269325],[ 0.24621055 -1.39441903],[ 0.29796523 -0.15057804],[ 0.15630541 -0.02884371]
3740,3.739999999999699,[ 0.7361753  -0.32408782],[ 0.24650851 -1.39456961],[ 0.29825536 -0.14874086],[ 0.1564234  -0.02895204]
3741,3.740999999999699,[ 0.7364221  -0.32548254],[ 0.24680677 -1.39471835],[ 0.29854494 -0.14691449],[ 0.15654121 -0.02906034]
3742,3.741999999999699,[ 0.73666921 -0.3268774 ],[ 0.24710531 -1.39486527],[ 0.29883395 -0.14509885],[ 0.15665882 -0.02916859]
3743,3.742999999999699,[ 0.73691661 -0.32827241],[ 0.24740415 -1.39501037],[ 0.29912241 -0.14329387],[ 0.15677624 -0.02927681]
3744,3.7439999999996987,[ 0.73716431 -0.32966757],[ 0.24770327 -1.39515366],[ 0.29941032 -0.14149947],[ 0.15689347 -0.02938499]
3745,3.7449999999996986,[ 0.73741232 -0.33106286],[ 0.24800268 -1.39529516],[ 0.29969767 -0.13971558],[ 0.15701051 -0.02949313]
3746,3.7459999999996985,[ 0.73766062 -0.3324583 ],[ 0.24830238 -1.39543488],[ 0.29998446 -0.13794212],[ 0.15712736 -0.02960123]
3747,3.7469999999996983,[ 0.73790922 -0.33385387],[ 0.24860236 -1.39557282],[ 0.3002707  -0.13617902],[ 0.15724402 -0.02970929]
3748,3.7479999999996982,[ 0.73815812 -0.33524958],[ 0.24890263 -1.395709  ],[ 0.30055639 -0.13442621],[ 0.15736048 -0.02981731]
3749,3.748999999999698,[ 0.73840733 -0.33664542],[ 0.24920319 -1.39584342],[ 0.30084152 -0.13268362],[ 0.15747676 -0.02992529]
3750,3.749999999999698,[ 0.73865683 -0.3380414 ],[ 0.24950403 -1.39597611],[ 0.30112609 -0.13095116],[ 0.15759284 -0.03003323]
3751,3.750999999999698,[ 0.73890664 -0.33943751],[ 0.24980516 -1.39610706],[ 0.30141012 -0.12922877],[ 0.15770873 -0.03014112]
3752,3.751999999999698,[ 0.73915674 -0.34083374],[ 0.25010657 -1.39623629],[ 0.30169359 -0.12751638],[ 0.15782443 -0.03024898]
3753,3.7529999999996977,[ 0.73940715 -0.34223011],[ 0.25040826 -1.3963638 ],[ 0.30197651 -0.12581392],[ 0.15793994 -0.03035679]
3754,3.7539999999996976,[ 0.73965786 -0.3436266 ],[ 0.25071024 -1.39648962],[ 0.30225887 -0.12412131],[ 0.15805525 -0.03046456]
3755,3.7549999999996975,[ 0.73990887 -0.34502321],[ 0.25101249 -1.39661374],[ 0.30254069 -0.12243849],[ 0.15817037 -0.03057229]
3756,3.7559999999996974,[ 0.74016019 -0.34641995],[ 0.25131504 -1.39673618],[ 0.30282195 -0.12076538],[ 0.1582853  -0.03067997]
3757,3.7569999999996972,[ 0.74041181 -0.3478168 ],[ 0.25161786 -1.39685694],[ 0.30310267 -0.11910193],[ 0.15840003 -0.03078761]
3758,3.757999999999697,[ 0.74066373 -0.34921378],[ 0.25192096 -1.39697604],[ 0.30338283 -0.11744804],[ 0.15851457 -0.0308952 ]
3759,3.758999999999697,[ 0.74091595 -0.35061087],[ 0.25222434 -1.39709349],[ 0.30366244 -0.11580367],[ 0.15862892 -0.03100275]
3760,3.759999999999697,[ 0.74116848 -0.35200808],[ 0.252528  -1.3972093],[ 0.30394151 -0.11416874],[ 0.15874307 -0.03111025]
3761,3.760999999999697,[ 0.74142131 -0.3534054 ],[ 0.25283195 -1.39732346],[ 0.30422002 -0.11254318],[ 0.15885703 -0.0312177 ]
3762,3.7619999999996967,[ 0.74167445 -0.35480284],[ 0.25313617 -1.39743601],[ 0.30449799 -0.11092693],[ 0.15897079 -0.03132511]
3763,3.7629999999996966,[ 0.74192789 -0.35620039],[ 0.25344066 -1.39754693],[ 0.3047754  -0.10931992],[ 0.15908436 -0.03143247]
3764,3.7639999999996965,[ 0.74218164 -0.35759804],[ 0.25374544 -1.39765625],[ 0.30505227 -0.10772208],[ 0.15919773 -0.03153979]
3765,3.7649999999996964,[ 0.74243569 -0.35899581],[ 0.25405049 -1.39776398],[ 0.30532859 -0.10613335],[ 0.15931091 -0.03164706]
3766,3.7659999999996963,[ 0.74269004 -0.36039368],[ 0.25435582 -1.39787011],[ 0.30560437 -0.10455366],[ 0.15942389 -0.03175427]
3767,3.766999999999696,[ 0.7429447  -0.36179165],[ 0.25466143 -1.39797466],[ 0.30587959 -0.10298295],[ 0.15953668 -0.03186144]
3768,3.767999999999696,[ 0.74319967 -0.36318973],[ 0.2549673  -1.39807765],[ 0.30615427 -0.10142115],[ 0.15964927 -0.03196856]
3769,3.768999999999696,[ 0.74345494 -0.36458791],[ 0.25527346 -1.39817907],[ 0.3064284  -0.09986819],[ 0.15976166 -0.03207564]
3770,3.769999999999696,[ 0.74371052 -0.36598619],[ 0.25557989 -1.39827894],[ 0.30670199 -0.09832402],[ 0.15987386 -0.03218266]
3771,3.7709999999996957,[ 0.74396641 -0.36738457],[ 0.25588659 -1.39837726],[ 0.30697503 -0.09678857],[ 0.15998586 -0.03228963]
3772,3.7719999999996956,[ 0.7442226  -0.36878304],[ 0.25619356 -1.39847405],[ 0.30724752 -0.09526177],[ 0.16009767 -0.03239655]
3773,3.7729999999996955,[ 0.7444791  -0.37018161],[ 0.25650081 -1.39856931],[ 0.30751947 -0.09374357],[ 0.16020927 -0.03250341]
3774,3.7739999999996954,[ 0.74473591 -0.37158027],[ 0.25680833 -1.39866305],[ 0.30779087 -0.0922339 ],[ 0.16032068 -0.03261023]
3775,3.7749999999996953,[ 0.74499303 -0.37297903],[ 0.25711612 -1.39875529],[ 0.30806173 -0.09073269],[ 0.1604319  -0.03271699]
3776,3.775999999999695,[ 0.74525045 -0.37437787],[ 0.25742418 -1.39884602],[ 0.30833205 -0.0892399 ],[ 0.16054291 -0.03282371]
3777,3.776999999999695,[ 0.74550819 -0.37577681],[ 0.25773252 -1.39893526],[ 0.30860182 -0.08775545],[ 0.16065373 -0.03293036]
3778,3.777999999999695,[ 0.74576623 -0.37717583],[ 0.25804112 -1.39902302],[ 0.30887105 -0.08627929],[ 0.16076435 -0.03303697]
3779,3.778999999999695,[ 0.74602458 -0.37857494],[ 0.25834999 -1.39910929],[ 0.30913973 -0.08481135],[ 0.16087477 -0.03314352]
3780,3.7799999999996947,[ 0.74628324 -0.37997414],[ 0.25865913 -1.39919411],[ 0.30940787 -0.08335158],[ 0.16098499 -0.03325002]
3781,3.7809999999996946,[ 0.7465422  -0.38137341],[ 0.25896854 -1.39927746],[ 0.30967547 -0.08189991],[ 0.16109501 -0.03335646]
3782,3.7819999999996945,[ 0.74680148 -0.38277277],[ 0.25927821 -1.39935936],[ 0.30994252 -0.08045629],[ 0.16120484 -0.03346285]
3783,3.7829999999996944,[ 0.74706107 -0.38417221],[ 0.25958815 -1.39943981],[ 0.31020903 -0.07902065],[ 0.16131446 -0.03356918]
3784,3.7839999999996943,[ 0.74732097 -0.38557173],[ 0.25989836 -1.39951883],[ 0.310475   -0.07759295],[ 0.16142389 -0.03367546]
3785,3.784999999999694,[ 0.74758118 -0.38697133],[ 0.26020884 -1.39959643],[ 0.31074043 -0.07617311],[ 0.16153311 -0.03378168]
3786,3.785999999999694,[ 0.7478417 -0.388371 ],[ 0.26051958 -1.3996726 ],[ 0.31100532 -0.07476108],[ 0.16164214 -0.03388784]
3787,3.786999999999694,[ 0.74810253 -0.38977075],[ 0.26083058 -1.39974736],[ 0.31126966 -0.07335681],[ 0.16175097 -0.03399395]
3788,3.787999999999694,[ 0.74836367 -0.39117057],[ 0.26114185 -1.39982072],[ 0.31153346 -0.07196024],[ 0.16185959 -0.03409999]
3789,3.7889999999996937,[ 0.74862512 -0.39257046],[ 0.26145339 -1.39989268],[ 0.31179673 -0.0705713 ],[ 0.16196801 -0.03420599]
3790,3.7899999999996936,[ 0.74888689 -0.39397042],[ 0.26176518 -1.39996325],[ 0.31205945 -0.06918995],[ 0.16207624 -0.03431192]
3791,3.7909999999996935,[ 0.74914897 -0.39537046],[ 0.26207724 -1.40003244],[ 0.31232163 -0.06781613],[ 0.16218426 -0.03441779]
3792,3.7919999999996934,[ 0.74941136 -0.39677056],[ 0.26238957 -1.40010026],[ 0.31258327 -0.06644978],[ 0.16229208 -0.03452361]
3793,3.7929999999996933,[ 0.74967406 -0.39817072],[ 0.26270215 -1.40016671],[ 0.31284437 -0.06509084],[ 0.1623997  -0.03462936]
3794,3.793999999999693,[ 0.74993707 -0.39957095],[ 0.26301499 -1.4002318 ],[ 0.31310493 -0.06373927],[ 0.16250712 -0.03473506]
3795,3.794999999999693,[ 0.7502004  -0.40097125],[ 0.2633281  -1.40029554],[ 0.31336495 -0.062395  ],[ 0.16261434 -0.03484069]
3796,3.795999999999693,[ 0.75046404 -0.40237161],[ 0.26364146 -1.40035793],[ 0.31362444 -0.06105798],[ 0.16272135 -0.03494627]
3797,3.796999999999693,[ 0.750728   -0.40377203],[ 0.26395509 -1.40041899],[ 0.31388338 -0.05972816],[ 0.16282816 -0.03505178]
3798,3.7979999999996927,[ 0.75099227 -0.40517251],[ 0.26426897 -1.40047872],[ 0.31414178 -0.05840549],[ 0.16293477 -0.03515723]
3799,3.7989999999996926,[ 0.75125685 -0.40657304],[ 0.26458311 -1.40053712],[ 0.31439965 -0.05708991],[ 0.16304118 -0.03526262]
3800,3.7999999999996925,[ 0.75152175 -0.40797364],[ 0.26489751 -1.40059421],[ 0.31465698 -0.05578136],[ 0.16314738 -0.03536795]
3801,3.8009999999996924,[ 0.75178696 -0.40937429],[ 0.26521217 -1.40064999],[ 0.31491377 -0.0544798 ],[ 0.16325338 -0.03547322]
3802,3.8019999999996923,[ 0.75205249 -0.41077499],[ 0.26552708 -1.40070447],[ 0.31517002 -0.05318517],[ 0.16335918 -0.03557842]
3803,3.802999999999692,[ 0.75231833 -0.41217575],[ 0.26584225 -1.40075766],[ 0.31542573 -0.05189742],[ 0.16346477 -0.03568356]
3804,3.803999999999692,[ 0.75258449 -0.41357656],[ 0.26615768 -1.40080956],[ 0.3156809 -0.0506165],[ 0.16357016 -0.03578863]
3805,3.804999999999692,[ 0.75285096 -0.41497742],[ 0.26647336 -1.40086017],[ 0.31593554 -0.04934236],[ 0.16367535 -0.03589364]
3806,3.805999999999692,[ 0.75311775 -0.41637833],[ 0.26678929 -1.40090952],[ 0.31618964 -0.04807494],[ 0.16378033 -0.03599859]
3807,3.8069999999996917,[ 0.75338485 -0.41777929],[ 0.26710548 -1.40095759],[ 0.31644321 -0.0468142 ],[ 0.16388511 -0.03610347]
3808,3.8079999999996916,[ 0.75365228 -0.41918029],[ 0.26742193 -1.4010044 ],[ 0.31669623 -0.04556008],[ 0.16398968 -0.03620829]
3809,3.8089999999996915,[ 0.75392001 -0.42058134],[ 0.26773862 -1.40104996],[ 0.31694872 -0.04431254],[ 0.16409404 -0.03631304]
3810,3.8099999999996914,[ 0.75418807 -0.42198244],[ 0.26805557 -1.40109428],[ 0.31720067 -0.04307152],[ 0.16419821 -0.03641773]
3811,3.8109999999996913,[ 0.75445644 -0.42338357],[ 0.26837277 -1.40113735],[ 0.31745209 -0.04183698],[ 0.16430216 -0.03652234]
3812,3.811999999999691,[ 0.75472513 -0.42478475],[ 0.26869023 -1.40117919],[ 0.31770297 -0.04060886],[ 0.16440591 -0.0366269 ]
3813,3.812999999999691,[ 0.75499414 -0.42618597],[ 0.26900793 -1.40121979],[ 0.31795331 -0.03938712],[ 0.16450946 -0.03673138]
3814,3.813999999999691,[ 0.75526347 -0.42758723],[ 0.26932588 -1.40125918],[ 0.31820312 -0.0381717 ],[ 0.1646128 -0.0368358]
3815,3.814999999999691,[ 0.75553311 -0.42898853],[ 0.26964408 -1.40129735],[ 0.31845239 -0.03696257],[ 0.16471593 -0.03694015]
3816,3.8159999999996908,[ 0.75580307 -0.43038986],[ 0.26996254 -1.40133432],[ 0.31870113 -0.03575967],[ 0.16481885 -0.03704443]
3817,3.8169999999996906,[ 0.75607335 -0.43179123],[ 0.27028124 -1.40137008],[ 0.31894933 -0.03456295],[ 0.16492157 -0.03714864]
3818,3.8179999999996905,[ 0.75634396 -0.43319264],[ 0.27060019 -1.40140464],[ 0.31919699 -0.03337237],[ 0.16502409 -0.03725279]
3819,3.8189999999996904,[ 0.75661487 -0.43459407],[ 0.27091938 -1.40143801],[ 0.31944412 -0.03218787],[ 0.16512639 -0.03735686]
3820,3.8199999999996903,[ 0.75688611 -0.43599555],[ 0.27123883 -1.4014702 ],[ 0.31969072 -0.03100942],[ 0.16522849 -0.03746087]
3821,3.82099999999969,[ 0.75715767 -0.43739705],[ 0.27155852 -1.40150121],[ 0.31993678 -0.02983697],[ 0.16533038 -0.0375648 ]
3822,3.82199999999969,[ 0.75742955 -0.43879858],[ 0.27187846 -1.40153104],[ 0.3201823  -0.02867046],[ 0.16543206 -0.03766867]
3823,3.82299999999969,[ 0.75770175 -0.44020014],[ 0.27219864 -1.40155972],[ 0.32042729 -0.02750986],[ 0.16553354 -0.03777246]
3824,3.82399999999969,[ 0.75797427 -0.44160172],[ 0.27251907 -1.40158723],[ 0.32067175 -0.02635511],[ 0.1656348  -0.03787618]
3825,3.8249999999996898,[ 0.75824711 -0.44300334],[ 0.27283974 -1.40161358],[ 0.32091567 -0.02520618],[ 0.16573586 -0.03797984]
3826,3.8259999999996896,[ 0.75852027 -0.44440498],[ 0.27316065 -1.40163879],[ 0.32115905 -0.02406301],[ 0.16583671 -0.03808342]
3827,3.8269999999996895,[ 0.75879375 -0.44580664],[ 0.27348181 -1.40166285],[ 0.32140191 -0.02292557],[ 0.16593735 -0.03818692]
3828,3.8279999999996894,[ 0.75906755 -0.44720833],[ 0.27380321 -1.40168578],[ 0.32164422 -0.0217938 ],[ 0.16603778 -0.03829036]
3829,3.8289999999996893,[ 0.75934168 -0.44861003],[ 0.27412486 -1.40170757],[ 0.32188601 -0.02066767],[ 0.166138   -0.03839372]
3830,3.829999999999689,[ 0.75961613 -0.45001176],[ 0.27444674 -1.40172824],[ 0.32212726 -0.01954713],[ 0.16623802 -0.03849701]
3831,3.830999999999689,[ 0.75989089 -0.45141351],[ 0.27476887 -1.40174778],[ 0.32236797 -0.01843213],[ 0.16633782 -0.03860023]
3832,3.831999999999689,[ 0.76016599 -0.45281528],[ 0.27509124 -1.40176622],[ 0.32260815 -0.01732263],[ 0.16643741 -0.03870337]
3833,3.832999999999689,[ 0.7604414  -0.45421706],[ 0.27541385 -1.40178354],[ 0.3228478  -0.01621859],[ 0.1665368  -0.03880644]
3834,3.8339999999996888,[ 0.76071714 -0.45561886],[ 0.2757367  -1.40179976],[ 0.32308692 -0.01511997],[ 0.16663597 -0.03890943]
3835,3.8349999999996887,[ 0.7609932  -0.45702067],[ 0.27605978 -1.40181488],[ 0.3233255  -0.01402672],[ 0.16673493 -0.03901235]
3836,3.8359999999996885,[ 0.76126958 -0.4584225 ],[ 0.27638311 -1.4018289 ],[ 0.32356354 -0.01293881],[ 0.16683369 -0.03911519]
3837,3.8369999999996884,[ 0.76154629 -0.45982434],[ 0.27670667 -1.40184184],[ 0.32380106 -0.01185618],[ 0.16693223 -0.03921796]
3838,3.8379999999996883,[ 0.76182332 -0.4612262 ],[ 0.27703047 -1.4018537 ],[ 0.32403804 -0.01077879],[ 0.16703056 -0.03932065]
3839,3.838999999999688,[ 0.76210067 -0.46262806],[ 0.27735451 -1.40186448],[ 0.32427449 -0.00970662],[ 0.16712867 -0.03942327]
3840,3.839999999999688,[ 0.76237835 -0.46402994],[ 0.27767879 -1.40187418],[ 0.3245104 -0.0086396],[ 0.16722658 -0.03952581]
3841,3.840999999999688,[ 0.76265635 -0.46543182],[ 0.2780033  -1.40188282],[ 0.32474578 -0.00757771],[ 0.16732428 -0.03962827]
3842,3.841999999999688,[ 0.76293468 -0.46683371],[ 0.27832804 -1.4018904 ],[ 0.32498063 -0.0065209 ],[ 0.16742176 -0.03973065]
3843,3.8429999999996878,[ 0.76321333 -0.46823561],[ 0.27865302 -1.40189692],[ 0.32521494 -0.00546913],[ 0.16751903 -0.03983296]
3844,3.8439999999996877,[ 0.76349231 -0.46963751],[ 0.27897824 -1.40190239],[ 0.32544873 -0.00442236],[ 0.16761609 -0.03993519]
3845,3.8449999999996876,[ 0.76377162 -0.47103942],[ 0.27930369 -1.40190681],[ 0.32568198 -0.00338055],[ 0.16771293 -0.04003734]
3846,3.8459999999996874,[ 0.76405124 -0.47244133],[ 0.27962937 -1.40191019],[ 0.32591469 -0.00234366],[ 0.16780957 -0.04013941]
3847,3.8469999999996873,[ 0.7643312  -0.47384324],[ 0.27995528 -1.40191254],[ 0.32614688 -0.00131165],[ 0.16790599 -0.04024141]
3848,3.8479999999996872,[ 0.76461148 -0.47524515],[ 0.28028143 -1.40191385],[ 3.26378526e-01 -2.84488772e-04],[ 0.16800219 -0.04034332]
3849,3.848999999999687,[ 0.76489209 -0.47664707],[ 0.28060781 -1.40191413],[0.32660964 0.00073787],[ 0.16809819 -0.04044516]
3850,3.849999999999687,[ 0.76517302 -0.47804898],[ 0.28093442 -1.4019134 ],[0.32684023 0.00175547],[ 0.16819397 -0.04054691]
3851,3.850999999999687,[ 0.76545428 -0.47945089],[ 0.28126126 -1.40191164],[0.32707028 0.00276835],[ 0.16828953 -0.04064859]
3852,3.851999999999687,[ 0.76573587 -0.4808528 ],[ 0.28158833 -1.40190887],[0.3272998  0.00377654],[ 0.16838488 -0.04075018]
3853,3.8529999999996867,[ 0.76601779 -0.48225471],[ 0.28191563 -1.4019051 ],[0.32752879 0.00478008],[ 0.16848002 -0.04085169]
3854,3.8539999999996866,[ 0.76630003 -0.48365661],[ 0.28224316 -1.40190032],[0.32775725 0.00577901],[ 0.16857494 -0.04095313]
3855,3.8549999999996865,[ 0.7665826 -0.4850585],[ 0.28257091 -1.40189454],[0.32798517 0.00677337],[ 0.16866965 -0.04105448]
3856,3.8559999999996863,[ 0.7668655  -0.48646039],[ 0.2828989  -1.40188776],[0.32821256 0.00776319],[ 0.16876415 -0.04115575]
3857,3.8569999999996862,[ 0.76714873 -0.48786227],[ 0.28322711 -1.40188   ],[0.32843942 0.00874851],[ 0.16885842 -0.04125693]
3858,3.857999999999686,[ 0.76743228 -0.48926414],[ 0.28355555 -1.40187125],[0.32866574 0.00972937],[ 0.16895249 -0.04135804]
3859,3.858999999999686,[ 0.76771617 -0.490666  ],[ 0.28388422 -1.40186152],[0.32889154 0.01070581],[ 0.16904634 -0.04145906]
3860,3.859999999999686,[ 0.76800038 -0.49206785],[ 0.28421311 -1.40185082],[0.3291168  0.01167786],[ 0.16913997 -0.04156   ]
3861,3.860999999999686,[ 0.76828492 -0.49346969],[ 0.28454222 -1.40183914],[0.32934153 0.01264556],[ 0.16923338 -0.04166085]
3862,3.8619999999996857,[ 0.7685698  -0.49487152],[ 0.28487157 -1.40182649],[0.32956572 0.01360895],[ 0.16932658 -0.04176163]
3863,3.8629999999996856,[ 0.768855   -0.49627333],[ 0.28520113 -1.40181288],[0.32978939 0.01456805],[ 0.16941957 -0.04186231]
3864,3.8639999999996855,[ 0.76914053 -0.49767513],[ 0.28553092 -1.40179832],[0.33001252 0.01552291],[ 0.16951233 -0.04196292]
3865,3.8649999999996854,[ 0.76942639 -0.49907691],[ 0.28586093 -1.40178279],[0.33023512 0.01647357],[ 0.16960488 -0.04206344]
3866,3.8659999999996852,[ 0.76971258 -0.50047868],[ 0.28619117 -1.40176632],[0.33045718 0.01742005],[ 0.16969722 -0.04216387]
3867,3.866999999999685,[ 0.7699991  -0.50188043],[ 0.28652163 -1.4017489 ],[0.33067872 0.01836239],[ 0.16978933 -0.04226422]
3868,3.867999999999685,[ 0.77028595 -0.50328216],[ 0.28685231 -1.40173054],[0.33089972 0.01930063],[ 0.16988123 -0.04236448]
3869,3.868999999999685,[ 0.77057314 -0.50468387],[ 0.2871832  -1.40171124],[0.33112019 0.0202348 ],[ 0.16997291 -0.04246466]
3870,3.869999999999685,[ 0.77086065 -0.50608556],[ 0.28751433 -1.401691  ],[0.33134013 0.02116493],[ 0.17006438 -0.04256475]
3871,3.8709999999996847,[ 0.7711485  -0.50748723],[ 0.28784567 -1.40166984],[0.33155953 0.02209107],[ 0.17015562 -0.04266475]
3872,3.8719999999996846,[ 0.77143667 -0.50888888],[ 0.28817722 -1.40164775],[0.3317784  0.02301324],[ 0.17024665 -0.04276467]
3873,3.8729999999996845,[ 0.77172518 -0.5102905 ],[ 0.288509   -1.40162473],[0.33199674 0.02393147],[ 0.17033746 -0.0428645 ]
3874,3.8739999999996844,[ 0.77201402 -0.5116921 ],[ 0.288841  -1.4016008],[0.33221455 0.02484581],[ 0.17042805 -0.04296425]
3875,3.8749999999996843,[ 0.7723032  -0.51309368],[ 0.28917321 -1.40157596],[0.33243183 0.02575628],[ 0.17051842 -0.0430639 ]
3876,3.875999999999684,[ 0.7725927  -0.51449523],[ 0.28950565 -1.4015502 ],[0.33264857 0.02666292],[ 0.17060857 -0.04316347]
3877,3.876999999999684,[ 0.77288254 -0.51589675],[ 0.28983829 -1.40152354],[0.33286478 0.02756576],[ 0.1706985  -0.04326295]
3878,3.877999999999684,[ 0.77317271 -0.51729825],[ 0.29017116 -1.40149597],[0.33308046 0.02846483],[ 0.17078822 -0.04336234]
3879,3.878999999999684,[ 0.77346322 -0.51869972],[ 0.29050424 -1.40146751],[0.3332956  0.02936016],[ 0.17087771 -0.04346164]
3880,3.8799999999996837,[ 0.77375405 -0.52010115],[ 0.29083754 -1.40143815],[0.33351022 0.0302518 ],[ 0.17096699 -0.04356086]
3881,3.8809999999996836,[ 0.77404523 -0.52150256],[ 0.29117105 -1.40140789],[0.33372429 0.03113976],[ 0.17105604 -0.04365998]
3882,3.8819999999996835,[ 0.77433673 -0.52290394],[ 0.29150477 -1.40137675],[0.33393784 0.03202408],[ 0.17114488 -0.04375901]
3883,3.8829999999996834,[ 0.77462857 -0.52430528],[ 0.29183871 -1.40134473],[0.33415086 0.0329048 ],[ 0.17123349 -0.04385796]
3884,3.8839999999996833,[ 0.77492074 -0.52570659],[ 0.29217286 -1.40131182],[0.33436334 0.03378194],[ 0.17132188 -0.04395681]
3885,3.884999999999683,[ 0.77521325 -0.52710787],[ 0.29250722 -1.40127804],[0.33457529 0.03465554],[ 0.17141006 -0.04405557]
3886,3.885999999999683,[ 0.77550609 -0.52850912],[ 0.2928418  -1.40124339],[0.3347867  0.03552563],[ 0.17149801 -0.04415425]
3887,3.886999999999683,[ 0.77579927 -0.52991032],[ 0.29317658 -1.40120786],[0.33499758 0.03639223],[ 0.17158574 -0.04425283]
3888,3.887999999999683,[ 0.77609278 -0.5313115 ],[ 0.29351158 -1.40117147],[0.33520793 0.03725538],[ 0.17167325 -0.04435132]
3889,3.8889999999996827,[ 0.77638663 -0.53271263],[ 0.29384679 -1.40113421],[0.33541775 0.03811511],[ 0.17176053 -0.04444972]
3890,3.8899999999996826,[ 0.77668081 -0.53411373],[ 0.29418221 -1.4010961 ],[0.33562703 0.03897145],[ 0.1718476  -0.04454802]
3891,3.8909999999996825,[ 0.77697533 -0.53551478],[ 0.29451783 -1.40105713],[0.33583578 0.03982444],[ 0.17193444 -0.04464624]
3892,3.8919999999996824,[ 0.77727018 -0.5369158 ],[ 0.29485367 -1.4010173 ],[0.336044   0.04067409],[ 0.17202107 -0.04474436]
3893,3.8929999999996823,[ 0.77756537 -0.53831678],[ 0.29518971 -1.40097663],[0.33625168 0.04152043],[ 0.17210746 -0.04484238]
3894,3.893999999999682,[ 0.77786089 -0.53971771],[ 0.29552597 -1.40093511],[0.33645883 0.04236351],[ 0.17219364 -0.04494032]
3895,3.894999999999682,[ 0.77815676 -0.5411186 ],[ 0.29586242 -1.40089275],[0.33666545 0.04320335],[ 0.1722796  -0.04503816]
3896,3.895999999999682,[ 0.77845296 -0.54251945],[ 0.29619909 -1.40084954],[0.33687153 0.04403998],[ 0.17236533 -0.04513591]
3897,3.896999999999682,[ 0.77874949 -0.54392026],[ 0.29653596 -1.4008055 ],[0.33707708 0.04487342],[ 0.17245083 -0.04523356]
3898,3.8979999999996817,[ 0.77904637 -0.54532102],[ 0.29687304 -1.40076063],[0.3372821 0.0457037],[ 0.17253612 -0.04533112]
3899,3.8989999999996816,[ 0.77934358 -0.54672174],[ 0.29721032 -1.40071492],[0.33748658 0.04653087],[ 0.17262118 -0.04542859]
3900,3.8999999999996815,[ 0.77964112 -0.5481224 ],[ 0.29754781 -1.40066839],[0.33769053 0.04735493],[ 0.17270602 -0.04552596]
3901,3.9009999999996814,[ 0.77993901 -0.54952302],[ 0.2978855  -1.40062104],[0.33789394 0.04817593],[ 0.17279063 -0.04562323]
3902,3.9019999999996813,[ 0.78023723 -0.5509236 ],[ 0.29822339 -1.40057286],[0.33809682 0.04899388],[ 0.17287502 -0.04572041]
3903,3.902999999999681,[ 0.78053579 -0.55232412],[ 0.29856149 -1.40052387],[0.33829917 0.04980882],[ 0.17295918 -0.0458175 ]
3904,3.903999999999681,[ 0.78083469 -0.5537246 ],[ 0.29889979 -1.40047406],[0.33850098 0.05062078],[ 0.17304312 -0.04591449]
3905,3.904999999999681,[ 0.78113393 -0.55512502],[ 0.29923829 -1.40042344],[0.33870226 0.05142978],[ 0.17312684 -0.04601138]
3906,3.905999999999681,[ 0.78143351 -0.55652539],[ 0.29957699 -1.40037201],[0.338903   0.05223585],[ 0.17321033 -0.04610817]
3907,3.9069999999996807,[ 0.78173342 -0.55792571],[ 0.29991589 -1.40031977],[0.33910321 0.05303902],[ 0.17329359 -0.04620487]
3908,3.9079999999996806,[ 0.78203368 -0.55932598],[ 0.300255   -1.40026673],[0.33930289 0.05383931],[ 0.17337663 -0.04630147]
3909,3.9089999999996805,[ 0.78233427 -0.56072619],[ 0.3005943 -1.4002129],[0.33950203 0.05463676],[ 0.17345945 -0.04639798]
3910,3.9099999999996804,[ 0.78263521 -0.56212635],[ 0.3009338  -1.40015826],[0.33970063 0.05543138],[ 0.17354203 -0.04649439]
3911,3.9109999999996803,[ 0.78293648 -0.56352645],[ 0.3012735  -1.40010283],[0.3398987  0.05622321],[ 0.1736244 -0.0465907]
3912,3.91199999999968,[ 0.78323809 -0.5649265 ],[ 0.3016134 -1.4000466],[0.34009624 0.05701227],[ 0.17370653 -0.04668691]
3913,3.91299999999968,[ 0.78354005 -0.56632649],[ 0.3019535  -1.39998959],[0.34029324 0.05779859],[ 0.17378844 -0.04678302]
3914,3.91399999999968,[ 0.78384234 -0.56772642],[ 0.30229379 -1.39993179],[0.3404897 0.0585822],[ 0.17387013 -0.04687903]
3915,3.91499999999968,[ 0.78414498 -0.56912629],[ 0.30263428 -1.39987321],[0.34068563 0.05936311],[ 0.17395158 -0.04697495]
3916,3.9159999999996797,[ 0.78444795 -0.57052611],[ 0.30297497 -1.39981385],[0.34088102 0.06014136],[ 0.17403281 -0.04707077]
3917,3.9169999999996796,[ 0.78475127 -0.57192586],[ 0.30331585 -1.39975371],[0.34107588 0.06091697],[ 0.17411382 -0.04716648]
3918,3.9179999999996795,[ 0.78505492 -0.57332555],[ 0.30365692 -1.39969279],[0.34127021 0.06168997],[ 0.17419459 -0.0472621 ]
3919,3.9189999999996794,[ 0.78535892 -0.57472518],[ 0.30399819 -1.3996311 ],[0.34146399 0.06246039],[ 0.17427514 -0.04735762]
3920,3.9199999999996793,[ 0.78566326 -0.57612475],[ 0.30433966 -1.39956864],[0.34165724 0.06322824],[ 0.17435546 -0.04745304]
3921,3.920999999999679,[ 0.78596794 -0.57752426],[ 0.30468131 -1.39950541],[0.34184996 0.06399355],[ 0.17443556 -0.04754835]
3922,3.921999999999679,[ 0.78627297 -0.5789237 ],[ 0.30502316 -1.39944142],[0.34204214 0.06475635],[ 0.17451542 -0.04764357]
3923,3.922999999999679,[ 0.78657833 -0.58032308],[ 0.30536521 -1.39937666],[0.34223378 0.06551666],[ 0.17459506 -0.04773869]
3924,3.923999999999679,[ 0.78688404 -0.58172239],[ 0.30570744 -1.39931114],[0.34242489 0.06627452],[ 0.17467447 -0.0478337 ]
3925,3.9249999999996787,[ 0.78719009 -0.58312163],[ 0.30604987 -1.39924487],[0.34261545 0.06702993],[ 0.17475364 -0.04792861]
3926,3.9259999999996786,[ 0.78749648 -0.58452081],[ 0.30639248 -1.39917784],[0.34280549 0.06778293],[ 0.1748326  -0.04802343]
3927,3.9269999999996785,[ 0.78780322 -0.58591992],[ 0.30673529 -1.39911006],[0.34299498 0.06853354],[ 0.17491132 -0.04811814]
3928,3.9279999999996784,[ 0.7881103  -0.58731896],[ 0.30707828 -1.39904152],[0.34318394 0.06928178],[ 0.17498981 -0.04821274]
3929,3.9289999999996783,[ 0.78841772 -0.58871793],[ 0.30742147 -1.39897224],[0.34337237 0.07002769],[ 0.17506807 -0.04830725]
3930,3.929999999999678,[ 0.78872548 -0.59011684],[ 0.30776484 -1.39890221],[0.34356025 0.07077127],[ 0.17514611 -0.04840165]
3931,3.930999999999678,[ 0.78903359 -0.59151567],[ 0.3081084  -1.39883144],[0.3437476  0.07151256],[ 0.17522391 -0.04849595]
3932,3.931999999999678,[ 0.78934204 -0.59291443],[ 0.30845215 -1.39875993],[0.34393441 0.07225158],[ 0.17530148 -0.04859015]
3933,3.932999999999678,[ 0.78965084 -0.59431312],[ 0.30879608 -1.39868768],[0.34412068 0.07298835],[ 0.17537883 -0.04868424]
3934,3.9339999999996778,[ 0.78995998 -0.59571173],[ 0.3091402  -1.39861469],[0.34430641 0.0737229 ],[ 0.17545594 -0.04877823]
3935,3.9349999999996776,[ 0.79026946 -0.59711027],[ 0.30948451 -1.39854097],[0.34449161 0.07445524],[ 0.17553283 -0.04887211]
3936,3.9359999999996775,[ 0.79057929 -0.59850874],[ 0.309829   -1.39846651],[0.34467627 0.07518541],[ 0.17560948 -0.04896589]
3937,3.9369999999996774,[ 0.79088947 -0.59990713],[ 0.31017368 -1.39839133],[0.34486039 0.07591342],[ 0.1756859  -0.04905957]
3938,3.9379999999996773,[ 0.79119998 -0.60130544],[ 0.31051854 -1.39831541],[0.34504397 0.0766393 ],[ 0.17576209 -0.04915314]
3939,3.938999999999677,[ 0.79151085 -0.60270368],[ 0.31086358 -1.39823877],[0.34522702 0.07736307],[ 0.17583805 -0.04924661]
3940,3.939999999999677,[ 0.79182206 -0.60410184],[ 0.31120881 -1.39816141],[0.34540952 0.07808475],[ 0.17591378 -0.04933997]
3941,3.940999999999677,[ 0.79213361 -0.60549993],[ 0.31155422 -1.39808333],[0.34559149 0.07880436],[ 0.17598927 -0.04943323]
3942,3.941999999999677,[ 0.79244551 -0.60689793],[ 0.31189981 -1.39800452],[0.34577291 0.07952192],[ 0.17606454 -0.04952638]
3943,3.9429999999996768,[ 0.79275776 -0.60829586],[ 0.31224558 -1.397925  ],[0.3459538  0.08023747],[ 0.17613957 -0.04961943]
3944,3.9439999999996767,[ 0.79307035 -0.6096937 ],[ 0.31259153 -1.39784476],[0.34613415 0.08095102],[ 0.17621437 -0.04971237]
3945,3.9449999999996765,[ 0.79338329 -0.61109147],[ 0.31293767 -1.39776381],[0.34631396 0.08166258],[ 0.17628894 -0.0498052 ]
3946,3.9459999999996764,[ 0.79369657 -0.61248915],[ 0.31328398 -1.39768215],[0.34649323 0.08237219],[ 0.17636327 -0.04989793]
3947,3.9469999999996763,[ 0.7940102  -0.61388675],[ 0.31363048 -1.39759978],[0.34667196 0.08307986],[ 0.17643737 -0.04999055]
3948,3.947999999999676,[ 0.79432418 -0.61528426],[ 0.31397715 -1.3975167 ],[0.34685014 0.08378562],[ 0.17651124 -0.05008306]
3949,3.948999999999676,[ 0.7946385 -0.6166817],[ 0.314324   -1.39743291],[0.34702779 0.08448949],[ 0.17658488 -0.05017546]
3950,3.949999999999676,[ 0.79495317 -0.61807905],[ 0.31467103 -1.39734842],[0.3472049  0.08519148],[ 0.17665828 -0.05026776]
3951,3.950999999999676,[ 0.79526819 -0.61947631],[ 0.31501823 -1.39726323],[0.34738147 0.08589162],[ 0.17673145 -0.05035995]
3952,3.9519999999996758,[ 0.79558356 -0.62087349],[ 0.31536561 -1.39717734],[0.3475575  0.08658993],[ 0.17680439 -0.05045204]
3953,3.9529999999996757,[ 0.79589927 -0.62227058],[ 0.31571317 -1.39709075],[0.34773298 0.08728643],[ 0.17687709 -0.05054401]
3954,3.9539999999996756,[ 0.79621533 -0.62366758],[ 0.3160609  -1.39700346],[0.34790793 0.08798114],[ 0.17694956 -0.05063588]
3955,3.9549999999996754,[ 0.79653174 -0.6250645 ],[ 0.31640881 -1.39691548],[0.34808233 0.08867408],[ 0.17702179 -0.05072763]
3956,3.9559999999996753,[ 0.7968485  -0.62646132],[ 0.31675689 -1.39682681],[0.3482562  0.08936527],[ 0.17709379 -0.05081928]
3957,3.956999999999675,[ 0.7971656  -0.62785806],[ 0.31710515 -1.39673744],[0.34842952 0.09005474],[ 0.17716556 -0.05091082]
3958,3.957999999999675,[ 0.79748305 -0.62925471],[ 0.31745358 -1.39664739],[0.3486023  0.09074249],[ 0.17723709 -0.05100225]
3959,3.958999999999675,[ 0.79780086 -0.63065126],[ 0.31780218 -1.39655664],[0.34877454 0.09142856],[ 0.17730838 -0.05109357]
3960,3.959999999999675,[ 0.79811901 -0.63204773],[ 0.31815096 -1.39646522],[0.34894623 0.09211295],[ 0.17737944 -0.05118478]
3961,3.960999999999675,[ 0.79843751 -0.6334441 ],[ 0.3184999 -1.3963731],[0.34911739 0.0927957 ],[ 0.17745027 -0.05127588]
3962,3.9619999999996747,[ 0.79875636 -0.63484038],[ 0.31884902 -1.39628031],[0.349288   0.09347682],[ 0.17752086 -0.05136687]
3963,3.9629999999996746,[ 0.79907555 -0.63623657],[ 0.31919831 -1.39618683],[0.34945806 0.09415632],[ 0.17759121 -0.05145775]
3964,3.9639999999996745,[ 0.7993951  -0.63763266],[ 0.31954776 -1.39609267],[0.34962759 0.09483424],[ 0.17766133 -0.05154852]
3965,3.9649999999996743,[ 0.799715   -0.63902866],[ 0.31989739 -1.39599784],[0.34979657 0.09551058],[ 0.17773121 -0.05163918]
3966,3.9659999999996742,[ 0.80003525 -0.64042456],[ 0.32024719 -1.39590233],[0.34996501 0.09618537],[ 0.17780085 -0.05172973]
3967,3.966999999999674,[ 0.80035584 -0.64182037],[ 0.32059715 -1.39580614],[0.35013291 0.09685863],[ 0.17787026 -0.05182017]
3968,3.967999999999674,[ 0.80067679 -0.64321608],[ 0.32094729 -1.39570929],[0.35030026 0.09753037],[ 0.17793943 -0.05191049]
3969,3.968999999999674,[ 0.80099809 -0.64461169],[ 0.32129759 -1.39561176],[0.35046706 0.09820062],[ 0.17800837 -0.0520007 ]
3970,3.969999999999674,[ 0.80131974 -0.6460072 ],[ 0.32164805 -1.39551355],[0.35063333 0.09886938],[ 0.17807707 -0.0520908 ]
3971,3.9709999999996737,[ 0.80164174 -0.64740262],[ 0.32199869 -1.39541469],[0.35079905 0.09953669],[ 0.17814553 -0.05218079]
3972,3.9719999999996736,[ 0.80196409 -0.64879793],[ 0.32234949 -1.39531515],[0.35096422 0.10020256],[ 0.17821375 -0.05227067]
3973,3.9729999999996735,[ 0.80228679 -0.65019315],[ 0.32270045 -1.39521495],[0.35112885 0.10086701],[ 0.17828174 -0.05236043]
3974,3.9739999999996733,[ 0.80260984 -0.65158826],[ 0.32305158 -1.39511408],[0.35129294 0.10153005],[ 0.17834949 -0.05245008]
3975,3.9749999999996732,[ 0.80293324 -0.65298327],[ 0.32340287 -1.39501255],[0.35145648 0.1021917 ],[ 0.178417   -0.05253962]
3976,3.975999999999673,[ 0.80325699 -0.65437819],[ 0.32375433 -1.39491036],[0.35161947 0.10285199],[ 0.17848427 -0.05262905]
3977,3.976999999999673,[ 0.8035811  -0.65577299],[ 0.32410595 -1.39480751],[0.35178192 0.10351093],[ 0.17855131 -0.05271836]
3978,3.977999999999673,[ 0.80390556 -0.6571677 ],[ 0.32445773 -1.39470399],[0.35194383 0.10416853],[ 0.17861811 -0.05280756]
3979,3.978999999999673,[ 0.80423037 -0.6585623 ],[ 0.32480967 -1.39459983],[0.35210518 0.10482482],[ 0.17868466 -0.05289664]
3980,3.9799999999996727,[ 0.80455553 -0.65995679],[ 0.32516178 -1.394495  ],[0.352266   0.10547982],[ 0.17875098 -0.05298561]
3981,3.9809999999996726,[ 0.80488104 -0.66135118],[ 0.32551405 -1.39438952],[0.35242626 0.10613353],[ 0.17881706 -0.05307447]
3982,3.9819999999996725,[ 0.80520691 -0.66274546],[ 0.32586647 -1.39428339],[0.35258598 0.10678598],[ 0.1788829  -0.05316321]
3983,3.9829999999996724,[ 0.80553313 -0.66413964],[ 0.32621906 -1.3941766 ],[0.35274515 0.10743719],[ 0.17894851 -0.05325183]
3984,3.9839999999996722,[ 0.8058597  -0.66553371],[ 0.3265718  -1.39406916],[0.35290378 0.10808717],[ 0.17901387 -0.05334034]
3985,3.984999999999672,[ 0.80618663 -0.66692767],[ 0.32692471 -1.39396108],[0.35306185 0.10873593],[ 0.17907899 -0.05342874]
3986,3.985999999999672,[ 0.8065139  -0.66832152],[ 0.32727777 -1.39385234],[0.35321938 0.10938351],[ 0.17914387 -0.05351702]
3987,3.986999999999672,[ 0.80684153 -0.66971527],[ 0.32763099 -1.39374296],[0.35337637 0.1100299 ],[ 0.17920852 -0.05360518]
3988,3.987999999999672,[ 0.80716952 -0.6711089 ],[ 0.32798436 -1.39363293],[0.3535328  0.11067514],[ 0.17927292 -0.05369323]
3989,3.9889999999996717,[ 0.80749786 -0.67250242],[ 0.3283379  -1.39352225],[0.35368869 0.11131923],[ 0.17933708 -0.05378117]
3990,3.9899999999996716,[ 0.80782655 -0.67389583],[ 0.32869159 -1.39341093],[0.35384403 0.11196219],[ 0.17940101 -0.05386899]
3991,3.9909999999996715,[ 0.80815559 -0.67528913],[ 0.32904543 -1.39329897],[0.35399882 0.11260405],[ 0.17946469 -0.05395669]
3992,3.9919999999996714,[ 0.80848499 -0.67668232],[ 0.32939943 -1.39318637],[0.35415306 0.11324481],[ 0.17952813 -0.05404427]
3993,3.9929999999996713,[ 0.80881475 -0.67807539],[ 0.32975358 -1.39307312],[0.35430675 0.11388449],[ 0.17959133 -0.05413174]
3994,3.993999999999671,[ 0.80914485 -0.67946835],[ 0.33010789 -1.39295924],[0.35445989 0.11452311],[ 0.17965429 -0.05421909]
3995,3.994999999999671,[ 0.80947532 -0.6808612 ],[ 0.33046235 -1.39284471],[0.35461249 0.11516068],[ 0.179717   -0.05430632]
3996,3.995999999999671,[ 0.80980613 -0.68225392],[ 0.33081696 -1.39272955],[0.35476453 0.11579723],[ 0.17977948 -0.05439344]
3997,3.996999999999671,[ 0.81013731 -0.68364654],[ 0.33117173 -1.39261376],[0.35491602 0.11643276],[ 0.17984171 -0.05448044]
3998,3.9979999999996707,[ 0.81046883 -0.68503904],[ 0.33152664 -1.39249732],[0.35506697 0.11706729],[ 0.1799037  -0.05456732]
3999,3.9989999999996706,[ 0.81080071 -0.68643142],[ 0.33188171 -1.39238026],[0.35521736 0.11770084],[ 0.17996545 -0.05465408]
4000,3.9999999999996705,[ 0.81113295 -0.68782368],[ 0.33223693 -1.39226256],[0.3553672  0.11833342],[ 0.18002696 -0.05474073]
4001,4.000999999999671,[ 0.81146554 -0.68921582],[ 0.33259229 -1.39214422],[0.3555165  0.11896505],[ 0.18008823 -0.05482725]
4002,4.001999999999671,[ 0.81179849 -0.69060785],[ 0.33294781 -1.39202526],[0.35566524 0.11959575],[ 0.18014925 -0.05491366]
4003,4.0029999999996715,[ 0.81213179 -0.69199975],[ 0.33330347 -1.39190566],[0.35581343 0.12022552],[ 0.18021003 -0.05499995]
4004,4.003999999999672,[ 0.81246545 -0.69339154],[ 0.33365929 -1.39178544],[0.35596107 0.12085439],[ 0.18027057 -0.05508612]
4005,4.004999999999672,[ 0.81279947 -0.6947832 ],[ 0.33401525 -1.39166458],[0.35610815 0.12148237],[ 0.18033086 -0.05517217]
4006,4.0059999999996725,[ 0.81313384 -0.69617475],[ 0.33437136 -1.3915431 ],[0.35625469 0.12210948],[ 0.18039091 -0.0552581 ]
4007,4.006999999999673,[ 0.81346857 -0.69756617],[ 0.33472761 -1.39142099],[0.35640067 0.12273572],[ 0.18045072 -0.05534391]
4008,4.007999999999673,[ 0.81380365 -0.69895747],[ 0.33508401 -1.39129825],[0.3565461  0.12336112],[ 0.18051028 -0.05542961]
4009,4.0089999999996735,[ 0.81413909 -0.70034864],[ 0.33544056 -1.39117489],[0.35669097 0.12398569],[ 0.1805696  -0.05551518]
4010,4.009999999999674,[ 0.81447489 -0.70173969],[ 0.33579725 -1.39105091],[0.3568353  0.12460944],[ 0.18062868 -0.05560063]
4011,4.010999999999674,[ 0.81481104 -0.70313062],[ 0.33615408 -1.3909263 ],[0.35697907 0.12523239],[ 0.18068751 -0.05568597]
4012,4.0119999999996745,[ 0.81514755 -0.70452142],[ 0.33651106 -1.39080107],[0.35712228 0.12585456],[ 0.1807461  -0.05577118]
4013,4.012999999999675,[ 0.81548442 -0.70591209],[ 0.33686819 -1.39067521],[0.35726495 0.12647595],[ 0.18080444 -0.05585627]
4014,4.013999999999675,[ 0.81582165 -0.70730264],[ 0.33722545 -1.39054874],[0.35740706 0.12709659],[ 0.18086254 -0.05594124]
4015,4.0149999999996755,[ 0.81615923 -0.70869306],[ 0.33758286 -1.39042164],[0.35754861 0.12771648],[ 0.18092039 -0.05602609]
4016,4.015999999999676,[ 0.81649717 -0.71008336],[ 0.33794041 -1.39029392],[0.35768961 0.12833565],[ 0.180978   -0.05611082]
4017,4.016999999999676,[ 0.81683547 -0.71147352],[ 0.3382981  -1.39016559],[0.35783006 0.1289541 ],[ 0.18103537 -0.05619542]
4018,4.0179999999996765,[ 0.81717413 -0.71286356],[ 0.33865593 -1.39003663],[0.35796995 0.12957185],[ 0.18109249 -0.05627991]
4019,4.018999999999677,[ 0.81751314 -0.71425347],[ 0.3390139  -1.38990706],[0.35810929 0.13018891],[ 0.18114936 -0.05636427]
4020,4.019999999999677,[ 0.81785251 -0.71564324],[ 0.33937201 -1.38977687],[0.35824807 0.1308053 ],[ 0.18120599 -0.05644852]
4021,4.0209999999996775,[ 0.81819224 -0.71703289],[ 0.33973025 -1.38964607],[0.35838629 0.13142103],[ 0.18126237 -0.05653264]
4022,4.021999999999678,[ 0.81853233 -0.71842241],[ 0.34008864 -1.38951465],[0.35852396 0.13203611],[ 0.1813185  -0.05661663]
4023,4.022999999999678,[ 0.81887278 -0.71981179],[ 0.34044716 -1.38938261],[0.35866107 0.13265057],[ 0.18137439 -0.05670051]
4024,4.0239999999996785,[ 0.81921358 -0.72120104],[ 0.34080583 -1.38924996],[0.35879763 0.1332644 ],[ 0.18143004 -0.05678426]
4025,4.024999999999679,[ 0.81955475 -0.72259015],[ 0.34116462 -1.38911669],[0.35893363 0.13387763],[ 0.18148543 -0.05686789]
4026,4.025999999999679,[ 0.81989627 -0.72397914],[ 0.34152356 -1.38898282],[0.35906907 0.13449027],[ 0.18154058 -0.0569514 ]
4027,4.0269999999996795,[ 0.82023815 -0.72536799],[ 0.34188263 -1.38884833],[0.35920395 0.13510233],[ 0.18159549 -0.05703478]
4028,4.02799999999968,[ 0.8205804 -0.7267567],[ 0.34224183 -1.38871322],[0.35933828 0.13571383],[ 0.18165014 -0.05711804]
4029,4.02899999999968,[ 0.820923   -0.72814528],[ 0.34260117 -1.38857751],[0.35947205 0.13632478],[ 0.18170455 -0.05720118]
4030,4.0299999999996805,[ 0.82126596 -0.72953372],[ 0.34296064 -1.38844119],[0.35960526 0.13693518],[ 0.18175871 -0.05728419]
4031,4.030999999999681,[ 0.82160928 -0.73092202],[ 0.34332025 -1.38830425],[0.35973792 0.13754507],[ 0.18181263 -0.05736708]
4032,4.031999999999681,[ 0.82195296 -0.73231019],[ 0.34367998 -1.3881667 ],[0.35987001 0.13815444],[ 0.1818663  -0.05744985]
4033,4.0329999999996815,[ 0.822297   -0.73369822],[ 0.34403985 -1.38802855],[0.36000155 0.13876331],[ 0.18191971 -0.05753249]
4034,4.033999999999682,[ 0.8226414  -0.73508611],[ 0.34439985 -1.38788979],[0.36013252 0.13937169],[ 0.18197289 -0.05761501]
4035,4.034999999999682,[ 0.82298616 -0.73647386],[ 0.34475999 -1.38775042],[0.36026294 0.13997961],[ 0.18202581 -0.0576974 ]
4036,4.0359999999996825,[ 0.82333128 -0.73786147],[ 0.34512025 -1.38761044],[0.3603928  0.14058706],[ 0.18207848 -0.05777967]
4037,4.036999999999683,[ 0.82367676 -0.73924894],[ 0.34548064 -1.38746985],[0.3605221  0.14119406],[ 0.18213091 -0.05786181]
4038,4.037999999999683,[ 0.8240226  -0.74063627],[ 0.34584116 -1.38732865],[0.36065083 0.14180063],[ 0.18218309 -0.05794383]
4039,4.0389999999996835,[ 0.8243688  -0.74202345],[ 0.34620182 -1.38718685],[0.36077901 0.14240677],[ 0.18223502 -0.05802572]
4040,4.039999999999684,[ 0.82471536 -0.7434105 ],[ 0.34656259 -1.38704445],[0.36090663 0.1430125 ],[ 0.1822867  -0.05810748]
4041,4.040999999999684,[ 0.82506229 -0.7447974 ],[ 0.3469235  -1.38690143],[0.36103368 0.14361784],[ 0.18233813 -0.05818913]
4042,4.0419999999996845,[ 0.82540957 -0.74618416],[ 0.34728454 -1.38675782],[0.36116018 0.14422279],[ 0.18238931 -0.05827064]
4043,4.042999999999685,[ 0.82575722 -0.74757077],[ 0.3476457  -1.38661359],[0.36128611 0.14482736],[ 0.18244024 -0.05835203]
4044,4.043999999999685,[ 0.82610523 -0.74895724],[ 0.34800698 -1.38646877],[0.36141148 0.14543157],[ 0.18249093 -0.0584333 ]
4045,4.0449999999996855,[ 0.82645359 -0.75034356],[ 0.34836839 -1.38632334],[0.36153629 0.14603544],[ 0.18254136 -0.05851443]
4046,4.045999999999686,[ 0.82680232 -0.75172974],[ 0.34872993 -1.3861773 ],[0.36166054 0.14663896],[ 0.18259154 -0.05859544]
4047,4.046999999999686,[ 0.82715141 -0.75311577],[ 0.34909159 -1.38603066],[0.36178422 0.14724216],[ 0.18264148 -0.05867633]
4048,4.0479999999996865,[ 0.82750087 -0.75450165],[ 0.34945337 -1.38588342],[0.36190735 0.14784505],[ 0.18269116 -0.05875709]
4049,4.048999999999687,[ 0.82785068 -0.75588739],[ 0.34981528 -1.38573557],[0.36202991 0.14844763],[ 0.18274059 -0.05883772]
4050,4.049999999999687,[ 0.82820086 -0.75727298],[ 0.35017731 -1.38558713],[0.3621519  0.14904992],[ 0.18278978 -0.05891822]
4051,4.0509999999996875,[ 0.8285514  -0.75865841],[ 0.35053946 -1.38543808],[0.36227333 0.14965194],[ 0.18283871 -0.0589986 ]
4052,4.051999999999688,[ 0.8289023 -0.7600437],[ 0.35090174 -1.38528842],[0.3623942  0.15025369],[ 0.18288739 -0.05907885]
4053,4.052999999999688,[ 0.82925357 -0.76142884],[ 0.35126413 -1.38513817],[0.3625145  0.15085518],[ 0.18293582 -0.05915897]
4054,4.0539999999996885,[ 0.82960519 -0.76281383],[ 0.35162665 -1.38498732],[0.36263424 0.15145642],[ 0.182984   -0.05923897]
4055,4.054999999999689,[ 0.82995718 -0.76419866],[ 0.35198928 -1.38483586],[0.36275342 0.15205744],[ 0.18303193 -0.05931883]
4056,4.055999999999689,[ 0.83030953 -0.76558335],[ 0.35235203 -1.3846838 ],[0.36287203 0.15265823],[ 0.1830796  -0.05939857]
4057,4.0569999999996895,[ 0.83066225 -0.76696788],[ 0.3527149  -1.38453114],[0.36299007 0.15325882],[ 0.18312703 -0.05947818]
4058,4.05799999999969,[ 0.83101533 -0.76835226],[ 0.35307789 -1.38437788],[0.36310755 0.1538592 ],[ 0.1831742  -0.05955766]
4059,4.05899999999969,[ 0.83136877 -0.76973648],[ 0.353441   -1.38422403],[0.36322446 0.1544594 ],[ 0.18322112 -0.05963702]
4060,4.0599999999996905,[ 0.83172257 -0.77112055],[ 0.35380423 -1.38406957],[0.36334081 0.15505942],[ 0.18326779 -0.05971624]
4061,4.060999999999691,[ 0.83207674 -0.77250447],[ 0.35416757 -1.38391451],[0.36345659 0.15565927],[ 0.1833142  -0.05979534]
4062,4.061999999999691,[ 0.83243127 -0.77388822],[ 0.35453102 -1.38375885],[0.3635718  0.15625897],[ 0.18336037 -0.05987431]
4063,4.0629999999996915,[ 0.83278617 -0.77527183],[ 0.3548946  -1.38360259],[0.36368645 0.15685853],[ 0.18340628 -0.05995315]
4064,4.063999999999692,[ 0.83314142 -0.77665527],[ 0.35525828 -1.38344573],[0.36380053 0.15745795],[ 0.18345194 -0.06003185]
4065,4.064999999999692,[ 0.83349705 -0.77803856],[ 0.35562208 -1.38328827],[0.36391404 0.15805725],[ 0.18349734 -0.06011043]
4066,4.0659999999996925,[ 0.83385303 -0.77942169],[ 0.355986   -1.38313021],[0.36402698 0.15865645],[ 0.1835425  -0.06018888]
4067,4.066999999999693,[ 0.83420938 -0.78080466],[ 0.35635002 -1.38297156],[0.36413936 0.15925554],[ 0.1835874  -0.06026721]
4068,4.067999999999693,[ 0.8345661  -0.78218748],[ 0.35671416 -1.3828123 ],[0.36425117 0.15985454],[ 0.18363204 -0.0603454 ]
4069,4.0689999999996935,[ 0.83492317 -0.78357013],[ 0.35707841 -1.38265245],[0.36436241 0.16045346],[ 0.18367644 -0.06042346]
4070,4.069999999999694,[ 0.83528062 -0.78495262],[ 0.35744278 -1.38249199],[0.36447308 0.16105231],[ 0.18372058 -0.06050139]
4071,4.070999999999694,[ 0.83563842 -0.78633495],[ 0.35780725 -1.38233094],[0.36458318 0.1616511 ],[ 0.18376446 -0.06057919]
4072,4.0719999999996945,[ 0.8359966  -0.78771712],[ 0.35817183 -1.38216929],[0.36469271 0.16224985],[ 0.18380809 -0.06065686]
4073,4.072999999999695,[ 0.83635513 -0.78909913],[ 0.35853653 -1.38200704],[0.36480167 0.16284856],[ 0.18385147 -0.0607344 ]
4074,4.073999999999695,[ 0.83671403 -0.79048097],[ 0.35890133 -1.38184419],[0.36491006 0.16344724],[ 0.18389459 -0.06081181]
4075,4.0749999999996955,[ 0.8370733  -0.79186265],[ 0.35926624 -1.38168075],[0.36501788 0.1640459 ],[ 0.18393746 -0.06088909]
4076,4.075999999999696,[ 0.83743293 -0.79324417],[ 0.35963126 -1.3815167 ],[0.36512513 0.16464456],[ 0.18398008 -0.06096623]
4077,4.076999999999696,[ 0.83779293 -0.79462552],[ 0.35999638 -1.38135205],[0.36523181 0.16524322],[ 0.18402244 -0.06104325]
4078,4.0779999999996965,[ 0.83815329 -0.79600671],[ 0.36036161 -1.38118681],[0.36533792 0.1658419 ],[ 0.18406454 -0.06112013]
4079,4.078999999999697,[ 0.83851402 -0.79738773],[ 0.36072695 -1.38102097],[0.36544346 0.16644059],[ 0.18410639 -0.06119689]
4080,4.079999999999697,[ 0.83887511 -0.79876858],[ 0.36109239 -1.38085453],[0.36554842 0.16703932],[ 0.18414799 -0.06127351]
4081,4.0809999999996975,[ 0.83923657 -0.80014927],[ 0.36145794 -1.38068749],[0.36565282 0.1676381 ],[ 0.18418933 -0.06135   ]
4082,4.081999999999698,[ 0.83959839 -0.80152979],[ 0.3618236  -1.38051985],[0.36575664 0.16823692],[ 0.18423041 -0.06142636]
4083,4.082999999999698,[ 0.83996058 -0.80291014],[ 0.36218935 -1.38035161],[0.36585988 0.16883581],[ 0.18427124 -0.06150258]
4084,4.0839999999996985,[ 0.84032314 -0.80429032],[ 0.36255521 -1.38018278],[0.36596256 0.16943477],[ 0.18431181 -0.06157868]
4085,4.084999999999699,[ 0.84068606 -0.80567034],[ 0.36292117 -1.38001334],[0.36606466 0.17003382],[ 0.18435213 -0.06165464]
4086,4.085999999999699,[ 0.84104934 -0.80705018],[ 0.36328724 -1.37984331],[0.36616619 0.17063296],[ 0.18439219 -0.06173047]
4087,4.0869999999996995,[ 0.841413   -0.80842985],[ 0.36365341 -1.37967268],[0.36626714 0.17123219],[ 0.18443199 -0.06180617]
4088,4.0879999999997,[ 0.84177702 -0.80980936],[ 0.36401967 -1.37950145],[0.36636752 0.17183154],[ 0.18447154 -0.06188173]
4089,4.0889999999997,[ 0.8421414  -0.81118869],[ 0.36438604 -1.37932961],[0.36646733 0.17243101],[ 0.18451083 -0.06195716]
4090,4.0899999999997005,[ 0.84250616 -0.81256784],[ 0.36475251 -1.37915718],[0.36656656 0.17303061],[ 0.18454987 -0.06203246]
4091,4.090999999999701,[ 0.84287127 -0.81394683],[ 0.36511907 -1.37898415],[0.36666522 0.17363035],[ 0.18458864 -0.06210763]
4092,4.091999999999701,[ 0.84323676 -0.81532564],[ 0.36548574 -1.37881052],[0.3667633  0.17423024],[ 0.18462716 -0.06218266]
4093,4.0929999999997015,[ 0.84360261 -0.81670427],[ 0.3658525  -1.37863629],[0.3668608  0.17483028],[ 0.18466543 -0.06225756]
4094,4.093999999999702,[ 0.84396883 -0.81808273],[ 0.36621936 -1.37846146],[0.36695773 0.1754305 ],[ 0.18470344 -0.06233233]
4095,4.094999999999702,[ 0.84433542 -0.81946102],[ 0.36658632 -1.37828603],[0.36705409 0.17603089],[ 0.18474119 -0.06240696]
4096,4.0959999999997025,[ 0.84470237 -0.82083913],[ 0.36695337 -1.37811   ],[0.36714987 0.17663146],[ 0.18477868 -0.06248146]
4097,4.096999999999703,[ 0.84506969 -0.82221706],[ 0.36732052 -1.37793337],[0.36724507 0.17723223],[ 0.18481591 -0.06255582]
4098,4.097999999999703,[ 0.84543738 -0.82359482],[ 0.36768777 -1.37775614],[0.36733969 0.17783321],[ 0.18485289 -0.06263005]
4099,4.0989999999997035,[ 0.84580543 -0.8249724 ],[ 0.36805511 -1.3775783 ],[0.36743374 0.17843439],[ 0.18488961 -0.06270415]
4100,4.099999999999704,[ 0.84617386 -0.8263498 ],[ 0.36842254 -1.37739987],[0.3675272 0.1790358],[ 0.18492607 -0.06277811]
4101,4.100999999999704,[ 0.84654265 -0.82772702],[ 0.36879007 -1.37722083],[0.3676201  0.17963744],[ 0.18496227 -0.06285194]
4102,4.1019999999997045,[ 0.84691181 -0.82910406],[ 0.36915769 -1.3770412 ],[0.36771241 0.18023932],[ 0.18499821 -0.06292563]
4103,4.102999999999705,[ 0.84728133 -0.83048092],[ 0.3695254  -1.37686096],[0.36780414 0.18084145],[ 0.1850339  -0.06299919]
4104,4.103999999999705,[ 0.84765122 -0.8318576 ],[ 0.36989321 -1.37668011],[0.3678953  0.18144383],[ 0.18506932 -0.06307261]
4105,4.1049999999997056,[ 0.84802148 -0.8332341 ],[ 0.3702611  -1.37649867],[0.36798587 0.18204648],[ 0.18510449 -0.0631459 ]
4106,4.105999999999706,[ 0.84839211 -0.83461042],[ 0.37062909 -1.37631662],[0.36807587 0.18264941],[ 0.1851394  -0.06321906]
4107,4.106999999999706,[ 0.84876311 -0.83598655],[ 0.37099716 -1.37613397],[0.36816529 0.18325261],[ 0.18517405 -0.06329208]
4108,4.1079999999997066,[ 0.84913448 -0.8373625 ],[ 0.37136533 -1.37595072],[0.36825412 0.18385611],[ 0.18520844 -0.06336496]
4109,4.108999999999707,[ 0.84950621 -0.83873827],[ 0.37173358 -1.37576687],[0.36834238 0.18445991],[ 0.18524257 -0.06343771]
4110,4.109999999999707,[ 0.84987831 -0.84011385],[ 0.37210193 -1.37558241],[0.36843006 0.18506402],[ 0.18527644 -0.06351032]
4111,4.1109999999997076,[ 0.85025078 -0.84148925],[ 0.37247036 -1.37539734],[0.36851715 0.18566845],[ 0.18531005 -0.0635828 ]
4112,4.111999999999708,[ 0.85062362 -0.84286446],[ 0.37283887 -1.37521167],[0.36860367 0.1862732 ],[ 0.18534341 -0.06365514]
4113,4.112999999999708,[ 0.85099683 -0.84423949],[ 0.37320748 -1.3750254 ],[0.3686896  0.18687829],[ 0.1853765  -0.06372735]
4114,4.113999999999709,[ 0.8513704  -0.84561432],[ 0.37357617 -1.37483852],[0.36877495 0.18748371],[ 0.18540933 -0.06379942]
4115,4.114999999999709,[ 0.85174435 -0.84698897],[ 0.37394494 -1.37465104],[0.36885972 0.18808949],[ 0.1854419  -0.06387135]
4116,4.115999999999709,[ 0.85211866 -0.84836344],[ 0.3743138  -1.37446295],[0.36894391 0.18869563],[ 0.18547421 -0.06394315]
4117,4.11699999999971,[ 0.85249335 -0.84973771],[ 0.37468274 -1.37427425],[0.36902751 0.18930214],[ 0.18550626 -0.06401481]
4118,4.11799999999971,[ 0.8528684 -0.8511118],[ 0.37505177 -1.37408495],[0.36911054 0.18990902],[ 0.18553805 -0.06408633]
4119,4.11899999999971,[ 0.85324382 -0.85248569],[ 0.37542088 -1.37389504],[0.36919297 0.19051628],[ 0.18556958 -0.06415772]
4120,4.119999999999711,[ 0.85361961 -0.8538594 ],[ 0.37579008 -1.37370453],[0.36927483 0.19112394],[ 0.18560085 -0.06422897]
4121,4.120999999999711,[ 0.85399577 -0.85523291],[ 0.37615935 -1.3735134 ],[0.3693561  0.19173199],[ 0.18563186 -0.06430009]
4122,4.121999999999711,[ 0.8543723  -0.85660623],[ 0.37652871 -1.37332167],[0.36943679 0.19234046],[ 0.1856626  -0.06437106]
4123,4.122999999999712,[ 0.8547492  -0.85797936],[ 0.37689814 -1.37312933],[0.36951689 0.19294934],[ 0.18569309 -0.06444191]
4124,4.123999999999712,[ 0.85512646 -0.8593523 ],[ 0.37726766 -1.37293638],[0.36959641 0.19355864],[ 0.18572331 -0.06451261]
4125,4.124999999999712,[ 0.8555041  -0.86072504],[ 0.37763726 -1.37274282],[0.36967534 0.19416837],[ 0.18575327 -0.06458318]
4126,4.125999999999713,[ 0.85588211 -0.86209759],[ 0.37800693 -1.37254865],[0.36975369 0.19477854],[ 0.18578297 -0.0646536 ]
4127,4.126999999999713,[ 0.85626048 -0.86346994],[ 0.37837669 -1.37235387],[0.36983145 0.19538916],[ 0.18581241 -0.0647239 ]
4128,4.127999999999713,[ 0.85663923 -0.8648421 ],[ 0.37874652 -1.37215849],[0.36990863 0.19600024],[ 0.18584158 -0.06479405]
4129,4.128999999999714,[ 0.85701835 -0.86621406],[ 0.37911643 -1.37196249],[0.36998522 0.19661178],[ 0.1858705  -0.06486407]
4130,4.129999999999714,[ 0.85739783 -0.86758583],[ 0.37948641 -1.37176587],[0.37006122 0.19722378],[ 0.18589915 -0.06493394]
4131,4.130999999999714,[ 0.85777769 -0.8689574 ],[ 0.37985647 -1.37156865],[0.37013664 0.19783627],[ 0.18592754 -0.06500369]
4132,4.131999999999715,[ 0.85815792 -0.87032877],[ 0.38022661 -1.37137081],[0.37021147 0.19844924],[ 0.18595566 -0.06507329]
4133,4.132999999999715,[ 0.85853851 -0.87169994],[ 0.38059682 -1.37117236],[0.37028571 0.1990627 ],[ 0.18598353 -0.06514275]
4134,4.133999999999715,[ 0.85891948 -0.87307091],[ 0.38096711 -1.3709733 ],[0.37035937 0.19967667],[ 0.18601113 -0.06521208]
4135,4.134999999999716,[ 0.85930082 -0.87444169],[ 0.38133747 -1.37077362],[0.37043243 0.20029114],[ 0.18603846 -0.06528127]
4136,4.135999999999716,[ 0.85968253 -0.87581226],[ 0.3817079  -1.37057333],[0.37050491 0.20090612],[ 0.18606554 -0.06535032]
4137,4.136999999999716,[ 0.8600646  -0.87718263],[ 0.3820784  -1.37037243],[0.3705768  0.20152163],[ 0.18609235 -0.06541923]
4138,4.137999999999717,[ 0.86044705 -0.8785528 ],[ 0.38244898 -1.37017091],[0.3706481  0.20213768],[ 0.1861189 -0.065488 ]
4139,4.138999999999717,[ 0.86082987 -0.87992277],[ 0.38281963 -1.36996877],[0.37071881 0.20275425],[ 0.18614518 -0.06555663]
4140,4.139999999999717,[ 0.86121306 -0.88129254],[ 0.38319035 -1.36976601],[0.37078894 0.20337138],[ 0.1861712  -0.06562513]
4141,4.140999999999718,[ 0.86159662 -0.8826621 ],[ 0.38356114 -1.36956264],[0.37085847 0.20398905],[ 0.18619696 -0.06569348]
4142,4.141999999999718,[ 0.86198056 -0.88403146],[ 0.38393199 -1.36935865],[0.37092741 0.20460729],[ 0.18622245 -0.0657617 ]
4143,4.142999999999718,[ 0.86236486 -0.88540061],[ 0.38430292 -1.36915405],[0.37099577 0.20522609],[ 0.18624768 -0.06582978]
4144,4.143999999999719,[ 0.86274953 -0.88676956],[ 0.38467392 -1.36894882],[0.37106353 0.20584546],[ 0.18627264 -0.06589772]
4145,4.144999999999719,[ 0.86313458 -0.88813831],[ 0.38504498 -1.36874297],[0.3711307  0.20646542],[ 0.18629734 -0.06596551]
4146,4.145999999999719,[ 0.86351999 -0.88950684],[ 0.38541611 -1.36853651],[0.37119728 0.20708597],[ 0.18632178 -0.06603317]
4147,4.14699999999972,[ 0.86390578 -0.89087517],[ 0.38578731 -1.36832942],[0.37126327 0.20770711],[ 0.18634595 -0.06610069]
4148,4.14799999999972,[ 0.86429194 -0.89224329],[ 0.38615857 -1.36812172],[0.37132866 0.20832885],[ 0.18636985 -0.06616807]
4149,4.14899999999972,[ 0.86467847 -0.89361121],[ 0.3865299  -1.36791339],[0.37139347 0.2089512 ],[ 0.1863935  -0.06623531]
4150,4.149999999999721,[ 0.86506537 -0.89497891],[ 0.38690129 -1.36770444],[0.37145768 0.20957417],[ 0.18641687 -0.06630241]
4151,4.150999999999721,[ 0.86545264 -0.89634641],[ 0.38727275 -1.36749486],[0.3715213  0.21019776],[ 0.18643998 -0.06636937]
4152,4.151999999999721,[ 0.86584029 -0.89771369],[ 0.38764427 -1.36728466],[0.37158432 0.21082198],[ 0.18646283 -0.0664362 ]
4153,4.152999999999722,[ 0.8662283  -0.89908077],[ 0.38801586 -1.36707384],[0.37164676 0.21144683],[ 0.18648541 -0.06650288]
4154,4.153999999999722,[ 0.86661669 -0.90044763],[ 0.3883875 -1.3668624],[0.3717086  0.21207233],[ 0.18650772 -0.06656942]
4155,4.154999999999722,[ 0.86700545 -0.90181428],[ 0.38875921 -1.36665032],[0.37176984 0.21269848],[ 0.18652977 -0.06663582]
4156,4.155999999999723,[ 0.86739458 -0.90318072],[ 0.38913098 -1.36643762],[0.37183049 0.21332529],[ 0.18655156 -0.06670208]
4157,4.156999999999723,[ 0.86778408 -0.90454694],[ 0.38950281 -1.3662243 ],[0.37189055 0.21395276],[ 0.18657307 -0.06676819]
4158,4.157999999999723,[ 0.86817396 -0.90591295],[ 0.3898747  -1.36601035],[0.37195001 0.21458091],[ 0.18659433 -0.06683417]
4159,4.158999999999724,[ 0.86856421 -0.90727875],[ 0.39024665 -1.36579577],[0.37200888 0.21520973],[ 0.18661531 -0.06690001]
4160,4.159999999999724,[ 0.86895482 -0.90864433],[ 0.39061866 -1.36558056],[0.37206715 0.21583923],[ 0.18663603 -0.06696571]
4161,4.160999999999724,[ 0.86934582 -0.91000969],[ 0.39099073 -1.36536472],[0.37212483 0.21646943],[ 0.18665648 -0.06703126]
4162,4.161999999999725,[ 0.86973718 -0.91137484],[ 0.39136285 -1.36514825],[0.37218191 0.21710032],[ 0.18667667 -0.06709668]
4163,4.162999999999725,[ 0.87012891 -0.91273977],[ 0.39173504 -1.36493115],[0.37223839 0.21773191],[ 0.18669659 -0.06716195]
4164,4.163999999999725,[ 0.87052102 -0.91410448],[ 0.39210727 -1.36471342],[0.37229428 0.21836422],[ 0.18671624 -0.06722708]
4165,4.164999999999726,[ 0.8709135  -0.91546898],[ 0.39247957 -1.36449505],[0.37234957 0.21899724],[ 0.18673563 -0.06729208]
4166,4.165999999999726,[ 0.87130635 -0.91683326],[ 0.39285192 -1.36427605],[0.37240426 0.21963099],[ 0.18675474 -0.06735693]
4167,4.166999999999726,[ 0.87169958 -0.91819731],[ 0.39322432 -1.36405642],[0.37245835 0.22026546],[ 0.1867736  -0.06742164]
4168,4.167999999999727,[ 0.87209317 -0.91956115],[ 0.39359678 -1.36383616],[0.37251185 0.22090067],[ 0.18679218 -0.0674862 ]
4169,4.168999999999727,[ 0.87248714 -0.92092476],[ 0.39396929 -1.36361526],[0.37256475 0.22153662],[ 0.1868105  -0.06755063]
4170,4.169999999999727,[ 0.87288148 -0.92228816],[ 0.39434186 -1.36339372],[0.37261705 0.22217332],[ 0.18682855 -0.06761491]
4171,4.170999999999728,[ 0.8732762  -0.92365133],[ 0.39471448 -1.36317155],[0.37266875 0.22281078],[ 0.18684633 -0.06767906]
4172,4.171999999999728,[ 0.87367129 -0.92501428],[ 0.39508714 -1.36294874],[0.37271986 0.223449  ],[ 0.18686384 -0.06774306]
4173,4.172999999999728,[ 0.87406675 -0.926377  ],[ 0.39545986 -1.36272529],[0.37277036 0.22408798],[ 0.18688109 -0.06780691]
4174,4.173999999999729,[ 0.87446258 -0.9277395 ],[ 0.39583263 -1.3625012 ],[0.37282027 0.22472774],[ 0.18689806 -0.06787063]
4175,4.174999999999729,[ 0.87485878 -0.92910178],[ 0.39620545 -1.36227647],[0.37286957 0.22536828],[ 0.18691477 -0.06793421]
4176,4.175999999999729,[ 0.87525536 -0.93046383],[ 0.39657832 -1.3620511 ],[0.37291828 0.2260096 ],[ 0.18693121 -0.06799764]
4177,4.17699999999973,[ 0.87565231 -0.93182566],[ 0.39695124 -1.36182509],[0.37296638 0.22665172],[ 0.18694739 -0.06806093]
4178,4.17799999999973,[ 0.87604964 -0.93318725],[ 0.39732421 -1.36159844],[0.37301389 0.22729463],[ 0.18696329 -0.06812408]
4179,4.17899999999973,[ 0.87644733 -0.93454863],[ 0.39769722 -1.36137115],[0.37306079 0.22793835],[ 0.18697893 -0.06818708]
4180,4.179999999999731,[ 0.8768454  -0.93590977],[ 0.39807028 -1.36114321],[0.37310709 0.22858288],[ 0.18699429 -0.06824994]
4181,4.180999999999731,[ 0.87724385 -0.93727068],[ 0.39844339 -1.36091463],[0.37315279 0.22922822],[ 0.18700939 -0.06831266]
4182,4.181999999999731,[ 0.87764266 -0.93863137],[ 0.39881654 -1.3606854 ],[0.37319789 0.22987439],[ 0.18702422 -0.06837524]
4183,4.182999999999732,[ 0.87804185 -0.93999182],[ 0.39918974 -1.36045552],[0.37324238 0.23052139],[ 0.18703878 -0.06843768]
4184,4.183999999999732,[ 0.87844142 -0.94135205],[ 0.39956298 -1.360225  ],[0.37328628 0.23116921],[ 0.18705307 -0.06849997]
4185,4.184999999999732,[ 0.87884135 -0.94271204],[ 0.39993627 -1.35999383],[0.37332957 0.23181788],[ 0.18706709 -0.06856212]
4186,4.185999999999733,[ 0.87924166 -0.94407181],[ 0.4003096  -1.35976201],[0.37337225 0.2324674 ],[ 0.18708084 -0.06862413]
4187,4.186999999999733,[ 0.87964235 -0.94543134],[ 0.40068297 -1.35952955],[0.37341434 0.23311776],[ 0.18709432 -0.06868599]
4188,4.187999999999733,[ 0.8800434  -0.94679063],[ 0.40105639 -1.35929643],[0.37345582 0.23376899],[ 0.18710754 -0.06874771]
4189,4.188999999999734,[ 0.88044483 -0.94814969],[ 0.40142984 -1.35906266],[0.3734967  0.23442108],[ 0.18712048 -0.06880929]
4190,4.189999999999734,[ 0.88084664 -0.94950852],[ 0.40180334 -1.35882824],[0.37353697 0.23507403],[ 0.18713315 -0.06887072]
4191,4.190999999999734,[ 0.88124881 -0.95086712],[ 0.40217688 -1.35859317],[0.37357664 0.23572786],[ 0.18714555 -0.06893201]
4192,4.191999999999735,[ 0.88165136 -0.95222547],[ 0.40255045 -1.35835744],[0.3736157  0.23638258],[ 0.18715768 -0.06899316]
4193,4.192999999999735,[ 0.88205429 -0.95358359],[ 0.40292407 -1.35812105],[0.37365416 0.23703817],[ 0.18716955 -0.06905416]
4194,4.193999999999735,[ 0.88245759 -0.95494148],[ 0.40329772 -1.35788402],[0.37369201 0.23769466],[ 0.18718114 -0.06911503]
4195,4.194999999999736,[ 0.88286126 -0.95629912],[ 0.40367141 -1.35764632],[0.37372926 0.23835205],[ 0.18719246 -0.06917574]
4196,4.195999999999736,[ 0.8832653  -0.95765653],[ 0.40404514 -1.35740797],[0.3737659  0.23901034],[ 0.18720351 -0.06923632]
4197,4.196999999999736,[ 0.88366972 -0.9590137 ],[ 0.40441891 -1.35716896],[0.37380193 0.23966954],[ 0.18721429 -0.06929675]
4198,4.197999999999737,[ 0.88407451 -0.96037063],[ 0.40479271 -1.35692929],[0.37383736 0.24032965],[ 0.18722479 -0.06935703]
4199,4.198999999999737,[ 0.88447968 -0.96172732],[ 0.40516655 -1.35668896],[0.37387218 0.24099069],[ 0.18723503 -0.06941717]
4200,4.199999999999737,[ 0.88488522 -0.96308377],[ 0.40554042 -1.35644797],[0.3739064  0.24165264],[ 0.187245   -0.06947717]
4201,4.200999999999738,[ 0.88529113 -0.96443997],[ 0.40591433 -1.35620632],[0.37394    0.24231553],[ 0.18725469 -0.06953703]
4202,4.201999999999738,[ 0.88569742 -0.96579594],[ 0.40628827 -1.355964  ],[0.373973   0.24297936],[ 0.18726411 -0.06959674]
4203,4.202999999999738,[ 0.88610409 -0.96715166],[ 0.40666224 -1.35572102],[0.37400539 0.24364412],[ 0.18727327 -0.0696563 ]
4204,4.203999999999739,[ 0.88651112 -0.96850714],[ 0.40703625 -1.35547738],[0.37403718 0.24430984],[ 0.18728215 -0.06971572]
4205,4.204999999999739,[ 0.88691853 -0.96986237],[ 0.40741028 -1.35523307],[0.37406835 0.2449765 ],[ 0.18729075 -0.069775  ]
4206,4.205999999999739,[ 0.88732632 -0.97121736],[ 0.40778435 -1.35498809],[0.37409891 0.24564413],[ 0.18729909 -0.06983414]
4207,4.20699999999974,[ 0.88773447 -0.9725721 ],[ 0.40815845 -1.35474245],[0.37412887 0.24631272],[ 0.18730715 -0.06989313]
4208,4.20799999999974,[ 0.88814301 -0.9739266 ],[ 0.40853258 -1.35449613],[0.37415822 0.24698227],[ 0.18731495 -0.06995197]
4209,4.20899999999974,[ 0.88855191 -0.97528085],[ 0.40890674 -1.35424915],[0.37418695 0.2476528 ],[ 0.18732247 -0.07001067]
4210,4.209999999999741,[ 0.88896119 -0.97663485],[ 0.40928092 -1.3540015 ],[0.37421508 0.24832431],[ 0.18732971 -0.07006923]
4211,4.210999999999741,[ 0.88937085 -0.9779886 ],[ 0.40965514 -1.35375318],[0.3742426 0.2489968],[ 0.18733669 -0.07012764]
4212,4.211999999999741,[ 0.88978088 -0.9793421 ],[ 0.41002938 -1.35350418],[0.3742695  0.24967028],[ 0.18734339 -0.0701859 ]
4213,4.212999999999742,[ 0.89019128 -0.98069536],[ 0.41040365 -1.35325451],[0.3742958  0.25034476],[ 0.18734982 -0.07024403]
4214,4.213999999999742,[ 0.89060206 -0.98204836],[ 0.41077795 -1.35300416],[0.37432148 0.25102024],[ 0.18735598 -0.070302  ]
4215,4.214999999999742,[ 0.89101321 -0.98340112],[ 0.41115227 -1.35275314],[0.37434656 0.25169672],[ 0.18736186 -0.07035984]
4216,4.215999999999743,[ 0.89142474 -0.98475362],[ 0.41152661 -1.35250145],[0.37437102 0.25237421],[ 0.18736748 -0.07041752]
4217,4.216999999999743,[ 0.89183664 -0.98610587],[ 0.41190099 -1.35224907],[0.37439487 0.25305272],[ 0.18737281 -0.07047507]
4218,4.217999999999743,[ 0.89224892 -0.98745786],[ 0.41227538 -1.35199602],[0.3744181  0.25373224],[ 0.18737788 -0.07053246]
4219,4.218999999999744,[ 0.89266157 -0.9888096 ],[ 0.4126498  -1.35174229],[0.37444073 0.2544128 ],[ 0.18738267 -0.07058972]
4220,4.219999999999744,[ 0.89307459 -0.99016109],[ 0.41302424 -1.35148787],[0.37446274 0.25509438],[ 0.18738719 -0.07064682]
4221,4.220999999999744,[ 0.89348799 -0.99151233],[ 0.4133987  -1.35123278],[0.37448414 0.255777  ],[ 0.18739144 -0.07070379]
4222,4.221999999999745,[ 0.89390176 -0.9928633 ],[ 0.41377319 -1.350977  ],[0.37450492 0.25646065],[ 0.18739541 -0.0707606 ]
4223,4.222999999999745,[ 0.89431591 -0.99421402],[ 0.41414769 -1.35072054],[0.37452509 0.25714536],[ 0.1873991  -0.07081727]
4224,4.223999999999745,[ 0.89473043 -0.99556449],[ 0.41452222 -1.3504634 ],[0.37454465 0.25783111],[ 0.18740253 -0.0708738 ]
4225,4.224999999999746,[ 0.89514533 -0.99691469],[ 0.41489676 -1.35020557],[0.3745636  0.25851792],[ 0.18740568 -0.07093018]
4226,4.225999999999746,[ 0.8955606  -0.99826464],[ 0.41527132 -1.34994705],[0.37458192 0.25920579],[ 0.18740855 -0.07098642]
4227,4.226999999999746,[ 0.89597625 -0.99961433],[ 0.41564591 -1.34968784],[0.37459964 0.25989472],[ 0.18741116 -0.07104251]
4228,4.227999999999747,[ 0.89639227 -1.00096375],[ 0.41602051 -1.34942795],[0.37461674 0.26058473],[ 0.18741348 -0.07109845]
4229,4.228999999999747,[ 0.89680866 -1.00231292],[ 0.41639512 -1.34916736],[0.37463322 0.26127581],[ 0.18741554 -0.07115425]
4230,4.229999999999747,[ 0.89722543 -1.00366183],[ 0.41676976 -1.34890609],[0.37464909 0.26196797],[ 0.18741731 -0.07120991]
4231,4.230999999999748,[ 0.89764258 -1.00501047],[ 0.41714441 -1.34864412],[0.37466434 0.26266121],[ 0.18741882 -0.07126542]
4232,4.231999999999748,[ 0.89806009 -1.00635885],[ 0.41751907 -1.34838146],[0.37467897 0.26335554],[ 0.18742005 -0.07132078]
4233,4.232999999999748,[ 0.89847799 -1.00770697],[ 0.41789375 -1.3481181 ],[0.37469299 0.26405097],[ 0.187421 -0.071376]
4234,4.233999999999749,[ 0.89889626 -1.00905483],[ 0.41826844 -1.34785405],[0.3747064  0.26474749],[ 0.18742168 -0.07143107]
4235,4.234999999999749,[ 0.8993149  -1.01040242],[ 0.41864315 -1.3475893 ],[0.37471918 0.26544512],[ 0.18742208 -0.07148599]
4236,4.235999999999749,[ 0.89973392 -1.01174974],[ 0.41901787 -1.34732386],[0.37473135 0.26614385],[ 0.18742221 -0.07154077]
4237,4.23699999999975,[ 0.90015331 -1.0130968 ],[ 0.4193926  -1.34705772],[0.3747429 0.2668437],[ 0.18742207 -0.07159541]
4238,4.23799999999975,[ 0.90057308 -1.01444359],[ 0.41976734 -1.34679087],[0.37475383 0.26754466],[ 0.18742165 -0.07164989]
4239,4.23899999999975,[ 0.90099322 -1.01579011],[ 0.4201421  -1.34652333],[0.37476415 0.26824675],[ 0.18742095 -0.07170424]
4240,4.239999999999751,[ 0.90141374 -1.01713637],[ 0.42051686 -1.34625508],[0.37477384 0.26894997],[ 0.18741998 -0.07175843]
4241,4.240999999999751,[ 0.90183463 -1.01848235],[ 0.42089163 -1.34598613],[0.37478292 0.26965431],[ 0.18741873 -0.07181248]
4242,4.241999999999751,[ 0.90225589 -1.01982807],[ 0.42126642 -1.34571648],[0.37479138 0.27035979],[ 0.1874172  -0.07186638]
4243,4.242999999999752,[ 0.90267754 -1.02117351],[ 0.42164121 -1.34544612],[0.37479922 0.27106641],[ 0.1874154  -0.07192014]
4244,4.243999999999752,[ 0.90309955 -1.02251869],[ 0.42201601 -1.34517505],[0.37480644 0.27177418],[ 0.18741333 -0.07197375]
4245,4.244999999999752,[ 0.90352194 -1.02386359],[ 0.42239081 -1.34490328],[0.37481304 0.27248309],[ 0.18741098 -0.07202722]
4246,4.245999999999753,[ 0.90394471 -1.02520822],[ 0.42276563 -1.34463079],[0.37481902 0.27319316],[ 0.18740835 -0.07208054]
4247,4.246999999999753,[ 0.90436785 -1.02655258],[ 0.42314045 -1.3443576 ],[0.37482438 0.27390439],[ 0.18740544 -0.07213371]
4248,4.247999999999753,[ 0.90479136 -1.02789667],[ 0.42351527 -1.34408369],[0.37482912 0.27461678],[ 0.18740226 -0.07218674]
4249,4.248999999999754,[ 0.90521525 -1.02924047],[ 0.4238901  -1.34380908],[0.37483324 0.27533034],[ 0.18739881 -0.07223962]
4250,4.249999999999754,[ 0.90563952 -1.03058401],[ 0.42426493 -1.34353375],[0.37483674 0.27604506],[ 0.18739507 -0.07229235]
4251,4.250999999999754,[ 0.90606416 -1.03192727],[ 0.42463977 -1.3432577 ],[0.37483961 0.27676097],[ 0.18739106 -0.07234494]
4252,4.251999999999755,[ 0.90648917 -1.03327025],[ 0.42501461 -1.34298094],[0.37484187 0.27747805],[ 0.18738677 -0.07239738]
4253,4.252999999999755,[ 0.90691456 -1.03461295],[ 0.42538945 -1.34270346],[0.3748435  0.27819632],[ 0.18738221 -0.07244967]
4254,4.253999999999755,[ 0.90734033 -1.03595538],[ 0.42576429 -1.34242527],[0.37484451 0.27891578],[ 0.18737737 -0.07250182]
4255,4.254999999999756,[ 0.90776647 -1.03729752],[ 0.42613914 -1.34214635],[0.3748449  0.27963643],[ 0.18737225 -0.07255382]
4256,4.255999999999756,[ 0.90819298 -1.03863939],[ 0.42651398 -1.34186672],[0.37484466 0.28035828],[ 0.18736686 -0.07260568]
4257,4.256999999999756,[ 0.90861987 -1.03998097],[ 0.42688883 -1.34158636],[0.37484381 0.28108134],[ 0.18736118 -0.07265738]
4258,4.257999999999757,[ 0.90904713 -1.04132228],[ 0.42726367 -1.34130528],[0.37484232 0.28180559],[ 0.18735523 -0.07270895]
4259,4.258999999999757,[ 0.90947477 -1.0426633 ],[ 0.42763851 -1.34102347],[0.37484022 0.28253106],[ 0.18734901 -0.07276036]
4260,4.259999999999757,[ 0.90990278 -1.04400404],[ 0.42801335 -1.34074094],[0.37483749 0.28325775],[ 0.1873425  -0.07281163]
4261,4.260999999999758,[ 0.91033117 -1.0453445 ],[ 0.42838819 -1.34045768],[0.37483414 0.28398565],[ 0.18733572 -0.07286275]
4262,4.261999999999758,[ 0.91075994 -1.04668468],[ 0.42876303 -1.3401737 ],[0.37483016 0.28471477],[ 0.18732866 -0.07291373]
4263,4.262999999999758,[ 0.91118907 -1.04802456],[ 0.42913786 -1.33988898],[0.37482556 0.28544513],[ 0.18732132 -0.07296455]
4264,4.263999999999759,[ 0.91161859 -1.04936417],[ 0.42951268 -1.33960354],[0.37482034 0.28617671],[ 0.1873137  -0.07301524]
4265,4.264999999999759,[ 0.91204847 -1.05070349],[ 0.4298875  -1.33931736],[0.37481449 0.28690953],[ 0.18730581 -0.07306577]
4266,4.265999999999759,[ 0.91247874 -1.05204252],[ 0.43026232 -1.33903045],[0.37480801 0.28764359],[ 0.18729764 -0.07311616]
4267,4.26699999999976,[ 0.91290937 -1.05338126],[ 0.43063712 -1.33874281],[0.37480091 0.28837889],[ 0.18728919 -0.0731664 ]
4268,4.26799999999976,[ 0.91334039 -1.05471971],[ 0.43101193 -1.33845443],[0.37479318 0.28911544],[ 0.18728046 -0.07321649]
4269,4.26899999999976,[ 0.91377177 -1.05605788],[ 0.43138672 -1.33816531],[0.37478483 0.28985325],[ 0.18727145 -0.07326644]
4270,4.269999999999761,[ 0.91420353 -1.05739575],[ 0.4317615  -1.33787546],[0.37477585 0.29059231],[ 0.18726216 -0.07331624]
4271,4.270999999999761,[ 0.91463567 -1.05873334],[ 0.43213628 -1.33758487],[0.37476624 0.29133263],[ 0.1872526  -0.07336589]
4272,4.271999999999761,[ 0.91506818 -1.06007063],[ 0.43251105 -1.33729353],[0.37475601 0.29207421],[ 0.18724276 -0.0734154 ]
4273,4.272999999999762,[ 0.91550107 -1.06140763],[ 0.4328858  -1.33700146],[0.37474515 0.29281706],[ 0.18723263 -0.07346476]
4274,4.273999999999762,[ 0.91593433 -1.06274434],[ 0.43326055 -1.33670864],[0.37473366 0.29356119],[ 0.18722223 -0.07351397]
4275,4.274999999999762,[ 0.91636796 -1.06408076],[ 0.43363528 -1.33641508],[0.37472154 0.29430659],[ 0.18721155 -0.07356303]
4276,4.275999999999763,[ 0.91680197 -1.06541688],[ 0.43401    -1.33612077],[0.3747088  0.29505327],[ 0.18720059 -0.07361195]
4277,4.276999999999763,[ 0.91723636 -1.0667527 ],[ 0.43438471 -1.33582572],[0.37469543 0.29580123],[ 0.18718936 -0.07366072]
4278,4.277999999999763,[ 0.91767112 -1.06808823],[ 0.43475941 -1.33552992],[0.37468143 0.29655048],[ 0.18717784 -0.07370935]
4279,4.278999999999764,[ 0.91810625 -1.06942347],[ 0.43513409 -1.33523337],[0.3746668  0.29730102],[ 0.18716604 -0.07375782]
4280,4.279999999999764,[ 0.91854176 -1.0707584 ],[ 0.43550875 -1.33493607],[0.37465154 0.29805286],[ 0.18715397 -0.07380615]
4281,4.280999999999764,[ 0.91897764 -1.07209304],[ 0.43588341 -1.33463802],[0.37463566 0.298806  ],[ 0.18714161 -0.07385434]
4282,4.281999999999765,[ 0.9194139  -1.07342738],[ 0.43625804 -1.33433921],[0.37461914 0.29956044],[ 0.18712897 -0.07390237]
4283,4.282999999999765,[ 0.91985053 -1.07476142],[ 0.43663266 -1.33403965],[0.374602   0.30031619],[ 0.18711606 -0.07395026]
4284,4.283999999999765,[ 0.92028754 -1.07609516],[ 0.43700726 -1.33373933],[0.37458422 0.30107325],[ 0.18710286 -0.073998  ]
4285,4.284999999999766,[ 0.92072492 -1.0774286 ],[ 0.43738185 -1.33343826],[0.37456581 0.30183163],[ 0.18708939 -0.0740456 ]
4286,4.285999999999766,[ 0.92116268 -1.07876173],[ 0.43775641 -1.33313643],[0.37454678 0.30259132],[ 0.18707563 -0.07409304]
4287,4.286999999999766,[ 0.92160081 -1.08009457],[ 0.43813096 -1.33283384],[0.37452711 0.30335234],[ 0.1870616  -0.07414034]
4288,4.287999999999767,[ 0.92203932 -1.0814271 ],[ 0.43850549 -1.33253048],[0.37450681 0.30411468],[ 0.18704728 -0.07418749]
4289,4.288999999999767,[ 0.9224782  -1.08275933],[ 0.43887999 -1.33222637],[0.37448589 0.30487835],[ 0.18703269 -0.0742345 ]
4290,4.289999999999767,[ 0.92291745 -1.08409125],[ 0.43925448 -1.33192149],[0.37446433 0.30564336],[ 0.18701781 -0.07428136]
4291,4.290999999999768,[ 0.92335708 -1.08542286],[ 0.43962894 -1.33161585],[0.37444213 0.3064097 ],[ 0.18700266 -0.07432807]
4292,4.291999999999768,[ 0.92379708 -1.08675417],[ 0.44000339 -1.33130944],[0.37441931 0.30717739],[ 0.18698722 -0.07437463]
4293,4.292999999999768,[ 0.92423746 -1.08808517],[ 0.4403778  -1.33100226],[0.37439586 0.30794642],[ 0.1869715  -0.07442105]
4294,4.293999999999769,[ 0.92467821 -1.08941587],[ 0.4407522  -1.33069431],[0.37437177 0.30871679],[ 0.1869555  -0.07446732]
4295,4.294999999999769,[ 0.92511934 -1.09074625],[ 0.44112657 -1.3303856 ],[0.37434705 0.30948852],[ 0.18693923 -0.07451344]
4296,4.295999999999769,[ 0.92556084 -1.09207633],[ 0.44150092 -1.33007611],[0.37432169 0.31026161],[ 0.18692267 -0.07455941]
4297,4.29699999999977,[ 0.92600272 -1.0934061 ],[ 0.44187524 -1.32976585],[0.37429571 0.31103605],[ 0.18690582 -0.07460524]
4298,4.29799999999977,[ 0.92644496 -1.09473555],[ 0.44224954 -1.32945481],[0.37426909 0.31181186],[ 0.1868887  -0.07465092]
4299,4.29899999999977,[ 0.92688759 -1.09606469],[ 0.44262381 -1.329143  ],[0.37424184 0.31258903],[ 0.1868713  -0.07469645]
4300,4.299999999999771,[ 0.92733059 -1.09739352],[ 0.44299805 -1.32883041],[0.37421395 0.31336758],[ 0.18685362 -0.07474184]
4301,4.300999999999771,[ 0.92777396 -1.09872204],[ 0.44337226 -1.32851704],[0.37418543 0.31414749],[ 0.18683565 -0.07478708]
4302,4.301999999999771,[ 0.92821771 -1.10005024],[ 0.44374645 -1.3282029 ],[0.37415627 0.31492879],[ 0.1868174  -0.07483217]
4303,4.302999999999772,[ 0.92866183 -1.10137813],[ 0.4441206  -1.32788797],[0.37412648 0.31571146],[ 0.18679888 -0.07487711]
4304,4.303999999999772,[ 0.92910632 -1.1027057 ],[ 0.44449473 -1.32757225],[0.37409606 0.31649552],[ 0.18678007 -0.07492191]
4305,4.304999999999772,[ 0.92955119 -1.10403296],[ 0.44486883 -1.32725576],[0.374065   0.31728096],[ 0.18676097 -0.07496656]
4306,4.305999999999773,[ 0.92999643 -1.1053599 ],[ 0.44524289 -1.32693848],[0.3740333 0.3180678],[ 0.1867416  -0.07501106]
4307,4.306999999999773,[ 0.93044205 -1.10668652],[ 0.44561692 -1.32662041],[0.37400097 0.31885603],[ 0.18672195 -0.07505541]
4308,4.307999999999773,[ 0.93088804 -1.10801282],[ 0.44599093 -1.32630155],[0.37396801 0.31964566],[ 0.18670201 -0.07509962]
4309,4.308999999999774,[ 0.93133441 -1.1093388 ],[ 0.44636489 -1.32598191],[0.37393441 0.32043669],[ 0.18668179 -0.07514368]
4310,4.309999999999774,[ 0.93178114 -1.11066446],[ 0.44673883 -1.32566147],[0.37390017 0.32122913],[ 0.18666129 -0.07518759]
4311,4.310999999999774,[ 0.93222826 -1.1119898 ],[ 0.44711273 -1.32534024],[0.3738653  0.32202297],[ 0.18664051 -0.07523136]
4312,4.311999999999775,[ 0.93267574 -1.11331482],[ 0.44748659 -1.32501822],[0.37382979 0.32281823],[ 0.18661944 -0.07527498]
4313,4.312999999999775,[ 0.9331236  -1.11463952],[ 0.44786042 -1.3246954 ],[0.37379364 0.3236149 ],[ 0.18659809 -0.07531845]
4314,4.313999999999775,[ 0.93357184 -1.11596389],[ 0.44823422 -1.32437179],[0.37375685 0.32441299],[ 0.18657646 -0.07536177]
4315,4.314999999999776,[ 0.93402045 -1.11728794],[ 0.44860797 -1.32404737],[0.37371943 0.3252125 ],[ 0.18655455 -0.07540495]
4316,4.315999999999776,[ 0.93446943 -1.11861166],[ 0.44898169 -1.32372216],[0.37368137 0.32601343],[ 0.18653236 -0.07544798]
4317,4.316999999999776,[ 0.93491878 -1.11993506],[ 0.44935537 -1.32339615],[0.37364268 0.32681579],[ 0.18650988 -0.07549086]
4318,4.317999999999777,[ 0.93536851 -1.12125812],[ 0.44972902 -1.32306933],[0.37360334 0.32761959],[ 0.18648712 -0.07553359]
4319,4.318999999999777,[ 0.93581861 -1.12258087],[ 0.45010262 -1.32274171],[0.37356337 0.32842482],[ 0.18646408 -0.07557618]
4320,4.319999999999777,[ 0.93626909 -1.12390328],[ 0.45047618 -1.32241329],[0.37352276 0.32923149],[ 0.18644075 -0.07561862]
4321,4.320999999999778,[ 0.93671994 -1.12522536],[ 0.45084971 -1.32208406],[0.37348151 0.3300396 ],[ 0.18641714 -0.07566092]
4322,4.321999999999778,[ 0.93717116 -1.12654712],[ 0.45122319 -1.32175402],[0.37343962 0.33084915],[ 0.18639325 -0.07570306]
4323,4.322999999999778,[ 0.93762276 -1.12786854],[ 0.45159663 -1.32142317],[0.37339709 0.33166015],[ 0.18636907 -0.07574506]
4324,4.323999999999779,[ 0.93807473 -1.12918963],[ 0.45197002 -1.32109151],[0.37335393 0.3324726 ],[ 0.18634462 -0.07578691]
4325,4.324999999999779,[ 0.93852707 -1.13051039],[ 0.45234338 -1.32075903],[0.37331012 0.33328651],[ 0.18631987 -0.07582862]
4326,4.325999999999779,[ 0.93897979 -1.13183082],[ 0.45271669 -1.32042575],[0.37326567 0.33410187],[ 0.18629485 -0.07587018]
4327,4.32699999999978,[ 0.93943288 -1.13315091],[ 0.45308995 -1.32009165],[0.37322059 0.3349187 ],[ 0.18626954 -0.07591159]
4328,4.32799999999978,[ 0.93988634 -1.13447067],[ 0.45346317 -1.31975673],[0.37317486 0.33573699],[ 0.18624395 -0.07595285]
4329,4.32899999999978,[ 0.94034018 -1.13579009],[ 0.45383635 -1.31942099],[0.37312849 0.33655674],[ 0.18621808 -0.07599397]
4330,4.329999999999781,[ 0.94079439 -1.13710917],[ 0.45420948 -1.31908443],[0.37308149 0.33737797],[ 0.18619192 -0.07603493]
4331,4.330999999999781,[ 0.94124897 -1.13842792],[ 0.45458256 -1.31874706],[0.37303384 0.33820067],[ 0.18616548 -0.07607576]
4332,4.331999999999781,[ 0.94170393 -1.13974633],[ 0.45495559 -1.31840886],[0.37298555 0.33902484],[ 0.18613875 -0.07611643]
4333,4.332999999999782,[ 0.94215926 -1.1410644 ],[ 0.45532858 -1.31806983],[0.37293662 0.3398505 ],[ 0.18611174 -0.07615696]
4334,4.333999999999782,[ 0.94261496 -1.14238213],[ 0.45570152 -1.31772998],[0.37288705 0.34067763],[ 0.18608445 -0.07619734]
4335,4.334999999999782,[ 0.94307103 -1.14369952],[ 0.4560744 -1.3173893],[0.37283684 0.34150625],[ 0.18605687 -0.07623758]
4336,4.335999999999783,[ 0.94352748 -1.14501656],[ 0.45644724 -1.3170478 ],[0.37278598 0.34233636],[ 0.18602901 -0.07627766]
4337,4.336999999999783,[ 0.9439843  -1.14633327],[ 0.45682003 -1.31670546],[0.37273449 0.34316797],[ 0.18600086 -0.0763176 ]
4338,4.337999999999783,[ 0.94444149 -1.14764963],[ 0.45719276 -1.31636229],[0.37268235 0.34400106],[ 0.18597243 -0.0763574 ]
4339,4.338999999999784,[ 0.94489906 -1.14896565],[ 0.45756544 -1.31601829],[0.37262956 0.34483566],[ 0.18594371 -0.07639704]
4340,4.339999999999784,[ 0.945357   -1.15028132],[ 0.45793807 -1.31567346],[0.37257614 0.34567175],[ 0.18591472 -0.07643654]
4341,4.340999999999784,[ 0.94581531 -1.15159665],[ 0.45831065 -1.31532778],[0.37252207 0.34650935],[ 0.18588543 -0.0764759 ]
4342,4.341999999999785,[ 0.94627399 -1.15291163],[ 0.45868317 -1.31498127],[0.37246736 0.34734845],[ 0.18585586 -0.0765151 ]
4343,4.342999999999785,[ 0.94673304 -1.15422627],[ 0.45905564 -1.31463393],[0.37241201 0.34818907],[ 0.18582601 -0.07655416]
4344,4.343999999999785,[ 0.94719247 -1.15554055],[ 0.45942805 -1.31428574],[0.37235601 0.34903119],[ 0.18579587 -0.07659308]
4345,4.344999999999786,[ 0.94765227 -1.15685449],[ 0.45980041 -1.31393671],[0.37229937 0.34987483],[ 0.18576545 -0.07663184]
4346,4.345999999999786,[ 0.94811245 -1.15816808],[ 0.4601727  -1.31358683],[0.37224209 0.35071999],[ 0.18573475 -0.07667046]
4347,4.346999999999786,[ 0.94857299 -1.15948131],[ 0.46054495 -1.31323611],[0.37218416 0.35156667],[ 0.18570376 -0.07670893]
4348,4.347999999999787,[ 0.94903391 -1.1607942 ],[ 0.46091713 -1.31288454],[0.37212559 0.35241488],[ 0.18567248 -0.07674726]
4349,4.348999999999787,[ 0.9494952  -1.16210673],[ 0.46128926 -1.31253213],[0.37206637 0.35326461],[ 0.18564092 -0.07678544]
4350,4.349999999999787,[ 0.94995686 -1.16341891],[ 0.46166132 -1.31217886],[0.37200651 0.35411587],[ 0.18560907 -0.07682347]
4351,4.350999999999788,[ 0.95041889 -1.16473073],[ 0.46203333 -1.31182475],[0.371946   0.35496866],[ 0.18557694 -0.07686136]
4352,4.351999999999788,[ 0.9508813 -1.1660422],[ 0.46240528 -1.31146978],[0.37188485 0.35582299],[ 0.18554452 -0.0768991 ]
4353,4.352999999999788,[ 0.95134407 -1.16735332],[ 0.46277716 -1.31111396],[0.37182305 0.35667886],[ 0.18551182 -0.07693669]
4354,4.353999999999789,[ 0.95180722 -1.16866407],[ 0.46314898 -1.31075728],[0.37176061 0.35753626],[ 0.18547883 -0.07697414]
4355,4.354999999999789,[ 0.95227074 -1.16997447],[ 0.46352074 -1.31039974],[0.37169752 0.35839521],[ 0.18544556 -0.07701144]
4356,4.355999999999789,[ 0.95273464 -1.17128451],[ 0.46389244 -1.31004135],[0.37163379 0.35925571],[ 0.185412   -0.07704859]
4357,4.35699999999979,[ 0.9531989 -1.1725942],[ 0.46426408 -1.30968209],[0.37156941 0.36011776],[ 0.18537816 -0.0770856 ]
4358,4.35799999999979,[ 0.95366354 -1.17390352],[ 0.46463564 -1.30932197],[0.37150438 0.36098136],[ 0.18534403 -0.07712246]
4359,4.35899999999979,[ 0.95412854 -1.17521248],[ 0.46500715 -1.30896099],[0.37143871 0.36184651],[ 0.18530961 -0.07715918]
4360,4.359999999999791,[ 0.95459392 -1.17652108],[ 0.46537859 -1.30859915],[0.37137239 0.36271322],[ 0.18527491 -0.07719575]
4361,4.360999999999791,[ 0.95505967 -1.17782931],[ 0.46574996 -1.30823643],[0.37130542 0.36358149],[ 0.18523993 -0.07723217]
4362,4.361999999999791,[ 0.95552579 -1.17913719],[ 0.46612127 -1.30787285],[0.37123781 0.36445133],[ 0.18520465 -0.07726844]
4363,4.362999999999792,[ 0.95599229 -1.1804447 ],[ 0.4664925 -1.3075084],[0.37116955 0.36532273],[ 0.18516909 -0.07730457]
4364,4.363999999999792,[ 0.95645915 -1.18175184],[ 0.46686367 -1.30714308],[0.37110064 0.3661957 ],[ 0.18513325 -0.07734056]
4365,4.364999999999792,[ 0.95692638 -1.18305862],[ 0.46723477 -1.30677688],[0.37103109 0.36707023],[ 0.18509712 -0.0773764 ]
4366,4.365999999999793,[ 0.95739399 -1.18436503],[ 0.4676058  -1.30640981],[0.37096088 0.36794635],[ 0.1850607  -0.07741209]
4367,4.366999999999793,[ 0.95786197 -1.18567107],[ 0.46797677 -1.30604186],[0.37089003 0.36882403],[ 0.185024   -0.07744763]
4368,4.367999999999793,[ 0.95833031 -1.18697674],[ 0.46834766 -1.30567304],[0.37081853 0.3697033 ],[ 0.18498701 -0.07748304]
4369,4.368999999999794,[ 0.95879903 -1.18828204],[ 0.46871847 -1.30530334],[0.37074639 0.37058415],[ 0.18494974 -0.07751829]
4370,4.369999999999794,[ 0.95926812 -1.18958698],[ 0.46908922 -1.30493275],[0.37067359 0.37146658],[ 0.18491217 -0.0775534 ]
4371,4.370999999999794,[ 0.95973758 -1.19089154],[ 0.46945989 -1.30456129],[0.37060015 0.3723506 ],[ 0.18487433 -0.07758836]
4372,4.371999999999795,[ 0.96020741 -1.19219573],[ 0.46983049 -1.30418894],[0.37052605 0.37323621],[ 0.18483619 -0.07762318]
4373,4.372999999999795,[ 0.96067761 -1.19349954],[ 0.47020102 -1.3038157 ],[0.37045131 0.37412341],[ 0.18479777 -0.07765785]
4374,4.373999999999795,[ 0.96114819 -1.19480298],[ 0.47057147 -1.30344158],[0.37037592 0.3750122 ],[ 0.18475906 -0.07769237]
4375,4.374999999999796,[ 0.96161913 -1.19610605],[ 0.47094185 -1.30306656],[0.37029988 0.37590259],[ 0.18472007 -0.07772675]
4376,4.375999999999796,[ 0.96209044 -1.19740874],[ 0.47131215 -1.30269066],[0.37022319 0.37679458],[ 0.18468079 -0.07776099]
4377,4.376999999999796,[ 0.96256212 -1.19871106],[ 0.47168237 -1.30231387],[0.37014585 0.37768817],[ 0.18464122 -0.07779508]
4378,4.377999999999797,[ 0.96303417 -1.20001299],[ 0.47205252 -1.30193618],[0.37006786 0.37858337],[ 0.18460136 -0.07782902]
4379,4.378999999999797,[ 0.9635066  -1.20131455],[ 0.47242258 -1.3015576 ],[0.36998922 0.37948017],[ 0.18456122 -0.07786282]
4380,4.379999999999797,[ 0.96397939 -1.20261573],[ 0.47279257 -1.30117811],[0.36990993 0.38037858],[ 0.18452079 -0.07789647]
4381,4.380999999999798,[ 0.96445255 -1.20391653],[ 0.47316248 -1.30079774],[0.36982999 0.38127861],[ 0.18448007 -0.07792998]
4382,4.381999999999798,[ 0.96492608 -1.20521694],[ 0.47353231 -1.30041646],[0.3697494  0.38218024],[ 0.18443907 -0.07796334]
4383,4.382999999999798,[ 0.96539999 -1.20651698],[ 0.47390206 -1.30003428],[0.36966816 0.3830835 ],[ 0.18439778 -0.07799655]
4384,4.383999999999799,[ 0.96587426 -1.20781663],[ 0.47427173 -1.29965119],[0.36958627 0.38398837],[ 0.1843562  -0.07802963]
4385,4.384999999999799,[ 0.9663489  -1.20911589],[ 0.47464132 -1.29926721],[0.36950372 0.38489486],[ 0.18431434 -0.07806255]
4386,4.385999999999799,[ 0.96682391 -1.21041478],[ 0.47501082 -1.29888231],[0.36942053 0.38580298],[ 0.18427219 -0.07809533]
4387,4.3869999999998,[ 0.96729929 -1.21171327],[ 0.47538024 -1.29849651],[0.36933668 0.38671273],[ 0.18422975 -0.07812797]
4388,4.3879999999998,[ 0.96777504 -1.21301138],[ 0.47574958 -1.29810979],[0.36925219 0.3876241 ],[ 0.18418702 -0.07816046]
4389,4.3889999999998,[ 0.96825116 -1.21430911],[ 0.47611883 -1.29772217],[0.36916704 0.3885371 ],[ 0.184144   -0.07819281]
4390,4.389999999999801,[ 0.96872765 -1.21560644],[ 0.476488   -1.29733363],[0.36908124 0.38945174],[ 0.1841007  -0.07822501]
4391,4.390999999999801,[ 0.9692045  -1.21690338],[ 0.47685708 -1.29694418],[0.36899478 0.39036801],[ 0.18405711 -0.07825706]
4392,4.391999999999801,[ 0.96968173 -1.21819994],[ 0.47722607 -1.29655381],[0.36890768 0.39128592],[ 0.18401324 -0.07828898]
4393,4.392999999999802,[ 0.97015932 -1.2194961 ],[ 0.47759498 -1.29616253],[0.36881992 0.39220547],[ 0.18396907 -0.07832074]
4394,4.393999999999802,[ 0.97063729 -1.22079187],[ 0.4779638  -1.29577032],[0.36873151 0.39312666],[ 0.18392462 -0.07835237]
4395,4.394999999999802,[ 0.97111562 -1.22208725],[ 0.47833253 -1.2953772 ],[0.36864245 0.39404949],[ 0.18387988 -0.07838384]
4396,4.395999999999803,[ 0.97159432 -1.22338223],[ 0.47870118 -1.29498315],[0.36855274 0.39497398],[ 0.18383485 -0.07841518]
4397,4.396999999999803,[ 0.97207339 -1.22467682],[ 0.47906973 -1.29458817],[0.36846237 0.39590011],[ 0.18378953 -0.07844636]
4398,4.397999999999803,[ 0.97255283 -1.22597101],[ 0.47943819 -1.29419227],[0.36837135 0.39682789],[ 0.18374393 -0.07847741]
4399,4.398999999999804,[ 0.97303264 -1.22726481],[ 0.47980656 -1.29379544],[0.36827967 0.39775733],[ 0.18369803 -0.07850831]
4400,4.399999999999804,[ 0.97351281 -1.2285582 ],[ 0.48017484 -1.29339769],[0.36818735 0.39868842],[ 0.18365185 -0.07853906]
4401,4.400999999999804,[ 0.97399335 -1.2298512 ],[ 0.48054303 -1.292999  ],[0.36809437 0.39962117],[ 0.18360538 -0.07856968]
4402,4.401999999999805,[ 0.97447427 -1.2311438 ],[ 0.48091112 -1.29259938],[0.36800073 0.40055558],[ 0.18355863 -0.07860014]
4403,4.402999999999805,[ 0.97495554 -1.232436  ],[ 0.48127912 -1.29219882],[0.36790644 0.40149166],[ 0.18351158 -0.07863047]
4404,4.403999999999805,[ 0.97543719 -1.2337278 ],[ 0.48164703 -1.29179733],[0.3678115  0.40242939],[ 0.18346425 -0.07866065]
4405,4.404999999999806,[ 0.97591921 -1.23501919],[ 0.48201484 -1.2913949 ],[0.3677159 0.4033688],[ 0.18341662 -0.07869068]
4406,4.405999999999806,[ 0.97640159 -1.23631018],[ 0.48238256 -1.29099153],[0.36761965 0.40430987],[ 0.18336871 -0.07872057]
4407,4.406999999999806,[ 0.97688434 -1.23760077],[ 0.48275018 -1.29058722],[0.36752275 0.40525262],[ 0.18332051 -0.07875032]
4408,4.407999999999807,[ 0.97736746 -1.23889095],[ 0.4831177  -1.29018197],[0.36742519 0.40619703],[ 0.18327203 -0.07877992]
4409,4.408999999999807,[ 0.97785094 -1.24018073],[ 0.48348513 -1.28977577],[0.36732698 0.40714313],[ 0.18322325 -0.07880938]
4410,4.409999999999807,[ 0.97833479 -1.2414701 ],[ 0.48385245 -1.28936863],[0.36722811 0.4080909 ],[ 0.18317418 -0.0788387 ]
4411,4.410999999999808,[ 0.97881901 -1.24275906],[ 0.48421968 -1.28896054],[0.36712858 0.40904034],[ 0.18312483 -0.07886787]
4412,4.411999999999808,[ 0.9793036  -1.24404761],[ 0.48458681 -1.2885515 ],[0.3670284  0.40999147],[ 0.18307519 -0.0788969 ]
4413,4.412999999999808,[ 0.97978856 -1.24533575],[ 0.48495384 -1.28814151],[ 0.33159973 61.17467479],[0. 0.]
4414,4.413999999999809,[ 0.98027384 -1.24656272],[ 0.48528544 -1.22696683],[ 0.32828328 61.19028879],[0. 0.]
4415,4.414999999999809,[ 0.98075945 -1.24772849],[ 0.48561372 -1.16577654],[ 0.32512589 61.20507217],[0. 0.]
4416,4.415999999999809,[ 0.98124539 -1.24883307],[ 0.48593885 -1.10457147],[ 0.32212815 61.21903195],[0. 0.]
4417,4.41699999999981,[ 0.98173165 -1.24987642],[ 0.48626097 -1.04335244],[ 0.3192906  61.23217478],[0. 0.]
4418,4.41799999999981,[ 0.98221823 -1.25085854],[ 0.48658026 -0.98212026],[ 0.31661377 61.24450689],[0. 0.]
4419,4.41899999999981,[ 0.98270513 -1.25177941],[ 0.48689688 -0.92087576],[ 0.31409815 61.25603414],[0. 0.]
4420,4.419999999999811,[ 0.98319234 -1.25263903],[ 0.48721098 -0.85961972],[ 0.31174419 61.26676202],[0. 0.]
4421,4.420999999999811,[ 0.98367986 -1.25343739],[ 0.48752272 -0.79835296],[ 0.30955232 61.27669562],[0. 0.]
4422,4.421999999999811,[ 0.9841677  -1.25417446],[ 0.48783227 -0.73707627],[ 0.30752292 61.28583964],[0. 0.]
4423,4.422999999999812,[ 0.98465584 -1.25485025],[ 0.4881398  -0.67579043],[ 0.30565637 61.29419844],[0. 0.]
4424,4.423999999999812,[ 0.98514428 -1.25546475],[ 0.48844545 -0.61449623],[ 0.30395299 61.30177598],[0. 0.]
4425,4.424999999999812,[ 0.98563303 -1.25601794],[ 0.48874941 -0.55319445],[ 0.30241308 61.30857585],[0. 0.]
4426,4.425999999999813,[ 0.98612208 -1.25650983],[ 0.48905182 -0.49188588],[ 0.30103691 61.31460129],[0. 0.]
4427,4.426999999999813,[ 0.98661144 -1.2569404 ],[ 0.48935286 -0.43057127],[ 0.29982471 61.31985515],[0. 0.]
4428,4.427999999999813,[ 0.98710109 -1.25730965],[ 0.48965268 -0.36925142],[ 0.29877671 61.32433992],[0. 0.]
4429,4.428999999999814,[ 0.98759104 -1.25761758],[ 0.48995146 -0.30792708],[ 0.29789307 61.32805774],[0. 0.]
4430,4.429999999999814,[ 0.98808129 -1.25786418],[ 0.49024935 -0.24659902],[ 0.29717395 61.33101035],[0. 0.]
4431,4.430999999999814,[ 0.98857184 -1.25804945],[ 0.49054652 -0.18526801],[ 0.29661947 61.33319917],[0. 0.]
4432,4.431999999999815,[ 0.98906268 -1.25817338],[ 0.49084314 -0.12393481],[ 0.29622973 61.33462524],[0. 0.]
4433,4.432999999999815,[ 0.98955382 -1.25823598],[ 0.49113937 -0.06260019],[ 0.29600478 61.33528922],[0. 0.]
4434,4.433999999999815,[ 0.99004525 -1.25823725],[ 0.49143538 -0.0012649 ],[ 0.29594466 61.33519144],[0. 0.]
4435,4.434999999999816,[ 0.99053699 -1.25817718],[0.49173132 0.06007029],[ 0.29604938 61.33433184],[0. 0.]
4436,4.435999999999816,[ 0.99102901 -1.25805577],[0.49202737 0.12140463],[ 0.29631891 61.33271003],[0. 0.]
4437,4.436999999999816,[ 0.99152134 -1.25787304],[0.49232369 0.18273734],[ 0.2967532  61.33032524],[0. 0.]
4438,4.437999999999817,[ 0.99201396 -1.25762897],[0.49262044 0.24406766],[ 0.29735217 61.32717633],[0. 0.]
4439,4.438999999999817,[ 0.99250688 -1.25732357],[0.4929178  0.30539484],[ 0.2981157  61.32326182],[0. 0.]
4440,4.439999999999817,[ 0.99300009 -1.25695685],[0.49321591 0.3667181 ],[ 0.29904367 61.31857985],[0. 0.]
4441,4.440999999999818,[ 0.99349361 -1.25652882],[0.49351496 0.42803668],[ 0.30013589 61.3131282 ],[0. 0.]
4442,4.441999999999818,[ 0.99398742 -1.25603947],[0.49381509 0.48934981],[ 0.30139218 61.3069043 ],[0. 0.]
4443,4.442999999999818,[ 0.99448154 -1.25548881],[0.49411648 0.55065671],[ 0.30281229 61.2999052 ],[0. 0.]
4444,4.443999999999819,[ 0.99497596 -1.25487685],[0.4944193  0.61195662],[ 0.30439598 61.29212758],[0. 0.]
4445,4.444999999999819,[ 0.99547068 -1.25420361],[0.49472369 0.67324874],[ 0.30614296 61.28356777],[0. 0.]
4446,4.445999999999819,[ 0.99596571 -1.25346907],[0.49502984 0.73453231],[ 0.30805291 61.2742217 ],[0. 0.]
4447,4.44699999999982,[ 0.99646105 -1.25267327],[0.49533789 0.79580653],[ 0.31012547 61.26408495],[0. 0.]
4448,4.44799999999982,[ 0.9969567 -1.2518162],[0.49564801 0.85707062],[ 0.31236027 61.25315273],[0. 0.]
4449,4.44899999999982,[ 0.99745266 -1.25089787],[0.49596037 0.91832377],[ 0.3147569  61.24141985],[0. 0.]
4450,4.449999999999821,[ 0.99794893 -1.24991831],[0.49627513 0.97956519],[ 0.31731491 61.22888076],[0. 0.]
4451,4.450999999999821,[ 0.99844552 -1.24887751],[0.49659245 1.04079407],[ 0.32003382 61.21552952],[0. 0.]
4452,4.451999999999821,[ 0.99894244 -1.2477755 ],[0.49691248 1.1020096 ],[ 0.32291313 61.2013598 ],[0. 0.]
4453,4.452999999999822,[ 0.99943967 -1.24661229],[0.49723539 1.16321096],[ 0.32595229 61.18636489],[0. 0.]
4454,4.453999999999822,[ 0.99993723 -1.2453879 ],[0.49756134 1.22439733],[ 0.32915073 61.1705377 ],[0. 0.]
4455,4.454999999999822,[ 1.00043512 -1.24410233],[0.4978905  1.28556786],[ 0.33250784 61.15387071],[0. 0.]
4456,4.455999999999823,[ 1.00093335 -1.24275561],[0.498223   1.34672173],[ 0.33602296 61.13635602],[0. 0.]
4457,4.456999999999823,[ 1.00143191 -1.24134775],[0.49855903 1.40785809],[ 0.33969543 61.11798534],[0. 0.]
4458,4.457999999999823,[ 1.0019308  -1.23987877],[0.49889872 1.46897608],[ 0.34352453 61.09874996],[0. 0.]
4459,4.458999999999824,[ 1.00243005 -1.2383487 ],[0.49924225 1.53007483],[ 0.34750949 61.07864075],[0. 0.]
4460,4.459999999999824,[ 1.00292964 -1.23675754],[0.49958976 1.59115347],[ 0.35164953 61.05764817],[0. 0.]
4461,4.460999999999824,[ 1.00342958 -1.23510533],[0.49994141 1.65221111],[ 0.35594383 61.03576226],[0. 0.]
4462,4.461999999999825,[ 1.00392988 -1.23339209],[0.50029735 1.71324688],[ 0.3603915  61.01297263],[0. 0.]
4463,4.462999999999825,[ 1.00443053 -1.23161783],[0.50065774 1.77425985],[ 0.36499165 60.98926847],[0. 0.]
4464,4.463999999999825,[ 1.00493156 -1.22978258],[0.50102273 1.83524912],[ 0.36974333 60.96463851],[0. 0.]
4465,4.464999999999826,[ 1.00543295 -1.22788636],[0.50139248 1.89621376],[ 0.37464555 60.93907106],[0. 0.]
4466,4.465999999999826,[ 1.00593472 -1.22592921],[0.50176712 1.95715283],[ 0.37969727 60.91255395],[0. 0.]
4467,4.466999999999826,[ 1.00643686 -1.22391114],[0.50214682 2.01806538],[ 0.38489743 60.88507459],[0. 0.]
4468,4.467999999999827,[ 1.00693939 -1.22183219],[0.50253172 2.07895046],[ 0.39024491 60.85661989],[0. 0.]
4469,4.468999999999827,[ 1.00744232 -1.21969239],[0.50292196 2.13980708],[ 0.39573854 60.82717632],[0. 0.]
4470,4.4699999999998274,[ 1.00794563 -1.21749175],[0.5033177  2.20063425],[ 0.40137711 60.79672985],[0. 0.]
4471,4.470999999999828,[ 1.00844935 -1.21523032],[0.50371908 2.26143098],[ 0.40715938 60.76526597],[0. 0.]
4472,4.471999999999828,[ 1.00895348 -1.21290813],[0.50412624 2.32219625],[ 0.41308404 60.73276969],[0. 0.]
4473,4.4729999999998284,[ 1.00945802 -1.2105252 ],[0.50453932 2.38292902],[ 0.41914973 60.69922551],[0. 0.]
4474,4.473999999999829,[ 1.00996298 -1.20808157],[0.50495847 2.44362824],[ 0.42535507 60.66461741],[0. 0.]
4475,4.474999999999829,[ 1.01046836 -1.20557728],[0.50538382 2.50429286],[ 0.43169861 60.62892887],[0. 0.]
4476,4.4759999999998294,[ 1.01097418 -1.20301235],[0.50581552 2.56492179],[ 0.43817883 60.59214283],[0. 0.]
4477,4.47699999999983,[ 1.01148043 -1.20038684],[0.5062537  2.62551393],[ 0.44479419 60.55424169],[0. 0.]
4478,4.47799999999983,[ 1.01198713 -1.19770077],[0.5066985  2.68606817],[ 0.45154307 60.51520733],[0. 0.]
4479,4.4789999999998305,[ 1.01249428 -1.19495419],[0.50715004 2.74658338],[ 0.45842382 60.47502103],[0. 0.]
4480,4.479999999999831,[ 1.01300189 -1.19214713],[0.50760846 2.8070584 ],[ 0.46543472 60.43366355],[0. 0.]
4481,4.480999999999831,[ 1.01350996 -1.18927964],[0.5080739  2.86749207],[ 0.472574   60.39111505],[0. 0.]
4482,4.4819999999998315,[ 1.01401851 -1.18635175],[0.50854647 2.92788318],[ 0.47983981 60.34735509],[0. 0.]
4483,4.482999999999832,[ 1.01452753 -1.18336352],[0.50902631 2.98823054],[ 0.48723026 60.30236266],[0. 0.]
4484,4.483999999999832,[ 1.01503705 -1.18031499],[0.50951354 3.0485329 ],[ 0.4947434  60.25611611],[0. 0.]
4485,4.4849999999998325,[ 1.01554706 -1.1772062 ],[0.51000829 3.10878902],[ 0.50237723 60.2085932 ],[0. 0.]
4486,4.485999999999833,[ 1.01605757 -1.1740372 ],[0.51051066 3.16899761],[ 0.51012964 60.15977103],[0. 0.]
4487,4.486999999999833,[ 1.01656859 -1.17080805],[0.51102079 3.22915738],[ 0.51799851 60.10962607],[0. 0.]
4488,4.4879999999998335,[ 1.01708013 -1.16751878],[0.51153879 3.28926701],[ 0.52598163 60.05813412],[0. 0.]
4489,4.488999999999834,[ 1.01759219 -1.16416946],[0.51206477 3.34932514],[ 0.53407672 60.00527031],[0. 0.]
4490,4.489999999999834,[ 1.01810479 -1.16076012],[0.51259885 3.40933041],[ 0.54228143 59.9510091 ],[0. 0.]
4491,4.4909999999998345,[ 1.01861793 -1.15729084],[0.51314113 3.46928142],[ 0.55059335 59.89532423],[0. 0.]
4492,4.491999999999835,[ 1.01913162 -1.15376167],[0.51369172 3.52917674],[ 0.55901001 59.83818874],[0. 0.]
4493,4.492999999999835,[ 1.01964587 -1.15017265],[0.51425073 3.58901493],[ 0.56752884 59.77957494],[0. 0.]
4494,4.4939999999998355,[ 1.02016069 -1.14652386],[0.51481826 3.64879451],[ 0.57614722 59.7194544 ],[0. 0.]
4495,4.494999999999836,[ 1.02067609 -1.14281534],[0.51539441 3.70851396],[ 0.58486244 59.65779794],[0. 0.]
4496,4.495999999999836,[ 1.02119206 -1.13904717],[0.51597927 3.76817176],[ 0.59367173 59.59457561],[0. 0.]
4497,4.4969999999998365,[ 1.02170864 -1.13521941],[0.51657294 3.82776633],[ 0.60257222 59.52975666],[0. 0.]
4498,4.497999999999837,[ 1.02222581 -1.13133211],[0.51717552 3.88729609],[ 0.611561   59.46330955],[0. 0.]
4499,4.498999999999837,[ 1.0227436  -1.12738535],[0.51778708 3.9467594 ],[ 0.62063503 59.39520194],[0. 0.]
4500,4.4999999999998375,[ 1.02326201 -1.12337919],[0.51840771 4.0061546 ],[ 0.62979123 59.32540062],[0. 0.]
4501,4.500999999999838,[ 1.02378105 -1.11931371],[0.5190375 4.06548  ],[ 0.63902641 59.25387157],[0. 0.]
4502,4.501999999999838,[ 1.02430072 -1.11518898],[0.51967653 4.12473388],[ 0.64833733 59.18057989],[0. 0.]
4503,4.5029999999998385,[ 1.02482105 -1.11100507],[0.52032487 4.18391446],[ 0.65772063 59.1054898 ],[0. 0.]
4504,4.503999999999839,[ 1.02534203 -1.10676205],[0.52098259 4.24301994],[ 0.66717288 59.02856463],[0. 0.]
4505,4.504999999999839,[ 1.02586368 -1.10246   ],[0.52164976 4.30204851],[ 0.67669056 58.94976678],[0. 0.]
4506,4.5059999999998395,[ 1.02638601 -1.098099  ],[0.52232645 4.36099828],[ 0.68627007 58.86905774],[0. 0.]
4507,4.50699999999984,[ 1.02690902 -1.09367913],[0.52301272 4.41986733],[ 0.6959077  58.78639806],[0. 0.]
4508,4.50799999999984,[ 1.02743273 -1.08920048],[0.52370863 4.47865373],[ 0.70559968 58.7017473 ],[0. 0.]
4509,4.5089999999998405,[ 1.02795714 -1.08466312],[0.52441423 4.53735548],[ 0.71534211 58.61506406],[0. 0.]
4510,4.509999999999841,[ 1.02848227 -1.08006715],[0.52512957 4.59597054],[ 0.72513103 58.52630594],[0. 0.]
4511,4.510999999999841,[ 1.02900813 -1.07541266],[0.5258547  4.65449685],[ 0.73496237 58.43542953],[0. 0.]
4512,4.5119999999998415,[ 1.02953472 -1.07069972],[0.52658966 4.71293228],[ 0.74483196 58.34239039],[0. 0.]
4513,4.512999999999842,[ 1.03006205 -1.06592845],[0.5273345  4.77127467],[ 0.75473554 58.24714303],[0. 0.]
4514,4.513999999999842,[ 1.03059014 -1.06109893],[0.52808923 4.82952181],[ 0.76466877 58.1496409 ],[0. 0.]
4515,4.5149999999998425,[ 1.03111899 -1.05621126],[0.5288539  4.88767145],[ 0.77462717 58.04983639],[0. 0.]
4516,4.515999999999843,[ 1.03164862 -1.05126553],[0.52962853 4.94572129],[ 0.7846062  57.94768076],[0. 0.]
4517,4.516999999999843,[ 1.03217903 -1.04626187],[0.53041313 5.00366897],[ 0.7946012 57.8431242],[0. 0.]
4518,4.5179999999998435,[ 1.03271024 -1.04120035],[0.53120774 5.06151209],[ 0.80460742 57.73611576],[0. 0.]
4519,4.518999999999844,[ 1.03324225 -1.03608111],[0.53201234 5.11924821],[ 0.81461999 57.62660334],[0. 0.]
4520,4.519999999999844,[ 1.03377508 -1.03090423],[0.53282696 5.17687481],[ 0.82463396 57.5145337 ],[0. 0.]
4521,4.5209999999998445,[ 1.03430873 -1.02566984],[0.5336516  5.23438935],[ 0.83464425 57.39985244],[0. 0.]
4522,4.521999999999845,[ 1.03484322 -1.02037805],[0.53448624 5.2917892 ],[ 0.84464572 57.28250398],[0. 0.]
4523,4.522999999999845,[ 1.03537855 -1.01502898],[0.53533089 5.3490717 ],[ 0.85463307 57.16243153],[0. 0.]
4524,4.5239999999998455,[ 1.03591474 -1.00962275],[0.53618552 5.40623414],[ 0.86460093 57.03957711],[0. 0.]
4525,4.524999999999846,[ 1.03645179 -1.00415947],[0.53705012 5.46327371],[ 0.87454383 56.91388153],[0. 0.]
4526,4.525999999999846,[ 1.03698971 -0.99863928],[0.53792466 5.52018759],[ 0.88445617 56.78528436],[0. 0.]
4527,4.5269999999998465,[ 1.03752852 -0.99306231],[0.53880912 5.57697288],[ 0.89433226 56.65372396],[0. 0.]
4528,4.527999999999847,[ 1.03806822 -0.98742869],[0.53970345 5.6336266 ],[ 0.9041663  56.51913741],[0. 0.]
4529,4.528999999999847,[ 1.03860883 -0.98173854],[0.54060762 5.69014574],[ 0.91395239 56.38146059],[0. 0.]
4530,4.5299999999998475,[ 1.03915035 -0.97599201],[0.54152157 5.7465272 ],[ 0.92368452 56.24062807],[0. 0.]
4531,4.530999999999848,[ 1.0396928  -0.97018924],[0.54244526 5.80276783],[ 0.93335657 56.0965732 ],[0. 0.]
4532,4.531999999999848,[ 1.04023618 -0.96433038],[0.54337861 5.8588644 ],[ 0.94296233 55.94922806],[0. 0.]
4533,4.5329999999998485,[ 1.0407805  -0.95841557],[0.54432157 5.91481363],[ 0.95249546 55.79852345],[0. 0.]
4534,4.533999999999849,[ 1.04132577 -0.95244495],[0.54527407 5.97061215],[ 0.96194955 55.6443889 ],[0. 0.]
4535,4.534999999999849,[ 1.04187201 -0.9464187 ],[0.54623602 6.02625654],[ 0.97131805 55.4867527 ],[0. 0.]
4536,4.5359999999998495,[ 1.04241922 -0.94033695],[0.54720734 6.08174329],[ 0.98059434 55.32554186],[0. 0.]
4537,4.53699999999985,[ 1.0429674  -0.93419989],[0.54818793 6.13706884],[ 0.98977169 55.16068213],[0. 0.]
4538,4.53799999999985,[ 1.04351658 -0.92800766],[0.5491777  6.19222952],[ 0.99884325 54.992098  ],[0. 0.]
4539,4.5389999999998505,[ 1.04406676 -0.92176043],[0.55017655 6.24722162],[ 1.00780209 54.81971276],[0. 0.]
4540,4.539999999999851,[ 1.04461794 -0.91545839],[0.55118435 6.30204133],[ 1.01664119 54.64344841],[0. 0.]
4541,4.540999999999851,[ 1.04517014 -0.90910171],[0.55220099 6.35668478],[ 1.02535341 54.46322576],[0. 0.]
4542,4.5419999999998515,[ 1.04572337 -0.90269056],[0.55322634 6.411148  ],[ 1.03393154 54.27896443],[0. 0.]
4543,4.542999999999852,[ 1.04627763 -0.89622513],[0.55426028 6.46542697],[ 1.04236827 54.09058282],[0. 0.]
4544,4.543999999999852,[ 1.04683293 -0.88970562],[0.55530264 6.51951755],[ 1.0506562 53.8979982],[0. 0.]
4545,4.5449999999998525,[ 1.04738929 -0.8831322 ],[0.5563533  6.57341555],[ 1.05878783 53.70112666],[0. 0.]
4546,4.545999999999853,[ 1.0479467  -0.87650508],[0.55741209 6.62711668],[ 1.06675561 53.49988321],[0. 0.]
4547,4.546999999999853,[ 1.04850518 -0.86982447],[0.55847884 6.68061656],[ 1.07455187 53.29418174],[0. 0.]
4548,4.5479999999998535,[ 1.04906473 -0.86309056],[0.5595534  6.73391074],[ 1.08216889 53.08393512],[0. 0.]
4549,4.548999999999854,[ 1.04962537 -0.85630356],[0.56063556 6.78699468],[ 1.08959886 52.86905516],[0. 0.]
4550,4.549999999999854,[ 1.05018709 -0.8494637 ],[0.56172516 6.83986373],[ 1.0968339  52.64945273],[0. 0.]
4551,4.5509999999998545,[ 1.05074991 -0.84257118],[0.562822   6.89251318],[ 1.10386608 52.42503774],[0. 0.]
4552,4.551999999999855,[ 1.05131384 -0.83562625],[0.56392586 6.94493822],[ 1.11068738 52.1957192 ],[0. 0.]
4553,4.552999999999855,[ 1.05187887 -0.82862911],[0.56503655 6.99713394],[ 1.11728973 51.96140529],[0. 0.]
4554,4.5539999999998555,[ 1.05244503 -0.82158002],[0.56615384 7.04909535],[ 1.12366503 51.72200341],[0. 0.]
4555,4.554999999999856,[ 1.05301231 -0.8144792 ],[0.56727751 7.10081735],[ 1.12980509 51.4774202 ],[0. 0.]
4556,4.555999999999856,[ 1.05358071 -0.80732691],[0.56840731 7.15229477],[ 1.1357017  51.22756166],[0. 0.]
4557,4.5569999999998565,[ 1.05415026 -0.80012338],[0.56954301 7.20352233],[ 1.14134662 50.97233318],[0. 0.]
4558,4.557999999999857,[ 1.05472094 -0.79286889],[0.57068436 7.25449466],[ 1.14673155 50.71163959],[0. 0.]
4559,4.558999999999857,[ 1.05529277 -0.78556368],[0.57183109 7.3052063 ],[ 1.15184818 50.44538529],[0. 0.]
4560,4.5599999999998575,[ 1.05586575 -0.77820803],[0.57298294 7.35565169],[ 1.15668818 50.1734743 ],[0. 0.]
4561,4.560999999999858,[ 1.05643989 -0.7708022 ],[0.57413963 7.40582516],[ 1.1612432  49.89581032],[0. 0.]
4562,4.561999999999858,[ 1.0570152  -0.76334648],[0.57530087 7.45572097],[ 1.16550489 49.61229688],[0. 0.]
4563,4.5629999999998585,[ 1.05759166 -0.75584115],[0.57646637 7.50533327],[ 1.16946489 49.32283736],[0. 0.]
4564,4.563999999999859,[ 1.0581693  -0.74828649],[0.57763584 7.55465611],[ 1.17311485 49.02733514],[0. 0.]
4565,4.564999999999859,[ 1.05874811 -0.74068281],[0.57880895 7.60368344],[ 1.17644645 48.7256937 ],[0. 0.]
4566,4.5659999999998595,[ 1.05932809 -0.7330304 ],[0.5799854  7.65240914],[ 1.17945137 48.41781669],[0. 0.]
4567,4.56699999999986,[ 1.05990926 -0.72532957],[0.58116485 7.70082695],[ 1.18212135 48.1036081 ],[0. 0.]
4568,4.56799999999986,[ 1.0604916  -0.71758064],[0.58234697 7.74893056],[ 1.18444814 47.78297233],[0. 0.]
4569,4.5689999999998605,[ 1.06107514 -0.70978393],[0.58353142 7.79671353],[ 1.18642356 47.45581434],[0. 0.]
4570,4.569999999999861,[ 1.06165985 -0.70193976],[0.58471785 7.84416935],[ 1.1880395  47.12203976],[0. 0.]
4571,4.570999999999861,[ 1.06224576 -0.69404847],[0.58590588 7.89129139],[ 1.18928789 46.78155505],[0. 0.]
4572,4.5719999999998615,[ 1.06283285 -0.6861104 ],[0.58709517 7.93807294],[ 1.19016077 46.43426761],[0. 0.]
4573,4.572999999999862,[ 1.06342114 -0.67812589],[0.58828533 7.98450721],[ 1.19065025 46.08008596],[0. 0.]
4574,4.573999999999862,[ 1.06401062 -0.6700953 ],[0.58947598 8.0305873 ],[ 1.19074856 45.71891984],[0. 0.]
4575,4.5749999999998625,[ 1.06460128 -0.662019  ],[0.59066673 8.07630622],[ 1.19044801 45.3506804 ],[0. 0.]
4576,4.575999999999863,[ 1.06519314 -0.65389734],[0.59185718 8.1216569 ],[ 1.18974107 44.97528037],[0. 0.]
4577,4.576999999999863,[ 1.06578619 -0.64573071],[0.59304692 8.16663218],[ 1.18862033 44.59263419],[0. 0.]
4578,4.5779999999998635,[ 1.06638042 -0.63751948],[0.59423554 8.21122481],[ 1.18707852 44.20265818],[0. 0.]
4579,4.578999999999864,[ 1.06697584 -0.62926406],[0.59542262 8.25542747],[ 1.18510853 43.80527074],[0. 0.]
4580,4.579999999999864,[ 1.06757245 -0.62096482],[0.59660773 8.29923274],[ 1.18270344 43.40039251],[0. 0.]
4581,4.5809999999998645,[ 1.06817024 -0.61262219],[0.59779043 8.34263313],[ 1.1798565  42.98794655],[0. 0.]
4582,4.581999999999865,[ 1.06876921 -0.60423657],[0.59897029 8.38562108],[ 1.17656116 42.56785854],[0. 0.]
4583,4.582999999999865,[ 1.06936936 -0.59580838],[0.60014685 8.42818894],[ 1.17281108 42.14005693],[0. 0.]
4584,4.5839999999998655,[ 1.06997068 -0.58733805],[0.60131966 8.47032899],[ 1.16860013 41.70447319],[0. 0.]
4585,4.584999999999866,[ 1.07057317 -0.57882602],[0.60248826 8.51203347],[ 1.16392244 41.26104195],[0. 0.]
4586,4.585999999999866,[ 1.07117682 -0.57027272],[0.60365218 8.55329451],[ 1.15877237 40.80970123],[0. 0.]
4587,4.5869999999998665,[ 1.07178163 -0.56167862],[0.60481096 8.59410421],[ 1.15314457 40.35039262],[0. 0.]
4588,4.587999999999867,[ 1.07238759 -0.55304416],[0.6059641 8.6344546],[ 1.14703394 39.88306152],[0. 0.]
4589,4.588999999999867,[ 1.07299471 -0.54436983],[0.60711113 8.67433767],[ 1.14043568 39.40765728],[0. 0.]
4590,4.5899999999998675,[ 1.07360296 -0.53565608],[0.60825157 8.71374532],[ 1.13334529 38.92413347],[0. 0.]
4591,4.590999999999868,[ 1.07421234 -0.52690341],[0.60938492 8.75266946],[ 1.12575861 38.43244803],[0. 0.]
4592,4.591999999999868,[ 1.07482285 -0.51811231],[0.61051067 8.7911019 ],[ 1.1176718  37.93256351],[0. 0.]
4593,4.5929999999998685,[ 1.07543448 -0.50928327],[0.61162835 8.82903447],[ 1.10908134 37.42444729],[0. 0.]
4594,4.593999999999869,[ 1.07604722 -0.50041682],[0.61273743 8.86645892],[ 1.09998411 36.90807171],[0. 0.]
4595,4.594999999999869,[ 1.07666106 -0.49151345],[0.61383741 8.90336699],[ 1.09037735 36.38341437],[0. 0.]
4596,4.5959999999998695,[ 1.07727598 -0.4825737 ],[0.61492779 8.9397504 ],[ 1.08025866 35.85045826],[0. 0.]
4597,4.59699999999987,[ 1.07789199 -0.4735981 ],[0.61600805 8.97560086],[ 1.06962608 35.30919197],[0. 0.]
4598,4.59799999999987,[ 1.07850907 -0.46458719],[0.61707767 9.01091005],[ 1.05847804 34.75960991],[0. 0.]
4599,4.5989999999998705,[ 1.07912721 -0.45554152],[0.61813615 9.04566966],[ 1.04681339 34.2017125 ],[0. 0.]
4600,4.599999999999871,[ 1.07974639 -0.44646165],[0.61918296 9.07987137],[ 1.03463142 33.63550631],[0. 0.]
4601,4.600999999999871,[ 1.08036661 -0.43734814],[0.6202176  9.11350688],[ 1.02193187 33.06100429],[0. 0.]
4602,4.6019999999998715,[ 1.08098785 -0.42820157],[0.62123953 9.14656788],[ 1.00871495 32.47822593],[0. 0.]
4603,4.602999999999872,[ 1.08161009 -0.41902253],[0.62224824 9.17904611],[ 0.99498131 31.88719743],[0. 0.]
4604,4.603999999999872,[ 1.08223334 -0.40981159],[0.62324322 9.21093331],[ 0.98073211 31.28795184],[0. 0.]
4605,4.6049999999998725,[ 1.08285756 -0.40056937],[0.62422396 9.24222126],[ 0.96596898 30.68052924],[0. 0.]
4606,4.605999999999873,[ 1.08348275 -0.39129647],[0.62518993 9.27290179],[ 0.95069407 30.06497689],[0. 0.]
4607,4.606999999999873,[ 1.08410889 -0.3819935 ],[0.62614062 9.30296677],[ 0.93491    29.44134931],[0. 0.]
4608,4.6079999999998735,[ 1.08473597 -0.37266109],[0.62707553 9.33240812],[ 0.91861994 28.80970849],[0. 0.]
4609,4.608999999999874,[ 1.08536396 -0.36329988],[0.62799415 9.36121782],[ 0.90182757 28.17012393],[0. 0.]
4610,4.609999999999874,[ 1.08599286 -0.35391049],[0.62889598 9.38938795],[ 0.88453709 27.52267276],[0. 0.]
4611,4.6109999999998745,[ 1.08662264 -0.34449358],[0.62978051 9.41691062],[ 0.86675324 26.86743987],[0. 0.]
4612,4.611999999999875,[ 1.08725329 -0.3350498 ],[0.63064727 9.44377806],[ 0.84848129 26.20451792],[0. 0.]
4613,4.612999999999875,[ 1.08788478 -0.32557982],[0.63149575 9.46998258],[  -9.53827548 -692.22318666],[ 0.1629978  -0.84823729]
4614,4.6139999999998755,[ 1.08850674 -0.31680206],[0.62195747 8.77775939],[  -9.249797   -665.97724791],[ 0.16337625 -0.81558897]
4615,4.614999999999876,[ 1.08911945 -0.30869028],[0.61270768 8.11178214],[  -8.95808998 -640.55448915],[ 0.16374093 -0.78411944]
4616,4.615999999999876,[ 1.0897232  -0.30121905],[0.60374959 7.47122765],[  -8.66500308 -615.94248611],[ 0.16409165 -0.75379264]
4617,4.6169999999998765,[ 1.09031828 -0.29436376],[0.59508458 6.85528517],[  -8.37211005 -592.12730116],[ 0.16442832 -0.72457293]
4618,4.617999999999877,[ 1.09090499 -0.28810061],[0.58671247 6.26315787],[  -8.0807418  -569.09372029],[ 0.16475091 -0.69642525]
4619,4.618999999999877,[ 1.09148362 -0.28240654],[0.57863173 5.69406415],[  -7.7920156  -546.82547325],[ 0.16505946 -0.66931511]
4620,4.6199999999998775,[ 1.09205446 -0.2772593 ],[0.57083972 5.14723867],[  -7.50686132 -525.30543571],[ 0.16535409 -0.64320872]
4621,4.620999999999878,[ 1.0926178  -0.27263737],[0.56333285 4.62193324],[  -7.22604514 -504.51581281],[ 0.16563494 -0.61807295]
4622,4.621999999999878,[ 1.0931739  -0.26851995],[0.55610681 4.11741742],[  -6.95019073 -484.43830455],[ 0.1659022  -0.59387545]
4623,4.6229999999998785,[ 1.09372306 -0.26488697],[0.54915662 3.63297912],[  -6.67979808 -465.05425317],[ 0.1661561  -0.57058463]
4624,4.623999999999879,[ 1.09426554 -0.26171905],[0.54247682 3.16792487],[  -6.41526037 -446.34477377],[ 0.16639687 -0.54816969]
4625,4.624999999999879,[ 1.0948016  -0.25899747],[0.53606156 2.72158009],[  -6.15687873 -428.29086885],[ 0.16662478 -0.52660064]
4626,4.6259999999998795,[ 1.0953315  -0.25670418],[0.52990468 2.29328922],[  -5.90487544 -410.87352809],[ 0.16684012 -0.50584831]
4627,4.62699999999988,[ 1.0958555  -0.25482176],[0.52399981 1.8824157 ],[  -5.65940542 -394.07381463],[ 0.16704319 -0.48588437]
4628,4.62799999999988,[ 1.09637384 -0.25333342],[0.5183404  1.48834188],[  -5.42056638 -377.8729388 ],[ 0.16723427 -0.46668129]
4629,4.6289999999998805,[ 1.09688676 -0.25222295],[0.51291983 1.11046894],[  -5.18840762 -362.25232075],[ 0.16741368 -0.44821236]
4630,4.629999999999881,[ 1.0973945  -0.25147474],[0.50773143 0.74821662],[  -4.96293784 -347.19364306],[ 0.16758173 -0.4304517 ]
4631,4.630999999999881,[ 1.09789726 -0.25107371],[0.50276849 0.40102298],[  -4.74413176 -332.67889427],[ 0.16773874 -0.41337422]
4632,4.6319999999998815,[ 1.09839529 -0.25100537],[0.49802436 0.06834409],[  -4.53193599 -318.69040453],[ 0.167885   -0.39695564]
4633,4.632999999999882,[ 1.09888878 -0.25125571],[ 0.49349242 -0.25034632],[  -4.32627404 -305.21087422],[ 0.16802084 -0.38117243]
4634,4.633999999999882,[ 1.09937795 -0.25181127],[ 0.48916615 -0.55555719],[  -4.12705066 -292.22339639],[ 0.16814656 -0.36600183]
4635,4.6349999999998825,[ 1.09986299 -0.25265905],[ 0.4850391  -0.84778059],[  -3.93415555 -279.71147384],[ 0.16826246 -0.35142186]
4636,4.635999999999883,[ 1.10034409 -0.25378654],[ 0.48110494 -1.12749206],[  -3.74746654 -267.65903154],[ 0.16836883 -0.33741122]
4637,4.636999999999883,[ 1.10082145 -0.2551817 ],[ 0.47735747 -1.3951511 ],[  -3.56685231 -256.05042503],[ 0.16846598 -0.32394937]
4638,4.6379999999998835,[ 1.10129524 -0.2568329 ],[ 0.47379062 -1.65120152],[  -3.39217471 -244.87044531],[ 0.16855418 -0.31101642]
4639,4.638999999999884,[ 1.10176564 -0.25872897],[ 0.47039845 -1.89607197],[  -3.22329065 -234.10432086],[ 0.16863371 -0.29859318]
4640,4.639999999999884,[ 1.10223281 -0.26085915],[ 0.46717516 -2.13017629],[  -3.06005382 -223.73771707],[ 0.16870486 -0.28666111]
4641,4.6409999999998846,[ 1.10269693 -0.26321306],[ 0.4641151 -2.353914 ],[  -2.90231596 -213.75673366],[ 0.16876787 -0.27520231]
4642,4.641999999999885,[ 1.10315814 -0.26578073],[ 0.46121279 -2.56767074],[  -2.74992812 -204.14790028],[ 0.16882302 -0.26419949]
4643,4.642999999999885,[ 1.1036166  -0.26855255],[ 0.45846286 -2.77181864],[  -2.60274147 -194.89817066],[ 0.16887055 -0.25363598]
4644,4.6439999999998856,[ 1.10407246 -0.27151927],[ 0.45586012 -2.96671681],[  -2.46060818 -185.99491561],[ 0.16891071 -0.24349565]
4645,4.644999999999886,[ 1.10452586 -0.27467198],[ 0.45339951 -3.15271172],[  -2.32338199 -177.42591505],[ 0.16894374 -0.23376298]
4646,4.645999999999886,[ 1.10497694 -0.27800211],[ 0.45107613 -3.33013764],[  -2.19091869 -169.17934928],[ 0.16896986 -0.22442295]
4647,4.6469999999998866,[ 1.10542582 -0.28150143],[ 0.44888521 -3.49931699],[  -2.06307657 -161.24378968],[ 0.16898932 -0.2154611 ]
4648,4.647999999999887,[ 1.10587265 -0.28516199],[ 0.44682213 -3.66056078],[  -1.93971667 -153.60818896],[ 0.16900231 -0.20686347]
4649,4.648999999999887,[ 1.10631753 -0.28897616],[ 0.44488241 -3.81416897],[  -1.82070306 -146.26187117],[ 0.16900906 -0.19861658]
4650,4.649999999999888,[ 1.10676059 -0.29293659],[ 0.44306171 -3.96043084],[  -1.70590296 -139.1945214 ],[ 0.16900977 -0.19070744]
4651,4.650999999999888,[ 1.10720195 -0.29703622],[ 0.44135581 -4.09962536],[  -1.59518685 -132.39617547],[ 0.16900464 -0.18312351]
4652,4.651999999999888,[ 1.10764171 -0.30126824],[ 0.43976062 -4.23202154],[  -1.48842861 -125.85720954],[ 0.16899386 -0.1758527 ]
4653,4.652999999999889,[ 1.10807998 -0.30562612],[ 0.43827219 -4.35787874],[  -1.38550545 -119.56832978],[ 0.16897762 -0.16888335]
4654,4.653999999999889,[ 1.10851687 -0.31010356],[ 0.43688669 -4.47744707],[  -1.286298   -113.52056211],[ 0.1689561  -0.16220422]
4655,4.654999999999889,[ 1.10895247 -0.31469453],[ 0.43560039 -4.59096764],[  -1.19069025 -107.70524206],[ 0.16892948 -0.15580446]
4656,4.65599999999989,[ 1.10938688 -0.31939321],[ 0.4344097  -4.69867288],[  -1.09856951 -102.11400483],[ 0.16889792 -0.1496736 ]
4657,4.65699999999989,[ 1.10982019 -0.32419399],[ 0.43331113 -4.80078688],[ -1.00982638 -96.73877549],[ 0.1688616  -0.14380157]
4658,4.65799999999989,[ 1.11025249 -0.32909152],[ 0.4323013  -4.89752566],[ -0.92435466 -91.57175945],[ 0.16882067 -0.13817864]
4659,4.658999999999891,[ 1.11068387 -0.33408062],[ 0.43137695 -4.98909742],[ -0.84205129 -86.6054331 ],[ 0.16877528 -0.13279542]
4660,4.659999999999891,[ 1.1111144  -0.33915632],[ 0.4305349  -5.07570285],[ -0.76281628 -81.83253478],[ 0.1687256  -0.12764289]
4661,4.660999999999891,[ 1.11154417 -0.34431385],[ 0.42977208 -5.15753539],[ -0.68655261 -77.24605587],[ 0.16867175 -0.12271231]
4662,4.661999999999892,[ 1.11197326 -0.34954864],[ 0.42908553 -5.23478144],[ -0.61316616 -72.83923227],[ 0.16861389 -0.1179953 ]
4663,4.662999999999892,[ 1.11240173 -0.35485626],[ 0.42847236 -5.30762067],[ -0.54256561 -68.60553607],[ 0.16855215 -0.11348374]
4664,4.663999999999892,[ 1.11282966 -0.36023248],[ 0.4279298  -5.37622621],[ -0.47466237 -64.53866747],[ 0.16848667 -0.10916982]
4665,4.664999999999893,[ 1.11325711 -0.36567325],[ 0.42745513 -5.44076488],[ -0.40937047 -60.63254699],[ 0.16841756 -0.10504602]
4666,4.665999999999893,[ 1.11368416 -0.37117464],[ 0.42704576 -5.50139742],[ -0.34660652 -56.88130791],[ 0.16834495 -0.10110509]
4667,4.666999999999893,[ 1.11411086 -0.37673292],[ 0.42669916 -5.55827873],[ -0.28628956 -53.27928902],[ 0.16826898 -0.09734002]
4668,4.667999999999894,[ 1.11453727 -0.38234448],[ 0.42641287 -5.61155802],[ -0.22834107 -49.8210275 ],[ 0.16818974 -0.09374408]
4669,4.668999999999894,[ 1.11496346 -0.38800586],[ 0.42618453 -5.66137905],[ -0.17268478 -46.50125215],[ 0.16810735 -0.09031077]
4670,4.669999999999894,[ 1.11538947 -0.39371374],[ 0.42601184 -5.7078803 ],[ -0.11924673 -43.31487682],[ 0.16802193 -0.08703383]
4671,4.670999999999895,[ 1.11581536 -0.39946494],[ 0.4258926  -5.75119518],[ -0.06795506 -40.25699403],[ 0.16793358 -0.08390723]
4672,4.671999999999895,[ 1.11624119 -0.40525639],[ 0.42582464 -5.79145217],[-1.87400484e-02 -3.73228689e+01],[ 0.16784239 -0.08092516]
4673,4.672999999999895,[ 1.11666699 -0.41108516],[ 0.4258059  -5.82877504],[ 2.84660010e-02 -3.45079331e+01],[ 0.16774848 -0.078082  ]
4674,4.673999999999896,[ 1.11709283 -0.41694845],[ 0.42583437 -5.86328297],[  0.07372882 -31.80777937],[ 0.16765193 -0.07537237]
4675,4.674999999999896,[ 1.11751873 -0.42284354],[ 0.4259081  -5.89509075],[  0.11711223 -29.21815578],[ 0.16755284 -0.07279107]
4676,4.675999999999896,[ 1.11794476 -0.42876785],[ 0.42602521 -5.92430891],[  0.1586782  -26.73496056],[ 0.16745129 -0.07033309]
4677,4.676999999999897,[ 1.11837094 -0.43471889],[ 0.42618389 -5.95104387],[  0.19848691 -24.35423689],[ 0.16734738 -0.0679936 ]
4678,4.677999999999897,[ 1.11879733 -0.44069429],[ 0.42638237 -5.97539811],[  0.23659677 -22.07216798],[ 0.16724118 -0.06576796]
4679,4.678999999999897,[ 1.11922395 -0.44669176],[ 0.42661897 -5.99747027],[  0.27306453 -19.88507232],[ 0.16713279 -0.06365168]
4680,4.679999999999898,[ 1.11965084 -0.45270911],[ 0.42689203 -6.01735535],[  0.30794527 -17.78939897],[ 0.16702227 -0.06164047]
4681,4.680999999999898,[ 1.12007804 -0.45874426],[ 0.42719998 -6.03514475],[  0.34129248 -15.78172321],[ 0.1669097  -0.05973016]
4682,4.681999999999898,[ 1.12050558 -0.46479518],[ 0.42754127 -6.05092647],[  0.3731581  -13.85874215],[ 0.16679516 -0.05791676]
4683,4.682999999999899,[ 1.12093349 -0.47085997],[ 0.42791443 -6.06478521],[  0.40359253 -12.01727063],[ 0.16667872 -0.05619641]
4684,4.683999999999899,[ 1.12136181 -0.47693677],[ 0.42831802 -6.07680248],[  0.43264473 -10.25423716],[ 0.16656044 -0.05456542]
4685,4.684999999999899,[ 1.12179056 -0.48302383],[ 0.42875067 -6.08705672],[ 0.46036221 -8.56668009],[ 0.1664404 -0.0530202]
4686,4.6859999999999,[ 1.12221977 -0.48911945],[ 0.42921103 -6.0956234 ],[ 0.48679108 -6.9517438 ],[ 0.16631865 -0.05155733]
4687,4.6869999999999,[ 1.12264947 -0.49522203],[ 0.42969782 -6.10257514],[ 0.5119761  -5.40667512],[ 0.16619526 -0.05017349]
4688,4.6879999999999,[ 1.12307968 -0.50133001],[ 0.4302098  -6.10798182],[ 0.5359607  -3.92881981],[ 0.16607028 -0.04886551]
4689,4.688999999999901,[ 1.12351043 -0.50744192],[ 0.43074576 -6.11191064],[ 0.55878703 -2.51561919],[ 0.16594378 -0.04763031]
4690,4.689999999999901,[ 1.12394173 -0.51355635],[ 0.43130454 -6.11442626],[ 0.58049596 -1.16460686],[ 0.16581581 -0.04646495]
4691,4.690999999999901,[ 1.12437362 -0.51967194],[ 0.43188504 -6.11559086],[0.60112715 0.12659449],[ 0.16568642 -0.04536658]
4692,4.691999999999902,[ 1.1248061 -0.5257874],[ 0.43248617 -6.11546427],[0.62071906 1.36027609],[ 0.16555567 -0.04433248]
4693,4.692999999999902,[ 1.12523921 -0.5319015 ],[ 0.43310689 -6.11410399],[0.639309   2.53864607],[ 0.16542361 -0.04336001]
4694,4.693999999999902,[ 1.12567295 -0.53801307],[ 0.4337462  -6.11156535],[0.65693312 3.66383236],[ 0.16529028 -0.04244665]
4695,4.694999999999903,[ 1.12610736 -0.54412097],[ 0.43440313 -6.10790152],[0.67362649 4.73788539],[ 0.16515573 -0.04158996]
4696,4.695999999999903,[ 1.12654243 -0.55022414],[ 0.43507675 -6.10316363],[0.68942308 5.76278079],[ 0.16502    -0.04078759]
4697,4.696999999999903,[ 1.1269782  -0.55632154],[ 0.43576618 -6.09740085],[0.70435582 6.74042202],[ 0.16488315 -0.0400373 ]
4698,4.697999999999904,[ 1.12741467 -0.5624122 ],[ 0.43647053 -6.09066043],[0.71845661 7.6726428 ],[ 0.1647452  -0.03933692]
4699,4.698999999999904,[ 1.12785186 -0.56849518],[ 0.43718899 -6.08298778],[0.73175636 8.56120961],[ 0.16460621 -0.03868436]
4700,4.699999999999904,[ 1.12828978 -0.57456961],[ 0.43792075 -6.07442657],[0.74428501 9.40782395],[ 0.1644662  -0.03807762]
4701,4.700999999999905,[ 1.12872845 -0.58063463],[ 0.43866503 -6.06501875],[ 0.75607154 10.21412467],[ 0.16432522 -0.03751477]
4702,4.701999999999905,[ 1.12916787 -0.58668943],[ 0.4394211  -6.05480463],[ 0.76714401 10.98169014],[ 0.16418331 -0.03699395]
4703,4.702999999999905,[ 1.12960806 -0.59273326],[ 0.44018825 -6.04382294],[ 0.77752959 11.71204036],[ 0.16404049 -0.03651339]
4704,4.703999999999906,[ 1.13004902 -0.59876537],[ 0.44096578 -6.0321109 ],[ 0.78725457 12.40663902],[ 0.1638968  -0.03607136]
4705,4.704999999999906,[ 1.13049077 -0.60478507],[ 0.44175303 -6.01970426],[ 0.79634439 13.06689548],[ 0.16375227 -0.03566622]
4706,4.705999999999906,[ 1.13093332 -0.61079171],[ 0.44254938 -6.00663736],[ 0.80482366 13.69416669],[ 0.16360694 -0.03529639]
4707,4.706999999999907,[ 1.13137668 -0.61678465],[ 0.4433542  -5.99294319],[ 0.81271618 14.28975903],[ 0.16346083 -0.03496033]
4708,4.707999999999907,[ 1.13182084 -0.62276331],[ 0.44416692 -5.97865344],[ 0.82004498 14.85493011],[ 0.16331397 -0.03465658]
4709,4.708999999999907,[ 1.13226583 -0.62872711],[ 0.44498696 -5.96379851],[ 0.8268323  15.39089053],[ 0.16316638 -0.03438375]
4710,4.709999999999908,[ 1.13271165 -0.63467551],[ 0.44581379 -5.94840761],[ 0.83309967 15.8988055 ],[ 0.16301811 -0.03414046]
4711,4.710999999999908,[ 1.13315829 -0.64060802],[ 0.44664689 -5.93250881],[ 0.83886787 16.37979652],[ 0.16286916 -0.03392542]
4712,4.711999999999908,[ 1.13360578 -0.64652415],[ 0.44748576 -5.91612901],[ 0.844157   16.83494289],[ 0.16271957 -0.03373739]
4713,4.712999999999909,[ 1.13405411 -0.65242344],[ 0.44832992 -5.89929407],[ 0.84898647 17.26528328],[ 0.16256936 -0.03357516]
4714,4.713999999999909,[ 1.13450329 -0.65830547],[ 0.4491789  -5.88202879],[ 0.85337503 17.67181714],[ 0.16241855 -0.03343757]
4715,4.714999999999909,[ 1.13495332 -0.66416983],[ 0.45003228 -5.86435697],[ 0.85734078 18.05550614],[ 0.16226716 -0.03332352]
4716,4.71599999999991,[ 1.13540421 -0.67001613],[ 0.45088962 -5.84630146],[ 0.8609012  18.41727555],[ 0.16211521 -0.03323194]
4717,4.71699999999991,[ 1.13585596 -0.67584402],[ 0.45175052 -5.82788419],[ 0.86407317 18.75801552],[ 0.16196273 -0.0331618 ]
4718,4.71799999999991,[ 1.13630857 -0.68165314],[ 0.45261459 -5.80912617],[ 0.86687298 19.07858239],[ 0.16180973 -0.03311213]
4719,4.718999999999911,[ 1.13676206 -0.68744319],[ 0.45348147 -5.79004759],[ 0.86931634 19.37979991],[ 0.16165623 -0.03308198]
4720,4.719999999999911,[ 1.13721641 -0.69321386],[ 0.45435078 -5.77066779],[ 0.87141842 19.66246041],[ 0.16150225 -0.03307044]
4721,4.720999999999911,[ 1.13767163 -0.69896486],[ 0.4552222  -5.75100533],[ 0.87319385 19.92732598],[ 0.1613478  -0.03307664]
4722,4.721999999999912,[ 1.13812772 -0.70469594],[ 0.4560954 -5.731078 ],[ 0.87465673 20.17512958],[ 0.16119291 -0.03309974]
4723,4.722999999999912,[ 1.13858469 -0.71040684],[ 0.45697005 -5.71090287],[ 0.87582068 20.40657606],[ 0.16103758 -0.03313895]
4724,4.723999999999912,[ 1.13904254 -0.71609734],[ 0.45784587 -5.6904963 ],[ 0.87669879 20.62234325],[ 0.16088183 -0.03319348]
4725,4.724999999999913,[ 1.13950126 -0.72176721],[ 0.45872257 -5.66987395],[ 0.87730372 20.82308293],[ 0.16072567 -0.03326259]
4726,4.725999999999913,[ 1.13996086 -0.72741626],[ 0.45959988 -5.64905087],[ 0.87764765 21.00942182],[ 0.16056913 -0.03334559]
4727,4.726999999999913,[ 1.14042134 -0.73304431],[ 0.46047752 -5.62804145],[ 0.87774231 21.18196245],[ 0.16041221 -0.03344177]
4728,4.727999999999914,[ 1.14088269 -0.73865117],[ 0.46135527 -5.60685949],[ 0.87759902 21.34128413],[ 0.16025492 -0.03355049]
4729,4.728999999999914,[ 1.14134493 -0.74423668],[ 0.46223286 -5.5855182 ],[ 0.87722867 21.48794375],[ 0.16009728 -0.03367112]
4730,4.729999999999914,[ 1.14180804 -0.74980071],[ 0.46311009 -5.56403026],[ 0.87664175 21.62247668],[ 0.1599393  -0.03380306]
4731,4.730999999999915,[ 1.14227202 -0.75534312],[ 0.46398673 -5.54240778],[ 0.87584836 21.74539749],[ 0.15978098 -0.03394572]
4732,4.731999999999915,[ 1.14273689 -0.76086378],[ 0.46486258 -5.52066239],[ 0.87485823 21.85720083],[ 0.15962235 -0.03409854]
4733,4.732999999999915,[ 1.14320262 -0.76636259],[ 0.46573744 -5.49880518],[ 0.87368072 21.95836208],[ 0.1594634 -0.034261 ]
4734,4.733999999999916,[ 1.14366924 -0.77183944],[ 0.46661112 -5.47684682],[ 0.87232483 22.04933814],[ 0.15930415 -0.03443259]
4735,4.734999999999916,[ 1.14413672 -0.77729423],[ 0.46748345 -5.45479748],[ 0.87079924 22.13056808],[ 0.15914461 -0.0346128 ]
4736,4.735999999999916,[ 1.14460507 -0.7827269 ],[ 0.46835425 -5.43266692],[ 0.86911228 22.20247386],[ 0.15898479 -0.03480118]
4737,4.736999999999917,[ 1.1450743  -0.78813737],[ 0.46922336 -5.41046444],[ 0.86727197 22.26546092],[ 0.15882469 -0.03499726]
4738,4.737999999999917,[ 1.14554439 -0.79352556],[ 0.47009063 -5.38819898],[ 0.86528603 22.31991886],[ 0.15866432 -0.03520062]
4739,4.738999999999917,[ 1.14601534 -0.79889144],[ 0.47095592 -5.36587906],[ 0.86316188 22.36622198],[ 0.15850369 -0.03541084]
4740,4.739999999999918,[ 1.14648716 -0.80423496],[ 0.47181908 -5.34351284],[ 0.86090664 22.40472991],[ 0.15834281 -0.03562751]
4741,4.740999999999918,[ 1.14695984 -0.80955606],[ 0.47267999 -5.32110811],[ 0.85852717 22.43578815],[ 0.15818168 -0.03585027]
4742,4.741999999999918,[ 1.14743338 -0.81485474],[ 0.47353851 -5.29867232],[ 0.85603005 22.4597286 ],[ 0.15802032 -0.03607874]
4743,4.742999999999919,[ 1.14790778 -0.82013095],[ 0.47439454 -5.27621259],[ 0.85342162 22.47687008],[ 0.15785872 -0.03631257]
4744,4.743999999999919,[ 1.14838302 -0.82538468],[ 0.47524796 -5.25373572],[ 0.85070796 22.48751884],[ 0.15769689 -0.03655142]
4745,4.744999999999919,[ 1.14885912 -0.83061593],[ 0.47609867 -5.2312482 ],[ 0.8478949  22.49196902],[ 0.15753484 -0.03679497]
4746,4.74599999999992,[ 1.14933607 -0.83582469],[ 0.47694657 -5.20875624],[ 0.84498805 22.49050314],[ 0.15737257 -0.03704292]
4747,4.74699999999992,[ 1.14981386 -0.84101096],[ 0.47779155 -5.18626573],[ 0.84199281 22.48339251],[ 0.15721009 -0.03729496]
4748,4.74799999999992,[ 1.15029249 -0.84617474],[ 0.47863355 -5.16378234],[ 0.83891433 22.47089769],[ 0.1570474  -0.03755081]
4749,4.748999999999921,[ 1.15077197 -0.85131605],[ 0.47947246 -5.14131144],[ 0.83575758 22.45326889],[ 0.15688451 -0.03781021]
4750,4.749999999999921,[ 1.15125227 -0.85643491],[ 0.48030822 -5.11885817],[ 0.83252733 22.43074635],[ 0.15672142 -0.03807288]
4751,4.750999999999921,[ 1.15173342 -0.86153133],[ 0.48114075 -5.09642743],[ 0.82922814 22.40356078],[ 0.15655813 -0.03833859]
4752,4.751999999999922,[ 1.15221539 -0.86660536],[ 0.48196998 -5.07402387],[ 0.82586439 22.37193365],[ 0.15639465 -0.03860708]
4753,4.752999999999922,[ 1.15269818 -0.87165701],[ 0.48279584 -5.05165193],[ 0.82244029 22.33607759],[ 0.15623099 -0.03887814]
4754,4.753999999999922,[ 1.1531818  -0.87668633],[ 0.48361828 -5.02931586],[ 0.81895987 22.29619675],[ 0.15606714 -0.03915155]
4755,4.754999999999923,[ 1.15366624 -0.88169335],[ 0.48443724 -5.00701966],[ 0.815427   22.25248707],[ 0.15590311 -0.03942709]
4756,4.755999999999923,[ 1.15415149 -0.88667811],[ 0.48525267 -4.98476717],[ 0.81184536 22.20513664],[ 0.15573891 -0.03970456]
4757,4.756999999999923,[ 1.15463755 -0.89164067],[ 0.48606451 -4.96256203],[ 0.80821853 22.154326  ],[ 0.15557453 -0.03998378]
4758,4.757999999999924,[ 1.15512443 -0.89658108],[ 0.48687273 -4.94040771],[ 0.80454989 22.10022841],[ 0.15540997 -0.04026456]
4759,4.758999999999924,[ 1.1556121  -0.90149939],[ 0.48767728 -4.91830748],[ 0.8008427  22.04301017],[ 0.15524525 -0.04054672]
4760,4.759999999999924,[ 1.15610058 -0.90639565],[ 0.48847812 -4.89626447],[ 0.79710009 21.98283084],[ 0.15508035 -0.0408301 ]
4761,4.760999999999925,[ 1.15658986 -0.91126994],[ 0.48927522 -4.87428164],[ 0.79332503 21.91984353],[ 0.1549153  -0.04111454]
4762,4.761999999999925,[ 1.15707993 -0.9161223 ],[ 0.49006855 -4.8523618 ],[ 0.78952039 21.85419518],[ 0.15475007 -0.04139988]
4763,4.762999999999925,[ 1.15757078 -0.92095281],[ 0.49085807 -4.8305076 ],[ 0.78568891 21.78602672],[ 0.15458469 -0.04168598]
4764,4.763999999999926,[ 1.15806243 -0.92576153],[ 0.49164376 -4.80872157],[ 0.78183319 21.7154734 ],[ 0.15441915 -0.04197269]
4765,4.764999999999926,[ 1.15855485 -0.93054853],[ 0.49242559 -4.7870061 ],[ 0.77795575 21.64266491],[ 0.15425344 -0.0422599 ]
4766,4.765999999999926,[ 1.15904806 -0.9353139 ],[ 0.49320355 -4.76536344],[ 0.77405898 21.56772571],[ 0.15408759 -0.04254745]
4767,4.766999999999927,[ 1.15954203 -0.94005769],[ 0.49397761 -4.74379571],[ 0.77014516 21.49077511],[ 0.15392157 -0.04283525]
4768,4.767999999999927,[ 1.16003678 -0.94478   ],[ 0.49474775 -4.72230493],[ 0.76621649 21.41192758],[ 0.1537554  -0.04312316]
4769,4.768999999999927,[ 1.1605323  -0.94948089],[ 0.49551397 -4.70089301],[ 0.76227505 21.33129288],[ 0.15358908 -0.04341108]
4770,4.769999999999928,[ 1.16102857 -0.95416045],[ 0.49627624 -4.67956171],[ 0.75832283 21.24897625],[ 0.1534226 -0.0436989]
4771,4.770999999999928,[ 1.16152561 -0.95881876],[ 0.49703457 -4.65831274],[ 0.75436175 21.16507859],[ 0.15325598 -0.04398653]
4772,4.771999999999928,[ 1.1620234  -0.96345591],[ 0.49778893 -4.63714766],[ 0.75039362 21.07969664],[ 0.1530892  -0.04427386]
4773,4.772999999999929,[ 1.16252193 -0.96807198],[ 0.49853932 -4.61606796],[ 0.74642018 20.99292314],[ 0.15292228 -0.0445608 ]
4774,4.773999999999929,[ 1.16302122 -0.97266706],[ 0.49928574 -4.59507504],[ 0.74244307 20.90484697],[ 0.1527552  -0.04484728]
4775,4.774999999999929,[ 1.16352125 -0.97724123],[ 0.50002818 -4.57417019],[ 0.73846389 20.81555332],[ 0.15258798 -0.04513319]
4776,4.77599999999993,[ 1.16402202 -0.98179458],[ 0.50076665 -4.55335464],[ 0.73448413 20.72512384],[ 0.1524206  -0.04541848]
4777,4.77699999999993,[ 1.16452352 -0.98632721],[ 0.50150113 -4.53262952],[ 0.73050523 20.63363674],[ 0.15225309 -0.04570305]
4778,4.77799999999993,[ 1.16502575 -0.99083921],[ 0.50223164 -4.51199588],[ 0.72652855 20.54116696],[ 0.15208542 -0.04598685]
4779,4.778999999999931,[ 1.16552871 -0.99533066],[ 0.50295817 -4.49145471],[ 0.72255539 20.44778632],[ 0.15191761 -0.04626979]
4780,4.779999999999931,[ 1.16603239 -0.99980167],[ 0.50368072 -4.47100693],[ 0.71858698 20.35356356],[ 0.15174965 -0.04655183]
4781,4.780999999999931,[ 1.16653679 -1.00425232],[ 0.50439931 -4.45065336],[ 0.7146245  20.25856456],[ 0.15158154 -0.04683289]
4782,4.781999999999932,[ 1.1670419  -1.00868272],[ 0.50511393 -4.4303948 ],[ 0.71066907 20.16285237],[ 0.15141329 -0.04711292]
4783,4.782999999999932,[ 1.16754773 -1.01309295],[ 0.5058246  -4.41023195],[ 0.70672175 20.06648739],[ 0.15124489 -0.04739186]
4784,4.783999999999932,[ 1.16805426 -1.01748311],[ 0.50653132 -4.39016546],[ 0.70278354 19.96952742],[ 0.15107634 -0.04766967]
4785,4.784999999999933,[ 1.16856149 -1.02185331],[ 0.50723411 -4.37019593],[ 0.6988554  19.87202779],[ 0.15090765 -0.04794628]
4786,4.785999999999933,[ 1.16906942 -1.02620363],[ 0.50793296 -4.3503239 ],[ 0.69493824 19.77404145],[ 0.15073881 -0.04822167]
4787,4.786999999999933,[ 1.16957805 -1.03053418],[ 0.5086279  -4.33054986],[ 0.69103292 19.67561907],[ 0.15056983 -0.04849577]
4788,4.787999999999934,[ 1.17008737 -1.03484506],[ 0.50931893 -4.31087424],[ 0.68714024 19.57680912],[ 0.1504007  -0.04876855]
4789,4.788999999999934,[ 1.17059738 -1.03913635],[ 0.51000607 -4.29129743],[ 0.68326098 19.47765796],[ 0.15023142 -0.04903998]
4790,4.789999999999934,[ 1.17110807 -1.04340817],[ 0.51068933 -4.27181977],[ 0.67939586 19.37820994],[ 0.15006199 -0.04931001]
4791,4.790999999999935,[ 1.17161943 -1.04766062],[ 0.51136873 -4.25244156],[ 0.67554557 19.27850744],[ 0.14989242 -0.04957861]
4792,4.791999999999935,[ 1.17213148 -1.05189378],[ 0.51204428 -4.23316306],[ 0.67171077 19.17859099],[ 0.1497227  -0.04984574]
4793,4.792999999999935,[ 1.17264419 -1.05610776],[ 0.51271599 -4.21398447],[ 0.66789206 19.07849934],[ 0.14955283 -0.05011138]
4794,4.793999999999936,[ 1.17315758 -1.06030267],[ 0.51338388 -4.19490597],[ 0.66409001 18.97826947],[ 0.14938281 -0.0503755 ]
4795,4.794999999999936,[ 1.17367163 -1.0644786 ],[ 0.51404797 -4.1759277 ],[ 0.66030517 18.87793676],[ 0.14921264 -0.05063806]
4796,4.795999999999936,[ 1.17418633 -1.06863565],[ 0.51470827 -4.15704976],[ 0.65653805 18.77753496],[ 0.14904232 -0.05089905]
4797,4.796999999999937,[ 1.1747017  -1.07277392],[ 0.51536481 -4.13827223],[ 0.65278913 18.67709633],[ 0.14887186 -0.05115844]
4798,4.797999999999937,[ 1.17521772 -1.07689351],[ 0.5160176  -4.11959513],[ 0.64905884 18.57665162],[ 0.14870124 -0.05141621]
4799,4.798999999999937,[ 1.17573438 -1.08099453],[ 0.51666666 -4.10101848],[ 0.64534762 18.47623022],[ 0.14853047 -0.05167234]
4800,4.799999999999938,[ 1.1762517  -1.08507707],[ 0.51731201 -4.08254225],[ 0.64165586 18.37586014],[ 0.14835955 -0.0519268 ]
4801,4.800999999999938,[ 1.17676965 -1.08914124],[ 0.51795366 -4.06416639],[ 0.63798391 18.2755681 ],[ 0.14818847 -0.05217959]
4802,4.801999999999938,[ 1.17728824 -1.09318713],[ 0.51859165 -4.04589082],[ 0.63433211 18.17537957],[ 0.14801725 -0.05243068]
4803,4.802999999999939,[ 1.17780747 -1.09721485],[ 0.51922598 -4.02771544],[ 0.63070079 18.07531884],[ 0.14784587 -0.05268006]
4804,4.803999999999939,[ 1.17832732 -1.10122449],[ 0.51985668 -4.00964012],[ 0.62709023 17.97540903],[ 0.14767433 -0.05292772]
4805,4.804999999999939,[ 1.17884781 -1.10521615],[ 0.52048377 -3.99166471],[ 0.62350071 17.87567217],[ 0.14750264 -0.05317364]
4806,4.80599999999994,[ 1.17936891 -1.10918994],[ 0.52110727 -3.97378904],[ 0.61993247 17.77612924],[ 0.1473308  -0.05341781]
4807,4.80699999999994,[ 1.17989064 -1.11314595],[ 0.5217272  -3.95601291],[ 0.61638574 17.67680019],[ 0.14715879 -0.05366023]
4808,4.80799999999994,[ 1.18041299 -1.11708429],[ 0.52234359 -3.93833611],[ 0.61286073 17.577704  ],[ 0.14698663 -0.05390088]
4809,4.808999999999941,[ 1.18093594 -1.12100505],[ 0.52295645 -3.92075841],[ 0.60935762 17.47885871],[ 0.14681432 -0.05413975]
4810,4.809999999999941,[ 1.18145951 -1.12490833],[ 0.52356581 -3.90327955],[ 0.6058766  17.38028146],[ 0.14664184 -0.05437684]
4811,4.810999999999941,[ 1.18198368 -1.12879423],[ 0.52417168 -3.88589927],[ 0.60241782 17.28198855],[ 0.14646921 -0.05461214]
4812,4.811999999999942,[ 1.18250845 -1.13266284],[ 0.5247741  -3.86861728],[ 0.5989814  17.18399542],[ 0.14629641 -0.05484564]
4813,4.812999999999942,[ 1.18303383 -1.13651428],[ 0.52537308 -3.85143328],[ 0.59556749 17.08631674],[ 0.14612346 -0.05507735]
4814,4.813999999999942,[ 1.1835598  -1.14034863],[ 0.52596865 -3.83434697],[ 0.59217618 16.98896641],[ 0.14595034 -0.05530725]
4815,4.814999999999943,[ 1.18408636 -1.14416598],[ 0.52656083 -3.817358  ],[ 0.58880757 16.89195759],[ 0.14577706 -0.05553535]
4816,4.815999999999943,[ 1.18461351 -1.14796645],[ 0.52714963 -3.80046604],[ 0.58546174 16.79530276],[ 0.14560362 -0.05576163]
4817,4.816999999999943,[ 1.18514124 -1.15175012],[ 0.5277351  -3.78367074],[ 0.58213876 16.6990137 ],[ 0.14543001 -0.05598611]
4818,4.817999999999944,[ 1.18566956 -1.15551709],[ 0.52831724 -3.76697173],[ 0.57883869 16.60310157],[ 0.14525624 -0.05620877]
4819,4.818999999999944,[ 1.18619845 -1.15926746],[ 0.52889607 -3.75036862],[ 0.57556155 16.50757689],[ 0.14508231 -0.05642962]
4820,4.819999999999944,[ 1.18672793 -1.16300132],[ 0.52947164 -3.73386105],[ 0.5723074  16.41244959],[ 0.1449082  -0.05664866]
4821,4.820999999999945,[ 1.18725797 -1.16671877],[ 0.53004394 -3.7174486 ],[ 0.56907624 16.31772904],[ 0.14473393 -0.05686589]
4822,4.821999999999945,[ 1.18778858 -1.1704199 ],[ 0.53061302 -3.70113087],[ 0.56586809 16.22342405],[ 0.1445595 -0.0570813]
4823,4.822999999999945,[ 1.18831976 -1.17410481],[ 0.53117889 -3.68490744],[ 0.56268295 16.12954292],[ 0.14438489 -0.05729491]
4824,4.823999999999946,[ 1.1888515  -1.17777359],[ 0.53174157 -3.6687779 ],[ 0.55952082 16.03609343],[ 0.14421011 -0.05750672]
4825,4.824999999999946,[ 1.1893838  -1.18142633],[ 0.53230109 -3.65274181],[ 0.55638167 15.9430829 ],[ 0.14403517 -0.05771671]
4826,4.825999999999946,[ 1.18991666 -1.18506313],[ 0.53285747 -3.63679872],[ 0.55326547 15.85051816],[ 0.14386005 -0.05792491]
4827,4.826999999999947,[ 1.19045007 -1.18868407],[ 0.53341074 -3.62094821],[ 0.55017221 15.75840562],[ 0.14368476 -0.05813131]
4828,4.827999999999947,[ 1.19098403 -1.19228926],[ 0.53396091 -3.6051898 ],[ 0.54710182 15.66675126],[ 0.1435093  -0.05833592]
4829,4.828999999999947,[ 1.19151854 -1.19587879],[ 0.53450801 -3.58952305],[ 0.54405428 15.57556064],[ 0.14333366 -0.05853875]
4830,4.829999999999948,[ 1.19205359 -1.19945274],[ 0.53505207 -3.57394749],[ 0.54102951 15.48483894],[ 0.14315785 -0.05873979]
4831,4.830999999999948,[ 1.19258919 -1.2030112 ],[ 0.5355931  -3.55846265],[ 0.53802746 15.39459097],[ 0.14298187 -0.05893905]
4832,4.831999999999948,[ 1.19312532 -1.20655427],[ 0.53613112 -3.54306806],[ 0.53504806 15.30482118],[ 0.14280571 -0.05913653]
4833,4.832999999999949,[ 1.19366198 -1.21008203],[ 0.53666617 -3.52776324],[ 0.53209124 15.21553366],[ 0.14262937 -0.05933226]
4834,4.833999999999949,[ 1.19419918 -1.21359458],[ 0.53719826 -3.5125477 ],[ 0.52915692 15.12673219],[ 0.14245285 -0.05952622]
4835,4.834999999999949,[ 1.19473691 -1.217092  ],[ 0.53772742 -3.49742097],[ 0.526245   15.03842023],[ 0.14227616 -0.05971843]
4836,4.83599999999995,[ 1.19527516 -1.22057438],[ 0.53825366 -3.48238255],[ 0.52335541 14.95060094],[ 0.14209928 -0.05990889]
4837,4.83699999999995,[ 1.19581394 -1.22404181],[ 0.53877702 -3.46743195],[ 0.52048804 14.86327719],[ 0.14192223 -0.06009761]
4838,4.83799999999995,[ 1.19635324 -1.22749438],[ 0.53929751 -3.45256867],[ 0.5176428  14.77645156],[ 0.14174499 -0.06028459]
4839,4.838999999999951,[ 1.19689305 -1.23093217],[ 0.53981515 -3.43779222],[ 0.51481958 14.69012639],[ 0.14156758 -0.06046986]
4840,4.839999999999951,[ 1.19743338 -1.23435528],[ 0.54032997 -3.4231021 ],[ 0.51201828 14.60430374],[ 0.14138998 -0.0606534 ]
4841,4.840999999999951,[ 1.19797423 -1.23776377],[ 0.54084199 -3.40849779],[ 0.50923878 14.51898546],[ 0.1412122  -0.06083523]
4842,4.841999999999952,[ 1.19851558 -1.24115775],[ 0.54135123 -3.39397881],[ 0.50648097 14.43417313],[ 0.14103423 -0.06101537]
4843,4.842999999999952,[ 1.19905743 -1.2445373 ],[ 0.54185771 -3.37954463],[ 0.50374474 14.34986813],[ 0.14085608 -0.0611938 ]
4844,4.843999999999952,[ 1.1995998  -1.24790249],[ 0.54236145 -3.36519477],[ 0.50102995 14.26607164],[ 0.14067774 -0.06137056]
4845,4.844999999999953,[ 1.20014266 -1.25125342],[ 0.54286248 -3.35092869],[ 0.4983365  14.18278461],[ 0.14049922 -0.06154563]
4846,4.845999999999953,[ 1.20068602 -1.25459017],[ 0.54336082 -3.33674591],[ 0.49566424 14.10000781],[ 0.14032051 -0.06171904]
4847,4.846999999999953,[ 1.20122988 -1.25791281],[ 0.54385648 -3.3226459 ],[ 0.49301305 14.01774183],[ 0.14014161 -0.06189079]
4848,4.847999999999954,[ 1.20177422 -1.26122144],[ 0.5443495  -3.30862816],[ 0.4903828  13.93598706],[ 0.13996252 -0.06206089]
4849,4.848999999999954,[ 1.20231906 -1.26451613],[ 0.54483988 -3.29469217],[ 0.48777336 13.85474375],[ 0.13978324 -0.06222934]
4850,4.849999999999954,[ 1.20286439 -1.26779697],[ 0.54532765 -3.28083743],[ 0.48518458 13.77401197],[ 0.13960378 -0.06239617]
4851,4.850999999999955,[ 1.20341021 -1.27106403],[ 0.54581284 -3.26706342],[ 0.48261633 13.69379164],[ 0.13942412 -0.06256137]
4852,4.851999999999955,[ 1.2039565 -1.2743174],[ 0.54629545 -3.25336963],[ 0.48006848 13.61408253],[ 0.13924427 -0.06272496]
4853,4.852999999999955,[ 1.20450328 -1.27755716],[ 0.54677552 -3.23975554],[ 0.47754087 13.53488428],[ 0.13906423 -0.06288694]
4854,4.853999999999956,[ 1.20505053 -1.28078338],[ 0.54725306 -3.22622066],[ 0.47503337 13.45619638],[ 0.13888399 -0.06304733]
4855,4.854999999999956,[ 1.20559826 -1.28399614],[ 0.5477281  -3.21276446],[ 0.47254583 13.37801821],[ 0.13870356 -0.06320614]
4856,4.855999999999956,[ 1.20614646 -1.28719553],[ 0.54820064 -3.19938644],[ 0.47007811 13.30034902],[ 0.13852294 -0.06336337]
4857,4.856999999999957,[ 1.20669513 -1.29038162],[ 0.54867072 -3.18608609],[ 0.46763006 13.22318793],[ 0.13834212 -0.06351904]
4858,4.857999999999957,[ 1.20724427 -1.29355448],[ 0.54913835 -3.17286291],[ 0.46520153 13.14653397],[ 0.1381611  -0.06367315]
4859,4.858999999999957,[ 1.20779387 -1.29671419],[ 0.54960355 -3.15971637],[ 0.46279237 13.07038606],[ 0.13797989 -0.06382572]
4860,4.859999999999958,[ 1.20834394 -1.29986084],[ 0.55006634 -3.14664599],[ 0.46040244 12.99474302],[ 0.13779848 -0.06397675]
4861,4.860999999999958,[ 1.20889446 -1.30299449],[ 0.55052675 -3.13365124],[ 0.45803157 12.91960356],[ 0.13761687 -0.06412626]
4862,4.861999999999958,[ 1.20944545 -1.30611522],[ 0.55098478 -3.12073164],[ 0.45567964 12.84496632],[ 0.13743506 -0.06427425]
4863,4.862999999999959,[ 1.20999689 -1.30922311],[ 0.55144046 -3.10788667],[ 0.45334647 12.77082984],[ 0.13725306 -0.06442074]
4864,4.863999999999959,[ 1.21054878 -1.31231823],[ 0.5518938  -3.09511584],[ 0.45103192 12.69719259],[ 0.13707085 -0.06456573]
4865,4.864999999999959,[ 1.21110113 -1.31540065],[ 0.55234484 -3.08241865],[ 0.44873584 12.62405295],[ 0.13688844 -0.06470924]
4866,4.86599999999996,[ 1.21165392 -1.31847044],[ 0.55279357 -3.0697946 ],[ 0.44645807 12.55140923],[ 0.13670583 -0.06485127]
4867,4.86699999999996,[ 1.21220716 -1.32152768],[ 0.55324003 -3.05724319],[ 0.44419847 12.47925968],[ 0.13652302 -0.06499184]
4868,4.86799999999996,[ 1.21276085 -1.32457245],[ 0.55368423 -3.04476393],[ 0.44195687 12.40760247],[ 0.13634001 -0.06513096]
4869,4.868999999999961,[ 1.21331497 -1.3276048 ],[ 0.55412619 -3.03235633],[ 0.43973313 12.33643572],[ 0.13615679 -0.06526863]
4870,4.869999999999961,[ 1.21386954 -1.33062482],[ 0.55456592 -3.02001989],[ 0.4375271  12.26575748],[ 0.13597336 -0.06540486]
4871,4.870999999999961,[ 1.21442454 -1.33363258],[ 0.55500345 -3.00775413],[ 0.43533861 12.19556575],[ 0.13578974 -0.06553968]
4872,4.871999999999962,[ 1.21497998 -1.33662814],[ 0.55543878 -2.99555857],[ 0.43316752 12.12585848],[ 0.1356059  -0.06567308]
4873,4.872999999999962,[ 1.21553585 -1.33961157],[ 0.55587195 -2.98343271],[ 0.43101368 12.05663355],[ 0.13542187 -0.06580507]
4874,4.873999999999962,[ 1.21609215 -1.34258294],[ 0.55630297 -2.97137608],[ 0.42887692 11.98788883],[ 0.13523762 -0.06593568]
4875,4.874999999999963,[ 1.21664889 -1.34554233],[ 0.55673184 -2.95938819],[ 0.42675711 11.91962212],[ 0.13505317 -0.0660649 ]
4876,4.875999999999963,[ 1.21720604 -1.3484898 ],[ 0.5571586  -2.94746857],[ 0.42465409 11.85183117],[ 0.13486851 -0.06619275]
4877,4.876999999999963,[ 1.21776363 -1.35142542],[ 0.55758325 -2.93561673],[ 0.4225677  11.78451372],[ 0.13468364 -0.06631923]
4878,4.877999999999964,[ 1.21832163 -1.35434925],[ 0.55800582 -2.92383222],[ 0.42049779 11.71766746],[ 0.13449856 -0.06644437]
4879,4.878999999999964,[ 1.21888006 -1.35726136],[ 0.55842632 -2.91211455],[ 0.41844423 11.65129003],[ 0.13431327 -0.06656816]
4880,4.879999999999964,[ 1.21943891 -1.36016183],[ 0.55884476 -2.90046326],[ 0.41640684 11.58537905],[ 0.13412777 -0.06669061]
4881,4.880999999999965,[ 1.21999817 -1.36305071],[ 0.55926117 -2.88887788],[ 0.41438549 11.51993213],[ 0.13394206 -0.06681175]
4882,4.881999999999965,[ 1.22055784 -1.36592806],[ 0.55967556 -2.87735795],[ 0.41238002 11.45494683],[ 0.13375614 -0.06693157]
4883,4.882999999999965,[ 1.22111793 -1.36879397],[ 0.56008794 -2.865903  ],[ 0.41039029 11.39042067],[ 0.13357001 -0.0670501 ]
4884,4.883999999999966,[ 1.22167843 -1.37164848],[ 0.56049833 -2.85451258],[ 0.40841615 11.32635119],[ 0.13338367 -0.06716733]
4885,4.884999999999966,[ 1.22223933 -1.37449167],[ 0.56090674 -2.84318623],[ 0.40645745 11.26273587],[ 0.13319711 -0.06728327]
4886,4.885999999999966,[ 1.22280065 -1.37732359],[ 0.5613132 -2.8319235],[ 0.40451405 11.19957218],[ 0.13301034 -0.06739795]
4887,4.886999999999967,[ 1.22336237 -1.38014431],[ 0.56171771 -2.82072392],[ 0.40258579 11.13685757],[ 0.13282335 -0.06751136]
4888,4.887999999999967,[ 1.22392449 -1.3829539 ],[ 0.5621203  -2.80958707],[ 0.40067253 11.0745895 ],[ 0.13263615 -0.06762352]
4889,4.888999999999967,[ 1.22448701 -1.38575241],[ 0.56252097 -2.79851248],[ 0.39877414 11.01276537],[ 0.13244873 -0.06773443]
4890,4.889999999999968,[ 1.22504993 -1.38853991],[ 0.56291975 -2.78749971],[ 0.39689045 10.95138259],[ 0.1322611  -0.06784412]
4891,4.890999999999968,[ 1.22561324 -1.39131646],[ 0.56331664 -2.77654833],[ 0.39502134 10.89043855],[ 0.13207326 -0.06795258]
4892,4.891999999999968,[ 1.22617696 -1.39408212],[ 0.56371166 -2.76565789],[ 0.39316666 10.82993065],[ 0.13188519 -0.06805982]
4893,4.892999999999969,[ 1.22674106 -1.39683695],[ 0.56410483 -2.75482796],[ 0.39132627 10.76985626],[ 0.13169691 -0.06816586]
4894,4.893999999999969,[ 1.22730556 -1.399581  ],[ 0.56449615 -2.7440581 ],[ 0.38950002 10.71021273],[ 0.13150841 -0.06827071]
4895,4.894999999999969,[ 1.22787044 -1.40231435],[ 0.56488565 -2.73334789],[ 0.38768778 10.65099742],[ 0.13131969 -0.06837437]
4896,4.89599999999997,[ 1.22843572 -1.40503705],[ 0.56527334 -2.72269689],[ 0.38588941 10.5922077 ],[ 0.13113076 -0.06847685]
4897,4.89699999999997,[ 1.22900137 -1.40774915],[ 0.56565923 -2.71210469],[ 0.38410477 10.53384089],[ 0.1309416  -0.06857817]
4898,4.89799999999997,[ 1.22956742 -1.41045072],[ 0.56604333 -2.70157085],[ 0.38233372 10.47589435],[ 0.13075223 -0.06867834]
4899,4.898999999999971,[ 1.23013384 -1.41314182],[ 0.56642567 -2.69109495],[ 0.38057613 10.41836541],[ 0.13056263 -0.06877735]
4900,4.899999999999971,[ 1.23070065 -1.4158225 ],[ 0.56680624 -2.68067659],[ 0.37883187 10.3612514 ],[ 0.13037282 -0.06887523]
4901,4.900999999999971,[ 1.23126783 -1.41849281],[ 0.56718508 -2.67031533],[ 0.37710079 10.30454966],[ 0.13018278 -0.06897197]
4902,4.901999999999972,[ 1.2318354  -1.42115282],[ 0.56756218 -2.66001078],[ 0.37538276 10.24825752],[ 0.12999252 -0.0690676 ]
4903,4.902999999999972,[ 1.23240333 -1.42380259],[ 0.56793756 -2.64976253],[ 0.37367766 10.19237232],[ 0.12980204 -0.06916212]
4904,4.903999999999972,[ 1.23297165 -1.42644216],[ 0.56831124 -2.63957015],[ 0.37198535 10.13689138],[ 0.12961134 -0.06925553]
4905,4.904999999999973,[ 1.23354033 -1.42907159],[ 0.56868322 -2.62943326],[ 0.3703057  10.08181206],[ 0.12942042 -0.06934785]
4906,4.905999999999973,[ 1.23410938 -1.43169094],[ 0.56905353 -2.61935145],[ 0.36863858 10.02713167],[ 0.12922927 -0.06943909]
4907,4.906999999999973,[ 1.2346788  -1.43430026],[ 0.56942217 -2.60932432],[0.36698387 9.97284757],[ 0.1290379  -0.06952926]
4908,4.907999999999974,[ 1.23524859 -1.43689962],[ 0.56978915 -2.59935147],[0.36534143 9.9189571 ],[ 0.1288463  -0.06961835]
4909,4.908999999999974,[ 1.23581875 -1.43948905],[ 0.57015449 -2.58943252],[0.36371113 9.86545762],[ 0.12865448 -0.0697064 ]
4910,4.909999999999974,[ 1.23638927 -1.44206862],[ 0.5705182  -2.57956706],[0.36209286 9.81234646],[ 0.12846243 -0.06979339]
4911,4.910999999999975,[ 1.23696015 -1.44463837],[ 0.5708803  -2.56975471],[0.36048649 9.75962101],[ 0.12827016 -0.06987934]
4912,4.911999999999975,[ 1.23753139 -1.44719837],[ 0.57124078 -2.55999509],[0.3588919  9.70727862],[ 0.12807767 -0.06996426]
4913,4.912999999999975,[ 1.23810299 -1.44974865],[ 0.57159967 -2.55028781],[0.35730895 9.65531666],[ 0.12788495 -0.07004816]
4914,4.913999999999976,[ 1.23867494 -1.45228929],[ 0.57195698 -2.54063249],[0.35573754 9.60373252],[ 0.127692   -0.07013105]
4915,4.914999999999976,[ 1.23924726 -1.45482031],[ 0.57231272 -2.53102876],[0.35417753 9.55252358],[ 0.12749882 -0.07021293]
4916,4.915999999999976,[ 1.23981992 -1.45734179],[ 0.5726669  -2.52147624],[0.35262882 9.50168725],[ 0.12730542 -0.07029381]
4917,4.916999999999977,[ 1.24039294 -1.45985376],[ 0.57301953 -2.51197455],[0.35109128 9.45122092],[ 0.12711179 -0.07037371]
4918,4.917999999999977,[ 1.24096631 -1.46235629],[ 0.57337062 -2.50252333],[0.34956479 9.401122  ],[ 0.12691793 -0.07045262]
4919,4.918999999999977,[ 1.24154003 -1.46484941],[ 0.57372018 -2.49312221],[0.34804925 9.35138793],[ 0.12672385 -0.07053057]
4920,4.919999999999978,[ 1.2421141  -1.46733318],[ 0.57406823 -2.48377082],[0.34654452 9.30201614],[ 0.12652953 -0.07060755]
4921,4.920999999999978,[ 1.24268852 -1.46980765],[ 0.57441478 -2.4744688 ],[0.34505051 9.25300406],[ 0.12633499 -0.07068357]
4922,4.921999999999978,[ 1.24326328 -1.47227287],[ 0.57475983 -2.4652158 ],[0.34356708 9.20434914],[ 0.12614022 -0.07075865]
4923,4.922999999999979,[ 1.24383838 -1.47472888],[ 0.57510339 -2.45601145],[0.34209414 9.15604886],[ 0.12594522 -0.07083278]
4924,4.923999999999979,[ 1.24441383 -1.47717573],[ 0.57544549 -2.4468554 ],[0.34063157 9.10810068],[ 0.12574998 -0.07090599]
4925,4.924999999999979,[ 1.24498961 -1.47961348],[ 0.57578612 -2.4377473 ],[0.33917926 9.06050209],[ 0.12555452 -0.07097827]
4926,4.92599999999998,[ 1.24556574 -1.48204217],[ 0.5761253 -2.4286868],[0.33773711 9.01325059],[ 0.12535883 -0.07104964]
4927,4.92699999999998,[ 1.2461422  -1.48446184],[ 0.57646304 -2.41967355],[0.33630499 8.96634369],[ 0.12516291 -0.0711201 ]
4928,4.92799999999998,[ 1.246719   -1.48687255],[ 0.57679934 -2.41070721],[0.33488281 8.91977889],[ 0.12496675 -0.07118966]
4929,4.928999999999981,[ 1.24729613 -1.48927434],[ 0.57713422 -2.40178743],[0.33347045 8.87355374],[ 0.12477036 -0.07125832]
4930,4.929999999999981,[ 1.2478736  -1.49166725],[ 0.57746769 -2.39291387],[0.33206782 8.82766579],[ 0.12457375 -0.07132611]
4931,4.930999999999981,[ 1.2484514  -1.49405134],[ 0.57779976 -2.38408621],[0.33067481 8.78211258],[ 0.12437689 -0.07139301]
4932,4.931999999999982,[ 1.24902953 -1.49642664],[ 0.57813044 -2.37530409],[0.32929131 8.73689168],[ 0.12417981 -0.07145905]
4933,4.932999999999982,[ 1.24960799 -1.49879321],[ 0.57845973 -2.3665672 ],[0.32791722 8.69200069],[ 0.1239825  -0.07152422]
4934,4.933999999999982,[ 1.25018678 -1.50115108],[ 0.57878765 -2.3578752 ],[0.32655244 8.64743718],[ 0.12378495 -0.07158854]
4935,4.934999999999983,[ 1.25076589 -1.50350031],[ 0.5791142  -2.34922776],[0.32519687 8.60319878],[ 0.12358717 -0.07165201]
4936,4.935999999999983,[ 1.25134533 -1.50584093],[ 0.57943939 -2.34062457],[0.32385041 8.5592831 ],[ 0.12338915 -0.07171464]
4937,4.936999999999983,[ 1.2519251 -1.508173 ],[ 0.57976325 -2.33206528],[0.32251297 8.51568778],[ 0.1231909  -0.07177644]
4938,4.937999999999984,[ 1.25250518 -1.51049655],[ 0.58008576 -2.3235496 ],[0.32118443 8.47241046],[ 0.12299242 -0.07183742]
4939,4.938999999999984,[ 1.25308559 -1.51281163],[ 0.58040694 -2.31507718],[0.31986471 8.42944881],[ 0.1227937  -0.07189757]
4940,4.939999999999984,[ 1.25366632 -1.51511827],[ 0.58072681 -2.30664774],[0.31855371 8.3868005 ],[ 0.12259475 -0.07195692]
4941,4.940999999999985,[ 1.25424736 -1.51741653],[ 0.58104536 -2.29826094],[0.31725133 8.34446322],[ 0.12239556 -0.07201546]
4942,4.941999999999985,[ 1.25482872 -1.51970645],[ 0.58136261 -2.28991647],[0.31595749 8.30243467],[ 0.12219614 -0.0720732 ]
4943,4.942999999999985,[ 1.2554104  -1.52198807],[ 0.58167857 -2.28161404],[0.31467208 8.26071258],[ 0.12199648 -0.07213016]
4944,4.943999999999986,[ 1.2559924  -1.52426142],[ 0.58199324 -2.27335332],[0.31339502 8.21929466],[ 0.12179659 -0.07218633]
4945,4.944999999999986,[ 1.2565747  -1.52652655],[ 0.58230664 -2.26513403],[0.31212621 8.17817867],[ 0.12159646 -0.07224172]
4946,4.945999999999986,[ 1.25715732 -1.52878351],[ 0.58261876 -2.25695585],[0.31086556 8.13736237],[ 0.12139609 -0.07229635]
4947,4.946999999999987,[ 1.25774025 -1.53103233],[ 0.58292963 -2.24881849],[0.30961299 8.09684352],[ 0.12119549 -0.07235021]
4948,4.947999999999987,[ 1.25832349 -1.53327305],[ 0.58323924 -2.24072165],[0.3083684  8.05661992],[ 0.12099465 -0.07240331]
4949,4.948999999999987,[ 1.25890704 -1.53550571],[ 0.58354761 -2.23266503],[0.30713171 8.01668936],[ 0.12079358 -0.07245567]
4950,4.949999999999988,[ 1.25949089 -1.53773036],[ 0.58385474 -2.22464834],[0.30590283 7.97704966],[ 0.12059227 -0.07250728]
4951,4.950999999999988,[ 1.26007505 -1.53994703],[ 0.58416064 -2.21667129],[0.30468168 7.93769866],[ 0.12039072 -0.07255816]
4952,4.951999999999988,[ 1.26065952 -1.54215577],[ 0.58446533 -2.20873359],[0.30346816 7.89863418],[ 0.12018893 -0.07260831]
4953,4.952999999999989,[ 1.26124429 -1.5443566 ],[ 0.58476879 -2.20083495],[0.3022622 7.8598541],[ 0.11998691 -0.07265773]
4954,4.953999999999989,[ 1.26182936 -1.54654958],[ 0.58507106 -2.1929751 ],[0.3010637  7.82135629],[ 0.11978464 -0.07270644]
4955,4.954999999999989,[ 1.26241473 -1.54873473],[ 0.58537212 -2.18515374],[0.2998726  7.78313862],[ 0.11958214 -0.07275444]
4956,4.95599999999999,[ 1.2630004 -1.5509121],[ 0.58567199 -2.1773706 ],[0.2986888 7.745199 ],[ 0.11937941 -0.07280173]
4957,4.95699999999999,[ 1.26358637 -1.55308173],[ 0.58597068 -2.16962541],[0.29751223 7.70753536],[ 0.11917643 -0.07284832]
4958,4.95799999999999,[ 1.26417264 -1.55524364],[ 0.58626819 -2.16191787],[0.2963428 7.6701456],[ 0.11897321 -0.07289422]
4959,4.958999999999991,[ 1.26475921 -1.55739789],[ 0.58656454 -2.15424772],[0.29518044 7.63302769],[ 0.11876976 -0.07293944]
4960,4.959999999999991,[ 1.26534606 -1.55954451],[ 0.58685972 -2.1466147 ],[0.29402507 7.59617957],[ 0.11856607 -0.07298398]
4961,4.960999999999991,[ 1.26593322 -1.56168353],[ 0.58715374 -2.13901852],[0.2928766  7.55959923],[ 0.11836213 -0.07302784]
4962,4.961999999999992,[ 1.26652067 -1.56381498],[ 0.58744662 -2.13145892],[0.29173497 7.52328463],[ 0.11815796 -0.07307104]
4963,4.962999999999992,[ 1.2671084  -1.56593892],[ 0.58773835 -2.12393563],[0.2906001 7.4872338],[ 0.11795355 -0.07311357]
4964,4.963999999999992,[ 1.26769643 -1.56805537],[ 0.58802895 -2.1164484 ],[0.2894719  7.45144473],[ 0.1177489  -0.07315545]
4965,4.964999999999993,[ 1.26828475 -1.57016437],[ 0.58831843 -2.10899696],[0.28835031 7.41591545],[ 0.11754401 -0.07319667]
4966,4.965999999999993,[ 1.26887336 -1.57226595],[ 0.58860678 -2.10158104],[0.28723526 7.38064402],[ 0.11733888 -0.07323726]
4967,4.966999999999993,[ 1.26946225 -1.57436015],[ 0.58889401 -2.0942004 ],[0.28612666 7.34562848],[ 0.11713351 -0.0732772 ]
4968,4.967999999999994,[ 1.27005143 -1.576447  ],[ 0.58918014 -2.08685477],[0.28502446 7.31086691],[ 0.1169279  -0.07331652]
4969,4.968999999999994,[ 1.2706409  -1.57852655],[ 0.58946516 -2.0795439 ],[0.28392857 7.27635739],[ 0.11672205 -0.0733552 ]
4970,4.969999999999994,[ 1.27123065 -1.58059881],[ 0.58974909 -2.07226754],[0.28283892 7.24209802],[ 0.11651595 -0.07339327]
4971,4.970999999999995,[ 1.27182068 -1.58266384],[ 0.59003193 -2.06502544],[0.28175545 7.2080869 ],[ 0.11630962 -0.07343072]
4972,4.971999999999995,[ 1.27241099 -1.58472166],[ 0.59031369 -2.05781736],[0.28067808 7.17432217],[ 0.11610305 -0.07346755]
4973,4.972999999999995,[ 1.27300159 -1.5867723 ],[ 0.59059436 -2.05064304],[0.27960675 7.14080197],[ 0.11589623 -0.07350379]
4974,4.973999999999996,[ 1.27359246 -1.5888158 ],[ 0.59087397 -2.04350223],[0.2785414  7.10752444],[ 0.11568918 -0.07353942]
4975,4.974999999999996,[ 1.27418361 -1.5908522 ],[ 0.59115251 -2.03639471],[0.27748194 7.07448775],[ 0.11548188 -0.07357446]
4976,4.975999999999996,[ 1.27477504 -1.59288152],[ 0.59142999 -2.02932022],[0.27642832 7.04169009],[ 0.11527434 -0.07360892]
4977,4.976999999999997,[ 1.27536675 -1.59490379],[ 0.59170642 -2.02227853],[0.27538047 7.00912965],[ 0.11506656 -0.07364278]
4978,4.977999999999997,[ 1.27595873 -1.59691906],[ 0.5919818 -2.0152694],[0.27433832 6.97680462],[ 0.11485854 -0.07367608]
4979,4.978999999999997,[ 1.27655099 -1.59892736],[ 0.59225614 -2.0082926 ],[0.27330182 6.94471324],[ 0.11465027 -0.07370879]
4980,4.979999999999998,[ 1.27714352 -1.6009287 ],[ 0.59252944 -2.00134788],[0.27227089 6.91285374],[ 0.11444177 -0.07374095]
4981,4.980999999999998,[ 1.27773632 -1.60292314],[ 0.59280171 -1.99443503],[0.27124548 6.88122436],[ 0.11423302 -0.07377253]
4982,4.981999999999998,[ 1.27832939 -1.60491069],[ 0.59307296 -1.98755381],[0.27022552 6.84982336],[ 0.11402403 -0.07380357]
4983,4.982999999999999,[ 1.27892273 -1.6068914 ],[ 0.59334318 -1.98070398],[0.26921095 6.81864902],[ 0.1138148  -0.07383405]
4984,4.983999999999999,[ 1.27951635 -1.60886528],[ 0.5936124  -1.97388533],[0.2682017  6.78769962],[ 0.11360532 -0.07386398]
4985,4.984999999999999,[ 1.28011023 -1.61083238],[ 0.5938806  -1.96709763],[0.26719773 6.75697345],[ 0.1133956  -0.07389337]
4986,4.986,[ 1.28070438 -1.61279272],[ 0.59414779 -1.96034066],[0.26619897 6.72646884],[ 0.11318564 -0.07392222]
4987,4.987,[ 1.28129879 -1.61474634],[ 0.59441399 -1.95361419],[0.26520535 6.69618411],[ 0.11297544 -0.07395054]
4988,4.988,[ 1.28189347 -1.61669325],[ 0.5946792  -1.94691801],[0.26421683 6.66611759],[ 0.112765   -0.07397834]
4989,4.989000000000001,[ 1.28248841 -1.6186335 ],[ 0.59494342 -1.94025189],[0.26323334 6.63626763],[ 0.11255431 -0.07400561]
4990,4.990000000000001,[ 1.28308362 -1.62056712],[ 0.59520665 -1.93361562],[0.26225483 6.6066326 ],[ 0.11234338 -0.07403236]
4991,4.991000000000001,[ 1.28367909 -1.62249413],[ 0.5954689  -1.92700899],[0.26128124 6.57721087],[ 0.1121322 -0.0740586]
4992,4.992000000000002,[ 1.28427482 -1.62441456],[ 0.59573019 -1.92043178],[0.26031251 6.54800083],[ 0.11192079 -0.07408433]
4993,4.993000000000002,[ 1.28487081 -1.62632845],[ 0.5959905  -1.91388378],[0.25934859 6.51900087],[ 0.11170913 -0.07410956]
4994,4.994000000000002,[ 1.28546706 -1.62823581],[ 0.59624985 -1.90736478],[0.25838942 6.49020941],[ 0.11149722 -0.07413429]
4995,4.995000000000003,[ 1.28606357 -1.63013668],[ 0.59650824 -1.90087457],[0.25743496 6.46162488],[ 0.11128507 -0.07415853]
4996,4.996000000000003,[ 1.28666033 -1.6320311 ],[ 0.59676567 -1.89441294],[0.25648514 6.4332457 ],[ 0.11107268 -0.07418227]
4997,4.997000000000003,[ 1.28725735 -1.63391908],[ 0.59702216 -1.8879797 ],[0.25553991 6.40507034],[ 0.11086005 -0.07420553]
4998,4.998000000000004,[ 1.28785463 -1.63580065],[ 0.5972777  -1.88157463],[0.25459922 6.37709724],[ 0.11064717 -0.07422831]
4999,4.999000000000004,[ 1.28845216 -1.63767585],[ 0.5975323  -1.87519753],[0.25366303 6.34932489],[ 0.11043405 -0.07425062]
